0, 0, 1446, [0.06614873051546521, 0.9915868053228287, 0.7399002508747171, 0.24227122795627598, 0.5948519736986293, 0.6005233547652482, 0.9746010521680142, 0.01885342676305357, 0.832002318118895, 0.5721142664083229, 0.018391858942998995, 0.25809738983782926, 0.37778879453825864, 0.1200010930646419, 0.5892349563769457, 0.7811467772751577, 0.6126010376398442, 0.7570386544515546, 0.9944828108690468, 0.9993066551554906, 0.5460949590308677, 0.11243766001848876, 0.3629306422164089, 0.7123542873062161, 0.2230447004269296, 0.4865014918444045, 0.5891988786388324, 0.6356666360135984, 0.8731089879506759, 0.29522074046246927, 0.08573199666654074, 0.3189970305865507, 0.6758957621617444, 0.3277459929892983, 0.38790696323376916, 0.7218930681099369, 0.8852772264771903, 0.7633562503504411, 0.9808591776675858, 0.4151851527640251, 0.08786092809462576, 0.9813215554318043, 0.863330180172235, 0.6824968950260938, 0.1714513255283715, 0.28954727853160833, 0.4502829237356025, 0.5354781089097421, 0.489222517637077, 0.23330634427999464, 0.44195031816290453, 0.18637464239367918, 0.26604507668001265, 0.5707978823016169, 0.8563272124560601, 0.22931441290944032], BATTLES: 157-163-164-161-171-166-149-154-161-
0, 1, 1392, [0.39228354913855057, 0.2934605534566125, 0.631411153946371, 0.5334201151984834, 0.5635596812693204, 0.7750960074288624, 0.6786112776917008, 0.09458535303885462, 0.6630773063214004, 0.379298458630129, 0.7264832218458106, 0.3054481679936547, 0.9669085897168108, 0.7266806211768744, 0.07039058673814813, 0.43969850349462203, 0.7320629028022552, 0.4183181474752713, 0.5304924562491786, 0.6759182625266219, 0.08680862459293126, 0.7060191058764288, 0.6113414019758105, 0.23819498714167597, 0.9062808660497279, 0.676950202487808, 0.7040247525571997, 0.3613023299817304, 0.1471229918814343, 0.9495453179688841, 0.35183636266895546, 0.05266781634718953, 0.46972222174373335, 0.9790050354803931, 0.27428481319453524, 0.2372385598831661, 0.46733953655230287, 0.54677365543661, 0.8144380034738593, 0.03354424528874245, 0.4079098414940642, 0.427458871270738, 0.49111311128582225, 0.9693876813912655, 0.8560931985209075, 0.5652749930634802, 0.7337094593488783, 0.8955557989431999, 0.6020420267831589, 0.8332639024348205, 0.8202443468300554, 0.18885667380055438, 0.17111259031553983, 0.3786963012198271, 0.6224539281471606, 0.8819450767308444], BATTLES: 164-157-158-153-149-155-153-147-156-
0, 2, 1325, [0.6152780878756562, 0.1531083675992575, 0.5673230479236265, 0.978057451009445, 0.6691873593657898, 0.8401059073308949, 0.6631055626020372, 0.27536577904624215, 0.941502855538583, 0.26064132314078314, 0.18639065734170923, 0.27812854042625046, 0.694510578415159, 0.8046195893704485, 0.8312389925542936, 0.46213772673207454, 0.7391114278668963, 0.3204205159708349, 0.9898148648158557, 0.2936092506293919, 0.2029672213628413, 0.6171986787350062, 0.6478635441790708, 0.9276157570750958, 0.7493777140011786, 0.5820942335465169, 0.4679100416391595, 0.461006715388638, 0.9853779880671306, 0.5368101864471964, 0.42218265898388707, 0.7779270885332715, 0.17042491785529668, 0.002019527318472103, 0.12384715907030708, 0.4732658929378747, 0.19242339690446908, 0.31162006011275256, 0.7875738939039609, 0.12105047902550015, 0.5288576885875855, 0.8419276941020091, 0.9329646770014055, 0.39638298294226515, 0.8570854962914344, 0.7918258452687967, 0.38407392714276656, 0.6401582858572568, 0.33114596753666725, 0.1650513124756604, 0.5592870810481348, 0.5695021976049935, 0.36051509540234983, 0.6280702532454485, 0.909636599956272, 0.8116154452421841], BATTLES: 158-158-159-156-150-143-138-128-135-
0, 3, 952, [0.36617479632105476, 0.9715658250354565, 0.4715869592022739, 0.4618344475194287, 0.6054718197837592, 0.29301500312556417, 0.21617822011433763, 0.2639665996614634, 0.746371972607611, 0.8903888853430502, 0.5097421328921137, 0.6040442216634244, 0.7412981191855045, 0.9896583821036491, 0.5742809476674706, 0.3809557121594803, 0.6506544736540858, 0.28034000321289687, 0.2861276654907827, 0.43004377815330463, 0.2706756962493425, 0.9312854720085154, 0.9210403496954017, 0.12113352629404239, 0.47892144517834856, 0.009431312459513785, 0.7216369241124314, 0.4181924411622471, 0.16725367546936665, 0.773958823303711, 0.665329604641807, 0.21732117006877805, 0.14875287013858363, 0.8771816710143628, 0.6164045915333229, 0.015303611161751607, 0.8477799744794109, 0.3217720427917501, 0.05347933883769218, 0.89826514069043, 0.2532062996846658, 0.8434754165413645, 0.47059636133646965, 0.19285622804047242, 0.4838095500247105, 0.9178009714574042, 0.33982096992039756, 0.48685844469244954, 0.5012862725249931, 0.31720817690991876, 0.5268546975040074, 0.7640898573163907, 0.9710222802783058, 0.8892880336950217, 0.3927923886291017, 0.06058719175329108], BATTLES: 119-100-89-125-115-118-119-91-76-
0, 4, 803, [0.998350029239941, 0.6911421336363037, 0.8567769774891064, 0.34852830435088145, 0.7710126120159777, 0.24189782615107225, 0.07848643874688543, 0.7112155026031186, 0.9221454718987604, 0.1017011823270092, 0.9140581883974814, 0.5606180158794452, 0.46409405568725015, 0.07514367199839811, 0.06193004943455238, 0.8261093021327872, 0.010333972574027572, 0.7712126719999853, 0.29729386202505004, 0.6579475849160386, 0.9270831141829357, 0.6392575422328619, 0.37022716008789314, 0.9273729059371876, 0.40127311525703624, 0.7973790198085028, 0.6517933751518716, 0.9094325248612637, 0.2673859253628367, 0.4597913390548518, 0.5258384854685115, 0.7948861315826912, 0.7303158673393957, 0.8164461823460237, 0.6586098841795415, 0.8789047239970778, 0.7349696099438967, 0.3402628557687558, 0.2146812393478913, 0.9184741180443508, 0.11315294763049744, 0.7456002820759712, 0.21898840750029824, 0.20129604407072754, 0.8026622597638655, 0.6660806025120807, 0.3513485837116448, 0.009185914820725505, 0.6818691750658842, 0.18028071670451584, 0.4488234003419195, 0.8712402580224407, 0.674904848927948, 0.26328949190739037, 0.6985117644312605, 0.7015131867582878], BATTLES: 82-38-33-107-88-89-130-126-110-
0, 5, 766, [0.5940925634031874, 0.22411942783944838, 0.1578445902562139, 0.5464509779269116, 0.31602757307773843, 0.21376870195789854, 0.14015503833996001, 0.2922014064988988, 0.7081947177253914, 0.2575047789057704, 0.5574916445624645, 0.36913511872645843, 0.6090840125912335, 0.46327721152148715, 0.7657731925498713, 0.5361018031464502, 0.8836889610318056, 0.12361044347117112, 0.39685885552322697, 0.8206680221913627, 0.4321459536105827, 0.4316243935438181, 0.36063936067258195, 0.8043974784223842, 0.1517949767013529, 0.9999570142708428, 0.5077717909144233, 0.8098304791147726, 0.8563400335895134, 0.13450382665255567, 0.9607591595588871, 0.26460252747298596, 0.4555084453459297, 0.5800556716255744, 0.7377005018387636, 0.686636903133752, 0.8858859975234213, 0.859509948372504, 0.943517029211467, 0.5694335317186731, 0.7909204800551541, 0.03241285785143144, 0.7726150529835896, 0.20049272237221638, 0.9279853050995397, 0.29462296728385573, 0.638689927429492, 0.32110243396400373, 0.06985466088834058, 0.6399248814161898, 0.8021875895912775, 0.9684298211428053, 0.4685583300136589, 0.8081998155280958, 0.3232274924432459, 0.29283919812459236], BATTLES: 63-34-36-104-87-101-122-106-113-
0, 6, 444, [0.055968682587254515, 0.3194796557670925, 0.8507462958927315, 0.2186673978748972, 0.7080936309101613, 0.8679629699056898, 0.6043299475158112, 0.6972842301402429, 0.38679711904734815, 0.36769125463542995, 0.006381158247182106, 0.5688097338385067, 0.5705120233140775, 0.6105452395274611, 0.2193698003684631, 0.07546989913923219, 0.2373141771298133, 0.23927014069564467, 0.35508029610938807, 0.6960787340120125, 0.36513853880593494, 0.6900184729903661, 0.6428737404064535, 0.6880604087437352, 0.054386436896516344, 0.259692948413937, 0.716418298676589, 0.4846268718181329, 0.46775835206411576, 0.6829286133905916, 0.6918260783045299, 0.9369277970758303, 0.6811750131792478, 0.9584831510571936, 0.2448069418372305, 0.24159905967375095, 0.44138378783033516, 0.9521713386902745, 0.8907488611092579, 0.9795849816279805, 0.6792521648033302, 0.5019295662545395, 0.19467650120343494, 0.5047915533359159, 0.7603580906041176, 0.020543505031574427, 0.8635426311820944, 0.9367021240591916, 0.7661033000294881, 0.178020499412615, 0.23691818831795297, 0.6283835855929267, 0.00566080137447611, 0.8169374051361737, 0.834861641333103, 0.28805036980895915], BATTLES: 56-10-2-100-68-70-82-30-26-
0, 7, 377, [0.3205215824687333, 0.508449395546897, 0.26053364181091754, 0.15895435066352204, 0.12082509465482605, 0.19011990650154353, 0.5838376281541994, 0.5535509023136241, 0.057733837794368026, 0.4345936234472003, 0.6836717639898319, 0.5801878030028447, 0.31468588136349385, 0.6824265009261298, 0.07080411813872611, 0.7840858685004422, 0.5357825032047365, 0.37252134629235123, 0.7776733434581037, 0.9177807442379128, 0.017500506023012452, 0.26404694969091935, 0.25141405634619773, 0.357930464816018, 0.10497367047573791, 0.8309998910508894, 0.10162602980265867, 0.7729694977454594, 0.41879091320476036, 0.38640879918954707, 0.8142361013457847, 0.15061660997665238, 0.7636838180531225, 0.4257935852131036, 0.5931499415590608, 0.17744575349471314, 0.8656695590046405, 0.18438521512034933, 0.8771184526068964, 0.47522399824964756, 0.8536744096304729, 0.1605343528586176, 0.41869155954376924, 0.9507611259300262, 0.6453503321948679, 0.9975109586696508, 0.6642240310873803, 0.4200869143336423, 0.5179100217443782, 0.6008253207673635, 0.7246012287481971, 0.18849907822026124, 0.3072757771051925, 0.621423022584741, 0.8326424335958422, 0.5254284763606961], BATTLES: 38-0-3-79-20-30-90-50-67-
0, 8, 338, [0.22918945053667272, 0.9474941972514973, 0.07456967125891756, 0.003809210052925116, 0.39172636981063036, 0.5359599658489812, 0.5675168708674638, 0.5732730361898728, 0.8888967697736034, 0.13904931642434126, 0.5385788329871519, 0.6833493617018822, 0.1742285783560258, 0.06084841757891368, 0.7764946907459843, 0.8015860530712352, 0.14947364040064404, 0.462830070034818, 0.45435133761034396, 0.4682793976396009, 0.04117536028951119, 0.5565838388046952, 0.753439897054761, 0.13140198732694264, 0.8327582060860119, 0.6545224752661758, 0.08532273297656112, 0.8346065413838394, 0.8533266270020242, 0.6493506078568045, 0.790070649339662, 0.294933454462432, 0.5680342561958716, 0.23897430402932063, 0.24735970748922442, 0.6887606647564277, 0.32751041310597695, 0.7803896963613938, 0.941380310063194, 0.23617098065370679, 0.1243035959640898, 0.41905940649944484, 0.455494415390876, 0.09963775907647399, 0.5448954038053281, 0.6228915391320861, 0.7878455565256022, 0.6132015061632038, 0.4141232145526783, 0.4576161291934858, 0.19748633898237966, 0.7651227585521387, 0.48834150809826393, 0.9051603763953098, 0.4083630839350746, 0.22128333618656937], BATTLES: 42-1-4-71-25-27-88-35-45-
0, 9, 257, [0.11637143718977339, 0.8383296155648094, 0.49965992823199024, 0.8249527277540937, 0.0683501752498965, 0.9326549365379476, 0.08874655756991201, 0.6107534875938072, 0.9502014632800312, 0.15751748954002553, 0.5960713888522542, 0.007945519997032302, 0.20764675034013824, 0.7432977673855897, 0.6134429471855125, 0.6861280916491793, 0.8722960846895615, 0.76716817571102, 0.4188575919200188, 0.12455652125676009, 0.964028288330792, 0.3073435313827104, 0.690808818333371, 0.1785003184324364, 0.35197364434717027, 0.9097998865446905, 0.5865271326606818, 0.41678012083056903, 0.0504112868702552, 0.1517407543992828, 0.04550033129641884, 0.5706310425354516, 0.8588852793246042, 0.4114767151454477, 0.533272978463792, 0.5041382770123358, 0.5778978314003843, 0.5827096198419546, 0.3374649676285796, 0.16701071497037445, 0.2973031497498644, 0.3905510008915798, 0.2667117183789801, 0.6667069934630366, 0.6320992844275828, 0.29039188841498775, 0.587141686785681, 0.36412211953375784, 0.366927212264478, 0.2346281610449985, 0.9623808158511382, 0.7890517198223924, 0.8776099695708991, 0.10219733534882136, 0.7220525202586118, 0.41855809244133824], BATTLES: 21-0-0-83-27-19-81-15-11-
1, 0, 3073, [0.2552589425468783, 0.7880864981615258, 0.7253146287044329, 0.33944586685942063, 0.641128828326642, 0.6600723736252933, 1, 0, 0.11344206589180617, 0.7099488293762014, 0, 0, 0.3518433073495679, 1, 0.36901517155354324, 0.886697476954434, 0.6424422878114989, 1, 0.5841897709363872, 1, 0.8437764107299794, 0.08826769699498292, 0, 1, 0.17656823848352138, 0.8939057798186529, 1, 0.5015530610248663, 0.6325766798001152, 0.1955576099173728, 0.034316844433675046, 0.13034116410668933, 0.8700538677687047, 0.200655288556569, 0.48342392037732923, 0.5173622428747402, 1.0285553952797628, 0.7937697715007056, 0.8073194603238115, 0.5244546103093486, 0.10220280962358058, 1.2938226269874282, 1.233747968784742, 0.5593065208968121, 0.15191111711134844, 0.3139934931882103, 0.5042177908651332, 0.3857869234587518, 0.4338831230545121, 0.2293979003734533, 1.1121638192838186, 0.14574764049667732, 0.17843699542493685, 0.624798126488383, 0.6876102232160398, 0.2430832250596848], BATTLES: 341-333-340-343-362-351-339-323-341-
1, 1, 3047, [0.06614873051546521, 0.9915868053228287, 0.7399002508747171, 0.24227122795627598, 0.5948519736986293, 0.6005233547652482, 0.9746010521680142, 0.01885342676305357, 0.832002318118895, 0.5721142664083229, 0.018391858942998995, 0.25809738983782926, 0.37778879453825864, 0.1200010930646419, 0.5892349563769457, 0.7811467772751577, 0.6126010376398442, 0.7570386544515546, 0.9944828108690468, 0.9993066551554906, 0.5460949590308677, 0.11243766001848876, 0.3629306422164089, 0.7123542873062161, 0.2230447004269296, 0.4865014918444045, 0.5891988786388324, 0.6356666360135984, 0.8731089879506759, 0.29522074046246927, 0.08573199666654074, 0.3189970305865507, 0.6758957621617444, 0.3277459929892983, 0.38790696323376916, 0.7218930681099369, 0.8852772264771903, 0.7633562503504411, 0.9808591776675858, 0.4151851527640251, 0.08786092809462576, 0.9813215554318043, 0.863330180172235, 0.6824968950260938, 0.1714513255283715, 0.28954727853160833, 0.4502829237356025, 0.5354781089097421, 0.489222517637077, 0.23330634427999464, 0.44195031816290453, 0.18637464239367918, 0.26604507668001265, 0.5707978823016169, 0.8563272124560601, 0.22931441290944032], BATTLES: 343-341-338-342-352-350-315-323-343-
1, 2, 2940, [0.39228354913855057, 0.2934605534566125, 0.631411153946371, 0.5334201151984834, 0.5635596812693204, 0.7750960074288624, 0.6786112776917008, 0.09458535303885462, 0.6630773063214004, 0.379298458630129, 0.7264832218458106, 0.3054481679936547, 0.9669085897168108, 0.7266806211768744, 0.07039058673814813, 0.43969850349462203, 0.7320629028022552, 0.4183181474752713, 0.5304924562491786, 0.6759182625266219, 0.08680862459293126, 0.7060191058764288, 0.6113414019758105, 0.23819498714167597, 0.9062808660497279, 0.676950202487808, 0.7040247525571997, 0.3613023299817304, 0.1471229918814343, 0.9495453179688841, 0.35183636266895546, 0.05266781634718953, 0.46972222174373335, 0.9790050354803931, 0.27428481319453524, 0.2372385598831661, 0.46733953655230287, 0.54677365543661, 0.8144380034738593, 0.03354424528874245, 0.4079098414940642, 0.427458871270738, 0.49111311128582225, 0.9693876813912655, 0.8560931985209075, 0.5652749930634802, 0.7337094593488783, 0.8955557989431999, 0.6020420267831589, 0.8332639024348205, 0.8202443468300554, 0.18885667380055438, 0.17111259031553983, 0.3786963012198271, 0.6224539281471606, 0.8819450767308444], BATTLES: 341-338-337-330-302-327-311-318-336-
1, 3, 2878, [0.38164778030159086, 0, 0.6612860451431728, 0.5373787125509528, 0.7749636618345687, 0.9310323381950868, 0.8941934082539307, 0.2060839232012383, 0.9536311563670427, 0.6843333321762932, 0.6759774389828934, 0.33749167414434866, 1, 0.7197381295734878, 0, 0, 1, 0.18158422925797657, 0, 1, 0, 1, 0, 0.27342969843923703, 1, 0.8818805866391891, 0.16128651153007545, 0, 0.1323555055389857, 1.0251139417229562, 0.2822424229506126, 0.04452943494887371, 0.271896886066934, 0.8348346904834816, 0.39695300414316154, 0.13270280526341155, 0.5312638752361432, 0.4639897734863241, 0.8008021027021806, 0.06077060538152353, 0.35628746920773036, 0.4645769971599732, 0.6982964084496998, 0.44764012612747067, 1.1502920900891622, 0.6196969041566245, 0.9419216349511467, 1.1246252581839649, 0.8459771560627816, 1.3215987370361446, 0.8210355318598338, 0.13623982569795706, 0.23520783375113205, 0.4465711112210373, 0.7293901283896184, 1.2363357731004163], BATTLES: 320-320-342-326-331-332-303-302-302-
1, 4, 2853, [0.6152780878756562, 0.1531083675992575, 0.5673230479236265, 0.978057451009445, 0.6691873593657898, 0.8401059073308949, 0.6631055626020372, 0.27536577904624215, 0.941502855538583, 0.26064132314078314, 0.18639065734170923, 0.27812854042625046, 0.694510578415159, 0.8046195893704485, 0.8312389925542936, 0.46213772673207454, 0.7391114278668963, 0.3204205159708349, 0.9898148648158557, 0.2936092506293919, 0.2029672213628413, 0.6171986787350062, 0.6478635441790708, 0.9276157570750958, 0.7493777140011786, 0.5820942335465169, 0.4679100416391595, 0.461006715388638, 0.9853779880671306, 0.5368101864471964, 0.42218265898388707, 0.7779270885332715, 0.17042491785529668, 0.002019527318472103, 0.12384715907030708, 0.4732658929378747, 0.19242339690446908, 0.31162006011275256, 0.7875738939039609, 0.12105047902550015, 0.5288576885875855, 0.8419276941020091, 0.9329646770014055, 0.39638298294226515, 0.8570854962914344, 0.7918258452687967, 0.38407392714276656, 0.6401582858572568, 0.33114596753666725, 0.1650513124756604, 0.5592870810481348, 0.5695021976049935, 0.36051509540234983, 0.6280702532454485, 0.909636599956272, 0.8116154452421841], BATTLES: 331-322-342-329-320-337-295-281-296-
1, 5, 2124, [0.36617479632105476, 0.9715658250354565, 0.4715869592022739, 0.4618344475194287, 0.6054718197837592, 0.29301500312556417, 0.21617822011433763, 0.2639665996614634, 0.746371972607611, 0.8903888853430502, 0.5097421328921137, 0.6040442216634244, 0.7412981191855045, 0.9896583821036491, 0.5742809476674706, 0.3809557121594803, 0.6506544736540858, 0.28034000321289687, 0.2861276654907827, 0.43004377815330463, 0.2706756962493425, 0.9312854720085154, 0.9210403496954017, 0.12113352629404239, 0.47892144517834856, 0.009431312459513785, 0.7216369241124314, 0.4181924411622471, 0.16725367546936665, 0.773958823303711, 0.665329604641807, 0.21732117006877805, 0.14875287013858363, 0.8771816710143628, 0.6164045915333229, 0.015303611161751607, 0.8477799744794109, 0.3217720427917501, 0.05347933883769218, 0.89826514069043, 0.2532062996846658, 0.8434754165413645, 0.47059636133646965, 0.19285622804047242, 0.4838095500247105, 0.9178009714574042, 0.33982096992039756, 0.48685844469244954, 0.5012862725249931, 0.31720817690991876, 0.5268546975040074, 0.7640898573163907, 0.9710222802783058, 0.8892880336950217, 0.3927923886291017, 0.06058719175329108], BATTLES: 240-228-213-266-254-256-244-213-210-
1, 6, 2029, [0.09352296912466962, 0, 0.16050679532202738, 1, 0.5496257310714103, 0.8328058575594263, 0.7626680291419522, 0.17164315733645413, 0.5596016914092851, 0, 0.7882093393871741, 0.36924791458127937, 0.41601963540679465, 0.4026996087069795, 1, 0.014174913270413425, 0.49732184244788735, 1, 1, 0.8295213959478022, 0.15522787619284328, 0.6631074377619354, 1, 1, 1, 0.37844839561466914, 0, 0, 0.8457692286035048, 0.35080578252679345, 0.3046842513617472, 0.5807920641983361, 0.14818281955343643, 0.0026824151815610137, 0.1358268782682983, 0.9254541707721593, 0.19025190707864514, 0.2573109589610775, 0.6111387172139734, 0.14755551677178358, 0.5419754999490629, 0.6029850965759668, 0.9168192170865272, 0.5839956474316316, 0.907721166250354, 1.200196310300373, 0.3130849696142423, 0.5084584840110193, 0.3160686318324841, 0.32803831760903296, 0.6011380833444998, 0.9615520305790541, 0.5334920242463258, 0.4660332700100239, 1.2614580532193844, 0.37053498248341693], BATTLES: 291-271-267-298-284-253-196-87-82-
1, 7, 1799, [0.998350029239941, 0.6911421336363037, 0.8567769774891064, 0.34852830435088145, 0.7710126120159777, 0.24189782615107225, 0.07848643874688543, 0.7112155026031186, 0.9221454718987604, 0.1017011823270092, 0.9140581883974814, 0.5606180158794452, 0.46409405568725015, 0.07514367199839811, 0.06193004943455238, 0.8261093021327872, 0.010333972574027572, 0.7712126719999853, 0.29729386202505004, 0.6579475849160386, 0.9270831141829357, 0.6392575422328619, 0.37022716008789314, 0.9273729059371876, 0.40127311525703624, 0.7973790198085028, 0.6517933751518716, 0.9094325248612637, 0.2673859253628367, 0.4597913390548518, 0.5258384854685115, 0.7948861315826912, 0.7303158673393957, 0.8164461823460237, 0.6586098841795415, 0.8789047239970778, 0.7349696099438967, 0.3402628557687558, 0.2146812393478913, 0.9184741180443508, 0.11315294763049744, 0.7456002820759712, 0.21898840750029824, 0.20129604407072754, 0.8026622597638655, 0.6660806025120807, 0.3513485837116448, 0.009185914820725505, 0.6818691750658842, 0.18028071670451584, 0.4488234003419195, 0.8712402580224407, 0.674904848927948, 0.26328949190739037, 0.6985117644312605, 0.7015131867582878], BATTLES: 168-74-87-236-198-229-285-269-253-
1, 8, 1687, [0.5940925634031874, 0.22411942783944838, 0.1578445902562139, 0.5464509779269116, 0.31602757307773843, 0.21376870195789854, 0.14015503833996001, 0.2922014064988988, 0.7081947177253914, 0.2575047789057704, 0.5574916445624645, 0.36913511872645843, 0.6090840125912335, 0.46327721152148715, 0.7657731925498713, 0.5361018031464502, 0.8836889610318056, 0.12361044347117112, 0.39685885552322697, 0.8206680221913627, 0.4321459536105827, 0.4316243935438181, 0.36063936067258195, 0.8043974784223842, 0.1517949767013529, 0.9999570142708428, 0.5077717909144233, 0.8098304791147726, 0.8563400335895134, 0.13450382665255567, 0.9607591595588871, 0.26460252747298596, 0.4555084453459297, 0.5800556716255744, 0.7377005018387636, 0.686636903133752, 0.8858859975234213, 0.859509948372504, 0.943517029211467, 0.5694335317186731, 0.7909204800551541, 0.03241285785143144, 0.7726150529835896, 0.20049272237221638, 0.9279853050995397, 0.29462296728385573, 0.638689927429492, 0.32110243396400373, 0.06985466088834058, 0.6399248814161898, 0.8021875895912775, 0.9684298211428053, 0.4685583300136589, 0.8081998155280958, 0.3232274924432459, 0.29283919812459236], BATTLES: 133-69-90-234-183-234-259-223-262-
1, 9, 1647, [0.11806534012923513, 0.7090428274963042, 0.48751214512610436, 0.1440045370446399, 0, 1, 0.5142653173345025, 0, 1, 0.2816463043864045, 0.4218158376605762, 0.02766067123405409, 0.3739852345330482, 0.7348471645724561, 0.6822698624904097, 1, 0.36471647992532463, 0.7538837500616912, 0.28033523733063515, 0, 1, 0.5430368741601409, 1, 0, 0.7421888368448062, 1, 0.9979860574497101, 0.1071937416591785, 0.07239332443449223, 0.12079741613608164, 0.027364105328160263, 0.5779411101170042, 0.7260540560419472, 0.569682300001223, 0.7533426023639117, 0.6432812547241044, 0.6649121258444132, 0.3822396616198129, 0.42455280259337896, 0.35012925155064123, 0.12486214975562393, 0.30253370693855214, 0.27093431416610797, 1.3257026785680435, 0.8256240989344565, 0.23523485545843612, 0.49395109853779806, 0.46302913912846405, 0.4201142939193737, 0.24352195340581784, 0.7227089437649119, 0.7311168203463004, 1.460227638061842, 0.13996830498843701, 0.5589159599174992, 0.2982501174543866], BATTLES: 239-113-165-250-186-201-221-143-129-
2, 0, 2852, [0.2552589425468783, 0.7880864981615258, 0.7253146287044329, 0.33944586685942063, 0.641128828326642, 0.6600723736252933, 1, 0, 0.11344206589180617, 0.7099488293762014, 0, 0, 0.3518433073495679, 1, 0.36901517155354324, 0.886697476954434, 0.6424422878114989, 1, 0.5841897709363872, 1, 0.8437764107299794, 0.08826769699498292, 0, 1, 0.17656823848352138, 0.8939057798186529, 1, 0.5015530610248663, 0.6325766798001152, 0.1955576099173728, 0.034316844433675046, 0.13034116410668933, 0.8700538677687047, 0.200655288556569, 0.48342392037732923, 0.5173622428747402, 1.0285553952797628, 0.7937697715007056, 0.8073194603238115, 0.5244546103093486, 0.10220280962358058, 1.2938226269874282, 1.233747968784742, 0.5593065208968121, 0.15191111711134844, 0.3139934931882103, 0.5042177908651332, 0.3857869234587518, 0.4338831230545121, 0.2293979003734533, 1.1121638192838186, 0.14574764049667732, 0.17843699542493685, 0.624798126488383, 0.6876102232160398, 0.2430832250596848], BATTLES: 311-312-315-321-333-335-309-293-323-
2, 1, 2803, [0.06614873051546521, 0.9915868053228287, 0.7399002508747171, 0.24227122795627598, 0.5948519736986293, 0.6005233547652482, 0.9746010521680142, 0.01885342676305357, 0.832002318118895, 0.5721142664083229, 0.018391858942998995, 0.25809738983782926, 0.37778879453825864, 0.1200010930646419, 0.5892349563769457, 0.7811467772751577, 0.6126010376398442, 0.7570386544515546, 0.9944828108690468, 0.9993066551554906, 0.5460949590308677, 0.11243766001848876, 0.3629306422164089, 0.7123542873062161, 0.2230447004269296, 0.4865014918444045, 0.5891988786388324, 0.6356666360135984, 0.8731089879506759, 0.29522074046246927, 0.08573199666654074, 0.3189970305865507, 0.6758957621617444, 0.3277459929892983, 0.38790696323376916, 0.7218930681099369, 0.8852772264771903, 0.7633562503504411, 0.9808591776675858, 0.4151851527640251, 0.08786092809462576, 0.9813215554318043, 0.863330180172235, 0.6824968950260938, 0.1714513255283715, 0.28954727853160833, 0.4502829237356025, 0.5354781089097421, 0.489222517637077, 0.23330634427999464, 0.44195031816290453, 0.18637464239367918, 0.26604507668001265, 0.5707978823016169, 0.8563272124560601, 0.22931441290944032], BATTLES: 324-301-314-326-330-334-283-276-315-
2, 2, 2688, [0.42672460499069886, 1, 0, 0.5792573208478164, 0.8635384518005789, 1, 1, 0.24253767174976176, 0.680742092877819, 0.9270970318006707, 0.526816756859772, 0, 0.18382192184692714, 0.6603517234207625, 0.3218271326514848, 0.4059543412853605, 0, 0.17749333131328146, 0.380995228830581, 0.8227980778252659, 0, 1, 0.7179694481230079, 0.6402351107758696, 0, 0, 0.9369106474824997, 0.3910982168512447, 0.19609936249272528, 0.6686425724451693, 0.784862458691072, 0.2016234764805318, 0.1318892511489643, 0.7403784760296516, 0.8528016148764264, 0.021009949824000368, 0.9572132538888927, 0.6075234940028409, 0.07068410177081993, 1.329077448181105, 0.2190872416728803, 0.6595298162213369, 0.4929079907203876, 0.1876883316260206, 0.4488887313502902, 0.7545816382214803, 0.2796779884058064, 0.4485546446969275, 0.3735279153957705, 0.38726089685657494, 0.4043269139441836, 1.0193787583896723, 0.6455377706145745, 0.6306431086171805, 0.4678935525592758, 0.07129865281120312], BATTLES: 298-303-322-318-311-332-253-252-299-
2, 3, 2684, [0.39228354913855057, 0.2934605534566125, 0.631411153946371, 0.5334201151984834, 0.5635596812693204, 0.7750960074288624, 0.6786112776917008, 0.09458535303885462, 0.6630773063214004, 0.379298458630129, 0.7264832218458106, 0.3054481679936547, 0.9669085897168108, 0.7266806211768744, 0.07039058673814813, 0.43969850349462203, 0.7320629028022552, 0.4183181474752713, 0.5304924562491786, 0.6759182625266219, 0.08680862459293126, 0.7060191058764288, 0.6113414019758105, 0.23819498714167597, 0.9062808660497279, 0.676950202487808, 0.7040247525571997, 0.3613023299817304, 0.1471229918814343, 0.9495453179688841, 0.35183636266895546, 0.05266781634718953, 0.46972222174373335, 0.9790050354803931, 0.27428481319453524, 0.2372385598831661, 0.46733953655230287, 0.54677365543661, 0.8144380034738593, 0.03354424528874245, 0.4079098414940642, 0.427458871270738, 0.49111311128582225, 0.9693876813912655, 0.8560931985209075, 0.5652749930634802, 0.7337094593488783, 0.8955557989431999, 0.6020420267831589, 0.8332639024348205, 0.8202443468300554, 0.18885667380055438, 0.17111259031553983, 0.3786963012198271, 0.6224539281471606, 0.8819450767308444], BATTLES: 321-315-328-305-274-288-278-257-318-
2, 4, 2610, [0.38164778030159086, 0, 0.6612860451431728, 0.5373787125509528, 0.7749636618345687, 0.9310323381950868, 0.8941934082539307, 0.2060839232012383, 0.9536311563670427, 0.6843333321762932, 0.6759774389828934, 0.33749167414434866, 1, 0.7197381295734878, 0, 0, 1, 0.18158422925797657, 0, 1, 0, 1, 0, 0.27342969843923703, 1, 0.8818805866391891, 0.16128651153007545, 0, 0.1323555055389857, 1.0251139417229562, 0.2822424229506126, 0.04452943494887371, 0.271896886066934, 0.8348346904834816, 0.39695300414316154, 0.13270280526341155, 0.5312638752361432, 0.4639897734863241, 0.8008021027021806, 0.06077060538152353, 0.35628746920773036, 0.4645769971599732, 0.6982964084496998, 0.44764012612747067, 1.1502920900891622, 0.6196969041566245, 0.9419216349511467, 1.1246252581839649, 0.8459771560627816, 1.3215987370361446, 0.8210355318598338, 0.13623982569795706, 0.23520783375113205, 0.4465711112210373, 0.7293901283896184, 1.2363357731004163], BATTLES: 298-285-318-315-303-317-260-239-275-
2, 5, 2467, [0.6152780878756562, 0.1531083675992575, 0.5673230479236265, 0.978057451009445, 0.6691873593657898, 0.8401059073308949, 0.6631055626020372, 0.27536577904624215, 0.941502855538583, 0.26064132314078314, 0.18639065734170923, 0.27812854042625046, 0.694510578415159, 0.8046195893704485, 0.8312389925542936, 0.46213772673207454, 0.7391114278668963, 0.3204205159708349, 0.9898148648158557, 0.2936092506293919, 0.2029672213628413, 0.6171986787350062, 0.6478635441790708, 0.9276157570750958, 0.7493777140011786, 0.5820942335465169, 0.4679100416391595, 0.461006715388638, 0.9853779880671306, 0.5368101864471964, 0.42218265898388707, 0.7779270885332715, 0.17042491785529668, 0.002019527318472103, 0.12384715907030708, 0.4732658929378747, 0.19242339690446908, 0.31162006011275256, 0.7875738939039609, 0.12105047902550015, 0.5288576885875855, 0.8419276941020091, 0.9329646770014055, 0.39638298294226515, 0.8570854962914344, 0.7918258452687967, 0.38407392714276656, 0.6401582858572568, 0.33114596753666725, 0.1650513124756604, 0.5592870810481348, 0.5695021976049935, 0.36051509540234983, 0.6280702532454485, 0.909636599956272, 0.8116154452421841], BATTLES: 288-288-313-305-284-296-220-212-261-
2, 6, 2462, [0, 0.34390292761691355, 0.44883464722092203, 0.6136613637796215, 0.6255231726719797, 0.8397872204066474, 0.6746923918128339, 0.21032953277957078, 0.8980536856304074, 0.6252308768711559, 0.32869142594183376, 0.26891644420738225, 0.1597315639233985, 0.5281464720925745, 1, 0.6071015254404313, 1, 0.21875183583270025, 1, 0.14148770863154322, 0.7650373228791254, 0.6891071386760825, 0.17801754537040393, 1, 0.7632608022736861, 1, 0, 0.7500965182889863, 0.9078408543013397, 0.29089578465401394, 0.41297009353324915, 0.8329080787050248, 0.19645081716669618, 0.0021019115835338035, 0.14963927297601007, 0.30884925026602433, 0.1423836776495812, 0.44396234925479605, 0.4920503856852776, 0.0904602892519031, 0.5861990486919423, 0.5568941577664488, 1.0651620702844136, 0.2464874179221648, 1.2233346343745843, 0.7779859330541852, 0.3134479750900969, 0.5716459637358694, 0.41417278029718274, 0.07184839373825189, 0.3485121484700351, 0.6639335420657994, 0.24490802018819832, 0.5091610509756098, 1.1934240475549098, 0.7159627673979148], BATTLES: 250-216-299-294-286-323-252-245-297-
2, 7, 2322, [0.10750148815645705, 0.7795662864128313, 0.446565079348804, 0, 0.6734779806884837, 0.21006276935617751, 0.2895643046038414, 0, 1, 0.6423540199213, 0.6909248283886806, 0.31715185412276453, 0.4687497439317675, 0.8611562479814114, 0.6503267126841714, 0, 0.3822813547129406, 0.5671462738297317, 0.10142619735674768, 0.8380939033814511, 1, 0.7702000779275252, 0.23624965408981957, 0, 1, 0.696407503898551, 0.7226544882879675, 0, 0.09301888489416407, 0.10799092750793145, 0.033139173184272376, 0.36830415765010194, 0.5706670261672342, 0.541065407048419, 0.5961547836224562, 0.6558962446272523, 0.38338089127186603, 0.33364057388099294, 0.30588631608023376, 0.2246802141766258, 0.09405510000700829, 0.5189905012637178, 0.44904952687669164, 0.8726188914886753, 0.7340837985722076, 0.24270711677096196, 0.43888000505071706, 0.40845531257593004, 0.43107919180689014, 0.17204384181571927, 1.0307102395094203, 0.5761221145193084, 1.6844808333354626, 0.24615707843172221, 0.433099897289372, 0.30503875311653555], BATTLES: 290-280-265-275-253-274-231-217-237-
2, 8, 2026, [0.42938953497711496, 0.9365151710191577, 1, 1, 0.4069681764861781, 0, 0, 0.18940312884306576, 1, 0, 0.8463834339324078, 0, 0.3960454820185235, 0, 0.2886422021434471, 0.7222005241300328, 0.10985778975157129, 1, 0.23903430749786855, 0.6467437087182536, 0.8269435108721035, 0.5760014463102382, 0, 0.9829888812809692, 0, 0.691584454810028, 1, 1, 0.24700014482606597, 0.4379037328446155, 0.3921908118606311, 0.5103958116274941, 0.8598330591122493, 0.744846745111895, 0.6397874113364813, 0.7627763435050994, 0.7443723747287148, 0.27156345868880577, 0.17688920774228778, 0.7286345572364556, 0.052334457417280725, 0.9347921902741724, 0.24708697667191953, 0.1809958810031351, 0.6135268436794953, 0.37100426408596665, 0.20912529461107243, 0.011487550711211892, 0.5744722328013584, 0.20623949572579672, 0.5393227697164252, 0.7805120164074318, 0.4434154095504113, 0.18383407939784277, 0.8340971313589468, 0.4884365009762051], BATTLES: 180-156-256-209-218-282-237-246-242-
2, 9, 1702, [0.3265449342618725, 0, 1, 0.5157155551233604, 1, 0, 0.321036290954132, 0.1593974690224997, 1, 0.5383954005391494, 0, 0.39407316026731287, 0.9257532966938996, 0.6463228164746702, 0, 0.11051681892916783, 1, 0.4007807902177398, 0, 0.8233254524844552, 1, 1, 0.5714102465994342, 0.36524562418897605, 0.855435413553764, 1, 0, 0.32701527445896783, 0.1449200646543977, 1.2612948454676312, 0.24604078225886913, 0.046965200454772225, 0.22499946020119205, 1.0157927394479602, 0.5396648718695596, 0.11171023570537483, 0.26481295901501634, 0.8944075040145525, 0.8515784649632571, 0.06908802150065618, 0.31750494905125903, 0.24282071140334552, 0.6625452436590555, 0.39346627608684287, 1.6383429503207234, 0.6021692799195751, 1.2871173916526635, 1.0766403299269778, 1.2442577553011618, 0.7466937477198521, 1.18552519070434, 0.1617514388063782, 0.3473361739178801, 0.4392555818372267, 0.6171816455278665, 1.6091893040598273], BATTLES: 191-160-156-188-196-219-186-217-189-
3, 0, 2455, [0.2552589425468783, 0.7880864981615258, 0.7253146287044329, 0.33944586685942063, 0.641128828326642, 0.6600723736252933, 1, 0, 0.11344206589180617, 0.7099488293762014, 0, 0, 0.3518433073495679, 1, 0.36901517155354324, 0.886697476954434, 0.6424422878114989, 1, 0.5841897709363872, 1, 0.8437764107299794, 0.08826769699498292, 0, 1, 0.17656823848352138, 0.8939057798186529, 1, 0.5015530610248663, 0.6325766798001152, 0.1955576099173728, 0.034316844433675046, 0.13034116410668933, 0.8700538677687047, 0.200655288556569, 0.48342392037732923, 0.5173622428747402, 1.0285553952797628, 0.7937697715007056, 0.8073194603238115, 0.5244546103093486, 0.10220280962358058, 1.2938226269874282, 1.233747968784742, 0.5593065208968121, 0.15191111711134844, 0.3139934931882103, 0.5042177908651332, 0.3857869234587518, 0.4338831230545121, 0.2293979003734533, 1.1121638192838186, 0.14574764049667732, 0.17843699542493685, 0.624798126488383, 0.6876102232160398, 0.2430832250596848], BATTLES: 273-231-294-303-258-305-266-252-273-
3, 1, 2439, [0.24358454247976913, 0.6462757368837471, 0.3894377438841662, 0.4736131152368825, 1, 0.8464232155410263, 0.6569138813481183, 0, 1, 0.3987108149626285, 0.4622810697013109, 0.42503339043563915, 0.5757776871421199, 1, 0.26337423156341744, 0.16227459210951214, 1, 0.5418382743715587, 0, 1, 1, 0.5272912573413882, 0, 0.008127721961689439, 0.1769749367557727, 0.5904672772136692, 0.6405266583932273, 0.03690577369290398, 0.11494911810239972, 0.0811668580718301, 0.022784749794832828, 0.4790214845321241, 0.29515493021692396, 0.42981907546946346, 0.49415832733360604, 0.7590783068861371, 0.2707896538168769, 0.46767744418526525, 0.31374235396243827, 0.25385716022051064, 0.13690044823105768, 0.638225574920563, 0.39583456410503576, 0.48150302977183623, 0.8937922620966733, 0.2943387929423391, 0.4458379568762184, 0.6370245643190233, 0.3193589846025179, 0.1549982725557625, 0.3241460636302884, 0.75604889061515, 1.3753505117028437, 0.20407528441819484, 0.7000800272827349, 0.3029399480657632], BATTLES: 269-254-268-302-306-313-213-218-296-
3, 2, 2393, [0.06614873051546521, 0.9915868053228287, 0.7399002508747171, 0.24227122795627598, 0.5948519736986293, 0.6005233547652482, 0.9746010521680142, 0.01885342676305357, 0.832002318118895, 0.5721142664083229, 0.018391858942998995, 0.25809738983782926, 0.37778879453825864, 0.1200010930646419, 0.5892349563769457, 0.7811467772751577, 0.6126010376398442, 0.7570386544515546, 0.9944828108690468, 0.9993066551554906, 0.5460949590308677, 0.11243766001848876, 0.3629306422164089, 0.7123542873062161, 0.2230447004269296, 0.4865014918444045, 0.5891988786388324, 0.6356666360135984, 0.8731089879506759, 0.29522074046246927, 0.08573199666654074, 0.3189970305865507, 0.6758957621617444, 0.3277459929892983, 0.38790696323376916, 0.7218930681099369, 0.8852772264771903, 0.7633562503504411, 0.9808591776675858, 0.4151851527640251, 0.08786092809462576, 0.9813215554318043, 0.863330180172235, 0.6824968950260938, 0.1714513255283715, 0.28954727853160833, 0.4502829237356025, 0.5354781089097421, 0.489222517637077, 0.23330634427999464, 0.44195031816290453, 0.18637464239367918, 0.26604507668001265, 0.5707978823016169, 0.8563272124560601, 0.22931441290944032], BATTLES: 291-254-288-298-280-278-215-226-263-
3, 3, 2369, [0.2631405549902144, 0.8478700060788418, 0, 0.3334732223877339, 0.8739449871789821, 0.827075583246655, 1, 0.2576039417846618, 1, 1, 0.4377081368497839, 0, 0.21602043982212965, 1, 0, 0.20772682594686623, 0, 0.5403008037395853, 0.6748797734075189, 1, 0, 1, 0.3098692539798444, 0.7371802012623343, 0, 0, 0, 0.45953859742914266, 0.1401145045510557, 0.8521076048715313, 0.6465703927894565, 0.22165016732936027, 0.10298644560716785, 0.9644422131738276, 0.5432485882657724, 0.02944017763995115, 1.1034907608875388, 0.9791906664612936, 0.04959626634150774, 1.3769951879640514, 0.2410521735514187, 0.8921477080472731, 0.7769151213799067, 0.1155123749393745, 0.5815635620882157, 0.8905862622883349, 0.3731895050602003, 0.35440083344376394, 0.32648826848457685, 0.7534184023658586, 0.5848517546100993, 1.0904630200035277, 0.45772573611164363, 0.9390509419878097, 1.308070011619457, 0.11920051862677442], BATTLES: 288-213-286-314-306-306-199-198-259-
3, 4, 2356, [0.4752787594780986, 0.8001896813064552, 0.7681633290084544, 0.1940548713354807, 0.4808167211674834, 0.4675811730496795, 0.4529857270358345, 0, 0.6019873754739835, 0, 0, 0, 0.2598390952684304, 1, 0.8613361962529622, 0.8744752426594024, 0.693115827079423, 1, 0.04422367009631478, 1, 0.09593275753518005, 0, 0, 0.8126100389795599, 0.169779185759239, 0.9724956577836572, 1, 0.42614738951785835, 0.8547226272312654, 0.20708825838189127, 0.03196259885706201, 0.16350454172296278, 0.9929112476793455, 0.2628875346321722, 0.43954394673381997, 0.39263351321985596, 0.8256639337705731, 0.7986607428108021, 0.6788199493804818, 0.6248040782509465, 0.08968264251000359, 1.1256444282617126, 1.3177321701508358, 0.4903644868157085, 0.10509117495491013, 0.23095865185758305, 0.586638719615684, 0.29936661096131334, 0.3042487928477915, 0.29831808599394677, 1.1691578377096494, 0.12861338529836908, 0.29813522906469364, 0.45215733575705064, 0.7326024380926675, 0.2887902545849938], BATTLES: 279-213-263-292-252-279-272-253-253-
3, 5, 2303, [0.42672460499069886, 1, 0, 0.5792573208478164, 0.8635384518005789, 1, 1, 0.24253767174976176, 0.680742092877819, 0.9270970318006707, 0.526816756859772, 0, 0.18382192184692714, 0.6603517234207625, 0.3218271326514848, 0.4059543412853605, 0, 0.17749333131328146, 0.380995228830581, 0.8227980778252659, 0, 1, 0.7179694481230079, 0.6402351107758696, 0, 0, 0.9369106474824997, 0.3910982168512447, 0.19609936249272528, 0.6686425724451693, 0.784862458691072, 0.2016234764805318, 0.1318892511489643, 0.7403784760296516, 0.8528016148764264, 0.021009949824000368, 0.9572132538888927, 0.6075234940028409, 0.07068410177081993, 1.329077448181105, 0.2190872416728803, 0.6595298162213369, 0.4929079907203876, 0.1876883316260206, 0.4488887313502902, 0.7545816382214803, 0.2796779884058064, 0.4485546446969275, 0.3735279153957705, 0.38726089685657494, 0.4043269139441836, 1.0193787583896723, 0.6455377706145745, 0.6306431086171805, 0.4678935525592758, 0.07129865281120312], BATTLES: 252-236-296-293-263-303-199-203-258-
3, 6, 2205, [0.39228354913855057, 0.2934605534566125, 0.631411153946371, 0.5334201151984834, 0.5635596812693204, 0.7750960074288624, 0.6786112776917008, 0.09458535303885462, 0.6630773063214004, 0.379298458630129, 0.7264832218458106, 0.3054481679936547, 0.9669085897168108, 0.7266806211768744, 0.07039058673814813, 0.43969850349462203, 0.7320629028022552, 0.4183181474752713, 0.5304924562491786, 0.6759182625266219, 0.08680862459293126, 0.7060191058764288, 0.6113414019758105, 0.23819498714167597, 0.9062808660497279, 0.676950202487808, 0.7040247525571997, 0.3613023299817304, 0.1471229918814343, 0.9495453179688841, 0.35183636266895546, 0.05266781634718953, 0.46972222174373335, 0.9790050354803931, 0.27428481319453524, 0.2372385598831661, 0.46733953655230287, 0.54677365543661, 0.8144380034738593, 0.03354424528874245, 0.4079098414940642, 0.427458871270738, 0.49111311128582225, 0.9693876813912655, 0.8560931985209075, 0.5652749930634802, 0.7337094593488783, 0.8955557989431999, 0.6020420267831589, 0.8332639024348205, 0.8202443468300554, 0.18885667380055438, 0.17111259031553983, 0.3786963012198271, 0.6224539281471606, 0.8819450767308444], BATTLES: 275-264-285-255-193-245-217-206-265-
3, 7, 2195, [0, 0, 0, 0.710450772451714, 0.8365198459278343, 0.8370473173510226, 0.6474428891324286, 0, 0.8544245061365343, 0.25517564767121836, 0, 0.3844092868142993, 0.3782347352217667, 0.8120893365412638, 1, 0.13912202221162412, 1, 0, 1, 1, 0.5196355580797896, 0.672866135126911, 0.4219925959575799, 0.43554687373910517, 0.5021959978751545, 1, 0, 0.6515262757315036, 0.7543269315108017, 0.3488539829872305, 0.589453957624573, 0.8647799738089988, 0.270839453416362, 0.003578045479805175, 0.16318817815475556, 0.39676900422764544, 0.11186195453822081, 0.43137319139009944, 0.5791028318481517, 0.11752832252423168, 0.4992586898257444, 0.8059261709171456, 0.6052627079550276, 0.3010450043769789, 0.7728995510235369, 0.5914849160289263, 0.3458028110785115, 0.67087044064132, 0.3458378536121218, 0.060089130635314215, 0.39223164088785767, 0.6445050091483755, 0.5168722243439886, 0.9424004521631812, 0.6909648609566501, 0.4096266942579636], BATTLES: 189-208-281-302-280-290-189-195-261-
3, 8, 2145, [0.38164778030159086, 0, 0.6612860451431728, 0.5373787125509528, 0.7749636618345687, 0.9310323381950868, 0.8941934082539307, 0.2060839232012383, 0.9536311563670427, 0.6843333321762932, 0.6759774389828934, 0.33749167414434866, 1, 0.7197381295734878, 0, 0, 1, 0.18158422925797657, 0, 1, 0, 1, 0, 0.27342969843923703, 1, 0.8818805866391891, 0.16128651153007545, 0, 0.1323555055389857, 1.0251139417229562, 0.2822424229506126, 0.04452943494887371, 0.271896886066934, 0.8348346904834816, 0.39695300414316154, 0.13270280526341155, 0.5312638752361432, 0.4639897734863241, 0.8008021027021806, 0.06077060538152353, 0.35628746920773036, 0.4645769971599732, 0.6982964084496998, 0.44764012612747067, 1.1502920900891622, 0.6196969041566245, 0.9419216349511467, 1.1246252581839649, 0.8459771560627816, 1.3215987370361446, 0.8210355318598338, 0.13623982569795706, 0.23520783375113205, 0.4465711112210373, 0.7293901283896184, 1.2363357731004163], BATTLES: 264-228-281-274-248-274-175-178-223-
3, 9, 2028, [0.6152780878756562, 0.1531083675992575, 0.5673230479236265, 0.978057451009445, 0.6691873593657898, 0.8401059073308949, 0.6631055626020372, 0.27536577904624215, 0.941502855538583, 0.26064132314078314, 0.18639065734170923, 0.27812854042625046, 0.694510578415159, 0.8046195893704485, 0.8312389925542936, 0.46213772673207454, 0.7391114278668963, 0.3204205159708349, 0.9898148648158557, 0.2936092506293919, 0.2029672213628413, 0.6171986787350062, 0.6478635441790708, 0.9276157570750958, 0.7493777140011786, 0.5820942335465169, 0.4679100416391595, 0.461006715388638, 0.9853779880671306, 0.5368101864471964, 0.42218265898388707, 0.7779270885332715, 0.17042491785529668, 0.002019527318472103, 0.12384715907030708, 0.4732658929378747, 0.19242339690446908, 0.31162006011275256, 0.7875738939039609, 0.12105047902550015, 0.5288576885875855, 0.8419276941020091, 0.9329646770014055, 0.39638298294226515, 0.8570854962914344, 0.7918258452687967, 0.38407392714276656, 0.6401582858572568, 0.33114596753666725, 0.1650513124756604, 0.5592870810481348, 0.5695021976049935, 0.36051509540234983, 0.6280702532454485, 0.909636599956272, 0.8116154452421841], BATTLES: 256-248-294-260-205-256-159-163-187-
4, 0, 2351, [0.2552589425468783, 0.7880864981615258, 0.7253146287044329, 0.33944586685942063, 0.641128828326642, 0.6600723736252933, 1, 0, 0.11344206589180617, 0.7099488293762014, 0, 0, 0.3518433073495679, 1, 0.36901517155354324, 0.886697476954434, 0.6424422878114989, 1, 0.5841897709363872, 1, 0.8437764107299794, 0.08826769699498292, 0, 1, 0.17656823848352138, 0.8939057798186529, 1, 0.5015530610248663, 0.6325766798001152, 0.1955576099173728, 0.034316844433675046, 0.13034116410668933, 0.8700538677687047, 0.200655288556569, 0.48342392037732923, 0.5173622428747402, 1.0285553952797628, 0.7937697715007056, 0.8073194603238115, 0.5244546103093486, 0.10220280962358058, 1.2938226269874282, 1.233747968784742, 0.5593065208968121, 0.15191111711134844, 0.3139934931882103, 0.5042177908651332, 0.3857869234587518, 0.4338831230545121, 0.2293979003734533, 1.1121638192838186, 0.14574764049667732, 0.17843699542493685, 0.624798126488383, 0.6876102232160398, 0.2430832250596848], BATTLES: 291-232-249-291-261-285-267-219-256-
4, 1, 2320, [0.24358454247976913, 0.6462757368837471, 0.3894377438841662, 0.4736131152368825, 1, 0.8464232155410263, 0.6569138813481183, 0, 1, 0.3987108149626285, 0.4622810697013109, 0.42503339043563915, 0.5757776871421199, 1, 0.26337423156341744, 0.16227459210951214, 1, 0.5418382743715587, 0, 1, 1, 0.5272912573413882, 0, 0.008127721961689439, 0.1769749367557727, 0.5904672772136692, 0.6405266583932273, 0.03690577369290398, 0.11494911810239972, 0.0811668580718301, 0.022784749794832828, 0.4790214845321241, 0.29515493021692396, 0.42981907546946346, 0.49415832733360604, 0.7590783068861371, 0.2707896538168769, 0.46767744418526525, 0.31374235396243827, 0.25385716022051064, 0.13690044823105768, 0.638225574920563, 0.39583456410503576, 0.48150302977183623, 0.8937922620966733, 0.2943387929423391, 0.4458379568762184, 0.6370245643190233, 0.3193589846025179, 0.1549982725557625, 0.3241460636302884, 0.75604889061515, 1.3753505117028437, 0.20407528441819484, 0.7000800272827349, 0.3029399480657632], BATTLES: 262-219-266-302-294-300-190-212-275-
4, 2, 2301, [0.4787998084305549, 0.7154829295817114, 0.3813501544392323, 0.31034791814105556, 0.8041372675246157, 0.8651963889552744, 0, 0.007459650138246619, 1, 1, 0.494696235255534, 0, 0.4809142668343789, 1, 0.08029940637058158, 0.8177561586862864, 0.8491403275327212, 0.25065115378550046, 0.17758805879102565, 1, 0.8594969296463105, 0.41679132015941744, 0, 0.29863181872954253, 0.9944637050208169, 0.5737531837856206, 0.49506449518620976, 0, 0.12638266777668752, 0.06208604356640728, 0.01535421461837645, 0.3958171433366595, 0.28338496886612313, 0.3196402940650957, 0.6263449302983954, 0.9573744593903033, 0.30472000239071184, 0.3968556338719436, 0.3664762062919113, 0.3235685407869035, 0.15021654501922904, 0.4071078538065558, 0.33433458583218184, 0.26301776033032354, 0.8638645993380218, 0.477624881947973, 0.6472717505783935, 0.683115770213442, 0.4283441505146805, 0.12640394464459787, 0.12566341134613168, 0.5719888222302767, 0.7274899680531207, 0.15667947747970717, 0.5073511698241046, 0.35173654766518286], BATTLES: 244-218-265-286-264-292-238-225-269-
4, 3, 2252, [0.06614873051546521, 0.9915868053228287, 0.7399002508747171, 0.24227122795627598, 0.5948519736986293, 0.6005233547652482, 0.9746010521680142, 0.01885342676305357, 0.832002318118895, 0.5721142664083229, 0.018391858942998995, 0.25809738983782926, 0.37778879453825864, 0.1200010930646419, 0.5892349563769457, 0.7811467772751577, 0.6126010376398442, 0.7570386544515546, 0.9944828108690468, 0.9993066551554906, 0.5460949590308677, 0.11243766001848876, 0.3629306422164089, 0.7123542873062161, 0.2230447004269296, 0.4865014918444045, 0.5891988786388324, 0.6356666360135984, 0.8731089879506759, 0.29522074046246927, 0.08573199666654074, 0.3189970305865507, 0.6758957621617444, 0.3277459929892983, 0.38790696323376916, 0.7218930681099369, 0.8852772264771903, 0.7633562503504411, 0.9808591776675858, 0.4151851527640251, 0.08786092809462576, 0.9813215554318043, 0.863330180172235, 0.6824968950260938, 0.1714513255283715, 0.28954727853160833, 0.4502829237356025, 0.5354781089097421, 0.489222517637077, 0.23330634427999464, 0.44195031816290453, 0.18637464239367918, 0.26604507668001265, 0.5707978823016169, 0.8563272124560601, 0.22931441290944032], BATTLES: 268-210-255-295-281-292-219-191-241-
4, 4, 2245, [0.4752787594780986, 0.8001896813064552, 0.7681633290084544, 0.1940548713354807, 0.4808167211674834, 0.4675811730496795, 0.4529857270358345, 0, 0.6019873754739835, 0, 0, 0, 0.2598390952684304, 1, 0.8613361962529622, 0.8744752426594024, 0.693115827079423, 1, 0.04422367009631478, 1, 0.09593275753518005, 0, 0, 0.8126100389795599, 0.169779185759239, 0.9724956577836572, 1, 0.42614738951785835, 0.8547226272312654, 0.20708825838189127, 0.03196259885706201, 0.16350454172296278, 0.9929112476793455, 0.2628875346321722, 0.43954394673381997, 0.39263351321985596, 0.8256639337705731, 0.7986607428108021, 0.6788199493804818, 0.6248040782509465, 0.08968264251000359, 1.1256444282617126, 1.3177321701508358, 0.4903644868157085, 0.10509117495491013, 0.23095865185758305, 0.586638719615684, 0.29936661096131334, 0.3042487928477915, 0.29831808599394677, 1.1691578377096494, 0.12861338529836908, 0.29813522906469364, 0.45215733575705064, 0.7326024380926675, 0.2887902545849938], BATTLES: 255-204-224-285-242-272-282-243-238-
4, 5, 2172, [0.2631405549902144, 0.8478700060788418, 0, 0.3334732223877339, 0.8739449871789821, 0.827075583246655, 1, 0.2576039417846618, 1, 1, 0.4377081368497839, 0, 0.21602043982212965, 1, 0, 0.20772682594686623, 0, 0.5403008037395853, 0.6748797734075189, 1, 0, 1, 0.3098692539798444, 0.7371802012623343, 0, 0, 0, 0.45953859742914266, 0.1401145045510557, 0.8521076048715313, 0.6465703927894565, 0.22165016732936027, 0.10298644560716785, 0.9644422131738276, 0.5432485882657724, 0.02944017763995115, 1.1034907608875388, 0.9791906664612936, 0.04959626634150774, 1.3769951879640514, 0.2410521735514187, 0.8921477080472731, 0.7769151213799067, 0.1155123749393745, 0.5815635620882157, 0.8905862622883349, 0.3731895050602003, 0.35440083344376394, 0.32648826848457685, 0.7534184023658586, 0.5848517546100993, 1.0904630200035277, 0.45772573611164363, 0.9390509419878097, 1.308070011619457, 0.11920051862677442], BATTLES: 240-182-260-316-281-279-191-176-247-
4, 6, 2125, [0.42672460499069886, 1, 0, 0.5792573208478164, 0.8635384518005789, 1, 1, 0.24253767174976176, 0.680742092877819, 0.9270970318006707, 0.526816756859772, 0, 0.18382192184692714, 0.6603517234207625, 0.3218271326514848, 0.4059543412853605, 0, 0.17749333131328146, 0.380995228830581, 0.8227980778252659, 0, 1, 0.7179694481230079, 0.6402351107758696, 0, 0, 0.9369106474824997, 0.3910982168512447, 0.19609936249272528, 0.6686425724451693, 0.784862458691072, 0.2016234764805318, 0.1318892511489643, 0.7403784760296516, 0.8528016148764264, 0.021009949824000368, 0.9572132538888927, 0.6075234940028409, 0.07068410177081993, 1.329077448181105, 0.2190872416728803, 0.6595298162213369, 0.4929079907203876, 0.1876883316260206, 0.4488887313502902, 0.7545816382214803, 0.2796779884058064, 0.4485546446969275, 0.3735279153957705, 0.38726089685657494, 0.4043269139441836, 1.0193787583896723, 0.6455377706145745, 0.6306431086171805, 0.4678935525592758, 0.07129865281120312], BATTLES: 254-209-277-290-240-293-156-166-240-
4, 7, 2076, [0, 0, 0, 0.710450772451714, 0.8365198459278343, 0.8370473173510226, 0.6474428891324286, 0, 0.8544245061365343, 0.25517564767121836, 0, 0.3844092868142993, 0.3782347352217667, 0.8120893365412638, 1, 0.13912202221162412, 1, 0, 1, 1, 0.5196355580797896, 0.672866135126911, 0.4219925959575799, 0.43554687373910517, 0.5021959978751545, 1, 0, 0.6515262757315036, 0.7543269315108017, 0.3488539829872305, 0.589453957624573, 0.8647799738089988, 0.270839453416362, 0.003578045479805175, 0.16318817815475556, 0.39676900422764544, 0.11186195453822081, 0.43137319139009944, 0.5791028318481517, 0.11752832252423168, 0.4992586898257444, 0.8059261709171456, 0.6052627079550276, 0.3010450043769789, 0.7728995510235369, 0.5914849160289263, 0.3458028110785115, 0.67087044064132, 0.3458378536121218, 0.060089130635314215, 0.39223164088785767, 0.6445050091483755, 0.5168722243439886, 0.9424004521631812, 0.6909648609566501, 0.4096266942579636], BATTLES: 202-208-265-282-283-283-162-162-229-
4, 8, 2035, [0.39228354913855057, 0.2934605534566125, 0.631411153946371, 0.5334201151984834, 0.5635596812693204, 0.7750960074288624, 0.6786112776917008, 0.09458535303885462, 0.6630773063214004, 0.379298458630129, 0.7264832218458106, 0.3054481679936547, 0.9669085897168108, 0.7266806211768744, 0.07039058673814813, 0.43969850349462203, 0.7320629028022552, 0.4183181474752713, 0.5304924562491786, 0.6759182625266219, 0.08680862459293126, 0.7060191058764288, 0.6113414019758105, 0.23819498714167597, 0.9062808660497279, 0.676950202487808, 0.7040247525571997, 0.3613023299817304, 0.1471229918814343, 0.9495453179688841, 0.35183636266895546, 0.05266781634718953, 0.46972222174373335, 0.9790050354803931, 0.27428481319453524, 0.2372385598831661, 0.46733953655230287, 0.54677365543661, 0.8144380034738593, 0.03354424528874245, 0.4079098414940642, 0.427458871270738, 0.49111311128582225, 0.9693876813912655, 0.8560931985209075, 0.5652749930634802, 0.7337094593488783, 0.8955557989431999, 0.6020420267831589, 0.8332639024348205, 0.8202443468300554, 0.18885667380055438, 0.17111259031553983, 0.3786963012198271, 0.6224539281471606, 0.8819450767308444], BATTLES: 275-249-269-238-173-210-194-182-245-
4, 9, 1932, [0.38164778030159086, 0, 0.6612860451431728, 0.5373787125509528, 0.7749636618345687, 0.9310323381950868, 0.8941934082539307, 0.2060839232012383, 0.9536311563670427, 0.6843333321762932, 0.6759774389828934, 0.33749167414434866, 1, 0.7197381295734878, 0, 0, 1, 0.18158422925797657, 0, 1, 0, 1, 0, 0.27342969843923703, 1, 0.8818805866391891, 0.16128651153007545, 0, 0.1323555055389857, 1.0251139417229562, 0.2822424229506126, 0.04452943494887371, 0.271896886066934, 0.8348346904834816, 0.39695300414316154, 0.13270280526341155, 0.5312638752361432, 0.4639897734863241, 0.8008021027021806, 0.06077060538152353, 0.35628746920773036, 0.4645769971599732, 0.6982964084496998, 0.44764012612747067, 1.1502920900891622, 0.6196969041566245, 0.9419216349511467, 1.1246252581839649, 0.8459771560627816, 1.3215987370361446, 0.8210355318598338, 0.13623982569795706, 0.23520783375113205, 0.4465711112210373, 0.7293901283896184, 1.2363357731004163], BATTLES: 237-200-261-246-228-261-162-135-202-
5, 0, 2176, [0.4787998084305549, 0.7154829295817114, 0.3813501544392323, 0.31034791814105556, 0.8041372675246157, 0.8651963889552744, 0, 0.007459650138246619, 1, 1, 0.494696235255534, 0, 0.4809142668343789, 1, 0.08029940637058158, 0.8177561586862864, 0.8491403275327212, 0.25065115378550046, 0.17758805879102565, 1, 0.8594969296463105, 0.41679132015941744, 0, 0.29863181872954253, 0.9944637050208169, 0.5737531837856206, 0.49506449518620976, 0, 0.12638266777668752, 0.06208604356640728, 0.01535421461837645, 0.3958171433366595, 0.28338496886612313, 0.3196402940650957, 0.6263449302983954, 0.9573744593903033, 0.30472000239071184, 0.3968556338719436, 0.3664762062919113, 0.3235685407869035, 0.15021654501922904, 0.4071078538065558, 0.33433458583218184, 0.26301776033032354, 0.8638645993380218, 0.477624881947973, 0.6472717505783935, 0.683115770213442, 0.4283441505146805, 0.12640394464459787, 0.12566341134613168, 0.5719888222302767, 0.7274899680531207, 0.15667947747970717, 0.5073511698241046, 0.35173654766518286], BATTLES: 227-195-271-268-249-286-215-203-262-
5, 1, 2095, [0.2552589425468783, 0.7880864981615258, 0.7253146287044329, 0.33944586685942063, 0.641128828326642, 0.6600723736252933, 1, 0, 0.11344206589180617, 0.7099488293762014, 0, 0, 0.3518433073495679, 1, 0.36901517155354324, 0.886697476954434, 0.6424422878114989, 1, 0.5841897709363872, 1, 0.8437764107299794, 0.08826769699498292, 0, 1, 0.17656823848352138, 0.8939057798186529, 1, 0.5015530610248663, 0.6325766798001152, 0.1955576099173728, 0.034316844433675046, 0.13034116410668933, 0.8700538677687047, 0.200655288556569, 0.48342392037732923, 0.5173622428747402, 1.0285553952797628, 0.7937697715007056, 0.8073194603238115, 0.5244546103093486, 0.10220280962358058, 1.2938226269874282, 1.233747968784742, 0.5593065208968121, 0.15191111711134844, 0.3139934931882103, 0.5042177908651332, 0.3857869234587518, 0.4338831230545121, 0.2293979003734533, 1.1121638192838186, 0.14574764049667732, 0.17843699542493685, 0.624798126488383, 0.6876102232160398, 0.2430832250596848], BATTLES: 227-192-233-273-231-285-220-183-251-
5, 2, 2089, [0.06614873051546521, 0.9915868053228287, 0.7399002508747171, 0.24227122795627598, 0.5948519736986293, 0.6005233547652482, 0.9746010521680142, 0.01885342676305357, 0.832002318118895, 0.5721142664083229, 0.018391858942998995, 0.25809738983782926, 0.37778879453825864, 0.1200010930646419, 0.5892349563769457, 0.7811467772751577, 0.6126010376398442, 0.7570386544515546, 0.9944828108690468, 0.9993066551554906, 0.5460949590308677, 0.11243766001848876, 0.3629306422164089, 0.7123542873062161, 0.2230447004269296, 0.4865014918444045, 0.5891988786388324, 0.6356666360135984, 0.8731089879506759, 0.29522074046246927, 0.08573199666654074, 0.3189970305865507, 0.6758957621617444, 0.3277459929892983, 0.38790696323376916, 0.7218930681099369, 0.8852772264771903, 0.7633562503504411, 0.9808591776675858, 0.4151851527640251, 0.08786092809462576, 0.9813215554318043, 0.863330180172235, 0.6824968950260938, 0.1714513255283715, 0.28954727853160833, 0.4502829237356025, 0.5354781089097421, 0.489222517637077, 0.23330634427999464, 0.44195031816290453, 0.18637464239367918, 0.26604507668001265, 0.5707978823016169, 0.8563272124560601, 0.22931441290944032], BATTLES: 227-219-250-274-246-276-188-195-214-
5, 3, 2070, [0.24358454247976913, 0.6462757368837471, 0.3894377438841662, 0.4736131152368825, 1, 0.8464232155410263, 0.6569138813481183, 0, 1, 0.3987108149626285, 0.4622810697013109, 0.42503339043563915, 0.5757776871421199, 1, 0.26337423156341744, 0.16227459210951214, 1, 0.5418382743715587, 0, 1, 1, 0.5272912573413882, 0, 0.008127721961689439, 0.1769749367557727, 0.5904672772136692, 0.6405266583932273, 0.03690577369290398, 0.11494911810239972, 0.0811668580718301, 0.022784749794832828, 0.4790214845321241, 0.29515493021692396, 0.42981907546946346, 0.49415832733360604, 0.7590783068861371, 0.2707896538168769, 0.46767744418526525, 0.31374235396243827, 0.25385716022051064, 0.13690044823105768, 0.638225574920563, 0.39583456410503576, 0.48150302977183623, 0.8937922620966733, 0.2943387929423391, 0.4458379568762184, 0.6370245643190233, 0.3193589846025179, 0.1549982725557625, 0.3241460636302884, 0.75604889061515, 1.3753505117028437, 0.20407528441819484, 0.7000800272827349, 0.3029399480657632], BATTLES: 227-192-241-265-258-299-173-169-246-
5, 4, 2027, [0.23357577479226613, 0.8842108325462322, 0, 0.2793579306106493, 0.9439272097576323, 1, 1, 0.21005035513880377, 1, 0.6176491122128638, 0.40094013994137456, 0, 0.4792150282776936, 1, 1, 0.12713317564934778, 0.32353660267538586, 0, 0.9222480328590246, 0.8851216520800455, 0, 1, 0.1825489939098681, 0, 0, 0, 0, 0.3461609193413268, 0.15371974291433604, 0.7886416751488229, 0.293459188127373, 0.19092726370827565, 0.07363937334411397, 0.764272053902054, 0.8633035598837316, 0.029610762014645894, 0.9559789204550084, 0.8680124040629681, 0.05629595053770138, 2.119212610638926, 0.21436595057179164, 0.8857320071218328, 0.9648470418490908, 0.12825055239994926, 0.7586840013132534, 0.9075677695932598, 0.2830069742216943, 0.39828722163612196, 0.3452717106927608, 0.7406872854403501, 0.6201882193829314, 1.100617126268628, 0.4307896457674229, 1.2223561437134605, 0.7867825212784233, 0.15304148046971008], BATTLES: 215-164-253-289-242-293-165-169-237-
5, 5, 2022, [0.5126930733780426, 1, 0.4628075752789831, 0, 1, 0.5264541125264343, 0, 0, 1, 0.08702404516624523, 0, 0, 0.3119082231334043, 0, 0.9209903260666827, 0.15324954168282667, 0.4212593796772508, 0.624109456926802, 0.871538140481241, 1, 0.36451173949592885, 0.23108341165988255, 0, 1, 0, 1, 0.6673046807964209, 0.7297227710340148, 0.6224748448379334, 0.22774608706500135, 0.1640164768661239, 0.32510508992464837, 0.42187800842852746, 0.29807370662032695, 0.5127416829672935, 0.6967712239169936, 0.9854917759029578, 0.9200687065220703, 0.7843947537229025, 0.42275627124629583, 0.08052933564649392, 1.7712705675750333, 0.45481554042121586, 0.6998946340857561, 0.23868107490961657, 0.19725459557026695, 0.7537370926498316, 0.6088709207649137, 0.5655913683126879, 0.19406732400407095, 0.5174092773835104, 0.21442987004711653, 0.3376192980512914, 1.5452513196396243, 0.8478023419705674, 0.12168964829374197], BATTLES: 191-177-220-265-232-261-241-214-221-
5, 6, 2021, [0.2631405549902144, 0.8478700060788418, 0, 0.3334732223877339, 0.8739449871789821, 0.827075583246655, 1, 0.2576039417846618, 1, 1, 0.4377081368497839, 0, 0.21602043982212965, 1, 0, 0.20772682594686623, 0, 0.5403008037395853, 0.6748797734075189, 1, 0, 1, 0.3098692539798444, 0.7371802012623343, 0, 0, 0, 0.45953859742914266, 0.1401145045510557, 0.8521076048715313, 0.6465703927894565, 0.22165016732936027, 0.10298644560716785, 0.9644422131738276, 0.5432485882657724, 0.02944017763995115, 1.1034907608875388, 0.9791906664612936, 0.04959626634150774, 1.3769951879640514, 0.2410521735514187, 0.8921477080472731, 0.7769151213799067, 0.1155123749393745, 0.5815635620882157, 0.8905862622883349, 0.3731895050602003, 0.35440083344376394, 0.32648826848457685, 0.7534184023658586, 0.5848517546100993, 1.0904630200035277, 0.45772573611164363, 0.9390509419878097, 1.308070011619457, 0.11920051862677442], BATTLES: 225-162-256-280-271-279-162-154-232-
5, 7, 1978, [0.4752787594780986, 0.8001896813064552, 0.7681633290084544, 0.1940548713354807, 0.4808167211674834, 0.4675811730496795, 0.4529857270358345, 0, 0.6019873754739835, 0, 0, 0, 0.2598390952684304, 1, 0.8613361962529622, 0.8744752426594024, 0.693115827079423, 1, 0.04422367009631478, 1, 0.09593275753518005, 0, 0, 0.8126100389795599, 0.169779185759239, 0.9724956577836572, 1, 0.42614738951785835, 0.8547226272312654, 0.20708825838189127, 0.03196259885706201, 0.16350454172296278, 0.9929112476793455, 0.2628875346321722, 0.43954394673381997, 0.39263351321985596, 0.8256639337705731, 0.7986607428108021, 0.6788199493804818, 0.6248040782509465, 0.08968264251000359, 1.1256444282617126, 1.3177321701508358, 0.4903644868157085, 0.10509117495491013, 0.23095865185758305, 0.586638719615684, 0.29936661096131334, 0.3042487928477915, 0.29831808599394677, 1.1691578377096494, 0.12861338529836908, 0.29813522906469364, 0.45215733575705064, 0.7326024380926675, 0.2887902545849938], BATTLES: 230-152-211-252-209-241-261-218-204-
5, 8, 1942, [0.42672460499069886, 1, 0, 0.5792573208478164, 0.8635384518005789, 1, 1, 0.24253767174976176, 0.680742092877819, 0.9270970318006707, 0.526816756859772, 0, 0.18382192184692714, 0.6603517234207625, 0.3218271326514848, 0.4059543412853605, 0, 0.17749333131328146, 0.380995228830581, 0.8227980778252659, 0, 1, 0.7179694481230079, 0.6402351107758696, 0, 0, 0.9369106474824997, 0.3910982168512447, 0.19609936249272528, 0.6686425724451693, 0.784862458691072, 0.2016234764805318, 0.1318892511489643, 0.7403784760296516, 0.8528016148764264, 0.021009949824000368, 0.9572132538888927, 0.6075234940028409, 0.07068410177081993, 1.329077448181105, 0.2190872416728803, 0.6595298162213369, 0.4929079907203876, 0.1876883316260206, 0.4488887313502902, 0.7545816382214803, 0.2796779884058064, 0.4485546446969275, 0.3735279153957705, 0.38726089685657494, 0.4043269139441836, 1.0193787583896723, 0.6455377706145745, 0.6306431086171805, 0.4678935525592758, 0.07129865281120312], BATTLES: 212-172-268-253-218-283-159-162-215-
5, 9, 1906, [0.3607013440792846, 0.5042512558720188, 0, 0.4428889908815646, 1, 0.7979803885598453, 1, 0.182748515185807, 1, 1, 0.4979077456113852, 0, 0.145980227038514, 0.7028730634863616, 0, 0.28821079212163825, 0.43901550334281564, 0.8324158539874247, 0.5162275600427402, 0.8129365617706921, 0.37118702523040364, 0.5695408703961177, 1, 0, 0.1813110806166489, 0.3401474126644389, 1, 0.3437510565247944, 0.14785834054895394, 0.6962480439303763, 0.900833811319552, 0.2377414773726627, 0.21307568749506747, 0.3890451923543769, 0.7080609636583908, 0.030836986758789695, 1.0692354716504824, 0.6432527268232713, 0.047596290086227, 1.1006341433778162, 0.3277828707399348, 0.6526602553441981, 0.831024004340792, 0.3805902300899927, 0.43424306640471955, 0.6144469280935839, 0.29656220583443493, 0.19043621993043297, 0.3929728254894387, 0.2881572548010161, 0.4139012755925776, 0.9287888391236873, 0.5908698468010531, 0.3720316574864929, 0.44425628783030796, 0.05336715680171949], BATTLES: 180-163-228-269-253-286-166-158-203-
6, 0, 2152, [0.4787998084305549, 0.7154829295817114, 0.3813501544392323, 0.31034791814105556, 0.8041372675246157, 0.8651963889552744, 0, 0.007459650138246619, 1, 1, 0.494696235255534, 0, 0.4809142668343789, 1, 0.08029940637058158, 0.8177561586862864, 0.8491403275327212, 0.25065115378550046, 0.17758805879102565, 1, 0.8594969296463105, 0.41679132015941744, 0, 0.29863181872954253, 0.9944637050208169, 0.5737531837856206, 0.49506449518620976, 0, 0.12638266777668752, 0.06208604356640728, 0.01535421461837645, 0.3958171433366595, 0.28338496886612313, 0.3196402940650957, 0.6263449302983954, 0.9573744593903033, 0.30472000239071184, 0.3968556338719436, 0.3664762062919113, 0.3235685407869035, 0.15021654501922904, 0.4071078538065558, 0.33433458583218184, 0.26301776033032354, 0.8638645993380218, 0.477624881947973, 0.6472717505783935, 0.683115770213442, 0.4283441505146805, 0.12640394464459787, 0.12566341134613168, 0.5719888222302767, 0.7274899680531207, 0.15667947747970717, 0.5073511698241046, 0.35173654766518286], BATTLES: 267-196-265-256-246-284-217-175-246-
6, 1, 2152, [0.2552589425468783, 0.7880864981615258, 0.7253146287044329, 0.33944586685942063, 0.641128828326642, 0.6600723736252933, 1, 0, 0.11344206589180617, 0.7099488293762014, 0, 0, 0.3518433073495679, 1, 0.36901517155354324, 0.886697476954434, 0.6424422878114989, 1, 0.5841897709363872, 1, 0.8437764107299794, 0.08826769699498292, 0, 1, 0.17656823848352138, 0.8939057798186529, 1, 0.5015530610248663, 0.6325766798001152, 0.1955576099173728, 0.034316844433675046, 0.13034116410668933, 0.8700538677687047, 0.200655288556569, 0.48342392037732923, 0.5173622428747402, 1.0285553952797628, 0.7937697715007056, 0.8073194603238115, 0.5244546103093486, 0.10220280962358058, 1.2938226269874282, 1.233747968784742, 0.5593065208968121, 0.15191111711134844, 0.3139934931882103, 0.5042177908651332, 0.3857869234587518, 0.4338831230545121, 0.2293979003734533, 1.1121638192838186, 0.14574764049667732, 0.17843699542493685, 0.624798126488383, 0.6876102232160398, 0.2430832250596848], BATTLES: 272-205-242-292-232-284-238-171-216-
6, 2, 2133, [0.24358454247976913, 0.6462757368837471, 0.3894377438841662, 0.4736131152368825, 1, 0.8464232155410263, 0.6569138813481183, 0, 1, 0.3987108149626285, 0.4622810697013109, 0.42503339043563915, 0.5757776871421199, 1, 0.26337423156341744, 0.16227459210951214, 1, 0.5418382743715587, 0, 1, 1, 0.5272912573413882, 0, 0.008127721961689439, 0.1769749367557727, 0.5904672772136692, 0.6405266583932273, 0.03690577369290398, 0.11494911810239972, 0.0811668580718301, 0.022784749794832828, 0.4790214845321241, 0.29515493021692396, 0.42981907546946346, 0.49415832733360604, 0.7590783068861371, 0.2707896538168769, 0.46767744418526525, 0.31374235396243827, 0.25385716022051064, 0.13690044823105768, 0.638225574920563, 0.39583456410503576, 0.48150302977183623, 0.8937922620966733, 0.2943387929423391, 0.4458379568762184, 0.6370245643190233, 0.3193589846025179, 0.1549982725557625, 0.3241460636302884, 0.75604889061515, 1.3753505117028437, 0.20407528441819484, 0.7000800272827349, 0.3029399480657632], BATTLES: 236-194-240-286-267-311-202-161-236-
6, 3, 2130, [0.34790947635907443, 0.8238548604169365, 0.3611428840125471, 0.5471813063342214, 1, 0.9228116442215702, 0, 0.03215787487386965, 0.8226374693590193, 1, 0.47477813383485123, 0, 0.6107687373882518, 1, 0.37661467696494466, 0.8371457932899745, 1, 0.09888076471692053, 0.6635833692628987, 1, 0.6113313647548791, 0.5181873856807119, 0.11639158174550351, 0, 0.3809223556915381, 0.5948220053590615, 0.37214474673835807, 0, 0.1859312207808463, 0.07844911753056963, 0.015998188349914365, 0.38435152348341384, 0.31030430109174245, 0.24433238129025217, 0.9582000608260338, 0.7833557985715374, 0.2570369764001724, 0.4136372767149239, 0.2209831338704473, 0.3559552889804166, 0.09210515344033082, 0.6580675405978001, 0.4088115841050535, 0.17538582760733, 1.350310087587225, 0.3803210221028962, 0.7728698931566971, 0.5455509632625081, 0.34055785893297735, 0.19182714754365018, 0.10021201346867632, 0.4159226622065846, 0.5986919018414054, 0.1285325527217925, 0.6952143701884601, 0.28968058011907805], BATTLES: 258-209-243-285-252-298-199-160-226-
6, 4, 2089, [0.06614873051546521, 0.9915868053228287, 0.7399002508747171, 0.24227122795627598, 0.5948519736986293, 0.6005233547652482, 0.9746010521680142, 0.01885342676305357, 0.832002318118895, 0.5721142664083229, 0.018391858942998995, 0.25809738983782926, 0.37778879453825864, 0.1200010930646419, 0.5892349563769457, 0.7811467772751577, 0.6126010376398442, 0.7570386544515546, 0.9944828108690468, 0.9993066551554906, 0.5460949590308677, 0.11243766001848876, 0.3629306422164089, 0.7123542873062161, 0.2230447004269296, 0.4865014918444045, 0.5891988786388324, 0.6356666360135984, 0.8731089879506759, 0.29522074046246927, 0.08573199666654074, 0.3189970305865507, 0.6758957621617444, 0.3277459929892983, 0.38790696323376916, 0.7218930681099369, 0.8852772264771903, 0.7633562503504411, 0.9808591776675858, 0.4151851527640251, 0.08786092809462576, 0.9813215554318043, 0.863330180172235, 0.6824968950260938, 0.1714513255283715, 0.28954727853160833, 0.4502829237356025, 0.5354781089097421, 0.489222517637077, 0.23330634427999464, 0.44195031816290453, 0.18637464239367918, 0.26604507668001265, 0.5707978823016169, 0.8563272124560601, 0.22931441290944032], BATTLES: 249-210-258-283-256-268-189-154-222-
6, 5, 2080, [0.7338629848110199, 1, 0, 0.8445742005674383, 0.9562033451039753, 0.9167887053494476, 0, 0.23907125516083677, 0.701446287240248, 0.9616828364915166, 0.42554307012228576, 0.7346230117668912, 0.48481953798066796, 1, 0.5267672098458127, 0.4088644089178352, 0.04617033470417326, 1, 0.5415581393159467, 1, 0, 1, 1, 0, 0, 0.1362617583522358, 0.6391440202553638, 0.36879128690212926, 0.1610449265785569, 1.0721761372988734, 0.830204911959168, 0.2225998871640699, 0.09409109427249741, 0.7520756974191292, 1.2139942608721253, 0.02060397804524333, 1.8262770897403235, 0.5079538515119332, 0.11598873548764924, 1.059904852340733, 0.16710690310739243, 0.5891516903000253, 0.4010284989260928, 0.08714041967562734, 0.3327815179336789, 1.2687916411481608, 0.21550844939315927, 0.2295890179207666, 0.31558135344696636, 0.5242528449772692, 0.5804261684756924, 0.9974304665625187, 1.1246462736118157, 0.6074800371892043, 0.3714686610440912, 0.05719399616116806], BATTLES: 216-194-257-304-198-300-209-162-240-
6, 6, 2061, [0.5126930733780426, 1, 0.4628075752789831, 0, 1, 0.5264541125264343, 0, 0, 1, 0.08702404516624523, 0, 0, 0.3119082231334043, 0, 0.9209903260666827, 0.15324954168282667, 0.4212593796772508, 0.624109456926802, 0.871538140481241, 1, 0.36451173949592885, 0.23108341165988255, 0, 1, 0, 1, 0.6673046807964209, 0.7297227710340148, 0.6224748448379334, 0.22774608706500135, 0.1640164768661239, 0.32510508992464837, 0.42187800842852746, 0.29807370662032695, 0.5127416829672935, 0.6967712239169936, 0.9854917759029578, 0.9200687065220703, 0.7843947537229025, 0.42275627124629583, 0.08052933564649392, 1.7712705675750333, 0.45481554042121586, 0.6998946340857561, 0.23868107490961657, 0.19725459557026695, 0.7537370926498316, 0.6088709207649137, 0.5655913683126879, 0.19406732400407095, 0.5174092773835104, 0.21442987004711653, 0.3376192980512914, 1.5452513196396243, 0.8478023419705674, 0.12168964829374197], BATTLES: 241-175-248-282-222-270-231-179-213-
6, 7, 2021, [0.2631405549902144, 0.8478700060788418, 0, 0.3334732223877339, 0.8739449871789821, 0.827075583246655, 1, 0.2576039417846618, 1, 1, 0.4377081368497839, 0, 0.21602043982212965, 1, 0, 0.20772682594686623, 0, 0.5403008037395853, 0.6748797734075189, 1, 0, 1, 0.3098692539798444, 0.7371802012623343, 0, 0, 0, 0.45953859742914266, 0.1401145045510557, 0.8521076048715313, 0.6465703927894565, 0.22165016732936027, 0.10298644560716785, 0.9644422131738276, 0.5432485882657724, 0.02944017763995115, 1.1034907608875388, 0.9791906664612936, 0.04959626634150774, 1.3769951879640514, 0.2410521735514187, 0.8921477080472731, 0.7769151213799067, 0.1155123749393745, 0.5815635620882157, 0.8905862622883349, 0.3731895050602003, 0.35440083344376394, 0.32648826848457685, 0.7534184023658586, 0.5848517546100993, 1.0904630200035277, 0.45772573611164363, 0.9390509419878097, 1.308070011619457, 0.11920051862677442], BATTLES: 246-171-240-297-250-302-165-142-208-
6, 8, 2012, [0.23357577479226613, 0.8842108325462322, 0, 0.2793579306106493, 0.9439272097576323, 1, 1, 0.21005035513880377, 1, 0.6176491122128638, 0.40094013994137456, 0, 0.4792150282776936, 1, 1, 0.12713317564934778, 0.32353660267538586, 0, 0.9222480328590246, 0.8851216520800455, 0, 1, 0.1825489939098681, 0, 0, 0, 0, 0.3461609193413268, 0.15371974291433604, 0.7886416751488229, 0.293459188127373, 0.19092726370827565, 0.07363937334411397, 0.764272053902054, 0.8633035598837316, 0.029610762014645894, 0.9559789204550084, 0.8680124040629681, 0.05629595053770138, 2.119212610638926, 0.21436595057179164, 0.8857320071218328, 0.9648470418490908, 0.12825055239994926, 0.7586840013132534, 0.9075677695932598, 0.2830069742216943, 0.39828722163612196, 0.3452717106927608, 0.7406872854403501, 0.6201882193829314, 1.100617126268628, 0.4307896457674229, 1.2223561437134605, 0.7867825212784233, 0.15304148046971008], BATTLES: 250-151-267-286-256-287-170-134-211-
6, 9, 1994, [0.4752787594780986, 0.8001896813064552, 0.7681633290084544, 0.1940548713354807, 0.4808167211674834, 0.4675811730496795, 0.4529857270358345, 0, 0.6019873754739835, 0, 0, 0, 0.2598390952684304, 1, 0.8613361962529622, 0.8744752426594024, 0.693115827079423, 1, 0.04422367009631478, 1, 0.09593275753518005, 0, 0, 0.8126100389795599, 0.169779185759239, 0.9724956577836572, 1, 0.42614738951785835, 0.8547226272312654, 0.20708825838189127, 0.03196259885706201, 0.16350454172296278, 0.9929112476793455, 0.2628875346321722, 0.43954394673381997, 0.39263351321985596, 0.8256639337705731, 0.7986607428108021, 0.6788199493804818, 0.6248040782509465, 0.08968264251000359, 1.1256444282617126, 1.3177321701508358, 0.4903644868157085, 0.10509117495491013, 0.23095865185758305, 0.586638719615684, 0.29936661096131334, 0.3042487928477915, 0.29831808599394677, 1.1691578377096494, 0.12861338529836908, 0.29813522906469364, 0.45215733575705064, 0.7326024380926675, 0.2887902545849938], BATTLES: 247-168-224-278-199-246-259-182-191-
7, 0, 2089, [0.28356518481991383, 0.6273920358700521, 0.4259686448700892, 0.5691321135576065, 1, 0.8626814683475452, 0, 0, 0.7498347338233544, 0.6358148930750911, 0.8113211236981888, 0.42089110215832887, 0.49225057116857907, 1, 0, 0.682774278107376, 1, 0.9596299273886231, 0, 1, 0.710509224382343, 0.28103019980366606, 0.21843050719378512, 0, 0, 0.8246601778539544, 0, 0, 0.2254441483613437, 0.06495885674908536, 0.030525125346866765, 0.5131835911338988, 0.40078315456578845, 0.30283777896767233, 0.5082032829887584, 1.166843667446717, 0.27981237680183063, 0.29583563151986275, 0.32654905718958926, 0.3186938785037469, 0.09948258256585867, 0.7642138476402632, 0.6681803254383037, 0.3544248777023891, 1.986270122124172, 0.35200623062808756, 0.41554115474614756, 0.6658017910608776, 0.3420181318929687, 0.23638077169671368, 0.3003478241657491, 0.714955557631092, 2.774111000132471, 0.274397145495702, 0.5211169423826582, 0.3573917643337032], BATTLES: 230-196-239-272-263-292-203-170-224-
7, 1, 2070, [0.2552589425468783, 0.7880864981615258, 0.7253146287044329, 0.33944586685942063, 0.641128828326642, 0.6600723736252933, 1, 0, 0.11344206589180617, 0.7099488293762014, 0, 0, 0.3518433073495679, 1, 0.36901517155354324, 0.886697476954434, 0.6424422878114989, 1, 0.5841897709363872, 1, 0.8437764107299794, 0.08826769699498292, 0, 1, 0.17656823848352138, 0.8939057798186529, 1, 0.5015530610248663, 0.6325766798001152, 0.1955576099173728, 0.034316844433675046, 0.13034116410668933, 0.8700538677687047, 0.200655288556569, 0.48342392037732923, 0.5173622428747402, 1.0285553952797628, 0.7937697715007056, 0.8073194603238115, 0.5244546103093486, 0.10220280962358058, 1.2938226269874282, 1.233747968784742, 0.5593065208968121, 0.15191111711134844, 0.3139934931882103, 0.5042177908651332, 0.3857869234587518, 0.4338831230545121, 0.2293979003734533, 1.1121638192838186, 0.14574764049667732, 0.17843699542493685, 0.624798126488383, 0.6876102232160398, 0.2430832250596848], BATTLES: 247-186-244-269-216-265-244-179-220-
7, 2, 2035, [0.24358454247976913, 0.6462757368837471, 0.3894377438841662, 0.4736131152368825, 1, 0.8464232155410263, 0.6569138813481183, 0, 1, 0.3987108149626285, 0.4622810697013109, 0.42503339043563915, 0.5757776871421199, 1, 0.26337423156341744, 0.16227459210951214, 1, 0.5418382743715587, 0, 1, 1, 0.5272912573413882, 0, 0.008127721961689439, 0.1769749367557727, 0.5904672772136692, 0.6405266583932273, 0.03690577369290398, 0.11494911810239972, 0.0811668580718301, 0.022784749794832828, 0.4790214845321241, 0.29515493021692396, 0.42981907546946346, 0.49415832733360604, 0.7590783068861371, 0.2707896538168769, 0.46767744418526525, 0.31374235396243827, 0.25385716022051064, 0.13690044823105768, 0.638225574920563, 0.39583456410503576, 0.48150302977183623, 0.8937922620966733, 0.2943387929423391, 0.4458379568762184, 0.6370245643190233, 0.3193589846025179, 0.1549982725557625, 0.3241460636302884, 0.75604889061515, 1.3753505117028437, 0.20407528441819484, 0.7000800272827349, 0.3029399480657632], BATTLES: 213-170-238-280-254-302-181-153-244-
7, 3, 2018, [0.4787998084305549, 0.7154829295817114, 0.3813501544392323, 0.31034791814105556, 0.8041372675246157, 0.8651963889552744, 0, 0.007459650138246619, 1, 1, 0.494696235255534, 0, 0.4809142668343789, 1, 0.08029940637058158, 0.8177561586862864, 0.8491403275327212, 0.25065115378550046, 0.17758805879102565, 1, 0.8594969296463105, 0.41679132015941744, 0, 0.29863181872954253, 0.9944637050208169, 0.5737531837856206, 0.49506449518620976, 0, 0.12638266777668752, 0.06208604356640728, 0.01535421461837645, 0.3958171433366595, 0.28338496886612313, 0.3196402940650957, 0.6263449302983954, 0.9573744593903033, 0.30472000239071184, 0.3968556338719436, 0.3664762062919113, 0.3235685407869035, 0.15021654501922904, 0.4071078538065558, 0.33433458583218184, 0.26301776033032354, 0.8638645993380218, 0.477624881947973, 0.6472717505783935, 0.683115770213442, 0.4283441505146805, 0.12640394464459787, 0.12566341134613168, 0.5719888222302767, 0.7274899680531207, 0.15667947747970717, 0.5073511698241046, 0.35173654766518286], BATTLES: 226-174-245-240-226-291-203-177-236-
7, 4, 2004, [0.8027769344711227, 0.5003666619135431, 1, 0.768861821582681, 0.8363396518393601, 1, 0.3400647223082619, 0.22879544870554294, 0, 0.7448160531079866, 0.31256231116900246, 0, 0.20110715980351068, 0.96568865893558, 0.3133953592579717, 0.3377394749937796, 0.9599693331777345, 1, 0.5662265266682223, 1, 0, 0.8667566628066921, 0.3502692629871258, 0, 0, 0.3092340272726422, 0.5446067740734477, 0.2526478723310201, 0.16797831184750467, 2.051527914937482, 0.7105307801530083, 0.2576032359610729, 0.09680839103636518, 0.42002629096916094, 1.9567147435473184, 0.038439972027155246, 2.269104359507103, 0.5247277780574225, 0.09593460196469711, 1.1661193555498015, 0.31253517464197655, 0.6263839520593628, 0.4161793175229447, 0.0989346273684965, 0.571000494414924, 1.0911340030337637, 0.2249599132731766, 0.32334360353298686, 0.3613166835567072, 0.589716892328233, 0.5650053655445627, 1.124624608664114, 1.6503861090857228, 0.38541626105502924, 0.2520912807627509, 0.06840300714063381], BATTLES: 237-219-238-257-207-272-214-175-185-
7, 5, 1999, [0.34790947635907443, 0.8238548604169365, 0.3611428840125471, 0.5471813063342214, 1, 0.9228116442215702, 0, 0.03215787487386965, 0.8226374693590193, 1, 0.47477813383485123, 0, 0.6107687373882518, 1, 0.37661467696494466, 0.8371457932899745, 1, 0.09888076471692053, 0.6635833692628987, 1, 0.6113313647548791, 0.5181873856807119, 0.11639158174550351, 0, 0.3809223556915381, 0.5948220053590615, 0.37214474673835807, 0, 0.1859312207808463, 0.07844911753056963, 0.015998188349914365, 0.38435152348341384, 0.31030430109174245, 0.24433238129025217, 0.9582000608260338, 0.7833557985715374, 0.2570369764001724, 0.4136372767149239, 0.2209831338704473, 0.3559552889804166, 0.09210515344033082, 0.6580675405978001, 0.4088115841050535, 0.17538582760733, 1.350310087587225, 0.3803210221028962, 0.7728698931566971, 0.5455509632625081, 0.34055785893297735, 0.19182714754365018, 0.10021201346867632, 0.4159226622065846, 0.5986919018414054, 0.1285325527217925, 0.6952143701884601, 0.28968058011907805], BATTLES: 213-174-237-270-251-288-185-153-228-
7, 6, 1980, [0.06614873051546521, 0.9915868053228287, 0.7399002508747171, 0.24227122795627598, 0.5948519736986293, 0.6005233547652482, 0.9746010521680142, 0.01885342676305357, 0.832002318118895, 0.5721142664083229, 0.018391858942998995, 0.25809738983782926, 0.37778879453825864, 0.1200010930646419, 0.5892349563769457, 0.7811467772751577, 0.6126010376398442, 0.7570386544515546, 0.9944828108690468, 0.9993066551554906, 0.5460949590308677, 0.11243766001848876, 0.3629306422164089, 0.7123542873062161, 0.2230447004269296, 0.4865014918444045, 0.5891988786388324, 0.6356666360135984, 0.8731089879506759, 0.29522074046246927, 0.08573199666654074, 0.3189970305865507, 0.6758957621617444, 0.3277459929892983, 0.38790696323376916, 0.7218930681099369, 0.8852772264771903, 0.7633562503504411, 0.9808591776675858, 0.4151851527640251, 0.08786092809462576, 0.9813215554318043, 0.863330180172235, 0.6824968950260938, 0.1714513255283715, 0.28954727853160833, 0.4502829237356025, 0.5354781089097421, 0.489222517637077, 0.23330634427999464, 0.44195031816290453, 0.18637464239367918, 0.26604507668001265, 0.5707978823016169, 0.8563272124560601, 0.22931441290944032], BATTLES: 239-175-242-264-229-275-178-165-213-
7, 7, 1944, [0.5126930733780426, 1, 0.4628075752789831, 0, 1, 0.5264541125264343, 0, 0, 1, 0.08702404516624523, 0, 0, 0.3119082231334043, 0, 0.9209903260666827, 0.15324954168282667, 0.4212593796772508, 0.624109456926802, 0.871538140481241, 1, 0.36451173949592885, 0.23108341165988255, 0, 1, 0, 1, 0.6673046807964209, 0.7297227710340148, 0.6224748448379334, 0.22774608706500135, 0.1640164768661239, 0.32510508992464837, 0.42187800842852746, 0.29807370662032695, 0.5127416829672935, 0.6967712239169936, 0.9854917759029578, 0.9200687065220703, 0.7843947537229025, 0.42275627124629583, 0.08052933564649392, 1.7712705675750333, 0.45481554042121586, 0.6998946340857561, 0.23868107490961657, 0.19725459557026695, 0.7537370926498316, 0.6088709207649137, 0.5655913683126879, 0.19406732400407095, 0.5174092773835104, 0.21442987004711653, 0.3376192980512914, 1.5452513196396243, 0.8478023419705674, 0.12168964829374197], BATTLES: 202-160-208-267-201-246-250-178-232-
7, 8, 1936, [0.23357577479226613, 0.8842108325462322, 0, 0.2793579306106493, 0.9439272097576323, 1, 1, 0.21005035513880377, 1, 0.6176491122128638, 0.40094013994137456, 0, 0.4792150282776936, 1, 1, 0.12713317564934778, 0.32353660267538586, 0, 0.9222480328590246, 0.8851216520800455, 0, 1, 0.1825489939098681, 0, 0, 0, 0, 0.3461609193413268, 0.15371974291433604, 0.7886416751488229, 0.293459188127373, 0.19092726370827565, 0.07363937334411397, 0.764272053902054, 0.8633035598837316, 0.029610762014645894, 0.9559789204550084, 0.8680124040629681, 0.05629595053770138, 2.119212610638926, 0.21436595057179164, 0.8857320071218328, 0.9648470418490908, 0.12825055239994926, 0.7586840013132534, 0.9075677695932598, 0.2830069742216943, 0.39828722163612196, 0.3452717106927608, 0.7406872854403501, 0.6201882193829314, 1.100617126268628, 0.4307896457674229, 1.2223561437134605, 0.7867825212784233, 0.15304148046971008], BATTLES: 203-170-241-265-238-292-168-141-218-
7, 9, 1921, [0.4752787594780986, 0.8001896813064552, 0.7681633290084544, 0.1940548713354807, 0.4808167211674834, 0.4675811730496795, 0.4529857270358345, 0, 0.6019873754739835, 0, 0, 0, 0.2598390952684304, 1, 0.8613361962529622, 0.8744752426594024, 0.693115827079423, 1, 0.04422367009631478, 1, 0.09593275753518005, 0, 0, 0.8126100389795599, 0.169779185759239, 0.9724956577836572, 1, 0.42614738951785835, 0.8547226272312654, 0.20708825838189127, 0.03196259885706201, 0.16350454172296278, 0.9929112476793455, 0.2628875346321722, 0.43954394673381997, 0.39263351321985596, 0.8256639337705731, 0.7986607428108021, 0.6788199493804818, 0.6248040782509465, 0.08968264251000359, 1.1256444282617126, 1.3177321701508358, 0.4903644868157085, 0.10509117495491013, 0.23095865185758305, 0.586638719615684, 0.29936661096131334, 0.3042487928477915, 0.29831808599394677, 1.1691578377096494, 0.12861338529836908, 0.29813522906469364, 0.45215733575705064, 0.7326024380926675, 0.2887902545849938], BATTLES: 247-165-198-236-183-249-249-204-190-
8, 0, 1966, [0.28356518481991383, 0.6273920358700521, 0.4259686448700892, 0.5691321135576065, 1, 0.8626814683475452, 0, 0, 0.7498347338233544, 0.6358148930750911, 0.8113211236981888, 0.42089110215832887, 0.49225057116857907, 1, 0, 0.682774278107376, 1, 0.9596299273886231, 0, 1, 0.710509224382343, 0.28103019980366606, 0.21843050719378512, 0, 0, 0.8246601778539544, 0, 0, 0.2254441483613437, 0.06495885674908536, 0.030525125346866765, 0.5131835911338988, 0.40078315456578845, 0.30283777896767233, 0.5082032829887584, 1.166843667446717, 0.27981237680183063, 0.29583563151986275, 0.32654905718958926, 0.3186938785037469, 0.09948258256585867, 0.7642138476402632, 0.6681803254383037, 0.3544248777023891, 1.986270122124172, 0.35200623062808756, 0.41554115474614756, 0.6658017910608776, 0.3420181318929687, 0.23638077169671368, 0.3003478241657491, 0.714955557631092, 2.774111000132471, 0.274397145495702, 0.5211169423826582, 0.3573917643337032], BATTLES: 232-188-230-253-243-282-171-159-208-
8, 1, 1932, [0.34790947635907443, 0.8238548604169365, 0.3611428840125471, 0.5471813063342214, 1, 0.9228116442215702, 0, 0.03215787487386965, 0.8226374693590193, 1, 0.47477813383485123, 0, 0.6107687373882518, 1, 0.37661467696494466, 0.8371457932899745, 1, 0.09888076471692053, 0.6635833692628987, 1, 0.6113313647548791, 0.5181873856807119, 0.11639158174550351, 0, 0.3809223556915381, 0.5948220053590615, 0.37214474673835807, 0, 0.1859312207808463, 0.07844911753056963, 0.015998188349914365, 0.38435152348341384, 0.31030430109174245, 0.24433238129025217, 0.9582000608260338, 0.7833557985715374, 0.2570369764001724, 0.4136372767149239, 0.2209831338704473, 0.3559552889804166, 0.09210515344033082, 0.6580675405978001, 0.4088115841050535, 0.17538582760733, 1.350310087587225, 0.3803210221028962, 0.7728698931566971, 0.5455509632625081, 0.34055785893297735, 0.19182714754365018, 0.10021201346867632, 0.4159226622065846, 0.5986919018414054, 0.1285325527217925, 0.6952143701884601, 0.28968058011907805], BATTLES: 206-181-227-265-256-296-158-129-214-
8, 2, 1901, [0.2552589425468783, 0.7880864981615258, 0.7253146287044329, 0.33944586685942063, 0.641128828326642, 0.6600723736252933, 1, 0, 0.11344206589180617, 0.7099488293762014, 0, 0, 0.3518433073495679, 1, 0.36901517155354324, 0.886697476954434, 0.6424422878114989, 1, 0.5841897709363872, 1, 0.8437764107299794, 0.08826769699498292, 0, 1, 0.17656823848352138, 0.8939057798186529, 1, 0.5015530610248663, 0.6325766798001152, 0.1955576099173728, 0.034316844433675046, 0.13034116410668933, 0.8700538677687047, 0.200655288556569, 0.48342392037732923, 0.5173622428747402, 1.0285553952797628, 0.7937697715007056, 0.8073194603238115, 0.5244546103093486, 0.10220280962358058, 1.2938226269874282, 1.233747968784742, 0.5593065208968121, 0.15191111711134844, 0.3139934931882103, 0.5042177908651332, 0.3857869234587518, 0.4338831230545121, 0.2293979003734533, 1.1121638192838186, 0.14574764049667732, 0.17843699542493685, 0.624798126488383, 0.6876102232160398, 0.2430832250596848], BATTLES: 211-163-196-259-225-254-229-163-201-
8, 3, 1867, [0.8027769344711227, 0.5003666619135431, 1, 0.768861821582681, 0.8363396518393601, 1, 0.3400647223082619, 0.22879544870554294, 0, 0.7448160531079866, 0.31256231116900246, 0, 0.20110715980351068, 0.96568865893558, 0.3133953592579717, 0.3377394749937796, 0.9599693331777345, 1, 0.5662265266682223, 1, 0, 0.8667566628066921, 0.3502692629871258, 0, 0, 0.3092340272726422, 0.5446067740734477, 0.2526478723310201, 0.16797831184750467, 2.051527914937482, 0.7105307801530083, 0.2576032359610729, 0.09680839103636518, 0.42002629096916094, 1.9567147435473184, 0.038439972027155246, 2.269104359507103, 0.5247277780574225, 0.09593460196469711, 1.1661193555498015, 0.31253517464197655, 0.6263839520593628, 0.4161793175229447, 0.0989346273684965, 0.571000494414924, 1.0911340030337637, 0.2249599132731766, 0.32334360353298686, 0.3613166835567072, 0.589716892328233, 0.5650053655445627, 1.124624608664114, 1.6503861090857228, 0.38541626105502924, 0.2520912807627509, 0.06840300714063381], BATTLES: 238-215-205-260-178-250-189-143-189-
8, 4, 1864, [0.4787998084305549, 0.7154829295817114, 0.3813501544392323, 0.31034791814105556, 0.8041372675246157, 0.8651963889552744, 0, 0.007459650138246619, 1, 1, 0.494696235255534, 0, 0.4809142668343789, 1, 0.08029940637058158, 0.8177561586862864, 0.8491403275327212, 0.25065115378550046, 0.17758805879102565, 1, 0.8594969296463105, 0.41679132015941744, 0, 0.29863181872954253, 0.9944637050208169, 0.5737531837856206, 0.49506449518620976, 0, 0.12638266777668752, 0.06208604356640728, 0.01535421461837645, 0.3958171433366595, 0.28338496886612313, 0.3196402940650957, 0.6263449302983954, 0.9573744593903033, 0.30472000239071184, 0.3968556338719436, 0.3664762062919113, 0.3235685407869035, 0.15021654501922904, 0.4071078538065558, 0.33433458583218184, 0.26301776033032354, 0.8638645993380218, 0.477624881947973, 0.6472717505783935, 0.683115770213442, 0.4283441505146805, 0.12640394464459787, 0.12566341134613168, 0.5719888222302767, 0.7274899680531207, 0.15667947747970717, 0.5073511698241046, 0.35173654766518286], BATTLES: 216-143-234-242-194-263-191-165-216-
8, 5, 1841, [0.06614873051546521, 0.9915868053228287, 0.7399002508747171, 0.24227122795627598, 0.5948519736986293, 0.6005233547652482, 0.9746010521680142, 0.01885342676305357, 0.832002318118895, 0.5721142664083229, 0.018391858942998995, 0.25809738983782926, 0.37778879453825864, 0.1200010930646419, 0.5892349563769457, 0.7811467772751577, 0.6126010376398442, 0.7570386544515546, 0.9944828108690468, 0.9993066551554906, 0.5460949590308677, 0.11243766001848876, 0.3629306422164089, 0.7123542873062161, 0.2230447004269296, 0.4865014918444045, 0.5891988786388324, 0.6356666360135984, 0.8731089879506759, 0.29522074046246927, 0.08573199666654074, 0.3189970305865507, 0.6758957621617444, 0.3277459929892983, 0.38790696323376916, 0.7218930681099369, 0.8852772264771903, 0.7633562503504411, 0.9808591776675858, 0.4151851527640251, 0.08786092809462576, 0.9813215554318043, 0.863330180172235, 0.6824968950260938, 0.1714513255283715, 0.28954727853160833, 0.4502829237356025, 0.5354781089097421, 0.489222517637077, 0.23330634427999464, 0.44195031816290453, 0.18637464239367918, 0.26604507668001265, 0.5707978823016169, 0.8563272124560601, 0.22931441290944032], BATTLES: 221-180-243-240-224-248-146-138-201-
8, 6, 1830, [0.29770309218267, 0.6631796892335396, 0.3807442314733417, 0.039768359082859195, 0.8535411542058265, 1, 0, 0, 0.941346029615943, 1, 0, 0.4268084939383441, 0.16481015400975052, 0.864773415844275, 0.5217408280274687, 1, 1, 0.7432640998614628, 0, 1, 0.7248565516297442, 0.430237856451777, 0, 0.13861121127111137, 1, 0.3802545780797688, 1, 0.5974146259692865, 0.11933503025495647, 0.06488415025573299, 0.021322621716144553, 0.3625635276533094, 0.3623366626897359, 0.17007975718331184, 0.4331167974323009, 0.8067201492074808, 0.3551791543237061, 0.28863955804316227, 0.27647495991245197, 0.20138101432753291, 0.2385424680826334, 0.4333884480366739, 0.3634005096201041, 0.3841226988423556, 1.0957286371506882, 0.3495571978538638, 0.45654442539797024, 0.997756967856623, 0.29307567358386455, 0.12122568543272938, 0.20102531487546557, 0.4787369165985196, 0.8263849965601658, 0.18014487094618642, 0.501017561010419, 0.3500786885033824], BATTLES: 196-148-250-212-201-262-171-150-240-
8, 7, 1828, [0.24358454247976913, 0.6462757368837471, 0.3894377438841662, 0.4736131152368825, 1, 0.8464232155410263, 0.6569138813481183, 0, 1, 0.3987108149626285, 0.4622810697013109, 0.42503339043563915, 0.5757776871421199, 1, 0.26337423156341744, 0.16227459210951214, 1, 0.5418382743715587, 0, 1, 1, 0.5272912573413882, 0, 0.008127721961689439, 0.1769749367557727, 0.5904672772136692, 0.6405266583932273, 0.03690577369290398, 0.11494911810239972, 0.0811668580718301, 0.022784749794832828, 0.4790214845321241, 0.29515493021692396, 0.42981907546946346, 0.49415832733360604, 0.7590783068861371, 0.2707896538168769, 0.46767744418526525, 0.31374235396243827, 0.25385716022051064, 0.13690044823105768, 0.638225574920563, 0.39583456410503576, 0.48150302977183623, 0.8937922620966733, 0.2943387929423391, 0.4458379568762184, 0.6370245643190233, 0.3193589846025179, 0.1549982725557625, 0.3241460636302884, 0.75604889061515, 1.3753505117028437, 0.20407528441819484, 0.7000800272827349, 0.3029399480657632], BATTLES: 200-150-217-258-223-281-141-125-233-
8, 8, 1821, [0.3768825950984045, 0.6880043076695574, 0.4222845107576507, 0.7795256961489149, 1, 1, 0.478723159879783, 0.3675516374618707, 1, 0.3845261109847272, 0.3525450215594235, 0.8892856327800716, 0.4894782826052495, 1, 0.14300737654749157, 0.3341235011034788, 0.7467032937543112, 0.39995202043830425, 0.800343737134024, 0.5637775399275751, 1, 0.38907906682994853, 0.1146621611480216, 0, 0, 0.88414446799884, 1, 0, 0.22627430932552886, 0.0541457413371822, 0.0340925813277408, 0.7174622360999713, 0.41471016475480305, 0.3298045910330147, 0.6769590853692381, 0.9963187302406087, 0.4275361688122244, 0.38900002220973473, 0.47500257295743753, 0.6850475344685061, 0.09825732339826093, 1.3026308069850365, 1.093118742153515, 0.37426401064431375, 1.512647906439845, 0.33726169893701347, 0.5744475091592145, 0.5741728406518852, 0.32123659539682353, 0.25263134970788637, 0.28144354891210493, 1.0226309749033713, 2.107006705435402, 0.35396701488121673, 0.44222621862549594, 0.39304600398370004], BATTLES: 196-129-220-262-227-278-176-132-201-
8, 9, 1806, [0.5126930733780426, 1, 0.4628075752789831, 0, 1, 0.5264541125264343, 0, 0, 1, 0.08702404516624523, 0, 0, 0.3119082231334043, 0, 0.9209903260666827, 0.15324954168282667, 0.4212593796772508, 0.624109456926802, 0.871538140481241, 1, 0.36451173949592885, 0.23108341165988255, 0, 1, 0, 1, 0.6673046807964209, 0.7297227710340148, 0.6224748448379334, 0.22774608706500135, 0.1640164768661239, 0.32510508992464837, 0.42187800842852746, 0.29807370662032695, 0.5127416829672935, 0.6967712239169936, 0.9854917759029578, 0.9200687065220703, 0.7843947537229025, 0.42275627124629583, 0.08052933564649392, 1.7712705675750333, 0.45481554042121586, 0.6998946340857561, 0.23868107490961657, 0.19725459557026695, 0.7537370926498316, 0.6088709207649137, 0.5655913683126879, 0.19406732400407095, 0.5174092773835104, 0.21442987004711653, 0.3376192980512914, 1.5452513196396243, 0.8478023419705674, 0.12168964829374197], BATTLES: 191-142-194-251-200-247-209-168-204-
9, 0, 2260, [0.36663755975402906, 0.7180767298003746, 0.4571212892772482, 0.38706711584777964, 0.8417288315322851, 1, 0.6458150043685406, 0, 0.5602710251334875, 0.35406665140336196, 0.7768455131250489, 0, 0.5129205811417046, 1, 0.5401713828425245, 0.4812488419218113, 0, 0.43499739820214534, 0, 1, 1, 0.13963733211640417, 0, 0.08679273453805694, 0, 0.30909831826438594, 0, 0.6309262867384305, 0.17092059416214614, 0.05291566448956136, 0.031146505070553828, 0.4817301004955991, 0.30524513288854416, 0.24349353891033382, 0.6951588400909834, 1.3731894374860159, 0.17651853004642082, 0.2311880904642223, 0.22575793079152526, 0.3617869094096116, 0.1151697562622772, 0.9025883372641, 0.31943657178242163, 0.40252604417641197, 2.809381550865595, 0.37734202046033005, 0.2859733419937553, 0.5960906714272408, 0.38327971364465324, 0.2377727903793715, 0.31048701499348064, 0.7279304473039243, 2.2853175183302854, 0.268003569418166, 0.4212648995035579, 0.2740786342744269], BATTLES: 245-212-267-300-258-303-239-192-244-
9, 1, 2218, [0.28356518481991383, 0.6273920358700521, 0.4259686448700892, 0.5691321135576065, 1, 0.8626814683475452, 0, 0, 0.7498347338233544, 0.6358148930750911, 0.8113211236981888, 0.42089110215832887, 0.49225057116857907, 1, 0, 0.682774278107376, 1, 0.9596299273886231, 0, 1, 0.710509224382343, 0.28103019980366606, 0.21843050719378512, 0, 0, 0.8246601778539544, 0, 0, 0.2254441483613437, 0.06495885674908536, 0.030525125346866765, 0.5131835911338988, 0.40078315456578845, 0.30283777896767233, 0.5082032829887584, 1.166843667446717, 0.27981237680183063, 0.29583563151986275, 0.32654905718958926, 0.3186938785037469, 0.09948258256585867, 0.7642138476402632, 0.6681803254383037, 0.3544248777023891, 1.986270122124172, 0.35200623062808756, 0.41554115474614756, 0.6658017910608776, 0.3420181318929687, 0.23638077169671368, 0.3003478241657491, 0.714955557631092, 2.774111000132471, 0.274397145495702, 0.5211169423826582, 0.3573917643337032], BATTLES: 245-203-256-297-275-296-230-182-234-
9, 2, 2176, [0.2552589425468783, 0.7880864981615258, 0.7253146287044329, 0.33944586685942063, 0.641128828326642, 0.6600723736252933, 1, 0, 0.11344206589180617, 0.7099488293762014, 0, 0, 0.3518433073495679, 1, 0.36901517155354324, 0.886697476954434, 0.6424422878114989, 1, 0.5841897709363872, 1, 0.8437764107299794, 0.08826769699498292, 0, 1, 0.17656823848352138, 0.8939057798186529, 1, 0.5015530610248663, 0.6325766798001152, 0.1955576099173728, 0.034316844433675046, 0.13034116410668933, 0.8700538677687047, 0.200655288556569, 0.48342392037732923, 0.5173622428747402, 1.0285553952797628, 0.7937697715007056, 0.8073194603238115, 0.5244546103093486, 0.10220280962358058, 1.2938226269874282, 1.233747968784742, 0.5593065208968121, 0.15191111711134844, 0.3139934931882103, 0.5042177908651332, 0.3857869234587518, 0.4338831230545121, 0.2293979003734533, 1.1121638192838186, 0.14574764049667732, 0.17843699542493685, 0.624798126488383, 0.6876102232160398, 0.2430832250596848], BATTLES: 251-212-252-287-230-281-251-182-230-
9, 3, 2144, [0.34790947635907443, 0.8238548604169365, 0.3611428840125471, 0.5471813063342214, 1, 0.9228116442215702, 0, 0.03215787487386965, 0.8226374693590193, 1, 0.47477813383485123, 0, 0.6107687373882518, 1, 0.37661467696494466, 0.8371457932899745, 1, 0.09888076471692053, 0.6635833692628987, 1, 0.6113313647548791, 0.5181873856807119, 0.11639158174550351, 0, 0.3809223556915381, 0.5948220053590615, 0.37214474673835807, 0, 0.1859312207808463, 0.07844911753056963, 0.015998188349914365, 0.38435152348341384, 0.31030430109174245, 0.24433238129025217, 0.9582000608260338, 0.7833557985715374, 0.2570369764001724, 0.4136372767149239, 0.2209831338704473, 0.3559552889804166, 0.09210515344033082, 0.6580675405978001, 0.4088115841050535, 0.17538582760733, 1.350310087587225, 0.3803210221028962, 0.7728698931566971, 0.5455509632625081, 0.34055785893297735, 0.19182714754365018, 0.10021201346867632, 0.4159226622065846, 0.5986919018414054, 0.1285325527217925, 0.6952143701884601, 0.28968058011907805], BATTLES: 232-214-261-298-263-298-188-153-237-
9, 4, 2139, [0.3446939443804139, 0.317300812391939, 0.7881254898908242, 0.29578532118078743, 0.6582282583460477, 0.8147923890885564, 1, 0, 0, 1, 0, 0, 0.3643194708068196, 1, 0, 0, 0.6918994030418573, 0.39831048246524126, 1, 1, 1, 0.37427811751782053, 0.5114457695347467, 1, 0.25550944086487637, 0.3705768073056319, 0, 0.4403147877407065, 0.6974082769042749, 0.30340998018960574, 0.04187190127326364, 0.14754510012956468, 0.9470215453873976, 0.2539498563335638, 0.4936384079317759, 0.3994580718547297, 1.6597857717415467, 0.720645290688069, 0.8720164498102273, 0.3775546228742432, 0.0834042083012531, 1.957467740340044, 1.3144878344643813, 0.854742976828355, 0.1419075445228195, 0.30096572683357764, 0.5453941597805655, 0.4710007089923049, 0.3883562157092512, 0.196274344544402, 1.0664792823399891, 0.1438150361683409, 0.1363233318939605, 0.4952267697390098, 0.9443843475107777, 0.18673053917317733], BATTLES: 273-227-230-298-243-263-210-180-215-
9, 5, 2135, [0.29770309218267, 0.6631796892335396, 0.3807442314733417, 0.039768359082859195, 0.8535411542058265, 1, 0, 0, 0.941346029615943, 1, 0, 0.4268084939383441, 0.16481015400975052, 0.864773415844275, 0.5217408280274687, 1, 1, 0.7432640998614628, 0, 1, 0.7248565516297442, 0.430237856451777, 0, 0.13861121127111137, 1, 0.3802545780797688, 1, 0.5974146259692865, 0.11933503025495647, 0.06488415025573299, 0.021322621716144553, 0.3625635276533094, 0.3623366626897359, 0.17007975718331184, 0.4331167974323009, 0.8067201492074808, 0.3551791543237061, 0.28863955804316227, 0.27647495991245197, 0.20138101432753291, 0.2385424680826334, 0.4333884480366739, 0.3634005096201041, 0.3841226988423556, 1.0957286371506882, 0.3495571978538638, 0.45654442539797024, 0.997756967856623, 0.29307567358386455, 0.12122568543272938, 0.20102531487546557, 0.4787369165985196, 0.8263849965601658, 0.18014487094618642, 0.501017561010419, 0.3500786885033824], BATTLES: 236-207-263-255-227-295-206-195-251-
9, 6, 2119, [0.06614873051546521, 0.9915868053228287, 0.7399002508747171, 0.24227122795627598, 0.5948519736986293, 0.6005233547652482, 0.9746010521680142, 0.01885342676305357, 0.832002318118895, 0.5721142664083229, 0.018391858942998995, 0.25809738983782926, 0.37778879453825864, 0.1200010930646419, 0.5892349563769457, 0.7811467772751577, 0.6126010376398442, 0.7570386544515546, 0.9944828108690468, 0.9993066551554906, 0.5460949590308677, 0.11243766001848876, 0.3629306422164089, 0.7123542873062161, 0.2230447004269296, 0.4865014918444045, 0.5891988786388324, 0.6356666360135984, 0.8731089879506759, 0.29522074046246927, 0.08573199666654074, 0.3189970305865507, 0.6758957621617444, 0.3277459929892983, 0.38790696323376916, 0.7218930681099369, 0.8852772264771903, 0.7633562503504411, 0.9808591776675858, 0.4151851527640251, 0.08786092809462576, 0.9813215554318043, 0.863330180172235, 0.6824968950260938, 0.1714513255283715, 0.28954727853160833, 0.4502829237356025, 0.5354781089097421, 0.489222517637077, 0.23330634427999464, 0.44195031816290453, 0.18637464239367918, 0.26604507668001265, 0.5707978823016169, 0.8563272124560601, 0.22931441290944032], BATTLES: 244-207-276-277-244-271-197-183-220-
9, 7, 2105, [0.8027769344711227, 0.5003666619135431, 1, 0.768861821582681, 0.8363396518393601, 1, 0.3400647223082619, 0.22879544870554294, 0, 0.7448160531079866, 0.31256231116900246, 0, 0.20110715980351068, 0.96568865893558, 0.3133953592579717, 0.3377394749937796, 0.9599693331777345, 1, 0.5662265266682223, 1, 0, 0.8667566628066921, 0.3502692629871258, 0, 0, 0.3092340272726422, 0.5446067740734477, 0.2526478723310201, 0.16797831184750467, 2.051527914937482, 0.7105307801530083, 0.2576032359610729, 0.09680839103636518, 0.42002629096916094, 1.9567147435473184, 0.038439972027155246, 2.269104359507103, 0.5247277780574225, 0.09593460196469711, 1.1661193555498015, 0.31253517464197655, 0.6263839520593628, 0.4161793175229447, 0.0989346273684965, 0.571000494414924, 1.0911340030337637, 0.2249599132731766, 0.32334360353298686, 0.3613166835567072, 0.589716892328233, 0.5650053655445627, 1.124624608664114, 1.6503861090857228, 0.38541626105502924, 0.2520912807627509, 0.06840300714063381], BATTLES: 269-233-252-270-218-268-200-201-194-
9, 8, 2096, [0.4787998084305549, 0.7154829295817114, 0.3813501544392323, 0.31034791814105556, 0.8041372675246157, 0.8651963889552744, 0, 0.007459650138246619, 1, 1, 0.494696235255534, 0, 0.4809142668343789, 1, 0.08029940637058158, 0.8177561586862864, 0.8491403275327212, 0.25065115378550046, 0.17758805879102565, 1, 0.8594969296463105, 0.41679132015941744, 0, 0.29863181872954253, 0.9944637050208169, 0.5737531837856206, 0.49506449518620976, 0, 0.12638266777668752, 0.06208604356640728, 0.01535421461837645, 0.3958171433366595, 0.28338496886612313, 0.3196402940650957, 0.6263449302983954, 0.9573744593903033, 0.30472000239071184, 0.3968556338719436, 0.3664762062919113, 0.3235685407869035, 0.15021654501922904, 0.4071078538065558, 0.33433458583218184, 0.26301776033032354, 0.8638645993380218, 0.477624881947973, 0.6472717505783935, 0.683115770213442, 0.4283441505146805, 0.12640394464459787, 0.12566341134613168, 0.5719888222302767, 0.7274899680531207, 0.15667947747970717, 0.5073511698241046, 0.35173654766518286], BATTLES: 236-195-253-268-231-265-226-189-233-
9, 9, 2092, [0.26091344886015244, 0.6050384189656868, 0.41862671896256853, 0.20243924884331804, 1, 1, 1, 0, 1, 0.3135389296511805, 0, 0.5754508014655696, 0.3896817698376194, 0.638771628199166, 0, 0, 1, 0.9361203907029263, 0.012871752114440329, 0, 0.8195792606064051, 0.4176711259842528, 0, 0.4007524651528131, 0.05041300387663955, 0.3821105717721171, 0.01096485507447098, 0.7178345224080763, 0.18616235158679437, 0.08689404825180133, 0.027110045909377174, 0.639699069727103, 0.3220169004547748, 0.4667858273460545, 0.45208994339446235, 0.5183407663758625, 0.23139971716759286, 0.25226219279880824, 0.2794813620056496, 0.27128001128163953, 0.0887466351569419, 0.546998335842623, 0.6063437547101462, 0.6612012112868114, 0.9640892414128329, 0.22540517743182992, 0.49754852659772664, 0.6251619711761179, 0.1832960034963091, 0.13043911642385242, 0.31268911570862795, 0.6456346190290904, 0.7995957318909329, 0.16355418779784114, 1.0779435817933893, 0.33934435872131435], BATTLES: 227-186-254-287-245-288-199-158-248-
10, 0, 2125, [0.36663755975402906, 0.7180767298003746, 0.4571212892772482, 0.38706711584777964, 0.8417288315322851, 1, 0.6458150043685406, 0, 0.5602710251334875, 0.35406665140336196, 0.7768455131250489, 0, 0.5129205811417046, 1, 0.5401713828425245, 0.4812488419218113, 0, 0.43499739820214534, 0, 1, 1, 0.13963733211640417, 0, 0.08679273453805694, 0, 0.30909831826438594, 0, 0.6309262867384305, 0.17092059416214614, 0.05291566448956136, 0.031146505070553828, 0.4817301004955991, 0.30524513288854416, 0.24349353891033382, 0.6951588400909834, 1.3731894374860159, 0.17651853004642082, 0.2311880904642223, 0.22575793079152526, 0.3617869094096116, 0.1151697562622772, 0.9025883372641, 0.31943657178242163, 0.40252604417641197, 2.809381550865595, 0.37734202046033005, 0.2859733419937553, 0.5960906714272408, 0.38327971364465324, 0.2377727903793715, 0.31048701499348064, 0.7279304473039243, 2.2853175183302854, 0.268003569418166, 0.4212648995035579, 0.2740786342744269], BATTLES: 230-197-258-272-258-289-230-174-217-
10, 1, 2103, [0.34790947635907443, 0.8238548604169365, 0.3611428840125471, 0.5471813063342214, 1, 0.9228116442215702, 0, 0.03215787487386965, 0.8226374693590193, 1, 0.47477813383485123, 0, 0.6107687373882518, 1, 0.37661467696494466, 0.8371457932899745, 1, 0.09888076471692053, 0.6635833692628987, 1, 0.6113313647548791, 0.5181873856807119, 0.11639158174550351, 0, 0.3809223556915381, 0.5948220053590615, 0.37214474673835807, 0, 0.1859312207808463, 0.07844911753056963, 0.015998188349914365, 0.38435152348341384, 0.31030430109174245, 0.24433238129025217, 0.9582000608260338, 0.7833557985715374, 0.2570369764001724, 0.4136372767149239, 0.2209831338704473, 0.3559552889804166, 0.09210515344033082, 0.6580675405978001, 0.4088115841050535, 0.17538582760733, 1.350310087587225, 0.3803210221028962, 0.7728698931566971, 0.5455509632625081, 0.34055785893297735, 0.19182714754365018, 0.10021201346867632, 0.4159226622065846, 0.5986919018414054, 0.1285325527217925, 0.6952143701884601, 0.28968058011907805], BATTLES: 234-202-253-280-258-306-186-163-221-
10, 2, 2091, [0.28356518481991383, 0.6273920358700521, 0.4259686448700892, 0.5691321135576065, 1, 0.8626814683475452, 0, 0, 0.7498347338233544, 0.6358148930750911, 0.8113211236981888, 0.42089110215832887, 0.49225057116857907, 1, 0, 0.682774278107376, 1, 0.9596299273886231, 0, 1, 0.710509224382343, 0.28103019980366606, 0.21843050719378512, 0, 0, 0.8246601778539544, 0, 0, 0.2254441483613437, 0.06495885674908536, 0.030525125346866765, 0.5131835911338988, 0.40078315456578845, 0.30283777896767233, 0.5082032829887584, 1.166843667446717, 0.27981237680183063, 0.29583563151986275, 0.32654905718958926, 0.3186938785037469, 0.09948258256585867, 0.7642138476402632, 0.6681803254383037, 0.3544248777023891, 1.986270122124172, 0.35200623062808756, 0.41554115474614756, 0.6658017910608776, 0.3420181318929687, 0.23638077169671368, 0.3003478241657491, 0.714955557631092, 2.774111000132471, 0.274397145495702, 0.5211169423826582, 0.3573917643337032], BATTLES: 222-191-254-281-273-283-196-169-222-
10, 3, 2062, [0.25881301902711346, 0.8347279004589824, 0.3827608038361156, 0.559799186847154, 0.9678833191065326, 0.8802150345649662, 0, 0, 0.8630778945650232, 1, 0.4826123529667339, 0.7830075886853392, 0.6842194602213733, 0.596205850051968, 0.5561455663532936, 0.8608793288167194, 0.876204155830096, 0.07855746250395344, 0.16512760662738707, 0.5775867092454938, 0.7562234534367137, 0.40308164407401964, 0.2216420363856635, 0, 0.1037943851158844, 0.8062099467995655, 0, 0.07228041417927003, 0.10668421666973658, 0.133840446436447, 0.015206955381214964, 0.3192888024892714, 0.24021243304279793, 0.26762190609588715, 1.7421124604977507, 1.0195545252642662, 0.3203728054773705, 0.4983693272635358, 0.22229792370526058, 0.43880690404611633, 0.07564706143326519, 0.9090312378390653, 0.30259044786277467, 0.10708626660845363, 1.4250514680668125, 0.34565384108058095, 0.9921468866861631, 0.5120300252853089, 0.229093376391354, 0.18460932380709488, 0.1014393335693179, 0.3265221157753568, 0.751790789071778, 0.13843261376476387, 0.8032344472760368, 0.5964168515853664], BATTLES: 233-193-245-276-246-281-186-169-233-
10, 4, 2026, [0.2552589425468783, 0.7880864981615258, 0.7253146287044329, 0.33944586685942063, 0.641128828326642, 0.6600723736252933, 1, 0, 0.11344206589180617, 0.7099488293762014, 0, 0, 0.3518433073495679, 1, 0.36901517155354324, 0.886697476954434, 0.6424422878114989, 1, 0.5841897709363872, 1, 0.8437764107299794, 0.08826769699498292, 0, 1, 0.17656823848352138, 0.8939057798186529, 1, 0.5015530610248663, 0.6325766798001152, 0.1955576099173728, 0.034316844433675046, 0.13034116410668933, 0.8700538677687047, 0.200655288556569, 0.48342392037732923, 0.5173622428747402, 1.0285553952797628, 0.7937697715007056, 0.8073194603238115, 0.5244546103093486, 0.10220280962358058, 1.2938226269874282, 1.233747968784742, 0.5593065208968121, 0.15191111711134844, 0.3139934931882103, 0.5042177908651332, 0.3857869234587518, 0.4338831230545121, 0.2293979003734533, 1.1121638192838186, 0.14574764049667732, 0.17843699542493685, 0.624798126488383, 0.6876102232160398, 0.2430832250596848], BATTLES: 230-192-241-253-205-284-225-167-229-
10, 5, 1979, [0.29770309218267, 0.6631796892335396, 0.3807442314733417, 0.039768359082859195, 0.8535411542058265, 1, 0, 0, 0.941346029615943, 1, 0, 0.4268084939383441, 0.16481015400975052, 0.864773415844275, 0.5217408280274687, 1, 1, 0.7432640998614628, 0, 1, 0.7248565516297442, 0.430237856451777, 0, 0.13861121127111137, 1, 0.3802545780797688, 1, 0.5974146259692865, 0.11933503025495647, 0.06488415025573299, 0.021322621716144553, 0.3625635276533094, 0.3623366626897359, 0.17007975718331184, 0.4331167974323009, 0.8067201492074808, 0.3551791543237061, 0.28863955804316227, 0.27647495991245197, 0.20138101432753291, 0.2385424680826334, 0.4333884480366739, 0.3634005096201041, 0.3841226988423556, 1.0957286371506882, 0.3495571978538638, 0.45654442539797024, 0.997756967856623, 0.29307567358386455, 0.12122568543272938, 0.20102531487546557, 0.4787369165985196, 0.8263849965601658, 0.18014487094618642, 0.501017561010419, 0.3500786885033824], BATTLES: 226-174-262-227-209-284-198-165-234-
10, 6, 1978, [0.26091344886015244, 0.6050384189656868, 0.41862671896256853, 0.20243924884331804, 1, 1, 1, 0, 1, 0.3135389296511805, 0, 0.5754508014655696, 0.3896817698376194, 0.638771628199166, 0, 0, 1, 0.9361203907029263, 0.012871752114440329, 0, 0.8195792606064051, 0.4176711259842528, 0, 0.4007524651528131, 0.05041300387663955, 0.3821105717721171, 0.01096485507447098, 0.7178345224080763, 0.18616235158679437, 0.08689404825180133, 0.027110045909377174, 0.639699069727103, 0.3220169004547748, 0.4667858273460545, 0.45208994339446235, 0.5183407663758625, 0.23139971716759286, 0.25226219279880824, 0.2794813620056496, 0.27128001128163953, 0.0887466351569419, 0.546998335842623, 0.6063437547101462, 0.6612012112868114, 0.9640892414128329, 0.22540517743182992, 0.49754852659772664, 0.6251619711761179, 0.1832960034963091, 0.13043911642385242, 0.31268911570862795, 0.6456346190290904, 0.7995957318909329, 0.16355418779784114, 1.0779435817933893, 0.33934435872131435], BATTLES: 212-179-237-270-253-284-178-154-211-
10, 7, 1971, [0.06614873051546521, 0.9915868053228287, 0.7399002508747171, 0.24227122795627598, 0.5948519736986293, 0.6005233547652482, 0.9746010521680142, 0.01885342676305357, 0.832002318118895, 0.5721142664083229, 0.018391858942998995, 0.25809738983782926, 0.37778879453825864, 0.1200010930646419, 0.5892349563769457, 0.7811467772751577, 0.6126010376398442, 0.7570386544515546, 0.9944828108690468, 0.9993066551554906, 0.5460949590308677, 0.11243766001848876, 0.3629306422164089, 0.7123542873062161, 0.2230447004269296, 0.4865014918444045, 0.5891988786388324, 0.6356666360135984, 0.8731089879506759, 0.29522074046246927, 0.08573199666654074, 0.3189970305865507, 0.6758957621617444, 0.3277459929892983, 0.38790696323376916, 0.7218930681099369, 0.8852772264771903, 0.7633562503504411, 0.9808591776675858, 0.4151851527640251, 0.08786092809462576, 0.9813215554318043, 0.863330180172235, 0.6824968950260938, 0.1714513255283715, 0.28954727853160833, 0.4502829237356025, 0.5354781089097421, 0.489222517637077, 0.23330634427999464, 0.44195031816290453, 0.18637464239367918, 0.26604507668001265, 0.5707978823016169, 0.8563272124560601, 0.22931441290944032], BATTLES: 234-196-249-260-232-254-181-166-199-
10, 8, 1962, [0.3446939443804139, 0.317300812391939, 0.7881254898908242, 0.29578532118078743, 0.6582282583460477, 0.8147923890885564, 1, 0, 0, 1, 0, 0, 0.3643194708068196, 1, 0, 0, 0.6918994030418573, 0.39831048246524126, 1, 1, 1, 0.37427811751782053, 0.5114457695347467, 1, 0.25550944086487637, 0.3705768073056319, 0, 0.4403147877407065, 0.6974082769042749, 0.30340998018960574, 0.04187190127326364, 0.14754510012956468, 0.9470215453873976, 0.2539498563335638, 0.4936384079317759, 0.3994580718547297, 1.6597857717415467, 0.720645290688069, 0.8720164498102273, 0.3775546228742432, 0.0834042083012531, 1.957467740340044, 1.3144878344643813, 0.854742976828355, 0.1419075445228195, 0.30096572683357764, 0.5453941597805655, 0.4710007089923049, 0.3883562157092512, 0.196274344544402, 1.0664792823399891, 0.1438150361683409, 0.1363233318939605, 0.4952267697390098, 0.9443843475107777, 0.18673053917317733], BATTLES: 257-177-215-268-222-248-186-174-215-
10, 9, 1961, [0.8027769344711227, 0.5003666619135431, 1, 0.768861821582681, 0.8363396518393601, 1, 0.3400647223082619, 0.22879544870554294, 0, 0.7448160531079866, 0.31256231116900246, 0, 0.20110715980351068, 0.96568865893558, 0.3133953592579717, 0.3377394749937796, 0.9599693331777345, 1, 0.5662265266682223, 1, 0, 0.8667566628066921, 0.3502692629871258, 0, 0, 0.3092340272726422, 0.5446067740734477, 0.2526478723310201, 0.16797831184750467, 2.051527914937482, 0.7105307801530083, 0.2576032359610729, 0.09680839103636518, 0.42002629096916094, 1.9567147435473184, 0.038439972027155246, 2.269104359507103, 0.5247277780574225, 0.09593460196469711, 1.1661193555498015, 0.31253517464197655, 0.6263839520593628, 0.4161793175229447, 0.0989346273684965, 0.571000494414924, 1.0911340030337637, 0.2249599132731766, 0.32334360353298686, 0.3613166835567072, 0.589716892328233, 0.5650053655445627, 1.124624608664114, 1.6503861090857228, 0.38541626105502924, 0.2520912807627509, 0.06840300714063381], BATTLES: 251-205-233-265-193-266-198-170-180-
11, 0, 2237, [0.36663755975402906, 0.7180767298003746, 0.4571212892772482, 0.38706711584777964, 0.8417288315322851, 1, 0.6458150043685406, 0, 0.5602710251334875, 0.35406665140336196, 0.7768455131250489, 0, 0.5129205811417046, 1, 0.5401713828425245, 0.4812488419218113, 0, 0.43499739820214534, 0, 1, 1, 0.13963733211640417, 0, 0.08679273453805694, 0, 0.30909831826438594, 0, 0.6309262867384305, 0.17092059416214614, 0.05291566448956136, 0.031146505070553828, 0.4817301004955991, 0.30524513288854416, 0.24349353891033382, 0.6951588400909834, 1.3731894374860159, 0.17651853004642082, 0.2311880904642223, 0.22575793079152526, 0.3617869094096116, 0.1151697562622772, 0.9025883372641, 0.31943657178242163, 0.40252604417641197, 2.809381550865595, 0.37734202046033005, 0.2859733419937553, 0.5960906714272408, 0.38327971364465324, 0.2377727903793715, 0.31048701499348064, 0.7279304473039243, 2.2853175183302854, 0.268003569418166, 0.4212648995035579, 0.2740786342744269], BATTLES: 252-208-262-296-261-312-242-182-222-
11, 1, 2219, [0.25881301902711346, 0.8347279004589824, 0.3827608038361156, 0.559799186847154, 0.9678833191065326, 0.8802150345649662, 0, 0, 0.8630778945650232, 1, 0.4826123529667339, 0.7830075886853392, 0.6842194602213733, 0.596205850051968, 0.5561455663532936, 0.8608793288167194, 0.876204155830096, 0.07855746250395344, 0.16512760662738707, 0.5775867092454938, 0.7562234534367137, 0.40308164407401964, 0.2216420363856635, 0, 0.1037943851158844, 0.8062099467995655, 0, 0.07228041417927003, 0.10668421666973658, 0.133840446436447, 0.015206955381214964, 0.3192888024892714, 0.24021243304279793, 0.26762190609588715, 1.7421124604977507, 1.0195545252642662, 0.3203728054773705, 0.4983693272635358, 0.22229792370526058, 0.43880690404611633, 0.07564706143326519, 0.9090312378390653, 0.30259044786277467, 0.10708626660845363, 1.4250514680668125, 0.34565384108058095, 0.9921468866861631, 0.5120300252853089, 0.229093376391354, 0.18460932380709488, 0.1014393335693179, 0.3265221157753568, 0.751790789071778, 0.13843261376476387, 0.8032344472760368, 0.5964168515853664], BATTLES: 251-214-262-300-274-306-191-172-249-
11, 2, 2207, [0.2583822447864609, 0.7386568830160302, 0.7900720607439998, 0.24350425931946532, 1, 0.7505935709618023, 0.7143607042535418, 0, 0.8934451200404734, 1, 0.046999763675787176, 0.04684545198993696, 0.41725683793071033, 0, 1, 0, 0.7636080733835977, 0.18258254777117694, 1, 0.8350945718202002, 1, 0.5257317962052696, 0.3563690411599536, 0.9946454894858815, 0.2054091798718416, 0.8994997378182983, 0.11358741126392409, 0.7014668465549727, 0.7005947128140281, 0.28336511859589053, 0.028517300528475627, 0.23199435692977832, 0.8321216180805051, 0.15266206067207863, 0.5445200787746531, 0.33104153353089133, 2.02333746906627, 0.3758702290589508, 0.7982781903007976, 0.3254213780729386, 0.05878840910756675, 2.320881621435176, 1.9920746579696305, 0.9704295056897952, 0.09042662689227872, 0.4879101150917806, 0.4652342939375127, 0.4680188288819603, 0.4239087964710441, 0.17670960037880648, 1.0980097461435283, 0.1478806503860199, 0.31228456031891444, 0.733368027758771, 0.7723946594479969, 0.15016387365046893], BATTLES: 253-222-266-293-267-311-193-170-232-
11, 3, 2196, [0.28356518481991383, 0.6273920358700521, 0.4259686448700892, 0.5691321135576065, 1, 0.8626814683475452, 0, 0, 0.7498347338233544, 0.6358148930750911, 0.8113211236981888, 0.42089110215832887, 0.49225057116857907, 1, 0, 0.682774278107376, 1, 0.9596299273886231, 0, 1, 0.710509224382343, 0.28103019980366606, 0.21843050719378512, 0, 0, 0.8246601778539544, 0, 0, 0.2254441483613437, 0.06495885674908536, 0.030525125346866765, 0.5131835911338988, 0.40078315456578845, 0.30283777896767233, 0.5082032829887584, 1.166843667446717, 0.27981237680183063, 0.29583563151986275, 0.32654905718958926, 0.3186938785037469, 0.09948258256585867, 0.7642138476402632, 0.6681803254383037, 0.3544248777023891, 1.986270122124172, 0.35200623062808756, 0.41554115474614756, 0.6658017910608776, 0.3420181318929687, 0.23638077169671368, 0.3003478241657491, 0.714955557631092, 2.774111000132471, 0.274397145495702, 0.5211169423826582, 0.3573917643337032], BATTLES: 235-217-243-301-286-280-227-175-232-
11, 4, 2178, [0.4218195269128214, 0.7383938960452865, 0.4023818096871013, 0.3871792036234707, 0.6919429801780983, 1, 0, 0, 0.9250921389279921, 1, 0, 0.400990230402681, 0.37249335884284346, 0.29745811598702265, 0.3915197071045262, 0.666749418393658, 0.5448522525717747, 0.549200463840348, 0.18266161995740768, 1, 0.5475847951858079, 0.27666207838499357, 0, 0, 1, 0.3399971060719192, 0.05741854735222074, 0.7392919756612344, 0.14232434927616755, 0.05514471938307025, 0.009461293687530003, 0.36464953563964314, 0.6097544670645996, 0.18874431918735388, 0.46307883891168433, 1.029132560980018, 0.2612161662294293, 0.258719412706983, 0.2579580950658622, 0.13081160414439713, 0.17616034135907882, 0.5503625887942604, 0.2160281471343931, 0.351102585835, 1.2973995226907735, 0.22528018332481045, 0.45531865201758287, 1.0848008954169444, 0.3698213947738111, 0.09932750704823981, 0.1957487384183889, 0.4044033705757933, 1.028396227518216, 0.2511341083858221, 0.5834857742323131, 0.3526756686495529], BATTLES: 237-228-292-258-227-298-240-167-231-
11, 5, 2167, [0.34790947635907443, 0.8238548604169365, 0.3611428840125471, 0.5471813063342214, 1, 0.9228116442215702, 0, 0.03215787487386965, 0.8226374693590193, 1, 0.47477813383485123, 0, 0.6107687373882518, 1, 0.37661467696494466, 0.8371457932899745, 1, 0.09888076471692053, 0.6635833692628987, 1, 0.6113313647548791, 0.5181873856807119, 0.11639158174550351, 0, 0.3809223556915381, 0.5948220053590615, 0.37214474673835807, 0, 0.1859312207808463, 0.07844911753056963, 0.015998188349914365, 0.38435152348341384, 0.31030430109174245, 0.24433238129025217, 0.9582000608260338, 0.7833557985715374, 0.2570369764001724, 0.4136372767149239, 0.2209831338704473, 0.3559552889804166, 0.09210515344033082, 0.6580675405978001, 0.4088115841050535, 0.17538582760733, 1.350310087587225, 0.3803210221028962, 0.7728698931566971, 0.5455509632625081, 0.34055785893297735, 0.19182714754365018, 0.10021201346867632, 0.4159226622065846, 0.5986919018414054, 0.1285325527217925, 0.6952143701884601, 0.28968058011907805], BATTLES: 250-225-262-291-262-286-200-167-224-
11, 6, 2157, [0.3446939443804139, 0.317300812391939, 0.7881254898908242, 0.29578532118078743, 0.6582282583460477, 0.8147923890885564, 1, 0, 0, 1, 0, 0, 0.3643194708068196, 1, 0, 0, 0.6918994030418573, 0.39831048246524126, 1, 1, 1, 0.37427811751782053, 0.5114457695347467, 1, 0.25550944086487637, 0.3705768073056319, 0, 0.4403147877407065, 0.6974082769042749, 0.30340998018960574, 0.04187190127326364, 0.14754510012956468, 0.9470215453873976, 0.2539498563335638, 0.4936384079317759, 0.3994580718547297, 1.6597857717415467, 0.720645290688069, 0.8720164498102273, 0.3775546228742432, 0.0834042083012531, 1.957467740340044, 1.3144878344643813, 0.854742976828355, 0.1419075445228195, 0.30096572683357764, 0.5453941597805655, 0.4710007089923049, 0.3883562157092512, 0.196274344544402, 1.0664792823399891, 0.1438150361683409, 0.1363233318939605, 0.4952267697390098, 0.9443843475107777, 0.18673053917317733], BATTLES: 283-221-238-286-233-272-238-157-229-
11, 7, 2156, [0.2552589425468783, 0.7880864981615258, 0.7253146287044329, 0.33944586685942063, 0.641128828326642, 0.6600723736252933, 1, 0, 0.11344206589180617, 0.7099488293762014, 0, 0, 0.3518433073495679, 1, 0.36901517155354324, 0.886697476954434, 0.6424422878114989, 1, 0.5841897709363872, 1, 0.8437764107299794, 0.08826769699498292, 0, 1, 0.17656823848352138, 0.8939057798186529, 1, 0.5015530610248663, 0.6325766798001152, 0.1955576099173728, 0.034316844433675046, 0.13034116410668933, 0.8700538677687047, 0.200655288556569, 0.48342392037732923, 0.5173622428747402, 1.0285553952797628, 0.7937697715007056, 0.8073194603238115, 0.5244546103093486, 0.10220280962358058, 1.2938226269874282, 1.233747968784742, 0.5593065208968121, 0.15191111711134844, 0.3139934931882103, 0.5042177908651332, 0.3857869234587518, 0.4338831230545121, 0.2293979003734533, 1.1121638192838186, 0.14574764049667732, 0.17843699542493685, 0.624798126488383, 0.6876102232160398, 0.2430832250596848], BATTLES: 238-213-259-283-236-279-236-185-227-
11, 8, 2141, [0.8027769344711227, 0.5003666619135431, 1, 0.768861821582681, 0.8363396518393601, 1, 0.3400647223082619, 0.22879544870554294, 0, 0.7448160531079866, 0.31256231116900246, 0, 0.20110715980351068, 0.96568865893558, 0.3133953592579717, 0.3377394749937796, 0.9599693331777345, 1, 0.5662265266682223, 1, 0, 0.8667566628066921, 0.3502692629871258, 0, 0, 0.3092340272726422, 0.5446067740734477, 0.2526478723310201, 0.16797831184750467, 2.051527914937482, 0.7105307801530083, 0.2576032359610729, 0.09680839103636518, 0.42002629096916094, 1.9567147435473184, 0.038439972027155246, 2.269104359507103, 0.5247277780574225, 0.09593460196469711, 1.1661193555498015, 0.31253517464197655, 0.6263839520593628, 0.4161793175229447, 0.0989346273684965, 0.571000494414924, 1.0911340030337637, 0.2249599132731766, 0.32334360353298686, 0.3613166835567072, 0.589716892328233, 0.5650053655445627, 1.124624608664114, 1.6503861090857228, 0.38541626105502924, 0.2520912807627509, 0.06840300714063381], BATTLES: 263-230-248-271-226-276-228-189-210-
11, 9, 2114, [0.06614873051546521, 0.9915868053228287, 0.7399002508747171, 0.24227122795627598, 0.5948519736986293, 0.6005233547652482, 0.9746010521680142, 0.01885342676305357, 0.832002318118895, 0.5721142664083229, 0.018391858942998995, 0.25809738983782926, 0.37778879453825864, 0.1200010930646419, 0.5892349563769457, 0.7811467772751577, 0.6126010376398442, 0.7570386544515546, 0.9944828108690468, 0.9993066551554906, 0.5460949590308677, 0.11243766001848876, 0.3629306422164089, 0.7123542873062161, 0.2230447004269296, 0.4865014918444045, 0.5891988786388324, 0.6356666360135984, 0.8731089879506759, 0.29522074046246927, 0.08573199666654074, 0.3189970305865507, 0.6758957621617444, 0.3277459929892983, 0.38790696323376916, 0.7218930681099369, 0.8852772264771903, 0.7633562503504411, 0.9808591776675858, 0.4151851527640251, 0.08786092809462576, 0.9813215554318043, 0.863330180172235, 0.6824968950260938, 0.1714513255283715, 0.28954727853160833, 0.4502829237356025, 0.5354781089097421, 0.489222517637077, 0.23330634427999464, 0.44195031816290453, 0.18637464239367918, 0.26604507668001265, 0.5707978823016169, 0.8563272124560601, 0.22931441290944032], BATTLES: 247-219-265-265-250-275-212-178-203-
12, 0, 2086, [0.36663755975402906, 0.7180767298003746, 0.4571212892772482, 0.38706711584777964, 0.8417288315322851, 1, 0.6458150043685406, 0, 0.5602710251334875, 0.35406665140336196, 0.7768455131250489, 0, 0.5129205811417046, 1, 0.5401713828425245, 0.4812488419218113, 0, 0.43499739820214534, 0, 1, 1, 0.13963733211640417, 0, 0.08679273453805694, 0, 0.30909831826438594, 0, 0.6309262867384305, 0.17092059416214614, 0.05291566448956136, 0.031146505070553828, 0.4817301004955991, 0.30524513288854416, 0.24349353891033382, 0.6951588400909834, 1.3731894374860159, 0.17651853004642082, 0.2311880904642223, 0.22575793079152526, 0.3617869094096116, 0.1151697562622772, 0.9025883372641, 0.31943657178242163, 0.40252604417641197, 2.809381550865595, 0.37734202046033005, 0.2859733419937553, 0.5960906714272408, 0.38327971364465324, 0.2377727903793715, 0.31048701499348064, 0.7279304473039243, 2.2853175183302854, 0.268003569418166, 0.4212648995035579, 0.2740786342744269], BATTLES: 213-196-269-278-233-284-232-156-225-
12, 1, 2021, [0.25881301902711346, 0.8347279004589824, 0.3827608038361156, 0.559799186847154, 0.9678833191065326, 0.8802150345649662, 0, 0, 0.8630778945650232, 1, 0.4826123529667339, 0.7830075886853392, 0.6842194602213733, 0.596205850051968, 0.5561455663532936, 0.8608793288167194, 0.876204155830096, 0.07855746250395344, 0.16512760662738707, 0.5775867092454938, 0.7562234534367137, 0.40308164407401964, 0.2216420363856635, 0, 0.1037943851158844, 0.8062099467995655, 0, 0.07228041417927003, 0.10668421666973658, 0.133840446436447, 0.015206955381214964, 0.3192888024892714, 0.24021243304279793, 0.26762190609588715, 1.7421124604977507, 1.0195545252642662, 0.3203728054773705, 0.4983693272635358, 0.22229792370526058, 0.43880690404611633, 0.07564706143326519, 0.9090312378390653, 0.30259044786277467, 0.10708626660845363, 1.4250514680668125, 0.34565384108058095, 0.9921468866861631, 0.5120300252853089, 0.229093376391354, 0.18460932380709488, 0.1014393335693179, 0.3265221157753568, 0.751790789071778, 0.13843261376476387, 0.8032344472760368, 0.5964168515853664], BATTLES: 218-200-246-284-254-285-163-139-232-
12, 2, 1998, [0.5430443373981854, 0.7520813898475559, 0.4135320743688236, 0.18834615110560454, 1, 0.9623309711825855, 1, 0, 0.8625453914826506, 0.9593473485538745, 0, 0.517297684528141, 0.5783688247623833, 0, 0.4543561273247863, 1, 0, 0.42962720939267207, 0, 1, 0.6535824721753782, 0.32144223744262096, 0, 0.3107074276610789, 0.6394912098571988, 0, 0, 0.9491079450967486, 0.10610277577343633, 0.04161910695478383, 0.009333260601013537, 0.5197735929907309, 0.7370859325963447, 0.19122250511869368, 1.126314066255028, 1.6773851904880952, 0.1897818651456916, 0.30071523584670007, 0.25679364875360594, 0.17170597493461823, 0.1393786131607501, 0.607804598101188, 0.19296151572098186, 0.17199790714287416, 1.6399905517992819, 0.18083786570218435, 0.6018704860609633, 1.2314540288093283, 0.15161186154367864, 0.10639179603302885, 0.2106174573077477, 0.7455045251603077, 0.6232471267253407, 0.2898480489903621, 1.3394089706288925, 0.2297539049118783], BATTLES: 201-185-232-259-232-283-216-156-234-
12, 3, 1998, [0.28356518481991383, 0.6273920358700521, 0.4259686448700892, 0.5691321135576065, 1, 0.8626814683475452, 0, 0, 0.7498347338233544, 0.6358148930750911, 0.8113211236981888, 0.42089110215832887, 0.49225057116857907, 1, 0, 0.682774278107376, 1, 0.9596299273886231, 0, 1, 0.710509224382343, 0.28103019980366606, 0.21843050719378512, 0, 0, 0.8246601778539544, 0, 0, 0.2254441483613437, 0.06495885674908536, 0.030525125346866765, 0.5131835911338988, 0.40078315456578845, 0.30283777896767233, 0.5082032829887584, 1.166843667446717, 0.27981237680183063, 0.29583563151986275, 0.32654905718958926, 0.3186938785037469, 0.09948258256585867, 0.7642138476402632, 0.6681803254383037, 0.3544248777023891, 1.986270122124172, 0.35200623062808756, 0.41554115474614756, 0.6658017910608776, 0.3420181318929687, 0.23638077169671368, 0.3003478241657491, 0.714955557631092, 2.774111000132471, 0.274397145495702, 0.5211169423826582, 0.3573917643337032], BATTLES: 214-178-235-273-265-289-196-144-204-
12, 4, 1989, [0.2583822447864609, 0.7386568830160302, 0.7900720607439998, 0.24350425931946532, 1, 0.7505935709618023, 0.7143607042535418, 0, 0.8934451200404734, 1, 0.046999763675787176, 0.04684545198993696, 0.41725683793071033, 0, 1, 0, 0.7636080733835977, 0.18258254777117694, 1, 0.8350945718202002, 1, 0.5257317962052696, 0.3563690411599536, 0.9946454894858815, 0.2054091798718416, 0.8994997378182983, 0.11358741126392409, 0.7014668465549727, 0.7005947128140281, 0.28336511859589053, 0.028517300528475627, 0.23199435692977832, 0.8321216180805051, 0.15266206067207863, 0.5445200787746531, 0.33104153353089133, 2.02333746906627, 0.3758702290589508, 0.7982781903007976, 0.3254213780729386, 0.05878840910756675, 2.320881621435176, 1.9920746579696305, 0.9704295056897952, 0.09042662689227872, 0.4879101150917806, 0.4652342939375127, 0.4680188288819603, 0.4239087964710441, 0.17670960037880648, 1.0980097461435283, 0.1478806503860199, 0.31228456031891444, 0.733368027758771, 0.7723946594479969, 0.15016387365046893], BATTLES: 227-192-233-246-245-285-176-157-228-
12, 5, 1966, [0.4218195269128214, 0.7383938960452865, 0.4023818096871013, 0.3871792036234707, 0.6919429801780983, 1, 0, 0, 0.9250921389279921, 1, 0, 0.400990230402681, 0.37249335884284346, 0.29745811598702265, 0.3915197071045262, 0.666749418393658, 0.5448522525717747, 0.549200463840348, 0.18266161995740768, 1, 0.5475847951858079, 0.27666207838499357, 0, 0, 1, 0.3399971060719192, 0.05741854735222074, 0.7392919756612344, 0.14232434927616755, 0.05514471938307025, 0.009461293687530003, 0.36464953563964314, 0.6097544670645996, 0.18874431918735388, 0.46307883891168433, 1.029132560980018, 0.2612161662294293, 0.258719412706983, 0.2579580950658622, 0.13081160414439713, 0.17616034135907882, 0.5503625887942604, 0.2160281471343931, 0.351102585835, 1.2973995226907735, 0.22528018332481045, 0.45531865201758287, 1.0848008954169444, 0.3698213947738111, 0.09932750704823981, 0.1957487384183889, 0.4044033705757933, 1.028396227518216, 0.2511341083858221, 0.5834857742323131, 0.3526756686495529], BATTLES: 217-191-249-240-190-276-219-158-226-
12, 6, 1962, [0.34790947635907443, 0.8238548604169365, 0.3611428840125471, 0.5471813063342214, 1, 0.9228116442215702, 0, 0.03215787487386965, 0.8226374693590193, 1, 0.47477813383485123, 0, 0.6107687373882518, 1, 0.37661467696494466, 0.8371457932899745, 1, 0.09888076471692053, 0.6635833692628987, 1, 0.6113313647548791, 0.5181873856807119, 0.11639158174550351, 0, 0.3809223556915381, 0.5948220053590615, 0.37214474673835807, 0, 0.1859312207808463, 0.07844911753056963, 0.015998188349914365, 0.38435152348341384, 0.31030430109174245, 0.24433238129025217, 0.9582000608260338, 0.7833557985715374, 0.2570369764001724, 0.4136372767149239, 0.2209831338704473, 0.3559552889804166, 0.09210515344033082, 0.6580675405978001, 0.4088115841050535, 0.17538582760733, 1.350310087587225, 0.3803210221028962, 0.7728698931566971, 0.5455509632625081, 0.34055785893297735, 0.19182714754365018, 0.10021201346867632, 0.4159226622065846, 0.5986919018414054, 0.1285325527217925, 0.6952143701884601, 0.28968058011907805], BATTLES: 214-184-244-258-245-285-166-144-222-
12, 7, 1955, [0.3446939443804139, 0.317300812391939, 0.7881254898908242, 0.29578532118078743, 0.6582282583460477, 0.8147923890885564, 1, 0, 0, 1, 0, 0, 0.3643194708068196, 1, 0, 0, 0.6918994030418573, 0.39831048246524126, 1, 1, 1, 0.37427811751782053, 0.5114457695347467, 1, 0.25550944086487637, 0.3705768073056319, 0, 0.4403147877407065, 0.6974082769042749, 0.30340998018960574, 0.04187190127326364, 0.14754510012956468, 0.9470215453873976, 0.2539498563335638, 0.4936384079317759, 0.3994580718547297, 1.6597857717415467, 0.720645290688069, 0.8720164498102273, 0.3775546228742432, 0.0834042083012531, 1.957467740340044, 1.3144878344643813, 0.854742976828355, 0.1419075445228195, 0.30096572683357764, 0.5453941597805655, 0.4710007089923049, 0.3883562157092512, 0.196274344544402, 1.0664792823399891, 0.1438150361683409, 0.1363233318939605, 0.4952267697390098, 0.9443843475107777, 0.18673053917317733], BATTLES: 250-187-224-257-215-265-201-147-209-
12, 8, 1943, [0.2552589425468783, 0.7880864981615258, 0.7253146287044329, 0.33944586685942063, 0.641128828326642, 0.6600723736252933, 1, 0, 0.11344206589180617, 0.7099488293762014, 0, 0, 0.3518433073495679, 1, 0.36901517155354324, 0.886697476954434, 0.6424422878114989, 1, 0.5841897709363872, 1, 0.8437764107299794, 0.08826769699498292, 0, 1, 0.17656823848352138, 0.8939057798186529, 1, 0.5015530610248663, 0.6325766798001152, 0.1955576099173728, 0.034316844433675046, 0.13034116410668933, 0.8700538677687047, 0.200655288556569, 0.48342392037732923, 0.5173622428747402, 1.0285553952797628, 0.7937697715007056, 0.8073194603238115, 0.5244546103093486, 0.10220280962358058, 1.2938226269874282, 1.233747968784742, 0.5593065208968121, 0.15191111711134844, 0.3139934931882103, 0.5042177908651332, 0.3857869234587518, 0.4338831230545121, 0.2293979003734533, 1.1121638192838186, 0.14574764049667732, 0.17843699542493685, 0.624798126488383, 0.6876102232160398, 0.2430832250596848], BATTLES: 228-172-238-246-202-264-218-158-217-
12, 9, 1930, [0.30141907297035136, 0.760922667279608, 0.37214628505576347, 0.27966460034631024, 0.8976947965393696, 0.31845493026505656, 0, 0, 0.9509192616094894, 0.8695674741380256, 0.8830460638959874, 1, 0.7628283434377425, 1, 0.42670659845610576, 0.8119613631883864, 0.8412547828674946, 0.2160852937037116, 0, 1, 0.7675617832252618, 0.13726582639789925, 0.19608591817552432, 0, 0.12180492764371638, 0.9488367599776181, 0.2138132985834991, 0.11344638709131359, 0.12071464227303993, 0.105816036593141, 0.015298510064468428, 0.42374832440735594, 0.25604682570242054, 0.34986150041220726, 1.7368150535670557, 0.5609305570220307, 0.4352799974908351, 0.33836569147557793, 0.27238901645451224, 0.6585747357115381, 0.09227686723756738, 1.1154584519625586, 0.22922172740599733, 0.1207517355675975, 1.7004467905944654, 0.5016177704282849, 1.7652759882528353, 0.5111678051945758, 0.15953227344239612, 0.17845513964744686, 0.06835312390127682, 0.425162003273462, 0.3974320669826665, 0.09684436190722108, 0.8158102947704937, 0.6475451051453588], BATTLES: 192-175-202-256-224-265-214-186-216-
13, 0, 2140, [0.5266133269879709, 0.6052290414988846, 0.3972162747027166, 0.5983392470572841, 1, 0.8934132872218196, 0.22131733443235008, 0, 0.5670334376452806, 0.6905070684820614, 0.3436947841387525, 0, 0.4842269368064397, 1, 0.24288665370933957, 0.659853440618592, 1, 1, 0, 1, 0.2410650447542615, 0.42354027501751756, 0.36849351717057854, 0.18113551035985517, 0, 1, 0, 0, 0.15178819048762987, 0.05396858656398218, 0.04082539959795616, 0.8545916670533913, 0.43321717686828437, 0.32641961214979404, 0.1942469868957687, 0.6651680689161912, 0.19725584097210247, 0.23404446133628742, 0.24712426788487923, 0.5144219550610369, 0.20360170686824275, 0.6110553357599384, 0.5441706748674122, 0.2960741947423325, 1.1345644691943135, 0.3200264301291692, 0.4110506799464032, 0.6163784645928855, 0.3892098587105834, 0.2687472058268254, 0.41486967741235986, 0.48495806063182956, 4.773160599045052, 0.3110925248041542, 1.1507001203475875, 0.5164216575416974], BATTLES: 243-212-240-289-259-262-235-188-212-
13, 1, 2107, [0.4218195269128214, 0.7383938960452865, 0.4023818096871013, 0.3871792036234707, 0.6919429801780983, 1, 0, 0, 0.9250921389279921, 1, 0, 0.400990230402681, 0.37249335884284346, 0.29745811598702265, 0.3915197071045262, 0.666749418393658, 0.5448522525717747, 0.549200463840348, 0.18266161995740768, 1, 0.5475847951858079, 0.27666207838499357, 0, 0, 1, 0.3399971060719192, 0.05741854735222074, 0.7392919756612344, 0.14232434927616755, 0.05514471938307025, 0.009461293687530003, 0.36464953563964314, 0.6097544670645996, 0.18874431918735388, 0.46307883891168433, 1.029132560980018, 0.2612161662294293, 0.258719412706983, 0.2579580950658622, 0.13081160414439713, 0.17616034135907882, 0.5503625887942604, 0.2160281471343931, 0.351102585835, 1.2973995226907735, 0.22528018332481045, 0.45531865201758287, 1.0848008954169444, 0.3698213947738111, 0.09932750704823981, 0.1957487384183889, 0.4044033705757933, 1.028396227518216, 0.2511341083858221, 0.5834857742323131, 0.3526756686495529], BATTLES: 252-202-270-256-227-272-224-169-235-
13, 2, 2105, [0.2583822447864609, 0.7386568830160302, 0.7900720607439998, 0.24350425931946532, 1, 0.7505935709618023, 0.7143607042535418, 0, 0.8934451200404734, 1, 0.046999763675787176, 0.04684545198993696, 0.41725683793071033, 0, 1, 0, 0.7636080733835977, 0.18258254777117694, 1, 0.8350945718202002, 1, 0.5257317962052696, 0.3563690411599536, 0.9946454894858815, 0.2054091798718416, 0.8994997378182983, 0.11358741126392409, 0.7014668465549727, 0.7005947128140281, 0.28336511859589053, 0.028517300528475627, 0.23199435692977832, 0.8321216180805051, 0.15266206067207863, 0.5445200787746531, 0.33104153353089133, 2.02333746906627, 0.3758702290589508, 0.7982781903007976, 0.3254213780729386, 0.05878840910756675, 2.320881621435176, 1.9920746579696305, 0.9704295056897952, 0.09042662689227872, 0.4879101150917806, 0.4652342939375127, 0.4680188288819603, 0.4239087964710441, 0.17670960037880648, 1.0980097461435283, 0.1478806503860199, 0.31228456031891444, 0.733368027758771, 0.7723946594479969, 0.15016387365046893], BATTLES: 243-210-241-290-271-282-185-160-223-
13, 3, 2100, [0.5430443373981854, 0.7520813898475559, 0.4135320743688236, 0.18834615110560454, 1, 0.9623309711825855, 1, 0, 0.8625453914826506, 0.9593473485538745, 0, 0.517297684528141, 0.5783688247623833, 0, 0.4543561273247863, 1, 0, 0.42962720939267207, 0, 1, 0.6535824721753782, 0.32144223744262096, 0, 0.3107074276610789, 0.6394912098571988, 0, 0, 0.9491079450967486, 0.10610277577343633, 0.04161910695478383, 0.009333260601013537, 0.5197735929907309, 0.7370859325963447, 0.19122250511869368, 1.126314066255028, 1.6773851904880952, 0.1897818651456916, 0.30071523584670007, 0.25679364875360594, 0.17170597493461823, 0.1393786131607501, 0.607804598101188, 0.19296151572098186, 0.17199790714287416, 1.6399905517992819, 0.18083786570218435, 0.6018704860609633, 1.2314540288093283, 0.15161186154367864, 0.10639179603302885, 0.2106174573077477, 0.7455045251603077, 0.6232471267253407, 0.2898480489903621, 1.3394089706288925, 0.2297539049118783], BATTLES: 223-191-234-265-252-292-235-181-227-
13, 4, 2095, [0.36663755975402906, 0.7180767298003746, 0.4571212892772482, 0.38706711584777964, 0.8417288315322851, 1, 0.6458150043685406, 0, 0.5602710251334875, 0.35406665140336196, 0.7768455131250489, 0, 0.5129205811417046, 1, 0.5401713828425245, 0.4812488419218113, 0, 0.43499739820214534, 0, 1, 1, 0.13963733211640417, 0, 0.08679273453805694, 0, 0.30909831826438594, 0, 0.6309262867384305, 0.17092059416214614, 0.05291566448956136, 0.031146505070553828, 0.4817301004955991, 0.30524513288854416, 0.24349353891033382, 0.6951588400909834, 1.3731894374860159, 0.17651853004642082, 0.2311880904642223, 0.22575793079152526, 0.3617869094096116, 0.1151697562622772, 0.9025883372641, 0.31943657178242163, 0.40252604417641197, 2.809381550865595, 0.37734202046033005, 0.2859733419937553, 0.5960906714272408, 0.38327971364465324, 0.2377727903793715, 0.31048701499348064, 0.7279304473039243, 2.2853175183302854, 0.268003569418166, 0.4212648995035579, 0.2740786342744269], BATTLES: 241-199-251-287-244-291-216-163-203-
13, 5, 2079, [0.34790947635907443, 0.8238548604169365, 0.3611428840125471, 0.5471813063342214, 1, 0.9228116442215702, 0, 0.03215787487386965, 0.8226374693590193, 1, 0.47477813383485123, 0, 0.6107687373882518, 1, 0.37661467696494466, 0.8371457932899745, 1, 0.09888076471692053, 0.6635833692628987, 1, 0.6113313647548791, 0.5181873856807119, 0.11639158174550351, 0, 0.3809223556915381, 0.5948220053590615, 0.37214474673835807, 0, 0.1859312207808463, 0.07844911753056963, 0.015998188349914365, 0.38435152348341384, 0.31030430109174245, 0.24433238129025217, 0.9582000608260338, 0.7833557985715374, 0.2570369764001724, 0.4136372767149239, 0.2209831338704473, 0.3559552889804166, 0.09210515344033082, 0.6580675405978001, 0.4088115841050535, 0.17538582760733, 1.350310087587225, 0.3803210221028962, 0.7728698931566971, 0.5455509632625081, 0.34055785893297735, 0.19182714754365018, 0.10021201346867632, 0.4159226622065846, 0.5986919018414054, 0.1285325527217925, 0.6952143701884601, 0.28968058011907805], BATTLES: 245-215-229-272-265-296-187-164-206-
13, 6, 2071, [0.28356518481991383, 0.6273920358700521, 0.4259686448700892, 0.5691321135576065, 1, 0.8626814683475452, 0, 0, 0.7498347338233544, 0.6358148930750911, 0.8113211236981888, 0.42089110215832887, 0.49225057116857907, 1, 0, 0.682774278107376, 1, 0.9596299273886231, 0, 1, 0.710509224382343, 0.28103019980366606, 0.21843050719378512, 0, 0, 0.8246601778539544, 0, 0, 0.2254441483613437, 0.06495885674908536, 0.030525125346866765, 0.5131835911338988, 0.40078315456578845, 0.30283777896767233, 0.5082032829887584, 1.166843667446717, 0.27981237680183063, 0.29583563151986275, 0.32654905718958926, 0.3186938785037469, 0.09948258256585867, 0.7642138476402632, 0.6681803254383037, 0.3544248777023891, 1.986270122124172, 0.35200623062808756, 0.41554115474614756, 0.6658017910608776, 0.3420181318929687, 0.23638077169671368, 0.3003478241657491, 0.714955557631092, 2.774111000132471, 0.274397145495702, 0.5211169423826582, 0.3573917643337032], BATTLES: 242-190-232-268-271-279-205-172-212-
13, 7, 2040, [0.25881301902711346, 0.8347279004589824, 0.3827608038361156, 0.559799186847154, 0.9678833191065326, 0.8802150345649662, 0, 0, 0.8630778945650232, 1, 0.4826123529667339, 0.7830075886853392, 0.6842194602213733, 0.596205850051968, 0.5561455663532936, 0.8608793288167194, 0.876204155830096, 0.07855746250395344, 0.16512760662738707, 0.5775867092454938, 0.7562234534367137, 0.40308164407401964, 0.2216420363856635, 0, 0.1037943851158844, 0.8062099467995655, 0, 0.07228041417927003, 0.10668421666973658, 0.133840446436447, 0.015206955381214964, 0.3192888024892714, 0.24021243304279793, 0.26762190609588715, 1.7421124604977507, 1.0195545252642662, 0.3203728054773705, 0.4983693272635358, 0.22229792370526058, 0.43880690404611633, 0.07564706143326519, 0.9090312378390653, 0.30259044786277467, 0.10708626660845363, 1.4250514680668125, 0.34565384108058095, 0.9921468866861631, 0.5120300252853089, 0.229093376391354, 0.18460932380709488, 0.1014393335693179, 0.3265221157753568, 0.751790789071778, 0.13843261376476387, 0.8032344472760368, 0.5964168515853664], BATTLES: 240-185-228-289-255-301-183-135-224-
13, 8, 2012, [0.2552589425468783, 0.7880864981615258, 0.7253146287044329, 0.33944586685942063, 0.641128828326642, 0.6600723736252933, 1, 0, 0.11344206589180617, 0.7099488293762014, 0, 0, 0.3518433073495679, 1, 0.36901517155354324, 0.886697476954434, 0.6424422878114989, 1, 0.5841897709363872, 1, 0.8437764107299794, 0.08826769699498292, 0, 1, 0.17656823848352138, 0.8939057798186529, 1, 0.5015530610248663, 0.6325766798001152, 0.1955576099173728, 0.034316844433675046, 0.13034116410668933, 0.8700538677687047, 0.200655288556569, 0.48342392037732923, 0.5173622428747402, 1.0285553952797628, 0.7937697715007056, 0.8073194603238115, 0.5244546103093486, 0.10220280962358058, 1.2938226269874282, 1.233747968784742, 0.5593065208968121, 0.15191111711134844, 0.3139934931882103, 0.5042177908651332, 0.3857869234587518, 0.4338831230545121, 0.2293979003734533, 1.1121638192838186, 0.14574764049667732, 0.17843699542493685, 0.624798126488383, 0.6876102232160398, 0.2430832250596848], BATTLES: 223-181-240-270-227-274-214-178-205-
13, 9, 1998, [0.3446939443804139, 0.317300812391939, 0.7881254898908242, 0.29578532118078743, 0.6582282583460477, 0.8147923890885564, 1, 0, 0, 1, 0, 0, 0.3643194708068196, 1, 0, 0, 0.6918994030418573, 0.39831048246524126, 1, 1, 1, 0.37427811751782053, 0.5114457695347467, 1, 0.25550944086487637, 0.3705768073056319, 0, 0.4403147877407065, 0.6974082769042749, 0.30340998018960574, 0.04187190127326364, 0.14754510012956468, 0.9470215453873976, 0.2539498563335638, 0.4936384079317759, 0.3994580718547297, 1.6597857717415467, 0.720645290688069, 0.8720164498102273, 0.3775546228742432, 0.0834042083012531, 1.957467740340044, 1.3144878344643813, 0.854742976828355, 0.1419075445228195, 0.30096572683357764, 0.5453941597805655, 0.4710007089923049, 0.3883562157092512, 0.196274344544402, 1.0664792823399891, 0.1438150361683409, 0.1363233318939605, 0.4952267697390098, 0.9443843475107777, 0.18673053917317733], BATTLES: 268-205-217-271-226-246-186-164-215-
14, 0, 2319, [0.5266133269879709, 0.6052290414988846, 0.3972162747027166, 0.5983392470572841, 1, 0.8934132872218196, 0.22131733443235008, 0, 0.5670334376452806, 0.6905070684820614, 0.3436947841387525, 0, 0.4842269368064397, 1, 0.24288665370933957, 0.659853440618592, 1, 1, 0, 1, 0.2410650447542615, 0.42354027501751756, 0.36849351717057854, 0.18113551035985517, 0, 1, 0, 0, 0.15178819048762987, 0.05396858656398218, 0.04082539959795616, 0.8545916670533913, 0.43321717686828437, 0.32641961214979404, 0.1942469868957687, 0.6651680689161912, 0.19725584097210247, 0.23404446133628742, 0.24712426788487923, 0.5144219550610369, 0.20360170686824275, 0.6110553357599384, 0.5441706748674122, 0.2960741947423325, 1.1345644691943135, 0.3200264301291692, 0.4110506799464032, 0.6163784645928855, 0.3892098587105834, 0.2687472058268254, 0.41486967741235986, 0.48495806063182956, 4.773160599045052, 0.3110925248041542, 1.1507001203475875, 0.5164216575416974], BATTLES: 267-228-259-296-289-290-238-207-245-
14, 1, 2260, [0.36663755975402906, 0.7180767298003746, 0.4571212892772482, 0.38706711584777964, 0.8417288315322851, 1, 0.6458150043685406, 0, 0.5602710251334875, 0.35406665140336196, 0.7768455131250489, 0, 0.5129205811417046, 1, 0.5401713828425245, 0.4812488419218113, 0, 0.43499739820214534, 0, 1, 1, 0.13963733211640417, 0, 0.08679273453805694, 0, 0.30909831826438594, 0, 0.6309262867384305, 0.17092059416214614, 0.05291566448956136, 0.031146505070553828, 0.4817301004955991, 0.30524513288854416, 0.24349353891033382, 0.6951588400909834, 1.3731894374860159, 0.17651853004642082, 0.2311880904642223, 0.22575793079152526, 0.3617869094096116, 0.1151697562622772, 0.9025883372641, 0.31943657178242163, 0.40252604417641197, 2.809381550865595, 0.37734202046033005, 0.2859733419937553, 0.5960906714272408, 0.38327971364465324, 0.2377727903793715, 0.31048701499348064, 0.7279304473039243, 2.2853175183302854, 0.268003569418166, 0.4212648995035579, 0.2740786342744269], BATTLES: 245-213-263-297-258-289-265-186-244-
14, 2, 2246, [0.5430443373981854, 0.7520813898475559, 0.4135320743688236, 0.18834615110560454, 1, 0.9623309711825855, 1, 0, 0.8625453914826506, 0.9593473485538745, 0, 0.517297684528141, 0.5783688247623833, 0, 0.4543561273247863, 1, 0, 0.42962720939267207, 0, 1, 0.6535824721753782, 0.32144223744262096, 0, 0.3107074276610789, 0.6394912098571988, 0, 0, 0.9491079450967486, 0.10610277577343633, 0.04161910695478383, 0.009333260601013537, 0.5197735929907309, 0.7370859325963447, 0.19122250511869368, 1.126314066255028, 1.6773851904880952, 0.1897818651456916, 0.30071523584670007, 0.25679364875360594, 0.17170597493461823, 0.1393786131607501, 0.607804598101188, 0.19296151572098186, 0.17199790714287416, 1.6399905517992819, 0.18083786570218435, 0.6018704860609633, 1.2314540288093283, 0.15161186154367864, 0.10639179603302885, 0.2106174573077477, 0.7455045251603077, 0.6232471267253407, 0.2898480489903621, 1.3394089706288925, 0.2297539049118783], BATTLES: 234-189-264-288-265-309-267-186-244-
14, 3, 2226, [0.2583822447864609, 0.7386568830160302, 0.7900720607439998, 0.24350425931946532, 1, 0.7505935709618023, 0.7143607042535418, 0, 0.8934451200404734, 1, 0.046999763675787176, 0.04684545198993696, 0.41725683793071033, 0, 1, 0, 0.7636080733835977, 0.18258254777117694, 1, 0.8350945718202002, 1, 0.5257317962052696, 0.3563690411599536, 0.9946454894858815, 0.2054091798718416, 0.8994997378182983, 0.11358741126392409, 0.7014668465549727, 0.7005947128140281, 0.28336511859589053, 0.028517300528475627, 0.23199435692977832, 0.8321216180805051, 0.15266206067207863, 0.5445200787746531, 0.33104153353089133, 2.02333746906627, 0.3758702290589508, 0.7982781903007976, 0.3254213780729386, 0.05878840910756675, 2.320881621435176, 1.9920746579696305, 0.9704295056897952, 0.09042662689227872, 0.4879101150917806, 0.4652342939375127, 0.4680188288819603, 0.4239087964710441, 0.17670960037880648, 1.0980097461435283, 0.1478806503860199, 0.31228456031891444, 0.733368027758771, 0.7723946594479969, 0.15016387365046893], BATTLES: 271-230-238-289-261-298-221-165-253-
14, 4, 2213, [0.34790947635907443, 0.8238548604169365, 0.3611428840125471, 0.5471813063342214, 1, 0.9228116442215702, 0, 0.03215787487386965, 0.8226374693590193, 1, 0.47477813383485123, 0, 0.6107687373882518, 1, 0.37661467696494466, 0.8371457932899745, 1, 0.09888076471692053, 0.6635833692628987, 1, 0.6113313647548791, 0.5181873856807119, 0.11639158174550351, 0, 0.3809223556915381, 0.5948220053590615, 0.37214474673835807, 0, 0.1859312207808463, 0.07844911753056963, 0.015998188349914365, 0.38435152348341384, 0.31030430109174245, 0.24433238129025217, 0.9582000608260338, 0.7833557985715374, 0.2570369764001724, 0.4136372767149239, 0.2209831338704473, 0.3559552889804166, 0.09210515344033082, 0.6580675405978001, 0.4088115841050535, 0.17538582760733, 1.350310087587225, 0.3803210221028962, 0.7728698931566971, 0.5455509632625081, 0.34055785893297735, 0.19182714754365018, 0.10021201346867632, 0.4159226622065846, 0.5986919018414054, 0.1285325527217925, 0.6952143701884601, 0.28968058011907805], BATTLES: 254-219-250-290-263-301-210-181-245-
14, 5, 2212, [0.25881301902711346, 0.8347279004589824, 0.3827608038361156, 0.559799186847154, 0.9678833191065326, 0.8802150345649662, 0, 0, 0.8630778945650232, 1, 0.4826123529667339, 0.7830075886853392, 0.6842194602213733, 0.596205850051968, 0.5561455663532936, 0.8608793288167194, 0.876204155830096, 0.07855746250395344, 0.16512760662738707, 0.5775867092454938, 0.7562234534367137, 0.40308164407401964, 0.2216420363856635, 0, 0.1037943851158844, 0.8062099467995655, 0, 0.07228041417927003, 0.10668421666973658, 0.133840446436447, 0.015206955381214964, 0.3192888024892714, 0.24021243304279793, 0.26762190609588715, 1.7421124604977507, 1.0195545252642662, 0.3203728054773705, 0.4983693272635358, 0.22229792370526058, 0.43880690404611633, 0.07564706143326519, 0.9090312378390653, 0.30259044786277467, 0.10708626660845363, 1.4250514680668125, 0.34565384108058095, 0.9921468866861631, 0.5120300252853089, 0.229093376391354, 0.18460932380709488, 0.1014393335693179, 0.3265221157753568, 0.751790789071778, 0.13843261376476387, 0.8032344472760368, 0.5964168515853664], BATTLES: 253-198-247-295-276-299-214-176-254-
14, 6, 2192, [0.28356518481991383, 0.6273920358700521, 0.4259686448700892, 0.5691321135576065, 1, 0.8626814683475452, 0, 0, 0.7498347338233544, 0.6358148930750911, 0.8113211236981888, 0.42089110215832887, 0.49225057116857907, 1, 0, 0.682774278107376, 1, 0.9596299273886231, 0, 1, 0.710509224382343, 0.28103019980366606, 0.21843050719378512, 0, 0, 0.8246601778539544, 0, 0, 0.2254441483613437, 0.06495885674908536, 0.030525125346866765, 0.5131835911338988, 0.40078315456578845, 0.30283777896767233, 0.5082032829887584, 1.166843667446717, 0.27981237680183063, 0.29583563151986275, 0.32654905718958926, 0.3186938785037469, 0.09948258256585867, 0.7642138476402632, 0.6681803254383037, 0.3544248777023891, 1.986270122124172, 0.35200623062808756, 0.41554115474614756, 0.6658017910608776, 0.3420181318929687, 0.23638077169671368, 0.3003478241657491, 0.714955557631092, 2.774111000132471, 0.274397145495702, 0.5211169423826582, 0.3573917643337032], BATTLES: 240-209-253-298-256-296-221-179-240-
14, 7, 2168, [0.2552589425468783, 0.7880864981615258, 0.7253146287044329, 0.33944586685942063, 0.641128828326642, 0.6600723736252933, 1, 0, 0.11344206589180617, 0.7099488293762014, 0, 0, 0.3518433073495679, 1, 0.36901517155354324, 0.886697476954434, 0.6424422878114989, 1, 0.5841897709363872, 1, 0.8437764107299794, 0.08826769699498292, 0, 1, 0.17656823848352138, 0.8939057798186529, 1, 0.5015530610248663, 0.6325766798001152, 0.1955576099173728, 0.034316844433675046, 0.13034116410668933, 0.8700538677687047, 0.200655288556569, 0.48342392037732923, 0.5173622428747402, 1.0285553952797628, 0.7937697715007056, 0.8073194603238115, 0.5244546103093486, 0.10220280962358058, 1.2938226269874282, 1.233747968784742, 0.5593065208968121, 0.15191111711134844, 0.3139934931882103, 0.5042177908651332, 0.3857869234587518, 0.4338831230545121, 0.2293979003734533, 1.1121638192838186, 0.14574764049667732, 0.17843699542493685, 0.624798126488383, 0.6876102232160398, 0.2430832250596848], BATTLES: 251-185-250-283-218-289-247-200-245-
14, 8, 2152, [0.4218195269128214, 0.7383938960452865, 0.4023818096871013, 0.3871792036234707, 0.6919429801780983, 1, 0, 0, 0.9250921389279921, 1, 0, 0.400990230402681, 0.37249335884284346, 0.29745811598702265, 0.3915197071045262, 0.666749418393658, 0.5448522525717747, 0.549200463840348, 0.18266161995740768, 1, 0.5475847951858079, 0.27666207838499357, 0, 0, 1, 0.3399971060719192, 0.05741854735222074, 0.7392919756612344, 0.14232434927616755, 0.05514471938307025, 0.009461293687530003, 0.36464953563964314, 0.6097544670645996, 0.18874431918735388, 0.46307883891168433, 1.029132560980018, 0.2612161662294293, 0.258719412706983, 0.2579580950658622, 0.13081160414439713, 0.17616034135907882, 0.5503625887942604, 0.2160281471343931, 0.351102585835, 1.2973995226907735, 0.22528018332481045, 0.45531865201758287, 1.0848008954169444, 0.3698213947738111, 0.09932750704823981, 0.1957487384183889, 0.4044033705757933, 1.028396227518216, 0.2511341083858221, 0.5834857742323131, 0.3526756686495529], BATTLES: 254-195-271-259-218-285-238-185-247-
14, 9, 2138, [0.3446939443804139, 0.317300812391939, 0.7881254898908242, 0.29578532118078743, 0.6582282583460477, 0.8147923890885564, 1, 0, 0, 1, 0, 0, 0.3643194708068196, 1, 0, 0, 0.6918994030418573, 0.39831048246524126, 1, 1, 1, 0.37427811751782053, 0.5114457695347467, 1, 0.25550944086487637, 0.3705768073056319, 0, 0.4403147877407065, 0.6974082769042749, 0.30340998018960574, 0.04187190127326364, 0.14754510012956468, 0.9470215453873976, 0.2539498563335638, 0.4936384079317759, 0.3994580718547297, 1.6597857717415467, 0.720645290688069, 0.8720164498102273, 0.3775546228742432, 0.0834042083012531, 1.957467740340044, 1.3144878344643813, 0.854742976828355, 0.1419075445228195, 0.30096572683357764, 0.5453941597805655, 0.4710007089923049, 0.3883562157092512, 0.196274344544402, 1.0664792823399891, 0.1438150361683409, 0.1363233318939605, 0.4952267697390098, 0.9443843475107777, 0.18673053917317733], BATTLES: 267-206-233-285-223-273-231-193-227-
15, 0, 2240, [0.5266133269879709, 0.6052290414988846, 0.3972162747027166, 0.5983392470572841, 1, 0.8934132872218196, 0.22131733443235008, 0, 0.5670334376452806, 0.6905070684820614, 0.3436947841387525, 0, 0.4842269368064397, 1, 0.24288665370933957, 0.659853440618592, 1, 1, 0, 1, 0.2410650447542615, 0.42354027501751756, 0.36849351717057854, 0.18113551035985517, 0, 1, 0, 0, 0.15178819048762987, 0.05396858656398218, 0.04082539959795616, 0.8545916670533913, 0.43321717686828437, 0.32641961214979404, 0.1942469868957687, 0.6651680689161912, 0.19725584097210247, 0.23404446133628742, 0.24712426788487923, 0.5144219550610369, 0.20360170686824275, 0.6110553357599384, 0.5441706748674122, 0.2960741947423325, 1.1345644691943135, 0.3200264301291692, 0.4110506799464032, 0.6163784645928855, 0.3892098587105834, 0.2687472058268254, 0.41486967741235986, 0.48495806063182956, 4.773160599045052, 0.3110925248041542, 1.1507001203475875, 0.5164216575416974], BATTLES: 251-219-234-296-281-298-227-196-238-
15, 1, 2157, [0.28356518481991383, 0.6273920358700521, 0.4259686448700892, 0.5691321135576065, 1, 0.8626814683475452, 0, 0, 0.7498347338233544, 0.6358148930750911, 0.8113211236981888, 0.42089110215832887, 0.49225057116857907, 1, 0, 0.682774278107376, 1, 0.9596299273886231, 0, 1, 0.710509224382343, 0.28103019980366606, 0.21843050719378512, 0, 0, 0.8246601778539544, 0, 0, 0.2254441483613437, 0.06495885674908536, 0.030525125346866765, 0.5131835911338988, 0.40078315456578845, 0.30283777896767233, 0.5082032829887584, 1.166843667446717, 0.27981237680183063, 0.29583563151986275, 0.32654905718958926, 0.3186938785037469, 0.09948258256585867, 0.7642138476402632, 0.6681803254383037, 0.3544248777023891, 1.986270122124172, 0.35200623062808756, 0.41554115474614756, 0.6658017910608776, 0.3420181318929687, 0.23638077169671368, 0.3003478241657491, 0.714955557631092, 2.774111000132471, 0.274397145495702, 0.5211169423826582, 0.3573917643337032], BATTLES: 249-189-245-284-268-293-227-184-218-
15, 2, 2145, [0.36663755975402906, 0.7180767298003746, 0.4571212892772482, 0.38706711584777964, 0.8417288315322851, 1, 0.6458150043685406, 0, 0.5602710251334875, 0.35406665140336196, 0.7768455131250489, 0, 0.5129205811417046, 1, 0.5401713828425245, 0.4812488419218113, 0, 0.43499739820214534, 0, 1, 1, 0.13963733211640417, 0, 0.08679273453805694, 0, 0.30909831826438594, 0, 0.6309262867384305, 0.17092059416214614, 0.05291566448956136, 0.031146505070553828, 0.4817301004955991, 0.30524513288854416, 0.24349353891033382, 0.6951588400909834, 1.3731894374860159, 0.17651853004642082, 0.2311880904642223, 0.22575793079152526, 0.3617869094096116, 0.1151697562622772, 0.9025883372641, 0.31943657178242163, 0.40252604417641197, 2.809381550865595, 0.37734202046033005, 0.2859733419937553, 0.5960906714272408, 0.38327971364465324, 0.2377727903793715, 0.31048701499348064, 0.7279304473039243, 2.2853175183302854, 0.268003569418166, 0.4212648995035579, 0.2740786342744269], BATTLES: 234-195-244-284-250-293-222-187-236-
15, 3, 2136, [0.25881301902711346, 0.8347279004589824, 0.3827608038361156, 0.559799186847154, 0.9678833191065326, 0.8802150345649662, 0, 0, 0.8630778945650232, 1, 0.4826123529667339, 0.7830075886853392, 0.6842194602213733, 0.596205850051968, 0.5561455663532936, 0.8608793288167194, 0.876204155830096, 0.07855746250395344, 0.16512760662738707, 0.5775867092454938, 0.7562234534367137, 0.40308164407401964, 0.2216420363856635, 0, 0.1037943851158844, 0.8062099467995655, 0, 0.07228041417927003, 0.10668421666973658, 0.133840446436447, 0.015206955381214964, 0.3192888024892714, 0.24021243304279793, 0.26762190609588715, 1.7421124604977507, 1.0195545252642662, 0.3203728054773705, 0.4983693272635358, 0.22229792370526058, 0.43880690404611633, 0.07564706143326519, 0.9090312378390653, 0.30259044786277467, 0.10708626660845363, 1.4250514680668125, 0.34565384108058095, 0.9921468866861631, 0.5120300252853089, 0.229093376391354, 0.18460932380709488, 0.1014393335693179, 0.3265221157753568, 0.751790789071778, 0.13843261376476387, 0.8032344472760368, 0.5964168515853664], BATTLES: 248-202-252-274-252-306-191-177-234-
15, 4, 2135, [0.5430443373981854, 0.7520813898475559, 0.4135320743688236, 0.18834615110560454, 1, 0.9623309711825855, 1, 0, 0.8625453914826506, 0.9593473485538745, 0, 0.517297684528141, 0.5783688247623833, 0, 0.4543561273247863, 1, 0, 0.42962720939267207, 0, 1, 0.6535824721753782, 0.32144223744262096, 0, 0.3107074276610789, 0.6394912098571988, 0, 0, 0.9491079450967486, 0.10610277577343633, 0.04161910695478383, 0.009333260601013537, 0.5197735929907309, 0.7370859325963447, 0.19122250511869368, 1.126314066255028, 1.6773851904880952, 0.1897818651456916, 0.30071523584670007, 0.25679364875360594, 0.17170597493461823, 0.1393786131607501, 0.607804598101188, 0.19296151572098186, 0.17199790714287416, 1.6399905517992819, 0.18083786570218435, 0.6018704860609633, 1.2314540288093283, 0.15161186154367864, 0.10639179603302885, 0.2106174573077477, 0.7455045251603077, 0.6232471267253407, 0.2898480489903621, 1.3394089706288925, 0.2297539049118783], BATTLES: 225-193-262-271-262-283-230-175-234-
15, 5, 2112, [0.2583822447864609, 0.7386568830160302, 0.7900720607439998, 0.24350425931946532, 1, 0.7505935709618023, 0.7143607042535418, 0, 0.8934451200404734, 1, 0.046999763675787176, 0.04684545198993696, 0.41725683793071033, 0, 1, 0, 0.7636080733835977, 0.18258254777117694, 1, 0.8350945718202002, 1, 0.5257317962052696, 0.3563690411599536, 0.9946454894858815, 0.2054091798718416, 0.8994997378182983, 0.11358741126392409, 0.7014668465549727, 0.7005947128140281, 0.28336511859589053, 0.028517300528475627, 0.23199435692977832, 0.8321216180805051, 0.15266206067207863, 0.5445200787746531, 0.33104153353089133, 2.02333746906627, 0.3758702290589508, 0.7982781903007976, 0.3254213780729386, 0.05878840910756675, 2.320881621435176, 1.9920746579696305, 0.9704295056897952, 0.09042662689227872, 0.4879101150917806, 0.4652342939375127, 0.4680188288819603, 0.4239087964710441, 0.17670960037880648, 1.0980097461435283, 0.1478806503860199, 0.31228456031891444, 0.733368027758771, 0.7723946594479969, 0.15016387365046893], BATTLES: 244-213-245-289-263-283-180-168-227-
15, 6, 2083, [0.4218195269128214, 0.7383938960452865, 0.4023818096871013, 0.3871792036234707, 0.6919429801780983, 1, 0, 0, 0.9250921389279921, 1, 0, 0.400990230402681, 0.37249335884284346, 0.29745811598702265, 0.3915197071045262, 0.666749418393658, 0.5448522525717747, 0.549200463840348, 0.18266161995740768, 1, 0.5475847951858079, 0.27666207838499357, 0, 0, 1, 0.3399971060719192, 0.05741854735222074, 0.7392919756612344, 0.14232434927616755, 0.05514471938307025, 0.009461293687530003, 0.36464953563964314, 0.6097544670645996, 0.18874431918735388, 0.46307883891168433, 1.029132560980018, 0.2612161662294293, 0.258719412706983, 0.2579580950658622, 0.13081160414439713, 0.17616034135907882, 0.5503625887942604, 0.2160281471343931, 0.351102585835, 1.2973995226907735, 0.22528018332481045, 0.45531865201758287, 1.0848008954169444, 0.3698213947738111, 0.09932750704823981, 0.1957487384183889, 0.4044033705757933, 1.028396227518216, 0.2511341083858221, 0.5834857742323131, 0.3526756686495529], BATTLES: 233-193-264-251-213-271-233-178-247-
15, 7, 2078, [0.34790947635907443, 0.8238548604169365, 0.3611428840125471, 0.5471813063342214, 1, 0.9228116442215702, 0, 0.03215787487386965, 0.8226374693590193, 1, 0.47477813383485123, 0, 0.6107687373882518, 1, 0.37661467696494466, 0.8371457932899745, 1, 0.09888076471692053, 0.6635833692628987, 1, 0.6113313647548791, 0.5181873856807119, 0.11639158174550351, 0, 0.3809223556915381, 0.5948220053590615, 0.37214474673835807, 0, 0.1859312207808463, 0.07844911753056963, 0.015998188349914365, 0.38435152348341384, 0.31030430109174245, 0.24433238129025217, 0.9582000608260338, 0.7833557985715374, 0.2570369764001724, 0.4136372767149239, 0.2209831338704473, 0.3559552889804166, 0.09210515344033082, 0.6580675405978001, 0.4088115841050535, 0.17538582760733, 1.350310087587225, 0.3803210221028962, 0.7728698931566971, 0.5455509632625081, 0.34055785893297735, 0.19182714754365018, 0.10021201346867632, 0.4159226622065846, 0.5986919018414054, 0.1285325527217925, 0.6952143701884601, 0.28968058011907805], BATTLES: 236-184-238-251-262-294-207-178-228-
15, 8, 2053, [0.2552589425468783, 0.7880864981615258, 0.7253146287044329, 0.33944586685942063, 0.641128828326642, 0.6600723736252933, 1, 0, 0.11344206589180617, 0.7099488293762014, 0, 0, 0.3518433073495679, 1, 0.36901517155354324, 0.886697476954434, 0.6424422878114989, 1, 0.5841897709363872, 1, 0.8437764107299794, 0.08826769699498292, 0, 1, 0.17656823848352138, 0.8939057798186529, 1, 0.5015530610248663, 0.6325766798001152, 0.1955576099173728, 0.034316844433675046, 0.13034116410668933, 0.8700538677687047, 0.200655288556569, 0.48342392037732923, 0.5173622428747402, 1.0285553952797628, 0.7937697715007056, 0.8073194603238115, 0.5244546103093486, 0.10220280962358058, 1.2938226269874282, 1.233747968784742, 0.5593065208968121, 0.15191111711134844, 0.3139934931882103, 0.5042177908651332, 0.3857869234587518, 0.4338831230545121, 0.2293979003734533, 1.1121638192838186, 0.14574764049667732, 0.17843699542493685, 0.624798126488383, 0.6876102232160398, 0.2430832250596848], BATTLES: 239-190-234-264-231-278-224-186-207-
15, 9, 2049, [0.3446939443804139, 0.317300812391939, 0.7881254898908242, 0.29578532118078743, 0.6582282583460477, 0.8147923890885564, 1, 0, 0, 1, 0, 0, 0.3643194708068196, 1, 0, 0, 0.6918994030418573, 0.39831048246524126, 1, 1, 1, 0.37427811751782053, 0.5114457695347467, 1, 0.25550944086487637, 0.3705768073056319, 0, 0.4403147877407065, 0.6974082769042749, 0.30340998018960574, 0.04187190127326364, 0.14754510012956468, 0.9470215453873976, 0.2539498563335638, 0.4936384079317759, 0.3994580718547297, 1.6597857717415467, 0.720645290688069, 0.8720164498102273, 0.3775546228742432, 0.0834042083012531, 1.957467740340044, 1.3144878344643813, 0.854742976828355, 0.1419075445228195, 0.30096572683357764, 0.5453941597805655, 0.4710007089923049, 0.3883562157092512, 0.196274344544402, 1.0664792823399891, 0.1438150361683409, 0.1363233318939605, 0.4952267697390098, 0.9443843475107777, 0.18673053917317733], BATTLES: 234-204-239-279-222-256-206-179-230-
16, 0, 2241, [0.5266133269879709, 0.6052290414988846, 0.3972162747027166, 0.5983392470572841, 1, 0.8934132872218196, 0.22131733443235008, 0, 0.5670334376452806, 0.6905070684820614, 0.3436947841387525, 0, 0.4842269368064397, 1, 0.24288665370933957, 0.659853440618592, 1, 1, 0, 1, 0.2410650447542615, 0.42354027501751756, 0.36849351717057854, 0.18113551035985517, 0, 1, 0, 0, 0.15178819048762987, 0.05396858656398218, 0.04082539959795616, 0.8545916670533913, 0.43321717686828437, 0.32641961214979404, 0.1942469868957687, 0.6651680689161912, 0.19725584097210247, 0.23404446133628742, 0.24712426788487923, 0.5144219550610369, 0.20360170686824275, 0.6110553357599384, 0.5441706748674122, 0.2960741947423325, 1.1345644691943135, 0.3200264301291692, 0.4110506799464032, 0.6163784645928855, 0.3892098587105834, 0.2687472058268254, 0.41486967741235986, 0.48495806063182956, 4.773160599045052, 0.3110925248041542, 1.1507001203475875, 0.5164216575416974], BATTLES: 248-201-252-302-271-293-238-208-228-
16, 1, 2172, [0.36663755975402906, 0.7180767298003746, 0.4571212892772482, 0.38706711584777964, 0.8417288315322851, 1, 0.6458150043685406, 0, 0.5602710251334875, 0.35406665140336196, 0.7768455131250489, 0, 0.5129205811417046, 1, 0.5401713828425245, 0.4812488419218113, 0, 0.43499739820214534, 0, 1, 1, 0.13963733211640417, 0, 0.08679273453805694, 0, 0.30909831826438594, 0, 0.6309262867384305, 0.17092059416214614, 0.05291566448956136, 0.031146505070553828, 0.4817301004955991, 0.30524513288854416, 0.24349353891033382, 0.6951588400909834, 1.3731894374860159, 0.17651853004642082, 0.2311880904642223, 0.22575793079152526, 0.3617869094096116, 0.1151697562622772, 0.9025883372641, 0.31943657178242163, 0.40252604417641197, 2.809381550865595, 0.37734202046033005, 0.2859733419937553, 0.5960906714272408, 0.38327971364465324, 0.2377727903793715, 0.31048701499348064, 0.7279304473039243, 2.2853175183302854, 0.268003569418166, 0.4212648995035579, 0.2740786342744269], BATTLES: 221-203-272-294-233-293-236-187-233-
16, 2, 2148, [0.28356518481991383, 0.6273920358700521, 0.4259686448700892, 0.5691321135576065, 1, 0.8626814683475452, 0, 0, 0.7498347338233544, 0.6358148930750911, 0.8113211236981888, 0.42089110215832887, 0.49225057116857907, 1, 0, 0.682774278107376, 1, 0.9596299273886231, 0, 1, 0.710509224382343, 0.28103019980366606, 0.21843050719378512, 0, 0, 0.8246601778539544, 0, 0, 0.2254441483613437, 0.06495885674908536, 0.030525125346866765, 0.5131835911338988, 0.40078315456578845, 0.30283777896767233, 0.5082032829887584, 1.166843667446717, 0.27981237680183063, 0.29583563151986275, 0.32654905718958926, 0.3186938785037469, 0.09948258256585867, 0.7642138476402632, 0.6681803254383037, 0.3544248777023891, 1.986270122124172, 0.35200623062808756, 0.41554115474614756, 0.6658017910608776, 0.3420181318929687, 0.23638077169671368, 0.3003478241657491, 0.714955557631092, 2.774111000132471, 0.274397145495702, 0.5211169423826582, 0.3573917643337032], BATTLES: 251-195-260-285-273-296-197-175-216-
16, 3, 2144, [0.25881301902711346, 0.8347279004589824, 0.3827608038361156, 0.559799186847154, 0.9678833191065326, 0.8802150345649662, 0, 0, 0.8630778945650232, 1, 0.4826123529667339, 0.7830075886853392, 0.6842194602213733, 0.596205850051968, 0.5561455663532936, 0.8608793288167194, 0.876204155830096, 0.07855746250395344, 0.16512760662738707, 0.5775867092454938, 0.7562234534367137, 0.40308164407401964, 0.2216420363856635, 0, 0.1037943851158844, 0.8062099467995655, 0, 0.07228041417927003, 0.10668421666973658, 0.133840446436447, 0.015206955381214964, 0.3192888024892714, 0.24021243304279793, 0.26762190609588715, 1.7421124604977507, 1.0195545252642662, 0.3203728054773705, 0.4983693272635358, 0.22229792370526058, 0.43880690404611633, 0.07564706143326519, 0.9090312378390653, 0.30259044786277467, 0.10708626660845363, 1.4250514680668125, 0.34565384108058095, 0.9921468866861631, 0.5120300252853089, 0.229093376391354, 0.18460932380709488, 0.1014393335693179, 0.3265221157753568, 0.751790789071778, 0.13843261376476387, 0.8032344472760368, 0.5964168515853664], BATTLES: 248-200-252-285-250-305-199-162-243-
16, 4, 2136, [0.5430443373981854, 0.7520813898475559, 0.4135320743688236, 0.18834615110560454, 1, 0.9623309711825855, 1, 0, 0.8625453914826506, 0.9593473485538745, 0, 0.517297684528141, 0.5783688247623833, 0, 0.4543561273247863, 1, 0, 0.42962720939267207, 0, 1, 0.6535824721753782, 0.32144223744262096, 0, 0.3107074276610789, 0.6394912098571988, 0, 0, 0.9491079450967486, 0.10610277577343633, 0.04161910695478383, 0.009333260601013537, 0.5197735929907309, 0.7370859325963447, 0.19122250511869368, 1.126314066255028, 1.6773851904880952, 0.1897818651456916, 0.30071523584670007, 0.25679364875360594, 0.17170597493461823, 0.1393786131607501, 0.607804598101188, 0.19296151572098186, 0.17199790714287416, 1.6399905517992819, 0.18083786570218435, 0.6018704860609633, 1.2314540288093283, 0.15161186154367864, 0.10639179603302885, 0.2106174573077477, 0.7455045251603077, 0.6232471267253407, 0.2898480489903621, 1.3394089706288925, 0.2297539049118783], BATTLES: 226-176-246-289-252-298-231-177-241-
16, 5, 2093, [0.2583822447864609, 0.7386568830160302, 0.7900720607439998, 0.24350425931946532, 1, 0.7505935709618023, 0.7143607042535418, 0, 0.8934451200404734, 1, 0.046999763675787176, 0.04684545198993696, 0.41725683793071033, 0, 1, 0, 0.7636080733835977, 0.18258254777117694, 1, 0.8350945718202002, 1, 0.5257317962052696, 0.3563690411599536, 0.9946454894858815, 0.2054091798718416, 0.8994997378182983, 0.11358741126392409, 0.7014668465549727, 0.7005947128140281, 0.28336511859589053, 0.028517300528475627, 0.23199435692977832, 0.8321216180805051, 0.15266206067207863, 0.5445200787746531, 0.33104153353089133, 2.02333746906627, 0.3758702290589508, 0.7982781903007976, 0.3254213780729386, 0.05878840910756675, 2.320881621435176, 1.9920746579696305, 0.9704295056897952, 0.09042662689227872, 0.4879101150917806, 0.4652342939375127, 0.4680188288819603, 0.4239087964710441, 0.17670960037880648, 1.0980097461435283, 0.1478806503860199, 0.31228456031891444, 0.733368027758771, 0.7723946594479969, 0.15016387365046893], BATTLES: 243-187-249-292-245-296-189-175-217-
16, 6, 2075, [0.30509267795728445, 0.7056127047268133, 0.3962954286595836, 0.11314144548539729, 0.6980438418277297, 0.9924151746810453, 0, 0.03727516057946991, 0.8240695236002233, 0.746550363920917, 0.04356216057568059, 0.28679362739210823, 0.7578317162697575, 0, 0.5310879393286192, 1, 1, 0.69118001389189, 0.1997618034990606, 1, 0.7130114648488752, 0.31372647873465864, 0, 0.33170955129074464, 0.32937666564012447, 0.2907863380746802, 0.5605457044771598, 0.9878516207630372, 0.10164797910542608, 0.041950585537137534, 0.013498934235348132, 0.3361943229222533, 0.5324507952163576, 0.20369498627347343, 0.3797797270461842, 0.6607133365259822, 0.13897446831831092, 0.25295871660475344, 0.2781941095178743, 0.10962625542849468, 0.2556831213292385, 0.4661188426431808, 0.38436521052405404, 0.2919920844488165, 1.537260593217511, 0.1986251810889507, 0.41437787655983815, 1.153958813383731, 0.3737808458257, 0.15670815961199328, 0.16664492527800864, 0.5982440943409326, 0.9467111844278642, 0.2446800036771747, 0.5915932001045133, 0.3327227588813839], BATTLES: 227-180-259-255-223-298-223-175-235-
16, 7, 2059, [0.6475695590607258, 0.8591560883735357, 0.8367408991455609, 0.02414802035030525, 0.5562244725167798, 0.43586053916755013, 1, 0.19005694361597456, 1, 1, 0, 0, 0.40933392730721807, 1, 0, 1, 0.7748181932422306, 0.16109949697467313, 0.676067982646066, 0.9542410131514079, 1, 0.25328680639900086, 0, 1, 0.4211398073168798, 0, 0.561398707076514, 0.8142993694412335, 0.4340173933886957, 0.3616551762915008, 0.02267357135040857, 0.15543078158107068, 1.2213102415491983, 0.24647155115403432, 0.6428504041936888, 0.5035547300396643, 2.3874054985610518, 0.4815787508614696, 0.5648062789893642, 0.18721991106719318, 0.05504542739690021, 4.229039504527925, 1.4934376307343817, 0.8104996572662021, 0.12723029884882808, 0.3145043582096853, 0.6570900251660436, 0.6142192752524972, 0.3677957308232806, 0.17073545915872626, 0.6371162807735123, 0.09012233050813469, 0.25482687499265294, 1.2272544915024703, 0.8950801823219403, 0.16926475400278404], BATTLES: 213-168-217-279-221-284-257-209-211-
16, 8, 2047, [0.3446939443804139, 0.317300812391939, 0.7881254898908242, 0.29578532118078743, 0.6582282583460477, 0.8147923890885564, 1, 0, 0, 1, 0, 0, 0.3643194708068196, 1, 0, 0, 0.6918994030418573, 0.39831048246524126, 1, 1, 1, 0.37427811751782053, 0.5114457695347467, 1, 0.25550944086487637, 0.3705768073056319, 0, 0.4403147877407065, 0.6974082769042749, 0.30340998018960574, 0.04187190127326364, 0.14754510012956468, 0.9470215453873976, 0.2539498563335638, 0.4936384079317759, 0.3994580718547297, 1.6597857717415467, 0.720645290688069, 0.8720164498102273, 0.3775546228742432, 0.0834042083012531, 1.957467740340044, 1.3144878344643813, 0.854742976828355, 0.1419075445228195, 0.30096572683357764, 0.5453941597805655, 0.4710007089923049, 0.3883562157092512, 0.196274344544402, 1.0664792823399891, 0.1438150361683409, 0.1363233318939605, 0.4952267697390098, 0.9443843475107777, 0.18673053917317733], BATTLES: 274-197-211-270-222-261-204-172-236-
16, 9, 2045, [0.23726654480319087, 0.67247052364699, 0.4163402722038105, 0, 1, 1, 0.2690925058271787, 0, 0.8624678982794457, 1, 0, 0.40312769222054495, 0.7863607437420169, 0, 0.3237520280266466, 0.6057208447099625, 0.529377931274899, 0.21839821892193625, 0, 0.31428760025939617, 0.6226012240734847, 0.3620957742767808, 0.22702732905714307, 0, 0.6324248089532991, 0, 1, 0.985209354580957, 0.1291160866513385, 0.03910163869589346, 0.008432266513282292, 0.7560427584994986, 0.5206676337810524, 0.13102248347842607, 0.9349246928013634, 1.9946738769242864, 0.1793402128846815, 0.286805719798673, 0.35767334850249727, 0.21951391080932703, 0.11584218191063397, 0.5093982522992819, 0.3467947299199363, 0.3020523677446082, 2.4745014144979796, 0.18234920574178065, 0.9073332113177676, 1.2609644172929082, 0.20448320402267028, 0.14876794060512896, 0.12361147718779736, 0.9069084379334299, 0.4940688256672641, 0.17700281800840204, 2.6424818084731365, 0.22295297778605905], BATTLES: 270-204-262-256-199-270-201-150-233-
17, 0, 2261, [0.5266133269879709, 0.6052290414988846, 0.3972162747027166, 0.5983392470572841, 1, 0.8934132872218196, 0.22131733443235008, 0, 0.5670334376452806, 0.6905070684820614, 0.3436947841387525, 0, 0.4842269368064397, 1, 0.24288665370933957, 0.659853440618592, 1, 1, 0, 1, 0.2410650447542615, 0.42354027501751756, 0.36849351717057854, 0.18113551035985517, 0, 1, 0, 0, 0.15178819048762987, 0.05396858656398218, 0.04082539959795616, 0.8545916670533913, 0.43321717686828437, 0.32641961214979404, 0.1942469868957687, 0.6651680689161912, 0.19725584097210247, 0.23404446133628742, 0.24712426788487923, 0.5144219550610369, 0.20360170686824275, 0.6110553357599384, 0.5441706748674122, 0.2960741947423325, 1.1345644691943135, 0.3200264301291692, 0.4110506799464032, 0.6163784645928855, 0.3892098587105834, 0.2687472058268254, 0.41486967741235986, 0.48495806063182956, 4.773160599045052, 0.3110925248041542, 1.1507001203475875, 0.5164216575416974], BATTLES: 255-201-244-316-267-300-248-195-235-
17, 1, 2258, [0.36663755975402906, 0.7180767298003746, 0.4571212892772482, 0.38706711584777964, 0.8417288315322851, 1, 0.6458150043685406, 0, 0.5602710251334875, 0.35406665140336196, 0.7768455131250489, 0, 0.5129205811417046, 1, 0.5401713828425245, 0.4812488419218113, 0, 0.43499739820214534, 0, 1, 1, 0.13963733211640417, 0, 0.08679273453805694, 0, 0.30909831826438594, 0, 0.6309262867384305, 0.17092059416214614, 0.05291566448956136, 0.031146505070553828, 0.4817301004955991, 0.30524513288854416, 0.24349353891033382, 0.6951588400909834, 1.3731894374860159, 0.17651853004642082, 0.2311880904642223, 0.22575793079152526, 0.3617869094096116, 0.1151697562622772, 0.9025883372641, 0.31943657178242163, 0.40252604417641197, 2.809381550865595, 0.37734202046033005, 0.2859733419937553, 0.5960906714272408, 0.38327971364465324, 0.2377727903793715, 0.31048701499348064, 0.7279304473039243, 2.2853175183302854, 0.268003569418166, 0.4212648995035579, 0.2740786342744269], BATTLES: 243-208-266-316-259-298-264-167-237-
17, 2, 2219, [0.5430443373981854, 0.7520813898475559, 0.4135320743688236, 0.18834615110560454, 1, 0.9623309711825855, 1, 0, 0.8625453914826506, 0.9593473485538745, 0, 0.517297684528141, 0.5783688247623833, 0, 0.4543561273247863, 1, 0, 0.42962720939267207, 0, 1, 0.6535824721753782, 0.32144223744262096, 0, 0.3107074276610789, 0.6394912098571988, 0, 0, 0.9491079450967486, 0.10610277577343633, 0.04161910695478383, 0.009333260601013537, 0.5197735929907309, 0.7370859325963447, 0.19122250511869368, 1.126314066255028, 1.6773851904880952, 0.1897818651456916, 0.30071523584670007, 0.25679364875360594, 0.17170597493461823, 0.1393786131607501, 0.607804598101188, 0.19296151572098186, 0.17199790714287416, 1.6399905517992819, 0.18083786570218435, 0.6018704860609633, 1.2314540288093283, 0.15161186154367864, 0.10639179603302885, 0.2106174573077477, 0.7455045251603077, 0.6232471267253407, 0.2898480489903621, 1.3394089706288925, 0.2297539049118783], BATTLES: 247-203-260-287-254-315-229-171-253-
17, 3, 2196, [0.5036748428169897, 0.6409872600207162, 0.41832268592980487, 0, 1, 1, 0, 0, 0.672130696975282, 0.8774183456368745, 0.820553260878043, 0.15411566622728073, 0.5023695210756535, 1, 0.380417817471538, 0.7206074811401204, 1, 1, 0, 0.8419795008163339, 0.5103926274778765, 0.33773622589443975, 0, 0, 0, 1, 0, 0, 0.15544351031584194, 0.061828437662217184, 0.02626323407658846, 0.7498447962578165, 0.7025559766020268, 0.337816615206497, 0.2696866241883165, 1.2669483319666734, 0.29101287118817026, 0.2935186854795029, 0.18378838583512144, 0.26335971470070685, 0.10052496931207648, 0.4398357560941231, 0.7220894857207734, 0.2832391805461413, 2.0448700526868895, 0.3763485978094137, 0.3766556851650588, 0.6290633611594258, 0.32948822341725936, 0.19779849158938823, 0.2358402774300588, 0.6268399471172716, 1.591987768007761, 0.2557483179743753, 0.4381523826057403, 0.28566166690969585], BATTLES: 236-202-239-300-262-300-226-200-231-
17, 4, 2181, [0.28356518481991383, 0.6273920358700521, 0.4259686448700892, 0.5691321135576065, 1, 0.8626814683475452, 0, 0, 0.7498347338233544, 0.6358148930750911, 0.8113211236981888, 0.42089110215832887, 0.49225057116857907, 1, 0, 0.682774278107376, 1, 0.9596299273886231, 0, 1, 0.710509224382343, 0.28103019980366606, 0.21843050719378512, 0, 0, 0.8246601778539544, 0, 0, 0.2254441483613437, 0.06495885674908536, 0.030525125346866765, 0.5131835911338988, 0.40078315456578845, 0.30283777896767233, 0.5082032829887584, 1.166843667446717, 0.27981237680183063, 0.29583563151986275, 0.32654905718958926, 0.3186938785037469, 0.09948258256585867, 0.7642138476402632, 0.6681803254383037, 0.3544248777023891, 1.986270122124172, 0.35200623062808756, 0.41554115474614756, 0.6658017910608776, 0.3420181318929687, 0.23638077169671368, 0.3003478241657491, 0.714955557631092, 2.774111000132471, 0.274397145495702, 0.5211169423826582, 0.3573917643337032], BATTLES: 247-196-251-295-269-305-219-167-232-
17, 5, 2164, [0.25881301902711346, 0.8347279004589824, 0.3827608038361156, 0.559799186847154, 0.9678833191065326, 0.8802150345649662, 0, 0, 0.8630778945650232, 1, 0.4826123529667339, 0.7830075886853392, 0.6842194602213733, 0.596205850051968, 0.5561455663532936, 0.8608793288167194, 0.876204155830096, 0.07855746250395344, 0.16512760662738707, 0.5775867092454938, 0.7562234534367137, 0.40308164407401964, 0.2216420363856635, 0, 0.1037943851158844, 0.8062099467995655, 0, 0.07228041417927003, 0.10668421666973658, 0.133840446436447, 0.015206955381214964, 0.3192888024892714, 0.24021243304279793, 0.26762190609588715, 1.7421124604977507, 1.0195545252642662, 0.3203728054773705, 0.4983693272635358, 0.22229792370526058, 0.43880690404611633, 0.07564706143326519, 0.9090312378390653, 0.30259044786277467, 0.10708626660845363, 1.4250514680668125, 0.34565384108058095, 0.9921468866861631, 0.5120300252853089, 0.229093376391354, 0.18460932380709488, 0.1014393335693179, 0.3265221157753568, 0.751790789071778, 0.13843261376476387, 0.8032344472760368, 0.5964168515853664], BATTLES: 249-200-249-309-272-297-193-157-238-
17, 6, 2159, [0.30509267795728445, 0.7056127047268133, 0.3962954286595836, 0.11314144548539729, 0.6980438418277297, 0.9924151746810453, 0, 0.03727516057946991, 0.8240695236002233, 0.746550363920917, 0.04356216057568059, 0.28679362739210823, 0.7578317162697575, 0, 0.5310879393286192, 1, 1, 0.69118001389189, 0.1997618034990606, 1, 0.7130114648488752, 0.31372647873465864, 0, 0.33170955129074464, 0.32937666564012447, 0.2907863380746802, 0.5605457044771598, 0.9878516207630372, 0.10164797910542608, 0.041950585537137534, 0.013498934235348132, 0.3361943229222533, 0.5324507952163576, 0.20369498627347343, 0.3797797270461842, 0.6607133365259822, 0.13897446831831092, 0.25295871660475344, 0.2781941095178743, 0.10962625542849468, 0.2556831213292385, 0.4661188426431808, 0.38436521052405404, 0.2919920844488165, 1.537260593217511, 0.1986251810889507, 0.41437787655983815, 1.153958813383731, 0.3737808458257, 0.15670815961199328, 0.16664492527800864, 0.5982440943409326, 0.9467111844278642, 0.2446800036771747, 0.5915932001045133, 0.3327227588813839], BATTLES: 228-192-263-281-260-301-225-167-242-
17, 7, 2147, [0.2583822447864609, 0.7386568830160302, 0.7900720607439998, 0.24350425931946532, 1, 0.7505935709618023, 0.7143607042535418, 0, 0.8934451200404734, 1, 0.046999763675787176, 0.04684545198993696, 0.41725683793071033, 0, 1, 0, 0.7636080733835977, 0.18258254777117694, 1, 0.8350945718202002, 1, 0.5257317962052696, 0.3563690411599536, 0.9946454894858815, 0.2054091798718416, 0.8994997378182983, 0.11358741126392409, 0.7014668465549727, 0.7005947128140281, 0.28336511859589053, 0.028517300528475627, 0.23199435692977832, 0.8321216180805051, 0.15266206067207863, 0.5445200787746531, 0.33104153353089133, 2.02333746906627, 0.3758702290589508, 0.7982781903007976, 0.3254213780729386, 0.05878840910756675, 2.320881621435176, 1.9920746579696305, 0.9704295056897952, 0.09042662689227872, 0.4879101150917806, 0.4652342939375127, 0.4680188288819603, 0.4239087964710441, 0.17670960037880648, 1.0980097461435283, 0.1478806503860199, 0.31228456031891444, 0.733368027758771, 0.7723946594479969, 0.15016387365046893], BATTLES: 254-207-247-287-276-289-193-168-226-
17, 8, 2130, [0.6475695590607258, 0.8591560883735357, 0.8367408991455609, 0.02414802035030525, 0.5562244725167798, 0.43586053916755013, 1, 0.19005694361597456, 1, 1, 0, 0, 0.40933392730721807, 1, 0, 1, 0.7748181932422306, 0.16109949697467313, 0.676067982646066, 0.9542410131514079, 1, 0.25328680639900086, 0, 1, 0.4211398073168798, 0, 0.561398707076514, 0.8142993694412335, 0.4340173933886957, 0.3616551762915008, 0.02267357135040857, 0.15543078158107068, 1.2213102415491983, 0.24647155115403432, 0.6428504041936888, 0.5035547300396643, 2.3874054985610518, 0.4815787508614696, 0.5648062789893642, 0.18721991106719318, 0.05504542739690021, 4.229039504527925, 1.4934376307343817, 0.8104996572662021, 0.12723029884882808, 0.3145043582096853, 0.6570900251660436, 0.6142192752524972, 0.3677957308232806, 0.17073545915872626, 0.6371162807735123, 0.09012233050813469, 0.25482687499265294, 1.2272544915024703, 0.8950801823219403, 0.16926475400278404], BATTLES: 214-177-229-298-245-290-253-201-223-
17, 9, 2127, [0.3446939443804139, 0.317300812391939, 0.7881254898908242, 0.29578532118078743, 0.6582282583460477, 0.8147923890885564, 1, 0, 0, 1, 0, 0, 0.3643194708068196, 1, 0, 0, 0.6918994030418573, 0.39831048246524126, 1, 1, 1, 0.37427811751782053, 0.5114457695347467, 1, 0.25550944086487637, 0.3705768073056319, 0, 0.4403147877407065, 0.6974082769042749, 0.30340998018960574, 0.04187190127326364, 0.14754510012956468, 0.9470215453873976, 0.2539498563335638, 0.4936384079317759, 0.3994580718547297, 1.6597857717415467, 0.720645290688069, 0.8720164498102273, 0.3775546228742432, 0.0834042083012531, 1.957467740340044, 1.3144878344643813, 0.854742976828355, 0.1419075445228195, 0.30096572683357764, 0.5453941597805655, 0.4710007089923049, 0.3883562157092512, 0.196274344544402, 1.0664792823399891, 0.1438150361683409, 0.1363233318939605, 0.4952267697390098, 0.9443843475107777, 0.18673053917317733], BATTLES: 278-215-213-292-241-264-212-176-236-
18, 0, 1999, [0.5266133269879709, 0.6052290414988846, 0.3972162747027166, 0.5983392470572841, 1, 0.8934132872218196, 0.22131733443235008, 0, 0.5670334376452806, 0.6905070684820614, 0.3436947841387525, 0, 0.4842269368064397, 1, 0.24288665370933957, 0.659853440618592, 1, 1, 0, 1, 0.2410650447542615, 0.42354027501751756, 0.36849351717057854, 0.18113551035985517, 0, 1, 0, 0, 0.15178819048762987, 0.05396858656398218, 0.04082539959795616, 0.8545916670533913, 0.43321717686828437, 0.32641961214979404, 0.1942469868957687, 0.6651680689161912, 0.19725584097210247, 0.23404446133628742, 0.24712426788487923, 0.5144219550610369, 0.20360170686824275, 0.6110553357599384, 0.5441706748674122, 0.2960741947423325, 1.1345644691943135, 0.3200264301291692, 0.4110506799464032, 0.6163784645928855, 0.3892098587105834, 0.2687472058268254, 0.41486967741235986, 0.48495806063182956, 4.773160599045052, 0.3110925248041542, 1.1507001203475875, 0.5164216575416974], BATTLES: 224-186-220-265-236-279-214-154-221-
18, 1, 1961, [0.36663755975402906, 0.7180767298003746, 0.4571212892772482, 0.38706711584777964, 0.8417288315322851, 1, 0.6458150043685406, 0, 0.5602710251334875, 0.35406665140336196, 0.7768455131250489, 0, 0.5129205811417046, 1, 0.5401713828425245, 0.4812488419218113, 0, 0.43499739820214534, 0, 1, 1, 0.13963733211640417, 0, 0.08679273453805694, 0, 0.30909831826438594, 0, 0.6309262867384305, 0.17092059416214614, 0.05291566448956136, 0.031146505070553828, 0.4817301004955991, 0.30524513288854416, 0.24349353891033382, 0.6951588400909834, 1.3731894374860159, 0.17651853004642082, 0.2311880904642223, 0.22575793079152526, 0.3617869094096116, 0.1151697562622772, 0.9025883372641, 0.31943657178242163, 0.40252604417641197, 2.809381550865595, 0.37734202046033005, 0.2859733419937553, 0.5960906714272408, 0.38327971364465324, 0.2377727903793715, 0.31048701499348064, 0.7279304473039243, 2.2853175183302854, 0.268003569418166, 0.4212648995035579, 0.2740786342744269], BATTLES: 210-172-237-274-220-274-233-149-192-
18, 2, 1926, [0.5430443373981854, 0.7520813898475559, 0.4135320743688236, 0.18834615110560454, 1, 0.9623309711825855, 1, 0, 0.8625453914826506, 0.9593473485538745, 0, 0.517297684528141, 0.5783688247623833, 0, 0.4543561273247863, 1, 0, 0.42962720939267207, 0, 1, 0.6535824721753782, 0.32144223744262096, 0, 0.3107074276610789, 0.6394912098571988, 0, 0, 0.9491079450967486, 0.10610277577343633, 0.04161910695478383, 0.009333260601013537, 0.5197735929907309, 0.7370859325963447, 0.19122250511869368, 1.126314066255028, 1.6773851904880952, 0.1897818651456916, 0.30071523584670007, 0.25679364875360594, 0.17170597493461823, 0.1393786131607501, 0.607804598101188, 0.19296151572098186, 0.17199790714287416, 1.6399905517992819, 0.18083786570218435, 0.6018704860609633, 1.2314540288093283, 0.15161186154367864, 0.10639179603302885, 0.2106174573077477, 0.7455045251603077, 0.6232471267253407, 0.2898480489903621, 1.3394089706288925, 0.2297539049118783], BATTLES: 199-152-208-262-218-286-211-158-232-
18, 3, 1904, [0.5036748428169897, 0.6409872600207162, 0.41832268592980487, 0, 1, 1, 0, 0, 0.672130696975282, 0.8774183456368745, 0.820553260878043, 0.15411566622728073, 0.5023695210756535, 1, 0.380417817471538, 0.7206074811401204, 1, 1, 0, 0.8419795008163339, 0.5103926274778765, 0.33773622589443975, 0, 0, 0, 1, 0, 0, 0.15544351031584194, 0.061828437662217184, 0.02626323407658846, 0.7498447962578165, 0.7025559766020268, 0.337816615206497, 0.2696866241883165, 1.2669483319666734, 0.29101287118817026, 0.2935186854795029, 0.18378838583512144, 0.26335971470070685, 0.10052496931207648, 0.4398357560941231, 0.7220894857207734, 0.2832391805461413, 2.0448700526868895, 0.3763485978094137, 0.3766556851650588, 0.6290633611594258, 0.32948822341725936, 0.19779849158938823, 0.2358402774300588, 0.6268399471172716, 1.591987768007761, 0.2557483179743753, 0.4381523826057403, 0.28566166690969585], BATTLES: 187-154-222-245-228-286-206-157-219-
18, 4, 1896, [0.30509267795728445, 0.7056127047268133, 0.3962954286595836, 0.11314144548539729, 0.6980438418277297, 0.9924151746810453, 0, 0.03727516057946991, 0.8240695236002233, 0.746550363920917, 0.04356216057568059, 0.28679362739210823, 0.7578317162697575, 0, 0.5310879393286192, 1, 1, 0.69118001389189, 0.1997618034990606, 1, 0.7130114648488752, 0.31372647873465864, 0, 0.33170955129074464, 0.32937666564012447, 0.2907863380746802, 0.5605457044771598, 0.9878516207630372, 0.10164797910542608, 0.041950585537137534, 0.013498934235348132, 0.3361943229222533, 0.5324507952163576, 0.20369498627347343, 0.3797797270461842, 0.6607133365259822, 0.13897446831831092, 0.25295871660475344, 0.2781941095178743, 0.10962625542849468, 0.2556831213292385, 0.4661188426431808, 0.38436521052405404, 0.2919920844488165, 1.537260593217511, 0.1986251810889507, 0.41437787655983815, 1.153958813383731, 0.3737808458257, 0.15670815961199328, 0.16664492527800864, 0.5982440943409326, 0.9467111844278642, 0.2446800036771747, 0.5915932001045133, 0.3327227588813839], BATTLES: 179-150-257-247-216-284-186-140-237-
18, 5, 1895, [0.28356518481991383, 0.6273920358700521, 0.4259686448700892, 0.5691321135576065, 1, 0.8626814683475452, 0, 0, 0.7498347338233544, 0.6358148930750911, 0.8113211236981888, 0.42089110215832887, 0.49225057116857907, 1, 0, 0.682774278107376, 1, 0.9596299273886231, 0, 1, 0.710509224382343, 0.28103019980366606, 0.21843050719378512, 0, 0, 0.8246601778539544, 0, 0, 0.2254441483613437, 0.06495885674908536, 0.030525125346866765, 0.5131835911338988, 0.40078315456578845, 0.30283777896767233, 0.5082032829887584, 1.166843667446717, 0.27981237680183063, 0.29583563151986275, 0.32654905718958926, 0.3186938785037469, 0.09948258256585867, 0.7642138476402632, 0.6681803254383037, 0.3544248777023891, 1.986270122124172, 0.35200623062808756, 0.41554115474614756, 0.6658017910608776, 0.3420181318929687, 0.23638077169671368, 0.3003478241657491, 0.714955557631092, 2.774111000132471, 0.274397145495702, 0.5211169423826582, 0.3573917643337032], BATTLES: 206-175-230-266-242-286-175-122-193-
18, 6, 1869, [0.5649117311327495, 0.8541286636885825, 0.4079006675629856, 0, 0.8785997854415311, 1, 1, 0, 0.9032754406092707, 0.841604902609648, 0, 0.5322508242055461, 0.20474240423468187, 0.3641273262371966, 0, 1, 0, 0.34663612584253706, 0.7269127660050447, 1, 0.5777485557149902, 0.4127269553826031, 0.3229760546538693, 0.554295636144003, 0.7703677713583567, 0, 0, 0.8551732536523091, 0.08506197252328852, 0.0487665598657886, 0.012363965289711953, 0.581785333714694, 0.3788660389846986, 0.2432278180022825, 2.0022600697925363, 1.7878636269702783, 0.21458840221286155, 0.2040687956168114, 0.18987149774014606, 0.1414784935353136, 0.2080076933264464, 0.9047599428772818, 0.42011844485817657, 0.27989978420978356, 1.552744736708854, 0.2037046190127126, 0.6189186938809281, 1.7674360677327834, 0.11413597755753961, 0.10964142037454495, 0.23500526352273746, 0.45993088482212224, 0.5080912529179354, 0.40204322379564666, 0.7997058309286618, 0.20446907391288552], BATTLES: 243-174-231-248-182-242-204-142-203-
18, 7, 1862, [0.2583822447864609, 0.7386568830160302, 0.7900720607439998, 0.24350425931946532, 1, 0.7505935709618023, 0.7143607042535418, 0, 0.8934451200404734, 1, 0.046999763675787176, 0.04684545198993696, 0.41725683793071033, 0, 1, 0, 0.7636080733835977, 0.18258254777117694, 1, 0.8350945718202002, 1, 0.5257317962052696, 0.3563690411599536, 0.9946454894858815, 0.2054091798718416, 0.8994997378182983, 0.11358741126392409, 0.7014668465549727, 0.7005947128140281, 0.28336511859589053, 0.028517300528475627, 0.23199435692977832, 0.8321216180805051, 0.15266206067207863, 0.5445200787746531, 0.33104153353089133, 2.02333746906627, 0.3758702290589508, 0.7982781903007976, 0.3254213780729386, 0.05878840910756675, 2.320881621435176, 1.9920746579696305, 0.9704295056897952, 0.09042662689227872, 0.4879101150917806, 0.4652342939375127, 0.4680188288819603, 0.4239087964710441, 0.17670960037880648, 1.0980097461435283, 0.1478806503860199, 0.31228456031891444, 0.733368027758771, 0.7723946594479969, 0.15016387365046893], BATTLES: 216-159-224-268-234-267-167-111-216-
18, 8, 1860, [0.6475695590607258, 0.8591560883735357, 0.8367408991455609, 0.02414802035030525, 0.5562244725167798, 0.43586053916755013, 1, 0.19005694361597456, 1, 1, 0, 0, 0.40933392730721807, 1, 0, 1, 0.7748181932422306, 0.16109949697467313, 0.676067982646066, 0.9542410131514079, 1, 0.25328680639900086, 0, 1, 0.4211398073168798, 0, 0.561398707076514, 0.8142993694412335, 0.4340173933886957, 0.3616551762915008, 0.02267357135040857, 0.15543078158107068, 1.2213102415491983, 0.24647155115403432, 0.6428504041936888, 0.5035547300396643, 2.3874054985610518, 0.4815787508614696, 0.5648062789893642, 0.18721991106719318, 0.05504542739690021, 4.229039504527925, 1.4934376307343817, 0.8104996572662021, 0.12723029884882808, 0.3145043582096853, 0.6570900251660436, 0.6142192752524972, 0.3677957308232806, 0.17073545915872626, 0.6371162807735123, 0.09012233050813469, 0.25482687499265294, 1.2272544915024703, 0.8950801823219403, 0.16926475400278404], BATTLES: 188-142-217-226-198-257-239-181-212-
18, 9, 1844, [0.29598540094645864, 0.810601174356371, 0.4228607489297818, 0.07427206775486486, 0.7811492731971553, 0.8020892007208027, 0, 0, 0.8323058466214147, 1, 0, 0.09083853080884643, 0.9403375977302211, 0, 0.9816062772235069, 0.9272030410951957, 0.6316608175526113, 0.7792817118739012, 0.025585728158988047, 1, 0.21604094999700418, 0.4018624714111867, 0.09046247019781015, 1, 0.2701003655296923, 0.2548015864161318, 0, 1, 0.06334834265201283, 0.05113350995204048, 0.03594326979203372, 0.42669450778948875, 0.47760222143586434, 0.14186580308556224, 0.3040893830435121, 0.49525279511990966, 0.16829247991365417, 0.2678236924609357, 0.42991881642528323, 0.11677650615118627, 0.23049921536538862, 0.30489145690577363, 0.42356949620248147, 0.35909896517523343, 1.3559962313111609, 0.28153721410484095, 0.4350628250369213, 0.89375794104421, 0.40558530299552087, 0.18270991715228915, 0.146382481500819, 0.6368397236802433, 1.202643540381092, 0.22837085331143048, 0.6335351785965219, 0.5900549085902784], BATTLES: 203-167-238-264-216-254-164-126-212-
19, 0, 2068, [0.5266133269879709, 0.6052290414988846, 0.3972162747027166, 0.5983392470572841, 1, 0.8934132872218196, 0.22131733443235008, 0, 0.5670334376452806, 0.6905070684820614, 0.3436947841387525, 0, 0.4842269368064397, 1, 0.24288665370933957, 0.659853440618592, 1, 1, 0, 1, 0.2410650447542615, 0.42354027501751756, 0.36849351717057854, 0.18113551035985517, 0, 1, 0, 0, 0.15178819048762987, 0.05396858656398218, 0.04082539959795616, 0.8545916670533913, 0.43321717686828437, 0.32641961214979404, 0.1942469868957687, 0.6651680689161912, 0.19725584097210247, 0.23404446133628742, 0.24712426788487923, 0.5144219550610369, 0.20360170686824275, 0.6110553357599384, 0.5441706748674122, 0.2960741947423325, 1.1345644691943135, 0.3200264301291692, 0.4110506799464032, 0.6163784645928855, 0.3892098587105834, 0.2687472058268254, 0.41486967741235986, 0.48495806063182956, 4.773160599045052, 0.3110925248041542, 1.1507001203475875, 0.5164216575416974], BATTLES: 245-191-208-283-272-263-218-179-209-
19, 1, 2027, [0.36663755975402906, 0.7180767298003746, 0.4571212892772482, 0.38706711584777964, 0.8417288315322851, 1, 0.6458150043685406, 0, 0.5602710251334875, 0.35406665140336196, 0.7768455131250489, 0, 0.5129205811417046, 1, 0.5401713828425245, 0.4812488419218113, 0, 0.43499739820214534, 0, 1, 1, 0.13963733211640417, 0, 0.08679273453805694, 0, 0.30909831826438594, 0, 0.6309262867384305, 0.17092059416214614, 0.05291566448956136, 0.031146505070553828, 0.4817301004955991, 0.30524513288854416, 0.24349353891033382, 0.6951588400909834, 1.3731894374860159, 0.17651853004642082, 0.2311880904642223, 0.22575793079152526, 0.3617869094096116, 0.1151697562622772, 0.9025883372641, 0.31943657178242163, 0.40252604417641197, 2.809381550865595, 0.37734202046033005, 0.2859733419937553, 0.5960906714272408, 0.38327971364465324, 0.2377727903793715, 0.31048701499348064, 0.7279304473039243, 2.2853175183302854, 0.268003569418166, 0.4212648995035579, 0.2740786342744269], BATTLES: 224-181-221-264-245-278-230-161-223-
19, 2, 2007, [0.5649117311327495, 0.8541286636885825, 0.4079006675629856, 0, 0.8785997854415311, 1, 1, 0, 0.9032754406092707, 0.841604902609648, 0, 0.5322508242055461, 0.20474240423468187, 0.3641273262371966, 0, 1, 0, 0.34663612584253706, 0.7269127660050447, 1, 0.5777485557149902, 0.4127269553826031, 0.3229760546538693, 0.554295636144003, 0.7703677713583567, 0, 0, 0.8551732536523091, 0.08506197252328852, 0.0487665598657886, 0.012363965289711953, 0.581785333714694, 0.3788660389846986, 0.2432278180022825, 2.0022600697925363, 1.7878636269702783, 0.21458840221286155, 0.2040687956168114, 0.18987149774014606, 0.1414784935353136, 0.2080076933264464, 0.9047599428772818, 0.42011844485817657, 0.27989978420978356, 1.552744736708854, 0.2037046190127126, 0.6189186938809281, 1.7674360677327834, 0.11413597755753961, 0.10964142037454495, 0.23500526352273746, 0.45993088482212224, 0.5080912529179354, 0.40204322379564666, 0.7997058309286618, 0.20446907391288552], BATTLES: 255-190-238-272-209-250-223-158-212-
19, 3, 2004, [0.30509267795728445, 0.7056127047268133, 0.3962954286595836, 0.11314144548539729, 0.6980438418277297, 0.9924151746810453, 0, 0.03727516057946991, 0.8240695236002233, 0.746550363920917, 0.04356216057568059, 0.28679362739210823, 0.7578317162697575, 0, 0.5310879393286192, 1, 1, 0.69118001389189, 0.1997618034990606, 1, 0.7130114648488752, 0.31372647873465864, 0, 0.33170955129074464, 0.32937666564012447, 0.2907863380746802, 0.5605457044771598, 0.9878516207630372, 0.10164797910542608, 0.041950585537137534, 0.013498934235348132, 0.3361943229222533, 0.5324507952163576, 0.20369498627347343, 0.3797797270461842, 0.6607133365259822, 0.13897446831831092, 0.25295871660475344, 0.2781941095178743, 0.10962625542849468, 0.2556831213292385, 0.4661188426431808, 0.38436521052405404, 0.2919920844488165, 1.537260593217511, 0.1986251810889507, 0.41437787655983815, 1.153958813383731, 0.3737808458257, 0.15670815961199328, 0.16664492527800864, 0.5982440943409326, 0.9467111844278642, 0.2446800036771747, 0.5915932001045133, 0.3327227588813839], BATTLES: 218-166-236-257-242-290-203-152-240-
19, 4, 1987, [0.5036748428169897, 0.6409872600207162, 0.41832268592980487, 0, 1, 1, 0, 0, 0.672130696975282, 0.8774183456368745, 0.820553260878043, 0.15411566622728073, 0.5023695210756535, 1, 0.380417817471538, 0.7206074811401204, 1, 1, 0, 0.8419795008163339, 0.5103926274778765, 0.33773622589443975, 0, 0, 0, 1, 0, 0, 0.15544351031584194, 0.061828437662217184, 0.02626323407658846, 0.7498447962578165, 0.7025559766020268, 0.337816615206497, 0.2696866241883165, 1.2669483319666734, 0.29101287118817026, 0.2935186854795029, 0.18378838583512144, 0.26335971470070685, 0.10052496931207648, 0.4398357560941231, 0.7220894857207734, 0.2832391805461413, 2.0448700526868895, 0.3763485978094137, 0.3766556851650588, 0.6290633611594258, 0.32948822341725936, 0.19779849158938823, 0.2358402774300588, 0.6268399471172716, 1.591987768007761, 0.2557483179743753, 0.4381523826057403, 0.28566166690969585], BATTLES: 200-164-212-270-246-276-213-176-230-
19, 5, 1963, [0.29598540094645864, 0.810601174356371, 0.4228607489297818, 0.07427206775486486, 0.7811492731971553, 0.8020892007208027, 0, 0, 0.8323058466214147, 1, 0, 0.09083853080884643, 0.9403375977302211, 0, 0.9816062772235069, 0.9272030410951957, 0.6316608175526113, 0.7792817118739012, 0.025585728158988047, 1, 0.21604094999700418, 0.4018624714111867, 0.09046247019781015, 1, 0.2701003655296923, 0.2548015864161318, 0, 1, 0.06334834265201283, 0.05113350995204048, 0.03594326979203372, 0.42669450778948875, 0.47760222143586434, 0.14186580308556224, 0.3040893830435121, 0.49525279511990966, 0.16829247991365417, 0.2678236924609357, 0.42991881642528323, 0.11677650615118627, 0.23049921536538862, 0.30489145690577363, 0.42356949620248147, 0.35909896517523343, 1.3559962313111609, 0.28153721410484095, 0.4350628250369213, 0.89375794104421, 0.40558530299552087, 0.18270991715228915, 0.146382481500819, 0.6368397236802433, 1.202643540381092, 0.22837085331143048, 0.6335351785965219, 0.5900549085902784], BATTLES: 229-184-226-269-231-274-193-142-215-
19, 6, 1943, [0.5430443373981854, 0.7520813898475559, 0.4135320743688236, 0.18834615110560454, 1, 0.9623309711825855, 1, 0, 0.8625453914826506, 0.9593473485538745, 0, 0.517297684528141, 0.5783688247623833, 0, 0.4543561273247863, 1, 0, 0.42962720939267207, 0, 1, 0.6535824721753782, 0.32144223744262096, 0, 0.3107074276610789, 0.6394912098571988, 0, 0, 0.9491079450967486, 0.10610277577343633, 0.04161910695478383, 0.009333260601013537, 0.5197735929907309, 0.7370859325963447, 0.19122250511869368, 1.126314066255028, 1.6773851904880952, 0.1897818651456916, 0.30071523584670007, 0.25679364875360594, 0.17170597493461823, 0.1393786131607501, 0.607804598101188, 0.19296151572098186, 0.17199790714287416, 1.6399905517992819, 0.18083786570218435, 0.6018704860609633, 1.2314540288093283, 0.15161186154367864, 0.10639179603302885, 0.2106174573077477, 0.7455045251603077, 0.6232471267253407, 0.2898480489903621, 1.3394089706288925, 0.2297539049118783], BATTLES: 198-172-208-260-231-269-215-166-224-
19, 7, 1926, [0.28356518481991383, 0.6273920358700521, 0.4259686448700892, 0.5691321135576065, 1, 0.8626814683475452, 0, 0, 0.7498347338233544, 0.6358148930750911, 0.8113211236981888, 0.42089110215832887, 0.49225057116857907, 1, 0, 0.682774278107376, 1, 0.9596299273886231, 0, 1, 0.710509224382343, 0.28103019980366606, 0.21843050719378512, 0, 0, 0.8246601778539544, 0, 0, 0.2254441483613437, 0.06495885674908536, 0.030525125346866765, 0.5131835911338988, 0.40078315456578845, 0.30283777896767233, 0.5082032829887584, 1.166843667446717, 0.27981237680183063, 0.29583563151986275, 0.32654905718958926, 0.3186938785037469, 0.09948258256585867, 0.7642138476402632, 0.6681803254383037, 0.3544248777023891, 1.986270122124172, 0.35200623062808756, 0.41554115474614756, 0.6658017910608776, 0.3420181318929687, 0.23638077169671368, 0.3003478241657491, 0.714955557631092, 2.774111000132471, 0.274397145495702, 0.5211169423826582, 0.3573917643337032], BATTLES: 225-158-211-259-241-280-175-151-226-
19, 8, 1923, [1, 0.7998319555868569, 0.8090211357740209, 0.1848739015646402, 0.7165700002558788, 1, 0.9568599976349313, 0.23595243192574264, 1, 1, 0, 0.08982683931895892, 0.3835066130372319, 0, 0, 0.4887924094613793, 0.6766169080340337, 0, 1, 0.0357530631841515, 1, 0.7327579125632447, 0, 1, 0.2061676188455123, 0, 1, 0.6833336848480323, 0.8831124136601408, 0.20879759149130317, 0.027384332307800983, 0.14600484679620035, 0.5854369345606618, 0.20160932660081465, 0.3029657831373162, 0.38115600077472117, 2.2410929098327363, 0.43969522268316097, 0.9020059123124845, 0.37041977298172557, 0.052830929529183786, 2.7795114793021556, 2.916525837828951, 0.7902845558724878, 0.12182299168500793, 0.5659903934592432, 0.445446225631497, 0.46947357260971234, 0.482079779205332, 0.256961159495667, 0.8396923290841359, 0.11771047504119887, 0.3681746600702166, 0.8460398694731299, 0.8711831133657482, 0.11497935389757569], BATTLES: 202-166-220-272-198-258-231-172-204-
19, 9, 1918, [0.2583822447864609, 0.7386568830160302, 0.7900720607439998, 0.24350425931946532, 1, 0.7505935709618023, 0.7143607042535418, 0, 0.8934451200404734, 1, 0.046999763675787176, 0.04684545198993696, 0.41725683793071033, 0, 1, 0, 0.7636080733835977, 0.18258254777117694, 1, 0.8350945718202002, 1, 0.5257317962052696, 0.3563690411599536, 0.9946454894858815, 0.2054091798718416, 0.8994997378182983, 0.11358741126392409, 0.7014668465549727, 0.7005947128140281, 0.28336511859589053, 0.028517300528475627, 0.23199435692977832, 0.8321216180805051, 0.15266206067207863, 0.5445200787746531, 0.33104153353089133, 2.02333746906627, 0.3758702290589508, 0.7982781903007976, 0.3254213780729386, 0.05878840910756675, 2.320881621435176, 1.9920746579696305, 0.9704295056897952, 0.09042662689227872, 0.4879101150917806, 0.4652342939375127, 0.4680188288819603, 0.4239087964710441, 0.17670960037880648, 1.0980097461435283, 0.1478806503860199, 0.31228456031891444, 0.733368027758771, 0.7723946594479969, 0.15016387365046893], BATTLES: 220-190-204-271-225-280-176-149-203-
20, 0, 2130, [0.5266133269879709, 0.6052290414988846, 0.3972162747027166, 0.5983392470572841, 1, 0.8934132872218196, 0.22131733443235008, 0, 0.5670334376452806, 0.6905070684820614, 0.3436947841387525, 0, 0.4842269368064397, 1, 0.24288665370933957, 0.659853440618592, 1, 1, 0, 1, 0.2410650447542615, 0.42354027501751756, 0.36849351717057854, 0.18113551035985517, 0, 1, 0, 0, 0.15178819048762987, 0.05396858656398218, 0.04082539959795616, 0.8545916670533913, 0.43321717686828437, 0.32641961214979404, 0.1942469868957687, 0.6651680689161912, 0.19725584097210247, 0.23404446133628742, 0.24712426788487923, 0.5144219550610369, 0.20360170686824275, 0.6110553357599384, 0.5441706748674122, 0.2960741947423325, 1.1345644691943135, 0.3200264301291692, 0.4110506799464032, 0.6163784645928855, 0.3892098587105834, 0.2687472058268254, 0.41486967741235986, 0.48495806063182956, 4.773160599045052, 0.3110925248041542, 1.1507001203475875, 0.5164216575416974], BATTLES: 249-197-238-286-247-282-231-187-213-
20, 1, 2071, [0.5649117311327495, 0.8541286636885825, 0.4079006675629856, 0, 0.8785997854415311, 1, 1, 0, 0.9032754406092707, 0.841604902609648, 0, 0.5322508242055461, 0.20474240423468187, 0.3641273262371966, 0, 1, 0, 0.34663612584253706, 0.7269127660050447, 1, 0.5777485557149902, 0.4127269553826031, 0.3229760546538693, 0.554295636144003, 0.7703677713583567, 0, 0, 0.8551732536523091, 0.08506197252328852, 0.0487665598657886, 0.012363965289711953, 0.581785333714694, 0.3788660389846986, 0.2432278180022825, 2.0022600697925363, 1.7878636269702783, 0.21458840221286155, 0.2040687956168114, 0.18987149774014606, 0.1414784935353136, 0.2080076933264464, 0.9047599428772818, 0.42011844485817657, 0.27989978420978356, 1.552744736708854, 0.2037046190127126, 0.6189186938809281, 1.7674360677327834, 0.11413597755753961, 0.10964142037454495, 0.23500526352273746, 0.45993088482212224, 0.5080912529179354, 0.40204322379564666, 0.7997058309286618, 0.20446907391288552], BATTLES: 269-190-242-284-223-265-222-164-212-
20, 2, 2069, [0.36663755975402906, 0.7180767298003746, 0.4571212892772482, 0.38706711584777964, 0.8417288315322851, 1, 0.6458150043685406, 0, 0.5602710251334875, 0.35406665140336196, 0.7768455131250489, 0, 0.5129205811417046, 1, 0.5401713828425245, 0.4812488419218113, 0, 0.43499739820214534, 0, 1, 1, 0.13963733211640417, 0, 0.08679273453805694, 0, 0.30909831826438594, 0, 0.6309262867384305, 0.17092059416214614, 0.05291566448956136, 0.031146505070553828, 0.4817301004955991, 0.30524513288854416, 0.24349353891033382, 0.6951588400909834, 1.3731894374860159, 0.17651853004642082, 0.2311880904642223, 0.22575793079152526, 0.3617869094096116, 0.1151697562622772, 0.9025883372641, 0.31943657178242163, 0.40252604417641197, 2.809381550865595, 0.37734202046033005, 0.2859733419937553, 0.5960906714272408, 0.38327971364465324, 0.2377727903793715, 0.31048701499348064, 0.7279304473039243, 2.2853175183302854, 0.268003569418166, 0.4212648995035579, 0.2740786342744269], BATTLES: 235-186-236-281-247-274-218-163-229-
20, 3, 2056, [0.28356518481991383, 0.6273920358700521, 0.4259686448700892, 0.5691321135576065, 1, 0.8626814683475452, 0, 0, 0.7498347338233544, 0.6358148930750911, 0.8113211236981888, 0.42089110215832887, 0.49225057116857907, 1, 0, 0.682774278107376, 1, 0.9596299273886231, 0, 1, 0.710509224382343, 0.28103019980366606, 0.21843050719378512, 0, 0, 0.8246601778539544, 0, 0, 0.2254441483613437, 0.06495885674908536, 0.030525125346866765, 0.5131835911338988, 0.40078315456578845, 0.30283777896767233, 0.5082032829887584, 1.166843667446717, 0.27981237680183063, 0.29583563151986275, 0.32654905718958926, 0.3186938785037469, 0.09948258256585867, 0.7642138476402632, 0.6681803254383037, 0.3544248777023891, 1.986270122124172, 0.35200623062808756, 0.41554115474614756, 0.6658017910608776, 0.3420181318929687, 0.23638077169671368, 0.3003478241657491, 0.714955557631092, 2.774111000132471, 0.274397145495702, 0.5211169423826582, 0.3573917643337032], BATTLES: 237-173-252-279-251-295-181-165-223-
20, 4, 2023, [0.5036748428169897, 0.6409872600207162, 0.41832268592980487, 0, 1, 1, 0, 0, 0.672130696975282, 0.8774183456368745, 0.820553260878043, 0.15411566622728073, 0.5023695210756535, 1, 0.380417817471538, 0.7206074811401204, 1, 1, 0, 0.8419795008163339, 0.5103926274778765, 0.33773622589443975, 0, 0, 0, 1, 0, 0, 0.15544351031584194, 0.061828437662217184, 0.02626323407658846, 0.7498447962578165, 0.7025559766020268, 0.337816615206497, 0.2696866241883165, 1.2669483319666734, 0.29101287118817026, 0.2935186854795029, 0.18378838583512144, 0.26335971470070685, 0.10052496931207648, 0.4398357560941231, 0.7220894857207734, 0.2832391805461413, 2.0448700526868895, 0.3763485978094137, 0.3766556851650588, 0.6290633611594258, 0.32948822341725936, 0.19779849158938823, 0.2358402774300588, 0.6268399471172716, 1.591987768007761, 0.2557483179743753, 0.4381523826057403, 0.28566166690969585], BATTLES: 225-174-227-263-243-281-216-177-217-
20, 5, 2016, [0.5430443373981854, 0.7520813898475559, 0.4135320743688236, 0.18834615110560454, 1, 0.9623309711825855, 1, 0, 0.8625453914826506, 0.9593473485538745, 0, 0.517297684528141, 0.5783688247623833, 0, 0.4543561273247863, 1, 0, 0.42962720939267207, 0, 1, 0.6535824721753782, 0.32144223744262096, 0, 0.3107074276610789, 0.6394912098571988, 0, 0, 0.9491079450967486, 0.10610277577343633, 0.04161910695478383, 0.009333260601013537, 0.5197735929907309, 0.7370859325963447, 0.19122250511869368, 1.126314066255028, 1.6773851904880952, 0.1897818651456916, 0.30071523584670007, 0.25679364875360594, 0.17170597493461823, 0.1393786131607501, 0.607804598101188, 0.19296151572098186, 0.17199790714287416, 1.6399905517992819, 0.18083786570218435, 0.6018704860609633, 1.2314540288093283, 0.15161186154367864, 0.10639179603302885, 0.2106174573077477, 0.7455045251603077, 0.6232471267253407, 0.2898480489903621, 1.3394089706288925, 0.2297539049118783], BATTLES: 202-167-220-266-237-295-224-181-224-
20, 6, 2008, [0.2583822447864609, 0.7386568830160302, 0.7900720607439998, 0.24350425931946532, 1, 0.7505935709618023, 0.7143607042535418, 0, 0.8934451200404734, 1, 0.046999763675787176, 0.04684545198993696, 0.41725683793071033, 0, 1, 0, 0.7636080733835977, 0.18258254777117694, 1, 0.8350945718202002, 1, 0.5257317962052696, 0.3563690411599536, 0.9946454894858815, 0.2054091798718416, 0.8994997378182983, 0.11358741126392409, 0.7014668465549727, 0.7005947128140281, 0.28336511859589053, 0.028517300528475627, 0.23199435692977832, 0.8321216180805051, 0.15266206067207863, 0.5445200787746531, 0.33104153353089133, 2.02333746906627, 0.3758702290589508, 0.7982781903007976, 0.3254213780729386, 0.05878840910756675, 2.320881621435176, 1.9920746579696305, 0.9704295056897952, 0.09042662689227872, 0.4879101150917806, 0.4652342939375127, 0.4680188288819603, 0.4239087964710441, 0.17670960037880648, 1.0980097461435283, 0.1478806503860199, 0.31228456031891444, 0.733368027758771, 0.7723946594479969, 0.15016387365046893], BATTLES: 254-191-219-296-232-288-163-154-211-
20, 7, 2006, [1, 0.7998319555868569, 0.8090211357740209, 0.1848739015646402, 0.7165700002558788, 1, 0.9568599976349313, 0.23595243192574264, 1, 1, 0, 0.08982683931895892, 0.3835066130372319, 0, 0, 0.4887924094613793, 0.6766169080340337, 0, 1, 0.0357530631841515, 1, 0.7327579125632447, 0, 1, 0.2061676188455123, 0, 1, 0.6833336848480323, 0.8831124136601408, 0.20879759149130317, 0.027384332307800983, 0.14600484679620035, 0.5854369345606618, 0.20160932660081465, 0.3029657831373162, 0.38115600077472117, 2.2410929098327363, 0.43969522268316097, 0.9020059123124845, 0.37041977298172557, 0.052830929529183786, 2.7795114793021556, 2.916525837828951, 0.7902845558724878, 0.12182299168500793, 0.5659903934592432, 0.445446225631497, 0.46947357260971234, 0.482079779205332, 0.256961159495667, 0.8396923290841359, 0.11771047504119887, 0.3681746600702166, 0.8460398694731299, 0.8711831133657482, 0.11497935389757569], BATTLES: 201-187-242-267-217-262-239-170-221-
20, 8, 1996, [1, 0.6610967623107019, 0.8289980433010232, 0.11413639385888423, 1, 1, 1, 0.36944180408495053, 1, 0.6702557599383214, 0, 0, 0.43432937011394585, 0, 0, 0, 0.7776354915219655, 0, 1, 0.09327035871741243, 0.1634508163864673, 0.6396017455320974, 0.14022551401570044, 1, 0.2587231546669455, 0, 0.4655369666323408, 0.643939518229778, 0.7698273254314263, 0.20675897552498412, 0.014697921843082213, 0.13622972635128386, 0.71902183605785, 0.24337510466917223, 0.2889187867684035, 0.43153602065444086, 2.1279451891670336, 0.42241597222929717, 0.7536706381153135, 0.44894480718546287, 0.05678476019851747, 1.4871140503070104, 4.19963152190016, 0.9104913573711152, 0.10818972686448493, 0.3517271637231385, 0.38513492015314155, 0.4226694102136478, 0.7647236747299324, 0.34422413526413403, 0.4053826174488562, 0.1176720683658152, 0.3857350605734943, 0.6615230977664537, 0.8431318441945365, 0.13263766622852524], BATTLES: 217-166-227-304-227-252-215-192-196-
20, 9, 1991, [0.30509267795728445, 0.7056127047268133, 0.3962954286595836, 0.11314144548539729, 0.6980438418277297, 0.9924151746810453, 0, 0.03727516057946991, 0.8240695236002233, 0.746550363920917, 0.04356216057568059, 0.28679362739210823, 0.7578317162697575, 0, 0.5310879393286192, 1, 1, 0.69118001389189, 0.1997618034990606, 1, 0.7130114648488752, 0.31372647873465864, 0, 0.33170955129074464, 0.32937666564012447, 0.2907863380746802, 0.5605457044771598, 0.9878516207630372, 0.10164797910542608, 0.041950585537137534, 0.013498934235348132, 0.3361943229222533, 0.5324507952163576, 0.20369498627347343, 0.3797797270461842, 0.6607133365259822, 0.13897446831831092, 0.25295871660475344, 0.2781941095178743, 0.10962625542849468, 0.2556831213292385, 0.4661188426431808, 0.38436521052405404, 0.2919920844488165, 1.537260593217511, 0.1986251810889507, 0.41437787655983815, 1.153958813383731, 0.3737808458257, 0.15670815961199328, 0.16664492527800864, 0.5982440943409326, 0.9467111844278642, 0.2446800036771747, 0.5915932001045133, 0.3327227588813839], BATTLES: 213-174-221-258-222-291-204-169-239-
21, 0, 2285, [0.5266133269879709, 0.6052290414988846, 0.3972162747027166, 0.5983392470572841, 1, 0.8934132872218196, 0.22131733443235008, 0, 0.5670334376452806, 0.6905070684820614, 0.3436947841387525, 0, 0.4842269368064397, 1, 0.24288665370933957, 0.659853440618592, 1, 1, 0, 1, 0.2410650447542615, 0.42354027501751756, 0.36849351717057854, 0.18113551035985517, 0, 1, 0, 0, 0.15178819048762987, 0.05396858656398218, 0.04082539959795616, 0.8545916670533913, 0.43321717686828437, 0.32641961214979404, 0.1942469868957687, 0.6651680689161912, 0.19725584097210247, 0.23404446133628742, 0.24712426788487923, 0.5144219550610369, 0.20360170686824275, 0.6110553357599384, 0.5441706748674122, 0.2960741947423325, 1.1345644691943135, 0.3200264301291692, 0.4110506799464032, 0.6163784645928855, 0.3892098587105834, 0.2687472058268254, 0.41486967741235986, 0.48495806063182956, 4.773160599045052, 0.3110925248041542, 1.1507001203475875, 0.5164216575416974], BATTLES: 264-213-255-297-267-299-242-216-232-
21, 1, 2236, [0.47930432682360224, 0.8780690336698025, 0.4124030824014367, 1, 1, 1, 1, 0, 1, 1, 0.6274000644795213, 0.8875633557113225, 0.621517640324763, 0, 0.47899530567978693, 1, 0.45015047017340865, 0.6634850745306162, 0.30929516729861994, 0.9287955295802526, 0.6295682003967622, 0.24875794922202943, 0, 0, 0.03291295251288362, 0, 1, 0.9196666014286797, 0.1294831691742102, 0.059194638051844044, 0.010579152790293042, 0.6414048931643083, 0.6796003681119605, 0.13797049194816266, 1.6309940804263343, 1.8284376497958945, 0.2675597090092835, 0.5139507874100703, 0.4002172257876342, 0.27877449268416526, 0.09075514228083015, 0.7791941303083807, 0.39573248230476565, 0.1488400817884285, 1.5536041064397306, 0.20045844779182015, 0.5086979628998625, 0.5270699239745888, 0.2177333386452802, 0.06805338717182306, 0.2480883835309734, 0.8747965691570202, 0.6174276928487609, 0.42687511217724083, 1.5543913085555863, 0.3047680019561899], BATTLES: 253-196-253-296-249-289-259-193-248-
21, 2, 2231, [0.5649117311327495, 0.8541286636885825, 0.4079006675629856, 0, 0.8785997854415311, 1, 1, 0, 0.9032754406092707, 0.841604902609648, 0, 0.5322508242055461, 0.20474240423468187, 0.3641273262371966, 0, 1, 0, 0.34663612584253706, 0.7269127660050447, 1, 0.5777485557149902, 0.4127269553826031, 0.3229760546538693, 0.554295636144003, 0.7703677713583567, 0, 0, 0.8551732536523091, 0.08506197252328852, 0.0487665598657886, 0.012363965289711953, 0.581785333714694, 0.3788660389846986, 0.2432278180022825, 2.0022600697925363, 1.7878636269702783, 0.21458840221286155, 0.2040687956168114, 0.18987149774014606, 0.1414784935353136, 0.2080076933264464, 0.9047599428772818, 0.42011844485817657, 0.27989978420978356, 1.552744736708854, 0.2037046190127126, 0.6189186938809281, 1.7674360677327834, 0.11413597755753961, 0.10964142037454495, 0.23500526352273746, 0.45993088482212224, 0.5080912529179354, 0.40204322379564666, 0.7997058309286618, 0.20446907391288552], BATTLES: 259-223-267-292-254-263-238-180-255-
21, 3, 2230, [0.36663755975402906, 0.7180767298003746, 0.4571212892772482, 0.38706711584777964, 0.8417288315322851, 1, 0.6458150043685406, 0, 0.5602710251334875, 0.35406665140336196, 0.7768455131250489, 0, 0.5129205811417046, 1, 0.5401713828425245, 0.4812488419218113, 0, 0.43499739820214534, 0, 1, 1, 0.13963733211640417, 0, 0.08679273453805694, 0, 0.30909831826438594, 0, 0.6309262867384305, 0.17092059416214614, 0.05291566448956136, 0.031146505070553828, 0.4817301004955991, 0.30524513288854416, 0.24349353891033382, 0.6951588400909834, 1.3731894374860159, 0.17651853004642082, 0.2311880904642223, 0.22575793079152526, 0.3617869094096116, 0.1151697562622772, 0.9025883372641, 0.31943657178242163, 0.40252604417641197, 2.809381550865595, 0.37734202046033005, 0.2859733419937553, 0.5960906714272408, 0.38327971364465324, 0.2377727903793715, 0.31048701499348064, 0.7279304473039243, 2.2853175183302854, 0.268003569418166, 0.4212648995035579, 0.2740786342744269], BATTLES: 246-202-257-305-264-286-248-190-232-
21, 4, 2227, [0.5430443373981854, 0.7520813898475559, 0.4135320743688236, 0.18834615110560454, 1, 0.9623309711825855, 1, 0, 0.8625453914826506, 0.9593473485538745, 0, 0.517297684528141, 0.5783688247623833, 0, 0.4543561273247863, 1, 0, 0.42962720939267207, 0, 1, 0.6535824721753782, 0.32144223744262096, 0, 0.3107074276610789, 0.6394912098571988, 0, 0, 0.9491079450967486, 0.10610277577343633, 0.04161910695478383, 0.009333260601013537, 0.5197735929907309, 0.7370859325963447, 0.19122250511869368, 1.126314066255028, 1.6773851904880952, 0.1897818651456916, 0.30071523584670007, 0.25679364875360594, 0.17170597493461823, 0.1393786131607501, 0.607804598101188, 0.19296151572098186, 0.17199790714287416, 1.6399905517992819, 0.18083786570218435, 0.6018704860609633, 1.2314540288093283, 0.15161186154367864, 0.10639179603302885, 0.2106174573077477, 0.7455045251603077, 0.6232471267253407, 0.2898480489903621, 1.3394089706288925, 0.2297539049118783], BATTLES: 246-193-249-294-262-300-226-202-255-
21, 5, 2226, [0.28356518481991383, 0.6273920358700521, 0.4259686448700892, 0.5691321135576065, 1, 0.8626814683475452, 0, 0, 0.7498347338233544, 0.6358148930750911, 0.8113211236981888, 0.42089110215832887, 0.49225057116857907, 1, 0, 0.682774278107376, 1, 0.9596299273886231, 0, 1, 0.710509224382343, 0.28103019980366606, 0.21843050719378512, 0, 0, 0.8246601778539544, 0, 0, 0.2254441483613437, 0.06495885674908536, 0.030525125346866765, 0.5131835911338988, 0.40078315456578845, 0.30283777896767233, 0.5082032829887584, 1.166843667446717, 0.27981237680183063, 0.29583563151986275, 0.32654905718958926, 0.3186938785037469, 0.09948258256585867, 0.7642138476402632, 0.6681803254383037, 0.3544248777023891, 1.986270122124172, 0.35200623062808756, 0.41554115474614756, 0.6658017910608776, 0.3420181318929687, 0.23638077169671368, 0.3003478241657491, 0.714955557631092, 2.774111000132471, 0.274397145495702, 0.5211169423826582, 0.3573917643337032], BATTLES: 238-211-247-306-269-306-213-185-251-
21, 6, 2210, [0.5036748428169897, 0.6409872600207162, 0.41832268592980487, 0, 1, 1, 0, 0, 0.672130696975282, 0.8774183456368745, 0.820553260878043, 0.15411566622728073, 0.5023695210756535, 1, 0.380417817471538, 0.7206074811401204, 1, 1, 0, 0.8419795008163339, 0.5103926274778765, 0.33773622589443975, 0, 0, 0, 1, 0, 0, 0.15544351031584194, 0.061828437662217184, 0.02626323407658846, 0.7498447962578165, 0.7025559766020268, 0.337816615206497, 0.2696866241883165, 1.2669483319666734, 0.29101287118817026, 0.2935186854795029, 0.18378838583512144, 0.26335971470070685, 0.10052496931207648, 0.4398357560941231, 0.7220894857207734, 0.2832391805461413, 2.0448700526868895, 0.3763485978094137, 0.3766556851650588, 0.6290633611594258, 0.32948822341725936, 0.19779849158938823, 0.2358402774300588, 0.6268399471172716, 1.591987768007761, 0.2557483179743753, 0.4381523826057403, 0.28566166690969585], BATTLES: 249-191-219-297-263-297-236-209-249-
21, 7, 2168, [0.2583822447864609, 0.7386568830160302, 0.7900720607439998, 0.24350425931946532, 1, 0.7505935709618023, 0.7143607042535418, 0, 0.8934451200404734, 1, 0.046999763675787176, 0.04684545198993696, 0.41725683793071033, 0, 1, 0, 0.7636080733835977, 0.18258254777117694, 1, 0.8350945718202002, 1, 0.5257317962052696, 0.3563690411599536, 0.9946454894858815, 0.2054091798718416, 0.8994997378182983, 0.11358741126392409, 0.7014668465549727, 0.7005947128140281, 0.28336511859589053, 0.028517300528475627, 0.23199435692977832, 0.8321216180805051, 0.15266206067207863, 0.5445200787746531, 0.33104153353089133, 2.02333746906627, 0.3758702290589508, 0.7982781903007976, 0.3254213780729386, 0.05878840910756675, 2.320881621435176, 1.9920746579696305, 0.9704295056897952, 0.09042662689227872, 0.4879101150917806, 0.4652342939375127, 0.4680188288819603, 0.4239087964710441, 0.17670960037880648, 1.0980097461435283, 0.1478806503860199, 0.31228456031891444, 0.733368027758771, 0.7723946594479969, 0.15016387365046893], BATTLES: 249-202-238-294-265-296-203-174-247-
21, 8, 2160, [0.30509267795728445, 0.7056127047268133, 0.3962954286595836, 0.11314144548539729, 0.6980438418277297, 0.9924151746810453, 0, 0.03727516057946991, 0.8240695236002233, 0.746550363920917, 0.04356216057568059, 0.28679362739210823, 0.7578317162697575, 0, 0.5310879393286192, 1, 1, 0.69118001389189, 0.1997618034990606, 1, 0.7130114648488752, 0.31372647873465864, 0, 0.33170955129074464, 0.32937666564012447, 0.2907863380746802, 0.5605457044771598, 0.9878516207630372, 0.10164797910542608, 0.041950585537137534, 0.013498934235348132, 0.3361943229222533, 0.5324507952163576, 0.20369498627347343, 0.3797797270461842, 0.6607133365259822, 0.13897446831831092, 0.25295871660475344, 0.2781941095178743, 0.10962625542849468, 0.2556831213292385, 0.4661188426431808, 0.38436521052405404, 0.2919920844488165, 1.537260593217511, 0.1986251810889507, 0.41437787655983815, 1.153958813383731, 0.3737808458257, 0.15670815961199328, 0.16664492527800864, 0.5982440943409326, 0.9467111844278642, 0.2446800036771747, 0.5915932001045133, 0.3327227588813839], BATTLES: 244-182-269-272-252-294-229-182-236-
21, 9, 2154, [1, 0.7998319555868569, 0.8090211357740209, 0.1848739015646402, 0.7165700002558788, 1, 0.9568599976349313, 0.23595243192574264, 1, 1, 0, 0.08982683931895892, 0.3835066130372319, 0, 0, 0.4887924094613793, 0.6766169080340337, 0, 1, 0.0357530631841515, 1, 0.7327579125632447, 0, 1, 0.2061676188455123, 0, 1, 0.6833336848480323, 0.8831124136601408, 0.20879759149130317, 0.027384332307800983, 0.14600484679620035, 0.5854369345606618, 0.20160932660081465, 0.3029657831373162, 0.38115600077472117, 2.2410929098327363, 0.43969522268316097, 0.9020059123124845, 0.37041977298172557, 0.052830929529183786, 2.7795114793021556, 2.916525837828951, 0.7902845558724878, 0.12182299168500793, 0.5659903934592432, 0.445446225631497, 0.46947357260971234, 0.482079779205332, 0.256961159495667, 0.8396923290841359, 0.11771047504119887, 0.3681746600702166, 0.8460398694731299, 0.8711831133657482, 0.11497935389757569], BATTLES: 238-190-266-285-228-287-240-192-228-
22, 0, 2080, [0.5266133269879709, 0.6052290414988846, 0.3972162747027166, 0.5983392470572841, 1, 0.8934132872218196, 0.22131733443235008, 0, 0.5670334376452806, 0.6905070684820614, 0.3436947841387525, 0, 0.4842269368064397, 1, 0.24288665370933957, 0.659853440618592, 1, 1, 0, 1, 0.2410650447542615, 0.42354027501751756, 0.36849351717057854, 0.18113551035985517, 0, 1, 0, 0, 0.15178819048762987, 0.05396858656398218, 0.04082539959795616, 0.8545916670533913, 0.43321717686828437, 0.32641961214979404, 0.1942469868957687, 0.6651680689161912, 0.19725584097210247, 0.23404446133628742, 0.24712426788487923, 0.5144219550610369, 0.20360170686824275, 0.6110553357599384, 0.5441706748674122, 0.2960741947423325, 1.1345644691943135, 0.3200264301291692, 0.4110506799464032, 0.6163784645928855, 0.3892098587105834, 0.2687472058268254, 0.41486967741235986, 0.48495806063182956, 4.773160599045052, 0.3110925248041542, 1.1507001203475875, 0.5164216575416974], BATTLES: 243-189-222-296-260-268-217-165-220-
22, 1, 2063, [0.28356518481991383, 0.6273920358700521, 0.4259686448700892, 0.5691321135576065, 1, 0.8626814683475452, 0, 0, 0.7498347338233544, 0.6358148930750911, 0.8113211236981888, 0.42089110215832887, 0.49225057116857907, 1, 0, 0.682774278107376, 1, 0.9596299273886231, 0, 1, 0.710509224382343, 0.28103019980366606, 0.21843050719378512, 0, 0, 0.8246601778539544, 0, 0, 0.2254441483613437, 0.06495885674908536, 0.030525125346866765, 0.5131835911338988, 0.40078315456578845, 0.30283777896767233, 0.5082032829887584, 1.166843667446717, 0.27981237680183063, 0.29583563151986275, 0.32654905718958926, 0.3186938785037469, 0.09948258256585867, 0.7642138476402632, 0.6681803254383037, 0.3544248777023891, 1.986270122124172, 0.35200623062808756, 0.41554115474614756, 0.6658017910608776, 0.3420181318929687, 0.23638077169671368, 0.3003478241657491, 0.714955557631092, 2.774111000132471, 0.274397145495702, 0.5211169423826582, 0.3573917643337032], BATTLES: 229-176-213-284-275-311-195-159-221-
22, 2, 2053, [0.5649117311327495, 0.8541286636885825, 0.4079006675629856, 0, 0.8785997854415311, 1, 1, 0, 0.9032754406092707, 0.841604902609648, 0, 0.5322508242055461, 0.20474240423468187, 0.3641273262371966, 0, 1, 0, 0.34663612584253706, 0.7269127660050447, 1, 0.5777485557149902, 0.4127269553826031, 0.3229760546538693, 0.554295636144003, 0.7703677713583567, 0, 0, 0.8551732536523091, 0.08506197252328852, 0.0487665598657886, 0.012363965289711953, 0.581785333714694, 0.3788660389846986, 0.2432278180022825, 2.0022600697925363, 1.7878636269702783, 0.21458840221286155, 0.2040687956168114, 0.18987149774014606, 0.1414784935353136, 0.2080076933264464, 0.9047599428772818, 0.42011844485817657, 0.27989978420978356, 1.552744736708854, 0.2037046190127126, 0.6189186938809281, 1.7674360677327834, 0.11413597755753961, 0.10964142037454495, 0.23500526352273746, 0.45993088482212224, 0.5080912529179354, 0.40204322379564666, 0.7997058309286618, 0.20446907391288552], BATTLES: 250-219-239-265-223-258-211-150-238-
22, 3, 2050, [0.36663755975402906, 0.7180767298003746, 0.4571212892772482, 0.38706711584777964, 0.8417288315322851, 1, 0.6458150043685406, 0, 0.5602710251334875, 0.35406665140336196, 0.7768455131250489, 0, 0.5129205811417046, 1, 0.5401713828425245, 0.4812488419218113, 0, 0.43499739820214534, 0, 1, 1, 0.13963733211640417, 0, 0.08679273453805694, 0, 0.30909831826438594, 0, 0.6309262867384305, 0.17092059416214614, 0.05291566448956136, 0.031146505070553828, 0.4817301004955991, 0.30524513288854416, 0.24349353891033382, 0.6951588400909834, 1.3731894374860159, 0.17651853004642082, 0.2311880904642223, 0.22575793079152526, 0.3617869094096116, 0.1151697562622772, 0.9025883372641, 0.31943657178242163, 0.40252604417641197, 2.809381550865595, 0.37734202046033005, 0.2859733419937553, 0.5960906714272408, 0.38327971364465324, 0.2377727903793715, 0.31048701499348064, 0.7279304473039243, 2.2853175183302854, 0.268003569418166, 0.4212648995035579, 0.2740786342744269], BATTLES: 229-182-215-284-237-278-217-176-232-
22, 4, 2036, [0.30509267795728445, 0.7056127047268133, 0.3962954286595836, 0.11314144548539729, 0.6980438418277297, 0.9924151746810453, 0, 0.03727516057946991, 0.8240695236002233, 0.746550363920917, 0.04356216057568059, 0.28679362739210823, 0.7578317162697575, 0, 0.5310879393286192, 1, 1, 0.69118001389189, 0.1997618034990606, 1, 0.7130114648488752, 0.31372647873465864, 0, 0.33170955129074464, 0.32937666564012447, 0.2907863380746802, 0.5605457044771598, 0.9878516207630372, 0.10164797910542608, 0.041950585537137534, 0.013498934235348132, 0.3361943229222533, 0.5324507952163576, 0.20369498627347343, 0.3797797270461842, 0.6607133365259822, 0.13897446831831092, 0.25295871660475344, 0.2781941095178743, 0.10962625542849468, 0.2556831213292385, 0.4661188426431808, 0.38436521052405404, 0.2919920844488165, 1.537260593217511, 0.1986251810889507, 0.41437787655983815, 1.153958813383731, 0.3737808458257, 0.15670815961199328, 0.16664492527800864, 0.5982440943409326, 0.9467111844278642, 0.2446800036771747, 0.5915932001045133, 0.3327227588813839], BATTLES: 239-167-250-261-231-292-211-159-226-
22, 5, 2030, [0.5036748428169897, 0.6409872600207162, 0.41832268592980487, 0, 1, 1, 0, 0, 0.672130696975282, 0.8774183456368745, 0.820553260878043, 0.15411566622728073, 0.5023695210756535, 1, 0.380417817471538, 0.7206074811401204, 1, 1, 0, 0.8419795008163339, 0.5103926274778765, 0.33773622589443975, 0, 0, 0, 1, 0, 0, 0.15544351031584194, 0.061828437662217184, 0.02626323407658846, 0.7498447962578165, 0.7025559766020268, 0.337816615206497, 0.2696866241883165, 1.2669483319666734, 0.29101287118817026, 0.2935186854795029, 0.18378838583512144, 0.26335971470070685, 0.10052496931207648, 0.4398357560941231, 0.7220894857207734, 0.2832391805461413, 2.0448700526868895, 0.3763485978094137, 0.3766556851650588, 0.6290633611594258, 0.32948822341725936, 0.19779849158938823, 0.2358402774300588, 0.6268399471172716, 1.591987768007761, 0.2557483179743753, 0.4381523826057403, 0.28566166690969585], BATTLES: 218-164-230-272-246-294-224-162-220-
22, 6, 2006, [0.547168146534268, 0.8144404688441313, 0.41518829838842436, 1, 0.9329867872123133, 1, 0.5856043735290475, 0, 0.7306517017925444, 0.8947695081797673, 0.5191166875542268, 1, 0.5552777910639731, 1, 0.3327835093617201, 0.786110291358664, 1, 0.8052472607334511, 0, 0.6718878601835626, 0.44415338457878434, 0.2736509774848802, 0.02619970673684705, 0, 0, 0, 1, 0.8560287644852329, 0.08263059418297392, 0.03988487137179208, 0.011594923424399434, 0.6289619508336198, 0.9720089327799548, 0.09300060637660047, 1.6449987138121718, 1.149724325097134, 0.33335547534307475, 0.3413910387584462, 0.26325659416699976, 0.25105180400697114, 0.10119390491909448, 1.2289552799517054, 0.2743992666925496, 0.17102620191049397, 1.1834424580482568, 0.18410710728102317, 0.4047227582019075, 0.4950958067715627, 0.19003738666055225, 0.0767639091881174, 0.21261970558763654, 0.967542338087392, 0.4182440167144857, 0.34557738075020433, 1.4938491400130611, 0.22982590493389815], BATTLES: 226-183-242-274-200-286-227-163-205-
22, 7, 2006, [0.5430443373981854, 0.7520813898475559, 0.4135320743688236, 0.18834615110560454, 1, 0.9623309711825855, 1, 0, 0.8625453914826506, 0.9593473485538745, 0, 0.517297684528141, 0.5783688247623833, 0, 0.4543561273247863, 1, 0, 0.42962720939267207, 0, 1, 0.6535824721753782, 0.32144223744262096, 0, 0.3107074276610789, 0.6394912098571988, 0, 0, 0.9491079450967486, 0.10610277577343633, 0.04161910695478383, 0.009333260601013537, 0.5197735929907309, 0.7370859325963447, 0.19122250511869368, 1.126314066255028, 1.6773851904880952, 0.1897818651456916, 0.30071523584670007, 0.25679364875360594, 0.17170597493461823, 0.1393786131607501, 0.607804598101188, 0.19296151572098186, 0.17199790714287416, 1.6399905517992819, 0.18083786570218435, 0.6018704860609633, 1.2314540288093283, 0.15161186154367864, 0.10639179603302885, 0.2106174573077477, 0.7455045251603077, 0.6232471267253407, 0.2898480489903621, 1.3394089706288925, 0.2297539049118783], BATTLES: 214-172-216-258-252-287-205-166-236-
22, 8, 1981, [0.47930432682360224, 0.8780690336698025, 0.4124030824014367, 1, 1, 1, 1, 0, 1, 1, 0.6274000644795213, 0.8875633557113225, 0.621517640324763, 0, 0.47899530567978693, 1, 0.45015047017340865, 0.6634850745306162, 0.30929516729861994, 0.9287955295802526, 0.6295682003967622, 0.24875794922202943, 0, 0, 0.03291295251288362, 0, 1, 0.9196666014286797, 0.1294831691742102, 0.059194638051844044, 0.010579152790293042, 0.6414048931643083, 0.6796003681119605, 0.13797049194816266, 1.6309940804263343, 1.8284376497958945, 0.2675597090092835, 0.5139507874100703, 0.4002172257876342, 0.27877449268416526, 0.09075514228083015, 0.7791941303083807, 0.39573248230476565, 0.1488400817884285, 1.5536041064397306, 0.20045844779182015, 0.5086979628998625, 0.5270699239745888, 0.2177333386452802, 0.06805338717182306, 0.2480883835309734, 0.8747965691570202, 0.6174276928487609, 0.42687511217724083, 1.5543913085555863, 0.3047680019561899], BATTLES: 194-176-237-267-218-279-207-175-228-
22, 9, 1963, [0.18038891763774728, 0.5177894375367035, 0.4381472959820495, 0.9904992588315755, 1, 0.8906264593290205, 0, 0, 1, 0.3948601132185767, 1, 0.0034776248996041814, 0.7715246159765522, 1, 0.03238261884850983, 0.24163881499165468, 1, 0.454408652246606, 0, 1, 0.5321002648019482, 0.14610585719491204, 0, 0.38985608892098456, 0.3548449637633544, 0.8832773452753455, 0, 0, 0.34770665242444687, 0.044601436762940885, 0.02647710242063472, 0.5820660455589469, 0.5670862153305802, 0.30708915227897027, 0.4705012228194589, 1.6000774289360897, 0.41466839034189046, 0.32592007722340016, 0.3157064575070698, 0.33005522233335627, 0.11779664574903233, 0.7804246078575208, 0.537922634114673, 0.31743839889265296, 2.2908925795493347, 0.21098511342497536, 0.227362041100582, 0.9495406988276587, 0.3402295289651534, 0.35199989302545814, 0.36992200822264776, 0.4554562655930857, 2.1503461414440173, 0.2523112843843501, 0.5307798818463808, 0.26137041826115814], BATTLES: 198-160-230-260-271-286-184-156-218-
23, 0, 2141, [0.5266133269879709, 0.6052290414988846, 0.3972162747027166, 0.5983392470572841, 1, 0.8934132872218196, 0.22131733443235008, 0, 0.5670334376452806, 0.6905070684820614, 0.3436947841387525, 0, 0.4842269368064397, 1, 0.24288665370933957, 0.659853440618592, 1, 1, 0, 1, 0.2410650447542615, 0.42354027501751756, 0.36849351717057854, 0.18113551035985517, 0, 1, 0, 0, 0.15178819048762987, 0.05396858656398218, 0.04082539959795616, 0.8545916670533913, 0.43321717686828437, 0.32641961214979404, 0.1942469868957687, 0.6651680689161912, 0.19725584097210247, 0.23404446133628742, 0.24712426788487923, 0.5144219550610369, 0.20360170686824275, 0.6110553357599384, 0.5441706748674122, 0.2960741947423325, 1.1345644691943135, 0.3200264301291692, 0.4110506799464032, 0.6163784645928855, 0.3892098587105834, 0.2687472058268254, 0.41486967741235986, 0.48495806063182956, 4.773160599045052, 0.3110925248041542, 1.1507001203475875, 0.5164216575416974], BATTLES: 239-205-238-284-262-302-218-178-215-
23, 1, 2092, [0.5036748428169897, 0.6409872600207162, 0.41832268592980487, 0, 1, 1, 0, 0, 0.672130696975282, 0.8774183456368745, 0.820553260878043, 0.15411566622728073, 0.5023695210756535, 1, 0.380417817471538, 0.7206074811401204, 1, 1, 0, 0.8419795008163339, 0.5103926274778765, 0.33773622589443975, 0, 0, 0, 1, 0, 0, 0.15544351031584194, 0.061828437662217184, 0.02626323407658846, 0.7498447962578165, 0.7025559766020268, 0.337816615206497, 0.2696866241883165, 1.2669483319666734, 0.29101287118817026, 0.2935186854795029, 0.18378838583512144, 0.26335971470070685, 0.10052496931207648, 0.4398357560941231, 0.7220894857207734, 0.2832391805461413, 2.0448700526868895, 0.3763485978094137, 0.3766556851650588, 0.6290633611594258, 0.32948822341725936, 0.19779849158938823, 0.2358402774300588, 0.6268399471172716, 1.591987768007761, 0.2557483179743753, 0.4381523826057403, 0.28566166690969585], BATTLES: 228-186-229-276-241-309-212-173-238-
23, 2, 2060, [0.36663755975402906, 0.7180767298003746, 0.4571212892772482, 0.38706711584777964, 0.8417288315322851, 1, 0.6458150043685406, 0, 0.5602710251334875, 0.35406665140336196, 0.7768455131250489, 0, 0.5129205811417046, 1, 0.5401713828425245, 0.4812488419218113, 0, 0.43499739820214534, 0, 1, 1, 0.13963733211640417, 0, 0.08679273453805694, 0, 0.30909831826438594, 0, 0.6309262867384305, 0.17092059416214614, 0.05291566448956136, 0.031146505070553828, 0.4817301004955991, 0.30524513288854416, 0.24349353891033382, 0.6951588400909834, 1.3731894374860159, 0.17651853004642082, 0.2311880904642223, 0.22575793079152526, 0.3617869094096116, 0.1151697562622772, 0.9025883372641, 0.31943657178242163, 0.40252604417641197, 2.809381550865595, 0.37734202046033005, 0.2859733419937553, 0.5960906714272408, 0.38327971364465324, 0.2377727903793715, 0.31048701499348064, 0.7279304473039243, 2.2853175183302854, 0.268003569418166, 0.4212648995035579, 0.2740786342744269], BATTLES: 226-172-246-273-243-308-228-147-217-
23, 3, 2044, [0.5649117311327495, 0.8541286636885825, 0.4079006675629856, 0, 0.8785997854415311, 1, 1, 0, 0.9032754406092707, 0.841604902609648, 0, 0.5322508242055461, 0.20474240423468187, 0.3641273262371966, 0, 1, 0, 0.34663612584253706, 0.7269127660050447, 1, 0.5777485557149902, 0.4127269553826031, 0.3229760546538693, 0.554295636144003, 0.7703677713583567, 0, 0, 0.8551732536523091, 0.08506197252328852, 0.0487665598657886, 0.012363965289711953, 0.581785333714694, 0.3788660389846986, 0.2432278180022825, 2.0022600697925363, 1.7878636269702783, 0.21458840221286155, 0.2040687956168114, 0.18987149774014606, 0.1414784935353136, 0.2080076933264464, 0.9047599428772818, 0.42011844485817657, 0.27989978420978356, 1.552744736708854, 0.2037046190127126, 0.6189186938809281, 1.7674360677327834, 0.11413597755753961, 0.10964142037454495, 0.23500526352273746, 0.45993088482212224, 0.5080912529179354, 0.40204322379564666, 0.7997058309286618, 0.20446907391288552], BATTLES: 271-195-236-275-216-255-224-155-217-
23, 4, 2041, [0.30509267795728445, 0.7056127047268133, 0.3962954286595836, 0.11314144548539729, 0.6980438418277297, 0.9924151746810453, 0, 0.03727516057946991, 0.8240695236002233, 0.746550363920917, 0.04356216057568059, 0.28679362739210823, 0.7578317162697575, 0, 0.5310879393286192, 1, 1, 0.69118001389189, 0.1997618034990606, 1, 0.7130114648488752, 0.31372647873465864, 0, 0.33170955129074464, 0.32937666564012447, 0.2907863380746802, 0.5605457044771598, 0.9878516207630372, 0.10164797910542608, 0.041950585537137534, 0.013498934235348132, 0.3361943229222533, 0.5324507952163576, 0.20369498627347343, 0.3797797270461842, 0.6607133365259822, 0.13897446831831092, 0.25295871660475344, 0.2781941095178743, 0.10962625542849468, 0.2556831213292385, 0.4661188426431808, 0.38436521052405404, 0.2919920844488165, 1.537260593217511, 0.1986251810889507, 0.41437787655983815, 1.153958813383731, 0.3737808458257, 0.15670815961199328, 0.16664492527800864, 0.5982440943409326, 0.9467111844278642, 0.2446800036771747, 0.5915932001045133, 0.3327227588813839], BATTLES: 215-178-238-273-235-297-208-165-232-
23, 5, 2041, [0.5430443373981854, 0.7520813898475559, 0.4135320743688236, 0.18834615110560454, 1, 0.9623309711825855, 1, 0, 0.8625453914826506, 0.9593473485538745, 0, 0.517297684528141, 0.5783688247623833, 0, 0.4543561273247863, 1, 0, 0.42962720939267207, 0, 1, 0.6535824721753782, 0.32144223744262096, 0, 0.3107074276610789, 0.6394912098571988, 0, 0, 0.9491079450967486, 0.10610277577343633, 0.04161910695478383, 0.009333260601013537, 0.5197735929907309, 0.7370859325963447, 0.19122250511869368, 1.126314066255028, 1.6773851904880952, 0.1897818651456916, 0.30071523584670007, 0.25679364875360594, 0.17170597493461823, 0.1393786131607501, 0.607804598101188, 0.19296151572098186, 0.17199790714287416, 1.6399905517992819, 0.18083786570218435, 0.6018704860609633, 1.2314540288093283, 0.15161186154367864, 0.10639179603302885, 0.2106174573077477, 0.7455045251603077, 0.6232471267253407, 0.2898480489903621, 1.3394089706288925, 0.2297539049118783], BATTLES: 227-174-225-277-244-280-219-175-220-
23, 6, 2037, [0.34896814080089567, 0.7208959318767281, 0.4054766158334268, 0.584479799350591, 0.8164261609327271, 1, 0.4361041812506462, 0, 0.5435952904645122, 0.462956856853702, 0.8232942911391022, 0.03518947745858535, 0.1254220245106238, 1, 0.13102828791068039, 0.497318352427973, 0, 0.8052395002460968, 0.22547789951342698, 0.483581519361023, 0.9008065529358122, 0.08186667422226819, 0.3669967073205213, 0.5938927864447912, 0, 0.31949657614503946, 0, 0.8093443957857532, 0.16031797745799345, 0.05539107726504194, 0.03671344494263716, 0.5385159762648556, 0.1529398056763059, 0.4406673508037653, 1.0245260280264739, 1.473910739349574, 0.12858515554188435, 0.20976706635615774, 0.21675640846456873, 0.3737825167175928, 0.17977593714622617, 0.877897215113701, 0.3466571249482196, 0.475295795545152, 3.7406993037317644, 0.3597602187206056, 0.3805439184001181, 0.2970790249155123, 0.2739262455001316, 0.2319787321702019, 0.34915529103746407, 0.5416056156276171, 2.523587606690269, 0.1800127890380076, 0.5029038692770128, 0.15489942779750557], BATTLES: 237-202-236-298-227-267-215-148-207-
23, 7, 2036, [0.28356518481991383, 0.6273920358700521, 0.4259686448700892, 0.5691321135576065, 1, 0.8626814683475452, 0, 0, 0.7498347338233544, 0.6358148930750911, 0.8113211236981888, 0.42089110215832887, 0.49225057116857907, 1, 0, 0.682774278107376, 1, 0.9596299273886231, 0, 1, 0.710509224382343, 0.28103019980366606, 0.21843050719378512, 0, 0, 0.8246601778539544, 0, 0, 0.2254441483613437, 0.06495885674908536, 0.030525125346866765, 0.5131835911338988, 0.40078315456578845, 0.30283777896767233, 0.5082032829887584, 1.166843667446717, 0.27981237680183063, 0.29583563151986275, 0.32654905718958926, 0.3186938785037469, 0.09948258256585867, 0.7642138476402632, 0.6681803254383037, 0.3544248777023891, 1.986270122124172, 0.35200623062808756, 0.41554115474614756, 0.6658017910608776, 0.3420181318929687, 0.23638077169671368, 0.3003478241657491, 0.714955557631092, 2.774111000132471, 0.274397145495702, 0.5211169423826582, 0.3573917643337032], BATTLES: 227-166-234-267-247-308-201-163-223-
23, 8, 2032, [0.547168146534268, 0.8144404688441313, 0.41518829838842436, 1, 0.9329867872123133, 1, 0.5856043735290475, 0, 0.7306517017925444, 0.8947695081797673, 0.5191166875542268, 1, 0.5552777910639731, 1, 0.3327835093617201, 0.786110291358664, 1, 0.8052472607334511, 0, 0.6718878601835626, 0.44415338457878434, 0.2736509774848802, 0.02619970673684705, 0, 0, 0, 1, 0.8560287644852329, 0.08263059418297392, 0.03988487137179208, 0.011594923424399434, 0.6289619508336198, 0.9720089327799548, 0.09300060637660047, 1.6449987138121718, 1.149724325097134, 0.33335547534307475, 0.3413910387584462, 0.26325659416699976, 0.25105180400697114, 0.10119390491909448, 1.2289552799517054, 0.2743992666925496, 0.17102620191049397, 1.1834424580482568, 0.18410710728102317, 0.4047227582019075, 0.4950958067715627, 0.19003738666055225, 0.0767639091881174, 0.21261970558763654, 0.967542338087392, 0.4182440167144857, 0.34557738075020433, 1.4938491400130611, 0.22982590493389815], BATTLES: 232-177-230-275-222-290-216-161-229-
23, 9, 2022, [0.5870942284973674, 0.6245756273608017, 0.4342146627226391, 0.49092748425160726, 1, 0.6762724382447155, 0.4124790235338022, 0, 0.9611153335194387, 1, 1, 0, 0.36647357265033687, 1, 0.8087991866894599, 0.8537391332740861, 0, 1, 0, 0.42560073619260885, 0.9438539785258941, 0.23330527675499746, 0.05513150394379765, 1, 0, 0.5077250329439646, 0.4453857135306737, 0, 0.24066784062549865, 0.09297284938009234, 0.021618407053029722, 0.7257664431526195, 0.3579039694836568, 0.21104046135433485, 0.6114002785121544, 1.4819155406656221, 0.3709237272421276, 0.45969765576969746, 0.5181741262886793, 0.5351771900903586, 0.13079200157181295, 0.831611420539216, 0.7020993396464541, 0.30587813645662004, 2.0839602451744326, 0.3995787451722092, 0.5280587513629147, 0.41752748520931016, 0.40665908019545555, 0.18367412767582242, 0.16731698404177892, 1.0332837655623137, 2.343696825096201, 0.33324525930556537, 0.38684502269017085, 0.3209740752061574], BATTLES: 234-174-201-281-225-272-237-181-217-
24, 0, 2239, [0.5266133269879709, 0.6052290414988846, 0.3972162747027166, 0.5983392470572841, 1, 0.8934132872218196, 0.22131733443235008, 0, 0.5670334376452806, 0.6905070684820614, 0.3436947841387525, 0, 0.4842269368064397, 1, 0.24288665370933957, 0.659853440618592, 1, 1, 0, 1, 0.2410650447542615, 0.42354027501751756, 0.36849351717057854, 0.18113551035985517, 0, 1, 0, 0, 0.15178819048762987, 0.05396858656398218, 0.04082539959795616, 0.8545916670533913, 0.43321717686828437, 0.32641961214979404, 0.1942469868957687, 0.6651680689161912, 0.19725584097210247, 0.23404446133628742, 0.24712426788487923, 0.5144219550610369, 0.20360170686824275, 0.6110553357599384, 0.5441706748674122, 0.2960741947423325, 1.1345644691943135, 0.3200264301291692, 0.4110506799464032, 0.6163784645928855, 0.3892098587105834, 0.2687472058268254, 0.41486967741235986, 0.48495806063182956, 4.773160599045052, 0.3110925248041542, 1.1507001203475875, 0.5164216575416974], BATTLES: 245-236-227-301-284-293-233-199-221-
24, 1, 2226, [0.5651153676250844, 0.8318271171325483, 0.4153859585404926, 1, 1, 1, 1, 0, 0.7193080248732698, 1, 0.5120495734768415, 0.6902505110398984, 0.49425179673797276, 1, 0.058733271585743874, 0.8307484251486515, 0.7266309502068358, 0.91247036077196, 0.10910301737886012, 0.4181578815640594, 0.27976966095360434, 0.24887976990095437, 0.07526026565323318, 0.6013756846519513, 0.18788941148983346, 1, 0.0743579676730991, 0.6891270644348967, 0.061044674459939725, 0.07646982382441024, 0.01447941326602276, 0.8834715080451927, 1.1176521312229966, 0.10639544810662381, 2.4478024003696164, 0.9147558050190594, 0.23722784536196276, 0.36318039824822523, 0.21798139304658126, 0.36422520203300435, 0.05342631332266682, 0.9638564540309132, 0.45506137938567437, 0.2779922454661455, 0.8801270500995165, 0.13958969939602242, 0.43390497004052886, 0.6781558745701043, 0.2939260731954917, 0.0830307552880592, 0.2511740037830728, 0.8891463185024979, 0.6861865184001222, 0.5848470453246554, 1.5931855754644746, 0.4179979227527898], BATTLES: 264-212-256-290-260-293-226-189-236-
24, 2, 2223, [0.36663755975402906, 0.7180767298003746, 0.4571212892772482, 0.38706711584777964, 0.8417288315322851, 1, 0.6458150043685406, 0, 0.5602710251334875, 0.35406665140336196, 0.7768455131250489, 0, 0.5129205811417046, 1, 0.5401713828425245, 0.4812488419218113, 0, 0.43499739820214534, 0, 1, 1, 0.13963733211640417, 0, 0.08679273453805694, 0, 0.30909831826438594, 0, 0.6309262867384305, 0.17092059416214614, 0.05291566448956136, 0.031146505070553828, 0.4817301004955991, 0.30524513288854416, 0.24349353891033382, 0.6951588400909834, 1.3731894374860159, 0.17651853004642082, 0.2311880904642223, 0.22575793079152526, 0.3617869094096116, 0.1151697562622772, 0.9025883372641, 0.31943657178242163, 0.40252604417641197, 2.809381550865595, 0.37734202046033005, 0.2859733419937553, 0.5960906714272408, 0.38327971364465324, 0.2377727903793715, 0.31048701499348064, 0.7279304473039243, 2.2853175183302854, 0.268003569418166, 0.4212648995035579, 0.2740786342744269], BATTLES: 243-200-255-298-266-285-241-199-236-
24, 3, 2203, [0.5649117311327495, 0.8541286636885825, 0.4079006675629856, 0, 0.8785997854415311, 1, 1, 0, 0.9032754406092707, 0.841604902609648, 0, 0.5322508242055461, 0.20474240423468187, 0.3641273262371966, 0, 1, 0, 0.34663612584253706, 0.7269127660050447, 1, 0.5777485557149902, 0.4127269553826031, 0.3229760546538693, 0.554295636144003, 0.7703677713583567, 0, 0, 0.8551732536523091, 0.08506197252328852, 0.0487665598657886, 0.012363965289711953, 0.581785333714694, 0.3788660389846986, 0.2432278180022825, 2.0022600697925363, 1.7878636269702783, 0.21458840221286155, 0.2040687956168114, 0.18987149774014606, 0.1414784935353136, 0.2080076933264464, 0.9047599428772818, 0.42011844485817657, 0.27989978420978356, 1.552744736708854, 0.2037046190127126, 0.6189186938809281, 1.7674360677327834, 0.11413597755753961, 0.10964142037454495, 0.23500526352273746, 0.45993088482212224, 0.5080912529179354, 0.40204322379564666, 0.7997058309286618, 0.20446907391288552], BATTLES: 273-229-254-283-256-262-227-190-229-
24, 4, 2185, [0.28356518481991383, 0.6273920358700521, 0.4259686448700892, 0.5691321135576065, 1, 0.8626814683475452, 0, 0, 0.7498347338233544, 0.6358148930750911, 0.8113211236981888, 0.42089110215832887, 0.49225057116857907, 1, 0, 0.682774278107376, 1, 0.9596299273886231, 0, 1, 0.710509224382343, 0.28103019980366606, 0.21843050719378512, 0, 0, 0.8246601778539544, 0, 0, 0.2254441483613437, 0.06495885674908536, 0.030525125346866765, 0.5131835911338988, 0.40078315456578845, 0.30283777896767233, 0.5082032829887584, 1.166843667446717, 0.27981237680183063, 0.29583563151986275, 0.32654905718958926, 0.3186938785037469, 0.09948258256585867, 0.7642138476402632, 0.6681803254383037, 0.3544248777023891, 1.986270122124172, 0.35200623062808756, 0.41554115474614756, 0.6658017910608776, 0.3420181318929687, 0.23638077169671368, 0.3003478241657491, 0.714955557631092, 2.774111000132471, 0.274397145495702, 0.5211169423826582, 0.3573917643337032], BATTLES: 250-221-243-278-263-304-220-178-228-
24, 5, 2175, [0.34896814080089567, 0.7208959318767281, 0.4054766158334268, 0.584479799350591, 0.8164261609327271, 1, 0.4361041812506462, 0, 0.5435952904645122, 0.462956856853702, 0.8232942911391022, 0.03518947745858535, 0.1254220245106238, 1, 0.13102828791068039, 0.497318352427973, 0, 0.8052395002460968, 0.22547789951342698, 0.483581519361023, 0.9008065529358122, 0.08186667422226819, 0.3669967073205213, 0.5938927864447912, 0, 0.31949657614503946, 0, 0.8093443957857532, 0.16031797745799345, 0.05539107726504194, 0.03671344494263716, 0.5385159762648556, 0.1529398056763059, 0.4406673508037653, 1.0245260280264739, 1.473910739349574, 0.12858515554188435, 0.20976706635615774, 0.21675640846456873, 0.3737825167175928, 0.17977593714622617, 0.877897215113701, 0.3466571249482196, 0.475295795545152, 3.7406993037317644, 0.3597602187206056, 0.3805439184001181, 0.2970790249155123, 0.2739262455001316, 0.2319787321702019, 0.34915529103746407, 0.5416056156276171, 2.523587606690269, 0.1800127890380076, 0.5029038692770128, 0.15489942779750557], BATTLES: 255-234-247-309-230-271-234-170-225-
24, 6, 2157, [0.5870942284973674, 0.6245756273608017, 0.4342146627226391, 0.49092748425160726, 1, 0.6762724382447155, 0.4124790235338022, 0, 0.9611153335194387, 1, 1, 0, 0.36647357265033687, 1, 0.8087991866894599, 0.8537391332740861, 0, 1, 0, 0.42560073619260885, 0.9438539785258941, 0.23330527675499746, 0.05513150394379765, 1, 0, 0.5077250329439646, 0.4453857135306737, 0, 0.24066784062549865, 0.09297284938009234, 0.021618407053029722, 0.7257664431526195, 0.3579039694836568, 0.21104046135433485, 0.6114002785121544, 1.4819155406656221, 0.3709237272421276, 0.45969765576969746, 0.5181741262886793, 0.5351771900903586, 0.13079200157181295, 0.831611420539216, 0.7020993396464541, 0.30587813645662004, 2.0839602451744326, 0.3995787451722092, 0.5280587513629147, 0.41752748520931016, 0.40665908019545555, 0.18367412767582242, 0.16731698404177892, 1.0332837655623137, 2.343696825096201, 0.33324525930556537, 0.38684502269017085, 0.3209740752061574], BATTLES: 250-198-225-289-247-272-243-201-232-
24, 7, 2155, [0.6819895012038848, 0.6951729243974631, 0.3860548785040118, 1, 0.7540641156534985, 0.6533002195478483, 0, 0, 0.8073892038335242, 1, 0.6877751665672492, 0.6938332133521856, 0.4301489243468413, 1, 0.2670527533984839, 0.795569518425703, 0.19746785844121484, 0.6574181721632224, 0.30838493428847924, 1, 0.7830978422929615, 0.3454011531383377, 0, 0, 0, 1, 0.11725921138681387, 0, 0.17616922790492615, 0.041569683900823315, 0.05003151719646296, 0.6977600429709702, 0.8526876970149767, 0.2342338399310945, 0.1679532372481349, 0.7534447138857711, 0.222436364639143, 0.25494062513396104, 0.1111182986758657, 0.35697381623695335, 0.13282550098573187, 0.4628396906084058, 0.2638954363449842, 0.22444240516293923, 1.4346524435929766, 0.5833828115839113, 0.35597718768932446, 0.557750401978079, 0.28200842802867604, 0.09578947479560806, 0.2207963972852647, 0.45006430808617903, 2.141205023319446, 0.1739509174221109, 0.34034884990148556, 0.3950090022221115], BATTLES: 227-191-236-286-239-298-235-211-232-
24, 8, 2155, [0.5430443373981854, 0.7520813898475559, 0.4135320743688236, 0.18834615110560454, 1, 0.9623309711825855, 1, 0, 0.8625453914826506, 0.9593473485538745, 0, 0.517297684528141, 0.5783688247623833, 0, 0.4543561273247863, 1, 0, 0.42962720939267207, 0, 1, 0.6535824721753782, 0.32144223744262096, 0, 0.3107074276610789, 0.6394912098571988, 0, 0, 0.9491079450967486, 0.10610277577343633, 0.04161910695478383, 0.009333260601013537, 0.5197735929907309, 0.7370859325963447, 0.19122250511869368, 1.126314066255028, 1.6773851904880952, 0.1897818651456916, 0.30071523584670007, 0.25679364875360594, 0.17170597493461823, 0.1393786131607501, 0.607804598101188, 0.19296151572098186, 0.17199790714287416, 1.6399905517992819, 0.18083786570218435, 0.6018704860609633, 1.2314540288093283, 0.15161186154367864, 0.10639179603302885, 0.2106174573077477, 0.7455045251603077, 0.6232471267253407, 0.2898480489903621, 1.3394089706288925, 0.2297539049118783], BATTLES: 220-201-243-277-256-298-230-190-240-
24, 9, 2152, [0.5036748428169897, 0.6409872600207162, 0.41832268592980487, 0, 1, 1, 0, 0, 0.672130696975282, 0.8774183456368745, 0.820553260878043, 0.15411566622728073, 0.5023695210756535, 1, 0.380417817471538, 0.7206074811401204, 1, 1, 0, 0.8419795008163339, 0.5103926274778765, 0.33773622589443975, 0, 0, 0, 1, 0, 0, 0.15544351031584194, 0.061828437662217184, 0.02626323407658846, 0.7498447962578165, 0.7025559766020268, 0.337816615206497, 0.2696866241883165, 1.2669483319666734, 0.29101287118817026, 0.2935186854795029, 0.18378838583512144, 0.26335971470070685, 0.10052496931207648, 0.4398357560941231, 0.7220894857207734, 0.2832391805461413, 2.0448700526868895, 0.3763485978094137, 0.3766556851650588, 0.6290633611594258, 0.32948822341725936, 0.19779849158938823, 0.2358402774300588, 0.6268399471172716, 1.591987768007761, 0.2557483179743753, 0.4381523826057403, 0.28566166690969585], BATTLES: 238-210-229-273-251-304-220-199-228-
25, 0, 2146, [0.5651153676250844, 0.8318271171325483, 0.4153859585404926, 1, 1, 1, 1, 0, 0.7193080248732698, 1, 0.5120495734768415, 0.6902505110398984, 0.49425179673797276, 1, 0.058733271585743874, 0.8307484251486515, 0.7266309502068358, 0.91247036077196, 0.10910301737886012, 0.4181578815640594, 0.27976966095360434, 0.24887976990095437, 0.07526026565323318, 0.6013756846519513, 0.18788941148983346, 1, 0.0743579676730991, 0.6891270644348967, 0.061044674459939725, 0.07646982382441024, 0.01447941326602276, 0.8834715080451927, 1.1176521312229966, 0.10639544810662381, 2.4478024003696164, 0.9147558050190594, 0.23722784536196276, 0.36318039824822523, 0.21798139304658126, 0.36422520203300435, 0.05342631332266682, 0.9638564540309132, 0.45506137938567437, 0.2779922454661455, 0.8801270500995165, 0.13958969939602242, 0.43390497004052886, 0.6781558745701043, 0.2939260731954917, 0.0830307552880592, 0.2511740037830728, 0.8891463185024979, 0.6861865184001222, 0.5848470453246554, 1.5931855754644746, 0.4179979227527898], BATTLES: 251-196-234-300-246-290-241-169-219-
25, 1, 2144, [0.5266133269879709, 0.6052290414988846, 0.3972162747027166, 0.5983392470572841, 1, 0.8934132872218196, 0.22131733443235008, 0, 0.5670334376452806, 0.6905070684820614, 0.3436947841387525, 0, 0.4842269368064397, 1, 0.24288665370933957, 0.659853440618592, 1, 1, 0, 1, 0.2410650447542615, 0.42354027501751756, 0.36849351717057854, 0.18113551035985517, 0, 1, 0, 0, 0.15178819048762987, 0.05396858656398218, 0.04082539959795616, 0.8545916670533913, 0.43321717686828437, 0.32641961214979404, 0.1942469868957687, 0.6651680689161912, 0.19725584097210247, 0.23404446133628742, 0.24712426788487923, 0.5144219550610369, 0.20360170686824275, 0.6110553357599384, 0.5441706748674122, 0.2960741947423325, 1.1345644691943135, 0.3200264301291692, 0.4110506799464032, 0.6163784645928855, 0.3892098587105834, 0.2687472058268254, 0.41486967741235986, 0.48495806063182956, 4.773160599045052, 0.3110925248041542, 1.1507001203475875, 0.5164216575416974], BATTLES: 250-195-217-284-263-280-227-198-230-
25, 2, 2121, [0.5036748428169897, 0.6409872600207162, 0.41832268592980487, 0, 1, 1, 0, 0, 0.672130696975282, 0.8774183456368745, 0.820553260878043, 0.15411566622728073, 0.5023695210756535, 1, 0.380417817471538, 0.7206074811401204, 1, 1, 0, 0.8419795008163339, 0.5103926274778765, 0.33773622589443975, 0, 0, 0, 1, 0, 0, 0.15544351031584194, 0.061828437662217184, 0.02626323407658846, 0.7498447962578165, 0.7025559766020268, 0.337816615206497, 0.2696866241883165, 1.2669483319666734, 0.29101287118817026, 0.2935186854795029, 0.18378838583512144, 0.26335971470070685, 0.10052496931207648, 0.4398357560941231, 0.7220894857207734, 0.2832391805461413, 2.0448700526868895, 0.3763485978094137, 0.3766556851650588, 0.6290633611594258, 0.32948822341725936, 0.19779849158938823, 0.2358402774300588, 0.6268399471172716, 1.591987768007761, 0.2557483179743753, 0.4381523826057403, 0.28566166690969585], BATTLES: 218-209-219-275-256-296-223-198-227-
25, 3, 2107, [0.28356518481991383, 0.6273920358700521, 0.4259686448700892, 0.5691321135576065, 1, 0.8626814683475452, 0, 0, 0.7498347338233544, 0.6358148930750911, 0.8113211236981888, 0.42089110215832887, 0.49225057116857907, 1, 0, 0.682774278107376, 1, 0.9596299273886231, 0, 1, 0.710509224382343, 0.28103019980366606, 0.21843050719378512, 0, 0, 0.8246601778539544, 0, 0, 0.2254441483613437, 0.06495885674908536, 0.030525125346866765, 0.5131835911338988, 0.40078315456578845, 0.30283777896767233, 0.5082032829887584, 1.166843667446717, 0.27981237680183063, 0.29583563151986275, 0.32654905718958926, 0.3186938785037469, 0.09948258256585867, 0.7642138476402632, 0.6681803254383037, 0.3544248777023891, 1.986270122124172, 0.35200623062808756, 0.41554115474614756, 0.6658017910608776, 0.3420181318929687, 0.23638077169671368, 0.3003478241657491, 0.714955557631092, 2.774111000132471, 0.274397145495702, 0.5211169423826582, 0.3573917643337032], BATTLES: 242-197-224-273-269-286-207-180-229-
25, 4, 2096, [0.34896814080089567, 0.7208959318767281, 0.4054766158334268, 0.584479799350591, 0.8164261609327271, 1, 0.4361041812506462, 0, 0.5435952904645122, 0.462956856853702, 0.8232942911391022, 0.03518947745858535, 0.1254220245106238, 1, 0.13102828791068039, 0.497318352427973, 0, 0.8052395002460968, 0.22547789951342698, 0.483581519361023, 0.9008065529358122, 0.08186667422226819, 0.3669967073205213, 0.5938927864447912, 0, 0.31949657614503946, 0, 0.8093443957857532, 0.16031797745799345, 0.05539107726504194, 0.03671344494263716, 0.5385159762648556, 0.1529398056763059, 0.4406673508037653, 1.0245260280264739, 1.473910739349574, 0.12858515554188435, 0.20976706635615774, 0.21675640846456873, 0.3737825167175928, 0.17977593714622617, 0.877897215113701, 0.3466571249482196, 0.475295795545152, 3.7406993037317644, 0.3597602187206056, 0.3805439184001181, 0.2970790249155123, 0.2739262455001316, 0.2319787321702019, 0.34915529103746407, 0.5416056156276171, 2.523587606690269, 0.1800127890380076, 0.5029038692770128, 0.15489942779750557], BATTLES: 264-214-215-304-230-261-238-159-211-
25, 5, 2094, [0.36663755975402906, 0.7180767298003746, 0.4571212892772482, 0.38706711584777964, 0.8417288315322851, 1, 0.6458150043685406, 0, 0.5602710251334875, 0.35406665140336196, 0.7768455131250489, 0, 0.5129205811417046, 1, 0.5401713828425245, 0.4812488419218113, 0, 0.43499739820214534, 0, 1, 1, 0.13963733211640417, 0, 0.08679273453805694, 0, 0.30909831826438594, 0, 0.6309262867384305, 0.17092059416214614, 0.05291566448956136, 0.031146505070553828, 0.4817301004955991, 0.30524513288854416, 0.24349353891033382, 0.6951588400909834, 1.3731894374860159, 0.17651853004642082, 0.2311880904642223, 0.22575793079152526, 0.3617869094096116, 0.1151697562622772, 0.9025883372641, 0.31943657178242163, 0.40252604417641197, 2.809381550865595, 0.37734202046033005, 0.2859733419937553, 0.5960906714272408, 0.38327971364465324, 0.2377727903793715, 0.31048701499348064, 0.7279304473039243, 2.2853175183302854, 0.268003569418166, 0.4212648995035579, 0.2740786342744269], BATTLES: 223-186-221-278-261-272-234-188-231-
25, 6, 2092, [0.5430443373981854, 0.7520813898475559, 0.4135320743688236, 0.18834615110560454, 1, 0.9623309711825855, 1, 0, 0.8625453914826506, 0.9593473485538745, 0, 0.517297684528141, 0.5783688247623833, 0, 0.4543561273247863, 1, 0, 0.42962720939267207, 0, 1, 0.6535824721753782, 0.32144223744262096, 0, 0.3107074276610789, 0.6394912098571988, 0, 0, 0.9491079450967486, 0.10610277577343633, 0.04161910695478383, 0.009333260601013537, 0.5197735929907309, 0.7370859325963447, 0.19122250511869368, 1.126314066255028, 1.6773851904880952, 0.1897818651456916, 0.30071523584670007, 0.25679364875360594, 0.17170597493461823, 0.1393786131607501, 0.607804598101188, 0.19296151572098186, 0.17199790714287416, 1.6399905517992819, 0.18083786570218435, 0.6018704860609633, 1.2314540288093283, 0.15161186154367864, 0.10639179603302885, 0.2106174573077477, 0.7455045251603077, 0.6232471267253407, 0.2898480489903621, 1.3394089706288925, 0.2297539049118783], BATTLES: 209-202-214-269-269-282-226-180-241-
25, 7, 2090, [0.6819895012038848, 0.6951729243974631, 0.3860548785040118, 1, 0.7540641156534985, 0.6533002195478483, 0, 0, 0.8073892038335242, 1, 0.6877751665672492, 0.6938332133521856, 0.4301489243468413, 1, 0.2670527533984839, 0.795569518425703, 0.19746785844121484, 0.6574181721632224, 0.30838493428847924, 1, 0.7830978422929615, 0.3454011531383377, 0, 0, 0, 1, 0.11725921138681387, 0, 0.17616922790492615, 0.041569683900823315, 0.05003151719646296, 0.6977600429709702, 0.8526876970149767, 0.2342338399310945, 0.1679532372481349, 0.7534447138857711, 0.222436364639143, 0.25494062513396104, 0.1111182986758657, 0.35697381623695335, 0.13282550098573187, 0.4628396906084058, 0.2638954363449842, 0.22444240516293923, 1.4346524435929766, 0.5833828115839113, 0.35597718768932446, 0.557750401978079, 0.28200842802867604, 0.09578947479560806, 0.2207963972852647, 0.45006430808617903, 2.141205023319446, 0.1739509174221109, 0.34034884990148556, 0.3950090022221115], BATTLES: 214-203-218-275-248-289-244-184-215-
25, 8, 2076, [0.5649117311327495, 0.8541286636885825, 0.4079006675629856, 0, 0.8785997854415311, 1, 1, 0, 0.9032754406092707, 0.841604902609648, 0, 0.5322508242055461, 0.20474240423468187, 0.3641273262371966, 0, 1, 0, 0.34663612584253706, 0.7269127660050447, 1, 0.5777485557149902, 0.4127269553826031, 0.3229760546538693, 0.554295636144003, 0.7703677713583567, 0, 0, 0.8551732536523091, 0.08506197252328852, 0.0487665598657886, 0.012363965289711953, 0.581785333714694, 0.3788660389846986, 0.2432278180022825, 2.0022600697925363, 1.7878636269702783, 0.21458840221286155, 0.2040687956168114, 0.18987149774014606, 0.1414784935353136, 0.2080076933264464, 0.9047599428772818, 0.42011844485817657, 0.27989978420978356, 1.552744736708854, 0.2037046190127126, 0.6189186938809281, 1.7674360677327834, 0.11413597755753961, 0.10964142037454495, 0.23500526352273746, 0.45993088482212224, 0.5080912529179354, 0.40204322379564666, 0.7997058309286618, 0.20446907391288552], BATTLES: 258-204-234-285-225-254-223-171-222-
25, 9, 1989, [0.5870942284973674, 0.6245756273608017, 0.4342146627226391, 0.49092748425160726, 1, 0.6762724382447155, 0.4124790235338022, 0, 0.9611153335194387, 1, 1, 0, 0.36647357265033687, 1, 0.8087991866894599, 0.8537391332740861, 0, 1, 0, 0.42560073619260885, 0.9438539785258941, 0.23330527675499746, 0.05513150394379765, 1, 0, 0.5077250329439646, 0.4453857135306737, 0, 0.24066784062549865, 0.09297284938009234, 0.021618407053029722, 0.7257664431526195, 0.3579039694836568, 0.21104046135433485, 0.6114002785121544, 1.4819155406656221, 0.3709237272421276, 0.45969765576969746, 0.5181741262886793, 0.5351771900903586, 0.13079200157181295, 0.831611420539216, 0.7020993396464541, 0.30587813645662004, 2.0839602451744326, 0.3995787451722092, 0.5280587513629147, 0.41752748520931016, 0.40665908019545555, 0.18367412767582242, 0.16731698404177892, 1.0332837655623137, 2.343696825096201, 0.33324525930556537, 0.38684502269017085, 0.3209740752061574], BATTLES: 217-193-192-259-225-269-236-200-198-
26, 0, 2074, [0.6819895012038848, 0.6951729243974631, 0.3860548785040118, 1, 0.7540641156534985, 0.6533002195478483, 0, 0, 0.8073892038335242, 1, 0.6877751665672492, 0.6938332133521856, 0.4301489243468413, 1, 0.2670527533984839, 0.795569518425703, 0.19746785844121484, 0.6574181721632224, 0.30838493428847924, 1, 0.7830978422929615, 0.3454011531383377, 0, 0, 0, 1, 0.11725921138681387, 0, 0.17616922790492615, 0.041569683900823315, 0.05003151719646296, 0.6977600429709702, 0.8526876970149767, 0.2342338399310945, 0.1679532372481349, 0.7534447138857711, 0.222436364639143, 0.25494062513396104, 0.1111182986758657, 0.35697381623695335, 0.13282550098573187, 0.4628396906084058, 0.2638954363449842, 0.22444240516293923, 1.4346524435929766, 0.5833828115839113, 0.35597718768932446, 0.557750401978079, 0.28200842802867604, 0.09578947479560806, 0.2207963972852647, 0.45006430808617903, 2.141205023319446, 0.1739509174221109, 0.34034884990148556, 0.3950090022221115], BATTLES: 210-180-207-269-254-279-242-200-233-
26, 1, 2064, [0.5036748428169897, 0.6409872600207162, 0.41832268592980487, 0, 1, 1, 0, 0, 0.672130696975282, 0.8774183456368745, 0.820553260878043, 0.15411566622728073, 0.5023695210756535, 1, 0.380417817471538, 0.7206074811401204, 1, 1, 0, 0.8419795008163339, 0.5103926274778765, 0.33773622589443975, 0, 0, 0, 1, 0, 0, 0.15544351031584194, 0.061828437662217184, 0.02626323407658846, 0.7498447962578165, 0.7025559766020268, 0.337816615206497, 0.2696866241883165, 1.2669483319666734, 0.29101287118817026, 0.2935186854795029, 0.18378838583512144, 0.26335971470070685, 0.10052496931207648, 0.4398357560941231, 0.7220894857207734, 0.2832391805461413, 2.0448700526868895, 0.3763485978094137, 0.3766556851650588, 0.6290633611594258, 0.32948822341725936, 0.19779849158938823, 0.2358402774300588, 0.6268399471172716, 1.591987768007761, 0.2557483179743753, 0.4381523826057403, 0.28566166690969585], BATTLES: 224-187-205-261-259-284-203-201-240-
26, 2, 2058, [0.5266133269879709, 0.6052290414988846, 0.3972162747027166, 0.5983392470572841, 1, 0.8934132872218196, 0.22131733443235008, 0, 0.5670334376452806, 0.6905070684820614, 0.3436947841387525, 0, 0.4842269368064397, 1, 0.24288665370933957, 0.659853440618592, 1, 1, 0, 1, 0.2410650447542615, 0.42354027501751756, 0.36849351717057854, 0.18113551035985517, 0, 1, 0, 0, 0.15178819048762987, 0.05396858656398218, 0.04082539959795616, 0.8545916670533913, 0.43321717686828437, 0.32641961214979404, 0.1942469868957687, 0.6651680689161912, 0.19725584097210247, 0.23404446133628742, 0.24712426788487923, 0.5144219550610369, 0.20360170686824275, 0.6110553357599384, 0.5441706748674122, 0.2960741947423325, 1.1345644691943135, 0.3200264301291692, 0.4110506799464032, 0.6163784645928855, 0.3892098587105834, 0.2687472058268254, 0.41486967741235986, 0.48495806063182956, 4.773160599045052, 0.3110925248041542, 1.1507001203475875, 0.5164216575416974], BATTLES: 226-189-197-277-260-273-224-193-219-
26, 3, 2049, [0.5651153676250844, 0.8318271171325483, 0.4153859585404926, 1, 1, 1, 1, 0, 0.7193080248732698, 1, 0.5120495734768415, 0.6902505110398984, 0.49425179673797276, 1, 0.058733271585743874, 0.8307484251486515, 0.7266309502068358, 0.91247036077196, 0.10910301737886012, 0.4181578815640594, 0.27976966095360434, 0.24887976990095437, 0.07526026565323318, 0.6013756846519513, 0.18788941148983346, 1, 0.0743579676730991, 0.6891270644348967, 0.061044674459939725, 0.07646982382441024, 0.01447941326602276, 0.8834715080451927, 1.1176521312229966, 0.10639544810662381, 2.4478024003696164, 0.9147558050190594, 0.23722784536196276, 0.36318039824822523, 0.21798139304658126, 0.36422520203300435, 0.05342631332266682, 0.9638564540309132, 0.45506137938567437, 0.2779922454661455, 0.8801270500995165, 0.13958969939602242, 0.43390497004052886, 0.6781558745701043, 0.2939260731954917, 0.0830307552880592, 0.2511740037830728, 0.8891463185024979, 0.6861865184001222, 0.5848470453246554, 1.5931855754644746, 0.4179979227527898], BATTLES: 227-178-222-273-235-275-219-186-234-
26, 4, 2035, [0.5649117311327495, 0.8541286636885825, 0.4079006675629856, 0, 0.8785997854415311, 1, 1, 0, 0.9032754406092707, 0.841604902609648, 0, 0.5322508242055461, 0.20474240423468187, 0.3641273262371966, 0, 1, 0, 0.34663612584253706, 0.7269127660050447, 1, 0.5777485557149902, 0.4127269553826031, 0.3229760546538693, 0.554295636144003, 0.7703677713583567, 0, 0, 0.8551732536523091, 0.08506197252328852, 0.0487665598657886, 0.012363965289711953, 0.581785333714694, 0.3788660389846986, 0.2432278180022825, 2.0022600697925363, 1.7878636269702783, 0.21458840221286155, 0.2040687956168114, 0.18987149774014606, 0.1414784935353136, 0.2080076933264464, 0.9047599428772818, 0.42011844485817657, 0.27989978420978356, 1.552744736708854, 0.2037046190127126, 0.6189186938809281, 1.7674360677327834, 0.11413597755753961, 0.10964142037454495, 0.23500526352273746, 0.45993088482212224, 0.5080912529179354, 0.40204322379564666, 0.7997058309286618, 0.20446907391288552], BATTLES: 246-197-257-262-228-244-226-153-222-
26, 5, 2024, [0.5430443373981854, 0.7520813898475559, 0.4135320743688236, 0.18834615110560454, 1, 0.9623309711825855, 1, 0, 0.8625453914826506, 0.9593473485538745, 0, 0.517297684528141, 0.5783688247623833, 0, 0.4543561273247863, 1, 0, 0.42962720939267207, 0, 1, 0.6535824721753782, 0.32144223744262096, 0, 0.3107074276610789, 0.6394912098571988, 0, 0, 0.9491079450967486, 0.10610277577343633, 0.04161910695478383, 0.009333260601013537, 0.5197735929907309, 0.7370859325963447, 0.19122250511869368, 1.126314066255028, 1.6773851904880952, 0.1897818651456916, 0.30071523584670007, 0.25679364875360594, 0.17170597493461823, 0.1393786131607501, 0.607804598101188, 0.19296151572098186, 0.17199790714287416, 1.6399905517992819, 0.18083786570218435, 0.6018704860609633, 1.2314540288093283, 0.15161186154367864, 0.10639179603302885, 0.2106174573077477, 0.7455045251603077, 0.6232471267253407, 0.2898480489903621, 1.3394089706288925, 0.2297539049118783], BATTLES: 199-176-219-273-239-281-221-185-231-
26, 6, 2019, [0.34896814080089567, 0.7208959318767281, 0.4054766158334268, 0.584479799350591, 0.8164261609327271, 1, 0.4361041812506462, 0, 0.5435952904645122, 0.462956856853702, 0.8232942911391022, 0.03518947745858535, 0.1254220245106238, 1, 0.13102828791068039, 0.497318352427973, 0, 0.8052395002460968, 0.22547789951342698, 0.483581519361023, 0.9008065529358122, 0.08186667422226819, 0.3669967073205213, 0.5938927864447912, 0, 0.31949657614503946, 0, 0.8093443957857532, 0.16031797745799345, 0.05539107726504194, 0.03671344494263716, 0.5385159762648556, 0.1529398056763059, 0.4406673508037653, 1.0245260280264739, 1.473910739349574, 0.12858515554188435, 0.20976706635615774, 0.21675640846456873, 0.3737825167175928, 0.17977593714622617, 0.877897215113701, 0.3466571249482196, 0.475295795545152, 3.7406993037317644, 0.3597602187206056, 0.3805439184001181, 0.2970790249155123, 0.2739262455001316, 0.2319787321702019, 0.34915529103746407, 0.5416056156276171, 2.523587606690269, 0.1800127890380076, 0.5029038692770128, 0.15489942779750557], BATTLES: 226-198-239-284-217-265-230-149-211-
26, 7, 2008, [0.28356518481991383, 0.6273920358700521, 0.4259686448700892, 0.5691321135576065, 1, 0.8626814683475452, 0, 0, 0.7498347338233544, 0.6358148930750911, 0.8113211236981888, 0.42089110215832887, 0.49225057116857907, 1, 0, 0.682774278107376, 1, 0.9596299273886231, 0, 1, 0.710509224382343, 0.28103019980366606, 0.21843050719378512, 0, 0, 0.8246601778539544, 0, 0, 0.2254441483613437, 0.06495885674908536, 0.030525125346866765, 0.5131835911338988, 0.40078315456578845, 0.30283777896767233, 0.5082032829887584, 1.166843667446717, 0.27981237680183063, 0.29583563151986275, 0.32654905718958926, 0.3186938785037469, 0.09948258256585867, 0.7642138476402632, 0.6681803254383037, 0.3544248777023891, 1.986270122124172, 0.35200623062808756, 0.41554115474614756, 0.6658017910608776, 0.3420181318929687, 0.23638077169671368, 0.3003478241657491, 0.714955557631092, 2.774111000132471, 0.274397145495702, 0.5211169423826582, 0.3573917643337032], BATTLES: 232-184-211-277-266-284-182-166-206-
26, 8, 2007, [0.36663755975402906, 0.7180767298003746, 0.4571212892772482, 0.38706711584777964, 0.8417288315322851, 1, 0.6458150043685406, 0, 0.5602710251334875, 0.35406665140336196, 0.7768455131250489, 0, 0.5129205811417046, 1, 0.5401713828425245, 0.4812488419218113, 0, 0.43499739820214534, 0, 1, 1, 0.13963733211640417, 0, 0.08679273453805694, 0, 0.30909831826438594, 0, 0.6309262867384305, 0.17092059416214614, 0.05291566448956136, 0.031146505070553828, 0.4817301004955991, 0.30524513288854416, 0.24349353891033382, 0.6951588400909834, 1.3731894374860159, 0.17651853004642082, 0.2311880904642223, 0.22575793079152526, 0.3617869094096116, 0.1151697562622772, 0.9025883372641, 0.31943657178242163, 0.40252604417641197, 2.809381550865595, 0.37734202046033005, 0.2859733419937553, 0.5960906714272408, 0.38327971364465324, 0.2377727903793715, 0.31048701499348064, 0.7279304473039243, 2.2853175183302854, 0.268003569418166, 0.4212648995035579, 0.2740786342744269], BATTLES: 225-184-219-276-243-268-218-161-213-
26, 9, 1972, [0.5870942284973674, 0.6245756273608017, 0.4342146627226391, 0.49092748425160726, 1, 0.6762724382447155, 0.4124790235338022, 0, 0.9611153335194387, 1, 1, 0, 0.36647357265033687, 1, 0.8087991866894599, 0.8537391332740861, 0, 1, 0, 0.42560073619260885, 0.9438539785258941, 0.23330527675499746, 0.05513150394379765, 1, 0, 0.5077250329439646, 0.4453857135306737, 0, 0.24066784062549865, 0.09297284938009234, 0.021618407053029722, 0.7257664431526195, 0.3579039694836568, 0.21104046135433485, 0.6114002785121544, 1.4819155406656221, 0.3709237272421276, 0.45969765576969746, 0.5181741262886793, 0.5351771900903586, 0.13079200157181295, 0.831611420539216, 0.7020993396464541, 0.30587813645662004, 2.0839602451744326, 0.3995787451722092, 0.5280587513629147, 0.41752748520931016, 0.40665908019545555, 0.18367412767582242, 0.16731698404177892, 1.0332837655623137, 2.343696825096201, 0.33324525930556537, 0.38684502269017085, 0.3209740752061574], BATTLES: 210-179-202-266-219-253-217-196-230-
27, 0, 2310, [0.5266133269879709, 0.6052290414988846, 0.3972162747027166, 0.5983392470572841, 1, 0.8934132872218196, 0.22131733443235008, 0, 0.5670334376452806, 0.6905070684820614, 0.3436947841387525, 0, 0.4842269368064397, 1, 0.24288665370933957, 0.659853440618592, 1, 1, 0, 1, 0.2410650447542615, 0.42354027501751756, 0.36849351717057854, 0.18113551035985517, 0, 1, 0, 0, 0.15178819048762987, 0.05396858656398218, 0.04082539959795616, 0.8545916670533913, 0.43321717686828437, 0.32641961214979404, 0.1942469868957687, 0.6651680689161912, 0.19725584097210247, 0.23404446133628742, 0.24712426788487923, 0.5144219550610369, 0.20360170686824275, 0.6110553357599384, 0.5441706748674122, 0.2960741947423325, 1.1345644691943135, 0.3200264301291692, 0.4110506799464032, 0.6163784645928855, 0.3892098587105834, 0.2687472058268254, 0.41486967741235986, 0.48495806063182956, 4.773160599045052, 0.3110925248041542, 1.1507001203475875, 0.5164216575416974], BATTLES: 262-241-239-308-268-273-251-220-248-
27, 1, 2272, [0.6819895012038848, 0.6951729243974631, 0.3860548785040118, 1, 0.7540641156534985, 0.6533002195478483, 0, 0, 0.8073892038335242, 1, 0.6877751665672492, 0.6938332133521856, 0.4301489243468413, 1, 0.2670527533984839, 0.795569518425703, 0.19746785844121484, 0.6574181721632224, 0.30838493428847924, 1, 0.7830978422929615, 0.3454011531383377, 0, 0, 0, 1, 0.11725921138681387, 0, 0.17616922790492615, 0.041569683900823315, 0.05003151719646296, 0.6977600429709702, 0.8526876970149767, 0.2342338399310945, 0.1679532372481349, 0.7534447138857711, 0.222436364639143, 0.25494062513396104, 0.1111182986758657, 0.35697381623695335, 0.13282550098573187, 0.4628396906084058, 0.2638954363449842, 0.22444240516293923, 1.4346524435929766, 0.5833828115839113, 0.35597718768932446, 0.557750401978079, 0.28200842802867604, 0.09578947479560806, 0.2207963972852647, 0.45006430808617903, 2.141205023319446, 0.1739509174221109, 0.34034884990148556, 0.3950090022221115], BATTLES: 232-220-216-297-262-285-259-244-257-
27, 2, 2272, [0.34896814080089567, 0.7208959318767281, 0.4054766158334268, 0.584479799350591, 0.8164261609327271, 1, 0.4361041812506462, 0, 0.5435952904645122, 0.462956856853702, 0.8232942911391022, 0.03518947745858535, 0.1254220245106238, 1, 0.13102828791068039, 0.497318352427973, 0, 0.8052395002460968, 0.22547789951342698, 0.483581519361023, 0.9008065529358122, 0.08186667422226819, 0.3669967073205213, 0.5938927864447912, 0, 0.31949657614503946, 0, 0.8093443957857532, 0.16031797745799345, 0.05539107726504194, 0.03671344494263716, 0.5385159762648556, 0.1529398056763059, 0.4406673508037653, 1.0245260280264739, 1.473910739349574, 0.12858515554188435, 0.20976706635615774, 0.21675640846456873, 0.3737825167175928, 0.17977593714622617, 0.877897215113701, 0.3466571249482196, 0.475295795545152, 3.7406993037317644, 0.3597602187206056, 0.3805439184001181, 0.2970790249155123, 0.2739262455001316, 0.2319787321702019, 0.34915529103746407, 0.5416056156276171, 2.523587606690269, 0.1800127890380076, 0.5029038692770128, 0.15489942779750557], BATTLES: 274-213-246-319-254-293-261-187-225-
27, 3, 2247, [0.5036748428169897, 0.6409872600207162, 0.41832268592980487, 0, 1, 1, 0, 0, 0.672130696975282, 0.8774183456368745, 0.820553260878043, 0.15411566622728073, 0.5023695210756535, 1, 0.380417817471538, 0.7206074811401204, 1, 1, 0, 0.8419795008163339, 0.5103926274778765, 0.33773622589443975, 0, 0, 0, 1, 0, 0, 0.15544351031584194, 0.061828437662217184, 0.02626323407658846, 0.7498447962578165, 0.7025559766020268, 0.337816615206497, 0.2696866241883165, 1.2669483319666734, 0.29101287118817026, 0.2935186854795029, 0.18378838583512144, 0.26335971470070685, 0.10052496931207648, 0.4398357560941231, 0.7220894857207734, 0.2832391805461413, 2.0448700526868895, 0.3763485978094137, 0.3766556851650588, 0.6290633611594258, 0.32948822341725936, 0.19779849158938823, 0.2358402774300588, 0.6268399471172716, 1.591987768007761, 0.2557483179743753, 0.4381523826057403, 0.28566166690969585], BATTLES: 223-212-230-289-281-306-250-205-251-
27, 4, 2244, [0.5651153676250844, 0.8318271171325483, 0.4153859585404926, 1, 1, 1, 1, 0, 0.7193080248732698, 1, 0.5120495734768415, 0.6902505110398984, 0.49425179673797276, 1, 0.058733271585743874, 0.8307484251486515, 0.7266309502068358, 0.91247036077196, 0.10910301737886012, 0.4181578815640594, 0.27976966095360434, 0.24887976990095437, 0.07526026565323318, 0.6013756846519513, 0.18788941148983346, 1, 0.0743579676730991, 0.6891270644348967, 0.061044674459939725, 0.07646982382441024, 0.01447941326602276, 0.8834715080451927, 1.1176521312229966, 0.10639544810662381, 2.4478024003696164, 0.9147558050190594, 0.23722784536196276, 0.36318039824822523, 0.21798139304658126, 0.36422520203300435, 0.05342631332266682, 0.9638564540309132, 0.45506137938567437, 0.2779922454661455, 0.8801270500995165, 0.13958969939602242, 0.43390497004052886, 0.6781558745701043, 0.2939260731954917, 0.0830307552880592, 0.2511740037830728, 0.8891463185024979, 0.6861865184001222, 0.5848470453246554, 1.5931855754644746, 0.4179979227527898], BATTLES: 260-218-241-300-246-287-250-184-258-
27, 5, 2237, [0.36663755975402906, 0.7180767298003746, 0.4571212892772482, 0.38706711584777964, 0.8417288315322851, 1, 0.6458150043685406, 0, 0.5602710251334875, 0.35406665140336196, 0.7768455131250489, 0, 0.5129205811417046, 1, 0.5401713828425245, 0.4812488419218113, 0, 0.43499739820214534, 0, 1, 1, 0.13963733211640417, 0, 0.08679273453805694, 0, 0.30909831826438594, 0, 0.6309262867384305, 0.17092059416214614, 0.05291566448956136, 0.031146505070553828, 0.4817301004955991, 0.30524513288854416, 0.24349353891033382, 0.6951588400909834, 1.3731894374860159, 0.17651853004642082, 0.2311880904642223, 0.22575793079152526, 0.3617869094096116, 0.1151697562622772, 0.9025883372641, 0.31943657178242163, 0.40252604417641197, 2.809381550865595, 0.37734202046033005, 0.2859733419937553, 0.5960906714272408, 0.38327971364465324, 0.2377727903793715, 0.31048701499348064, 0.7279304473039243, 2.2853175183302854, 0.268003569418166, 0.4212648995035579, 0.2740786342744269], BATTLES: 247-203-248-277-257-296-260-198-251-
27, 6, 2234, [0.28356518481991383, 0.6273920358700521, 0.4259686448700892, 0.5691321135576065, 1, 0.8626814683475452, 0, 0, 0.7498347338233544, 0.6358148930750911, 0.8113211236981888, 0.42089110215832887, 0.49225057116857907, 1, 0, 0.682774278107376, 1, 0.9596299273886231, 0, 1, 0.710509224382343, 0.28103019980366606, 0.21843050719378512, 0, 0, 0.8246601778539544, 0, 0, 0.2254441483613437, 0.06495885674908536, 0.030525125346866765, 0.5131835911338988, 0.40078315456578845, 0.30283777896767233, 0.5082032829887584, 1.166843667446717, 0.27981237680183063, 0.29583563151986275, 0.32654905718958926, 0.3186938785037469, 0.09948258256585867, 0.7642138476402632, 0.6681803254383037, 0.3544248777023891, 1.986270122124172, 0.35200623062808756, 0.41554115474614756, 0.6658017910608776, 0.3420181318929687, 0.23638077169671368, 0.3003478241657491, 0.714955557631092, 2.774111000132471, 0.274397145495702, 0.5211169423826582, 0.3573917643337032], BATTLES: 229-212-245-280-281-298-228-204-257-
27, 7, 2218, [0.9036760552098901, 0.61428671961909, 0.444428848812356, 1, 0.9886480811204337, 1, 0, 0, 0.24087714248388037, 0.7541047945165192, 0.06527718054149662, 0, 0.6269825454758318, 1, 0.18770605395195272, 0.7686831186392609, 0, 0.59015080550976, 0, 1, 0, 0.2837994088125969, 0.4459329752468969, 0.5430949796031687, 0, 1, 0.7512849667227747, 1, 0.17597270611510332, 0.06942215261685447, 0.05048833942115608, 1.5450325797386555, 0.3520579732894243, 0.45222178979152167, 0.13575473775438177, 0.49213712328341064, 0.18792052150237182, 0.19788971633333738, 0.2123739324647077, 1.0244315609520247, 0.14014370218150288, 0.7523654420714463, 0.4874629821766818, 0.1564265451681608, 1.4292100696020387, 0.36747990485607807, 0.41923167720495824, 0.5352084199607313, 0.5912477453578947, 0.2340297539954114, 0.3492700011304603, 0.4886045691495086, 3.6983187068508054, 0.43436539720510525, 0.7259316535678013, 0.6292887759559381], BATTLES: 265-222-227-278-242-273-251-234-226-
27, 8, 2208, [0.5430443373981854, 0.7520813898475559, 0.4135320743688236, 0.18834615110560454, 1, 0.9623309711825855, 1, 0, 0.8625453914826506, 0.9593473485538745, 0, 0.517297684528141, 0.5783688247623833, 0, 0.4543561273247863, 1, 0, 0.42962720939267207, 0, 1, 0.6535824721753782, 0.32144223744262096, 0, 0.3107074276610789, 0.6394912098571988, 0, 0, 0.9491079450967486, 0.10610277577343633, 0.04161910695478383, 0.009333260601013537, 0.5197735929907309, 0.7370859325963447, 0.19122250511869368, 1.126314066255028, 1.6773851904880952, 0.1897818651456916, 0.30071523584670007, 0.25679364875360594, 0.17170597493461823, 0.1393786131607501, 0.607804598101188, 0.19296151572098186, 0.17199790714287416, 1.6399905517992819, 0.18083786570218435, 0.6018704860609633, 1.2314540288093283, 0.15161186154367864, 0.10639179603302885, 0.2106174573077477, 0.7455045251603077, 0.6232471267253407, 0.2898480489903621, 1.3394089706288925, 0.2297539049118783], BATTLES: 240-198-227-272-253-299-252-200-267-
27, 9, 2207, [0.5649117311327495, 0.8541286636885825, 0.4079006675629856, 0, 0.8785997854415311, 1, 1, 0, 0.9032754406092707, 0.841604902609648, 0, 0.5322508242055461, 0.20474240423468187, 0.3641273262371966, 0, 1, 0, 0.34663612584253706, 0.7269127660050447, 1, 0.5777485557149902, 0.4127269553826031, 0.3229760546538693, 0.554295636144003, 0.7703677713583567, 0, 0, 0.8551732536523091, 0.08506197252328852, 0.0487665598657886, 0.012363965289711953, 0.581785333714694, 0.3788660389846986, 0.2432278180022825, 2.0022600697925363, 1.7878636269702783, 0.21458840221286155, 0.2040687956168114, 0.18987149774014606, 0.1414784935353136, 0.2080076933264464, 0.9047599428772818, 0.42011844485817657, 0.27989978420978356, 1.552744736708854, 0.2037046190127126, 0.6189186938809281, 1.7674360677327834, 0.11413597755753961, 0.10964142037454495, 0.23500526352273746, 0.45993088482212224, 0.5080912529179354, 0.40204322379564666, 0.7997058309286618, 0.20446907391288552], BATTLES: 274-226-236-275-242-261-235-198-260-
28, 0, 2068, [0.5266133269879709, 0.6052290414988846, 0.3972162747027166, 0.5983392470572841, 1, 0.8934132872218196, 0.22131733443235008, 0, 0.5670334376452806, 0.6905070684820614, 0.3436947841387525, 0, 0.4842269368064397, 1, 0.24288665370933957, 0.659853440618592, 1, 1, 0, 1, 0.2410650447542615, 0.42354027501751756, 0.36849351717057854, 0.18113551035985517, 0, 1, 0, 0, 0.15178819048762987, 0.05396858656398218, 0.04082539959795616, 0.8545916670533913, 0.43321717686828437, 0.32641961214979404, 0.1942469868957687, 0.6651680689161912, 0.19725584097210247, 0.23404446133628742, 0.24712426788487923, 0.5144219550610369, 0.20360170686824275, 0.6110553357599384, 0.5441706748674122, 0.2960741947423325, 1.1345644691943135, 0.3200264301291692, 0.4110506799464032, 0.6163784645928855, 0.3892098587105834, 0.2687472058268254, 0.41486967741235986, 0.48495806063182956, 4.773160599045052, 0.3110925248041542, 1.1507001203475875, 0.5164216575416974], BATTLES: 229-185-211-287-250-300-216-171-219-
28, 1, 2032, [0.9850709613254313, 0.64524976440913, 0.4719949813260756, 1, 1, 1, 0.11188801676372452, 0, 0.3371398300126173, 0.809439251202689, 0, 0, 0.889964139867742, 0.7800529340788378, 0.12681141902208856, 1, 1, 0.26957495846238316, 0.24096804267510716, 1, 0, 0.4614548560362095, 0.8055298858828155, 0, 0, 1, 0.6017601781090383, 0.8015829174682669, 0.143270616649292, 0.06072777732756702, 0.09670296777892065, 2.168390107852499, 0.3229882654632722, 1.0738817818961817, 0.15202437769950192, 0.593579646525686, 0.18556999403338784, 0.18741394467613567, 0.3186836393672686, 0.8474460078274495, 0.20649887410121068, 0.8996782627940657, 0.5578184468529843, 0.19575683811026912, 1.171506223468028, 0.4404702719544207, 0.6108340428878486, 0.7790656059131574, 0.8053192592992839, 0.19736456301709918, 0.2341934024644254, 0.5433697897401102, 2.5178117322190507, 0.47684375532405615, 0.4605201687804195, 0.7164208139306428], BATTLES: 223-194-197-275-226-281-222-200-214-
28, 2, 2007, [0.5036748428169897, 0.6409872600207162, 0.41832268592980487, 0, 1, 1, 0, 0, 0.672130696975282, 0.8774183456368745, 0.820553260878043, 0.15411566622728073, 0.5023695210756535, 1, 0.380417817471538, 0.7206074811401204, 1, 1, 0, 0.8419795008163339, 0.5103926274778765, 0.33773622589443975, 0, 0, 0, 1, 0, 0, 0.15544351031584194, 0.061828437662217184, 0.02626323407658846, 0.7498447962578165, 0.7025559766020268, 0.337816615206497, 0.2696866241883165, 1.2669483319666734, 0.29101287118817026, 0.2935186854795029, 0.18378838583512144, 0.26335971470070685, 0.10052496931207648, 0.4398357560941231, 0.7220894857207734, 0.2832391805461413, 2.0448700526868895, 0.3763485978094137, 0.3766556851650588, 0.6290633611594258, 0.32948822341725936, 0.19779849158938823, 0.2358402774300588, 0.6268399471172716, 1.591987768007761, 0.2557483179743753, 0.4381523826057403, 0.28566166690969585], BATTLES: 196-170-216-259-253-298-220-171-224-
28, 3, 1989, [0.5651153676250844, 0.8318271171325483, 0.4153859585404926, 1, 1, 1, 1, 0, 0.7193080248732698, 1, 0.5120495734768415, 0.6902505110398984, 0.49425179673797276, 1, 0.058733271585743874, 0.8307484251486515, 0.7266309502068358, 0.91247036077196, 0.10910301737886012, 0.4181578815640594, 0.27976966095360434, 0.24887976990095437, 0.07526026565323318, 0.6013756846519513, 0.18788941148983346, 1, 0.0743579676730991, 0.6891270644348967, 0.061044674459939725, 0.07646982382441024, 0.01447941326602276, 0.8834715080451927, 1.1176521312229966, 0.10639544810662381, 2.4478024003696164, 0.9147558050190594, 0.23722784536196276, 0.36318039824822523, 0.21798139304658126, 0.36422520203300435, 0.05342631332266682, 0.9638564540309132, 0.45506137938567437, 0.2779922454661455, 0.8801270500995165, 0.13958969939602242, 0.43390497004052886, 0.6781558745701043, 0.2939260731954917, 0.0830307552880592, 0.2511740037830728, 0.8891463185024979, 0.6861865184001222, 0.5848470453246554, 1.5931855754644746, 0.4179979227527898], BATTLES: 211-184-223-271-232-282-203-160-223-
28, 4, 1988, [0.5430443373981854, 0.7520813898475559, 0.4135320743688236, 0.18834615110560454, 1, 0.9623309711825855, 1, 0, 0.8625453914826506, 0.9593473485538745, 0, 0.517297684528141, 0.5783688247623833, 0, 0.4543561273247863, 1, 0, 0.42962720939267207, 0, 1, 0.6535824721753782, 0.32144223744262096, 0, 0.3107074276610789, 0.6394912098571988, 0, 0, 0.9491079450967486, 0.10610277577343633, 0.04161910695478383, 0.009333260601013537, 0.5197735929907309, 0.7370859325963447, 0.19122250511869368, 1.126314066255028, 1.6773851904880952, 0.1897818651456916, 0.30071523584670007, 0.25679364875360594, 0.17170597493461823, 0.1393786131607501, 0.607804598101188, 0.19296151572098186, 0.17199790714287416, 1.6399905517992819, 0.18083786570218435, 0.6018704860609633, 1.2314540288093283, 0.15161186154367864, 0.10639179603302885, 0.2106174573077477, 0.7455045251603077, 0.6232471267253407, 0.2898480489903621, 1.3394089706288925, 0.2297539049118783], BATTLES: 198-178-212-253-248-294-210-159-236-
28, 5, 1978, [0.36663755975402906, 0.7180767298003746, 0.4571212892772482, 0.38706711584777964, 0.8417288315322851, 1, 0.6458150043685406, 0, 0.5602710251334875, 0.35406665140336196, 0.7768455131250489, 0, 0.5129205811417046, 1, 0.5401713828425245, 0.4812488419218113, 0, 0.43499739820214534, 0, 1, 1, 0.13963733211640417, 0, 0.08679273453805694, 0, 0.30909831826438594, 0, 0.6309262867384305, 0.17092059416214614, 0.05291566448956136, 0.031146505070553828, 0.4817301004955991, 0.30524513288854416, 0.24349353891033382, 0.6951588400909834, 1.3731894374860159, 0.17651853004642082, 0.2311880904642223, 0.22575793079152526, 0.3617869094096116, 0.1151697562622772, 0.9025883372641, 0.31943657178242163, 0.40252604417641197, 2.809381550865595, 0.37734202046033005, 0.2859733419937553, 0.5960906714272408, 0.38327971364465324, 0.2377727903793715, 0.31048701499348064, 0.7279304473039243, 2.2853175183302854, 0.268003569418166, 0.4212648995035579, 0.2740786342744269], BATTLES: 213-174-225-265-238-273-209-157-224-
28, 6, 1951, [0.5649117311327495, 0.8541286636885825, 0.4079006675629856, 0, 0.8785997854415311, 1, 1, 0, 0.9032754406092707, 0.841604902609648, 0, 0.5322508242055461, 0.20474240423468187, 0.3641273262371966, 0, 1, 0, 0.34663612584253706, 0.7269127660050447, 1, 0.5777485557149902, 0.4127269553826031, 0.3229760546538693, 0.554295636144003, 0.7703677713583567, 0, 0, 0.8551732536523091, 0.08506197252328852, 0.0487665598657886, 0.012363965289711953, 0.581785333714694, 0.3788660389846986, 0.2432278180022825, 2.0022600697925363, 1.7878636269702783, 0.21458840221286155, 0.2040687956168114, 0.18987149774014606, 0.1414784935353136, 0.2080076933264464, 0.9047599428772818, 0.42011844485817657, 0.27989978420978356, 1.552744736708854, 0.2037046190127126, 0.6189186938809281, 1.7674360677327834, 0.11413597755753961, 0.10964142037454495, 0.23500526352273746, 0.45993088482212224, 0.5080912529179354, 0.40204322379564666, 0.7997058309286618, 0.20446907391288552], BATTLES: 231-191-220-250-221-258-197-170-213-
28, 7, 1944, [0.6819895012038848, 0.6951729243974631, 0.3860548785040118, 1, 0.7540641156534985, 0.6533002195478483, 0, 0, 0.8073892038335242, 1, 0.6877751665672492, 0.6938332133521856, 0.4301489243468413, 1, 0.2670527533984839, 0.795569518425703, 0.19746785844121484, 0.6574181721632224, 0.30838493428847924, 1, 0.7830978422929615, 0.3454011531383377, 0, 0, 0, 1, 0.11725921138681387, 0, 0.17616922790492615, 0.041569683900823315, 0.05003151719646296, 0.6977600429709702, 0.8526876970149767, 0.2342338399310945, 0.1679532372481349, 0.7534447138857711, 0.222436364639143, 0.25494062513396104, 0.1111182986758657, 0.35697381623695335, 0.13282550098573187, 0.4628396906084058, 0.2638954363449842, 0.22444240516293923, 1.4346524435929766, 0.5833828115839113, 0.35597718768932446, 0.557750401978079, 0.28200842802867604, 0.09578947479560806, 0.2207963972852647, 0.45006430808617903, 2.141205023319446, 0.1739509174221109, 0.34034884990148556, 0.3950090022221115], BATTLES: 183-161-188-269-230-277-230-192-214-
28, 8, 1942, [0.28356518481991383, 0.6273920358700521, 0.4259686448700892, 0.5691321135576065, 1, 0.8626814683475452, 0, 0, 0.7498347338233544, 0.6358148930750911, 0.8113211236981888, 0.42089110215832887, 0.49225057116857907, 1, 0, 0.682774278107376, 1, 0.9596299273886231, 0, 1, 0.710509224382343, 0.28103019980366606, 0.21843050719378512, 0, 0, 0.8246601778539544, 0, 0, 0.2254441483613437, 0.06495885674908536, 0.030525125346866765, 0.5131835911338988, 0.40078315456578845, 0.30283777896767233, 0.5082032829887584, 1.166843667446717, 0.27981237680183063, 0.29583563151986275, 0.32654905718958926, 0.3186938785037469, 0.09948258256585867, 0.7642138476402632, 0.6681803254383037, 0.3544248777023891, 1.986270122124172, 0.35200623062808756, 0.41554115474614756, 0.6658017910608776, 0.3420181318929687, 0.23638077169671368, 0.3003478241657491, 0.714955557631092, 2.774111000132471, 0.274397145495702, 0.5211169423826582, 0.3573917643337032], BATTLES: 216-184-216-254-249-277-176-150-220-
28, 9, 1908, [0.34896814080089567, 0.7208959318767281, 0.4054766158334268, 0.584479799350591, 0.8164261609327271, 1, 0.4361041812506462, 0, 0.5435952904645122, 0.462956856853702, 0.8232942911391022, 0.03518947745858535, 0.1254220245106238, 1, 0.13102828791068039, 0.497318352427973, 0, 0.8052395002460968, 0.22547789951342698, 0.483581519361023, 0.9008065529358122, 0.08186667422226819, 0.3669967073205213, 0.5938927864447912, 0, 0.31949657614503946, 0, 0.8093443957857532, 0.16031797745799345, 0.05539107726504194, 0.03671344494263716, 0.5385159762648556, 0.1529398056763059, 0.4406673508037653, 1.0245260280264739, 1.473910739349574, 0.12858515554188435, 0.20976706635615774, 0.21675640846456873, 0.3737825167175928, 0.17977593714622617, 0.877897215113701, 0.3466571249482196, 0.475295795545152, 3.7406993037317644, 0.3597602187206056, 0.3805439184001181, 0.2970790249155123, 0.2739262455001316, 0.2319787321702019, 0.34915529103746407, 0.5416056156276171, 2.523587606690269, 0.1800127890380076, 0.5029038692770128, 0.15489942779750557], BATTLES: 224-175-233-272-211-248-225-126-194-
29, 0, 2259, [0.5266133269879709, 0.6052290414988846, 0.3972162747027166, 0.5983392470572841, 1, 0.8934132872218196, 0.22131733443235008, 0, 0.5670334376452806, 0.6905070684820614, 0.3436947841387525, 0, 0.4842269368064397, 1, 0.24288665370933957, 0.659853440618592, 1, 1, 0, 1, 0.2410650447542615, 0.42354027501751756, 0.36849351717057854, 0.18113551035985517, 0, 1, 0, 0, 0.15178819048762987, 0.05396858656398218, 0.04082539959795616, 0.8545916670533913, 0.43321717686828437, 0.32641961214979404, 0.1942469868957687, 0.6651680689161912, 0.19725584097210247, 0.23404446133628742, 0.24712426788487923, 0.5144219550610369, 0.20360170686824275, 0.6110553357599384, 0.5441706748674122, 0.2960741947423325, 1.1345644691943135, 0.3200264301291692, 0.4110506799464032, 0.6163784645928855, 0.3892098587105834, 0.2687472058268254, 0.41486967741235986, 0.48495806063182956, 4.773160599045052, 0.3110925248041542, 1.1507001203475875, 0.5164216575416974], BATTLES: 247-209-239-288-266-313-252-202-243-
29, 1, 2176, [0.5649117311327495, 0.8541286636885825, 0.4079006675629856, 0, 0.8785997854415311, 1, 1, 0, 0.9032754406092707, 0.841604902609648, 0, 0.5322508242055461, 0.20474240423468187, 0.3641273262371966, 0, 1, 0, 0.34663612584253706, 0.7269127660050447, 1, 0.5777485557149902, 0.4127269553826031, 0.3229760546538693, 0.554295636144003, 0.7703677713583567, 0, 0, 0.8551732536523091, 0.08506197252328852, 0.0487665598657886, 0.012363965289711953, 0.581785333714694, 0.3788660389846986, 0.2432278180022825, 2.0022600697925363, 1.7878636269702783, 0.21458840221286155, 0.2040687956168114, 0.18987149774014606, 0.1414784935353136, 0.2080076933264464, 0.9047599428772818, 0.42011844485817657, 0.27989978420978356, 1.552744736708854, 0.2037046190127126, 0.6189186938809281, 1.7674360677327834, 0.11413597755753961, 0.10964142037454495, 0.23500526352273746, 0.45993088482212224, 0.5080912529179354, 0.40204322379564666, 0.7997058309286618, 0.20446907391288552], BATTLES: 251-214-264-284-242-265-230-186-240-
29, 2, 2175, [0.9850709613254313, 0.64524976440913, 0.4719949813260756, 1, 1, 1, 0.11188801676372452, 0, 0.3371398300126173, 0.809439251202689, 0, 0, 0.889964139867742, 0.7800529340788378, 0.12681141902208856, 1, 1, 0.26957495846238316, 0.24096804267510716, 1, 0, 0.4614548560362095, 0.8055298858828155, 0, 0, 1, 0.6017601781090383, 0.8015829174682669, 0.143270616649292, 0.06072777732756702, 0.09670296777892065, 2.168390107852499, 0.3229882654632722, 1.0738817818961817, 0.15202437769950192, 0.593579646525686, 0.18556999403338784, 0.18741394467613567, 0.3186836393672686, 0.8474460078274495, 0.20649887410121068, 0.8996782627940657, 0.5578184468529843, 0.19575683811026912, 1.171506223468028, 0.4404702719544207, 0.6108340428878486, 0.7790656059131574, 0.8053192592992839, 0.19736456301709918, 0.2341934024644254, 0.5433697897401102, 2.5178117322190507, 0.47684375532405615, 0.4605201687804195, 0.7164208139306428], BATTLES: 251-214-234-275-235-295-232-197-242-
29, 3, 2167, [0.5651153676250844, 0.8318271171325483, 0.4153859585404926, 1, 1, 1, 1, 0, 0.7193080248732698, 1, 0.5120495734768415, 0.6902505110398984, 0.49425179673797276, 1, 0.058733271585743874, 0.8307484251486515, 0.7266309502068358, 0.91247036077196, 0.10910301737886012, 0.4181578815640594, 0.27976966095360434, 0.24887976990095437, 0.07526026565323318, 0.6013756846519513, 0.18788941148983346, 1, 0.0743579676730991, 0.6891270644348967, 0.061044674459939725, 0.07646982382441024, 0.01447941326602276, 0.8834715080451927, 1.1176521312229966, 0.10639544810662381, 2.4478024003696164, 0.9147558050190594, 0.23722784536196276, 0.36318039824822523, 0.21798139304658126, 0.36422520203300435, 0.05342631332266682, 0.9638564540309132, 0.45506137938567437, 0.2779922454661455, 0.8801270500995165, 0.13958969939602242, 0.43390497004052886, 0.6781558745701043, 0.2939260731954917, 0.0830307552880592, 0.2511740037830728, 0.8891463185024979, 0.6861865184001222, 0.5848470453246554, 1.5931855754644746, 0.4179979227527898], BATTLES: 261-199-257-290-236-292-223-187-222-
29, 4, 2126, [0.5036748428169897, 0.6409872600207162, 0.41832268592980487, 0, 1, 1, 0, 0, 0.672130696975282, 0.8774183456368745, 0.820553260878043, 0.15411566622728073, 0.5023695210756535, 1, 0.380417817471538, 0.7206074811401204, 1, 1, 0, 0.8419795008163339, 0.5103926274778765, 0.33773622589443975, 0, 0, 0, 1, 0, 0, 0.15544351031584194, 0.061828437662217184, 0.02626323407658846, 0.7498447962578165, 0.7025559766020268, 0.337816615206497, 0.2696866241883165, 1.2669483319666734, 0.29101287118817026, 0.2935186854795029, 0.18378838583512144, 0.26335971470070685, 0.10052496931207648, 0.4398357560941231, 0.7220894857207734, 0.2832391805461413, 2.0448700526868895, 0.3763485978094137, 0.3766556851650588, 0.6290633611594258, 0.32948822341725936, 0.19779849158938823, 0.2358402774300588, 0.6268399471172716, 1.591987768007761, 0.2557483179743753, 0.4381523826057403, 0.28566166690969585], BATTLES: 224-205-224-274-256-292-223-199-229-
29, 5, 2126, [0.5430443373981854, 0.7520813898475559, 0.4135320743688236, 0.18834615110560454, 1, 0.9623309711825855, 1, 0, 0.8625453914826506, 0.9593473485538745, 0, 0.517297684528141, 0.5783688247623833, 0, 0.4543561273247863, 1, 0, 0.42962720939267207, 0, 1, 0.6535824721753782, 0.32144223744262096, 0, 0.3107074276610789, 0.6394912098571988, 0, 0, 0.9491079450967486, 0.10610277577343633, 0.04161910695478383, 0.009333260601013537, 0.5197735929907309, 0.7370859325963447, 0.19122250511869368, 1.126314066255028, 1.6773851904880952, 0.1897818651456916, 0.30071523584670007, 0.25679364875360594, 0.17170597493461823, 0.1393786131607501, 0.607804598101188, 0.19296151572098186, 0.17199790714287416, 1.6399905517992819, 0.18083786570218435, 0.6018704860609633, 1.2314540288093283, 0.15161186154367864, 0.10639179603302885, 0.2106174573077477, 0.7455045251603077, 0.6232471267253407, 0.2898480489903621, 1.3394089706288925, 0.2297539049118783], BATTLES: 223-191-233-273-244-284-243-193-242-
29, 6, 2116, [0.6819895012038848, 0.6951729243974631, 0.3860548785040118, 1, 0.7540641156534985, 0.6533002195478483, 0, 0, 0.8073892038335242, 1, 0.6877751665672492, 0.6938332133521856, 0.4301489243468413, 1, 0.2670527533984839, 0.795569518425703, 0.19746785844121484, 0.6574181721632224, 0.30838493428847924, 1, 0.7830978422929615, 0.3454011531383377, 0, 0, 0, 1, 0.11725921138681387, 0, 0.17616922790492615, 0.041569683900823315, 0.05003151719646296, 0.6977600429709702, 0.8526876970149767, 0.2342338399310945, 0.1679532372481349, 0.7534447138857711, 0.222436364639143, 0.25494062513396104, 0.1111182986758657, 0.35697381623695335, 0.13282550098573187, 0.4628396906084058, 0.2638954363449842, 0.22444240516293923, 1.4346524435929766, 0.5833828115839113, 0.35597718768932446, 0.557750401978079, 0.28200842802867604, 0.09578947479560806, 0.2207963972852647, 0.45006430808617903, 2.141205023319446, 0.1739509174221109, 0.34034884990148556, 0.3950090022221115], BATTLES: 218-193-214-263-255-291-235-208-239-
29, 7, 2107, [0.5240127577839545, 0.823978358546836, 0.42061982077991683, 1, 1, 1, 0, 0, 0.5894000344864079, 1, 0.8706628658060576, 1, 0.6353823366441282, 1, 0, 1, 0.323299297750887, 1, 0.24704178101889662, 0.5864217016546094, 0.6003926345096715, 0.21802271716175656, 0, 0.6855704126813595, 0, 1, 0, 0.9572951473709495, 0.05943047184792874, 0.04934796399562753, 0.009288948015954795, 0.6288890941354937, 1.0895576715476567, 0.1587698226520175, 2.824842599265804, 0.693425826600917, 0.2265686774903731, 0.1765242833018786, 0.31997420583839753, 0.3378353663098842, 0.06880843279485482, 0.5633547539743684, 0.4717043357661317, 0.2418506546636266, 1.5410331540352165, 0.18053553470680522, 0.3547797017453915, 0.7615235183438585, 0.5290126460435225, 0.043280228105173194, 0.3981504892756228, 0.7330421469058781, 0.7758556450409353, 0.566236888533964, 1.0873560086911038, 0.23305977042731155], BATTLES: 206-183-250-283-244-283-233-177-248-
29, 8, 2100, [0.28356518481991383, 0.6273920358700521, 0.4259686448700892, 0.5691321135576065, 1, 0.8626814683475452, 0, 0, 0.7498347338233544, 0.6358148930750911, 0.8113211236981888, 0.42089110215832887, 0.49225057116857907, 1, 0, 0.682774278107376, 1, 0.9596299273886231, 0, 1, 0.710509224382343, 0.28103019980366606, 0.21843050719378512, 0, 0, 0.8246601778539544, 0, 0, 0.2254441483613437, 0.06495885674908536, 0.030525125346866765, 0.5131835911338988, 0.40078315456578845, 0.30283777896767233, 0.5082032829887584, 1.166843667446717, 0.27981237680183063, 0.29583563151986275, 0.32654905718958926, 0.3186938785037469, 0.09948258256585867, 0.7642138476402632, 0.6681803254383037, 0.3544248777023891, 1.986270122124172, 0.35200623062808756, 0.41554115474614756, 0.6658017910608776, 0.3420181318929687, 0.23638077169671368, 0.3003478241657491, 0.714955557631092, 2.774111000132471, 0.274397145495702, 0.5211169423826582, 0.3573917643337032], BATTLES: 223-200-231-257-272-298-203-177-239-
29, 9, 2098, [0.36663755975402906, 0.7180767298003746, 0.4571212892772482, 0.38706711584777964, 0.8417288315322851, 1, 0.6458150043685406, 0, 0.5602710251334875, 0.35406665140336196, 0.7768455131250489, 0, 0.5129205811417046, 1, 0.5401713828425245, 0.4812488419218113, 0, 0.43499739820214534, 0, 1, 1, 0.13963733211640417, 0, 0.08679273453805694, 0, 0.30909831826438594, 0, 0.6309262867384305, 0.17092059416214614, 0.05291566448956136, 0.031146505070553828, 0.4817301004955991, 0.30524513288854416, 0.24349353891033382, 0.6951588400909834, 1.3731894374860159, 0.17651853004642082, 0.2311880904642223, 0.22575793079152526, 0.3617869094096116, 0.1151697562622772, 0.9025883372641, 0.31943657178242163, 0.40252604417641197, 2.809381550865595, 0.37734202046033005, 0.2859733419937553, 0.5960906714272408, 0.38327971364465324, 0.2377727903793715, 0.31048701499348064, 0.7279304473039243, 2.2853175183302854, 0.268003569418166, 0.4212648995035579, 0.2740786342744269], BATTLES: 221-191-234-287-238-271-241-181-234-
30, 0, 2076, [0.5266133269879709, 0.6052290414988846, 0.3972162747027166, 0.5983392470572841, 1, 0.8934132872218196, 0.22131733443235008, 0, 0.5670334376452806, 0.6905070684820614, 0.3436947841387525, 0, 0.4842269368064397, 1, 0.24288665370933957, 0.659853440618592, 1, 1, 0, 1, 0.2410650447542615, 0.42354027501751756, 0.36849351717057854, 0.18113551035985517, 0, 1, 0, 0, 0.15178819048762987, 0.05396858656398218, 0.04082539959795616, 0.8545916670533913, 0.43321717686828437, 0.32641961214979404, 0.1942469868957687, 0.6651680689161912, 0.19725584097210247, 0.23404446133628742, 0.24712426788487923, 0.5144219550610369, 0.20360170686824275, 0.6110553357599384, 0.5441706748674122, 0.2960741947423325, 1.1345644691943135, 0.3200264301291692, 0.4110506799464032, 0.6163784645928855, 0.3892098587105834, 0.2687472058268254, 0.41486967741235986, 0.48495806063182956, 4.773160599045052, 0.3110925248041542, 1.1507001203475875, 0.5164216575416974], BATTLES: 233-184-232-287-266-279-216-163-216-
30, 1, 2038, [0.9850709613254313, 0.64524976440913, 0.4719949813260756, 1, 1, 1, 0.11188801676372452, 0, 0.3371398300126173, 0.809439251202689, 0, 0, 0.889964139867742, 0.7800529340788378, 0.12681141902208856, 1, 1, 0.26957495846238316, 0.24096804267510716, 1, 0, 0.4614548560362095, 0.8055298858828155, 0, 0, 1, 0.6017601781090383, 0.8015829174682669, 0.143270616649292, 0.06072777732756702, 0.09670296777892065, 2.168390107852499, 0.3229882654632722, 1.0738817818961817, 0.15202437769950192, 0.593579646525686, 0.18556999403338784, 0.18741394467613567, 0.3186836393672686, 0.8474460078274495, 0.20649887410121068, 0.8996782627940657, 0.5578184468529843, 0.19575683811026912, 1.171506223468028, 0.4404702719544207, 0.6108340428878486, 0.7790656059131574, 0.8053192592992839, 0.19736456301709918, 0.2341934024644254, 0.5433697897401102, 2.5178117322190507, 0.47684375532405615, 0.4605201687804195, 0.7164208139306428], BATTLES: 235-189-203-287-239-271-226-178-210-
30, 2, 2030, [0.5651153676250844, 0.8318271171325483, 0.4153859585404926, 1, 1, 1, 1, 0, 0.7193080248732698, 1, 0.5120495734768415, 0.6902505110398984, 0.49425179673797276, 1, 0.058733271585743874, 0.8307484251486515, 0.7266309502068358, 0.91247036077196, 0.10910301737886012, 0.4181578815640594, 0.27976966095360434, 0.24887976990095437, 0.07526026565323318, 0.6013756846519513, 0.18788941148983346, 1, 0.0743579676730991, 0.6891270644348967, 0.061044674459939725, 0.07646982382441024, 0.01447941326602276, 0.8834715080451927, 1.1176521312229966, 0.10639544810662381, 2.4478024003696164, 0.9147558050190594, 0.23722784536196276, 0.36318039824822523, 0.21798139304658126, 0.36422520203300435, 0.05342631332266682, 0.9638564540309132, 0.45506137938567437, 0.2779922454661455, 0.8801270500995165, 0.13958969939602242, 0.43390497004052886, 0.6781558745701043, 0.2939260731954917, 0.0830307552880592, 0.2511740037830728, 0.8891463185024979, 0.6861865184001222, 0.5848470453246554, 1.5931855754644746, 0.4179979227527898], BATTLES: 223-192-229-292-239-289-204-158-204-
30, 3, 2007, [0.36663755975402906, 0.7180767298003746, 0.4571212892772482, 0.38706711584777964, 0.8417288315322851, 1, 0.6458150043685406, 0, 0.5602710251334875, 0.35406665140336196, 0.7768455131250489, 0, 0.5129205811417046, 1, 0.5401713828425245, 0.4812488419218113, 0, 0.43499739820214534, 0, 1, 1, 0.13963733211640417, 0, 0.08679273453805694, 0, 0.30909831826438594, 0, 0.6309262867384305, 0.17092059416214614, 0.05291566448956136, 0.031146505070553828, 0.4817301004955991, 0.30524513288854416, 0.24349353891033382, 0.6951588400909834, 1.3731894374860159, 0.17651853004642082, 0.2311880904642223, 0.22575793079152526, 0.3617869094096116, 0.1151697562622772, 0.9025883372641, 0.31943657178242163, 0.40252604417641197, 2.809381550865595, 0.37734202046033005, 0.2859733419937553, 0.5960906714272408, 0.38327971364465324, 0.2377727903793715, 0.31048701499348064, 0.7279304473039243, 2.2853175183302854, 0.268003569418166, 0.4212648995035579, 0.2740786342744269], BATTLES: 220-166-233-276-244-285-216-158-209-
30, 4, 1996, [0.28356518481991383, 0.6273920358700521, 0.4259686448700892, 0.5691321135576065, 1, 0.8626814683475452, 0, 0, 0.7498347338233544, 0.6358148930750911, 0.8113211236981888, 0.42089110215832887, 0.49225057116857907, 1, 0, 0.682774278107376, 1, 0.9596299273886231, 0, 1, 0.710509224382343, 0.28103019980366606, 0.21843050719378512, 0, 0, 0.8246601778539544, 0, 0, 0.2254441483613437, 0.06495885674908536, 0.030525125346866765, 0.5131835911338988, 0.40078315456578845, 0.30283777896767233, 0.5082032829887584, 1.166843667446717, 0.27981237680183063, 0.29583563151986275, 0.32654905718958926, 0.3186938785037469, 0.09948258256585867, 0.7642138476402632, 0.6681803254383037, 0.3544248777023891, 1.986270122124172, 0.35200623062808756, 0.41554115474614756, 0.6658017910608776, 0.3420181318929687, 0.23638077169671368, 0.3003478241657491, 0.714955557631092, 2.774111000132471, 0.274397145495702, 0.5211169423826582, 0.3573917643337032], BATTLES: 236-171-225-265-267-288-172-159-213-
30, 5, 1973, [0.5240127577839545, 0.823978358546836, 0.42061982077991683, 1, 1, 1, 0, 0, 0.5894000344864079, 1, 0.8706628658060576, 1, 0.6353823366441282, 1, 0, 1, 0.323299297750887, 1, 0.24704178101889662, 0.5864217016546094, 0.6003926345096715, 0.21802271716175656, 0, 0.6855704126813595, 0, 1, 0, 0.9572951473709495, 0.05943047184792874, 0.04934796399562753, 0.009288948015954795, 0.6288890941354937, 1.0895576715476567, 0.1587698226520175, 2.824842599265804, 0.693425826600917, 0.2265686774903731, 0.1765242833018786, 0.31997420583839753, 0.3378353663098842, 0.06880843279485482, 0.5633547539743684, 0.4717043357661317, 0.2418506546636266, 1.5410331540352165, 0.18053553470680522, 0.3547797017453915, 0.7615235183438585, 0.5290126460435225, 0.043280228105173194, 0.3981504892756228, 0.7330421469058781, 0.7758556450409353, 0.566236888533964, 1.0873560086911038, 0.23305977042731155], BATTLES: 210-164-231-284-233-280-196-147-228-
30, 6, 1971, [0.6819895012038848, 0.6951729243974631, 0.3860548785040118, 1, 0.7540641156534985, 0.6533002195478483, 0, 0, 0.8073892038335242, 1, 0.6877751665672492, 0.6938332133521856, 0.4301489243468413, 1, 0.2670527533984839, 0.795569518425703, 0.19746785844121484, 0.6574181721632224, 0.30838493428847924, 1, 0.7830978422929615, 0.3454011531383377, 0, 0, 0, 1, 0.11725921138681387, 0, 0.17616922790492615, 0.041569683900823315, 0.05003151719646296, 0.6977600429709702, 0.8526876970149767, 0.2342338399310945, 0.1679532372481349, 0.7534447138857711, 0.222436364639143, 0.25494062513396104, 0.1111182986758657, 0.35697381623695335, 0.13282550098573187, 0.4628396906084058, 0.2638954363449842, 0.22444240516293923, 1.4346524435929766, 0.5833828115839113, 0.35597718768932446, 0.557750401978079, 0.28200842802867604, 0.09578947479560806, 0.2207963972852647, 0.45006430808617903, 2.141205023319446, 0.1739509174221109, 0.34034884990148556, 0.3950090022221115], BATTLES: 214-167-185-271-229-277-214-196-218-
30, 7, 1969, [0.5036748428169897, 0.6409872600207162, 0.41832268592980487, 0, 1, 1, 0, 0, 0.672130696975282, 0.8774183456368745, 0.820553260878043, 0.15411566622728073, 0.5023695210756535, 1, 0.380417817471538, 0.7206074811401204, 1, 1, 0, 0.8419795008163339, 0.5103926274778765, 0.33773622589443975, 0, 0, 0, 1, 0, 0, 0.15544351031584194, 0.061828437662217184, 0.02626323407658846, 0.7498447962578165, 0.7025559766020268, 0.337816615206497, 0.2696866241883165, 1.2669483319666734, 0.29101287118817026, 0.2935186854795029, 0.18378838583512144, 0.26335971470070685, 0.10052496931207648, 0.4398357560941231, 0.7220894857207734, 0.2832391805461413, 2.0448700526868895, 0.3763485978094137, 0.3766556851650588, 0.6290633611594258, 0.32948822341725936, 0.19779849158938823, 0.2358402774300588, 0.6268399471172716, 1.591987768007761, 0.2557483179743753, 0.4381523826057403, 0.28566166690969585], BATTLES: 192-171-220-272-248-289-173-170-234-
30, 8, 1967, [0.5430443373981854, 0.7520813898475559, 0.4135320743688236, 0.18834615110560454, 1, 0.9623309711825855, 1, 0, 0.8625453914826506, 0.9593473485538745, 0, 0.517297684528141, 0.5783688247623833, 0, 0.4543561273247863, 1, 0, 0.42962720939267207, 0, 1, 0.6535824721753782, 0.32144223744262096, 0, 0.3107074276610789, 0.6394912098571988, 0, 0, 0.9491079450967486, 0.10610277577343633, 0.04161910695478383, 0.009333260601013537, 0.5197735929907309, 0.7370859325963447, 0.19122250511869368, 1.126314066255028, 1.6773851904880952, 0.1897818651456916, 0.30071523584670007, 0.25679364875360594, 0.17170597493461823, 0.1393786131607501, 0.607804598101188, 0.19296151572098186, 0.17199790714287416, 1.6399905517992819, 0.18083786570218435, 0.6018704860609633, 1.2314540288093283, 0.15161186154367864, 0.10639179603302885, 0.2106174573077477, 0.7455045251603077, 0.6232471267253407, 0.2898480489903621, 1.3394089706288925, 0.2297539049118783], BATTLES: 184-164-225-267-261-290-194-154-228-
30, 9, 1937, [0.5649117311327495, 0.8541286636885825, 0.4079006675629856, 0, 0.8785997854415311, 1, 1, 0, 0.9032754406092707, 0.841604902609648, 0, 0.5322508242055461, 0.20474240423468187, 0.3641273262371966, 0, 1, 0, 0.34663612584253706, 0.7269127660050447, 1, 0.5777485557149902, 0.4127269553826031, 0.3229760546538693, 0.554295636144003, 0.7703677713583567, 0, 0, 0.8551732536523091, 0.08506197252328852, 0.0487665598657886, 0.012363965289711953, 0.581785333714694, 0.3788660389846986, 0.2432278180022825, 2.0022600697925363, 1.7878636269702783, 0.21458840221286155, 0.2040687956168114, 0.18987149774014606, 0.1414784935353136, 0.2080076933264464, 0.9047599428772818, 0.42011844485817657, 0.27989978420978356, 1.552744736708854, 0.2037046190127126, 0.6189186938809281, 1.7674360677327834, 0.11413597755753961, 0.10964142037454495, 0.23500526352273746, 0.45993088482212224, 0.5080912529179354, 0.40204322379564666, 0.7997058309286618, 0.20446907391288552], BATTLES: 228-179-238-262-227-271-177-135-220-
31, 0, 2207, [0.5266133269879709, 0.6052290414988846, 0.3972162747027166, 0.5983392470572841, 1, 0.8934132872218196, 0.22131733443235008, 0, 0.5670334376452806, 0.6905070684820614, 0.3436947841387525, 0, 0.4842269368064397, 1, 0.24288665370933957, 0.659853440618592, 1, 1, 0, 1, 0.2410650447542615, 0.42354027501751756, 0.36849351717057854, 0.18113551035985517, 0, 1, 0, 0, 0.15178819048762987, 0.05396858656398218, 0.04082539959795616, 0.8545916670533913, 0.43321717686828437, 0.32641961214979404, 0.1942469868957687, 0.6651680689161912, 0.19725584097210247, 0.23404446133628742, 0.24712426788487923, 0.5144219550610369, 0.20360170686824275, 0.6110553357599384, 0.5441706748674122, 0.2960741947423325, 1.1345644691943135, 0.3200264301291692, 0.4110506799464032, 0.6163784645928855, 0.3892098587105834, 0.2687472058268254, 0.41486967741235986, 0.48495806063182956, 4.773160599045052, 0.3110925248041542, 1.1507001203475875, 0.5164216575416974], BATTLES: 260-200-232-308-274-295-231-182-225-
31, 1, 2179, [0.5651153676250844, 0.8318271171325483, 0.4153859585404926, 1, 1, 1, 1, 0, 0.7193080248732698, 1, 0.5120495734768415, 0.6902505110398984, 0.49425179673797276, 1, 0.058733271585743874, 0.8307484251486515, 0.7266309502068358, 0.91247036077196, 0.10910301737886012, 0.4181578815640594, 0.27976966095360434, 0.24887976990095437, 0.07526026565323318, 0.6013756846519513, 0.18788941148983346, 1, 0.0743579676730991, 0.6891270644348967, 0.061044674459939725, 0.07646982382441024, 0.01447941326602276, 0.8834715080451927, 1.1176521312229966, 0.10639544810662381, 2.4478024003696164, 0.9147558050190594, 0.23722784536196276, 0.36318039824822523, 0.21798139304658126, 0.36422520203300435, 0.05342631332266682, 0.9638564540309132, 0.45506137938567437, 0.2779922454661455, 0.8801270500995165, 0.13958969939602242, 0.43390497004052886, 0.6781558745701043, 0.2939260731954917, 0.0830307552880592, 0.2511740037830728, 0.8891463185024979, 0.6861865184001222, 0.5848470453246554, 1.5931855754644746, 0.4179979227527898], BATTLES: 258-205-216-307-263-284-240-182-224-
31, 2, 2159, [0.6819895012038848, 0.6951729243974631, 0.3860548785040118, 1, 0.7540641156534985, 0.6533002195478483, 0, 0, 0.8073892038335242, 1, 0.6877751665672492, 0.6938332133521856, 0.4301489243468413, 1, 0.2670527533984839, 0.795569518425703, 0.19746785844121484, 0.6574181721632224, 0.30838493428847924, 1, 0.7830978422929615, 0.3454011531383377, 0, 0, 0, 1, 0.11725921138681387, 0, 0.17616922790492615, 0.041569683900823315, 0.05003151719646296, 0.6977600429709702, 0.8526876970149767, 0.2342338399310945, 0.1679532372481349, 0.7534447138857711, 0.222436364639143, 0.25494062513396104, 0.1111182986758657, 0.35697381623695335, 0.13282550098573187, 0.4628396906084058, 0.2638954363449842, 0.22444240516293923, 1.4346524435929766, 0.5833828115839113, 0.35597718768932446, 0.557750401978079, 0.28200842802867604, 0.09578947479560806, 0.2207963972852647, 0.45006430808617903, 2.141205023319446, 0.1739509174221109, 0.34034884990148556, 0.3950090022221115], BATTLES: 225-206-219-292-256-278-250-201-232-
31, 3, 2153, [0.454811893904422, 0.6637519600305491, 0.44140175095883605, 1, 0.8596063467137397, 0.9887304422279477, 0, 0, 0.7661511192688948, 1, 0.6962006433497696, 0, 0.5582662271005127, 0.948314674619618, 1, 1, 0.04151889109706053, 0.3785926554573499, 0, 1, 0.10692586457457631, 0.35428052064410065, 0.2202319074657176, 1, 0, 0.8720693560998789, 0, 0.5710089101135115, 0.08351964266474579, 0.04516967408289181, 0.018521888761979046, 0.7243407861681692, 0.8229205645557203, 0.4585483720560686, 0.2540360780136722, 0.8494832974426012, 0.39435681375539183, 0.1946134957965154, 0.16249197856768177, 0.2860999314229981, 0.05039157514460588, 0.3228883697678384, 0.9151125034864184, 0.4054881185726116, 1.7960340351773583, 0.43020265742826785, 0.20539493072654105, 0.5948070165795798, 0.3496678237685034, 0.19204749769854787, 0.22312047885972058, 0.7520297962622848, 1.2681167000923725, 0.24063209456157836, 0.416210467163915, 0.40697960358618507], BATTLES: 256-210-230-293-272-293-212-174-213-
31, 4, 2134, [0.5430443373981854, 0.7520813898475559, 0.4135320743688236, 0.18834615110560454, 1, 0.9623309711825855, 1, 0, 0.8625453914826506, 0.9593473485538745, 0, 0.517297684528141, 0.5783688247623833, 0, 0.4543561273247863, 1, 0, 0.42962720939267207, 0, 1, 0.6535824721753782, 0.32144223744262096, 0, 0.3107074276610789, 0.6394912098571988, 0, 0, 0.9491079450967486, 0.10610277577343633, 0.04161910695478383, 0.009333260601013537, 0.5197735929907309, 0.7370859325963447, 0.19122250511869368, 1.126314066255028, 1.6773851904880952, 0.1897818651456916, 0.30071523584670007, 0.25679364875360594, 0.17170597493461823, 0.1393786131607501, 0.607804598101188, 0.19296151572098186, 0.17199790714287416, 1.6399905517992819, 0.18083786570218435, 0.6018704860609633, 1.2314540288093283, 0.15161186154367864, 0.10639179603302885, 0.2106174573077477, 0.7455045251603077, 0.6232471267253407, 0.2898480489903621, 1.3394089706288925, 0.2297539049118783], BATTLES: 224-205-218-292-255-296-217-184-243-
31, 5, 2129, [0.5036748428169897, 0.6409872600207162, 0.41832268592980487, 0, 1, 1, 0, 0, 0.672130696975282, 0.8774183456368745, 0.820553260878043, 0.15411566622728073, 0.5023695210756535, 1, 0.380417817471538, 0.7206074811401204, 1, 1, 0, 0.8419795008163339, 0.5103926274778765, 0.33773622589443975, 0, 0, 0, 1, 0, 0, 0.15544351031584194, 0.061828437662217184, 0.02626323407658846, 0.7498447962578165, 0.7025559766020268, 0.337816615206497, 0.2696866241883165, 1.2669483319666734, 0.29101287118817026, 0.2935186854795029, 0.18378838583512144, 0.26335971470070685, 0.10052496931207648, 0.4398357560941231, 0.7220894857207734, 0.2832391805461413, 2.0448700526868895, 0.3763485978094137, 0.3766556851650588, 0.6290633611594258, 0.32948822341725936, 0.19779849158938823, 0.2358402774300588, 0.6268399471172716, 1.591987768007761, 0.2557483179743753, 0.4381523826057403, 0.28566166690969585], BATTLES: 227-197-219-287-268-288-220-198-225-
31, 6, 2126, [0.36663755975402906, 0.7180767298003746, 0.4571212892772482, 0.38706711584777964, 0.8417288315322851, 1, 0.6458150043685406, 0, 0.5602710251334875, 0.35406665140336196, 0.7768455131250489, 0, 0.5129205811417046, 1, 0.5401713828425245, 0.4812488419218113, 0, 0.43499739820214534, 0, 1, 1, 0.13963733211640417, 0, 0.08679273453805694, 0, 0.30909831826438594, 0, 0.6309262867384305, 0.17092059416214614, 0.05291566448956136, 0.031146505070553828, 0.4817301004955991, 0.30524513288854416, 0.24349353891033382, 0.6951588400909834, 1.3731894374860159, 0.17651853004642082, 0.2311880904642223, 0.22575793079152526, 0.3617869094096116, 0.1151697562622772, 0.9025883372641, 0.31943657178242163, 0.40252604417641197, 2.809381550865595, 0.37734202046033005, 0.2859733419937553, 0.5960906714272408, 0.38327971364465324, 0.2377727903793715, 0.31048701499348064, 0.7279304473039243, 2.2853175183302854, 0.268003569418166, 0.4212648995035579, 0.2740786342744269], BATTLES: 240-195-224-293-270-276-244-162-222-
31, 7, 2124, [0.28356518481991383, 0.6273920358700521, 0.4259686448700892, 0.5691321135576065, 1, 0.8626814683475452, 0, 0, 0.7498347338233544, 0.6358148930750911, 0.8113211236981888, 0.42089110215832887, 0.49225057116857907, 1, 0, 0.682774278107376, 1, 0.9596299273886231, 0, 1, 0.710509224382343, 0.28103019980366606, 0.21843050719378512, 0, 0, 0.8246601778539544, 0, 0, 0.2254441483613437, 0.06495885674908536, 0.030525125346866765, 0.5131835911338988, 0.40078315456578845, 0.30283777896767233, 0.5082032829887584, 1.166843667446717, 0.27981237680183063, 0.29583563151986275, 0.32654905718958926, 0.3186938785037469, 0.09948258256585867, 0.7642138476402632, 0.6681803254383037, 0.3544248777023891, 1.986270122124172, 0.35200623062808756, 0.41554115474614756, 0.6658017910608776, 0.3420181318929687, 0.23638077169671368, 0.3003478241657491, 0.714955557631092, 2.774111000132471, 0.274397145495702, 0.5211169423826582, 0.3573917643337032], BATTLES: 250-204-229-290-264-302-214-154-217-
31, 8, 2099, [0.9850709613254313, 0.64524976440913, 0.4719949813260756, 1, 1, 1, 0.11188801676372452, 0, 0.3371398300126173, 0.809439251202689, 0, 0, 0.889964139867742, 0.7800529340788378, 0.12681141902208856, 1, 1, 0.26957495846238316, 0.24096804267510716, 1, 0, 0.4614548560362095, 0.8055298858828155, 0, 0, 1, 0.6017601781090383, 0.8015829174682669, 0.143270616649292, 0.06072777732756702, 0.09670296777892065, 2.168390107852499, 0.3229882654632722, 1.0738817818961817, 0.15202437769950192, 0.593579646525686, 0.18556999403338784, 0.18741394467613567, 0.3186836393672686, 0.8474460078274495, 0.20649887410121068, 0.8996782627940657, 0.5578184468529843, 0.19575683811026912, 1.171506223468028, 0.4404702719544207, 0.6108340428878486, 0.7790656059131574, 0.8053192592992839, 0.19736456301709918, 0.2341934024644254, 0.5433697897401102, 2.5178117322190507, 0.47684375532405615, 0.4605201687804195, 0.7164208139306428], BATTLES: 250-208-203-291-260-271-224-199-193-
31, 9, 2097, [0.5240127577839545, 0.823978358546836, 0.42061982077991683, 1, 1, 1, 0, 0, 0.5894000344864079, 1, 0.8706628658060576, 1, 0.6353823366441282, 1, 0, 1, 0.323299297750887, 1, 0.24704178101889662, 0.5864217016546094, 0.6003926345096715, 0.21802271716175656, 0, 0.6855704126813595, 0, 1, 0, 0.9572951473709495, 0.05943047184792874, 0.04934796399562753, 0.009288948015954795, 0.6288890941354937, 1.0895576715476567, 0.1587698226520175, 2.824842599265804, 0.693425826600917, 0.2265686774903731, 0.1765242833018786, 0.31997420583839753, 0.3378353663098842, 0.06880843279485482, 0.5633547539743684, 0.4717043357661317, 0.2418506546636266, 1.5410331540352165, 0.18053553470680522, 0.3547797017453915, 0.7615235183438585, 0.5290126460435225, 0.043280228105173194, 0.3981504892756228, 0.7330421469058781, 0.7758556450409353, 0.566236888533964, 1.0873560086911038, 0.23305977042731155], BATTLES: 244-203-224-291-236-287-239-169-204-
32, 0, 2316, [0.5266133269879709, 0.6052290414988846, 0.3972162747027166, 0.5983392470572841, 1, 0.8934132872218196, 0.22131733443235008, 0, 0.5670334376452806, 0.6905070684820614, 0.3436947841387525, 0, 0.4842269368064397, 1, 0.24288665370933957, 0.659853440618592, 1, 1, 0, 1, 0.2410650447542615, 0.42354027501751756, 0.36849351717057854, 0.18113551035985517, 0, 1, 0, 0, 0.15178819048762987, 0.05396858656398218, 0.04082539959795616, 0.8545916670533913, 0.43321717686828437, 0.32641961214979404, 0.1942469868957687, 0.6651680689161912, 0.19725584097210247, 0.23404446133628742, 0.24712426788487923, 0.5144219550610369, 0.20360170686824275, 0.6110553357599384, 0.5441706748674122, 0.2960741947423325, 1.1345644691943135, 0.3200264301291692, 0.4110506799464032, 0.6163784645928855, 0.3892098587105834, 0.2687472058268254, 0.41486967741235986, 0.48495806063182956, 4.773160599045052, 0.3110925248041542, 1.1507001203475875, 0.5164216575416974], BATTLES: 266-226-239-307-278-303-243-215-239-
32, 1, 2307, [0.6819895012038848, 0.6951729243974631, 0.3860548785040118, 1, 0.7540641156534985, 0.6533002195478483, 0, 0, 0.8073892038335242, 1, 0.6877751665672492, 0.6938332133521856, 0.4301489243468413, 1, 0.2670527533984839, 0.795569518425703, 0.19746785844121484, 0.6574181721632224, 0.30838493428847924, 1, 0.7830978422929615, 0.3454011531383377, 0, 0, 0, 1, 0.11725921138681387, 0, 0.17616922790492615, 0.041569683900823315, 0.05003151719646296, 0.6977600429709702, 0.8526876970149767, 0.2342338399310945, 0.1679532372481349, 0.7534447138857711, 0.222436364639143, 0.25494062513396104, 0.1111182986758657, 0.35697381623695335, 0.13282550098573187, 0.4628396906084058, 0.2638954363449842, 0.22444240516293923, 1.4346524435929766, 0.5833828115839113, 0.35597718768932446, 0.557750401978079, 0.28200842802867604, 0.09578947479560806, 0.2207963972852647, 0.45006430808617903, 2.141205023319446, 0.1739509174221109, 0.34034884990148556, 0.3950090022221115], BATTLES: 237-209-240-313-273-286-260-231-258-
32, 2, 2292, [0.9850709613254313, 0.64524976440913, 0.4719949813260756, 1, 1, 1, 0.11188801676372452, 0, 0.3371398300126173, 0.809439251202689, 0, 0, 0.889964139867742, 0.7800529340788378, 0.12681141902208856, 1, 1, 0.26957495846238316, 0.24096804267510716, 1, 0, 0.4614548560362095, 0.8055298858828155, 0, 0, 1, 0.6017601781090383, 0.8015829174682669, 0.143270616649292, 0.06072777732756702, 0.09670296777892065, 2.168390107852499, 0.3229882654632722, 1.0738817818961817, 0.15202437769950192, 0.593579646525686, 0.18556999403338784, 0.18741394467613567, 0.3186836393672686, 0.8474460078274495, 0.20649887410121068, 0.8996782627940657, 0.5578184468529843, 0.19575683811026912, 1.171506223468028, 0.4404702719544207, 0.6108340428878486, 0.7790656059131574, 0.8053192592992839, 0.19736456301709918, 0.2341934024644254, 0.5433697897401102, 2.5178117322190507, 0.47684375532405615, 0.4605201687804195, 0.7164208139306428], BATTLES: 269-239-239-310-260-292-233-205-245-
32, 3, 2288, [0.454811893904422, 0.6637519600305491, 0.44140175095883605, 1, 0.8596063467137397, 0.9887304422279477, 0, 0, 0.7661511192688948, 1, 0.6962006433497696, 0, 0.5582662271005127, 0.948314674619618, 1, 1, 0.04151889109706053, 0.3785926554573499, 0, 1, 0.10692586457457631, 0.35428052064410065, 0.2202319074657176, 1, 0, 0.8720693560998789, 0, 0.5710089101135115, 0.08351964266474579, 0.04516967408289181, 0.018521888761979046, 0.7243407861681692, 0.8229205645557203, 0.4585483720560686, 0.2540360780136722, 0.8494832974426012, 0.39435681375539183, 0.1946134957965154, 0.16249197856768177, 0.2860999314229981, 0.05039157514460588, 0.3228883697678384, 0.9151125034864184, 0.4054881185726116, 1.7960340351773583, 0.43020265742826785, 0.20539493072654105, 0.5948070165795798, 0.3496678237685034, 0.19204749769854787, 0.22312047885972058, 0.7520297962622848, 1.2681167000923725, 0.24063209456157836, 0.416210467163915, 0.40697960358618507], BATTLES: 279-219-263-285-267-293-240-190-252-
32, 4, 2260, [0.5651153676250844, 0.8318271171325483, 0.4153859585404926, 1, 1, 1, 1, 0, 0.7193080248732698, 1, 0.5120495734768415, 0.6902505110398984, 0.49425179673797276, 1, 0.058733271585743874, 0.8307484251486515, 0.7266309502068358, 0.91247036077196, 0.10910301737886012, 0.4181578815640594, 0.27976966095360434, 0.24887976990095437, 0.07526026565323318, 0.6013756846519513, 0.18788941148983346, 1, 0.0743579676730991, 0.6891270644348967, 0.061044674459939725, 0.07646982382441024, 0.01447941326602276, 0.8834715080451927, 1.1176521312229966, 0.10639544810662381, 2.4478024003696164, 0.9147558050190594, 0.23722784536196276, 0.36318039824822523, 0.21798139304658126, 0.36422520203300435, 0.05342631332266682, 0.9638564540309132, 0.45506137938567437, 0.2779922454661455, 0.8801270500995165, 0.13958969939602242, 0.43390497004052886, 0.6781558745701043, 0.2939260731954917, 0.0830307552880592, 0.2511740037830728, 0.8891463185024979, 0.6861865184001222, 0.5848470453246554, 1.5931855754644746, 0.4179979227527898], BATTLES: 272-238-253-302-251-300-243-177-224-
32, 5, 2244, [0.5430443373981854, 0.7520813898475559, 0.4135320743688236, 0.18834615110560454, 1, 0.9623309711825855, 1, 0, 0.8625453914826506, 0.9593473485538745, 0, 0.517297684528141, 0.5783688247623833, 0, 0.4543561273247863, 1, 0, 0.42962720939267207, 0, 1, 0.6535824721753782, 0.32144223744262096, 0, 0.3107074276610789, 0.6394912098571988, 0, 0, 0.9491079450967486, 0.10610277577343633, 0.04161910695478383, 0.009333260601013537, 0.5197735929907309, 0.7370859325963447, 0.19122250511869368, 1.126314066255028, 1.6773851904880952, 0.1897818651456916, 0.30071523584670007, 0.25679364875360594, 0.17170597493461823, 0.1393786131607501, 0.607804598101188, 0.19296151572098186, 0.17199790714287416, 1.6399905517992819, 0.18083786570218435, 0.6018704860609633, 1.2314540288093283, 0.15161186154367864, 0.10639179603302885, 0.2106174573077477, 0.7455045251603077, 0.6232471267253407, 0.2898480489903621, 1.3394089706288925, 0.2297539049118783], BATTLES: 243-205-252-281-273-301-240-208-241-
32, 6, 2227, [0.36663755975402906, 0.7180767298003746, 0.4571212892772482, 0.38706711584777964, 0.8417288315322851, 1, 0.6458150043685406, 0, 0.5602710251334875, 0.35406665140336196, 0.7768455131250489, 0, 0.5129205811417046, 1, 0.5401713828425245, 0.4812488419218113, 0, 0.43499739820214534, 0, 1, 1, 0.13963733211640417, 0, 0.08679273453805694, 0, 0.30909831826438594, 0, 0.6309262867384305, 0.17092059416214614, 0.05291566448956136, 0.031146505070553828, 0.4817301004955991, 0.30524513288854416, 0.24349353891033382, 0.6951588400909834, 1.3731894374860159, 0.17651853004642082, 0.2311880904642223, 0.22575793079152526, 0.3617869094096116, 0.1151697562622772, 0.9025883372641, 0.31943657178242163, 0.40252604417641197, 2.809381550865595, 0.37734202046033005, 0.2859733419937553, 0.5960906714272408, 0.38327971364465324, 0.2377727903793715, 0.31048701499348064, 0.7279304473039243, 2.2853175183302854, 0.268003569418166, 0.4212648995035579, 0.2740786342744269], BATTLES: 243-212-256-299-255-286-249-198-229-
32, 7, 2220, [0.5240127577839545, 0.823978358546836, 0.42061982077991683, 1, 1, 1, 0, 0, 0.5894000344864079, 1, 0.8706628658060576, 1, 0.6353823366441282, 1, 0, 1, 0.323299297750887, 1, 0.24704178101889662, 0.5864217016546094, 0.6003926345096715, 0.21802271716175656, 0, 0.6855704126813595, 0, 1, 0, 0.9572951473709495, 0.05943047184792874, 0.04934796399562753, 0.009288948015954795, 0.6288890941354937, 1.0895576715476567, 0.1587698226520175, 2.824842599265804, 0.693425826600917, 0.2265686774903731, 0.1765242833018786, 0.31997420583839753, 0.3378353663098842, 0.06880843279485482, 0.5633547539743684, 0.4717043357661317, 0.2418506546636266, 1.5410331540352165, 0.18053553470680522, 0.3547797017453915, 0.7615235183438585, 0.5290126460435225, 0.043280228105173194, 0.3981504892756228, 0.7330421469058781, 0.7758556450409353, 0.566236888533964, 1.0873560086911038, 0.23305977042731155], BATTLES: 235-207-248-298-255-292-256-188-241-
32, 8, 2197, [0.5036748428169897, 0.6409872600207162, 0.41832268592980487, 0, 1, 1, 0, 0, 0.672130696975282, 0.8774183456368745, 0.820553260878043, 0.15411566622728073, 0.5023695210756535, 1, 0.380417817471538, 0.7206074811401204, 1, 1, 0, 0.8419795008163339, 0.5103926274778765, 0.33773622589443975, 0, 0, 0, 1, 0, 0, 0.15544351031584194, 0.061828437662217184, 0.02626323407658846, 0.7498447962578165, 0.7025559766020268, 0.337816615206497, 0.2696866241883165, 1.2669483319666734, 0.29101287118817026, 0.2935186854795029, 0.18378838583512144, 0.26335971470070685, 0.10052496931207648, 0.4398357560941231, 0.7220894857207734, 0.2832391805461413, 2.0448700526868895, 0.3763485978094137, 0.3766556851650588, 0.6290633611594258, 0.32948822341725936, 0.19779849158938823, 0.2358402774300588, 0.6268399471172716, 1.591987768007761, 0.2557483179743753, 0.4381523826057403, 0.28566166690969585], BATTLES: 235-202-222-293-293-295-228-198-231-
32, 9, 2181, [0.28356518481991383, 0.6273920358700521, 0.4259686448700892, 0.5691321135576065, 1, 0.8626814683475452, 0, 0, 0.7498347338233544, 0.6358148930750911, 0.8113211236981888, 0.42089110215832887, 0.49225057116857907, 1, 0, 0.682774278107376, 1, 0.9596299273886231, 0, 1, 0.710509224382343, 0.28103019980366606, 0.21843050719378512, 0, 0, 0.8246601778539544, 0, 0, 0.2254441483613437, 0.06495885674908536, 0.030525125346866765, 0.5131835911338988, 0.40078315456578845, 0.30283777896767233, 0.5082032829887584, 1.166843667446717, 0.27981237680183063, 0.29583563151986275, 0.32654905718958926, 0.3186938785037469, 0.09948258256585867, 0.7642138476402632, 0.6681803254383037, 0.3544248777023891, 1.986270122124172, 0.35200623062808756, 0.41554115474614756, 0.6658017910608776, 0.3420181318929687, 0.23638077169671368, 0.3003478241657491, 0.714955557631092, 2.774111000132471, 0.274397145495702, 0.5211169423826582, 0.3573917643337032], BATTLES: 259-206-236-277-277-289-222-192-223-
33, 0, 2083, [0.5266133269879709, 0.6052290414988846, 0.3972162747027166, 0.5983392470572841, 1, 0.8934132872218196, 0.22131733443235008, 0, 0.5670334376452806, 0.6905070684820614, 0.3436947841387525, 0, 0.4842269368064397, 1, 0.24288665370933957, 0.659853440618592, 1, 1, 0, 1, 0.2410650447542615, 0.42354027501751756, 0.36849351717057854, 0.18113551035985517, 0, 1, 0, 0, 0.15178819048762987, 0.05396858656398218, 0.04082539959795616, 0.8545916670533913, 0.43321717686828437, 0.32641961214979404, 0.1942469868957687, 0.6651680689161912, 0.19725584097210247, 0.23404446133628742, 0.24712426788487923, 0.5144219550610369, 0.20360170686824275, 0.6110553357599384, 0.5441706748674122, 0.2960741947423325, 1.1345644691943135, 0.3200264301291692, 0.4110506799464032, 0.6163784645928855, 0.3892098587105834, 0.2687472058268254, 0.41486967741235986, 0.48495806063182956, 4.773160599045052, 0.3110925248041542, 1.1507001203475875, 0.5164216575416974], BATTLES: 239-203-210-298-249-285-216-173-210-
33, 1, 2034, [0.6819895012038848, 0.6951729243974631, 0.3860548785040118, 1, 0.7540641156534985, 0.6533002195478483, 0, 0, 0.8073892038335242, 1, 0.6877751665672492, 0.6938332133521856, 0.4301489243468413, 1, 0.2670527533984839, 0.795569518425703, 0.19746785844121484, 0.6574181721632224, 0.30838493428847924, 1, 0.7830978422929615, 0.3454011531383377, 0, 0, 0, 1, 0.11725921138681387, 0, 0.17616922790492615, 0.041569683900823315, 0.05003151719646296, 0.6977600429709702, 0.8526876970149767, 0.2342338399310945, 0.1679532372481349, 0.7534447138857711, 0.222436364639143, 0.25494062513396104, 0.1111182986758657, 0.35697381623695335, 0.13282550098573187, 0.4628396906084058, 0.2638954363449842, 0.22444240516293923, 1.4346524435929766, 0.5833828115839113, 0.35597718768932446, 0.557750401978079, 0.28200842802867604, 0.09578947479560806, 0.2207963972852647, 0.45006430808617903, 2.141205023319446, 0.1739509174221109, 0.34034884990148556, 0.3950090022221115], BATTLES: 240-166-193-292-218-277-232-199-217-
33, 2, 2018, [0.454811893904422, 0.6637519600305491, 0.44140175095883605, 1, 0.8596063467137397, 0.9887304422279477, 0, 0, 0.7661511192688948, 1, 0.6962006433497696, 0, 0.5582662271005127, 0.948314674619618, 1, 1, 0.04151889109706053, 0.3785926554573499, 0, 1, 0.10692586457457631, 0.35428052064410065, 0.2202319074657176, 1, 0, 0.8720693560998789, 0, 0.5710089101135115, 0.08351964266474579, 0.04516967408289181, 0.018521888761979046, 0.7243407861681692, 0.8229205645557203, 0.4585483720560686, 0.2540360780136722, 0.8494832974426012, 0.39435681375539183, 0.1946134957965154, 0.16249197856768177, 0.2860999314229981, 0.05039157514460588, 0.3228883697678384, 0.9151125034864184, 0.4054881185726116, 1.7960340351773583, 0.43020265742826785, 0.20539493072654105, 0.5948070165795798, 0.3496678237685034, 0.19204749769854787, 0.22312047885972058, 0.7520297962622848, 1.2681167000923725, 0.24063209456157836, 0.416210467163915, 0.40697960358618507], BATTLES: 240-168-227-283-226-279-220-157-218-
33, 3, 2018, [0.5036748428169897, 0.6409872600207162, 0.41832268592980487, 0, 1, 1, 0, 0, 0.672130696975282, 0.8774183456368745, 0.820553260878043, 0.15411566622728073, 0.5023695210756535, 1, 0.380417817471538, 0.7206074811401204, 1, 1, 0, 0.8419795008163339, 0.5103926274778765, 0.33773622589443975, 0, 0, 0, 1, 0, 0, 0.15544351031584194, 0.061828437662217184, 0.02626323407658846, 0.7498447962578165, 0.7025559766020268, 0.337816615206497, 0.2696866241883165, 1.2669483319666734, 0.29101287118817026, 0.2935186854795029, 0.18378838583512144, 0.26335971470070685, 0.10052496931207648, 0.4398357560941231, 0.7220894857207734, 0.2832391805461413, 2.0448700526868895, 0.3763485978094137, 0.3766556851650588, 0.6290633611594258, 0.32948822341725936, 0.19779849158938823, 0.2358402774300588, 0.6268399471172716, 1.591987768007761, 0.2557483179743753, 0.4381523826057403, 0.28566166690969585], BATTLES: 228-158-212-285-246-289-208-158-234-
33, 4, 2012, [0.36663755975402906, 0.7180767298003746, 0.4571212892772482, 0.38706711584777964, 0.8417288315322851, 1, 0.6458150043685406, 0, 0.5602710251334875, 0.35406665140336196, 0.7768455131250489, 0, 0.5129205811417046, 1, 0.5401713828425245, 0.4812488419218113, 0, 0.43499739820214534, 0, 1, 1, 0.13963733211640417, 0, 0.08679273453805694, 0, 0.30909831826438594, 0, 0.6309262867384305, 0.17092059416214614, 0.05291566448956136, 0.031146505070553828, 0.4817301004955991, 0.30524513288854416, 0.24349353891033382, 0.6951588400909834, 1.3731894374860159, 0.17651853004642082, 0.2311880904642223, 0.22575793079152526, 0.3617869094096116, 0.1151697562622772, 0.9025883372641, 0.31943657178242163, 0.40252604417641197, 2.809381550865595, 0.37734202046033005, 0.2859733419937553, 0.5960906714272408, 0.38327971364465324, 0.2377727903793715, 0.31048701499348064, 0.7279304473039243, 2.2853175183302854, 0.268003569418166, 0.4212648995035579, 0.2740786342744269], BATTLES: 234-176-221-282-242-278-237-140-202-
33, 5, 2000, [0.5430443373981854, 0.7520813898475559, 0.4135320743688236, 0.18834615110560454, 1, 0.9623309711825855, 1, 0, 0.8625453914826506, 0.9593473485538745, 0, 0.517297684528141, 0.5783688247623833, 0, 0.4543561273247863, 1, 0, 0.42962720939267207, 0, 1, 0.6535824721753782, 0.32144223744262096, 0, 0.3107074276610789, 0.6394912098571988, 0, 0, 0.9491079450967486, 0.10610277577343633, 0.04161910695478383, 0.009333260601013537, 0.5197735929907309, 0.7370859325963447, 0.19122250511869368, 1.126314066255028, 1.6773851904880952, 0.1897818651456916, 0.30071523584670007, 0.25679364875360594, 0.17170597493461823, 0.1393786131607501, 0.607804598101188, 0.19296151572098186, 0.17199790714287416, 1.6399905517992819, 0.18083786570218435, 0.6018704860609633, 1.2314540288093283, 0.15161186154367864, 0.10639179603302885, 0.2106174573077477, 0.7455045251603077, 0.6232471267253407, 0.2898480489903621, 1.3394089706288925, 0.2297539049118783], BATTLES: 199-172-237-275-238-272-216-162-229-
33, 6, 1999, [0.6119022927754671, 0.5696193129211151, 0.4250906290034429, 0, 0.7840968322830846, 0.9637183057690095, 0, 0, 0.7802458112995848, 0.5886069495339952, 0.6404451733003288, 0.057542737415203854, 0.5167647892954494, 1, 1, 0.7501421706111203, 0, 1, 0, 1, 0.844789823834913, 0, 0, 0.1954739765629782, 0, 1, 0, 0.11818438175997796, 0.14359892638120839, 0.04581885511157931, 0.01621483272180923, 0.9661208305745324, 0.4961737802776357, 0.19373977810497447, 0.5767413344598007, 2.0922319238675646, 0.23886406638450333, 0.23058345447492062, 0.19903257126032003, 0.2749049989157334, 0.08149069664140418, 0.39195033174790134, 0.7049743411677719, 0.2678093479121296, 2.008142711024085, 0.3109499931562644, 0.6289423724269466, 0.446624525268922, 0.28297332185451246, 0.21661851060449483, 0.21202817815019023, 0.7366780564028418, 1.344283721896699, 0.260031039359169, 0.6440828889690566, 0.18739997520515256], BATTLES: 225-168-210-275-216-284-235-167-219-
33, 7, 1997, [0.5651153676250844, 0.8318271171325483, 0.4153859585404926, 1, 1, 1, 1, 0, 0.7193080248732698, 1, 0.5120495734768415, 0.6902505110398984, 0.49425179673797276, 1, 0.058733271585743874, 0.8307484251486515, 0.7266309502068358, 0.91247036077196, 0.10910301737886012, 0.4181578815640594, 0.27976966095360434, 0.24887976990095437, 0.07526026565323318, 0.6013756846519513, 0.18788941148983346, 1, 0.0743579676730991, 0.6891270644348967, 0.061044674459939725, 0.07646982382441024, 0.01447941326602276, 0.8834715080451927, 1.1176521312229966, 0.10639544810662381, 2.4478024003696164, 0.9147558050190594, 0.23722784536196276, 0.36318039824822523, 0.21798139304658126, 0.36422520203300435, 0.05342631332266682, 0.9638564540309132, 0.45506137938567437, 0.2779922454661455, 0.8801270500995165, 0.13958969939602242, 0.43390497004052886, 0.6781558745701043, 0.2939260731954917, 0.0830307552880592, 0.2511740037830728, 0.8891463185024979, 0.6861865184001222, 0.5848470453246554, 1.5931855754644746, 0.4179979227527898], BATTLES: 233-185-234-284-235-279-227-127-193-
33, 8, 1983, [0.9850709613254313, 0.64524976440913, 0.4719949813260756, 1, 1, 1, 0.11188801676372452, 0, 0.3371398300126173, 0.809439251202689, 0, 0, 0.889964139867742, 0.7800529340788378, 0.12681141902208856, 1, 1, 0.26957495846238316, 0.24096804267510716, 1, 0, 0.4614548560362095, 0.8055298858828155, 0, 0, 1, 0.6017601781090383, 0.8015829174682669, 0.143270616649292, 0.06072777732756702, 0.09670296777892065, 2.168390107852499, 0.3229882654632722, 1.0738817818961817, 0.15202437769950192, 0.593579646525686, 0.18556999403338784, 0.18741394467613567, 0.3186836393672686, 0.8474460078274495, 0.20649887410121068, 0.8996782627940657, 0.5578184468529843, 0.19575683811026912, 1.171506223468028, 0.4404702719544207, 0.6108340428878486, 0.7790656059131574, 0.8053192592992839, 0.19736456301709918, 0.2341934024644254, 0.5433697897401102, 2.5178117322190507, 0.47684375532405615, 0.4605201687804195, 0.7164208139306428], BATTLES: 237-189-202-272-221-254-220-184-204-
33, 9, 1969, [0.5240127577839545, 0.823978358546836, 0.42061982077991683, 1, 1, 1, 0, 0, 0.5894000344864079, 1, 0.8706628658060576, 1, 0.6353823366441282, 1, 0, 1, 0.323299297750887, 1, 0.24704178101889662, 0.5864217016546094, 0.6003926345096715, 0.21802271716175656, 0, 0.6855704126813595, 0, 1, 0, 0.9572951473709495, 0.05943047184792874, 0.04934796399562753, 0.009288948015954795, 0.6288890941354937, 1.0895576715476567, 0.1587698226520175, 2.824842599265804, 0.693425826600917, 0.2265686774903731, 0.1765242833018786, 0.31997420583839753, 0.3378353663098842, 0.06880843279485482, 0.5633547539743684, 0.4717043357661317, 0.2418506546636266, 1.5410331540352165, 0.18053553470680522, 0.3547797017453915, 0.7615235183438585, 0.5290126460435225, 0.043280228105173194, 0.3981504892756228, 0.7330421469058781, 0.7758556450409353, 0.566236888533964, 1.0873560086911038, 0.23305977042731155], BATTLES: 213-147-210-274-221-287-230-155-232-
34, 0, 2158, [0.5266133269879709, 0.6052290414988846, 0.3972162747027166, 0.5983392470572841, 1, 0.8934132872218196, 0.22131733443235008, 0, 0.5670334376452806, 0.6905070684820614, 0.3436947841387525, 0, 0.4842269368064397, 1, 0.24288665370933957, 0.659853440618592, 1, 1, 0, 1, 0.2410650447542615, 0.42354027501751756, 0.36849351717057854, 0.18113551035985517, 0, 1, 0, 0, 0.15178819048762987, 0.05396858656398218, 0.04082539959795616, 0.8545916670533913, 0.43321717686828437, 0.32641961214979404, 0.1942469868957687, 0.6651680689161912, 0.19725584097210247, 0.23404446133628742, 0.24712426788487923, 0.5144219550610369, 0.20360170686824275, 0.6110553357599384, 0.5441706748674122, 0.2960741947423325, 1.1345644691943135, 0.3200264301291692, 0.4110506799464032, 0.6163784645928855, 0.3892098587105834, 0.2687472058268254, 0.41486967741235986, 0.48495806063182956, 4.773160599045052, 0.3110925248041542, 1.1507001203475875, 0.5164216575416974], BATTLES: 230-230-206-290-265-281-232-208-216-
34, 1, 2111, [0.5651153676250844, 0.8318271171325483, 0.4153859585404926, 1, 1, 1, 1, 0, 0.7193080248732698, 1, 0.5120495734768415, 0.6902505110398984, 0.49425179673797276, 1, 0.058733271585743874, 0.8307484251486515, 0.7266309502068358, 0.91247036077196, 0.10910301737886012, 0.4181578815640594, 0.27976966095360434, 0.24887976990095437, 0.07526026565323318, 0.6013756846519513, 0.18788941148983346, 1, 0.0743579676730991, 0.6891270644348967, 0.061044674459939725, 0.07646982382441024, 0.01447941326602276, 0.8834715080451927, 1.1176521312229966, 0.10639544810662381, 2.4478024003696164, 0.9147558050190594, 0.23722784536196276, 0.36318039824822523, 0.21798139304658126, 0.36422520203300435, 0.05342631332266682, 0.9638564540309132, 0.45506137938567437, 0.2779922454661455, 0.8801270500995165, 0.13958969939602242, 0.43390497004052886, 0.6781558745701043, 0.2939260731954917, 0.0830307552880592, 0.2511740037830728, 0.8891463185024979, 0.6861865184001222, 0.5848470453246554, 1.5931855754644746, 0.4179979227527898], BATTLES: 245-200-220-287-245-277-230-188-219-
34, 2, 2111, [0.9850709613254313, 0.64524976440913, 0.4719949813260756, 1, 1, 1, 0.11188801676372452, 0, 0.3371398300126173, 0.809439251202689, 0, 0, 0.889964139867742, 0.7800529340788378, 0.12681141902208856, 1, 1, 0.26957495846238316, 0.24096804267510716, 1, 0, 0.4614548560362095, 0.8055298858828155, 0, 0, 1, 0.6017601781090383, 0.8015829174682669, 0.143270616649292, 0.06072777732756702, 0.09670296777892065, 2.168390107852499, 0.3229882654632722, 1.0738817818961817, 0.15202437769950192, 0.593579646525686, 0.18556999403338784, 0.18741394467613567, 0.3186836393672686, 0.8474460078274495, 0.20649887410121068, 0.8996782627940657, 0.5578184468529843, 0.19575683811026912, 1.171506223468028, 0.4404702719544207, 0.6108340428878486, 0.7790656059131574, 0.8053192592992839, 0.19736456301709918, 0.2341934024644254, 0.5433697897401102, 2.5178117322190507, 0.47684375532405615, 0.4605201687804195, 0.7164208139306428], BATTLES: 260-197-201-282-242-270-231-198-230-
34, 3, 2089, [0.6819895012038848, 0.6951729243974631, 0.3860548785040118, 1, 0.7540641156534985, 0.6533002195478483, 0, 0, 0.8073892038335242, 1, 0.6877751665672492, 0.6938332133521856, 0.4301489243468413, 1, 0.2670527533984839, 0.795569518425703, 0.19746785844121484, 0.6574181721632224, 0.30838493428847924, 1, 0.7830978422929615, 0.3454011531383377, 0, 0, 0, 1, 0.11725921138681387, 0, 0.17616922790492615, 0.041569683900823315, 0.05003151719646296, 0.6977600429709702, 0.8526876970149767, 0.2342338399310945, 0.1679532372481349, 0.7534447138857711, 0.222436364639143, 0.25494062513396104, 0.1111182986758657, 0.35697381623695335, 0.13282550098573187, 0.4628396906084058, 0.2638954363449842, 0.22444240516293923, 1.4346524435929766, 0.5833828115839113, 0.35597718768932446, 0.557750401978079, 0.28200842802867604, 0.09578947479560806, 0.2207963972852647, 0.45006430808617903, 2.141205023319446, 0.1739509174221109, 0.34034884990148556, 0.3950090022221115], BATTLES: 214-169-189-290-258-275-236-211-247-
34, 4, 2078, [0.36663755975402906, 0.7180767298003746, 0.4571212892772482, 0.38706711584777964, 0.8417288315322851, 1, 0.6458150043685406, 0, 0.5602710251334875, 0.35406665140336196, 0.7768455131250489, 0, 0.5129205811417046, 1, 0.5401713828425245, 0.4812488419218113, 0, 0.43499739820214534, 0, 1, 1, 0.13963733211640417, 0, 0.08679273453805694, 0, 0.30909831826438594, 0, 0.6309262867384305, 0.17092059416214614, 0.05291566448956136, 0.031146505070553828, 0.4817301004955991, 0.30524513288854416, 0.24349353891033382, 0.6951588400909834, 1.3731894374860159, 0.17651853004642082, 0.2311880904642223, 0.22575793079152526, 0.3617869094096116, 0.1151697562622772, 0.9025883372641, 0.31943657178242163, 0.40252604417641197, 2.809381550865595, 0.37734202046033005, 0.2859733419937553, 0.5960906714272408, 0.38327971364465324, 0.2377727903793715, 0.31048701499348064, 0.7279304473039243, 2.2853175183302854, 0.268003569418166, 0.4212648995035579, 0.2740786342744269], BATTLES: 214-178-241-283-246-274-227-170-245-
34, 5, 2065, [0.454811893904422, 0.6637519600305491, 0.44140175095883605, 1, 0.8596063467137397, 0.9887304422279477, 0, 0, 0.7661511192688948, 1, 0.6962006433497696, 0, 0.5582662271005127, 0.948314674619618, 1, 1, 0.04151889109706053, 0.3785926554573499, 0, 1, 0.10692586457457631, 0.35428052064410065, 0.2202319074657176, 1, 0, 0.8720693560998789, 0, 0.5710089101135115, 0.08351964266474579, 0.04516967408289181, 0.018521888761979046, 0.7243407861681692, 0.8229205645557203, 0.4585483720560686, 0.2540360780136722, 0.8494832974426012, 0.39435681375539183, 0.1946134957965154, 0.16249197856768177, 0.2860999314229981, 0.05039157514460588, 0.3228883697678384, 0.9151125034864184, 0.4054881185726116, 1.7960340351773583, 0.43020265742826785, 0.20539493072654105, 0.5948070165795798, 0.3496678237685034, 0.19204749769854787, 0.22312047885972058, 0.7520297962622848, 1.2681167000923725, 0.24063209456157836, 0.416210467163915, 0.40697960358618507], BATTLES: 239-191-228-278-242-279-211-168-229-
34, 6, 2062, [0.5438804658518065, 0.6286978529013901, 0.42538172324922, 0, 0.9214009142312816, 1, 0, 0, 0.30780389341568093, 0.8045825339447582, 0.701891543399865, 0, 0.5513492847234407, 1, 1, 0.433360926427632, 1, 1, 0, 1, 1, 0, 0, 0, 0, 1, 0.24122079698262658, 0.08294357223042345, 0.2700516597667513, 0.0685220219707421, 0.023250466454246964, 0.9158343261185324, 0.5001039729791388, 0.2243458728346979, 0.43429918018120695, 1.8600939153652805, 0.3312722671593934, 0.24881178798703027, 0.1956278556244121, 0.28899541212548385, 0.062570175582947, 0.22723721178582557, 0.6064589687348491, 0.31115957294677227, 1.6906719827034273, 0.26134123579861646, 0.6823576421475837, 0.3658066009915677, 0.2783143833214782, 0.18772334554991107, 0.14014211704160706, 0.8666614492073168, 1.953082176003835, 0.18132062667067572, 0.8266752446354466, 0.14730736191426963], BATTLES: 212-177-227-251-263-273-231-201-227-
34, 7, 2056, [0.5036748428169897, 0.6409872600207162, 0.41832268592980487, 0, 1, 1, 0, 0, 0.672130696975282, 0.8774183456368745, 0.820553260878043, 0.15411566622728073, 0.5023695210756535, 1, 0.380417817471538, 0.7206074811401204, 1, 1, 0, 0.8419795008163339, 0.5103926274778765, 0.33773622589443975, 0, 0, 0, 1, 0, 0, 0.15544351031584194, 0.061828437662217184, 0.02626323407658846, 0.7498447962578165, 0.7025559766020268, 0.337816615206497, 0.2696866241883165, 1.2669483319666734, 0.29101287118817026, 0.2935186854795029, 0.18378838583512144, 0.26335971470070685, 0.10052496931207648, 0.4398357560941231, 0.7220894857207734, 0.2832391805461413, 2.0448700526868895, 0.3763485978094137, 0.3766556851650588, 0.6290633611594258, 0.32948822341725936, 0.19779849158938823, 0.2358402774300588, 0.6268399471172716, 1.591987768007761, 0.2557483179743753, 0.4381523826057403, 0.28566166690969585], BATTLES: 210-182-196-275-254-288-216-192-243-
34, 8, 2048, [0.6119022927754671, 0.5696193129211151, 0.4250906290034429, 0, 0.7840968322830846, 0.9637183057690095, 0, 0, 0.7802458112995848, 0.5886069495339952, 0.6404451733003288, 0.057542737415203854, 0.5167647892954494, 1, 1, 0.7501421706111203, 0, 1, 0, 1, 0.844789823834913, 0, 0, 0.1954739765629782, 0, 1, 0, 0.11818438175997796, 0.14359892638120839, 0.04581885511157931, 0.01621483272180923, 0.9661208305745324, 0.4961737802776357, 0.19373977810497447, 0.5767413344598007, 2.0922319238675646, 0.23886406638450333, 0.23058345447492062, 0.19903257126032003, 0.2749049989157334, 0.08149069664140418, 0.39195033174790134, 0.7049743411677719, 0.2678093479121296, 2.008142711024085, 0.3109499931562644, 0.6289423724269466, 0.446624525268922, 0.28297332185451246, 0.21661851060449483, 0.21202817815019023, 0.7366780564028418, 1.344283721896699, 0.260031039359169, 0.6440828889690566, 0.18739997520515256], BATTLES: 212-177-216-288-255-265-223-189-223-
34, 9, 2024, [0.5430443373981854, 0.7520813898475559, 0.4135320743688236, 0.18834615110560454, 1, 0.9623309711825855, 1, 0, 0.8625453914826506, 0.9593473485538745, 0, 0.517297684528141, 0.5783688247623833, 0, 0.4543561273247863, 1, 0, 0.42962720939267207, 0, 1, 0.6535824721753782, 0.32144223744262096, 0, 0.3107074276610789, 0.6394912098571988, 0, 0, 0.9491079450967486, 0.10610277577343633, 0.04161910695478383, 0.009333260601013537, 0.5197735929907309, 0.7370859325963447, 0.19122250511869368, 1.126314066255028, 1.6773851904880952, 0.1897818651456916, 0.30071523584670007, 0.25679364875360594, 0.17170597493461823, 0.1393786131607501, 0.607804598101188, 0.19296151572098186, 0.17199790714287416, 1.6399905517992819, 0.18083786570218435, 0.6018704860609633, 1.2314540288093283, 0.15161186154367864, 0.10639179603302885, 0.2106174573077477, 0.7455045251603077, 0.6232471267253407, 0.2898480489903621, 1.3394089706288925, 0.2297539049118783], BATTLES: 191-168-211-273-253-278-231-170-249-
35, 0, 2278, [0.5266133269879709, 0.6052290414988846, 0.3972162747027166, 0.5983392470572841, 1, 0.8934132872218196, 0.22131733443235008, 0, 0.5670334376452806, 0.6905070684820614, 0.3436947841387525, 0, 0.4842269368064397, 1, 0.24288665370933957, 0.659853440618592, 1, 1, 0, 1, 0.2410650447542615, 0.42354027501751756, 0.36849351717057854, 0.18113551035985517, 0, 1, 0, 0, 0.15178819048762987, 0.05396858656398218, 0.04082539959795616, 0.8545916670533913, 0.43321717686828437, 0.32641961214979404, 0.1942469868957687, 0.6651680689161912, 0.19725584097210247, 0.23404446133628742, 0.24712426788487923, 0.5144219550610369, 0.20360170686824275, 0.6110553357599384, 0.5441706748674122, 0.2960741947423325, 1.1345644691943135, 0.3200264301291692, 0.4110506799464032, 0.6163784645928855, 0.3892098587105834, 0.2687472058268254, 0.41486967741235986, 0.48495806063182956, 4.773160599045052, 0.3110925248041542, 1.1507001203475875, 0.5164216575416974], BATTLES: 266-222-246-302-270-293-236-204-239-
35, 1, 2275, [1, 0.6044747638866406, 0.5134281980286922, 0, 1, 1, 0.29379973145557853, 0, 0.6875516966023933, 0.8857256686489946, 0, 0, 1, 0.5799408611984653, 0.004725236208979786, 1, 0, 0.6593393220063297, 0, 1, 0, 0.5249983142619576, 0.7305518636736934, 0, 0.0521036036559101, 1, 0.37753599050585634, 1, 0.21520097003456606, 0.04381393727564348, 0.0709952452300291, 3.376349906836219, 0.3517711291189972, 0.5912802668653543, 0.23105121444485016, 0.8653091383542891, 0.150974805142901, 0.2256872786101136, 0.28567248056327, 1.0105601251744611, 0.21434303819967254, 0.8156261831058352, 0.7573129276674435, 0.41331804128892463, 1.5503070351860233, 0.5114944808378609, 0.9405909825941311, 0.6524182521588215, 0.9599546179494536, 0.1871578141988583, 0.19787129653371358, 0.5123019522515574, 1.9923283789291089, 0.3397790318548444, 0.3239924989493803, 0.8944909658753605], BATTLES: 259-218-265-310-253-286-246-206-232-
35, 2, 2265, [0.454811893904422, 0.6637519600305491, 0.44140175095883605, 1, 0.8596063467137397, 0.9887304422279477, 0, 0, 0.7661511192688948, 1, 0.6962006433497696, 0, 0.5582662271005127, 0.948314674619618, 1, 1, 0.04151889109706053, 0.3785926554573499, 0, 1, 0.10692586457457631, 0.35428052064410065, 0.2202319074657176, 1, 0, 0.8720693560998789, 0, 0.5710089101135115, 0.08351964266474579, 0.04516967408289181, 0.018521888761979046, 0.7243407861681692, 0.8229205645557203, 0.4585483720560686, 0.2540360780136722, 0.8494832974426012, 0.39435681375539183, 0.1946134957965154, 0.16249197856768177, 0.2860999314229981, 0.05039157514460588, 0.3228883697678384, 0.9151125034864184, 0.4054881185726116, 1.7960340351773583, 0.43020265742826785, 0.20539493072654105, 0.5948070165795798, 0.3496678237685034, 0.19204749769854787, 0.22312047885972058, 0.7520297962622848, 1.2681167000923725, 0.24063209456157836, 0.416210467163915, 0.40697960358618507], BATTLES: 273-218-249-293-261-296-241-178-256-
35, 3, 2247, [0.5430443373981854, 0.7520813898475559, 0.4135320743688236, 0.18834615110560454, 1, 0.9623309711825855, 1, 0, 0.8625453914826506, 0.9593473485538745, 0, 0.517297684528141, 0.5783688247623833, 0, 0.4543561273247863, 1, 0, 0.42962720939267207, 0, 1, 0.6535824721753782, 0.32144223744262096, 0, 0.3107074276610789, 0.6394912098571988, 0, 0, 0.9491079450967486, 0.10610277577343633, 0.04161910695478383, 0.009333260601013537, 0.5197735929907309, 0.7370859325963447, 0.19122250511869368, 1.126314066255028, 1.6773851904880952, 0.1897818651456916, 0.30071523584670007, 0.25679364875360594, 0.17170597493461823, 0.1393786131607501, 0.607804598101188, 0.19296151572098186, 0.17199790714287416, 1.6399905517992819, 0.18083786570218435, 0.6018704860609633, 1.2314540288093283, 0.15161186154367864, 0.10639179603302885, 0.2106174573077477, 0.7455045251603077, 0.6232471267253407, 0.2898480489903621, 1.3394089706288925, 0.2297539049118783], BATTLES: 230-185-241-297-265-303-266-199-261-
35, 4, 2229, [0.5036748428169897, 0.6409872600207162, 0.41832268592980487, 0, 1, 1, 0, 0, 0.672130696975282, 0.8774183456368745, 0.820553260878043, 0.15411566622728073, 0.5023695210756535, 1, 0.380417817471538, 0.7206074811401204, 1, 1, 0, 0.8419795008163339, 0.5103926274778765, 0.33773622589443975, 0, 0, 0, 1, 0, 0, 0.15544351031584194, 0.061828437662217184, 0.02626323407658846, 0.7498447962578165, 0.7025559766020268, 0.337816615206497, 0.2696866241883165, 1.2669483319666734, 0.29101287118817026, 0.2935186854795029, 0.18378838583512144, 0.26335971470070685, 0.10052496931207648, 0.4398357560941231, 0.7220894857207734, 0.2832391805461413, 2.0448700526868895, 0.3763485978094137, 0.3766556851650588, 0.6290633611594258, 0.32948822341725936, 0.19779849158938823, 0.2358402774300588, 0.6268399471172716, 1.591987768007761, 0.2557483179743753, 0.4381523826057403, 0.28566166690969585], BATTLES: 245-191-231-288-276-294-241-208-255-
35, 5, 2226, [0.6819895012038848, 0.6951729243974631, 0.3860548785040118, 1, 0.7540641156534985, 0.6533002195478483, 0, 0, 0.8073892038335242, 1, 0.6877751665672492, 0.6938332133521856, 0.4301489243468413, 1, 0.2670527533984839, 0.795569518425703, 0.19746785844121484, 0.6574181721632224, 0.30838493428847924, 1, 0.7830978422929615, 0.3454011531383377, 0, 0, 0, 1, 0.11725921138681387, 0, 0.17616922790492615, 0.041569683900823315, 0.05003151719646296, 0.6977600429709702, 0.8526876970149767, 0.2342338399310945, 0.1679532372481349, 0.7534447138857711, 0.222436364639143, 0.25494062513396104, 0.1111182986758657, 0.35697381623695335, 0.13282550098573187, 0.4628396906084058, 0.2638954363449842, 0.22444240516293923, 1.4346524435929766, 0.5833828115839113, 0.35597718768932446, 0.557750401978079, 0.28200842802867604, 0.09578947479560806, 0.2207963972852647, 0.45006430808617903, 2.141205023319446, 0.1739509174221109, 0.34034884990148556, 0.3950090022221115], BATTLES: 236-203-235-286-265-288-250-204-259-
35, 6, 2217, [0.6119022927754671, 0.5696193129211151, 0.4250906290034429, 0, 0.7840968322830846, 0.9637183057690095, 0, 0, 0.7802458112995848, 0.5886069495339952, 0.6404451733003288, 0.057542737415203854, 0.5167647892954494, 1, 1, 0.7501421706111203, 0, 1, 0, 1, 0.844789823834913, 0, 0, 0.1954739765629782, 0, 1, 0, 0.11818438175997796, 0.14359892638120839, 0.04581885511157931, 0.01621483272180923, 0.9661208305745324, 0.4961737802776357, 0.19373977810497447, 0.5767413344598007, 2.0922319238675646, 0.23886406638450333, 0.23058345447492062, 0.19903257126032003, 0.2749049989157334, 0.08149069664140418, 0.39195033174790134, 0.7049743411677719, 0.2678093479121296, 2.008142711024085, 0.3109499931562644, 0.6289423724269466, 0.446624525268922, 0.28297332185451246, 0.21661851060449483, 0.21202817815019023, 0.7366780564028418, 1.344283721896699, 0.260031039359169, 0.6440828889690566, 0.18739997520515256], BATTLES: 249-198-230-297-250-301-263-196-233-
35, 7, 2202, [0.9850709613254313, 0.64524976440913, 0.4719949813260756, 1, 1, 1, 0.11188801676372452, 0, 0.3371398300126173, 0.809439251202689, 0, 0, 0.889964139867742, 0.7800529340788378, 0.12681141902208856, 1, 1, 0.26957495846238316, 0.24096804267510716, 1, 0, 0.4614548560362095, 0.8055298858828155, 0, 0, 1, 0.6017601781090383, 0.8015829174682669, 0.143270616649292, 0.06072777732756702, 0.09670296777892065, 2.168390107852499, 0.3229882654632722, 1.0738817818961817, 0.15202437769950192, 0.593579646525686, 0.18556999403338784, 0.18741394467613567, 0.3186836393672686, 0.8474460078274495, 0.20649887410121068, 0.8996782627940657, 0.5578184468529843, 0.19575683811026912, 1.171506223468028, 0.4404702719544207, 0.6108340428878486, 0.7790656059131574, 0.8053192592992839, 0.19736456301709918, 0.2341934024644254, 0.5433697897401102, 2.5178117322190507, 0.47684375532405615, 0.4605201687804195, 0.7164208139306428], BATTLES: 263-199-238-294-229-286-243-209-241-
35, 8, 2188, [0.5651153676250844, 0.8318271171325483, 0.4153859585404926, 1, 1, 1, 1, 0, 0.7193080248732698, 1, 0.5120495734768415, 0.6902505110398984, 0.49425179673797276, 1, 0.058733271585743874, 0.8307484251486515, 0.7266309502068358, 0.91247036077196, 0.10910301737886012, 0.4181578815640594, 0.27976966095360434, 0.24887976990095437, 0.07526026565323318, 0.6013756846519513, 0.18788941148983346, 1, 0.0743579676730991, 0.6891270644348967, 0.061044674459939725, 0.07646982382441024, 0.01447941326602276, 0.8834715080451927, 1.1176521312229966, 0.10639544810662381, 2.4478024003696164, 0.9147558050190594, 0.23722784536196276, 0.36318039824822523, 0.21798139304658126, 0.36422520203300435, 0.05342631332266682, 0.9638564540309132, 0.45506137938567437, 0.2779922454661455, 0.8801270500995165, 0.13958969939602242, 0.43390497004052886, 0.6781558745701043, 0.2939260731954917, 0.0830307552880592, 0.2511740037830728, 0.8891463185024979, 0.6861865184001222, 0.5848470453246554, 1.5931855754644746, 0.4179979227527898], BATTLES: 251-195-248-303-245-292-234-183-237-
35, 9, 2188, [0.36663755975402906, 0.7180767298003746, 0.4571212892772482, 0.38706711584777964, 0.8417288315322851, 1, 0.6458150043685406, 0, 0.5602710251334875, 0.35406665140336196, 0.7768455131250489, 0, 0.5129205811417046, 1, 0.5401713828425245, 0.4812488419218113, 0, 0.43499739820214534, 0, 1, 1, 0.13963733211640417, 0, 0.08679273453805694, 0, 0.30909831826438594, 0, 0.6309262867384305, 0.17092059416214614, 0.05291566448956136, 0.031146505070553828, 0.4817301004955991, 0.30524513288854416, 0.24349353891033382, 0.6951588400909834, 1.3731894374860159, 0.17651853004642082, 0.2311880904642223, 0.22575793079152526, 0.3617869094096116, 0.1151697562622772, 0.9025883372641, 0.31943657178242163, 0.40252604417641197, 2.809381550865595, 0.37734202046033005, 0.2859733419937553, 0.5960906714272408, 0.38327971364465324, 0.2377727903793715, 0.31048701499348064, 0.7279304473039243, 2.2853175183302854, 0.268003569418166, 0.4212648995035579, 0.2740786342744269], BATTLES: 235-191-245-294-251-288-249-193-242-
36, 0, 2204, [0.5266133269879709, 0.6052290414988846, 0.3972162747027166, 0.5983392470572841, 1, 0.8934132872218196, 0.22131733443235008, 0, 0.5670334376452806, 0.6905070684820614, 0.3436947841387525, 0, 0.4842269368064397, 1, 0.24288665370933957, 0.659853440618592, 1, 1, 0, 1, 0.2410650447542615, 0.42354027501751756, 0.36849351717057854, 0.18113551035985517, 0, 1, 0, 0, 0.15178819048762987, 0.05396858656398218, 0.04082539959795616, 0.8545916670533913, 0.43321717686828437, 0.32641961214979404, 0.1942469868957687, 0.6651680689161912, 0.19725584097210247, 0.23404446133628742, 0.24712426788487923, 0.5144219550610369, 0.20360170686824275, 0.6110553357599384, 0.5441706748674122, 0.2960741947423325, 1.1345644691943135, 0.3200264301291692, 0.4110506799464032, 0.6163784645928855, 0.3892098587105834, 0.2687472058268254, 0.41486967741235986, 0.48495806063182956, 4.773160599045052, 0.3110925248041542, 1.1507001203475875, 0.5164216575416974], BATTLES: 248-207-216-292-270-278-247-202-244-
36, 1, 2160, [0.5036748428169897, 0.6409872600207162, 0.41832268592980487, 0, 1, 1, 0, 0, 0.672130696975282, 0.8774183456368745, 0.820553260878043, 0.15411566622728073, 0.5023695210756535, 1, 0.380417817471538, 0.7206074811401204, 1, 1, 0, 0.8419795008163339, 0.5103926274778765, 0.33773622589443975, 0, 0, 0, 1, 0, 0, 0.15544351031584194, 0.061828437662217184, 0.02626323407658846, 0.7498447962578165, 0.7025559766020268, 0.337816615206497, 0.2696866241883165, 1.2669483319666734, 0.29101287118817026, 0.2935186854795029, 0.18378838583512144, 0.26335971470070685, 0.10052496931207648, 0.4398357560941231, 0.7220894857207734, 0.2832391805461413, 2.0448700526868895, 0.3763485978094137, 0.3766556851650588, 0.6290633611594258, 0.32948822341725936, 0.19779849158938823, 0.2358402774300588, 0.6268399471172716, 1.591987768007761, 0.2557483179743753, 0.4381523826057403, 0.28566166690969585], BATTLES: 223-198-228-284-273-288-227-194-245-
36, 2, 2152, [0.6819895012038848, 0.6951729243974631, 0.3860548785040118, 1, 0.7540641156534985, 0.6533002195478483, 0, 0, 0.8073892038335242, 1, 0.6877751665672492, 0.6938332133521856, 0.4301489243468413, 1, 0.2670527533984839, 0.795569518425703, 0.19746785844121484, 0.6574181721632224, 0.30838493428847924, 1, 0.7830978422929615, 0.3454011531383377, 0, 0, 0, 1, 0.11725921138681387, 0, 0.17616922790492615, 0.041569683900823315, 0.05003151719646296, 0.6977600429709702, 0.8526876970149767, 0.2342338399310945, 0.1679532372481349, 0.7534447138857711, 0.222436364639143, 0.25494062513396104, 0.1111182986758657, 0.35697381623695335, 0.13282550098573187, 0.4628396906084058, 0.2638954363449842, 0.22444240516293923, 1.4346524435929766, 0.5833828115839113, 0.35597718768932446, 0.557750401978079, 0.28200842802867604, 0.09578947479560806, 0.2207963972852647, 0.45006430808617903, 2.141205023319446, 0.1739509174221109, 0.34034884990148556, 0.3950090022221115], BATTLES: 224-188-187-289-274-291-239-225-235-
36, 3, 2147, [0.5651153676250844, 0.8318271171325483, 0.4153859585404926, 1, 1, 1, 1, 0, 0.7193080248732698, 1, 0.5120495734768415, 0.6902505110398984, 0.49425179673797276, 1, 0.058733271585743874, 0.8307484251486515, 0.7266309502068358, 0.91247036077196, 0.10910301737886012, 0.4181578815640594, 0.27976966095360434, 0.24887976990095437, 0.07526026565323318, 0.6013756846519513, 0.18788941148983346, 1, 0.0743579676730991, 0.6891270644348967, 0.061044674459939725, 0.07646982382441024, 0.01447941326602276, 0.8834715080451927, 1.1176521312229966, 0.10639544810662381, 2.4478024003696164, 0.9147558050190594, 0.23722784536196276, 0.36318039824822523, 0.21798139304658126, 0.36422520203300435, 0.05342631332266682, 0.9638564540309132, 0.45506137938567437, 0.2779922454661455, 0.8801270500995165, 0.13958969939602242, 0.43390497004052886, 0.6781558745701043, 0.2939260731954917, 0.0830307552880592, 0.2511740037830728, 0.8891463185024979, 0.6861865184001222, 0.5848470453246554, 1.5931855754644746, 0.4179979227527898], BATTLES: 241-200-233-282-257-285-241-189-219-
36, 4, 2144, [0.6119022927754671, 0.5696193129211151, 0.4250906290034429, 0, 0.7840968322830846, 0.9637183057690095, 0, 0, 0.7802458112995848, 0.5886069495339952, 0.6404451733003288, 0.057542737415203854, 0.5167647892954494, 1, 1, 0.7501421706111203, 0, 1, 0, 1, 0.844789823834913, 0, 0, 0.1954739765629782, 0, 1, 0, 0.11818438175997796, 0.14359892638120839, 0.04581885511157931, 0.01621483272180923, 0.9661208305745324, 0.4961737802776357, 0.19373977810497447, 0.5767413344598007, 2.0922319238675646, 0.23886406638450333, 0.23058345447492062, 0.19903257126032003, 0.2749049989157334, 0.08149069664140418, 0.39195033174790134, 0.7049743411677719, 0.2678093479121296, 2.008142711024085, 0.3109499931562644, 0.6289423724269466, 0.446624525268922, 0.28297332185451246, 0.21661851060449483, 0.21202817815019023, 0.7366780564028418, 1.344283721896699, 0.260031039359169, 0.6440828889690566, 0.18739997520515256], BATTLES: 224-202-230-290-257-270-251-188-232-
36, 5, 2142, [1, 0.6044747638866406, 0.5134281980286922, 0, 1, 1, 0.29379973145557853, 0, 0.6875516966023933, 0.8857256686489946, 0, 0, 1, 0.5799408611984653, 0.004725236208979786, 1, 0, 0.6593393220063297, 0, 1, 0, 0.5249983142619576, 0.7305518636736934, 0, 0.0521036036559101, 1, 0.37753599050585634, 1, 0.21520097003456606, 0.04381393727564348, 0.0709952452300291, 3.376349906836219, 0.3517711291189972, 0.5912802668653543, 0.23105121444485016, 0.8653091383542891, 0.150974805142901, 0.2256872786101136, 0.28567248056327, 1.0105601251744611, 0.21434303819967254, 0.8156261831058352, 0.7573129276674435, 0.41331804128892463, 1.5503070351860233, 0.5114944808378609, 0.9405909825941311, 0.6524182521588215, 0.9599546179494536, 0.1871578141988583, 0.19787129653371358, 0.5123019522515574, 1.9923283789291089, 0.3397790318548444, 0.3239924989493803, 0.8944909658753605], BATTLES: 233-226-232-294-236-267-238-198-218-
36, 6, 2140, [0.36663755975402906, 0.7180767298003746, 0.4571212892772482, 0.38706711584777964, 0.8417288315322851, 1, 0.6458150043685406, 0, 0.5602710251334875, 0.35406665140336196, 0.7768455131250489, 0, 0.5129205811417046, 1, 0.5401713828425245, 0.4812488419218113, 0, 0.43499739820214534, 0, 1, 1, 0.13963733211640417, 0, 0.08679273453805694, 0, 0.30909831826438594, 0, 0.6309262867384305, 0.17092059416214614, 0.05291566448956136, 0.031146505070553828, 0.4817301004955991, 0.30524513288854416, 0.24349353891033382, 0.6951588400909834, 1.3731894374860159, 0.17651853004642082, 0.2311880904642223, 0.22575793079152526, 0.3617869094096116, 0.1151697562622772, 0.9025883372641, 0.31943657178242163, 0.40252604417641197, 2.809381550865595, 0.37734202046033005, 0.2859733419937553, 0.5960906714272408, 0.38327971364465324, 0.2377727903793715, 0.31048701499348064, 0.7279304473039243, 2.2853175183302854, 0.268003569418166, 0.4212648995035579, 0.2740786342744269], BATTLES: 237-206-225-286-256-278-246-178-228-
36, 7, 2134, [0.9850709613254313, 0.64524976440913, 0.4719949813260756, 1, 1, 1, 0.11188801676372452, 0, 0.3371398300126173, 0.809439251202689, 0, 0, 0.889964139867742, 0.7800529340788378, 0.12681141902208856, 1, 1, 0.26957495846238316, 0.24096804267510716, 1, 0, 0.4614548560362095, 0.8055298858828155, 0, 0, 1, 0.6017601781090383, 0.8015829174682669, 0.143270616649292, 0.06072777732756702, 0.09670296777892065, 2.168390107852499, 0.3229882654632722, 1.0738817818961817, 0.15202437769950192, 0.593579646525686, 0.18556999403338784, 0.18741394467613567, 0.3186836393672686, 0.8474460078274495, 0.20649887410121068, 0.8996782627940657, 0.5578184468529843, 0.19575683811026912, 1.171506223468028, 0.4404702719544207, 0.6108340428878486, 0.7790656059131574, 0.8053192592992839, 0.19736456301709918, 0.2341934024644254, 0.5433697897401102, 2.5178117322190507, 0.47684375532405615, 0.4605201687804195, 0.7164208139306428], BATTLES: 248-221-220-277-232-261-251-212-212-
36, 8, 2118, [0.454811893904422, 0.6637519600305491, 0.44140175095883605, 1, 0.8596063467137397, 0.9887304422279477, 0, 0, 0.7661511192688948, 1, 0.6962006433497696, 0, 0.5582662271005127, 0.948314674619618, 1, 1, 0.04151889109706053, 0.3785926554573499, 0, 1, 0.10692586457457631, 0.35428052064410065, 0.2202319074657176, 1, 0, 0.8720693560998789, 0, 0.5710089101135115, 0.08351964266474579, 0.04516967408289181, 0.018521888761979046, 0.7243407861681692, 0.8229205645557203, 0.4585483720560686, 0.2540360780136722, 0.8494832974426012, 0.39435681375539183, 0.1946134957965154, 0.16249197856768177, 0.2860999314229981, 0.05039157514460588, 0.3228883697678384, 0.9151125034864184, 0.4054881185726116, 1.7960340351773583, 0.43020265742826785, 0.20539493072654105, 0.5948070165795798, 0.3496678237685034, 0.19204749769854787, 0.22312047885972058, 0.7520297962622848, 1.2681167000923725, 0.24063209456157836, 0.416210467163915, 0.40697960358618507], BATTLES: 257-212-231-287-251-271-204-173-232-
36, 9, 2111, [0.5430443373981854, 0.7520813898475559, 0.4135320743688236, 0.18834615110560454, 1, 0.9623309711825855, 1, 0, 0.8625453914826506, 0.9593473485538745, 0, 0.517297684528141, 0.5783688247623833, 0, 0.4543561273247863, 1, 0, 0.42962720939267207, 0, 1, 0.6535824721753782, 0.32144223744262096, 0, 0.3107074276610789, 0.6394912098571988, 0, 0, 0.9491079450967486, 0.10610277577343633, 0.04161910695478383, 0.009333260601013537, 0.5197735929907309, 0.7370859325963447, 0.19122250511869368, 1.126314066255028, 1.6773851904880952, 0.1897818651456916, 0.30071523584670007, 0.25679364875360594, 0.17170597493461823, 0.1393786131607501, 0.607804598101188, 0.19296151572098186, 0.17199790714287416, 1.6399905517992819, 0.18083786570218435, 0.6018704860609633, 1.2314540288093283, 0.15161186154367864, 0.10639179603302885, 0.2106174573077477, 0.7455045251603077, 0.6232471267253407, 0.2898480489903621, 1.3394089706288925, 0.2297539049118783], BATTLES: 221-182-223-284-251-284-233-178-255-
37, 0, 2135, [0.5266133269879709, 0.6052290414988846, 0.3972162747027166, 0.5983392470572841, 1, 0.8934132872218196, 0.22131733443235008, 0, 0.5670334376452806, 0.6905070684820614, 0.3436947841387525, 0, 0.4842269368064397, 1, 0.24288665370933957, 0.659853440618592, 1, 1, 0, 1, 0.2410650447542615, 0.42354027501751756, 0.36849351717057854, 0.18113551035985517, 0, 1, 0, 0, 0.15178819048762987, 0.05396858656398218, 0.04082539959795616, 0.8545916670533913, 0.43321717686828437, 0.32641961214979404, 0.1942469868957687, 0.6651680689161912, 0.19725584097210247, 0.23404446133628742, 0.24712426788487923, 0.5144219550610369, 0.20360170686824275, 0.6110553357599384, 0.5441706748674122, 0.2960741947423325, 1.1345644691943135, 0.3200264301291692, 0.4110506799464032, 0.6163784645928855, 0.3892098587105834, 0.2687472058268254, 0.41486967741235986, 0.48495806063182956, 4.773160599045052, 0.3110925248041542, 1.1507001203475875, 0.5164216575416974], BATTLES: 249-194-216-292-249-288-221-193-233-
37, 1, 2117, [0.5651153676250844, 0.8318271171325483, 0.4153859585404926, 1, 1, 1, 1, 0, 0.7193080248732698, 1, 0.5120495734768415, 0.6902505110398984, 0.49425179673797276, 1, 0.058733271585743874, 0.8307484251486515, 0.7266309502068358, 0.91247036077196, 0.10910301737886012, 0.4181578815640594, 0.27976966095360434, 0.24887976990095437, 0.07526026565323318, 0.6013756846519513, 0.18788941148983346, 1, 0.0743579676730991, 0.6891270644348967, 0.061044674459939725, 0.07646982382441024, 0.01447941326602276, 0.8834715080451927, 1.1176521312229966, 0.10639544810662381, 2.4478024003696164, 0.9147558050190594, 0.23722784536196276, 0.36318039824822523, 0.21798139304658126, 0.36422520203300435, 0.05342631332266682, 0.9638564540309132, 0.45506137938567437, 0.2779922454661455, 0.8801270500995165, 0.13958969939602242, 0.43390497004052886, 0.6781558745701043, 0.2939260731954917, 0.0830307552880592, 0.2511740037830728, 0.8891463185024979, 0.6861865184001222, 0.5848470453246554, 1.5931855754644746, 0.4179979227527898], BATTLES: 248-202-230-291-249-285-217-172-223-
37, 2, 2110, [1, 0.6044747638866406, 0.5134281980286922, 0, 1, 1, 0.29379973145557853, 0, 0.6875516966023933, 0.8857256686489946, 0, 0, 1, 0.5799408611984653, 0.004725236208979786, 1, 0, 0.6593393220063297, 0, 1, 0, 0.5249983142619576, 0.7305518636736934, 0, 0.0521036036559101, 1, 0.37753599050585634, 1, 0.21520097003456606, 0.04381393727564348, 0.0709952452300291, 3.376349906836219, 0.3517711291189972, 0.5912802668653543, 0.23105121444485016, 0.8653091383542891, 0.150974805142901, 0.2256872786101136, 0.28567248056327, 1.0105601251744611, 0.21434303819967254, 0.8156261831058352, 0.7573129276674435, 0.41331804128892463, 1.5503070351860233, 0.5114944808378609, 0.9405909825941311, 0.6524182521588215, 0.9599546179494536, 0.1871578141988583, 0.19787129653371358, 0.5123019522515574, 1.9923283789291089, 0.3397790318548444, 0.3239924989493803, 0.8944909658753605], BATTLES: 243-211-216-292-253-277-225-193-200-
37, 3, 2084, [0.6119022927754671, 0.5696193129211151, 0.4250906290034429, 0, 0.7840968322830846, 0.9637183057690095, 0, 0, 0.7802458112995848, 0.5886069495339952, 0.6404451733003288, 0.057542737415203854, 0.5167647892954494, 1, 1, 0.7501421706111203, 0, 1, 0, 1, 0.844789823834913, 0, 0, 0.1954739765629782, 0, 1, 0, 0.11818438175997796, 0.14359892638120839, 0.04581885511157931, 0.01621483272180923, 0.9661208305745324, 0.4961737802776357, 0.19373977810497447, 0.5767413344598007, 2.0922319238675646, 0.23886406638450333, 0.23058345447492062, 0.19903257126032003, 0.2749049989157334, 0.08149069664140418, 0.39195033174790134, 0.7049743411677719, 0.2678093479121296, 2.008142711024085, 0.3109499931562644, 0.6289423724269466, 0.446624525268922, 0.28297332185451246, 0.21661851060449483, 0.21202817815019023, 0.7366780564028418, 1.344283721896699, 0.260031039359169, 0.6440828889690566, 0.18739997520515256], BATTLES: 234-167-237-292-248-277-226-185-218-
37, 4, 2082, [0.5036748428169897, 0.6409872600207162, 0.41832268592980487, 0, 1, 1, 0, 0, 0.672130696975282, 0.8774183456368745, 0.820553260878043, 0.15411566622728073, 0.5023695210756535, 1, 0.380417817471538, 0.7206074811401204, 1, 1, 0, 0.8419795008163339, 0.5103926274778765, 0.33773622589443975, 0, 0, 0, 1, 0, 0, 0.15544351031584194, 0.061828437662217184, 0.02626323407658846, 0.7498447962578165, 0.7025559766020268, 0.337816615206497, 0.2696866241883165, 1.2669483319666734, 0.29101287118817026, 0.2935186854795029, 0.18378838583512144, 0.26335971470070685, 0.10052496931207648, 0.4398357560941231, 0.7220894857207734, 0.2832391805461413, 2.0448700526868895, 0.3763485978094137, 0.3766556851650588, 0.6290633611594258, 0.32948822341725936, 0.19779849158938823, 0.2358402774300588, 0.6268399471172716, 1.591987768007761, 0.2557483179743753, 0.4381523826057403, 0.28566166690969585], BATTLES: 207-176-228-276-250-286-222-188-249-
37, 5, 2077, [0.6819895012038848, 0.6951729243974631, 0.3860548785040118, 1, 0.7540641156534985, 0.6533002195478483, 0, 0, 0.8073892038335242, 1, 0.6877751665672492, 0.6938332133521856, 0.4301489243468413, 1, 0.2670527533984839, 0.795569518425703, 0.19746785844121484, 0.6574181721632224, 0.30838493428847924, 1, 0.7830978422929615, 0.3454011531383377, 0, 0, 0, 1, 0.11725921138681387, 0, 0.17616922790492615, 0.041569683900823315, 0.05003151719646296, 0.6977600429709702, 0.8526876970149767, 0.2342338399310945, 0.1679532372481349, 0.7534447138857711, 0.222436364639143, 0.25494062513396104, 0.1111182986758657, 0.35697381623695335, 0.13282550098573187, 0.4628396906084058, 0.2638954363449842, 0.22444240516293923, 1.4346524435929766, 0.5833828115839113, 0.35597718768932446, 0.557750401978079, 0.28200842802867604, 0.09578947479560806, 0.2207963972852647, 0.45006430808617903, 2.141205023319446, 0.1739509174221109, 0.34034884990148556, 0.3950090022221115], BATTLES: 238-170-196-299-239-264-235-203-233-
37, 6, 2056, [0.5430802356750521, 0.777727062781007, 0.2683220005359601, 1, 0.8842798021034006, 0.9970643238502213, 0, 0, 0.9047429565063271, 0.873662979859037, 0.7060180695285571, 1, 0.6336088933511231, 1, 0.3401336105173807, 0.9078674742550576, 0, 0, 0, 0.5322395980785275, 0.7909905896831338, 0.4101257753729909, 0, 0.23338311751207738, 0, 1, 0.169678320130972, 0, 0.169948718588238, 0.06951447808255738, 0.056453111540106814, 0.3556784612825897, 0.3550298038392642, 0.46385582232395894, 0.13113662636420934, 1.095075454448313, 0.16506689945386108, 0.2877390150209428, 0.09728594889615413, 0.3677519718768988, 0.15436607491113072, 0.25777443814861034, 0.3228540905795289, 0.3075879347019243, 1.3052365328053277, 0.8446525987040198, 0.4439416052275578, 0.5660329576642075, 0.21994484754713778, 0.13666185854831744, 0.237447221861093, 0.1932835538768339, 1.6046997046732963, 0.13702942570854837, 0.3432998451873596, 0.47957897146814593], BATTLES: 226-179-212-279-235-294-234-167-230-
37, 7, 2043, [0.36663755975402906, 0.7180767298003746, 0.4571212892772482, 0.38706711584777964, 0.8417288315322851, 1, 0.6458150043685406, 0, 0.5602710251334875, 0.35406665140336196, 0.7768455131250489, 0, 0.5129205811417046, 1, 0.5401713828425245, 0.4812488419218113, 0, 0.43499739820214534, 0, 1, 1, 0.13963733211640417, 0, 0.08679273453805694, 0, 0.30909831826438594, 0, 0.6309262867384305, 0.17092059416214614, 0.05291566448956136, 0.031146505070553828, 0.4817301004955991, 0.30524513288854416, 0.24349353891033382, 0.6951588400909834, 1.3731894374860159, 0.17651853004642082, 0.2311880904642223, 0.22575793079152526, 0.3617869094096116, 0.1151697562622772, 0.9025883372641, 0.31943657178242163, 0.40252604417641197, 2.809381550865595, 0.37734202046033005, 0.2859733419937553, 0.5960906714272408, 0.38327971364465324, 0.2377727903793715, 0.31048701499348064, 0.7279304473039243, 2.2853175183302854, 0.268003569418166, 0.4212648995035579, 0.2740786342744269], BATTLES: 211-168-223-273-253-293-214-177-231-
37, 8, 2039, [0.5430443373981854, 0.7520813898475559, 0.4135320743688236, 0.18834615110560454, 1, 0.9623309711825855, 1, 0, 0.8625453914826506, 0.9593473485538745, 0, 0.517297684528141, 0.5783688247623833, 0, 0.4543561273247863, 1, 0, 0.42962720939267207, 0, 1, 0.6535824721753782, 0.32144223744262096, 0, 0.3107074276610789, 0.6394912098571988, 0, 0, 0.9491079450967486, 0.10610277577343633, 0.04161910695478383, 0.009333260601013537, 0.5197735929907309, 0.7370859325963447, 0.19122250511869368, 1.126314066255028, 1.6773851904880952, 0.1897818651456916, 0.30071523584670007, 0.25679364875360594, 0.17170597493461823, 0.1393786131607501, 0.607804598101188, 0.19296151572098186, 0.17199790714287416, 1.6399905517992819, 0.18083786570218435, 0.6018704860609633, 1.2314540288093283, 0.15161186154367864, 0.10639179603302885, 0.2106174573077477, 0.7455045251603077, 0.6232471267253407, 0.2898480489903621, 1.3394089706288925, 0.2297539049118783], BATTLES: 224-165-224-267-267-278-230-155-229-
37, 9, 2033, [0.454811893904422, 0.6637519600305491, 0.44140175095883605, 1, 0.8596063467137397, 0.9887304422279477, 0, 0, 0.7661511192688948, 1, 0.6962006433497696, 0, 0.5582662271005127, 0.948314674619618, 1, 1, 0.04151889109706053, 0.3785926554573499, 0, 1, 0.10692586457457631, 0.35428052064410065, 0.2202319074657176, 1, 0, 0.8720693560998789, 0, 0.5710089101135115, 0.08351964266474579, 0.04516967408289181, 0.018521888761979046, 0.7243407861681692, 0.8229205645557203, 0.4585483720560686, 0.2540360780136722, 0.8494832974426012, 0.39435681375539183, 0.1946134957965154, 0.16249197856768177, 0.2860999314229981, 0.05039157514460588, 0.3228883697678384, 0.9151125034864184, 0.4054881185726116, 1.7960340351773583, 0.43020265742826785, 0.20539493072654105, 0.5948070165795798, 0.3496678237685034, 0.19204749769854787, 0.22312047885972058, 0.7520297962622848, 1.2681167000923725, 0.24063209456157836, 0.416210467163915, 0.40697960358618507], BATTLES: 227-189-236-275-245-270-205-155-231-
38, 0, 2185, [0.5266133269879709, 0.6052290414988846, 0.3972162747027166, 0.5983392470572841, 1, 0.8934132872218196, 0.22131733443235008, 0, 0.5670334376452806, 0.6905070684820614, 0.3436947841387525, 0, 0.4842269368064397, 1, 0.24288665370933957, 0.659853440618592, 1, 1, 0, 1, 0.2410650447542615, 0.42354027501751756, 0.36849351717057854, 0.18113551035985517, 0, 1, 0, 0, 0.15178819048762987, 0.05396858656398218, 0.04082539959795616, 0.8545916670533913, 0.43321717686828437, 0.32641961214979404, 0.1942469868957687, 0.6651680689161912, 0.19725584097210247, 0.23404446133628742, 0.24712426788487923, 0.5144219550610369, 0.20360170686824275, 0.6110553357599384, 0.5441706748674122, 0.2960741947423325, 1.1345644691943135, 0.3200264301291692, 0.4110506799464032, 0.6163784645928855, 0.3892098587105834, 0.2687472058268254, 0.41486967741235986, 0.48495806063182956, 4.773160599045052, 0.3110925248041542, 1.1507001203475875, 0.5164216575416974], BATTLES: 252-214-230-301-269-296-224-182-217-
38, 1, 2160, [1, 0.6044747638866406, 0.5134281980286922, 0, 1, 1, 0.29379973145557853, 0, 0.6875516966023933, 0.8857256686489946, 0, 0, 1, 0.5799408611984653, 0.004725236208979786, 1, 0, 0.6593393220063297, 0, 1, 0, 0.5249983142619576, 0.7305518636736934, 0, 0.0521036036559101, 1, 0.37753599050585634, 1, 0.21520097003456606, 0.04381393727564348, 0.0709952452300291, 3.376349906836219, 0.3517711291189972, 0.5912802668653543, 0.23105121444485016, 0.8653091383542891, 0.150974805142901, 0.2256872786101136, 0.28567248056327, 1.0105601251744611, 0.21434303819967254, 0.8156261831058352, 0.7573129276674435, 0.41331804128892463, 1.5503070351860233, 0.5114944808378609, 0.9405909825941311, 0.6524182521588215, 0.9599546179494536, 0.1871578141988583, 0.19787129653371358, 0.5123019522515574, 1.9923283789291089, 0.3397790318548444, 0.3239924989493803, 0.8944909658753605], BATTLES: 251-211-245-296-235-288-219-187-228-
38, 2, 2154, [0.454811893904422, 0.6637519600305491, 0.44140175095883605, 1, 0.8596063467137397, 0.9887304422279477, 0, 0, 0.7661511192688948, 1, 0.6962006433497696, 0, 0.5582662271005127, 0.948314674619618, 1, 1, 0.04151889109706053, 0.3785926554573499, 0, 1, 0.10692586457457631, 0.35428052064410065, 0.2202319074657176, 1, 0, 0.8720693560998789, 0, 0.5710089101135115, 0.08351964266474579, 0.04516967408289181, 0.018521888761979046, 0.7243407861681692, 0.8229205645557203, 0.4585483720560686, 0.2540360780136722, 0.8494832974426012, 0.39435681375539183, 0.1946134957965154, 0.16249197856768177, 0.2860999314229981, 0.05039157514460588, 0.3228883697678384, 0.9151125034864184, 0.4054881185726116, 1.7960340351773583, 0.43020265742826785, 0.20539493072654105, 0.5948070165795798, 0.3496678237685034, 0.19204749769854787, 0.22312047885972058, 0.7520297962622848, 1.2681167000923725, 0.24063209456157836, 0.416210467163915, 0.40697960358618507], BATTLES: 261-204-249-293-255-277-223-161-231-
38, 3, 2135, [0.5430802356750521, 0.777727062781007, 0.2683220005359601, 1, 0.8842798021034006, 0.9970643238502213, 0, 0, 0.9047429565063271, 0.873662979859037, 0.7060180695285571, 1, 0.6336088933511231, 1, 0.3401336105173807, 0.9078674742550576, 0, 0, 0, 0.5322395980785275, 0.7909905896831338, 0.4101257753729909, 0, 0.23338311751207738, 0, 1, 0.169678320130972, 0, 0.169948718588238, 0.06951447808255738, 0.056453111540106814, 0.3556784612825897, 0.3550298038392642, 0.46385582232395894, 0.13113662636420934, 1.095075454448313, 0.16506689945386108, 0.2877390150209428, 0.09728594889615413, 0.3677519718768988, 0.15436607491113072, 0.25777443814861034, 0.3228540905795289, 0.3075879347019243, 1.3052365328053277, 0.8446525987040198, 0.4439416052275578, 0.5660329576642075, 0.21994484754713778, 0.13666185854831744, 0.237447221861093, 0.1932835538768339, 1.6046997046732963, 0.13702942570854837, 0.3432998451873596, 0.47957897146814593], BATTLES: 242-177-221-287-249-285-253-187-234-
38, 4, 2132, [0.5651153676250844, 0.8318271171325483, 0.4153859585404926, 1, 1, 1, 1, 0, 0.7193080248732698, 1, 0.5120495734768415, 0.6902505110398984, 0.49425179673797276, 1, 0.058733271585743874, 0.8307484251486515, 0.7266309502068358, 0.91247036077196, 0.10910301737886012, 0.4181578815640594, 0.27976966095360434, 0.24887976990095437, 0.07526026565323318, 0.6013756846519513, 0.18788941148983346, 1, 0.0743579676730991, 0.6891270644348967, 0.061044674459939725, 0.07646982382441024, 0.01447941326602276, 0.8834715080451927, 1.1176521312229966, 0.10639544810662381, 2.4478024003696164, 0.9147558050190594, 0.23722784536196276, 0.36318039824822523, 0.21798139304658126, 0.36422520203300435, 0.05342631332266682, 0.9638564540309132, 0.45506137938567437, 0.2779922454661455, 0.8801270500995165, 0.13958969939602242, 0.43390497004052886, 0.6781558745701043, 0.2939260731954917, 0.0830307552880592, 0.2511740037830728, 0.8891463185024979, 0.6861865184001222, 0.5848470453246554, 1.5931855754644746, 0.4179979227527898], BATTLES: 241-197-247-298-259-283-229-159-219-
38, 5, 2130, [0.5430443373981854, 0.7520813898475559, 0.4135320743688236, 0.18834615110560454, 1, 0.9623309711825855, 1, 0, 0.8625453914826506, 0.9593473485538745, 0, 0.517297684528141, 0.5783688247623833, 0, 0.4543561273247863, 1, 0, 0.42962720939267207, 0, 1, 0.6535824721753782, 0.32144223744262096, 0, 0.3107074276610789, 0.6394912098571988, 0, 0, 0.9491079450967486, 0.10610277577343633, 0.04161910695478383, 0.009333260601013537, 0.5197735929907309, 0.7370859325963447, 0.19122250511869368, 1.126314066255028, 1.6773851904880952, 0.1897818651456916, 0.30071523584670007, 0.25679364875360594, 0.17170597493461823, 0.1393786131607501, 0.607804598101188, 0.19296151572098186, 0.17199790714287416, 1.6399905517992819, 0.18083786570218435, 0.6018704860609633, 1.2314540288093283, 0.15161186154367864, 0.10639179603302885, 0.2106174573077477, 0.7455045251603077, 0.6232471267253407, 0.2898480489903621, 1.3394089706288925, 0.2297539049118783], BATTLES: 220-180-239-288-248-304-234-171-246-
38, 6, 2128, [0.6819895012038848, 0.6951729243974631, 0.3860548785040118, 1, 0.7540641156534985, 0.6533002195478483, 0, 0, 0.8073892038335242, 1, 0.6877751665672492, 0.6938332133521856, 0.4301489243468413, 1, 0.2670527533984839, 0.795569518425703, 0.19746785844121484, 0.6574181721632224, 0.30838493428847924, 1, 0.7830978422929615, 0.3454011531383377, 0, 0, 0, 1, 0.11725921138681387, 0, 0.17616922790492615, 0.041569683900823315, 0.05003151719646296, 0.6977600429709702, 0.8526876970149767, 0.2342338399310945, 0.1679532372481349, 0.7534447138857711, 0.222436364639143, 0.25494062513396104, 0.1111182986758657, 0.35697381623695335, 0.13282550098573187, 0.4628396906084058, 0.2638954363449842, 0.22444240516293923, 1.4346524435929766, 0.5833828115839113, 0.35597718768932446, 0.557750401978079, 0.28200842802867604, 0.09578947479560806, 0.2207963972852647, 0.45006430808617903, 2.141205023319446, 0.1739509174221109, 0.34034884990148556, 0.3950090022221115], BATTLES: 239-185-199-295-248-279-250-217-216-
38, 7, 2123, [0.6119022927754671, 0.5696193129211151, 0.4250906290034429, 0, 0.7840968322830846, 0.9637183057690095, 0, 0, 0.7802458112995848, 0.5886069495339952, 0.6404451733003288, 0.057542737415203854, 0.5167647892954494, 1, 1, 0.7501421706111203, 0, 1, 0, 1, 0.844789823834913, 0, 0, 0.1954739765629782, 0, 1, 0, 0.11818438175997796, 0.14359892638120839, 0.04581885511157931, 0.01621483272180923, 0.9661208305745324, 0.4961737802776357, 0.19373977810497447, 0.5767413344598007, 2.0922319238675646, 0.23886406638450333, 0.23058345447492062, 0.19903257126032003, 0.2749049989157334, 0.08149069664140418, 0.39195033174790134, 0.7049743411677719, 0.2678093479121296, 2.008142711024085, 0.3109499931562644, 0.6289423724269466, 0.446624525268922, 0.28297332185451246, 0.21661851060449483, 0.21202817815019023, 0.7366780564028418, 1.344283721896699, 0.260031039359169, 0.6440828889690566, 0.18739997520515256], BATTLES: 238-199-227-289-242-293-223-190-222-
38, 8, 2105, [0.36663755975402906, 0.7180767298003746, 0.4571212892772482, 0.38706711584777964, 0.8417288315322851, 1, 0.6458150043685406, 0, 0.5602710251334875, 0.35406665140336196, 0.7768455131250489, 0, 0.5129205811417046, 1, 0.5401713828425245, 0.4812488419218113, 0, 0.43499739820214534, 0, 1, 1, 0.13963733211640417, 0, 0.08679273453805694, 0, 0.30909831826438594, 0, 0.6309262867384305, 0.17092059416214614, 0.05291566448956136, 0.031146505070553828, 0.4817301004955991, 0.30524513288854416, 0.24349353891033382, 0.6951588400909834, 1.3731894374860159, 0.17651853004642082, 0.2311880904642223, 0.22575793079152526, 0.3617869094096116, 0.1151697562622772, 0.9025883372641, 0.31943657178242163, 0.40252604417641197, 2.809381550865595, 0.37734202046033005, 0.2859733419937553, 0.5960906714272408, 0.38327971364465324, 0.2377727903793715, 0.31048701499348064, 0.7279304473039243, 2.2853175183302854, 0.268003569418166, 0.4212648995035579, 0.2740786342744269], BATTLES: 223-192-221-295-263-280-243-159-229-
38, 9, 2099, [0.5036748428169897, 0.6409872600207162, 0.41832268592980487, 0, 1, 1, 0, 0, 0.672130696975282, 0.8774183456368745, 0.820553260878043, 0.15411566622728073, 0.5023695210756535, 1, 0.380417817471538, 0.7206074811401204, 1, 1, 0, 0.8419795008163339, 0.5103926274778765, 0.33773622589443975, 0, 0, 0, 1, 0, 0, 0.15544351031584194, 0.061828437662217184, 0.02626323407658846, 0.7498447962578165, 0.7025559766020268, 0.337816615206497, 0.2696866241883165, 1.2669483319666734, 0.29101287118817026, 0.2935186854795029, 0.18378838583512144, 0.26335971470070685, 0.10052496931207648, 0.4398357560941231, 0.7220894857207734, 0.2832391805461413, 2.0448700526868895, 0.3763485978094137, 0.3766556851650588, 0.6290633611594258, 0.32948822341725936, 0.19779849158938823, 0.2358402774300588, 0.6268399471172716, 1.591987768007761, 0.2557483179743753, 0.4381523826057403, 0.28566166690969585], BATTLES: 234-182-231-286-250-289-214-181-232-
39, 0, 2106, [1, 0.6044747638866406, 0.5134281980286922, 0, 1, 1, 0.29379973145557853, 0, 0.6875516966023933, 0.8857256686489946, 0, 0, 1, 0.5799408611984653, 0.004725236208979786, 1, 0, 0.6593393220063297, 0, 1, 0, 0.5249983142619576, 0.7305518636736934, 0, 0.0521036036559101, 1, 0.37753599050585634, 1, 0.21520097003456606, 0.04381393727564348, 0.0709952452300291, 3.376349906836219, 0.3517711291189972, 0.5912802668653543, 0.23105121444485016, 0.8653091383542891, 0.150974805142901, 0.2256872786101136, 0.28567248056327, 1.0105601251744611, 0.21434303819967254, 0.8156261831058352, 0.7573129276674435, 0.41331804128892463, 1.5503070351860233, 0.5114944808378609, 0.9405909825941311, 0.6524182521588215, 0.9599546179494536, 0.1871578141988583, 0.19787129653371358, 0.5123019522515574, 1.9923283789291089, 0.3397790318548444, 0.3239924989493803, 0.8944909658753605], BATTLES: 237-213-234-295-227-261-241-192-206-
39, 1, 2056, [0.416083709702107, 0.5525241969343762, 0.4418295242996572, 1, 0.7076336483126946, 0.9806843988257999, 0, 0, 0.6919926882618859, 0.6356772016696368, 0.5174652467144938, 0.24009053763943497, 0.47847303458682067, 1, 1, 1, 0, 0.8111966133671639, 0.7433135929268241, 0.9049464709692646, 0.2515346002184389, 0.037728618045100394, 0, 1, 0, 0.841504504130595, 0, 0.32047128942109454, 0.12431408587865764, 0.026165136149638855, 0.0125632052265267, 1.115809785216413, 0.6323544527217102, 0.21112113557211085, 0.7472001950467256, 2.764081776707673, 0.21916908277141725, 0.19647240917037334, 0.27761592391750767, 0.21695266625583354, 0.08693413624385483, 0.32380653976636586, 1.1525505994356005, 0.3371882578562683, 2.6671318624816083, 0.24898911544721494, 0.3859701335791634, 0.5480567604703604, 0.2641353292599833, 0.11329267060077224, 0.27626999459332724, 0.8336697660631611, 1.668323686211145, 0.32283271458619966, 0.592490771894405, 0.25674790624461946], BATTLES: 227-177-234-273-247-288-211-170-229-
39, 2, 2056, [0.454811893904422, 0.6637519600305491, 0.44140175095883605, 1, 0.8596063467137397, 0.9887304422279477, 0, 0, 0.7661511192688948, 1, 0.6962006433497696, 0, 0.5582662271005127, 0.948314674619618, 1, 1, 0.04151889109706053, 0.3785926554573499, 0, 1, 0.10692586457457631, 0.35428052064410065, 0.2202319074657176, 1, 0, 0.8720693560998789, 0, 0.5710089101135115, 0.08351964266474579, 0.04516967408289181, 0.018521888761979046, 0.7243407861681692, 0.8229205645557203, 0.4585483720560686, 0.2540360780136722, 0.8494832974426012, 0.39435681375539183, 0.1946134957965154, 0.16249197856768177, 0.2860999314229981, 0.05039157514460588, 0.3228883697678384, 0.9151125034864184, 0.4054881185726116, 1.7960340351773583, 0.43020265742826785, 0.20539493072654105, 0.5948070165795798, 0.3496678237685034, 0.19204749769854787, 0.22312047885972058, 0.7520297962622848, 1.2681167000923725, 0.24063209456157836, 0.416210467163915, 0.40697960358618507], BATTLES: 236-197-224-268-231-293-208-174-225-
39, 3, 2055, [0.4503982621766578, 0.686781115746897, 0.4137640044586639, 1, 0.6442703916274677, 0.8342495728885919, 0, 0, 0.6425816805711817, 1, 0.803028130503614, 0.32245160287902475, 0.544098666692663, 0.8811003320592882, 0.7704843284918066, 0.6003269192844345, 0, 0.07580677230630872, 0, 1, 0.3512340611181709, 0.28928755463871825, 0.20828642602013853, 0.7345323922296212, 0, 1, 0, 0.13508743461098233, 0.09360303949178271, 0.02680408406700171, 0.01856083136519032, 0.5683642583472832, 0.7027317622585854, 0.43189491430536187, 0.17051801068300923, 0.7182274798745307, 0.28905024796788154, 0.14673166703626883, 0.17233490789557376, 0.34809855079454194, 0.06982413373135714, 0.32681021076026157, 0.7506089942453327, 0.3826766455391663, 2.4145986450008863, 0.2841389437416688, 0.21371635567492125, 0.7139295228893344, 0.5851092838994639, 0.17450630746798157, 0.07633910561858165, 0.9349726009159984, 0.8929218959008057, 0.22604076793613193, 0.6930262667852408, 0.37432340548993137], BATTLES: 247-193-231-281-236-282-194-169-222-
39, 4, 2048, [0.5036748428169897, 0.6409872600207162, 0.41832268592980487, 0, 1, 1, 0, 0, 0.672130696975282, 0.8774183456368745, 0.820553260878043, 0.15411566622728073, 0.5023695210756535, 1, 0.380417817471538, 0.7206074811401204, 1, 1, 0, 0.8419795008163339, 0.5103926274778765, 0.33773622589443975, 0, 0, 0, 1, 0, 0, 0.15544351031584194, 0.061828437662217184, 0.02626323407658846, 0.7498447962578165, 0.7025559766020268, 0.337816615206497, 0.2696866241883165, 1.2669483319666734, 0.29101287118817026, 0.2935186854795029, 0.18378838583512144, 0.26335971470070685, 0.10052496931207648, 0.4398357560941231, 0.7220894857207734, 0.2832391805461413, 2.0448700526868895, 0.3763485978094137, 0.3766556851650588, 0.6290633611594258, 0.32948822341725936, 0.19779849158938823, 0.2358402774300588, 0.6268399471172716, 1.591987768007761, 0.2557483179743753, 0.4381523826057403, 0.28566166690969585], BATTLES: 235-170-221-271-253-281-223-171-223-
39, 5, 2044, [0.5430443373981854, 0.7520813898475559, 0.4135320743688236, 0.18834615110560454, 1, 0.9623309711825855, 1, 0, 0.8625453914826506, 0.9593473485538745, 0, 0.517297684528141, 0.5783688247623833, 0, 0.4543561273247863, 1, 0, 0.42962720939267207, 0, 1, 0.6535824721753782, 0.32144223744262096, 0, 0.3107074276610789, 0.6394912098571988, 0, 0, 0.9491079450967486, 0.10610277577343633, 0.04161910695478383, 0.009333260601013537, 0.5197735929907309, 0.7370859325963447, 0.19122250511869368, 1.126314066255028, 1.6773851904880952, 0.1897818651456916, 0.30071523584670007, 0.25679364875360594, 0.17170597493461823, 0.1393786131607501, 0.607804598101188, 0.19296151572098186, 0.17199790714287416, 1.6399905517992819, 0.18083786570218435, 0.6018704860609633, 1.2314540288093283, 0.15161186154367864, 0.10639179603302885, 0.2106174573077477, 0.7455045251603077, 0.6232471267253407, 0.2898480489903621, 1.3394089706288925, 0.2297539049118783], BATTLES: 223-174-219-266-252-281-221-174-234-
39, 6, 2042, [0.5266133269879709, 0.6052290414988846, 0.3972162747027166, 0.5983392470572841, 1, 0.8934132872218196, 0.22131733443235008, 0, 0.5670334376452806, 0.6905070684820614, 0.3436947841387525, 0, 0.4842269368064397, 1, 0.24288665370933957, 0.659853440618592, 1, 1, 0, 1, 0.2410650447542615, 0.42354027501751756, 0.36849351717057854, 0.18113551035985517, 0, 1, 0, 0, 0.15178819048762987, 0.05396858656398218, 0.04082539959795616, 0.8545916670533913, 0.43321717686828437, 0.32641961214979404, 0.1942469868957687, 0.6651680689161912, 0.19725584097210247, 0.23404446133628742, 0.24712426788487923, 0.5144219550610369, 0.20360170686824275, 0.6110553357599384, 0.5441706748674122, 0.2960741947423325, 1.1345644691943135, 0.3200264301291692, 0.4110506799464032, 0.6163784645928855, 0.3892098587105834, 0.2687472058268254, 0.41486967741235986, 0.48495806063182956, 4.773160599045052, 0.3110925248041542, 1.1507001203475875, 0.5164216575416974], BATTLES: 239-178-200-299-248-270-208-186-214-
39, 7, 2028, [0.6119022927754671, 0.5696193129211151, 0.4250906290034429, 0, 0.7840968322830846, 0.9637183057690095, 0, 0, 0.7802458112995848, 0.5886069495339952, 0.6404451733003288, 0.057542737415203854, 0.5167647892954494, 1, 1, 0.7501421706111203, 0, 1, 0, 1, 0.844789823834913, 0, 0, 0.1954739765629782, 0, 1, 0, 0.11818438175997796, 0.14359892638120839, 0.04581885511157931, 0.01621483272180923, 0.9661208305745324, 0.4961737802776357, 0.19373977810497447, 0.5767413344598007, 2.0922319238675646, 0.23886406638450333, 0.23058345447492062, 0.19903257126032003, 0.2749049989157334, 0.08149069664140418, 0.39195033174790134, 0.7049743411677719, 0.2678093479121296, 2.008142711024085, 0.3109499931562644, 0.6289423724269466, 0.446624525268922, 0.28297332185451246, 0.21661851060449483, 0.21202817815019023, 0.7366780564028418, 1.344283721896699, 0.260031039359169, 0.6440828889690566, 0.18739997520515256], BATTLES: 226-174-219-276-229-286-224-176-218-
39, 8, 2016, [0.6819895012038848, 0.6951729243974631, 0.3860548785040118, 1, 0.7540641156534985, 0.6533002195478483, 0, 0, 0.8073892038335242, 1, 0.6877751665672492, 0.6938332133521856, 0.4301489243468413, 1, 0.2670527533984839, 0.795569518425703, 0.19746785844121484, 0.6574181721632224, 0.30838493428847924, 1, 0.7830978422929615, 0.3454011531383377, 0, 0, 0, 1, 0.11725921138681387, 0, 0.17616922790492615, 0.041569683900823315, 0.05003151719646296, 0.6977600429709702, 0.8526876970149767, 0.2342338399310945, 0.1679532372481349, 0.7534447138857711, 0.222436364639143, 0.25494062513396104, 0.1111182986758657, 0.35697381623695335, 0.13282550098573187, 0.4628396906084058, 0.2638954363449842, 0.22444240516293923, 1.4346524435929766, 0.5833828115839113, 0.35597718768932446, 0.557750401978079, 0.28200842802867604, 0.09578947479560806, 0.2207963972852647, 0.45006430808617903, 2.141205023319446, 0.1739509174221109, 0.34034884990148556, 0.3950090022221115], BATTLES: 196-169-189-278-246-269-228-211-230-
39, 9, 2011, [0.36663755975402906, 0.7180767298003746, 0.4571212892772482, 0.38706711584777964, 0.8417288315322851, 1, 0.6458150043685406, 0, 0.5602710251334875, 0.35406665140336196, 0.7768455131250489, 0, 0.5129205811417046, 1, 0.5401713828425245, 0.4812488419218113, 0, 0.43499739820214534, 0, 1, 1, 0.13963733211640417, 0, 0.08679273453805694, 0, 0.30909831826438594, 0, 0.6309262867384305, 0.17092059416214614, 0.05291566448956136, 0.031146505070553828, 0.4817301004955991, 0.30524513288854416, 0.24349353891033382, 0.6951588400909834, 1.3731894374860159, 0.17651853004642082, 0.2311880904642223, 0.22575793079152526, 0.3617869094096116, 0.1151697562622772, 0.9025883372641, 0.31943657178242163, 0.40252604417641197, 2.809381550865595, 0.37734202046033005, 0.2859733419937553, 0.5960906714272408, 0.38327971364465324, 0.2377727903793715, 0.31048701499348064, 0.7279304473039243, 2.2853175183302854, 0.268003569418166, 0.4212648995035579, 0.2740786342744269], BATTLES: 221-178-206-284-226-281-226-161-228-
40, 0, 2430, [1, 0.6044747638866406, 0.5134281980286922, 0, 1, 1, 0.29379973145557853, 0, 0.6875516966023933, 0.8857256686489946, 0, 0, 1, 0.5799408611984653, 0.004725236208979786, 1, 0, 0.6593393220063297, 0, 1, 0, 0.5249983142619576, 0.7305518636736934, 0, 0.0521036036559101, 1, 0.37753599050585634, 1, 0.21520097003456606, 0.04381393727564348, 0.0709952452300291, 3.376349906836219, 0.3517711291189972, 0.5912802668653543, 0.23105121444485016, 0.8653091383542891, 0.150974805142901, 0.2256872786101136, 0.28567248056327, 1.0105601251744611, 0.21434303819967254, 0.8156261831058352, 0.7573129276674435, 0.41331804128892463, 1.5503070351860233, 0.5114944808378609, 0.9405909825941311, 0.6524182521588215, 0.9599546179494536, 0.1871578141988583, 0.19787129653371358, 0.5123019522515574, 1.9923283789291089, 0.3397790318548444, 0.3239924989493803, 0.8944909658753605], BATTLES: 275-241-271-310-272-301-271-238-251-
40, 1, 2425, [0.36663755975402906, 0.7180767298003746, 0.4571212892772482, 0.38706711584777964, 0.8417288315322851, 1, 0.6458150043685406, 0, 0.5602710251334875, 0.35406665140336196, 0.7768455131250489, 0, 0.5129205811417046, 1, 0.5401713828425245, 0.4812488419218113, 0, 0.43499739820214534, 0, 1, 1, 0.13963733211640417, 0, 0.08679273453805694, 0, 0.30909831826438594, 0, 0.6309262867384305, 0.17092059416214614, 0.05291566448956136, 0.031146505070553828, 0.4817301004955991, 0.30524513288854416, 0.24349353891033382, 0.6951588400909834, 1.3731894374860159, 0.17651853004642082, 0.2311880904642223, 0.22575793079152526, 0.3617869094096116, 0.1151697562622772, 0.9025883372641, 0.31943657178242163, 0.40252604417641197, 2.809381550865595, 0.37734202046033005, 0.2859733419937553, 0.5960906714272408, 0.38327971364465324, 0.2377727903793715, 0.31048701499348064, 0.7279304473039243, 2.2853175183302854, 0.268003569418166, 0.4212648995035579, 0.2740786342744269], BATTLES: 266-238-275-308-282-305-267-221-263-
40, 2, 2418, [0.5266133269879709, 0.6052290414988846, 0.3972162747027166, 0.5983392470572841, 1, 0.8934132872218196, 0.22131733443235008, 0, 0.5670334376452806, 0.6905070684820614, 0.3436947841387525, 0, 0.4842269368064397, 1, 0.24288665370933957, 0.659853440618592, 1, 1, 0, 1, 0.2410650447542615, 0.42354027501751756, 0.36849351717057854, 0.18113551035985517, 0, 1, 0, 0, 0.15178819048762987, 0.05396858656398218, 0.04082539959795616, 0.8545916670533913, 0.43321717686828437, 0.32641961214979404, 0.1942469868957687, 0.6651680689161912, 0.19725584097210247, 0.23404446133628742, 0.24712426788487923, 0.5144219550610369, 0.20360170686824275, 0.6110553357599384, 0.5441706748674122, 0.2960741947423325, 1.1345644691943135, 0.3200264301291692, 0.4110506799464032, 0.6163784645928855, 0.3892098587105834, 0.2687472058268254, 0.41486967741235986, 0.48495806063182956, 4.773160599045052, 0.3110925248041542, 1.1507001203475875, 0.5164216575416974], BATTLES: 278-239-257-320-288-292-243-231-270-
40, 3, 2408, [0.6819895012038848, 0.6951729243974631, 0.3860548785040118, 1, 0.7540641156534985, 0.6533002195478483, 0, 0, 0.8073892038335242, 1, 0.6877751665672492, 0.6938332133521856, 0.4301489243468413, 1, 0.2670527533984839, 0.795569518425703, 0.19746785844121484, 0.6574181721632224, 0.30838493428847924, 1, 0.7830978422929615, 0.3454011531383377, 0, 0, 0, 1, 0.11725921138681387, 0, 0.17616922790492615, 0.041569683900823315, 0.05003151719646296, 0.6977600429709702, 0.8526876970149767, 0.2342338399310945, 0.1679532372481349, 0.7534447138857711, 0.222436364639143, 0.25494062513396104, 0.1111182986758657, 0.35697381623695335, 0.13282550098573187, 0.4628396906084058, 0.2638954363449842, 0.22444240516293923, 1.4346524435929766, 0.5833828115839113, 0.35597718768932446, 0.557750401978079, 0.28200842802867604, 0.09578947479560806, 0.2207963972852647, 0.45006430808617903, 2.141205023319446, 0.1739509174221109, 0.34034884990148556, 0.3950090022221115], BATTLES: 261-223-244-316-276-299-273-241-275-
40, 4, 2406, [0.454811893904422, 0.6637519600305491, 0.44140175095883605, 1, 0.8596063467137397, 0.9887304422279477, 0, 0, 0.7661511192688948, 1, 0.6962006433497696, 0, 0.5582662271005127, 0.948314674619618, 1, 1, 0.04151889109706053, 0.3785926554573499, 0, 1, 0.10692586457457631, 0.35428052064410065, 0.2202319074657176, 1, 0, 0.8720693560998789, 0, 0.5710089101135115, 0.08351964266474579, 0.04516967408289181, 0.018521888761979046, 0.7243407861681692, 0.8229205645557203, 0.4585483720560686, 0.2540360780136722, 0.8494832974426012, 0.39435681375539183, 0.1946134957965154, 0.16249197856768177, 0.2860999314229981, 0.05039157514460588, 0.3228883697678384, 0.9151125034864184, 0.4054881185726116, 1.7960340351773583, 0.43020265742826785, 0.20539493072654105, 0.5948070165795798, 0.3496678237685034, 0.19204749769854787, 0.22312047885972058, 0.7520297962622848, 1.2681167000923725, 0.24063209456157836, 0.416210467163915, 0.40697960358618507], BATTLES: 281-231-280-304-276-307-256-207-264-
40, 5, 2376, [0.6119022927754671, 0.5696193129211151, 0.4250906290034429, 0, 0.7840968322830846, 0.9637183057690095, 0, 0, 0.7802458112995848, 0.5886069495339952, 0.6404451733003288, 0.057542737415203854, 0.5167647892954494, 1, 1, 0.7501421706111203, 0, 1, 0, 1, 0.844789823834913, 0, 0, 0.1954739765629782, 0, 1, 0, 0.11818438175997796, 0.14359892638120839, 0.04581885511157931, 0.01621483272180923, 0.9661208305745324, 0.4961737802776357, 0.19373977810497447, 0.5767413344598007, 2.0922319238675646, 0.23886406638450333, 0.23058345447492062, 0.19903257126032003, 0.2749049989157334, 0.08149069664140418, 0.39195033174790134, 0.7049743411677719, 0.2678093479121296, 2.008142711024085, 0.3109499931562644, 0.6289423724269466, 0.446624525268922, 0.28297332185451246, 0.21661851060449483, 0.21202817815019023, 0.7366780564028418, 1.344283721896699, 0.260031039359169, 0.6440828889690566, 0.18739997520515256], BATTLES: 264-229-260-301-272-307-271-223-249-
40, 6, 2367, [0.416083709702107, 0.5525241969343762, 0.4418295242996572, 1, 0.7076336483126946, 0.9806843988257999, 0, 0, 0.6919926882618859, 0.6356772016696368, 0.5174652467144938, 0.24009053763943497, 0.47847303458682067, 1, 1, 1, 0, 0.8111966133671639, 0.7433135929268241, 0.9049464709692646, 0.2515346002184389, 0.037728618045100394, 0, 1, 0, 0.841504504130595, 0, 0.32047128942109454, 0.12431408587865764, 0.026165136149638855, 0.0125632052265267, 1.115809785216413, 0.6323544527217102, 0.21112113557211085, 0.7472001950467256, 2.764081776707673, 0.21916908277141725, 0.19647240917037334, 0.27761592391750767, 0.21695266625583354, 0.08693413624385483, 0.32380653976636586, 1.1525505994356005, 0.3371882578562683, 2.6671318624816083, 0.24898911544721494, 0.3859701335791634, 0.5480567604703604, 0.2641353292599833, 0.11329267060077224, 0.27626999459332724, 0.8336697660631611, 1.668323686211145, 0.32283271458619966, 0.592490771894405, 0.25674790624461946], BATTLES: 266-227-254-300-278-301-265-223-253-
40, 7, 2357, [0.4503982621766578, 0.686781115746897, 0.4137640044586639, 1, 0.6442703916274677, 0.8342495728885919, 0, 0, 0.6425816805711817, 1, 0.803028130503614, 0.32245160287902475, 0.544098666692663, 0.8811003320592882, 0.7704843284918066, 0.6003269192844345, 0, 0.07580677230630872, 0, 1, 0.3512340611181709, 0.28928755463871825, 0.20828642602013853, 0.7345323922296212, 0, 1, 0, 0.13508743461098233, 0.09360303949178271, 0.02680408406700171, 0.01856083136519032, 0.5683642583472832, 0.7027317622585854, 0.43189491430536187, 0.17051801068300923, 0.7182274798745307, 0.28905024796788154, 0.14673166703626883, 0.17233490789557376, 0.34809855079454194, 0.06982413373135714, 0.32681021076026157, 0.7506089942453327, 0.3826766455391663, 2.4145986450008863, 0.2841389437416688, 0.21371635567492125, 0.7139295228893344, 0.5851092838994639, 0.17450630746798157, 0.07633910561858165, 0.9349726009159984, 0.8929218959008057, 0.22604076793613193, 0.6930262667852408, 0.37432340548993137], BATTLES: 279-227-268-294-275-312-232-210-260-
40, 8, 2337, [0.5036748428169897, 0.6409872600207162, 0.41832268592980487, 0, 1, 1, 0, 0, 0.672130696975282, 0.8774183456368745, 0.820553260878043, 0.15411566622728073, 0.5023695210756535, 1, 0.380417817471538, 0.7206074811401204, 1, 1, 0, 0.8419795008163339, 0.5103926274778765, 0.33773622589443975, 0, 0, 0, 1, 0, 0, 0.15544351031584194, 0.061828437662217184, 0.02626323407658846, 0.7498447962578165, 0.7025559766020268, 0.337816615206497, 0.2696866241883165, 1.2669483319666734, 0.29101287118817026, 0.2935186854795029, 0.18378838583512144, 0.26335971470070685, 0.10052496931207648, 0.4398357560941231, 0.7220894857207734, 0.2832391805461413, 2.0448700526868895, 0.3763485978094137, 0.3766556851650588, 0.6290633611594258, 0.32948822341725936, 0.19779849158938823, 0.2358402774300588, 0.6268399471172716, 1.591987768007761, 0.2557483179743753, 0.4381523826057403, 0.28566166690969585], BATTLES: 245-230-233-283-282-313-242-244-265-
40, 9, 2332, [0.5430443373981854, 0.7520813898475559, 0.4135320743688236, 0.18834615110560454, 1, 0.9623309711825855, 1, 0, 0.8625453914826506, 0.9593473485538745, 0, 0.517297684528141, 0.5783688247623833, 0, 0.4543561273247863, 1, 0, 0.42962720939267207, 0, 1, 0.6535824721753782, 0.32144223744262096, 0, 0.3107074276610789, 0.6394912098571988, 0, 0, 0.9491079450967486, 0.10610277577343633, 0.04161910695478383, 0.009333260601013537, 0.5197735929907309, 0.7370859325963447, 0.19122250511869368, 1.126314066255028, 1.6773851904880952, 0.1897818651456916, 0.30071523584670007, 0.25679364875360594, 0.17170597493461823, 0.1393786131607501, 0.607804598101188, 0.19296151572098186, 0.17199790714287416, 1.6399905517992819, 0.18083786570218435, 0.6018704860609633, 1.2314540288093283, 0.15161186154367864, 0.10639179603302885, 0.2106174573077477, 0.7455045251603077, 0.6232471267253407, 0.2898480489903621, 1.3394089706288925, 0.2297539049118783], BATTLES: 252-238-239-286-275-302-247-229-264-
41, 0, 2263, [0.454811893904422, 0.6637519600305491, 0.44140175095883605, 1, 0.8596063467137397, 0.9887304422279477, 0, 0, 0.7661511192688948, 1, 0.6962006433497696, 0, 0.5582662271005127, 0.948314674619618, 1, 1, 0.04151889109706053, 0.3785926554573499, 0, 1, 0.10692586457457631, 0.35428052064410065, 0.2202319074657176, 1, 0, 0.8720693560998789, 0, 0.5710089101135115, 0.08351964266474579, 0.04516967408289181, 0.018521888761979046, 0.7243407861681692, 0.8229205645557203, 0.4585483720560686, 0.2540360780136722, 0.8494832974426012, 0.39435681375539183, 0.1946134957965154, 0.16249197856768177, 0.2860999314229981, 0.05039157514460588, 0.3228883697678384, 0.9151125034864184, 0.4054881185726116, 1.7960340351773583, 0.43020265742826785, 0.20539493072654105, 0.5948070165795798, 0.3496678237685034, 0.19204749769854787, 0.22312047885972058, 0.7520297962622848, 1.2681167000923725, 0.24063209456157836, 0.416210467163915, 0.40697960358618507], BATTLES: 262-215-245-299-259-299-226-200-258-
41, 1, 2232, [1, 0.6044747638866406, 0.5134281980286922, 0, 1, 1, 0.29379973145557853, 0, 0.6875516966023933, 0.8857256686489946, 0, 0, 1, 0.5799408611984653, 0.004725236208979786, 1, 0, 0.6593393220063297, 0, 1, 0, 0.5249983142619576, 0.7305518636736934, 0, 0.0521036036559101, 1, 0.37753599050585634, 1, 0.21520097003456606, 0.04381393727564348, 0.0709952452300291, 3.376349906836219, 0.3517711291189972, 0.5912802668653543, 0.23105121444485016, 0.8653091383542891, 0.150974805142901, 0.2256872786101136, 0.28567248056327, 1.0105601251744611, 0.21434303819967254, 0.8156261831058352, 0.7573129276674435, 0.41331804128892463, 1.5503070351860233, 0.5114944808378609, 0.9405909825941311, 0.6524182521588215, 0.9599546179494536, 0.1871578141988583, 0.19787129653371358, 0.5123019522515574, 1.9923283789291089, 0.3397790318548444, 0.3239924989493803, 0.8944909658753605], BATTLES: 255-209-249-300-238-296-237-209-239-
41, 2, 2229, [0.36663755975402906, 0.7180767298003746, 0.4571212892772482, 0.38706711584777964, 0.8417288315322851, 1, 0.6458150043685406, 0, 0.5602710251334875, 0.35406665140336196, 0.7768455131250489, 0, 0.5129205811417046, 1, 0.5401713828425245, 0.4812488419218113, 0, 0.43499739820214534, 0, 1, 1, 0.13963733211640417, 0, 0.08679273453805694, 0, 0.30909831826438594, 0, 0.6309262867384305, 0.17092059416214614, 0.05291566448956136, 0.031146505070553828, 0.4817301004955991, 0.30524513288854416, 0.24349353891033382, 0.6951588400909834, 1.3731894374860159, 0.17651853004642082, 0.2311880904642223, 0.22575793079152526, 0.3617869094096116, 0.1151697562622772, 0.9025883372641, 0.31943657178242163, 0.40252604417641197, 2.809381550865595, 0.37734202046033005, 0.2859733419937553, 0.5960906714272408, 0.38327971364465324, 0.2377727903793715, 0.31048701499348064, 0.7279304473039243, 2.2853175183302854, 0.268003569418166, 0.4212648995035579, 0.2740786342744269], BATTLES: 256-214-243-280-265-304-258-183-226-
41, 3, 2219, [0.5266133269879709, 0.6052290414988846, 0.3972162747027166, 0.5983392470572841, 1, 0.8934132872218196, 0.22131733443235008, 0, 0.5670334376452806, 0.6905070684820614, 0.3436947841387525, 0, 0.4842269368064397, 1, 0.24288665370933957, 0.659853440618592, 1, 1, 0, 1, 0.2410650447542615, 0.42354027501751756, 0.36849351717057854, 0.18113551035985517, 0, 1, 0, 0, 0.15178819048762987, 0.05396858656398218, 0.04082539959795616, 0.8545916670533913, 0.43321717686828437, 0.32641961214979404, 0.1942469868957687, 0.6651680689161912, 0.19725584097210247, 0.23404446133628742, 0.24712426788487923, 0.5144219550610369, 0.20360170686824275, 0.6110553357599384, 0.5441706748674122, 0.2960741947423325, 1.1345644691943135, 0.3200264301291692, 0.4110506799464032, 0.6163784645928855, 0.3892098587105834, 0.2687472058268254, 0.41486967741235986, 0.48495806063182956, 4.773160599045052, 0.3110925248041542, 1.1507001203475875, 0.5164216575416974], BATTLES: 251-217-232-299-270-294-236-192-228-
41, 4, 2204, [0.5036748428169897, 0.6409872600207162, 0.41832268592980487, 0, 1, 1, 0, 0, 0.672130696975282, 0.8774183456368745, 0.820553260878043, 0.15411566622728073, 0.5023695210756535, 1, 0.380417817471538, 0.7206074811401204, 1, 1, 0, 0.8419795008163339, 0.5103926274778765, 0.33773622589443975, 0, 0, 0, 1, 0, 0, 0.15544351031584194, 0.061828437662217184, 0.02626323407658846, 0.7498447962578165, 0.7025559766020268, 0.337816615206497, 0.2696866241883165, 1.2669483319666734, 0.29101287118817026, 0.2935186854795029, 0.18378838583512144, 0.26335971470070685, 0.10052496931207648, 0.4398357560941231, 0.7220894857207734, 0.2832391805461413, 2.0448700526868895, 0.3763485978094137, 0.3766556851650588, 0.6290633611594258, 0.32948822341725936, 0.19779849158938823, 0.2358402774300588, 0.6268399471172716, 1.591987768007761, 0.2557483179743753, 0.4381523826057403, 0.28566166690969585], BATTLES: 235-192-236-279-267-310-232-206-247-
41, 5, 2201, [0.9974871596225512, 0.601395785059953, 0.5469326842175131, 0, 1, 1, 0.16768258694331462, 0, 0.7484753630812528, 0.8698536336654039, 0, 1, 0.6104545028290396, 1, 0, 1, 0.30427125880286054, 0.3418076994450847, 0.5016561474805558, 0.8570701600041553, 1, 0.3220096246368796, 0.7551296370857502, 0.49141014992025894, 0, 0.537198603165398, 1, 1, 0.28067951041207134, 0.04461466869776608, 0.08698564086173179, 3.0016253634982903, 0.2046742081893299, 0.7279490480605592, 0.2489836032337011, 0.4516627238586148, 0.08782359523446881, 0.25565711343968245, 0.37293042598802395, 2.012055227661235, 0.2659101429087299, 0.9963483538731647, 1.1656143452580796, 0.38763604735048857, 0.7594295818966394, 0.8566096061020209, 0.524592152642118, 0.7412232473313118, 0.8996630729815743, 0.13066724300089982, 0.10031973168631107, 0.5099682617232172, 3.071192546974248, 0.258891837511531, 0.38503888749969706, 0.8892792887875118], BATTLES: 262-229-236-309-243-293-224-179-226-
41, 6, 2197, [0.6819895012038848, 0.6951729243974631, 0.3860548785040118, 1, 0.7540641156534985, 0.6533002195478483, 0, 0, 0.8073892038335242, 1, 0.6877751665672492, 0.6938332133521856, 0.4301489243468413, 1, 0.2670527533984839, 0.795569518425703, 0.19746785844121484, 0.6574181721632224, 0.30838493428847924, 1, 0.7830978422929615, 0.3454011531383377, 0, 0, 0, 1, 0.11725921138681387, 0, 0.17616922790492615, 0.041569683900823315, 0.05003151719646296, 0.6977600429709702, 0.8526876970149767, 0.2342338399310945, 0.1679532372481349, 0.7534447138857711, 0.222436364639143, 0.25494062513396104, 0.1111182986758657, 0.35697381623695335, 0.13282550098573187, 0.4628396906084058, 0.2638954363449842, 0.22444240516293923, 1.4346524435929766, 0.5833828115839113, 0.35597718768932446, 0.557750401978079, 0.28200842802867604, 0.09578947479560806, 0.2207963972852647, 0.45006430808617903, 2.141205023319446, 0.1739509174221109, 0.34034884990148556, 0.3950090022221115], BATTLES: 232-206-224-282-258-287-256-206-246-
41, 7, 2196, [0.4605880317095784, 0.6987814746935157, 0.3905756123552956, 0.2068580759148404, 1, 1, 0.11105185927991837, 0, 0.706021311518647, 1, 0.5593882584639953, 0.8456557034822929, 0.4310269515111809, 1, 0.22951013544367427, 0.4167069258484402, 0, 0.6954364860544471, 0.0472831724302068, 1, 0.683118213842691, 0.05690479581014157, 0, 0, 0, 1, 0, 0, 0.22264237132672998, 0.025358031902400085, 0.05649422792733697, 0.6234867796883795, 1.187701433890651, 0.31638154146481967, 0.14376782248984915, 0.7161435049700821, 0.23342679525547685, 0.3283388641345004, 0.09389627890586637, 0.3642193471852382, 0.11780862789253307, 0.6793578464361699, 0.23898824811949038, 0.20348129309383461, 1.1960836259047143, 0.7121162007012175, 0.4594316998986729, 0.9115099811581354, 0.17112319313851312, 0.12984312533989412, 0.5000875711646644, 0.5160511113166383, 2.836908206760369, 0.11537693796625223, 0.5746589827034481, 0.3954551335739962], BATTLES: 253-196-253-274-247-301-240-191-241-
41, 8, 2176, [0.4503982621766578, 0.686781115746897, 0.4137640044586639, 1, 0.6442703916274677, 0.8342495728885919, 0, 0, 0.6425816805711817, 1, 0.803028130503614, 0.32245160287902475, 0.544098666692663, 0.8811003320592882, 0.7704843284918066, 0.6003269192844345, 0, 0.07580677230630872, 0, 1, 0.3512340611181709, 0.28928755463871825, 0.20828642602013853, 0.7345323922296212, 0, 1, 0, 0.13508743461098233, 0.09360303949178271, 0.02680408406700171, 0.01856083136519032, 0.5683642583472832, 0.7027317622585854, 0.43189491430536187, 0.17051801068300923, 0.7182274798745307, 0.28905024796788154, 0.14673166703626883, 0.17233490789557376, 0.34809855079454194, 0.06982413373135714, 0.32681021076026157, 0.7506089942453327, 0.3826766455391663, 2.4145986450008863, 0.2841389437416688, 0.21371635567492125, 0.7139295228893344, 0.5851092838994639, 0.17450630746798157, 0.07633910561858165, 0.9349726009159984, 0.8929218959008057, 0.22604076793613193, 0.6930262667852408, 0.37432340548993137], BATTLES: 249-200-244-281-253-299-221-187-242-
41, 9, 2156, [0.5430443373981854, 0.7520813898475559, 0.4135320743688236, 0.18834615110560454, 1, 0.9623309711825855, 1, 0, 0.8625453914826506, 0.9593473485538745, 0, 0.517297684528141, 0.5783688247623833, 0, 0.4543561273247863, 1, 0, 0.42962720939267207, 0, 1, 0.6535824721753782, 0.32144223744262096, 0, 0.3107074276610789, 0.6394912098571988, 0, 0, 0.9491079450967486, 0.10610277577343633, 0.04161910695478383, 0.009333260601013537, 0.5197735929907309, 0.7370859325963447, 0.19122250511869368, 1.126314066255028, 1.6773851904880952, 0.1897818651456916, 0.30071523584670007, 0.25679364875360594, 0.17170597493461823, 0.1393786131607501, 0.607804598101188, 0.19296151572098186, 0.17199790714287416, 1.6399905517992819, 0.18083786570218435, 0.6018704860609633, 1.2314540288093283, 0.15161186154367864, 0.10639179603302885, 0.2106174573077477, 0.7455045251603077, 0.6232471267253407, 0.2898480489903621, 1.3394089706288925, 0.2297539049118783], BATTLES: 222-203-236-287-256-296-235-190-231-
42, 0, 2124, [0.5266133269879709, 0.6052290414988846, 0.3972162747027166, 0.5983392470572841, 1, 0.8934132872218196, 0.22131733443235008, 0, 0.5670334376452806, 0.6905070684820614, 0.3436947841387525, 0, 0.4842269368064397, 1, 0.24288665370933957, 0.659853440618592, 1, 1, 0, 1, 0.2410650447542615, 0.42354027501751756, 0.36849351717057854, 0.18113551035985517, 0, 1, 0, 0, 0.15178819048762987, 0.05396858656398218, 0.04082539959795616, 0.8545916670533913, 0.43321717686828437, 0.32641961214979404, 0.1942469868957687, 0.6651680689161912, 0.19725584097210247, 0.23404446133628742, 0.24712426788487923, 0.5144219550610369, 0.20360170686824275, 0.6110553357599384, 0.5441706748674122, 0.2960741947423325, 1.1345644691943135, 0.3200264301291692, 0.4110506799464032, 0.6163784645928855, 0.3892098587105834, 0.2687472058268254, 0.41486967741235986, 0.48495806063182956, 4.773160599045052, 0.3110925248041542, 1.1507001203475875, 0.5164216575416974], BATTLES: 236-200-229-288-269-268-231-176-227-
42, 1, 2045, [1, 0.6044747638866406, 0.5134281980286922, 0, 1, 1, 0.29379973145557853, 0, 0.6875516966023933, 0.8857256686489946, 0, 0, 1, 0.5799408611984653, 0.004725236208979786, 1, 0, 0.6593393220063297, 0, 1, 0, 0.5249983142619576, 0.7305518636736934, 0, 0.0521036036559101, 1, 0.37753599050585634, 1, 0.21520097003456606, 0.04381393727564348, 0.0709952452300291, 3.376349906836219, 0.3517711291189972, 0.5912802668653543, 0.23105121444485016, 0.8653091383542891, 0.150974805142901, 0.2256872786101136, 0.28567248056327, 1.0105601251744611, 0.21434303819967254, 0.8156261831058352, 0.7573129276674435, 0.41331804128892463, 1.5503070351860233, 0.5114944808378609, 0.9405909825941311, 0.6524182521588215, 0.9599546179494536, 0.1871578141988583, 0.19787129653371358, 0.5123019522515574, 1.9923283789291089, 0.3397790318548444, 0.3239924989493803, 0.8944909658753605], BATTLES: 230-195-212-288-231-266-246-177-200-
42, 2, 2025, [0.6819895012038848, 0.6951729243974631, 0.3860548785040118, 1, 0.7540641156534985, 0.6533002195478483, 0, 0, 0.8073892038335242, 1, 0.6877751665672492, 0.6938332133521856, 0.4301489243468413, 1, 0.2670527533984839, 0.795569518425703, 0.19746785844121484, 0.6574181721632224, 0.30838493428847924, 1, 0.7830978422929615, 0.3454011531383377, 0, 0, 0, 1, 0.11725921138681387, 0, 0.17616922790492615, 0.041569683900823315, 0.05003151719646296, 0.6977600429709702, 0.8526876970149767, 0.2342338399310945, 0.1679532372481349, 0.7534447138857711, 0.222436364639143, 0.25494062513396104, 0.1111182986758657, 0.35697381623695335, 0.13282550098573187, 0.4628396906084058, 0.2638954363449842, 0.22444240516293923, 1.4346524435929766, 0.5833828115839113, 0.35597718768932446, 0.557750401978079, 0.28200842802867604, 0.09578947479560806, 0.2207963972852647, 0.45006430808617903, 2.141205023319446, 0.1739509174221109, 0.34034884990148556, 0.3950090022221115], BATTLES: 220-168-189-283-245-268-236-181-235-
42, 3, 2013, [0.9974871596225512, 0.601395785059953, 0.5469326842175131, 0, 1, 1, 0.16768258694331462, 0, 0.7484753630812528, 0.8698536336654039, 0, 1, 0.6104545028290396, 1, 0, 1, 0.30427125880286054, 0.3418076994450847, 0.5016561474805558, 0.8570701600041553, 1, 0.3220096246368796, 0.7551296370857502, 0.49141014992025894, 0, 0.537198603165398, 1, 1, 0.28067951041207134, 0.04461466869776608, 0.08698564086173179, 3.0016253634982903, 0.2046742081893299, 0.7279490480605592, 0.2489836032337011, 0.4516627238586148, 0.08782359523446881, 0.25565711343968245, 0.37293042598802395, 2.012055227661235, 0.2659101429087299, 0.9963483538731647, 1.1656143452580796, 0.38763604735048857, 0.7594295818966394, 0.8566096061020209, 0.524592152642118, 0.7412232473313118, 0.8996630729815743, 0.13066724300089982, 0.10031973168631107, 0.5099682617232172, 3.071192546974248, 0.258891837511531, 0.38503888749969706, 0.8892792887875118], BATTLES: 221-202-222-280-224-267-211-178-208-
42, 4, 2005, [0.454811893904422, 0.6637519600305491, 0.44140175095883605, 1, 0.8596063467137397, 0.9887304422279477, 0, 0, 0.7661511192688948, 1, 0.6962006433497696, 0, 0.5582662271005127, 0.948314674619618, 1, 1, 0.04151889109706053, 0.3785926554573499, 0, 1, 0.10692586457457631, 0.35428052064410065, 0.2202319074657176, 1, 0, 0.8720693560998789, 0, 0.5710089101135115, 0.08351964266474579, 0.04516967408289181, 0.018521888761979046, 0.7243407861681692, 0.8229205645557203, 0.4585483720560686, 0.2540360780136722, 0.8494832974426012, 0.39435681375539183, 0.1946134957965154, 0.16249197856768177, 0.2860999314229981, 0.05039157514460588, 0.3228883697678384, 0.9151125034864184, 0.4054881185726116, 1.7960340351773583, 0.43020265742826785, 0.20539493072654105, 0.5948070165795798, 0.3496678237685034, 0.19204749769854787, 0.22312047885972058, 0.7520297962622848, 1.2681167000923725, 0.24063209456157836, 0.416210467163915, 0.40697960358618507], BATTLES: 216-174-214-271-246-279-202-173-230-
42, 5, 1994, [0.5430443373981854, 0.7520813898475559, 0.4135320743688236, 0.18834615110560454, 1, 0.9623309711825855, 1, 0, 0.8625453914826506, 0.9593473485538745, 0, 0.517297684528141, 0.5783688247623833, 0, 0.4543561273247863, 1, 0, 0.42962720939267207, 0, 1, 0.6535824721753782, 0.32144223744262096, 0, 0.3107074276610789, 0.6394912098571988, 0, 0, 0.9491079450967486, 0.10610277577343633, 0.04161910695478383, 0.009333260601013537, 0.5197735929907309, 0.7370859325963447, 0.19122250511869368, 1.126314066255028, 1.6773851904880952, 0.1897818651456916, 0.30071523584670007, 0.25679364875360594, 0.17170597493461823, 0.1393786131607501, 0.607804598101188, 0.19296151572098186, 0.17199790714287416, 1.6399905517992819, 0.18083786570218435, 0.6018704860609633, 1.2314540288093283, 0.15161186154367864, 0.10639179603302885, 0.2106174573077477, 0.7455045251603077, 0.6232471267253407, 0.2898480489903621, 1.3394089706288925, 0.2297539049118783], BATTLES: 220-176-205-267-239-269-218-181-219-
42, 6, 1981, [0.4605880317095784, 0.6987814746935157, 0.3905756123552956, 0.2068580759148404, 1, 1, 0.11105185927991837, 0, 0.706021311518647, 1, 0.5593882584639953, 0.8456557034822929, 0.4310269515111809, 1, 0.22951013544367427, 0.4167069258484402, 0, 0.6954364860544471, 0.0472831724302068, 1, 0.683118213842691, 0.05690479581014157, 0, 0, 0, 1, 0, 0, 0.22264237132672998, 0.025358031902400085, 0.05649422792733697, 0.6234867796883795, 1.187701433890651, 0.31638154146481967, 0.14376782248984915, 0.7161435049700821, 0.23342679525547685, 0.3283388641345004, 0.09389627890586637, 0.3642193471852382, 0.11780862789253307, 0.6793578464361699, 0.23898824811949038, 0.20348129309383461, 1.1960836259047143, 0.7121162007012175, 0.4594316998986729, 0.9115099811581354, 0.17112319313851312, 0.12984312533989412, 0.5000875711646644, 0.5160511113166383, 2.836908206760369, 0.11537693796625223, 0.5746589827034481, 0.3954551335739962], BATTLES: 202-179-206-269-247-259-217-169-233-
42, 7, 1966, [0.36663755975402906, 0.7180767298003746, 0.4571212892772482, 0.38706711584777964, 0.8417288315322851, 1, 0.6458150043685406, 0, 0.5602710251334875, 0.35406665140336196, 0.7768455131250489, 0, 0.5129205811417046, 1, 0.5401713828425245, 0.4812488419218113, 0, 0.43499739820214534, 0, 1, 1, 0.13963733211640417, 0, 0.08679273453805694, 0, 0.30909831826438594, 0, 0.6309262867384305, 0.17092059416214614, 0.05291566448956136, 0.031146505070553828, 0.4817301004955991, 0.30524513288854416, 0.24349353891033382, 0.6951588400909834, 1.3731894374860159, 0.17651853004642082, 0.2311880904642223, 0.22575793079152526, 0.3617869094096116, 0.1151697562622772, 0.9025883372641, 0.31943657178242163, 0.40252604417641197, 2.809381550865595, 0.37734202046033005, 0.2859733419937553, 0.5960906714272408, 0.38327971364465324, 0.2377727903793715, 0.31048701499348064, 0.7279304473039243, 2.2853175183302854, 0.268003569418166, 0.4212648995035579, 0.2740786342744269], BATTLES: 199-178-207-284-236-257-241-155-209-
42, 8, 1952, [0.5036748428169897, 0.6409872600207162, 0.41832268592980487, 0, 1, 1, 0, 0, 0.672130696975282, 0.8774183456368745, 0.820553260878043, 0.15411566622728073, 0.5023695210756535, 1, 0.380417817471538, 0.7206074811401204, 1, 1, 0, 0.8419795008163339, 0.5103926274778765, 0.33773622589443975, 0, 0, 0, 1, 0, 0, 0.15544351031584194, 0.061828437662217184, 0.02626323407658846, 0.7498447962578165, 0.7025559766020268, 0.337816615206497, 0.2696866241883165, 1.2669483319666734, 0.29101287118817026, 0.2935186854795029, 0.18378838583512144, 0.26335971470070685, 0.10052496931207648, 0.4398357560941231, 0.7220894857207734, 0.2832391805461413, 2.0448700526868895, 0.3763485978094137, 0.3766556851650588, 0.6290633611594258, 0.32948822341725936, 0.19779849158938823, 0.2358402774300588, 0.6268399471172716, 1.591987768007761, 0.2557483179743753, 0.4381523826057403, 0.28566166690969585], BATTLES: 217-152-182-260-233-304-205-173-226-
42, 9, 1952, [0.4503982621766578, 0.686781115746897, 0.4137640044586639, 1, 0.6442703916274677, 0.8342495728885919, 0, 0, 0.6425816805711817, 1, 0.803028130503614, 0.32245160287902475, 0.544098666692663, 0.8811003320592882, 0.7704843284918066, 0.6003269192844345, 0, 0.07580677230630872, 0, 1, 0.3512340611181709, 0.28928755463871825, 0.20828642602013853, 0.7345323922296212, 0, 1, 0, 0.13508743461098233, 0.09360303949178271, 0.02680408406700171, 0.01856083136519032, 0.5683642583472832, 0.7027317622585854, 0.43189491430536187, 0.17051801068300923, 0.7182274798745307, 0.28905024796788154, 0.14673166703626883, 0.17233490789557376, 0.34809855079454194, 0.06982413373135714, 0.32681021076026157, 0.7506089942453327, 0.3826766455391663, 2.4145986450008863, 0.2841389437416688, 0.21371635567492125, 0.7139295228893344, 0.5851092838994639, 0.17450630746798157, 0.07633910561858165, 0.9349726009159984, 0.8929218959008057, 0.22604076793613193, 0.6930262667852408, 0.37432340548993137], BATTLES: 230-175-199-260-241-264-200-170-213-
43, 0, 2057, [0.4323486621634988, 0.6925303106172657, 0.36509939623122556, 0.038533950040060355, 1, 1, 0.14339887036978605, 0, 0.720411036097252, 0.7632466755292471, 0.7652128066218916, 1, 0.4300400288767778, 1, 0.1260670143150202, 0.17792797054972154, 0, 1, 0.16432203402069331, 1, 0.6056510921947988, 0.2508072230399696, 0.5463806136465679, 0.42596748545929053, 0, 0.9878118940857974, 0, 0, 0.1512489307864335, 0.027480035013055504, 0.06906898033184881, 0.32468552948926793, 1.5525048811025493, 0.32008175028772395, 0.1408776177334489, 1.017881699187475, 0.20606070457581757, 0.30899518517124896, 0.11824377609043023, 0.42237837939192063, 0.06510704008893148, 0.7222330556187875, 0.1576763303492654, 0.23133381783723564, 2.0118371584856023, 0.7172039572115262, 0.29168950688379996, 2.087890202518053, 0.26213121241271475, 0.09858889801738006, 0.6013827646507592, 0.5836249574487798, 2.7306027390378693, 0.12960728641175304, 0.6640440807402277, 0.37152218299378564], BATTLES: 244-173-218-303-245-292-196-169-217-
43, 1, 2054, [1, 0.6044747638866406, 0.5134281980286922, 0, 1, 1, 0.29379973145557853, 0, 0.6875516966023933, 0.8857256686489946, 0, 0, 1, 0.5799408611984653, 0.004725236208979786, 1, 0, 0.6593393220063297, 0, 1, 0, 0.5249983142619576, 0.7305518636736934, 0, 0.0521036036559101, 1, 0.37753599050585634, 1, 0.21520097003456606, 0.04381393727564348, 0.0709952452300291, 3.376349906836219, 0.3517711291189972, 0.5912802668653543, 0.23105121444485016, 0.8653091383542891, 0.150974805142901, 0.2256872786101136, 0.28567248056327, 1.0105601251744611, 0.21434303819967254, 0.8156261831058352, 0.7573129276674435, 0.41331804128892463, 1.5503070351860233, 0.5114944808378609, 0.9405909825941311, 0.6524182521588215, 0.9599546179494536, 0.1871578141988583, 0.19787129653371358, 0.5123019522515574, 1.9923283789291089, 0.3397790318548444, 0.3239924989493803, 0.8944909658753605], BATTLES: 258-182-230-282-228-261-225-187-201-
43, 2, 2049, [0.5266133269879709, 0.6052290414988846, 0.3972162747027166, 0.5983392470572841, 1, 0.8934132872218196, 0.22131733443235008, 0, 0.5670334376452806, 0.6905070684820614, 0.3436947841387525, 0, 0.4842269368064397, 1, 0.24288665370933957, 0.659853440618592, 1, 1, 0, 1, 0.2410650447542615, 0.42354027501751756, 0.36849351717057854, 0.18113551035985517, 0, 1, 0, 0, 0.15178819048762987, 0.05396858656398218, 0.04082539959795616, 0.8545916670533913, 0.43321717686828437, 0.32641961214979404, 0.1942469868957687, 0.6651680689161912, 0.19725584097210247, 0.23404446133628742, 0.24712426788487923, 0.5144219550610369, 0.20360170686824275, 0.6110553357599384, 0.5441706748674122, 0.2960741947423325, 1.1345644691943135, 0.3200264301291692, 0.4110506799464032, 0.6163784645928855, 0.3892098587105834, 0.2687472058268254, 0.41486967741235986, 0.48495806063182956, 4.773160599045052, 0.3110925248041542, 1.1507001203475875, 0.5164216575416974], BATTLES: 242-183-219-279-225-280-220-171-230-
43, 3, 2033, [0.4503982621766578, 0.686781115746897, 0.4137640044586639, 1, 0.6442703916274677, 0.8342495728885919, 0, 0, 0.6425816805711817, 1, 0.803028130503614, 0.32245160287902475, 0.544098666692663, 0.8811003320592882, 0.7704843284918066, 0.6003269192844345, 0, 0.07580677230630872, 0, 1, 0.3512340611181709, 0.28928755463871825, 0.20828642602013853, 0.7345323922296212, 0, 1, 0, 0.13508743461098233, 0.09360303949178271, 0.02680408406700171, 0.01856083136519032, 0.5683642583472832, 0.7027317622585854, 0.43189491430536187, 0.17051801068300923, 0.7182274798745307, 0.28905024796788154, 0.14673166703626883, 0.17233490789557376, 0.34809855079454194, 0.06982413373135714, 0.32681021076026157, 0.7506089942453327, 0.3826766455391663, 2.4145986450008863, 0.2841389437416688, 0.21371635567492125, 0.7139295228893344, 0.5851092838994639, 0.17450630746798157, 0.07633910561858165, 0.9349726009159984, 0.8929218959008057, 0.22604076793613193, 0.6930262667852408, 0.37432340548993137], BATTLES: 240-191-217-268-236-268-220-159-234-
43, 4, 2008, [0.6819895012038848, 0.6951729243974631, 0.3860548785040118, 1, 0.7540641156534985, 0.6533002195478483, 0, 0, 0.8073892038335242, 1, 0.6877751665672492, 0.6938332133521856, 0.4301489243468413, 1, 0.2670527533984839, 0.795569518425703, 0.19746785844121484, 0.6574181721632224, 0.30838493428847924, 1, 0.7830978422929615, 0.3454011531383377, 0, 0, 0, 1, 0.11725921138681387, 0, 0.17616922790492615, 0.041569683900823315, 0.05003151719646296, 0.6977600429709702, 0.8526876970149767, 0.2342338399310945, 0.1679532372481349, 0.7534447138857711, 0.222436364639143, 0.25494062513396104, 0.1111182986758657, 0.35697381623695335, 0.13282550098573187, 0.4628396906084058, 0.2638954363449842, 0.22444240516293923, 1.4346524435929766, 0.5833828115839113, 0.35597718768932446, 0.557750401978079, 0.28200842802867604, 0.09578947479560806, 0.2207963972852647, 0.45006430808617903, 2.141205023319446, 0.1739509174221109, 0.34034884990148556, 0.3950090022221115], BATTLES: 203-165-195-273-247-249-241-201-234-
43, 5, 2007, [0.5036748428169897, 0.6409872600207162, 0.41832268592980487, 0, 1, 1, 0, 0, 0.672130696975282, 0.8774183456368745, 0.820553260878043, 0.15411566622728073, 0.5023695210756535, 1, 0.380417817471538, 0.7206074811401204, 1, 1, 0, 0.8419795008163339, 0.5103926274778765, 0.33773622589443975, 0, 0, 0, 1, 0, 0, 0.15544351031584194, 0.061828437662217184, 0.02626323407658846, 0.7498447962578165, 0.7025559766020268, 0.337816615206497, 0.2696866241883165, 1.2669483319666734, 0.29101287118817026, 0.2935186854795029, 0.18378838583512144, 0.26335971470070685, 0.10052496931207648, 0.4398357560941231, 0.7220894857207734, 0.2832391805461413, 2.0448700526868895, 0.3763485978094137, 0.3766556851650588, 0.6290633611594258, 0.32948822341725936, 0.19779849158938823, 0.2358402774300588, 0.6268399471172716, 1.591987768007761, 0.2557483179743753, 0.4381523826057403, 0.28566166690969585], BATTLES: 205-168-211-276-242-299-215-163-228-
43, 6, 2005, [0.4605880317095784, 0.6987814746935157, 0.3905756123552956, 0.2068580759148404, 1, 1, 0.11105185927991837, 0, 0.706021311518647, 1, 0.5593882584639953, 0.8456557034822929, 0.4310269515111809, 1, 0.22951013544367427, 0.4167069258484402, 0, 0.6954364860544471, 0.0472831724302068, 1, 0.683118213842691, 0.05690479581014157, 0, 0, 0, 1, 0, 0, 0.22264237132672998, 0.025358031902400085, 0.05649422792733697, 0.6234867796883795, 1.187701433890651, 0.31638154146481967, 0.14376782248984915, 0.7161435049700821, 0.23342679525547685, 0.3283388641345004, 0.09389627890586637, 0.3642193471852382, 0.11780862789253307, 0.6793578464361699, 0.23898824811949038, 0.20348129309383461, 1.1960836259047143, 0.7121162007012175, 0.4594316998986729, 0.9115099811581354, 0.17112319313851312, 0.12984312533989412, 0.5000875711646644, 0.5160511113166383, 2.836908206760369, 0.11537693796625223, 0.5746589827034481, 0.3954551335739962], BATTLES: 221-161-194-279-229-266-243-181-231-
43, 7, 1998, [0.454811893904422, 0.6637519600305491, 0.44140175095883605, 1, 0.8596063467137397, 0.9887304422279477, 0, 0, 0.7661511192688948, 1, 0.6962006433497696, 0, 0.5582662271005127, 0.948314674619618, 1, 1, 0.04151889109706053, 0.3785926554573499, 0, 1, 0.10692586457457631, 0.35428052064410065, 0.2202319074657176, 1, 0, 0.8720693560998789, 0, 0.5710089101135115, 0.08351964266474579, 0.04516967408289181, 0.018521888761979046, 0.7243407861681692, 0.8229205645557203, 0.4585483720560686, 0.2540360780136722, 0.8494832974426012, 0.39435681375539183, 0.1946134957965154, 0.16249197856768177, 0.2860999314229981, 0.05039157514460588, 0.3228883697678384, 0.9151125034864184, 0.4054881185726116, 1.7960340351773583, 0.43020265742826785, 0.20539493072654105, 0.5948070165795798, 0.3496678237685034, 0.19204749769854787, 0.22312047885972058, 0.7520297962622848, 1.2681167000923725, 0.24063209456157836, 0.416210467163915, 0.40697960358618507], BATTLES: 250-188-243-265-215-255-209-169-204-
43, 8, 1995, [0.36663755975402906, 0.7180767298003746, 0.4571212892772482, 0.38706711584777964, 0.8417288315322851, 1, 0.6458150043685406, 0, 0.5602710251334875, 0.35406665140336196, 0.7768455131250489, 0, 0.5129205811417046, 1, 0.5401713828425245, 0.4812488419218113, 0, 0.43499739820214534, 0, 1, 1, 0.13963733211640417, 0, 0.08679273453805694, 0, 0.30909831826438594, 0, 0.6309262867384305, 0.17092059416214614, 0.05291566448956136, 0.031146505070553828, 0.4817301004955991, 0.30524513288854416, 0.24349353891033382, 0.6951588400909834, 1.3731894374860159, 0.17651853004642082, 0.2311880904642223, 0.22575793079152526, 0.3617869094096116, 0.1151697562622772, 0.9025883372641, 0.31943657178242163, 0.40252604417641197, 2.809381550865595, 0.37734202046033005, 0.2859733419937553, 0.5960906714272408, 0.38327971364465324, 0.2377727903793715, 0.31048701499348064, 0.7279304473039243, 2.2853175183302854, 0.268003569418166, 0.4212648995035579, 0.2740786342744269], BATTLES: 212-184-213-279-237-269-216-165-220-
43, 9, 1994, [0.9974871596225512, 0.601395785059953, 0.5469326842175131, 0, 1, 1, 0.16768258694331462, 0, 0.7484753630812528, 0.8698536336654039, 0, 1, 0.6104545028290396, 1, 0, 1, 0.30427125880286054, 0.3418076994450847, 0.5016561474805558, 0.8570701600041553, 1, 0.3220096246368796, 0.7551296370857502, 0.49141014992025894, 0, 0.537198603165398, 1, 1, 0.28067951041207134, 0.04461466869776608, 0.08698564086173179, 3.0016253634982903, 0.2046742081893299, 0.7279490480605592, 0.2489836032337011, 0.4516627238586148, 0.08782359523446881, 0.25565711343968245, 0.37293042598802395, 2.012055227661235, 0.2659101429087299, 0.9963483538731647, 1.1656143452580796, 0.38763604735048857, 0.7594295818966394, 0.8566096061020209, 0.524592152642118, 0.7412232473313118, 0.8996630729815743, 0.13066724300089982, 0.10031973168631107, 0.5099682617232172, 3.071192546974248, 0.258891837511531, 0.38503888749969706, 0.8892792887875118], BATTLES: 224-186-231-286-200-268-222-167-210-
44, 0, 2191, [0.4323486621634988, 0.6925303106172657, 0.36509939623122556, 0.038533950040060355, 1, 1, 0.14339887036978605, 0, 0.720411036097252, 0.7632466755292471, 0.7652128066218916, 1, 0.4300400288767778, 1, 0.1260670143150202, 0.17792797054972154, 0, 1, 0.16432203402069331, 1, 0.6056510921947988, 0.2508072230399696, 0.5463806136465679, 0.42596748545929053, 0, 0.9878118940857974, 0, 0, 0.1512489307864335, 0.027480035013055504, 0.06906898033184881, 0.32468552948926793, 1.5525048811025493, 0.32008175028772395, 0.1408776177334489, 1.017881699187475, 0.20606070457581757, 0.30899518517124896, 0.11824377609043023, 0.42237837939192063, 0.06510704008893148, 0.7222330556187875, 0.1576763303492654, 0.23133381783723564, 2.0118371584856023, 0.7172039572115262, 0.29168950688379996, 2.087890202518053, 0.26213121241271475, 0.09858889801738006, 0.6013827646507592, 0.5836249574487798, 2.7306027390378693, 0.12960728641175304, 0.6640440807402277, 0.37152218299378564], BATTLES: 255-191-230-300-280-296-220-178-241-
44, 1, 2170, [0.5266133269879709, 0.6052290414988846, 0.3972162747027166, 0.5983392470572841, 1, 0.8934132872218196, 0.22131733443235008, 0, 0.5670334376452806, 0.6905070684820614, 0.3436947841387525, 0, 0.4842269368064397, 1, 0.24288665370933957, 0.659853440618592, 1, 1, 0, 1, 0.2410650447542615, 0.42354027501751756, 0.36849351717057854, 0.18113551035985517, 0, 1, 0, 0, 0.15178819048762987, 0.05396858656398218, 0.04082539959795616, 0.8545916670533913, 0.43321717686828437, 0.32641961214979404, 0.1942469868957687, 0.6651680689161912, 0.19725584097210247, 0.23404446133628742, 0.24712426788487923, 0.5144219550610369, 0.20360170686824275, 0.6110553357599384, 0.5441706748674122, 0.2960741947423325, 1.1345644691943135, 0.3200264301291692, 0.4110506799464032, 0.6163784645928855, 0.3892098587105834, 0.2687472058268254, 0.41486967741235986, 0.48495806063182956, 4.773160599045052, 0.3110925248041542, 1.1507001203475875, 0.5164216575416974], BATTLES: 248-208-221-288-272-288-229-193-223-
44, 2, 2168, [1, 0.6044747638866406, 0.5134281980286922, 0, 1, 1, 0.29379973145557853, 0, 0.6875516966023933, 0.8857256686489946, 0, 0, 1, 0.5799408611984653, 0.004725236208979786, 1, 0, 0.6593393220063297, 0, 1, 0, 0.5249983142619576, 0.7305518636736934, 0, 0.0521036036559101, 1, 0.37753599050585634, 1, 0.21520097003456606, 0.04381393727564348, 0.0709952452300291, 3.376349906836219, 0.3517711291189972, 0.5912802668653543, 0.23105121444485016, 0.8653091383542891, 0.150974805142901, 0.2256872786101136, 0.28567248056327, 1.0105601251744611, 0.21434303819967254, 0.8156261831058352, 0.7573129276674435, 0.41331804128892463, 1.5503070351860233, 0.5114944808378609, 0.9405909825941311, 0.6524182521588215, 0.9599546179494536, 0.1871578141988583, 0.19787129653371358, 0.5123019522515574, 1.9923283789291089, 0.3397790318548444, 0.3239924989493803, 0.8944909658753605], BATTLES: 241-216-234-299-244-271-247-189-227-
44, 3, 2146, [0.454811893904422, 0.6637519600305491, 0.44140175095883605, 1, 0.8596063467137397, 0.9887304422279477, 0, 0, 0.7661511192688948, 1, 0.6962006433497696, 0, 0.5582662271005127, 0.948314674619618, 1, 1, 0.04151889109706053, 0.3785926554573499, 0, 1, 0.10692586457457631, 0.35428052064410065, 0.2202319074657176, 1, 0, 0.8720693560998789, 0, 0.5710089101135115, 0.08351964266474579, 0.04516967408289181, 0.018521888761979046, 0.7243407861681692, 0.8229205645557203, 0.4585483720560686, 0.2540360780136722, 0.8494832974426012, 0.39435681375539183, 0.1946134957965154, 0.16249197856768177, 0.2860999314229981, 0.05039157514460588, 0.3228883697678384, 0.9151125034864184, 0.4054881185726116, 1.7960340351773583, 0.43020265742826785, 0.20539493072654105, 0.5948070165795798, 0.3496678237685034, 0.19204749769854787, 0.22312047885972058, 0.7520297962622848, 1.2681167000923725, 0.24063209456157836, 0.416210467163915, 0.40697960358618507], BATTLES: 253-190-237-275-243-281-228-178-261-
44, 4, 2143, [0.6819895012038848, 0.6951729243974631, 0.3860548785040118, 1, 0.7540641156534985, 0.6533002195478483, 0, 0, 0.8073892038335242, 1, 0.6877751665672492, 0.6938332133521856, 0.4301489243468413, 1, 0.2670527533984839, 0.795569518425703, 0.19746785844121484, 0.6574181721632224, 0.30838493428847924, 1, 0.7830978422929615, 0.3454011531383377, 0, 0, 0, 1, 0.11725921138681387, 0, 0.17616922790492615, 0.041569683900823315, 0.05003151719646296, 0.6977600429709702, 0.8526876970149767, 0.2342338399310945, 0.1679532372481349, 0.7534447138857711, 0.222436364639143, 0.25494062513396104, 0.1111182986758657, 0.35697381623695335, 0.13282550098573187, 0.4628396906084058, 0.2638954363449842, 0.22444240516293923, 1.4346524435929766, 0.5833828115839113, 0.35597718768932446, 0.557750401978079, 0.28200842802867604, 0.09578947479560806, 0.2207963972852647, 0.45006430808617903, 2.141205023319446, 0.1739509174221109, 0.34034884990148556, 0.3950090022221115], BATTLES: 234-187-207-282-254-289-234-208-248-
44, 5, 2134, [0.5036748428169897, 0.6409872600207162, 0.41832268592980487, 0, 1, 1, 0, 0, 0.672130696975282, 0.8774183456368745, 0.820553260878043, 0.15411566622728073, 0.5023695210756535, 1, 0.380417817471538, 0.7206074811401204, 1, 1, 0, 0.8419795008163339, 0.5103926274778765, 0.33773622589443975, 0, 0, 0, 1, 0, 0, 0.15544351031584194, 0.061828437662217184, 0.02626323407658846, 0.7498447962578165, 0.7025559766020268, 0.337816615206497, 0.2696866241883165, 1.2669483319666734, 0.29101287118817026, 0.2935186854795029, 0.18378838583512144, 0.26335971470070685, 0.10052496931207648, 0.4398357560941231, 0.7220894857207734, 0.2832391805461413, 2.0448700526868895, 0.3763485978094137, 0.3766556851650588, 0.6290633611594258, 0.32948822341725936, 0.19779849158938823, 0.2358402774300588, 0.6268399471172716, 1.591987768007761, 0.2557483179743753, 0.4381523826057403, 0.28566166690969585], BATTLES: 212-189-221-286-251-306-241-192-236-
44, 6, 2110, [0.4605880317095784, 0.6987814746935157, 0.3905756123552956, 0.2068580759148404, 1, 1, 0.11105185927991837, 0, 0.706021311518647, 1, 0.5593882584639953, 0.8456557034822929, 0.4310269515111809, 1, 0.22951013544367427, 0.4167069258484402, 0, 0.6954364860544471, 0.0472831724302068, 1, 0.683118213842691, 0.05690479581014157, 0, 0, 0, 1, 0, 0, 0.22264237132672998, 0.025358031902400085, 0.05649422792733697, 0.6234867796883795, 1.187701433890651, 0.31638154146481967, 0.14376782248984915, 0.7161435049700821, 0.23342679525547685, 0.3283388641345004, 0.09389627890586637, 0.3642193471852382, 0.11780862789253307, 0.6793578464361699, 0.23898824811949038, 0.20348129309383461, 1.1960836259047143, 0.7121162007012175, 0.4594316998986729, 0.9115099811581354, 0.17112319313851312, 0.12984312533989412, 0.5000875711646644, 0.5160511113166383, 2.836908206760369, 0.11537693796625223, 0.5746589827034481, 0.3954551335739962], BATTLES: 229-184-217-297-243-294-235-186-225-
44, 7, 2096, [0.9974871596225512, 0.601395785059953, 0.5469326842175131, 0, 1, 1, 0.16768258694331462, 0, 0.7484753630812528, 0.8698536336654039, 0, 1, 0.6104545028290396, 1, 0, 1, 0.30427125880286054, 0.3418076994450847, 0.5016561474805558, 0.8570701600041553, 1, 0.3220096246368796, 0.7551296370857502, 0.49141014992025894, 0, 0.537198603165398, 1, 1, 0.28067951041207134, 0.04461466869776608, 0.08698564086173179, 3.0016253634982903, 0.2046742081893299, 0.7279490480605592, 0.2489836032337011, 0.4516627238586148, 0.08782359523446881, 0.25565711343968245, 0.37293042598802395, 2.012055227661235, 0.2659101429087299, 0.9963483538731647, 1.1656143452580796, 0.38763604735048857, 0.7594295818966394, 0.8566096061020209, 0.524592152642118, 0.7412232473313118, 0.8996630729815743, 0.13066724300089982, 0.10031973168631107, 0.5099682617232172, 3.071192546974248, 0.258891837511531, 0.38503888749969706, 0.8892792887875118], BATTLES: 255-195-236-293-228-280-230-173-206-
44, 8, 2089, [0.4503982621766578, 0.686781115746897, 0.4137640044586639, 1, 0.6442703916274677, 0.8342495728885919, 0, 0, 0.6425816805711817, 1, 0.803028130503614, 0.32245160287902475, 0.544098666692663, 0.8811003320592882, 0.7704843284918066, 0.6003269192844345, 0, 0.07580677230630872, 0, 1, 0.3512340611181709, 0.28928755463871825, 0.20828642602013853, 0.7345323922296212, 0, 1, 0, 0.13508743461098233, 0.09360303949178271, 0.02680408406700171, 0.01856083136519032, 0.5683642583472832, 0.7027317622585854, 0.43189491430536187, 0.17051801068300923, 0.7182274798745307, 0.28905024796788154, 0.14673166703626883, 0.17233490789557376, 0.34809855079454194, 0.06982413373135714, 0.32681021076026157, 0.7506089942453327, 0.3826766455391663, 2.4145986450008863, 0.2841389437416688, 0.21371635567492125, 0.7139295228893344, 0.5851092838994639, 0.17450630746798157, 0.07633910561858165, 0.9349726009159984, 0.8929218959008057, 0.22604076793613193, 0.6930262667852408, 0.37432340548993137], BATTLES: 254-189-229-261-247-291-215-171-232-
44, 9, 2089, [0.36663755975402906, 0.7180767298003746, 0.4571212892772482, 0.38706711584777964, 0.8417288315322851, 1, 0.6458150043685406, 0, 0.5602710251334875, 0.35406665140336196, 0.7768455131250489, 0, 0.5129205811417046, 1, 0.5401713828425245, 0.4812488419218113, 0, 0.43499739820214534, 0, 1, 1, 0.13963733211640417, 0, 0.08679273453805694, 0, 0.30909831826438594, 0, 0.6309262867384305, 0.17092059416214614, 0.05291566448956136, 0.031146505070553828, 0.4817301004955991, 0.30524513288854416, 0.24349353891033382, 0.6951588400909834, 1.3731894374860159, 0.17651853004642082, 0.2311880904642223, 0.22575793079152526, 0.3617869094096116, 0.1151697562622772, 0.9025883372641, 0.31943657178242163, 0.40252604417641197, 2.809381550865595, 0.37734202046033005, 0.2859733419937553, 0.5960906714272408, 0.38327971364465324, 0.2377727903793715, 0.31048701499348064, 0.7279304473039243, 2.2853175183302854, 0.268003569418166, 0.4212648995035579, 0.2740786342744269], BATTLES: 216-187-219-282-251-284-249-170-231-
45, 0, 2164, [0.5266133269879709, 0.6052290414988846, 0.3972162747027166, 0.5983392470572841, 1, 0.8934132872218196, 0.22131733443235008, 0, 0.5670334376452806, 0.6905070684820614, 0.3436947841387525, 0, 0.4842269368064397, 1, 0.24288665370933957, 0.659853440618592, 1, 1, 0, 1, 0.2410650447542615, 0.42354027501751756, 0.36849351717057854, 0.18113551035985517, 0, 1, 0, 0, 0.15178819048762987, 0.05396858656398218, 0.04082539959795616, 0.8545916670533913, 0.43321717686828437, 0.32641961214979404, 0.1942469868957687, 0.6651680689161912, 0.19725584097210247, 0.23404446133628742, 0.24712426788487923, 0.5144219550610369, 0.20360170686824275, 0.6110553357599384, 0.5441706748674122, 0.2960741947423325, 1.1345644691943135, 0.3200264301291692, 0.4110506799464032, 0.6163784645928855, 0.3892098587105834, 0.2687472058268254, 0.41486967741235986, 0.48495806063182956, 4.773160599045052, 0.3110925248041542, 1.1507001203475875, 0.5164216575416974], BATTLES: 243-210-235-296-270-277-217-194-222-
45, 1, 2123, [0.454811893904422, 0.6637519600305491, 0.44140175095883605, 1, 0.8596063467137397, 0.9887304422279477, 0, 0, 0.7661511192688948, 1, 0.6962006433497696, 0, 0.5582662271005127, 0.948314674619618, 1, 1, 0.04151889109706053, 0.3785926554573499, 0, 1, 0.10692586457457631, 0.35428052064410065, 0.2202319074657176, 1, 0, 0.8720693560998789, 0, 0.5710089101135115, 0.08351964266474579, 0.04516967408289181, 0.018521888761979046, 0.7243407861681692, 0.8229205645557203, 0.4585483720560686, 0.2540360780136722, 0.8494832974426012, 0.39435681375539183, 0.1946134957965154, 0.16249197856768177, 0.2860999314229981, 0.05039157514460588, 0.3228883697678384, 0.9151125034864184, 0.4054881185726116, 1.7960340351773583, 0.43020265742826785, 0.20539493072654105, 0.5948070165795798, 0.3496678237685034, 0.19204749769854787, 0.22312047885972058, 0.7520297962622848, 1.2681167000923725, 0.24063209456157836, 0.416210467163915, 0.40697960358618507], BATTLES: 262-199-235-272-250-272-225-173-235-
45, 2, 2085, [0.4323486621634988, 0.6925303106172657, 0.36509939623122556, 0.038533950040060355, 1, 1, 0.14339887036978605, 0, 0.720411036097252, 0.7632466755292471, 0.7652128066218916, 1, 0.4300400288767778, 1, 0.1260670143150202, 0.17792797054972154, 0, 1, 0.16432203402069331, 1, 0.6056510921947988, 0.2508072230399696, 0.5463806136465679, 0.42596748545929053, 0, 0.9878118940857974, 0, 0, 0.1512489307864335, 0.027480035013055504, 0.06906898033184881, 0.32468552948926793, 1.5525048811025493, 0.32008175028772395, 0.1408776177334489, 1.017881699187475, 0.20606070457581757, 0.30899518517124896, 0.11824377609043023, 0.42237837939192063, 0.06510704008893148, 0.7222330556187875, 0.1576763303492654, 0.23133381783723564, 2.0118371584856023, 0.7172039572115262, 0.29168950688379996, 2.087890202518053, 0.26213121241271475, 0.09858889801738006, 0.6013827646507592, 0.5836249574487798, 2.7306027390378693, 0.12960728641175304, 0.6640440807402277, 0.37152218299378564], BATTLES: 234-220-214-280-274-280-207-164-212-
45, 3, 2082, [0.4503982621766578, 0.686781115746897, 0.4137640044586639, 1, 0.6442703916274677, 0.8342495728885919, 0, 0, 0.6425816805711817, 1, 0.803028130503614, 0.32245160287902475, 0.544098666692663, 0.8811003320592882, 0.7704843284918066, 0.6003269192844345, 0, 0.07580677230630872, 0, 1, 0.3512340611181709, 0.28928755463871825, 0.20828642602013853, 0.7345323922296212, 0, 1, 0, 0.13508743461098233, 0.09360303949178271, 0.02680408406700171, 0.01856083136519032, 0.5683642583472832, 0.7027317622585854, 0.43189491430536187, 0.17051801068300923, 0.7182274798745307, 0.28905024796788154, 0.14673166703626883, 0.17233490789557376, 0.34809855079454194, 0.06982413373135714, 0.32681021076026157, 0.7506089942453327, 0.3826766455391663, 2.4145986450008863, 0.2841389437416688, 0.21371635567492125, 0.7139295228893344, 0.5851092838994639, 0.17450630746798157, 0.07633910561858165, 0.9349726009159984, 0.8929218959008057, 0.22604076793613193, 0.6930262667852408, 0.37432340548993137], BATTLES: 229-211-229-258-261-282-216-163-233-
45, 4, 2076, [1, 0.6044747638866406, 0.5134281980286922, 0, 1, 1, 0.29379973145557853, 0, 0.6875516966023933, 0.8857256686489946, 0, 0, 1, 0.5799408611984653, 0.004725236208979786, 1, 0, 0.6593393220063297, 0, 1, 0, 0.5249983142619576, 0.7305518636736934, 0, 0.0521036036559101, 1, 0.37753599050585634, 1, 0.21520097003456606, 0.04381393727564348, 0.0709952452300291, 3.376349906836219, 0.3517711291189972, 0.5912802668653543, 0.23105121444485016, 0.8653091383542891, 0.150974805142901, 0.2256872786101136, 0.28567248056327, 1.0105601251744611, 0.21434303819967254, 0.8156261831058352, 0.7573129276674435, 0.41331804128892463, 1.5503070351860233, 0.5114944808378609, 0.9405909825941311, 0.6524182521588215, 0.9599546179494536, 0.1871578141988583, 0.19787129653371358, 0.5123019522515574, 1.9923283789291089, 0.3397790318548444, 0.3239924989493803, 0.8944909658753605], BATTLES: 239-206-224-281-228-265-238-185-210-
45, 5, 2072, [0.4605880317095784, 0.6987814746935157, 0.3905756123552956, 0.2068580759148404, 1, 1, 0.11105185927991837, 0, 0.706021311518647, 1, 0.5593882584639953, 0.8456557034822929, 0.4310269515111809, 1, 0.22951013544367427, 0.4167069258484402, 0, 0.6954364860544471, 0.0472831724302068, 1, 0.683118213842691, 0.05690479581014157, 0, 0, 0, 1, 0, 0, 0.22264237132672998, 0.025358031902400085, 0.05649422792733697, 0.6234867796883795, 1.187701433890651, 0.31638154146481967, 0.14376782248984915, 0.7161435049700821, 0.23342679525547685, 0.3283388641345004, 0.09389627890586637, 0.3642193471852382, 0.11780862789253307, 0.6793578464361699, 0.23898824811949038, 0.20348129309383461, 1.1960836259047143, 0.7121162007012175, 0.4594316998986729, 0.9115099811581354, 0.17112319313851312, 0.12984312533989412, 0.5000875711646644, 0.5160511113166383, 2.836908206760369, 0.11537693796625223, 0.5746589827034481, 0.3954551335739962], BATTLES: 227-188-213-274-249-278-224-181-238-
45, 6, 2060, [0.6819895012038848, 0.6951729243974631, 0.3860548785040118, 1, 0.7540641156534985, 0.6533002195478483, 0, 0, 0.8073892038335242, 1, 0.6877751665672492, 0.6938332133521856, 0.4301489243468413, 1, 0.2670527533984839, 0.795569518425703, 0.19746785844121484, 0.6574181721632224, 0.30838493428847924, 1, 0.7830978422929615, 0.3454011531383377, 0, 0, 0, 1, 0.11725921138681387, 0, 0.17616922790492615, 0.041569683900823315, 0.05003151719646296, 0.6977600429709702, 0.8526876970149767, 0.2342338399310945, 0.1679532372481349, 0.7534447138857711, 0.222436364639143, 0.25494062513396104, 0.1111182986758657, 0.35697381623695335, 0.13282550098573187, 0.4628396906084058, 0.2638954363449842, 0.22444240516293923, 1.4346524435929766, 0.5833828115839113, 0.35597718768932446, 0.557750401978079, 0.28200842802867604, 0.09578947479560806, 0.2207963972852647, 0.45006430808617903, 2.141205023319446, 0.1739509174221109, 0.34034884990148556, 0.3950090022221115], BATTLES: 214-183-208-274-240-273-244-198-226-
45, 7, 2045, [0.9974871596225512, 0.601395785059953, 0.5469326842175131, 0, 1, 1, 0.16768258694331462, 0, 0.7484753630812528, 0.8698536336654039, 0, 1, 0.6104545028290396, 1, 0, 1, 0.30427125880286054, 0.3418076994450847, 0.5016561474805558, 0.8570701600041553, 1, 0.3220096246368796, 0.7551296370857502, 0.49141014992025894, 0, 0.537198603165398, 1, 1, 0.28067951041207134, 0.04461466869776608, 0.08698564086173179, 3.0016253634982903, 0.2046742081893299, 0.7279490480605592, 0.2489836032337011, 0.4516627238586148, 0.08782359523446881, 0.25565711343968245, 0.37293042598802395, 2.012055227661235, 0.2659101429087299, 0.9963483538731647, 1.1656143452580796, 0.38763604735048857, 0.7594295818966394, 0.8566096061020209, 0.524592152642118, 0.7412232473313118, 0.8996630729815743, 0.13066724300089982, 0.10031973168631107, 0.5099682617232172, 3.071192546974248, 0.258891837511531, 0.38503888749969706, 0.8892792887875118], BATTLES: 249-203-229-284-225-261-214-182-198-
45, 8, 2031, [0.5036748428169897, 0.6409872600207162, 0.41832268592980487, 0, 1, 1, 0, 0, 0.672130696975282, 0.8774183456368745, 0.820553260878043, 0.15411566622728073, 0.5023695210756535, 1, 0.380417817471538, 0.7206074811401204, 1, 1, 0, 0.8419795008163339, 0.5103926274778765, 0.33773622589443975, 0, 0, 0, 1, 0, 0, 0.15544351031584194, 0.061828437662217184, 0.02626323407658846, 0.7498447962578165, 0.7025559766020268, 0.337816615206497, 0.2696866241883165, 1.2669483319666734, 0.29101287118817026, 0.2935186854795029, 0.18378838583512144, 0.26335971470070685, 0.10052496931207648, 0.4398357560941231, 0.7220894857207734, 0.2832391805461413, 2.0448700526868895, 0.3763485978094137, 0.3766556851650588, 0.6290633611594258, 0.32948822341725936, 0.19779849158938823, 0.2358402774300588, 0.6268399471172716, 1.591987768007761, 0.2557483179743753, 0.4381523826057403, 0.28566166690969585], BATTLES: 211-183-208-260-249-279-218-177-246-
45, 9, 2001, [0.36663755975402906, 0.7180767298003746, 0.4571212892772482, 0.38706711584777964, 0.8417288315322851, 1, 0.6458150043685406, 0, 0.5602710251334875, 0.35406665140336196, 0.7768455131250489, 0, 0.5129205811417046, 1, 0.5401713828425245, 0.4812488419218113, 0, 0.43499739820214534, 0, 1, 1, 0.13963733211640417, 0, 0.08679273453805694, 0, 0.30909831826438594, 0, 0.6309262867384305, 0.17092059416214614, 0.05291566448956136, 0.031146505070553828, 0.4817301004955991, 0.30524513288854416, 0.24349353891033382, 0.6951588400909834, 1.3731894374860159, 0.17651853004642082, 0.2311880904642223, 0.22575793079152526, 0.3617869094096116, 0.1151697562622772, 0.9025883372641, 0.31943657178242163, 0.40252604417641197, 2.809381550865595, 0.37734202046033005, 0.2859733419937553, 0.5960906714272408, 0.38327971364465324, 0.2377727903793715, 0.31048701499348064, 0.7279304473039243, 2.2853175183302854, 0.268003569418166, 0.4212648995035579, 0.2740786342744269], BATTLES: 193-193-215-270-233-280-229-174-214-
46, 0, 2011, [1, 0.6044747638866406, 0.5134281980286922, 0, 1, 1, 0.29379973145557853, 0, 0.6875516966023933, 0.8857256686489946, 0, 0, 1, 0.5799408611984653, 0.004725236208979786, 1, 0, 0.6593393220063297, 0, 1, 0, 0.5249983142619576, 0.7305518636736934, 0, 0.0521036036559101, 1, 0.37753599050585634, 1, 0.21520097003456606, 0.04381393727564348, 0.0709952452300291, 3.376349906836219, 0.3517711291189972, 0.5912802668653543, 0.23105121444485016, 0.8653091383542891, 0.150974805142901, 0.2256872786101136, 0.28567248056327, 1.0105601251744611, 0.21434303819967254, 0.8156261831058352, 0.7573129276674435, 0.41331804128892463, 1.5503070351860233, 0.5114944808378609, 0.9405909825941311, 0.6524182521588215, 0.9599546179494536, 0.1871578141988583, 0.19787129653371358, 0.5123019522515574, 1.9923283789291089, 0.3397790318548444, 0.3239924989493803, 0.8944909658753605], BATTLES: 226-184-228-282-227-265-218-178-203-
46, 1, 1971, [0.9974871596225512, 0.601395785059953, 0.5469326842175131, 0, 1, 1, 0.16768258694331462, 0, 0.7484753630812528, 0.8698536336654039, 0, 1, 0.6104545028290396, 1, 0, 1, 0.30427125880286054, 0.3418076994450847, 0.5016561474805558, 0.8570701600041553, 1, 0.3220096246368796, 0.7551296370857502, 0.49141014992025894, 0, 0.537198603165398, 1, 1, 0.28067951041207134, 0.04461466869776608, 0.08698564086173179, 3.0016253634982903, 0.2046742081893299, 0.7279490480605592, 0.2489836032337011, 0.4516627238586148, 0.08782359523446881, 0.25565711343968245, 0.37293042598802395, 2.012055227661235, 0.2659101429087299, 0.9963483538731647, 1.1656143452580796, 0.38763604735048857, 0.7594295818966394, 0.8566096061020209, 0.524592152642118, 0.7412232473313118, 0.8996630729815743, 0.13066724300089982, 0.10031973168631107, 0.5099682617232172, 3.071192546974248, 0.258891837511531, 0.38503888749969706, 0.8892792887875118], BATTLES: 224-189-238-280-213-267-211-151-198-
46, 2, 1968, [0.6819895012038848, 0.6951729243974631, 0.3860548785040118, 1, 0.7540641156534985, 0.6533002195478483, 0, 0, 0.8073892038335242, 1, 0.6877751665672492, 0.6938332133521856, 0.4301489243468413, 1, 0.2670527533984839, 0.795569518425703, 0.19746785844121484, 0.6574181721632224, 0.30838493428847924, 1, 0.7830978422929615, 0.3454011531383377, 0, 0, 0, 1, 0.11725921138681387, 0, 0.17616922790492615, 0.041569683900823315, 0.05003151719646296, 0.6977600429709702, 0.8526876970149767, 0.2342338399310945, 0.1679532372481349, 0.7534447138857711, 0.222436364639143, 0.25494062513396104, 0.1111182986758657, 0.35697381623695335, 0.13282550098573187, 0.4628396906084058, 0.2638954363449842, 0.22444240516293923, 1.4346524435929766, 0.5833828115839113, 0.35597718768932446, 0.557750401978079, 0.28200842802867604, 0.09578947479560806, 0.2207963972852647, 0.45006430808617903, 2.141205023319446, 0.1739509174221109, 0.34034884990148556, 0.3950090022221115], BATTLES: 195-170-221-257-216-283-224-183-219-
46, 3, 1959, [0.5266133269879709, 0.6052290414988846, 0.3972162747027166, 0.5983392470572841, 1, 0.8934132872218196, 0.22131733443235008, 0, 0.5670334376452806, 0.6905070684820614, 0.3436947841387525, 0, 0.4842269368064397, 1, 0.24288665370933957, 0.659853440618592, 1, 1, 0, 1, 0.2410650447542615, 0.42354027501751756, 0.36849351717057854, 0.18113551035985517, 0, 1, 0, 0, 0.15178819048762987, 0.05396858656398218, 0.04082539959795616, 0.8545916670533913, 0.43321717686828437, 0.32641961214979404, 0.1942469868957687, 0.6651680689161912, 0.19725584097210247, 0.23404446133628742, 0.24712426788487923, 0.5144219550610369, 0.20360170686824275, 0.6110553357599384, 0.5441706748674122, 0.2960741947423325, 1.1345644691943135, 0.3200264301291692, 0.4110506799464032, 0.6163784645928855, 0.3892098587105834, 0.2687472058268254, 0.41486967741235986, 0.48495806063182956, 4.773160599045052, 0.3110925248041542, 1.1507001203475875, 0.5164216575416974], BATTLES: 213-180-219-266-229-296-196-152-208-
46, 4, 1951, [0.8201643156383859, 0.6277284400869443, 0.43560299637060773, 1, 0.9400366213467052, 0.9964090030918217, 0.3093483030214277, 0.052653790410582976, 0.658179126372531, 0.8469873087266095, 0, 0, 0.6743461900841778, 1, 1, 0.7741781954497773, 0.5049862401835994, 0, 0, 0.9397577469651341, 0.3263423339765643, 0.2531441396400318, 0.7340227585087851, 0.1864059626539778, 0, 0.9624926287535787, 0.7528505825346902, 0.7219848522111154, 0.2091557873635406, 0.08460596156190275, 0.08150320674676521, 3.3867282260667455, 0.14380898845089737, 0.6557807675102951, 0.4127553946135376, 0.6034283564479621, 0.144193156877297, 0.16807989181921146, 0.4748207694841392, 2.866409454905882, 0.10885544966605064, 1.4224577045177262, 1.6095069440429097, 0.43957442634692134, 0.958740333679621, 1.1406554781986016, 0.7771918254141031, 0.8817659740027199, 0.6700305375763286, 0.1431075895007336, 0.07387492476272135, 0.2828572501487994, 3.02422985389878, 0.40336984687454486, 0.1338227984391076, 0.43580294768208966], BATTLES: 241-191-227-260-214-266-192-154-206-
46, 5, 1947, [0.4323486621634988, 0.6925303106172657, 0.36509939623122556, 0.038533950040060355, 1, 1, 0.14339887036978605, 0, 0.720411036097252, 0.7632466755292471, 0.7652128066218916, 1, 0.4300400288767778, 1, 0.1260670143150202, 0.17792797054972154, 0, 1, 0.16432203402069331, 1, 0.6056510921947988, 0.2508072230399696, 0.5463806136465679, 0.42596748545929053, 0, 0.9878118940857974, 0, 0, 0.1512489307864335, 0.027480035013055504, 0.06906898033184881, 0.32468552948926793, 1.5525048811025493, 0.32008175028772395, 0.1408776177334489, 1.017881699187475, 0.20606070457581757, 0.30899518517124896, 0.11824377609043023, 0.42237837939192063, 0.06510704008893148, 0.7222330556187875, 0.1576763303492654, 0.23133381783723564, 2.0118371584856023, 0.7172039572115262, 0.29168950688379996, 2.087890202518053, 0.26213121241271475, 0.09858889801738006, 0.6013827646507592, 0.5836249574487798, 2.7306027390378693, 0.12960728641175304, 0.6640440807402277, 0.37152218299378564], BATTLES: 235-167-220-276-228-270-181-148-222-
46, 6, 1943, [0.454811893904422, 0.6637519600305491, 0.44140175095883605, 1, 0.8596063467137397, 0.9887304422279477, 0, 0, 0.7661511192688948, 1, 0.6962006433497696, 0, 0.5582662271005127, 0.948314674619618, 1, 1, 0.04151889109706053, 0.3785926554573499, 0, 1, 0.10692586457457631, 0.35428052064410065, 0.2202319074657176, 1, 0, 0.8720693560998789, 0, 0.5710089101135115, 0.08351964266474579, 0.04516967408289181, 0.018521888761979046, 0.7243407861681692, 0.8229205645557203, 0.4585483720560686, 0.2540360780136722, 0.8494832974426012, 0.39435681375539183, 0.1946134957965154, 0.16249197856768177, 0.2860999314229981, 0.05039157514460588, 0.3228883697678384, 0.9151125034864184, 0.4054881185726116, 1.7960340351773583, 0.43020265742826785, 0.20539493072654105, 0.5948070165795798, 0.3496678237685034, 0.19204749769854787, 0.22312047885972058, 0.7520297962622848, 1.2681167000923725, 0.24063209456157836, 0.416210467163915, 0.40697960358618507], BATTLES: 249-159-242-261-221-286-188-118-219-
46, 7, 1935, [0.5036748428169897, 0.6409872600207162, 0.41832268592980487, 0, 1, 1, 0, 0, 0.672130696975282, 0.8774183456368745, 0.820553260878043, 0.15411566622728073, 0.5023695210756535, 1, 0.380417817471538, 0.7206074811401204, 1, 1, 0, 0.8419795008163339, 0.5103926274778765, 0.33773622589443975, 0, 0, 0, 1, 0, 0, 0.15544351031584194, 0.061828437662217184, 0.02626323407658846, 0.7498447962578165, 0.7025559766020268, 0.337816615206497, 0.2696866241883165, 1.2669483319666734, 0.29101287118817026, 0.2935186854795029, 0.18378838583512144, 0.26335971470070685, 0.10052496931207648, 0.4398357560941231, 0.7220894857207734, 0.2832391805461413, 2.0448700526868895, 0.3763485978094137, 0.3766556851650588, 0.6290633611594258, 0.32948822341725936, 0.19779849158938823, 0.2358402774300588, 0.6268399471172716, 1.591987768007761, 0.2557483179743753, 0.4381523826057403, 0.28566166690969585], BATTLES: 196-167-214-264-221-275-195-179-224-
46, 8, 1921, [0.4503982621766578, 0.686781115746897, 0.4137640044586639, 1, 0.6442703916274677, 0.8342495728885919, 0, 0, 0.6425816805711817, 1, 0.803028130503614, 0.32245160287902475, 0.544098666692663, 0.8811003320592882, 0.7704843284918066, 0.6003269192844345, 0, 0.07580677230630872, 0, 1, 0.3512340611181709, 0.28928755463871825, 0.20828642602013853, 0.7345323922296212, 0, 1, 0, 0.13508743461098233, 0.09360303949178271, 0.02680408406700171, 0.01856083136519032, 0.5683642583472832, 0.7027317622585854, 0.43189491430536187, 0.17051801068300923, 0.7182274798745307, 0.28905024796788154, 0.14673166703626883, 0.17233490789557376, 0.34809855079454194, 0.06982413373135714, 0.32681021076026157, 0.7506089942453327, 0.3826766455391663, 2.4145986450008863, 0.2841389437416688, 0.21371635567492125, 0.7139295228893344, 0.5851092838994639, 0.17450630746798157, 0.07633910561858165, 0.9349726009159984, 0.8929218959008057, 0.22604076793613193, 0.6930262667852408, 0.37432340548993137], BATTLES: 238-163-229-252-219-271-195-142-212-
46, 9, 1902, [0.36663755975402906, 0.7180767298003746, 0.4571212892772482, 0.38706711584777964, 0.8417288315322851, 1, 0.6458150043685406, 0, 0.5602710251334875, 0.35406665140336196, 0.7768455131250489, 0, 0.5129205811417046, 1, 0.5401713828425245, 0.4812488419218113, 0, 0.43499739820214534, 0, 1, 1, 0.13963733211640417, 0, 0.08679273453805694, 0, 0.30909831826438594, 0, 0.6309262867384305, 0.17092059416214614, 0.05291566448956136, 0.031146505070553828, 0.4817301004955991, 0.30524513288854416, 0.24349353891033382, 0.6951588400909834, 1.3731894374860159, 0.17651853004642082, 0.2311880904642223, 0.22575793079152526, 0.3617869094096116, 0.1151697562622772, 0.9025883372641, 0.31943657178242163, 0.40252604417641197, 2.809381550865595, 0.37734202046033005, 0.2859733419937553, 0.5960906714272408, 0.38327971364465324, 0.2377727903793715, 0.31048701499348064, 0.7279304473039243, 2.2853175183302854, 0.268003569418166, 0.4212648995035579, 0.2740786342744269], BATTLES: 203-159-235-248-210-270-229-140-208-
47, 0, 2264, [0.6819895012038848, 0.6951729243974631, 0.3860548785040118, 1, 0.7540641156534985, 0.6533002195478483, 0, 0, 0.8073892038335242, 1, 0.6877751665672492, 0.6938332133521856, 0.4301489243468413, 1, 0.2670527533984839, 0.795569518425703, 0.19746785844121484, 0.6574181721632224, 0.30838493428847924, 1, 0.7830978422929615, 0.3454011531383377, 0, 0, 0, 1, 0.11725921138681387, 0, 0.17616922790492615, 0.041569683900823315, 0.05003151719646296, 0.6977600429709702, 0.8526876970149767, 0.2342338399310945, 0.1679532372481349, 0.7534447138857711, 0.222436364639143, 0.25494062513396104, 0.1111182986758657, 0.35697381623695335, 0.13282550098573187, 0.4628396906084058, 0.2638954363449842, 0.22444240516293923, 1.4346524435929766, 0.5833828115839113, 0.35597718768932446, 0.557750401978079, 0.28200842802867604, 0.09578947479560806, 0.2207963972852647, 0.45006430808617903, 2.141205023319446, 0.1739509174221109, 0.34034884990148556, 0.3950090022221115], BATTLES: 226-199-242-292-265-296-273-225-246-
47, 1, 2255, [0.5266133269879709, 0.6052290414988846, 0.3972162747027166, 0.5983392470572841, 1, 0.8934132872218196, 0.22131733443235008, 0, 0.5670334376452806, 0.6905070684820614, 0.3436947841387525, 0, 0.4842269368064397, 1, 0.24288665370933957, 0.659853440618592, 1, 1, 0, 1, 0.2410650447542615, 0.42354027501751756, 0.36849351717057854, 0.18113551035985517, 0, 1, 0, 0, 0.15178819048762987, 0.05396858656398218, 0.04082539959795616, 0.8545916670533913, 0.43321717686828437, 0.32641961214979404, 0.1942469868957687, 0.6651680689161912, 0.19725584097210247, 0.23404446133628742, 0.24712426788487923, 0.5144219550610369, 0.20360170686824275, 0.6110553357599384, 0.5441706748674122, 0.2960741947423325, 1.1345644691943135, 0.3200264301291692, 0.4110506799464032, 0.6163784645928855, 0.3892098587105834, 0.2687472058268254, 0.41486967741235986, 0.48495806063182956, 4.773160599045052, 0.3110925248041542, 1.1507001203475875, 0.5164216575416974], BATTLES: 247-226-239-288-270-297-235-213-240-
47, 2, 2245, [0.454811893904422, 0.6637519600305491, 0.44140175095883605, 1, 0.8596063467137397, 0.9887304422279477, 0, 0, 0.7661511192688948, 1, 0.6962006433497696, 0, 0.5582662271005127, 0.948314674619618, 1, 1, 0.04151889109706053, 0.3785926554573499, 0, 1, 0.10692586457457631, 0.35428052064410065, 0.2202319074657176, 1, 0, 0.8720693560998789, 0, 0.5710089101135115, 0.08351964266474579, 0.04516967408289181, 0.018521888761979046, 0.7243407861681692, 0.8229205645557203, 0.4585483720560686, 0.2540360780136722, 0.8494832974426012, 0.39435681375539183, 0.1946134957965154, 0.16249197856768177, 0.2860999314229981, 0.05039157514460588, 0.3228883697678384, 0.9151125034864184, 0.4054881185726116, 1.7960340351773583, 0.43020265742826785, 0.20539493072654105, 0.5948070165795798, 0.3496678237685034, 0.19204749769854787, 0.22312047885972058, 0.7520297962622848, 1.2681167000923725, 0.24063209456157836, 0.416210467163915, 0.40697960358618507], BATTLES: 259-215-257-290-267-288-221-196-252-
47, 3, 2243, [0.9974871596225512, 0.601395785059953, 0.5469326842175131, 0, 1, 1, 0.16768258694331462, 0, 0.7484753630812528, 0.8698536336654039, 0, 1, 0.6104545028290396, 1, 0, 1, 0.30427125880286054, 0.3418076994450847, 0.5016561474805558, 0.8570701600041553, 1, 0.3220096246368796, 0.7551296370857502, 0.49141014992025894, 0, 0.537198603165398, 1, 1, 0.28067951041207134, 0.04461466869776608, 0.08698564086173179, 3.0016253634982903, 0.2046742081893299, 0.7279490480605592, 0.2489836032337011, 0.4516627238586148, 0.08782359523446881, 0.25565711343968245, 0.37293042598802395, 2.012055227661235, 0.2659101429087299, 0.9963483538731647, 1.1656143452580796, 0.38763604735048857, 0.7594295818966394, 0.8566096061020209, 0.524592152642118, 0.7412232473313118, 0.8996630729815743, 0.13066724300089982, 0.10031973168631107, 0.5099682617232172, 3.071192546974248, 0.258891837511531, 0.38503888749969706, 0.8892792887875118], BATTLES: 255-216-254-300-241-284-241-209-243-
47, 4, 2241, [0.8201643156383859, 0.6277284400869443, 0.43560299637060773, 1, 0.9400366213467052, 0.9964090030918217, 0.3093483030214277, 0.052653790410582976, 0.658179126372531, 0.8469873087266095, 0, 0, 0.6743461900841778, 1, 1, 0.7741781954497773, 0.5049862401835994, 0, 0, 0.9397577469651341, 0.3263423339765643, 0.2531441396400318, 0.7340227585087851, 0.1864059626539778, 0, 0.9624926287535787, 0.7528505825346902, 0.7219848522111154, 0.2091557873635406, 0.08460596156190275, 0.08150320674676521, 3.3867282260667455, 0.14380898845089737, 0.6557807675102951, 0.4127553946135376, 0.6034283564479621, 0.144193156877297, 0.16807989181921146, 0.4748207694841392, 2.866409454905882, 0.10885544966605064, 1.4224577045177262, 1.6095069440429097, 0.43957442634692134, 0.958740333679621, 1.1406554781986016, 0.7771918254141031, 0.8817659740027199, 0.6700305375763286, 0.1431075895007336, 0.07387492476272135, 0.2828572501487994, 3.02422985389878, 0.40336984687454486, 0.1338227984391076, 0.43580294768208966], BATTLES: 263-238-261-277-251-280-233-202-236-
47, 5, 2238, [1, 0.6044747638866406, 0.5134281980286922, 0, 1, 1, 0.29379973145557853, 0, 0.6875516966023933, 0.8857256686489946, 0, 0, 1, 0.5799408611984653, 0.004725236208979786, 1, 0, 0.6593393220063297, 0, 1, 0, 0.5249983142619576, 0.7305518636736934, 0, 0.0521036036559101, 1, 0.37753599050585634, 1, 0.21520097003456606, 0.04381393727564348, 0.0709952452300291, 3.376349906836219, 0.3517711291189972, 0.5912802668653543, 0.23105121444485016, 0.8653091383542891, 0.150974805142901, 0.2256872786101136, 0.28567248056327, 1.0105601251744611, 0.21434303819967254, 0.8156261831058352, 0.7573129276674435, 0.41331804128892463, 1.5503070351860233, 0.5114944808378609, 0.9405909825941311, 0.6524182521588215, 0.9599546179494536, 0.1871578141988583, 0.19787129653371358, 0.5123019522515574, 1.9923283789291089, 0.3397790318548444, 0.3239924989493803, 0.8944909658753605], BATTLES: 252-216-235-290-257-285-242-216-245-
47, 6, 2226, [0.36663755975402906, 0.7180767298003746, 0.4571212892772482, 0.38706711584777964, 0.8417288315322851, 1, 0.6458150043685406, 0, 0.5602710251334875, 0.35406665140336196, 0.7768455131250489, 0, 0.5129205811417046, 1, 0.5401713828425245, 0.4812488419218113, 0, 0.43499739820214534, 0, 1, 1, 0.13963733211640417, 0, 0.08679273453805694, 0, 0.30909831826438594, 0, 0.6309262867384305, 0.17092059416214614, 0.05291566448956136, 0.031146505070553828, 0.4817301004955991, 0.30524513288854416, 0.24349353891033382, 0.6951588400909834, 1.3731894374860159, 0.17651853004642082, 0.2311880904642223, 0.22575793079152526, 0.3617869094096116, 0.1151697562622772, 0.9025883372641, 0.31943657178242163, 0.40252604417641197, 2.809381550865595, 0.37734202046033005, 0.2859733419937553, 0.5960906714272408, 0.38327971364465324, 0.2377727903793715, 0.31048701499348064, 0.7279304473039243, 2.2853175183302854, 0.268003569418166, 0.4212648995035579, 0.2740786342744269], BATTLES: 233-191-249-283-263-289-262-194-262-
47, 7, 2217, [0.4323486621634988, 0.6925303106172657, 0.36509939623122556, 0.038533950040060355, 1, 1, 0.14339887036978605, 0, 0.720411036097252, 0.7632466755292471, 0.7652128066218916, 1, 0.4300400288767778, 1, 0.1260670143150202, 0.17792797054972154, 0, 1, 0.16432203402069331, 1, 0.6056510921947988, 0.2508072230399696, 0.5463806136465679, 0.42596748545929053, 0, 0.9878118940857974, 0, 0, 0.1512489307864335, 0.027480035013055504, 0.06906898033184881, 0.32468552948926793, 1.5525048811025493, 0.32008175028772395, 0.1408776177334489, 1.017881699187475, 0.20606070457581757, 0.30899518517124896, 0.11824377609043023, 0.42237837939192063, 0.06510704008893148, 0.7222330556187875, 0.1576763303492654, 0.23133381783723564, 2.0118371584856023, 0.7172039572115262, 0.29168950688379996, 2.087890202518053, 0.26213121241271475, 0.09858889801738006, 0.6013827646507592, 0.5836249574487798, 2.7306027390378693, 0.12960728641175304, 0.6640440807402277, 0.37152218299378564], BATTLES: 231-199-244-305-270-291-227-208-242-
47, 8, 2197, [0.5036748428169897, 0.6409872600207162, 0.41832268592980487, 0, 1, 1, 0, 0, 0.672130696975282, 0.8774183456368745, 0.820553260878043, 0.15411566622728073, 0.5023695210756535, 1, 0.380417817471538, 0.7206074811401204, 1, 1, 0, 0.8419795008163339, 0.5103926274778765, 0.33773622589443975, 0, 0, 0, 1, 0, 0, 0.15544351031584194, 0.061828437662217184, 0.02626323407658846, 0.7498447962578165, 0.7025559766020268, 0.337816615206497, 0.2696866241883165, 1.2669483319666734, 0.29101287118817026, 0.2935186854795029, 0.18378838583512144, 0.26335971470070685, 0.10052496931207648, 0.4398357560941231, 0.7220894857207734, 0.2832391805461413, 2.0448700526868895, 0.3763485978094137, 0.3766556851650588, 0.6290633611594258, 0.32948822341725936, 0.19779849158938823, 0.2358402774300588, 0.6268399471172716, 1.591987768007761, 0.2557483179743753, 0.4381523826057403, 0.28566166690969585], BATTLES: 217-199-247-278-263-288-241-193-271-
47, 9, 2178, [0.4503982621766578, 0.686781115746897, 0.4137640044586639, 1, 0.6442703916274677, 0.8342495728885919, 0, 0, 0.6425816805711817, 1, 0.803028130503614, 0.32245160287902475, 0.544098666692663, 0.8811003320592882, 0.7704843284918066, 0.6003269192844345, 0, 0.07580677230630872, 0, 1, 0.3512340611181709, 0.28928755463871825, 0.20828642602013853, 0.7345323922296212, 0, 1, 0, 0.13508743461098233, 0.09360303949178271, 0.02680408406700171, 0.01856083136519032, 0.5683642583472832, 0.7027317622585854, 0.43189491430536187, 0.17051801068300923, 0.7182274798745307, 0.28905024796788154, 0.14673166703626883, 0.17233490789557376, 0.34809855079454194, 0.06982413373135714, 0.32681021076026157, 0.7506089942453327, 0.3826766455391663, 2.4145986450008863, 0.2841389437416688, 0.21371635567492125, 0.7139295228893344, 0.5851092838994639, 0.17450630746798157, 0.07633910561858165, 0.9349726009159984, 0.8929218959008057, 0.22604076793613193, 0.6930262667852408, 0.37432340548993137], BATTLES: 254-213-240-280-255-278-221-194-243-
48, 0, 2153, [0.454811893904422, 0.6637519600305491, 0.44140175095883605, 1, 0.8596063467137397, 0.9887304422279477, 0, 0, 0.7661511192688948, 1, 0.6962006433497696, 0, 0.5582662271005127, 0.948314674619618, 1, 1, 0.04151889109706053, 0.3785926554573499, 0, 1, 0.10692586457457631, 0.35428052064410065, 0.2202319074657176, 1, 0, 0.8720693560998789, 0, 0.5710089101135115, 0.08351964266474579, 0.04516967408289181, 0.018521888761979046, 0.7243407861681692, 0.8229205645557203, 0.4585483720560686, 0.2540360780136722, 0.8494832974426012, 0.39435681375539183, 0.1946134957965154, 0.16249197856768177, 0.2860999314229981, 0.05039157514460588, 0.3228883697678384, 0.9151125034864184, 0.4054881185726116, 1.7960340351773583, 0.43020265742826785, 0.20539493072654105, 0.5948070165795798, 0.3496678237685034, 0.19204749769854787, 0.22312047885972058, 0.7520297962622848, 1.2681167000923725, 0.24063209456157836, 0.416210467163915, 0.40697960358618507], BATTLES: 247-195-217-289-259-297-206-180-263-
48, 1, 2139, [0.5266133269879709, 0.6052290414988846, 0.3972162747027166, 0.5983392470572841, 1, 0.8934132872218196, 0.22131733443235008, 0, 0.5670334376452806, 0.6905070684820614, 0.3436947841387525, 0, 0.4842269368064397, 1, 0.24288665370933957, 0.659853440618592, 1, 1, 0, 1, 0.2410650447542615, 0.42354027501751756, 0.36849351717057854, 0.18113551035985517, 0, 1, 0, 0, 0.15178819048762987, 0.05396858656398218, 0.04082539959795616, 0.8545916670533913, 0.43321717686828437, 0.32641961214979404, 0.1942469868957687, 0.6651680689161912, 0.19725584097210247, 0.23404446133628742, 0.24712426788487923, 0.5144219550610369, 0.20360170686824275, 0.6110553357599384, 0.5441706748674122, 0.2960741947423325, 1.1345644691943135, 0.3200264301291692, 0.4110506799464032, 0.6163784645928855, 0.3892098587105834, 0.2687472058268254, 0.41486967741235986, 0.48495806063182956, 4.773160599045052, 0.3110925248041542, 1.1507001203475875, 0.5164216575416974], BATTLES: 245-196-219-292-257-296-229-177-228-
48, 2, 2128, [0.6661600806893845, 0.6548804977731264, 0.44541291268282696, 1, 1, 1, 0.5224677956675557, 0, 1, 0.9375809426357941, 0.6285266606346499, 0.02586707190037348, 0.613666867058501, 0.7061674241723894, 1, 0.7758925168999203, 0, 0.01338248801356029, 0.0718194308142926, 0.7170482593623267, 0.2293870563357871, 0.21818601428832757, 0.6315026374679612, 0.3241789526274611, 0, 0.6686782570830117, 0, 0, 0.09696414556074637, 0.0469257871972419, 0.014490390394296082, 0.5275869380200425, 1.4929595195780374, 0.8120230646368376, 0.27100614839065174, 0.4089590296413, 0.392790991936679, 0.14493794976343083, 0.13300041069767923, 0.3418093898472383, 0.06151885088569736, 0.2652425914938214, 0.650102670755429, 0.3394901841328553, 1.707495670446914, 0.33727934539617344, 0.1933090434060608, 0.4312714939383564, 0.3403222708373709, 0.19768526290629815, 0.2945727664648825, 1.076250202352981, 1.0006287469702213, 0.3139739757758152, 0.35078678926350093, 0.5472835228636417], BATTLES: 242-194-225-302-266-273-219-179-228-
48, 3, 2099, [1, 0.6044747638866406, 0.5134281980286922, 0, 1, 1, 0.29379973145557853, 0, 0.6875516966023933, 0.8857256686489946, 0, 0, 1, 0.5799408611984653, 0.004725236208979786, 1, 0, 0.6593393220063297, 0, 1, 0, 0.5249983142619576, 0.7305518636736934, 0, 0.0521036036559101, 1, 0.37753599050585634, 1, 0.21520097003456606, 0.04381393727564348, 0.0709952452300291, 3.376349906836219, 0.3517711291189972, 0.5912802668653543, 0.23105121444485016, 0.8653091383542891, 0.150974805142901, 0.2256872786101136, 0.28567248056327, 1.0105601251744611, 0.21434303819967254, 0.8156261831058352, 0.7573129276674435, 0.41331804128892463, 1.5503070351860233, 0.5114944808378609, 0.9405909825941311, 0.6524182521588215, 0.9599546179494536, 0.1871578141988583, 0.19787129653371358, 0.5123019522515574, 1.9923283789291089, 0.3397790318548444, 0.3239924989493803, 0.8944909658753605], BATTLES: 253-188-235-287-256-270-224-177-209-
48, 4, 2097, [0.36663755975402906, 0.7180767298003746, 0.4571212892772482, 0.38706711584777964, 0.8417288315322851, 1, 0.6458150043685406, 0, 0.5602710251334875, 0.35406665140336196, 0.7768455131250489, 0, 0.5129205811417046, 1, 0.5401713828425245, 0.4812488419218113, 0, 0.43499739820214534, 0, 1, 1, 0.13963733211640417, 0, 0.08679273453805694, 0, 0.30909831826438594, 0, 0.6309262867384305, 0.17092059416214614, 0.05291566448956136, 0.031146505070553828, 0.4817301004955991, 0.30524513288854416, 0.24349353891033382, 0.6951588400909834, 1.3731894374860159, 0.17651853004642082, 0.2311880904642223, 0.22575793079152526, 0.3617869094096116, 0.1151697562622772, 0.9025883372641, 0.31943657178242163, 0.40252604417641197, 2.809381550865595, 0.37734202046033005, 0.2859733419937553, 0.5960906714272408, 0.38327971364465324, 0.2377727903793715, 0.31048701499348064, 0.7279304473039243, 2.2853175183302854, 0.268003569418166, 0.4212648995035579, 0.2740786342744269], BATTLES: 234-184-232-280-247-272-240-172-236-
48, 5, 2086, [0.9974871596225512, 0.601395785059953, 0.5469326842175131, 0, 1, 1, 0.16768258694331462, 0, 0.7484753630812528, 0.8698536336654039, 0, 1, 0.6104545028290396, 1, 0, 1, 0.30427125880286054, 0.3418076994450847, 0.5016561474805558, 0.8570701600041553, 1, 0.3220096246368796, 0.7551296370857502, 0.49141014992025894, 0, 0.537198603165398, 1, 1, 0.28067951041207134, 0.04461466869776608, 0.08698564086173179, 3.0016253634982903, 0.2046742081893299, 0.7279490480605592, 0.2489836032337011, 0.4516627238586148, 0.08782359523446881, 0.25565711343968245, 0.37293042598802395, 2.012055227661235, 0.2659101429087299, 0.9963483538731647, 1.1656143452580796, 0.38763604735048857, 0.7594295818966394, 0.8566096061020209, 0.524592152642118, 0.7412232473313118, 0.8996630729815743, 0.13066724300089982, 0.10031973168631107, 0.5099682617232172, 3.071192546974248, 0.258891837511531, 0.38503888749969706, 0.8892792887875118], BATTLES: 239-200-215-283-229-283-224-191-222-
48, 6, 2084, [0.4323486621634988, 0.6925303106172657, 0.36509939623122556, 0.038533950040060355, 1, 1, 0.14339887036978605, 0, 0.720411036097252, 0.7632466755292471, 0.7652128066218916, 1, 0.4300400288767778, 1, 0.1260670143150202, 0.17792797054972154, 0, 1, 0.16432203402069331, 1, 0.6056510921947988, 0.2508072230399696, 0.5463806136465679, 0.42596748545929053, 0, 0.9878118940857974, 0, 0, 0.1512489307864335, 0.027480035013055504, 0.06906898033184881, 0.32468552948926793, 1.5525048811025493, 0.32008175028772395, 0.1408776177334489, 1.017881699187475, 0.20606070457581757, 0.30899518517124896, 0.11824377609043023, 0.42237837939192063, 0.06510704008893148, 0.7222330556187875, 0.1576763303492654, 0.23133381783723564, 2.0118371584856023, 0.7172039572115262, 0.29168950688379996, 2.087890202518053, 0.26213121241271475, 0.09858889801738006, 0.6013827646507592, 0.5836249574487798, 2.7306027390378693, 0.12960728641175304, 0.6640440807402277, 0.37152218299378564], BATTLES: 236-196-220-293-264-267-211-173-224-
48, 7, 2083, [0.6819895012038848, 0.6951729243974631, 0.3860548785040118, 1, 0.7540641156534985, 0.6533002195478483, 0, 0, 0.8073892038335242, 1, 0.6877751665672492, 0.6938332133521856, 0.4301489243468413, 1, 0.2670527533984839, 0.795569518425703, 0.19746785844121484, 0.6574181721632224, 0.30838493428847924, 1, 0.7830978422929615, 0.3454011531383377, 0, 0, 0, 1, 0.11725921138681387, 0, 0.17616922790492615, 0.041569683900823315, 0.05003151719646296, 0.6977600429709702, 0.8526876970149767, 0.2342338399310945, 0.1679532372481349, 0.7534447138857711, 0.222436364639143, 0.25494062513396104, 0.1111182986758657, 0.35697381623695335, 0.13282550098573187, 0.4628396906084058, 0.2638954363449842, 0.22444240516293923, 1.4346524435929766, 0.5833828115839113, 0.35597718768932446, 0.557750401978079, 0.28200842802867604, 0.09578947479560806, 0.2207963972852647, 0.45006430808617903, 2.141205023319446, 0.1739509174221109, 0.34034884990148556, 0.3950090022221115], BATTLES: 222-186-203-271-246-277-243-210-225-
48, 8, 2076, [0.8201643156383859, 0.6277284400869443, 0.43560299637060773, 1, 0.9400366213467052, 0.9964090030918217, 0.3093483030214277, 0.052653790410582976, 0.658179126372531, 0.8469873087266095, 0, 0, 0.6743461900841778, 1, 1, 0.7741781954497773, 0.5049862401835994, 0, 0, 0.9397577469651341, 0.3263423339765643, 0.2531441396400318, 0.7340227585087851, 0.1864059626539778, 0, 0.9624926287535787, 0.7528505825346902, 0.7219848522111154, 0.2091557873635406, 0.08460596156190275, 0.08150320674676521, 3.3867282260667455, 0.14380898845089737, 0.6557807675102951, 0.4127553946135376, 0.6034283564479621, 0.144193156877297, 0.16807989181921146, 0.4748207694841392, 2.866409454905882, 0.10885544966605064, 1.4224577045177262, 1.6095069440429097, 0.43957442634692134, 0.958740333679621, 1.1406554781986016, 0.7771918254141031, 0.8817659740027199, 0.6700305375763286, 0.1431075895007336, 0.07387492476272135, 0.2828572501487994, 3.02422985389878, 0.40336984687454486, 0.1338227984391076, 0.43580294768208966], BATTLES: 234-216-225-288-234-279-216-183-201-
48, 9, 2059, [0.4503982621766578, 0.686781115746897, 0.4137640044586639, 1, 0.6442703916274677, 0.8342495728885919, 0, 0, 0.6425816805711817, 1, 0.803028130503614, 0.32245160287902475, 0.544098666692663, 0.8811003320592882, 0.7704843284918066, 0.6003269192844345, 0, 0.07580677230630872, 0, 1, 0.3512340611181709, 0.28928755463871825, 0.20828642602013853, 0.7345323922296212, 0, 1, 0, 0.13508743461098233, 0.09360303949178271, 0.02680408406700171, 0.01856083136519032, 0.5683642583472832, 0.7027317622585854, 0.43189491430536187, 0.17051801068300923, 0.7182274798745307, 0.28905024796788154, 0.14673166703626883, 0.17233490789557376, 0.34809855079454194, 0.06982413373135714, 0.32681021076026157, 0.7506089942453327, 0.3826766455391663, 2.4145986450008863, 0.2841389437416688, 0.21371635567492125, 0.7139295228893344, 0.5851092838994639, 0.17450630746798157, 0.07633910561858165, 0.9349726009159984, 0.8929218959008057, 0.22604076793613193, 0.6930262667852408, 0.37432340548993137], BATTLES: 249-209-218-275-243-269-209-165-222-
49, 0, 1998, [0.6661600806893845, 0.6548804977731264, 0.44541291268282696, 1, 1, 1, 0.5224677956675557, 0, 1, 0.9375809426357941, 0.6285266606346499, 0.02586707190037348, 0.613666867058501, 0.7061674241723894, 1, 0.7758925168999203, 0, 0.01338248801356029, 0.0718194308142926, 0.7170482593623267, 0.2293870563357871, 0.21818601428832757, 0.6315026374679612, 0.3241789526274611, 0, 0.6686782570830117, 0, 0, 0.09696414556074637, 0.0469257871972419, 0.014490390394296082, 0.5275869380200425, 1.4929595195780374, 0.8120230646368376, 0.27100614839065174, 0.4089590296413, 0.392790991936679, 0.14493794976343083, 0.13300041069767923, 0.3418093898472383, 0.06151885088569736, 0.2652425914938214, 0.650102670755429, 0.3394901841328553, 1.707495670446914, 0.33727934539617344, 0.1933090434060608, 0.4312714939383564, 0.3403222708373709, 0.19768526290629815, 0.2945727664648825, 1.076250202352981, 1.0006287469702213, 0.3139739757758152, 0.35078678926350093, 0.5472835228636417], BATTLES: 206-190-208-299-251-252-206-187-199-
49, 1, 1991, [0.6819895012038848, 0.6951729243974631, 0.3860548785040118, 1, 0.7540641156534985, 0.6533002195478483, 0, 0, 0.8073892038335242, 1, 0.6877751665672492, 0.6938332133521856, 0.4301489243468413, 1, 0.2670527533984839, 0.795569518425703, 0.19746785844121484, 0.6574181721632224, 0.30838493428847924, 1, 0.7830978422929615, 0.3454011531383377, 0, 0, 0, 1, 0.11725921138681387, 0, 0.17616922790492615, 0.041569683900823315, 0.05003151719646296, 0.6977600429709702, 0.8526876970149767, 0.2342338399310945, 0.1679532372481349, 0.7534447138857711, 0.222436364639143, 0.25494062513396104, 0.1111182986758657, 0.35697381623695335, 0.13282550098573187, 0.4628396906084058, 0.2638954363449842, 0.22444240516293923, 1.4346524435929766, 0.5833828115839113, 0.35597718768932446, 0.557750401978079, 0.28200842802867604, 0.09578947479560806, 0.2207963972852647, 0.45006430808617903, 2.141205023319446, 0.1739509174221109, 0.34034884990148556, 0.3950090022221115], BATTLES: 206-150-190-271-235-254-250-206-229-
49, 2, 1989, [0.5266133269879709, 0.6052290414988846, 0.3972162747027166, 0.5983392470572841, 1, 0.8934132872218196, 0.22131733443235008, 0, 0.5670334376452806, 0.6905070684820614, 0.3436947841387525, 0, 0.4842269368064397, 1, 0.24288665370933957, 0.659853440618592, 1, 1, 0, 1, 0.2410650447542615, 0.42354027501751756, 0.36849351717057854, 0.18113551035985517, 0, 1, 0, 0, 0.15178819048762987, 0.05396858656398218, 0.04082539959795616, 0.8545916670533913, 0.43321717686828437, 0.32641961214979404, 0.1942469868957687, 0.6651680689161912, 0.19725584097210247, 0.23404446133628742, 0.24712426788487923, 0.5144219550610369, 0.20360170686824275, 0.6110553357599384, 0.5441706748674122, 0.2960741947423325, 1.1345644691943135, 0.3200264301291692, 0.4110506799464032, 0.6163784645928855, 0.3892098587105834, 0.2687472058268254, 0.41486967741235986, 0.48495806063182956, 4.773160599045052, 0.3110925248041542, 1.1507001203475875, 0.5164216575416974], BATTLES: 219-171-200-277-259-276-218-163-206-
49, 3, 1967, [0.36663755975402906, 0.7180767298003746, 0.4571212892772482, 0.38706711584777964, 0.8417288315322851, 1, 0.6458150043685406, 0, 0.5602710251334875, 0.35406665140336196, 0.7768455131250489, 0, 0.5129205811417046, 1, 0.5401713828425245, 0.4812488419218113, 0, 0.43499739820214534, 0, 1, 1, 0.13963733211640417, 0, 0.08679273453805694, 0, 0.30909831826438594, 0, 0.6309262867384305, 0.17092059416214614, 0.05291566448956136, 0.031146505070553828, 0.4817301004955991, 0.30524513288854416, 0.24349353891033382, 0.6951588400909834, 1.3731894374860159, 0.17651853004642082, 0.2311880904642223, 0.22575793079152526, 0.3617869094096116, 0.1151697562622772, 0.9025883372641, 0.31943657178242163, 0.40252604417641197, 2.809381550865595, 0.37734202046033005, 0.2859733419937553, 0.5960906714272408, 0.38327971364465324, 0.2377727903793715, 0.31048701499348064, 0.7279304473039243, 2.2853175183302854, 0.268003569418166, 0.4212648995035579, 0.2740786342744269], BATTLES: 205-160-207-264-222-267-240-166-236-
49, 4, 1958, [1, 0.6044747638866406, 0.5134281980286922, 0, 1, 1, 0.29379973145557853, 0, 0.6875516966023933, 0.8857256686489946, 0, 0, 1, 0.5799408611984653, 0.004725236208979786, 1, 0, 0.6593393220063297, 0, 1, 0, 0.5249983142619576, 0.7305518636736934, 0, 0.0521036036559101, 1, 0.37753599050585634, 1, 0.21520097003456606, 0.04381393727564348, 0.0709952452300291, 3.376349906836219, 0.3517711291189972, 0.5912802668653543, 0.23105121444485016, 0.8653091383542891, 0.150974805142901, 0.2256872786101136, 0.28567248056327, 1.0105601251744611, 0.21434303819967254, 0.8156261831058352, 0.7573129276674435, 0.41331804128892463, 1.5503070351860233, 0.5114944808378609, 0.9405909825941311, 0.6524182521588215, 0.9599546179494536, 0.1871578141988583, 0.19787129653371358, 0.5123019522515574, 1.9923283789291089, 0.3397790318548444, 0.3239924989493803, 0.8944909658753605], BATTLES: 216-185-196-274-214-257-227-176-213-
49, 5, 1943, [1, 0.6752307477534868, 0.6698227732865432, 0, 0.9129915553928427, 1, 0, 0, 0.8243502284365409, 0.7299264481760179, 0.13691915903016436, 0.6548099741890541, 0.6901679058761905, 0.9954430306507102, 0, 1, 0, 0.3386284132499457, 0.3090663842062735, 0.7200961989723613, 0, 0.2761284561351098, 0.7423145244107638, 0.6296589823662861, 0, 0.5858460298584401, 1, 0.9857389430138469, 0.2008535273017957, 0.04834284016198998, 0.10786456436157756, 3.1489310329176337, 0.18635031835965934, 0.6232084007088428, 0.23807797577398457, 0.5429847116668791, 0.13091500557365437, 0.28258679623750327, 0.3023134713111587, 2.2001253846395357, 0.33368613137993264, 0.8227691246533236, 1.516016163197022, 0.45383259258739966, 0.6233256995748867, 0.48176153551658374, 0.38160686331101973, 1.1356036016162852, 1.505974371417523, 0.11577835564041522, 0.120457384248591, 0.3110918323149616, 3.441851989635663, 0.38060223883317645, 0.45149280046106527, 1.2880916092546082], BATTLES: 225-185-213-263-214-256-211-185-191-
49, 6, 1929, [0.8201643156383859, 0.6277284400869443, 0.43560299637060773, 1, 0.9400366213467052, 0.9964090030918217, 0.3093483030214277, 0.052653790410582976, 0.658179126372531, 0.8469873087266095, 0, 0, 0.6743461900841778, 1, 1, 0.7741781954497773, 0.5049862401835994, 0, 0, 0.9397577469651341, 0.3263423339765643, 0.2531441396400318, 0.7340227585087851, 0.1864059626539778, 0, 0.9624926287535787, 0.7528505825346902, 0.7219848522111154, 0.2091557873635406, 0.08460596156190275, 0.08150320674676521, 3.3867282260667455, 0.14380898845089737, 0.6557807675102951, 0.4127553946135376, 0.6034283564479621, 0.144193156877297, 0.16807989181921146, 0.4748207694841392, 2.866409454905882, 0.10885544966605064, 1.4224577045177262, 1.6095069440429097, 0.43957442634692134, 0.958740333679621, 1.1406554781986016, 0.7771918254141031, 0.8817659740027199, 0.6700305375763286, 0.1431075895007336, 0.07387492476272135, 0.2828572501487994, 3.02422985389878, 0.40336984687454486, 0.1338227984391076, 0.43580294768208966], BATTLES: 224-190-200-277-220-252-211-168-187-
49, 7, 1919, [0.4323486621634988, 0.6925303106172657, 0.36509939623122556, 0.038533950040060355, 1, 1, 0.14339887036978605, 0, 0.720411036097252, 0.7632466755292471, 0.7652128066218916, 1, 0.4300400288767778, 1, 0.1260670143150202, 0.17792797054972154, 0, 1, 0.16432203402069331, 1, 0.6056510921947988, 0.2508072230399696, 0.5463806136465679, 0.42596748545929053, 0, 0.9878118940857974, 0, 0, 0.1512489307864335, 0.027480035013055504, 0.06906898033184881, 0.32468552948926793, 1.5525048811025493, 0.32008175028772395, 0.1408776177334489, 1.017881699187475, 0.20606070457581757, 0.30899518517124896, 0.11824377609043023, 0.42237837939192063, 0.06510704008893148, 0.7222330556187875, 0.1576763303492654, 0.23133381783723564, 2.0118371584856023, 0.7172039572115262, 0.29168950688379996, 2.087890202518053, 0.26213121241271475, 0.09858889801738006, 0.6013827646507592, 0.5836249574487798, 2.7306027390378693, 0.12960728641175304, 0.6640440807402277, 0.37152218299378564], BATTLES: 224-179-209-267-245-255-202-148-190-
49, 8, 1917, [0.454811893904422, 0.6637519600305491, 0.44140175095883605, 1, 0.8596063467137397, 0.9887304422279477, 0, 0, 0.7661511192688948, 1, 0.6962006433497696, 0, 0.5582662271005127, 0.948314674619618, 1, 1, 0.04151889109706053, 0.3785926554573499, 0, 1, 0.10692586457457631, 0.35428052064410065, 0.2202319074657176, 1, 0, 0.8720693560998789, 0, 0.5710089101135115, 0.08351964266474579, 0.04516967408289181, 0.018521888761979046, 0.7243407861681692, 0.8229205645557203, 0.4585483720560686, 0.2540360780136722, 0.8494832974426012, 0.39435681375539183, 0.1946134957965154, 0.16249197856768177, 0.2860999314229981, 0.05039157514460588, 0.3228883697678384, 0.9151125034864184, 0.4054881185726116, 1.7960340351773583, 0.43020265742826785, 0.20539493072654105, 0.5948070165795798, 0.3496678237685034, 0.19204749769854787, 0.22312047885972058, 0.7520297962622848, 1.2681167000923725, 0.24063209456157836, 0.416210467163915, 0.40697960358618507], BATTLES: 213-162-213-260-234-276-192-155-212-
49, 9, 1913, [0.4503982621766578, 0.686781115746897, 0.4137640044586639, 1, 0.6442703916274677, 0.8342495728885919, 0, 0, 0.6425816805711817, 1, 0.803028130503614, 0.32245160287902475, 0.544098666692663, 0.8811003320592882, 0.7704843284918066, 0.6003269192844345, 0, 0.07580677230630872, 0, 1, 0.3512340611181709, 0.28928755463871825, 0.20828642602013853, 0.7345323922296212, 0, 1, 0, 0.13508743461098233, 0.09360303949178271, 0.02680408406700171, 0.01856083136519032, 0.5683642583472832, 0.7027317622585854, 0.43189491430536187, 0.17051801068300923, 0.7182274798745307, 0.28905024796788154, 0.14673166703626883, 0.17233490789557376, 0.34809855079454194, 0.06982413373135714, 0.32681021076026157, 0.7506089942453327, 0.3826766455391663, 2.4145986450008863, 0.2841389437416688, 0.21371635567492125, 0.7139295228893344, 0.5851092838994639, 0.17450630746798157, 0.07633910561858165, 0.9349726009159984, 0.8929218959008057, 0.22604076793613193, 0.6930262667852408, 0.37432340548993137], BATTLES: 231-176-201-246-241-261-206-150-201-
50, 0, 2245, [1, 0.6752307477534868, 0.6698227732865432, 0, 0.9129915553928427, 1, 0, 0, 0.8243502284365409, 0.7299264481760179, 0.13691915903016436, 0.6548099741890541, 0.6901679058761905, 0.9954430306507102, 0, 1, 0, 0.3386284132499457, 0.3090663842062735, 0.7200961989723613, 0, 0.2761284561351098, 0.7423145244107638, 0.6296589823662861, 0, 0.5858460298584401, 1, 0.9857389430138469, 0.2008535273017957, 0.04834284016198998, 0.10786456436157756, 3.1489310329176337, 0.18635031835965934, 0.6232084007088428, 0.23807797577398457, 0.5429847116668791, 0.13091500557365437, 0.28258679623750327, 0.3023134713111587, 2.2001253846395357, 0.33368613137993264, 0.8227691246533236, 1.516016163197022, 0.45383259258739966, 0.6233256995748867, 0.48176153551658374, 0.38160686331101973, 1.1356036016162852, 1.505974371417523, 0.11577835564041522, 0.120457384248591, 0.3110918323149616, 3.441851989635663, 0.38060223883317645, 0.45149280046106527, 1.2880916092546082], BATTLES: 256-221-249-287-234-284-256-216-242-
50, 1, 2233, [0.6661600806893845, 0.6548804977731264, 0.44541291268282696, 1, 1, 1, 0.5224677956675557, 0, 1, 0.9375809426357941, 0.6285266606346499, 0.02586707190037348, 0.613666867058501, 0.7061674241723894, 1, 0.7758925168999203, 0, 0.01338248801356029, 0.0718194308142926, 0.7170482593623267, 0.2293870563357871, 0.21818601428832757, 0.6315026374679612, 0.3241789526274611, 0, 0.6686782570830117, 0, 0, 0.09696414556074637, 0.0469257871972419, 0.014490390394296082, 0.5275869380200425, 1.4929595195780374, 0.8120230646368376, 0.27100614839065174, 0.4089590296413, 0.392790991936679, 0.14493794976343083, 0.13300041069767923, 0.3418093898472383, 0.06151885088569736, 0.2652425914938214, 0.650102670755429, 0.3394901841328553, 1.707495670446914, 0.33727934539617344, 0.1933090434060608, 0.4312714939383564, 0.3403222708373709, 0.19768526290629815, 0.2945727664648825, 1.076250202352981, 1.0006287469702213, 0.3139739757758152, 0.35078678926350093, 0.5472835228636417], BATTLES: 252-206-242-294-268-268-239-207-257-
50, 2, 2203, [0.36663755975402906, 0.7180767298003746, 0.4571212892772482, 0.38706711584777964, 0.8417288315322851, 1, 0.6458150043685406, 0, 0.5602710251334875, 0.35406665140336196, 0.7768455131250489, 0, 0.5129205811417046, 1, 0.5401713828425245, 0.4812488419218113, 0, 0.43499739820214534, 0, 1, 1, 0.13963733211640417, 0, 0.08679273453805694, 0, 0.30909831826438594, 0, 0.6309262867384305, 0.17092059416214614, 0.05291566448956136, 0.031146505070553828, 0.4817301004955991, 0.30524513288854416, 0.24349353891033382, 0.6951588400909834, 1.3731894374860159, 0.17651853004642082, 0.2311880904642223, 0.22575793079152526, 0.3617869094096116, 0.1151697562622772, 0.9025883372641, 0.31943657178242163, 0.40252604417641197, 2.809381550865595, 0.37734202046033005, 0.2859733419937553, 0.5960906714272408, 0.38327971364465324, 0.2377727903793715, 0.31048701499348064, 0.7279304473039243, 2.2853175183302854, 0.268003569418166, 0.4212648995035579, 0.2740786342744269], BATTLES: 224-205-248-306-262-282-252-187-237-
50, 3, 2200, [0.6819895012038848, 0.6951729243974631, 0.3860548785040118, 1, 0.7540641156534985, 0.6533002195478483, 0, 0, 0.8073892038335242, 1, 0.6877751665672492, 0.6938332133521856, 0.4301489243468413, 1, 0.2670527533984839, 0.795569518425703, 0.19746785844121484, 0.6574181721632224, 0.30838493428847924, 1, 0.7830978422929615, 0.3454011531383377, 0, 0, 0, 1, 0.11725921138681387, 0, 0.17616922790492615, 0.041569683900823315, 0.05003151719646296, 0.6977600429709702, 0.8526876970149767, 0.2342338399310945, 0.1679532372481349, 0.7534447138857711, 0.222436364639143, 0.25494062513396104, 0.1111182986758657, 0.35697381623695335, 0.13282550098573187, 0.4628396906084058, 0.2638954363449842, 0.22444240516293923, 1.4346524435929766, 0.5833828115839113, 0.35597718768932446, 0.557750401978079, 0.28200842802867604, 0.09578947479560806, 0.2207963972852647, 0.45006430808617903, 2.141205023319446, 0.1739509174221109, 0.34034884990148556, 0.3950090022221115], BATTLES: 225-200-220-284-261-291-266-226-227-
50, 4, 2200, [0.5266133269879709, 0.6052290414988846, 0.3972162747027166, 0.5983392470572841, 1, 0.8934132872218196, 0.22131733443235008, 0, 0.5670334376452806, 0.6905070684820614, 0.3436947841387525, 0, 0.4842269368064397, 1, 0.24288665370933957, 0.659853440618592, 1, 1, 0, 1, 0.2410650447542615, 0.42354027501751756, 0.36849351717057854, 0.18113551035985517, 0, 1, 0, 0, 0.15178819048762987, 0.05396858656398218, 0.04082539959795616, 0.8545916670533913, 0.43321717686828437, 0.32641961214979404, 0.1942469868957687, 0.6651680689161912, 0.19725584097210247, 0.23404446133628742, 0.24712426788487923, 0.5144219550610369, 0.20360170686824275, 0.6110553357599384, 0.5441706748674122, 0.2960741947423325, 1.1345644691943135, 0.3200264301291692, 0.4110506799464032, 0.6163784645928855, 0.3892098587105834, 0.2687472058268254, 0.41486967741235986, 0.48495806063182956, 4.773160599045052, 0.3110925248041542, 1.1507001203475875, 0.5164216575416974], BATTLES: 254-214-226-286-273-274-241-194-238-
50, 5, 2200, [0.4323486621634988, 0.6925303106172657, 0.36509939623122556, 0.038533950040060355, 1, 1, 0.14339887036978605, 0, 0.720411036097252, 0.7632466755292471, 0.7652128066218916, 1, 0.4300400288767778, 1, 0.1260670143150202, 0.17792797054972154, 0, 1, 0.16432203402069331, 1, 0.6056510921947988, 0.2508072230399696, 0.5463806136465679, 0.42596748545929053, 0, 0.9878118940857974, 0, 0, 0.1512489307864335, 0.027480035013055504, 0.06906898033184881, 0.32468552948926793, 1.5525048811025493, 0.32008175028772395, 0.1408776177334489, 1.017881699187475, 0.20606070457581757, 0.30899518517124896, 0.11824377609043023, 0.42237837939192063, 0.06510704008893148, 0.7222330556187875, 0.1576763303492654, 0.23133381783723564, 2.0118371584856023, 0.7172039572115262, 0.29168950688379996, 2.087890202518053, 0.26213121241271475, 0.09858889801738006, 0.6013827646507592, 0.5836249574487798, 2.7306027390378693, 0.12960728641175304, 0.6640440807402277, 0.37152218299378564], BATTLES: 249-207-228-292-270-288-237-190-239-
50, 6, 2197, [0.454811893904422, 0.6637519600305491, 0.44140175095883605, 1, 0.8596063467137397, 0.9887304422279477, 0, 0, 0.7661511192688948, 1, 0.6962006433497696, 0, 0.5582662271005127, 0.948314674619618, 1, 1, 0.04151889109706053, 0.3785926554573499, 0, 1, 0.10692586457457631, 0.35428052064410065, 0.2202319074657176, 1, 0, 0.8720693560998789, 0, 0.5710089101135115, 0.08351964266474579, 0.04516967408289181, 0.018521888761979046, 0.7243407861681692, 0.8229205645557203, 0.4585483720560686, 0.2540360780136722, 0.8494832974426012, 0.39435681375539183, 0.1946134957965154, 0.16249197856768177, 0.2860999314229981, 0.05039157514460588, 0.3228883697678384, 0.9151125034864184, 0.4054881185726116, 1.7960340351773583, 0.43020265742826785, 0.20539493072654105, 0.5948070165795798, 0.3496678237685034, 0.19204749769854787, 0.22312047885972058, 0.7520297962622848, 1.2681167000923725, 0.24063209456157836, 0.416210467163915, 0.40697960358618507], BATTLES: 259-200-244-296-241-295-236-193-233-
50, 7, 2195, [0.4503982621766578, 0.686781115746897, 0.4137640044586639, 1, 0.6442703916274677, 0.8342495728885919, 0, 0, 0.6425816805711817, 1, 0.803028130503614, 0.32245160287902475, 0.544098666692663, 0.8811003320592882, 0.7704843284918066, 0.6003269192844345, 0, 0.07580677230630872, 0, 1, 0.3512340611181709, 0.28928755463871825, 0.20828642602013853, 0.7345323922296212, 0, 1, 0, 0.13508743461098233, 0.09360303949178271, 0.02680408406700171, 0.01856083136519032, 0.5683642583472832, 0.7027317622585854, 0.43189491430536187, 0.17051801068300923, 0.7182274798745307, 0.28905024796788154, 0.14673166703626883, 0.17233490789557376, 0.34809855079454194, 0.06982413373135714, 0.32681021076026157, 0.7506089942453327, 0.3826766455391663, 2.4145986450008863, 0.2841389437416688, 0.21371635567492125, 0.7139295228893344, 0.5851092838994639, 0.17450630746798157, 0.07633910561858165, 0.9349726009159984, 0.8929218959008057, 0.22604076793613193, 0.6930262667852408, 0.37432340548993137], BATTLES: 253-223-236-274-268-290-236-178-237-
50, 8, 2185, [1, 0.6044747638866406, 0.5134281980286922, 0, 1, 1, 0.29379973145557853, 0, 0.6875516966023933, 0.8857256686489946, 0, 0, 1, 0.5799408611984653, 0.004725236208979786, 1, 0, 0.6593393220063297, 0, 1, 0, 0.5249983142619576, 0.7305518636736934, 0, 0.0521036036559101, 1, 0.37753599050585634, 1, 0.21520097003456606, 0.04381393727564348, 0.0709952452300291, 3.376349906836219, 0.3517711291189972, 0.5912802668653543, 0.23105121444485016, 0.8653091383542891, 0.150974805142901, 0.2256872786101136, 0.28567248056327, 1.0105601251744611, 0.21434303819967254, 0.8156261831058352, 0.7573129276674435, 0.41331804128892463, 1.5503070351860233, 0.5114944808378609, 0.9405909825941311, 0.6524182521588215, 0.9599546179494536, 0.1871578141988583, 0.19787129653371358, 0.5123019522515574, 1.9923283789291089, 0.3397790318548444, 0.3239924989493803, 0.8944909658753605], BATTLES: 242-221-237-285-240-287-243-206-224-
50, 9, 2159, [0.7885388380148372, 0.6394903927338743, 0.4545610653762788, 0.8297304979602769, 1, 1, 0.31396031607137703, 0, 0.9416374714463578, 1, 0.5489404489327192, 0.7112967970155971, 0.6621545335732719, 0.6328270546154294, 1, 1, 0.2866076382251224, 0.11978367459330108, 0, 0.28407273615149337, 0.04553811550049905, 0.14091606850807245, 0.8108717191432994, 0.42362807403887426, 0, 0.7826287339556476, 0.4773506096651479, 1, 0.07701027523563621, 0.026612946160904365, 0.013606086629598385, 0.6596512399635782, 1.6743154680323373, 0.5226453159806919, 0.25787426781986744, 0.35089834350943355, 0.3802567564964731, 0.31623410904601523, 0.10439483139128555, 0.31803517228170375, 0.0483454594162138, 0.2828660975617332, 0.6327185900594591, 0.40091551774759354, 0.8300369069654305, 0.19299731688274202, 0.17969825785886379, 0.49829618095500916, 0.3093601779288625, 0.20541365908309028, 0.19118382423563743, 0.5553118704191856, 1.038625005765659, 0.30290373863611403, 0.49897447942881823, 0.7701776117737564], BATTLES: 242-211-247-293-236-285-246-184-215-
51, 0, 2147, [0.6661600806893845, 0.6548804977731264, 0.44541291268282696, 1, 1, 1, 0.5224677956675557, 0, 1, 0.9375809426357941, 0.6285266606346499, 0.02586707190037348, 0.613666867058501, 0.7061674241723894, 1, 0.7758925168999203, 0, 0.01338248801356029, 0.0718194308142926, 0.7170482593623267, 0.2293870563357871, 0.21818601428832757, 0.6315026374679612, 0.3241789526274611, 0, 0.6686782570830117, 0, 0, 0.09696414556074637, 0.0469257871972419, 0.014490390394296082, 0.5275869380200425, 1.4929595195780374, 0.8120230646368376, 0.27100614839065174, 0.4089590296413, 0.392790991936679, 0.14493794976343083, 0.13300041069767923, 0.3418093898472383, 0.06151885088569736, 0.2652425914938214, 0.650102670755429, 0.3394901841328553, 1.707495670446914, 0.33727934539617344, 0.1933090434060608, 0.4312714939383564, 0.3403222708373709, 0.19768526290629815, 0.2945727664648825, 1.076250202352981, 1.0006287469702213, 0.3139739757758152, 0.35078678926350093, 0.5472835228636417], BATTLES: 244-194-217-311-263-278-216-190-234-
51, 1, 2124, [0.36663755975402906, 0.7180767298003746, 0.4571212892772482, 0.38706711584777964, 0.8417288315322851, 1, 0.6458150043685406, 0, 0.5602710251334875, 0.35406665140336196, 0.7768455131250489, 0, 0.5129205811417046, 1, 0.5401713828425245, 0.4812488419218113, 0, 0.43499739820214534, 0, 1, 1, 0.13963733211640417, 0, 0.08679273453805694, 0, 0.30909831826438594, 0, 0.6309262867384305, 0.17092059416214614, 0.05291566448956136, 0.031146505070553828, 0.4817301004955991, 0.30524513288854416, 0.24349353891033382, 0.6951588400909834, 1.3731894374860159, 0.17651853004642082, 0.2311880904642223, 0.22575793079152526, 0.3617869094096116, 0.1151697562622772, 0.9025883372641, 0.31943657178242163, 0.40252604417641197, 2.809381550865595, 0.37734202046033005, 0.2859733419937553, 0.5960906714272408, 0.38327971364465324, 0.2377727903793715, 0.31048701499348064, 0.7279304473039243, 2.2853175183302854, 0.268003569418166, 0.4212648995035579, 0.2740786342744269], BATTLES: 238-189-254-265-257-285-232-165-239-
51, 2, 2118, [1, 0.6044747638866406, 0.5134281980286922, 0, 1, 1, 0.29379973145557853, 0, 0.6875516966023933, 0.8857256686489946, 0, 0, 1, 0.5799408611984653, 0.004725236208979786, 1, 0, 0.6593393220063297, 0, 1, 0, 0.5249983142619576, 0.7305518636736934, 0, 0.0521036036559101, 1, 0.37753599050585634, 1, 0.21520097003456606, 0.04381393727564348, 0.0709952452300291, 3.376349906836219, 0.3517711291189972, 0.5912802668653543, 0.23105121444485016, 0.8653091383542891, 0.150974805142901, 0.2256872786101136, 0.28567248056327, 1.0105601251744611, 0.21434303819967254, 0.8156261831058352, 0.7573129276674435, 0.41331804128892463, 1.5503070351860233, 0.5114944808378609, 0.9405909825941311, 0.6524182521588215, 0.9599546179494536, 0.1871578141988583, 0.19787129653371358, 0.5123019522515574, 1.9923283789291089, 0.3397790318548444, 0.3239924989493803, 0.8944909658753605], BATTLES: 221-210-229-282-250-271-225-199-231-
51, 3, 2106, [0.5266133269879709, 0.6052290414988846, 0.3972162747027166, 0.5983392470572841, 1, 0.8934132872218196, 0.22131733443235008, 0, 0.5670334376452806, 0.6905070684820614, 0.3436947841387525, 0, 0.4842269368064397, 1, 0.24288665370933957, 0.659853440618592, 1, 1, 0, 1, 0.2410650447542615, 0.42354027501751756, 0.36849351717057854, 0.18113551035985517, 0, 1, 0, 0, 0.15178819048762987, 0.05396858656398218, 0.04082539959795616, 0.8545916670533913, 0.43321717686828437, 0.32641961214979404, 0.1942469868957687, 0.6651680689161912, 0.19725584097210247, 0.23404446133628742, 0.24712426788487923, 0.5144219550610369, 0.20360170686824275, 0.6110553357599384, 0.5441706748674122, 0.2960741947423325, 1.1345644691943135, 0.3200264301291692, 0.4110506799464032, 0.6163784645928855, 0.3892098587105834, 0.2687472058268254, 0.41486967741235986, 0.48495806063182956, 4.773160599045052, 0.3110925248041542, 1.1507001203475875, 0.5164216575416974], BATTLES: 229-181-222-289-264-292-226-174-229-
51, 4, 2105, [1, 0.6752307477534868, 0.6698227732865432, 0, 0.9129915553928427, 1, 0, 0, 0.8243502284365409, 0.7299264481760179, 0.13691915903016436, 0.6548099741890541, 0.6901679058761905, 0.9954430306507102, 0, 1, 0, 0.3386284132499457, 0.3090663842062735, 0.7200961989723613, 0, 0.2761284561351098, 0.7423145244107638, 0.6296589823662861, 0, 0.5858460298584401, 1, 0.9857389430138469, 0.2008535273017957, 0.04834284016198998, 0.10786456436157756, 3.1489310329176337, 0.18635031835965934, 0.6232084007088428, 0.23807797577398457, 0.5429847116668791, 0.13091500557365437, 0.28258679623750327, 0.3023134713111587, 2.2001253846395357, 0.33368613137993264, 0.8227691246533236, 1.516016163197022, 0.45383259258739966, 0.6233256995748867, 0.48176153551658374, 0.38160686331101973, 1.1356036016162852, 1.505974371417523, 0.11577835564041522, 0.120457384248591, 0.3110918323149616, 3.441851989635663, 0.38060223883317645, 0.45149280046106527, 1.2880916092546082], BATTLES: 225-202-236-289-231-279-235-202-206-
51, 5, 2069, [0.454811893904422, 0.6637519600305491, 0.44140175095883605, 1, 0.8596063467137397, 0.9887304422279477, 0, 0, 0.7661511192688948, 1, 0.6962006433497696, 0, 0.5582662271005127, 0.948314674619618, 1, 1, 0.04151889109706053, 0.3785926554573499, 0, 1, 0.10692586457457631, 0.35428052064410065, 0.2202319074657176, 1, 0, 0.8720693560998789, 0, 0.5710089101135115, 0.08351964266474579, 0.04516967408289181, 0.018521888761979046, 0.7243407861681692, 0.8229205645557203, 0.4585483720560686, 0.2540360780136722, 0.8494832974426012, 0.39435681375539183, 0.1946134957965154, 0.16249197856768177, 0.2860999314229981, 0.05039157514460588, 0.3228883697678384, 0.9151125034864184, 0.4054881185726116, 1.7960340351773583, 0.43020265742826785, 0.20539493072654105, 0.5948070165795798, 0.3496678237685034, 0.19204749769854787, 0.22312047885972058, 0.7520297962622848, 1.2681167000923725, 0.24063209456157836, 0.416210467163915, 0.40697960358618507], BATTLES: 235-182-239-273-251-279-218-166-226-
51, 6, 2069, [0.4503982621766578, 0.686781115746897, 0.4137640044586639, 1, 0.6442703916274677, 0.8342495728885919, 0, 0, 0.6425816805711817, 1, 0.803028130503614, 0.32245160287902475, 0.544098666692663, 0.8811003320592882, 0.7704843284918066, 0.6003269192844345, 0, 0.07580677230630872, 0, 1, 0.3512340611181709, 0.28928755463871825, 0.20828642602013853, 0.7345323922296212, 0, 1, 0, 0.13508743461098233, 0.09360303949178271, 0.02680408406700171, 0.01856083136519032, 0.5683642583472832, 0.7027317622585854, 0.43189491430536187, 0.17051801068300923, 0.7182274798745307, 0.28905024796788154, 0.14673166703626883, 0.17233490789557376, 0.34809855079454194, 0.06982413373135714, 0.32681021076026157, 0.7506089942453327, 0.3826766455391663, 2.4145986450008863, 0.2841389437416688, 0.21371635567492125, 0.7139295228893344, 0.5851092838994639, 0.17450630746798157, 0.07633910561858165, 0.9349726009159984, 0.8929218959008057, 0.22604076793613193, 0.6930262667852408, 0.37432340548993137], BATTLES: 246-186-235-270-255-289-206-155-227-
51, 7, 2061, [0.4323486621634988, 0.6925303106172657, 0.36509939623122556, 0.038533950040060355, 1, 1, 0.14339887036978605, 0, 0.720411036097252, 0.7632466755292471, 0.7652128066218916, 1, 0.4300400288767778, 1, 0.1260670143150202, 0.17792797054972154, 0, 1, 0.16432203402069331, 1, 0.6056510921947988, 0.2508072230399696, 0.5463806136465679, 0.42596748545929053, 0, 0.9878118940857974, 0, 0, 0.1512489307864335, 0.027480035013055504, 0.06906898033184881, 0.32468552948926793, 1.5525048811025493, 0.32008175028772395, 0.1408776177334489, 1.017881699187475, 0.20606070457581757, 0.30899518517124896, 0.11824377609043023, 0.42237837939192063, 0.06510704008893148, 0.7222330556187875, 0.1576763303492654, 0.23133381783723564, 2.0118371584856023, 0.7172039572115262, 0.29168950688379996, 2.087890202518053, 0.26213121241271475, 0.09858889801738006, 0.6013827646507592, 0.5836249574487798, 2.7306027390378693, 0.12960728641175304, 0.6640440807402277, 0.37152218299378564], BATTLES: 244-182-212-283-254-284-195-182-225-
51, 8, 2050, [0.6819895012038848, 0.6951729243974631, 0.3860548785040118, 1, 0.7540641156534985, 0.6533002195478483, 0, 0, 0.8073892038335242, 1, 0.6877751665672492, 0.6938332133521856, 0.4301489243468413, 1, 0.2670527533984839, 0.795569518425703, 0.19746785844121484, 0.6574181721632224, 0.30838493428847924, 1, 0.7830978422929615, 0.3454011531383377, 0, 0, 0, 1, 0.11725921138681387, 0, 0.17616922790492615, 0.041569683900823315, 0.05003151719646296, 0.6977600429709702, 0.8526876970149767, 0.2342338399310945, 0.1679532372481349, 0.7534447138857711, 0.222436364639143, 0.25494062513396104, 0.1111182986758657, 0.35697381623695335, 0.13282550098573187, 0.4628396906084058, 0.2638954363449842, 0.22444240516293923, 1.4346524435929766, 0.5833828115839113, 0.35597718768932446, 0.557750401978079, 0.28200842802867604, 0.09578947479560806, 0.2207963972852647, 0.45006430808617903, 2.141205023319446, 0.1739509174221109, 0.34034884990148556, 0.3950090022221115], BATTLES: 189-176-214-271-232-269-243-213-243-
51, 9, 2047, [0.7885388380148372, 0.6394903927338743, 0.4545610653762788, 0.8297304979602769, 1, 1, 0.31396031607137703, 0, 0.9416374714463578, 1, 0.5489404489327192, 0.7112967970155971, 0.6621545335732719, 0.6328270546154294, 1, 1, 0.2866076382251224, 0.11978367459330108, 0, 0.28407273615149337, 0.04553811550049905, 0.14091606850807245, 0.8108717191432994, 0.42362807403887426, 0, 0.7826287339556476, 0.4773506096651479, 1, 0.07701027523563621, 0.026612946160904365, 0.013606086629598385, 0.6596512399635782, 1.6743154680323373, 0.5226453159806919, 0.25787426781986744, 0.35089834350943355, 0.3802567564964731, 0.31623410904601523, 0.10439483139128555, 0.31803517228170375, 0.0483454594162138, 0.2828660975617332, 0.6327185900594591, 0.40091551774759354, 0.8300369069654305, 0.19299731688274202, 0.17969825785886379, 0.49829618095500916, 0.3093601779288625, 0.20541365908309028, 0.19118382423563743, 0.5553118704191856, 1.038625005765659, 0.30290373863611403, 0.49897447942881823, 0.7701776117737564], BATTLES: 240-192-243-287-214-278-223-160-210-
52, 0, 2278, [0.6661600806893845, 0.6548804977731264, 0.44541291268282696, 1, 1, 1, 0.5224677956675557, 0, 1, 0.9375809426357941, 0.6285266606346499, 0.02586707190037348, 0.613666867058501, 0.7061674241723894, 1, 0.7758925168999203, 0, 0.01338248801356029, 0.0718194308142926, 0.7170482593623267, 0.2293870563357871, 0.21818601428832757, 0.6315026374679612, 0.3241789526274611, 0, 0.6686782570830117, 0, 0, 0.09696414556074637, 0.0469257871972419, 0.014490390394296082, 0.5275869380200425, 1.4929595195780374, 0.8120230646368376, 0.27100614839065174, 0.4089590296413, 0.392790991936679, 0.14493794976343083, 0.13300041069767923, 0.3418093898472383, 0.06151885088569736, 0.2652425914938214, 0.650102670755429, 0.3394901841328553, 1.707495670446914, 0.33727934539617344, 0.1933090434060608, 0.4312714939383564, 0.3403222708373709, 0.19768526290629815, 0.2945727664648825, 1.076250202352981, 1.0006287469702213, 0.3139739757758152, 0.35078678926350093, 0.5472835228636417], BATTLES: 246-220-244-311-276-288-241-210-242-
52, 1, 2254, [0.5266133269879709, 0.6052290414988846, 0.3972162747027166, 0.5983392470572841, 1, 0.8934132872218196, 0.22131733443235008, 0, 0.5670334376452806, 0.6905070684820614, 0.3436947841387525, 0, 0.4842269368064397, 1, 0.24288665370933957, 0.659853440618592, 1, 1, 0, 1, 0.2410650447542615, 0.42354027501751756, 0.36849351717057854, 0.18113551035985517, 0, 1, 0, 0, 0.15178819048762987, 0.05396858656398218, 0.04082539959795616, 0.8545916670533913, 0.43321717686828437, 0.32641961214979404, 0.1942469868957687, 0.6651680689161912, 0.19725584097210247, 0.23404446133628742, 0.24712426788487923, 0.5144219550610369, 0.20360170686824275, 0.6110553357599384, 0.5441706748674122, 0.2960741947423325, 1.1345644691943135, 0.3200264301291692, 0.4110506799464032, 0.6163784645928855, 0.3892098587105834, 0.2687472058268254, 0.41486967741235986, 0.48495806063182956, 4.773160599045052, 0.3110925248041542, 1.1507001203475875, 0.5164216575416974], BATTLES: 261-201-238-288-248-294-251-210-263-
52, 2, 2234, [0.6819895012038848, 0.6951729243974631, 0.3860548785040118, 1, 0.7540641156534985, 0.6533002195478483, 0, 0, 0.8073892038335242, 1, 0.6877751665672492, 0.6938332133521856, 0.4301489243468413, 1, 0.2670527533984839, 0.795569518425703, 0.19746785844121484, 0.6574181721632224, 0.30838493428847924, 1, 0.7830978422929615, 0.3454011531383377, 0, 0, 0, 1, 0.11725921138681387, 0, 0.17616922790492615, 0.041569683900823315, 0.05003151719646296, 0.6977600429709702, 0.8526876970149767, 0.2342338399310945, 0.1679532372481349, 0.7534447138857711, 0.222436364639143, 0.25494062513396104, 0.1111182986758657, 0.35697381623695335, 0.13282550098573187, 0.4628396906084058, 0.2638954363449842, 0.22444240516293923, 1.4346524435929766, 0.5833828115839113, 0.35597718768932446, 0.557750401978079, 0.28200842802867604, 0.09578947479560806, 0.2207963972852647, 0.45006430808617903, 2.141205023319446, 0.1739509174221109, 0.34034884990148556, 0.3950090022221115], BATTLES: 239-202-225-286-262-298-258-223-241-
52, 3, 2229, [0.36663755975402906, 0.7180767298003746, 0.4571212892772482, 0.38706711584777964, 0.8417288315322851, 1, 0.6458150043685406, 0, 0.5602710251334875, 0.35406665140336196, 0.7768455131250489, 0, 0.5129205811417046, 1, 0.5401713828425245, 0.4812488419218113, 0, 0.43499739820214534, 0, 1, 1, 0.13963733211640417, 0, 0.08679273453805694, 0, 0.30909831826438594, 0, 0.6309262867384305, 0.17092059416214614, 0.05291566448956136, 0.031146505070553828, 0.4817301004955991, 0.30524513288854416, 0.24349353891033382, 0.6951588400909834, 1.3731894374860159, 0.17651853004642082, 0.2311880904642223, 0.22575793079152526, 0.3617869094096116, 0.1151697562622772, 0.9025883372641, 0.31943657178242163, 0.40252604417641197, 2.809381550865595, 0.37734202046033005, 0.2859733419937553, 0.5960906714272408, 0.38327971364465324, 0.2377727903793715, 0.31048701499348064, 0.7279304473039243, 2.2853175183302854, 0.268003569418166, 0.4212648995035579, 0.2740786342744269], BATTLES: 239-197-241-289-245-298-262-194-264-
52, 4, 2229, [0.4323486621634988, 0.6925303106172657, 0.36509939623122556, 0.038533950040060355, 1, 1, 0.14339887036978605, 0, 0.720411036097252, 0.7632466755292471, 0.7652128066218916, 1, 0.4300400288767778, 1, 0.1260670143150202, 0.17792797054972154, 0, 1, 0.16432203402069331, 1, 0.6056510921947988, 0.2508072230399696, 0.5463806136465679, 0.42596748545929053, 0, 0.9878118940857974, 0, 0, 0.1512489307864335, 0.027480035013055504, 0.06906898033184881, 0.32468552948926793, 1.5525048811025493, 0.32008175028772395, 0.1408776177334489, 1.017881699187475, 0.20606070457581757, 0.30899518517124896, 0.11824377609043023, 0.42237837939192063, 0.06510704008893148, 0.7222330556187875, 0.1576763303492654, 0.23133381783723564, 2.0118371584856023, 0.7172039572115262, 0.29168950688379996, 2.087890202518053, 0.26213121241271475, 0.09858889801738006, 0.6013827646507592, 0.5836249574487798, 2.7306027390378693, 0.12960728641175304, 0.6640440807402277, 0.37152218299378564], BATTLES: 241-206-233-303-274-306-229-193-244-
52, 5, 2226, [1, 0.6044747638866406, 0.5134281980286922, 0, 1, 1, 0.29379973145557853, 0, 0.6875516966023933, 0.8857256686489946, 0, 0, 1, 0.5799408611984653, 0.004725236208979786, 1, 0, 0.6593393220063297, 0, 1, 0, 0.5249983142619576, 0.7305518636736934, 0, 0.0521036036559101, 1, 0.37753599050585634, 1, 0.21520097003456606, 0.04381393727564348, 0.0709952452300291, 3.376349906836219, 0.3517711291189972, 0.5912802668653543, 0.23105121444485016, 0.8653091383542891, 0.150974805142901, 0.2256872786101136, 0.28567248056327, 1.0105601251744611, 0.21434303819967254, 0.8156261831058352, 0.7573129276674435, 0.41331804128892463, 1.5503070351860233, 0.5114944808378609, 0.9405909825941311, 0.6524182521588215, 0.9599546179494536, 0.1871578141988583, 0.19787129653371358, 0.5123019522515574, 1.9923283789291089, 0.3397790318548444, 0.3239924989493803, 0.8944909658753605], BATTLES: 266-207-237-285-254-272-252-206-247-
52, 6, 2208, [1, 0.6752307477534868, 0.6698227732865432, 0, 0.9129915553928427, 1, 0, 0, 0.8243502284365409, 0.7299264481760179, 0.13691915903016436, 0.6548099741890541, 0.6901679058761905, 0.9954430306507102, 0, 1, 0, 0.3386284132499457, 0.3090663842062735, 0.7200961989723613, 0, 0.2761284561351098, 0.7423145244107638, 0.6296589823662861, 0, 0.5858460298584401, 1, 0.9857389430138469, 0.2008535273017957, 0.04834284016198998, 0.10786456436157756, 3.1489310329176337, 0.18635031835965934, 0.6232084007088428, 0.23807797577398457, 0.5429847116668791, 0.13091500557365437, 0.28258679623750327, 0.3023134713111587, 2.2001253846395357, 0.33368613137993264, 0.8227691246533236, 1.516016163197022, 0.45383259258739966, 0.6233256995748867, 0.48176153551658374, 0.38160686331101973, 1.1356036016162852, 1.505974371417523, 0.11577835564041522, 0.120457384248591, 0.3110918323149616, 3.441851989635663, 0.38060223883317645, 0.45149280046106527, 1.2880916092546082], BATTLES: 261-219-243-285-247-274-248-198-233-
52, 7, 2187, [1, 0.6104177227306546, 0.6659662666157137, 0, 1, 1, 0.263354933296828, 0, 0.5819346937325094, 0.9683459853117784, 0.32714376630768727, 0, 0.6916294481481571, 1, 0.8619269718668465, 1, 0, 1, 0.09621629213482522, 0.9884815139270422, 0, 0.36251894205464896, 0.6223705523512464, 0, 0, 0.47163050796465966, 0.5082769683555303, 0, 0.22023467318925743, 0.04855152121747547, 0.06446601671161487, 2.3128149617960805, 0.3739296885355549, 0.5317630397077213, 0.16076313587259966, 1.1270986532863547, 0.1288491131986347, 0.17297767890566193, 0.3074785649562818, 0.7445679890093894, 0.15542867191493592, 1.0218666835326837, 0.7851066344530896, 0.3360055492389041, 2.14148948835792, 0.8104218959824325, 0.9476192940495167, 0.379437395747614, 1.0257171411169308, 0.13622925205258843, 0.34372954908943354, 0.28911918556446287, 4.115457819372814, 0.30187984609305235, 0.15359619507518893, 0.9658915504270176], BATTLES: 236-219-211-300-260-282-245-218-216-
52, 8, 2185, [0.454811893904422, 0.6637519600305491, 0.44140175095883605, 1, 0.8596063467137397, 0.9887304422279477, 0, 0, 0.7661511192688948, 1, 0.6962006433497696, 0, 0.5582662271005127, 0.948314674619618, 1, 1, 0.04151889109706053, 0.3785926554573499, 0, 1, 0.10692586457457631, 0.35428052064410065, 0.2202319074657176, 1, 0, 0.8720693560998789, 0, 0.5710089101135115, 0.08351964266474579, 0.04516967408289181, 0.018521888761979046, 0.7243407861681692, 0.8229205645557203, 0.4585483720560686, 0.2540360780136722, 0.8494832974426012, 0.39435681375539183, 0.1946134957965154, 0.16249197856768177, 0.2860999314229981, 0.05039157514460588, 0.3228883697678384, 0.9151125034864184, 0.4054881185726116, 1.7960340351773583, 0.43020265742826785, 0.20539493072654105, 0.5948070165795798, 0.3496678237685034, 0.19204749769854787, 0.22312047885972058, 0.7520297962622848, 1.2681167000923725, 0.24063209456157836, 0.416210467163915, 0.40697960358618507], BATTLES: 260-210-226-278-234-299-237-191-250-
52, 9, 2184, [0.47165552871280964, 0.6206390131001205, 0.42904362126113976, 1, 0.9311514702068939, 1, 0.07140251078866822, 0.10245569572651929, 1, 1, 0.8375040411237163, 0.2613372076674644, 0.6262721757290308, 0.6261913617743485, 1, 1, 0, 0.5073992680519086, 0, 1, 0, 0.571894053728162, 0.4149543828727752, 0.9292620835888722, 0.13231648472467092, 0.8251056504611546, 0, 0.9747336134525103, 0.05996014102828487, 0.03295024302592934, 0.015206425553704241, 0.6940011378146353, 1.6146044949652856, 0.2173256399191732, 0.15977766462415752, 0.9253559927242418, 0.24934328818728552, 0.20240948344993107, 0.15201191297296554, 0.21180108680203882, 0.06019467206742004, 0.3044558725338328, 1.2921943037821881, 0.3594996138117424, 2.271179469638543, 0.38660374309743434, 0.28674598682971475, 0.6612814658490249, 0.15887117445482904, 0.2661027233255689, 0.20857918192772334, 0.6179613064532907, 0.7847144097332109, 0.1695776425546281, 0.29329876087139134, 0.5144360635150109], BATTLES: 217-201-246-276-271-297-214-199-263-
53, 0, 2185, [0.5266133269879709, 0.6052290414988846, 0.3972162747027166, 0.5983392470572841, 1, 0.8934132872218196, 0.22131733443235008, 0, 0.5670334376452806, 0.6905070684820614, 0.3436947841387525, 0, 0.4842269368064397, 1, 0.24288665370933957, 0.659853440618592, 1, 1, 0, 1, 0.2410650447542615, 0.42354027501751756, 0.36849351717057854, 0.18113551035985517, 0, 1, 0, 0, 0.15178819048762987, 0.05396858656398218, 0.04082539959795616, 0.8545916670533913, 0.43321717686828437, 0.32641961214979404, 0.1942469868957687, 0.6651680689161912, 0.19725584097210247, 0.23404446133628742, 0.24712426788487923, 0.5144219550610369, 0.20360170686824275, 0.6110553357599384, 0.5441706748674122, 0.2960741947423325, 1.1345644691943135, 0.3200264301291692, 0.4110506799464032, 0.6163784645928855, 0.3892098587105834, 0.2687472058268254, 0.41486967741235986, 0.48495806063182956, 4.773160599045052, 0.3110925248041542, 1.1507001203475875, 0.5164216575416974], BATTLES: 242-202-235-298-260-307-223-184-234-
53, 1, 2175, [1, 0.6104177227306546, 0.6659662666157137, 0, 1, 1, 0.263354933296828, 0, 0.5819346937325094, 0.9683459853117784, 0.32714376630768727, 0, 0.6916294481481571, 1, 0.8619269718668465, 1, 0, 1, 0.09621629213482522, 0.9884815139270422, 0, 0.36251894205464896, 0.6223705523512464, 0, 0, 0.47163050796465966, 0.5082769683555303, 0, 0.22023467318925743, 0.04855152121747547, 0.06446601671161487, 2.3128149617960805, 0.3739296885355549, 0.5317630397077213, 0.16076313587259966, 1.1270986532863547, 0.1288491131986347, 0.17297767890566193, 0.3074785649562818, 0.7445679890093894, 0.15542867191493592, 1.0218666835326837, 0.7851066344530896, 0.3360055492389041, 2.14148948835792, 0.8104218959824325, 0.9476192940495167, 0.379437395747614, 1.0257171411169308, 0.13622925205258843, 0.34372954908943354, 0.28911918556446287, 4.115457819372814, 0.30187984609305235, 0.15359619507518893, 0.9658915504270176], BATTLES: 252-212-214-297-258-272-235-213-222-
53, 2, 2171, [0.454811893904422, 0.6637519600305491, 0.44140175095883605, 1, 0.8596063467137397, 0.9887304422279477, 0, 0, 0.7661511192688948, 1, 0.6962006433497696, 0, 0.5582662271005127, 0.948314674619618, 1, 1, 0.04151889109706053, 0.3785926554573499, 0, 1, 0.10692586457457631, 0.35428052064410065, 0.2202319074657176, 1, 0, 0.8720693560998789, 0, 0.5710089101135115, 0.08351964266474579, 0.04516967408289181, 0.018521888761979046, 0.7243407861681692, 0.8229205645557203, 0.4585483720560686, 0.2540360780136722, 0.8494832974426012, 0.39435681375539183, 0.1946134957965154, 0.16249197856768177, 0.2860999314229981, 0.05039157514460588, 0.3228883697678384, 0.9151125034864184, 0.4054881185726116, 1.7960340351773583, 0.43020265742826785, 0.20539493072654105, 0.5948070165795798, 0.3496678237685034, 0.19204749769854787, 0.22312047885972058, 0.7520297962622848, 1.2681167000923725, 0.24063209456157836, 0.416210467163915, 0.40697960358618507], BATTLES: 255-196-237-292-258-287-236-181-229-
53, 3, 2161, [0.6661600806893845, 0.6548804977731264, 0.44541291268282696, 1, 1, 1, 0.5224677956675557, 0, 1, 0.9375809426357941, 0.6285266606346499, 0.02586707190037348, 0.613666867058501, 0.7061674241723894, 1, 0.7758925168999203, 0, 0.01338248801356029, 0.0718194308142926, 0.7170482593623267, 0.2293870563357871, 0.21818601428832757, 0.6315026374679612, 0.3241789526274611, 0, 0.6686782570830117, 0, 0, 0.09696414556074637, 0.0469257871972419, 0.014490390394296082, 0.5275869380200425, 1.4929595195780374, 0.8120230646368376, 0.27100614839065174, 0.4089590296413, 0.392790991936679, 0.14493794976343083, 0.13300041069767923, 0.3418093898472383, 0.06151885088569736, 0.2652425914938214, 0.650102670755429, 0.3394901841328553, 1.707495670446914, 0.33727934539617344, 0.1933090434060608, 0.4312714939383564, 0.3403222708373709, 0.19768526290629815, 0.2945727664648825, 1.076250202352981, 1.0006287469702213, 0.3139739757758152, 0.35078678926350093, 0.5472835228636417], BATTLES: 238-210-224-307-266-278-234-181-223-
53, 4, 2143, [1, 0.6044747638866406, 0.5134281980286922, 0, 1, 1, 0.29379973145557853, 0, 0.6875516966023933, 0.8857256686489946, 0, 0, 1, 0.5799408611984653, 0.004725236208979786, 1, 0, 0.6593393220063297, 0, 1, 0, 0.5249983142619576, 0.7305518636736934, 0, 0.0521036036559101, 1, 0.37753599050585634, 1, 0.21520097003456606, 0.04381393727564348, 0.0709952452300291, 3.376349906836219, 0.3517711291189972, 0.5912802668653543, 0.23105121444485016, 0.8653091383542891, 0.150974805142901, 0.2256872786101136, 0.28567248056327, 1.0105601251744611, 0.21434303819967254, 0.8156261831058352, 0.7573129276674435, 0.41331804128892463, 1.5503070351860233, 0.5114944808378609, 0.9405909825941311, 0.6524182521588215, 0.9599546179494536, 0.1871578141988583, 0.19787129653371358, 0.5123019522515574, 1.9923283789291089, 0.3397790318548444, 0.3239924989493803, 0.8944909658753605], BATTLES: 250-199-225-300-244-281-232-196-216-
53, 5, 2129, [0.6819895012038848, 0.6951729243974631, 0.3860548785040118, 1, 0.7540641156534985, 0.6533002195478483, 0, 0, 0.8073892038335242, 1, 0.6877751665672492, 0.6938332133521856, 0.4301489243468413, 1, 0.2670527533984839, 0.795569518425703, 0.19746785844121484, 0.6574181721632224, 0.30838493428847924, 1, 0.7830978422929615, 0.3454011531383377, 0, 0, 0, 1, 0.11725921138681387, 0, 0.17616922790492615, 0.041569683900823315, 0.05003151719646296, 0.6977600429709702, 0.8526876970149767, 0.2342338399310945, 0.1679532372481349, 0.7534447138857711, 0.222436364639143, 0.25494062513396104, 0.1111182986758657, 0.35697381623695335, 0.13282550098573187, 0.4628396906084058, 0.2638954363449842, 0.22444240516293923, 1.4346524435929766, 0.5833828115839113, 0.35597718768932446, 0.557750401978079, 0.28200842802867604, 0.09578947479560806, 0.2207963972852647, 0.45006430808617903, 2.141205023319446, 0.1739509174221109, 0.34034884990148556, 0.3950090022221115], BATTLES: 233-193-201-288-261-268-242-211-232-
53, 6, 2112, [0.4323486621634988, 0.6925303106172657, 0.36509939623122556, 0.038533950040060355, 1, 1, 0.14339887036978605, 0, 0.720411036097252, 0.7632466755292471, 0.7652128066218916, 1, 0.4300400288767778, 1, 0.1260670143150202, 0.17792797054972154, 0, 1, 0.16432203402069331, 1, 0.6056510921947988, 0.2508072230399696, 0.5463806136465679, 0.42596748545929053, 0, 0.9878118940857974, 0, 0, 0.1512489307864335, 0.027480035013055504, 0.06906898033184881, 0.32468552948926793, 1.5525048811025493, 0.32008175028772395, 0.1408776177334489, 1.017881699187475, 0.20606070457581757, 0.30899518517124896, 0.11824377609043023, 0.42237837939192063, 0.06510704008893148, 0.7222330556187875, 0.1576763303492654, 0.23133381783723564, 2.0118371584856023, 0.7172039572115262, 0.29168950688379996, 2.087890202518053, 0.26213121241271475, 0.09858889801738006, 0.6013827646507592, 0.5836249574487798, 2.7306027390378693, 0.12960728641175304, 0.6640440807402277, 0.37152218299378564], BATTLES: 251-197-231-313-267-283-196-172-202-
53, 7, 2107, [0.36663755975402906, 0.7180767298003746, 0.4571212892772482, 0.38706711584777964, 0.8417288315322851, 1, 0.6458150043685406, 0, 0.5602710251334875, 0.35406665140336196, 0.7768455131250489, 0, 0.5129205811417046, 1, 0.5401713828425245, 0.4812488419218113, 0, 0.43499739820214534, 0, 1, 1, 0.13963733211640417, 0, 0.08679273453805694, 0, 0.30909831826438594, 0, 0.6309262867384305, 0.17092059416214614, 0.05291566448956136, 0.031146505070553828, 0.4817301004955991, 0.30524513288854416, 0.24349353891033382, 0.6951588400909834, 1.3731894374860159, 0.17651853004642082, 0.2311880904642223, 0.22575793079152526, 0.3617869094096116, 0.1151697562622772, 0.9025883372641, 0.31943657178242163, 0.40252604417641197, 2.809381550865595, 0.37734202046033005, 0.2859733419937553, 0.5960906714272408, 0.38327971364465324, 0.2377727903793715, 0.31048701499348064, 0.7279304473039243, 2.2853175183302854, 0.268003569418166, 0.4212648995035579, 0.2740786342744269], BATTLES: 230-185-237-288-232-273-247-185-230-
53, 8, 2089, [1, 0.6752307477534868, 0.6698227732865432, 0, 0.9129915553928427, 1, 0, 0, 0.8243502284365409, 0.7299264481760179, 0.13691915903016436, 0.6548099741890541, 0.6901679058761905, 0.9954430306507102, 0, 1, 0, 0.3386284132499457, 0.3090663842062735, 0.7200961989723613, 0, 0.2761284561351098, 0.7423145244107638, 0.6296589823662861, 0, 0.5858460298584401, 1, 0.9857389430138469, 0.2008535273017957, 0.04834284016198998, 0.10786456436157756, 3.1489310329176337, 0.18635031835965934, 0.6232084007088428, 0.23807797577398457, 0.5429847116668791, 0.13091500557365437, 0.28258679623750327, 0.3023134713111587, 2.2001253846395357, 0.33368613137993264, 0.8227691246533236, 1.516016163197022, 0.45383259258739966, 0.6233256995748867, 0.48176153551658374, 0.38160686331101973, 1.1356036016162852, 1.505974371417523, 0.11577835564041522, 0.120457384248591, 0.3110918323149616, 3.441851989635663, 0.38060223883317645, 0.45149280046106527, 1.2880916092546082], BATTLES: 252-195-225-272-223-280-254-185-203-
53, 9, 2058, [0.47165552871280964, 0.6206390131001205, 0.42904362126113976, 1, 0.9311514702068939, 1, 0.07140251078866822, 0.10245569572651929, 1, 1, 0.8375040411237163, 0.2613372076674644, 0.6262721757290308, 0.6261913617743485, 1, 1, 0, 0.5073992680519086, 0, 1, 0, 0.571894053728162, 0.4149543828727752, 0.9292620835888722, 0.13231648472467092, 0.8251056504611546, 0, 0.9747336134525103, 0.05996014102828487, 0.03295024302592934, 0.015206425553704241, 0.6940011378146353, 1.6146044949652856, 0.2173256399191732, 0.15977766462415752, 0.9253559927242418, 0.24934328818728552, 0.20240948344993107, 0.15201191297296554, 0.21180108680203882, 0.06019467206742004, 0.3044558725338328, 1.2921943037821881, 0.3594996138117424, 2.271179469638543, 0.38660374309743434, 0.28674598682971475, 0.6612814658490249, 0.15887117445482904, 0.2661027233255689, 0.20857918192772334, 0.6179613064532907, 0.7847144097332109, 0.1695776425546281, 0.29329876087139134, 0.5144360635150109], BATTLES: 204-178-242-283-272-275-200-180-224-
54, 0, 2332, [0.5266133269879709, 0.6052290414988846, 0.3972162747027166, 0.5983392470572841, 1, 0.8934132872218196, 0.22131733443235008, 0, 0.5670334376452806, 0.6905070684820614, 0.3436947841387525, 0, 0.4842269368064397, 1, 0.24288665370933957, 0.659853440618592, 1, 1, 0, 1, 0.2410650447542615, 0.42354027501751756, 0.36849351717057854, 0.18113551035985517, 0, 1, 0, 0, 0.15178819048762987, 0.05396858656398218, 0.04082539959795616, 0.8545916670533913, 0.43321717686828437, 0.32641961214979404, 0.1942469868957687, 0.6651680689161912, 0.19725584097210247, 0.23404446133628742, 0.24712426788487923, 0.5144219550610369, 0.20360170686824275, 0.6110553357599384, 0.5441706748674122, 0.2960741947423325, 1.1345644691943135, 0.3200264301291692, 0.4110506799464032, 0.6163784645928855, 0.3892098587105834, 0.2687472058268254, 0.41486967741235986, 0.48495806063182956, 4.773160599045052, 0.3110925248041542, 1.1507001203475875, 0.5164216575416974], BATTLES: 273-218-228-316-270-296-265-211-255-
54, 1, 2307, [0.4323486621634988, 0.6925303106172657, 0.36509939623122556, 0.038533950040060355, 1, 1, 0.14339887036978605, 0, 0.720411036097252, 0.7632466755292471, 0.7652128066218916, 1, 0.4300400288767778, 1, 0.1260670143150202, 0.17792797054972154, 0, 1, 0.16432203402069331, 1, 0.6056510921947988, 0.2508072230399696, 0.5463806136465679, 0.42596748545929053, 0, 0.9878118940857974, 0, 0, 0.1512489307864335, 0.027480035013055504, 0.06906898033184881, 0.32468552948926793, 1.5525048811025493, 0.32008175028772395, 0.1408776177334489, 1.017881699187475, 0.20606070457581757, 0.30899518517124896, 0.11824377609043023, 0.42237837939192063, 0.06510704008893148, 0.7222330556187875, 0.1576763303492654, 0.23133381783723564, 2.0118371584856023, 0.7172039572115262, 0.29168950688379996, 2.087890202518053, 0.26213121241271475, 0.09858889801738006, 0.6013827646507592, 0.5836249574487798, 2.7306027390378693, 0.12960728641175304, 0.6640440807402277, 0.37152218299378564], BATTLES: 253-223-238-306-273-306-249-201-258-
54, 2, 2295, [0.6819895012038848, 0.6951729243974631, 0.3860548785040118, 1, 0.7540641156534985, 0.6533002195478483, 0, 0, 0.8073892038335242, 1, 0.6877751665672492, 0.6938332133521856, 0.4301489243468413, 1, 0.2670527533984839, 0.795569518425703, 0.19746785844121484, 0.6574181721632224, 0.30838493428847924, 1, 0.7830978422929615, 0.3454011531383377, 0, 0, 0, 1, 0.11725921138681387, 0, 0.17616922790492615, 0.041569683900823315, 0.05003151719646296, 0.6977600429709702, 0.8526876970149767, 0.2342338399310945, 0.1679532372481349, 0.7534447138857711, 0.222436364639143, 0.25494062513396104, 0.1111182986758657, 0.35697381623695335, 0.13282550098573187, 0.4628396906084058, 0.2638954363449842, 0.22444240516293923, 1.4346524435929766, 0.5833828115839113, 0.35597718768932446, 0.557750401978079, 0.28200842802867604, 0.09578947479560806, 0.2207963972852647, 0.45006430808617903, 2.141205023319446, 0.1739509174221109, 0.34034884990148556, 0.3950090022221115], BATTLES: 243-210-232-298-278-289-267-244-234-
54, 3, 2280, [1, 0.6044747638866406, 0.5134281980286922, 0, 1, 1, 0.29379973145557853, 0, 0.6875516966023933, 0.8857256686489946, 0, 0, 1, 0.5799408611984653, 0.004725236208979786, 1, 0, 0.6593393220063297, 0, 1, 0, 0.5249983142619576, 0.7305518636736934, 0, 0.0521036036559101, 1, 0.37753599050585634, 1, 0.21520097003456606, 0.04381393727564348, 0.0709952452300291, 3.376349906836219, 0.3517711291189972, 0.5912802668653543, 0.23105121444485016, 0.8653091383542891, 0.150974805142901, 0.2256872786101136, 0.28567248056327, 1.0105601251744611, 0.21434303819967254, 0.8156261831058352, 0.7573129276674435, 0.41331804128892463, 1.5503070351860233, 0.5114944808378609, 0.9405909825941311, 0.6524182521588215, 0.9599546179494536, 0.1871578141988583, 0.19787129653371358, 0.5123019522515574, 1.9923283789291089, 0.3397790318548444, 0.3239924989493803, 0.8944909658753605], BATTLES: 259-226-247-307-252-288-250-220-231-
54, 4, 2275, [1, 0.6752307477534868, 0.6698227732865432, 0, 0.9129915553928427, 1, 0, 0, 0.8243502284365409, 0.7299264481760179, 0.13691915903016436, 0.6548099741890541, 0.6901679058761905, 0.9954430306507102, 0, 1, 0, 0.3386284132499457, 0.3090663842062735, 0.7200961989723613, 0, 0.2761284561351098, 0.7423145244107638, 0.6296589823662861, 0, 0.5858460298584401, 1, 0.9857389430138469, 0.2008535273017957, 0.04834284016198998, 0.10786456436157756, 3.1489310329176337, 0.18635031835965934, 0.6232084007088428, 0.23807797577398457, 0.5429847116668791, 0.13091500557365437, 0.28258679623750327, 0.3023134713111587, 2.2001253846395357, 0.33368613137993264, 0.8227691246533236, 1.516016163197022, 0.45383259258739966, 0.6233256995748867, 0.48176153551658374, 0.38160686331101973, 1.1356036016162852, 1.505974371417523, 0.11577835564041522, 0.120457384248591, 0.3110918323149616, 3.441851989635663, 0.38060223883317645, 0.45149280046106527, 1.2880916092546082], BATTLES: 270-224-233-309-244-283-252-222-238-
54, 5, 2269, [0.6661600806893845, 0.6548804977731264, 0.44541291268282696, 1, 1, 1, 0.5224677956675557, 0, 1, 0.9375809426357941, 0.6285266606346499, 0.02586707190037348, 0.613666867058501, 0.7061674241723894, 1, 0.7758925168999203, 0, 0.01338248801356029, 0.0718194308142926, 0.7170482593623267, 0.2293870563357871, 0.21818601428832757, 0.6315026374679612, 0.3241789526274611, 0, 0.6686782570830117, 0, 0, 0.09696414556074637, 0.0469257871972419, 0.014490390394296082, 0.5275869380200425, 1.4929595195780374, 0.8120230646368376, 0.27100614839065174, 0.4089590296413, 0.392790991936679, 0.14493794976343083, 0.13300041069767923, 0.3418093898472383, 0.06151885088569736, 0.2652425914938214, 0.650102670755429, 0.3394901841328553, 1.707495670446914, 0.33727934539617344, 0.1933090434060608, 0.4312714939383564, 0.3403222708373709, 0.19768526290629815, 0.2945727664648825, 1.076250202352981, 1.0006287469702213, 0.3139739757758152, 0.35078678926350093, 0.5472835228636417], BATTLES: 275-222-240-309-259-273-247-208-236-
54, 6, 2252, [1, 0.6104177227306546, 0.6659662666157137, 0, 1, 1, 0.263354933296828, 0, 0.5819346937325094, 0.9683459853117784, 0.32714376630768727, 0, 0.6916294481481571, 1, 0.8619269718668465, 1, 0, 1, 0.09621629213482522, 0.9884815139270422, 0, 0.36251894205464896, 0.6223705523512464, 0, 0, 0.47163050796465966, 0.5082769683555303, 0, 0.22023467318925743, 0.04855152121747547, 0.06446601671161487, 2.3128149617960805, 0.3739296885355549, 0.5317630397077213, 0.16076313587259966, 1.1270986532863547, 0.1288491131986347, 0.17297767890566193, 0.3074785649562818, 0.7445679890093894, 0.15542867191493592, 1.0218666835326837, 0.7851066344530896, 0.3360055492389041, 2.14148948835792, 0.8104218959824325, 0.9476192940495167, 0.379437395747614, 1.0257171411169308, 0.13622925205258843, 0.34372954908943354, 0.28911918556446287, 4.115457819372814, 0.30187984609305235, 0.15359619507518893, 0.9658915504270176], BATTLES: 263-222-240-306-256-266-258-215-226-
54, 7, 2251, [0.36663755975402906, 0.7180767298003746, 0.4571212892772482, 0.38706711584777964, 0.8417288315322851, 1, 0.6458150043685406, 0, 0.5602710251334875, 0.35406665140336196, 0.7768455131250489, 0, 0.5129205811417046, 1, 0.5401713828425245, 0.4812488419218113, 0, 0.43499739820214534, 0, 1, 1, 0.13963733211640417, 0, 0.08679273453805694, 0, 0.30909831826438594, 0, 0.6309262867384305, 0.17092059416214614, 0.05291566448956136, 0.031146505070553828, 0.4817301004955991, 0.30524513288854416, 0.24349353891033382, 0.6951588400909834, 1.3731894374860159, 0.17651853004642082, 0.2311880904642223, 0.22575793079152526, 0.3617869094096116, 0.1151697562622772, 0.9025883372641, 0.31943657178242163, 0.40252604417641197, 2.809381550865595, 0.37734202046033005, 0.2859733419937553, 0.5960906714272408, 0.38327971364465324, 0.2377727903793715, 0.31048701499348064, 0.7279304473039243, 2.2853175183302854, 0.268003569418166, 0.4212648995035579, 0.2740786342744269], BATTLES: 256-216-235-298-264-284-260-193-245-
54, 8, 2233, [0.454811893904422, 0.6637519600305491, 0.44140175095883605, 1, 0.8596063467137397, 0.9887304422279477, 0, 0, 0.7661511192688948, 1, 0.6962006433497696, 0, 0.5582662271005127, 0.948314674619618, 1, 1, 0.04151889109706053, 0.3785926554573499, 0, 1, 0.10692586457457631, 0.35428052064410065, 0.2202319074657176, 1, 0, 0.8720693560998789, 0, 0.5710089101135115, 0.08351964266474579, 0.04516967408289181, 0.018521888761979046, 0.7243407861681692, 0.8229205645557203, 0.4585483720560686, 0.2540360780136722, 0.8494832974426012, 0.39435681375539183, 0.1946134957965154, 0.16249197856768177, 0.2860999314229981, 0.05039157514460588, 0.3228883697678384, 0.9151125034864184, 0.4054881185726116, 1.7960340351773583, 0.43020265742826785, 0.20539493072654105, 0.5948070165795798, 0.3496678237685034, 0.19204749769854787, 0.22312047885972058, 0.7520297962622848, 1.2681167000923725, 0.24063209456157836, 0.416210467163915, 0.40697960358618507], BATTLES: 261-212-237-303-257-286-236-203-238-
54, 9, 2204, [0.47165552871280964, 0.6206390131001205, 0.42904362126113976, 1, 0.9311514702068939, 1, 0.07140251078866822, 0.10245569572651929, 1, 1, 0.8375040411237163, 0.2613372076674644, 0.6262721757290308, 0.6261913617743485, 1, 1, 0, 0.5073992680519086, 0, 1, 0, 0.571894053728162, 0.4149543828727752, 0.9292620835888722, 0.13231648472467092, 0.8251056504611546, 0, 0.9747336134525103, 0.05996014102828487, 0.03295024302592934, 0.015206425553704241, 0.6940011378146353, 1.6146044949652856, 0.2173256399191732, 0.15977766462415752, 0.9253559927242418, 0.24934328818728552, 0.20240948344993107, 0.15201191297296554, 0.21180108680203882, 0.06019467206742004, 0.3044558725338328, 1.2921943037821881, 0.3594996138117424, 2.271179469638543, 0.38660374309743434, 0.28674598682971475, 0.6612814658490249, 0.15887117445482904, 0.2661027233255689, 0.20857918192772334, 0.6179613064532907, 0.7847144097332109, 0.1695776425546281, 0.29329876087139134, 0.5144360635150109], BATTLES: 224-205-249-283-269-306-230-189-249-
55, 0, 2187, [1, 0.6104177227306546, 0.6659662666157137, 0, 1, 1, 0.263354933296828, 0, 0.5819346937325094, 0.9683459853117784, 0.32714376630768727, 0, 0.6916294481481571, 1, 0.8619269718668465, 1, 0, 1, 0.09621629213482522, 0.9884815139270422, 0, 0.36251894205464896, 0.6223705523512464, 0, 0, 0.47163050796465966, 0.5082769683555303, 0, 0.22023467318925743, 0.04855152121747547, 0.06446601671161487, 2.3128149617960805, 0.3739296885355549, 0.5317630397077213, 0.16076313587259966, 1.1270986532863547, 0.1288491131986347, 0.17297767890566193, 0.3074785649562818, 0.7445679890093894, 0.15542867191493592, 1.0218666835326837, 0.7851066344530896, 0.3360055492389041, 2.14148948835792, 0.8104218959824325, 0.9476192940495167, 0.379437395747614, 1.0257171411169308, 0.13622925205258843, 0.34372954908943354, 0.28911918556446287, 4.115457819372814, 0.30187984609305235, 0.15359619507518893, 0.9658915504270176], BATTLES: 231-223-220-300-243-279-240-226-225-
55, 1, 2180, [1, 0.6044747638866406, 0.5134281980286922, 0, 1, 1, 0.29379973145557853, 0, 0.6875516966023933, 0.8857256686489946, 0, 0, 1, 0.5799408611984653, 0.004725236208979786, 1, 0, 0.6593393220063297, 0, 1, 0, 0.5249983142619576, 0.7305518636736934, 0, 0.0521036036559101, 1, 0.37753599050585634, 1, 0.21520097003456606, 0.04381393727564348, 0.0709952452300291, 3.376349906836219, 0.3517711291189972, 0.5912802668653543, 0.23105121444485016, 0.8653091383542891, 0.150974805142901, 0.2256872786101136, 0.28567248056327, 1.0105601251744611, 0.21434303819967254, 0.8156261831058352, 0.7573129276674435, 0.41331804128892463, 1.5503070351860233, 0.5114944808378609, 0.9405909825941311, 0.6524182521588215, 0.9599546179494536, 0.1871578141988583, 0.19787129653371358, 0.5123019522515574, 1.9923283789291089, 0.3397790318548444, 0.3239924989493803, 0.8944909658753605], BATTLES: 240-208-231-296-246-283-248-207-221-
55, 2, 2161, [0.5266133269879709, 0.6052290414988846, 0.3972162747027166, 0.5983392470572841, 1, 0.8934132872218196, 0.22131733443235008, 0, 0.5670334376452806, 0.6905070684820614, 0.3436947841387525, 0, 0.4842269368064397, 1, 0.24288665370933957, 0.659853440618592, 1, 1, 0, 1, 0.2410650447542615, 0.42354027501751756, 0.36849351717057854, 0.18113551035985517, 0, 1, 0, 0, 0.15178819048762987, 0.05396858656398218, 0.04082539959795616, 0.8545916670533913, 0.43321717686828437, 0.32641961214979404, 0.1942469868957687, 0.6651680689161912, 0.19725584097210247, 0.23404446133628742, 0.24712426788487923, 0.5144219550610369, 0.20360170686824275, 0.6110553357599384, 0.5441706748674122, 0.2960741947423325, 1.1345644691943135, 0.3200264301291692, 0.4110506799464032, 0.6163784645928855, 0.3892098587105834, 0.2687472058268254, 0.41486967741235986, 0.48495806063182956, 4.773160599045052, 0.3110925248041542, 1.1507001203475875, 0.5164216575416974], BATTLES: 239-206-228-285-264-283-223-204-229-
55, 3, 2151, [0.6661600806893845, 0.6548804977731264, 0.44541291268282696, 1, 1, 1, 0.5224677956675557, 0, 1, 0.9375809426357941, 0.6285266606346499, 0.02586707190037348, 0.613666867058501, 0.7061674241723894, 1, 0.7758925168999203, 0, 0.01338248801356029, 0.0718194308142926, 0.7170482593623267, 0.2293870563357871, 0.21818601428832757, 0.6315026374679612, 0.3241789526274611, 0, 0.6686782570830117, 0, 0, 0.09696414556074637, 0.0469257871972419, 0.014490390394296082, 0.5275869380200425, 1.4929595195780374, 0.8120230646368376, 0.27100614839065174, 0.4089590296413, 0.392790991936679, 0.14493794976343083, 0.13300041069767923, 0.3418093898472383, 0.06151885088569736, 0.2652425914938214, 0.650102670755429, 0.3394901841328553, 1.707495670446914, 0.33727934539617344, 0.1933090434060608, 0.4312714939383564, 0.3403222708373709, 0.19768526290629815, 0.2945727664648825, 1.076250202352981, 1.0006287469702213, 0.3139739757758152, 0.35078678926350093, 0.5472835228636417], BATTLES: 240-212-225-290-262-275-236-186-225-
55, 4, 2101, [1, 0.7194800914357551, 0.6659093348804721, 1, 0.9678144272242767, 1, 0, 0, 1, 0.7938418515348533, 0.35692774926944315, 0.2941757167396791, 1, 1, 0, 1, 0.5120969100145021, 1, 0.6574523790756341, 0, 0, 0.3302419515633047, 0.8181990354724508, 0.45309623715816116, 0, 0.941454577431872, 0.7117565143636766, 0, 0.22590406773508012, 0.03377986321753244, 0.07202733634461127, 3.6053909654092546, 0.18588829487804942, 0.4017879429014236, 0.1866982623293549, 0.33974991115996017, 0.17331871595970036, 0.2529678647895908, 0.41613919401177685, 1.7412486645559935, 0.631124715576095, 1.0577493133097036, 1.127803840935528, 0.2617540378157281, 0.927599560246093, 0.43296698450166454, 0.2687167656292342, 1.266005753621362, 1.8850051851387761, 0.08755481267510437, 0.13786289318763068, 0.2003108854570578, 2.460086766070636, 0.3464444866610178, 0.29096383654827956, 0.7274128265796113], BATTLES: 237-205-221-284-241-270-240-204-199-
55, 5, 2085, [0.4323486621634988, 0.6925303106172657, 0.36509939623122556, 0.038533950040060355, 1, 1, 0.14339887036978605, 0, 0.720411036097252, 0.7632466755292471, 0.7652128066218916, 1, 0.4300400288767778, 1, 0.1260670143150202, 0.17792797054972154, 0, 1, 0.16432203402069331, 1, 0.6056510921947988, 0.2508072230399696, 0.5463806136465679, 0.42596748545929053, 0, 0.9878118940857974, 0, 0, 0.1512489307864335, 0.027480035013055504, 0.06906898033184881, 0.32468552948926793, 1.5525048811025493, 0.32008175028772395, 0.1408776177334489, 1.017881699187475, 0.20606070457581757, 0.30899518517124896, 0.11824377609043023, 0.42237837939192063, 0.06510704008893148, 0.7222330556187875, 0.1576763303492654, 0.23133381783723564, 2.0118371584856023, 0.7172039572115262, 0.29168950688379996, 2.087890202518053, 0.26213121241271475, 0.09858889801738006, 0.6013827646507592, 0.5836249574487798, 2.7306027390378693, 0.12960728641175304, 0.6640440807402277, 0.37152218299378564], BATTLES: 234-197-216-282-260-269-215-180-232-
55, 6, 2076, [1, 0.6752307477534868, 0.6698227732865432, 0, 0.9129915553928427, 1, 0, 0, 0.8243502284365409, 0.7299264481760179, 0.13691915903016436, 0.6548099741890541, 0.6901679058761905, 0.9954430306507102, 0, 1, 0, 0.3386284132499457, 0.3090663842062735, 0.7200961989723613, 0, 0.2761284561351098, 0.7423145244107638, 0.6296589823662861, 0, 0.5858460298584401, 1, 0.9857389430138469, 0.2008535273017957, 0.04834284016198998, 0.10786456436157756, 3.1489310329176337, 0.18635031835965934, 0.6232084007088428, 0.23807797577398457, 0.5429847116668791, 0.13091500557365437, 0.28258679623750327, 0.3023134713111587, 2.2001253846395357, 0.33368613137993264, 0.8227691246533236, 1.516016163197022, 0.45383259258739966, 0.6233256995748867, 0.48176153551658374, 0.38160686331101973, 1.1356036016162852, 1.505974371417523, 0.11577835564041522, 0.120457384248591, 0.3110918323149616, 3.441851989635663, 0.38060223883317645, 0.45149280046106527, 1.2880916092546082], BATTLES: 236-220-218-277-227-282-223-179-214-
55, 7, 2068, [0.47165552871280964, 0.6206390131001205, 0.42904362126113976, 1, 0.9311514702068939, 1, 0.07140251078866822, 0.10245569572651929, 1, 1, 0.8375040411237163, 0.2613372076674644, 0.6262721757290308, 0.6261913617743485, 1, 1, 0, 0.5073992680519086, 0, 1, 0, 0.571894053728162, 0.4149543828727752, 0.9292620835888722, 0.13231648472467092, 0.8251056504611546, 0, 0.9747336134525103, 0.05996014102828487, 0.03295024302592934, 0.015206425553704241, 0.6940011378146353, 1.6146044949652856, 0.2173256399191732, 0.15977766462415752, 0.9253559927242418, 0.24934328818728552, 0.20240948344993107, 0.15201191297296554, 0.21180108680203882, 0.06019467206742004, 0.3044558725338328, 1.2921943037821881, 0.3594996138117424, 2.271179469638543, 0.38660374309743434, 0.28674598682971475, 0.6612814658490249, 0.15887117445482904, 0.2661027233255689, 0.20857918192772334, 0.6179613064532907, 0.7847144097332109, 0.1695776425546281, 0.29329876087139134, 0.5144360635150109], BATTLES: 208-181-236-266-263-287-202-178-247-
55, 8, 2067, [0.36663755975402906, 0.7180767298003746, 0.4571212892772482, 0.38706711584777964, 0.8417288315322851, 1, 0.6458150043685406, 0, 0.5602710251334875, 0.35406665140336196, 0.7768455131250489, 0, 0.5129205811417046, 1, 0.5401713828425245, 0.4812488419218113, 0, 0.43499739820214534, 0, 1, 1, 0.13963733211640417, 0, 0.08679273453805694, 0, 0.30909831826438594, 0, 0.6309262867384305, 0.17092059416214614, 0.05291566448956136, 0.031146505070553828, 0.4817301004955991, 0.30524513288854416, 0.24349353891033382, 0.6951588400909834, 1.3731894374860159, 0.17651853004642082, 0.2311880904642223, 0.22575793079152526, 0.3617869094096116, 0.1151697562622772, 0.9025883372641, 0.31943657178242163, 0.40252604417641197, 2.809381550865595, 0.37734202046033005, 0.2859733419937553, 0.5960906714272408, 0.38327971364465324, 0.2377727903793715, 0.31048701499348064, 0.7279304473039243, 2.2853175183302854, 0.268003569418166, 0.4212648995035579, 0.2740786342744269], BATTLES: 223-191-236-266-250-277-223-167-234-
55, 9, 2059, [0.454811893904422, 0.6637519600305491, 0.44140175095883605, 1, 0.8596063467137397, 0.9887304422279477, 0, 0, 0.7661511192688948, 1, 0.6962006433497696, 0, 0.5582662271005127, 0.948314674619618, 1, 1, 0.04151889109706053, 0.3785926554573499, 0, 1, 0.10692586457457631, 0.35428052064410065, 0.2202319074657176, 1, 0, 0.8720693560998789, 0, 0.5710089101135115, 0.08351964266474579, 0.04516967408289181, 0.018521888761979046, 0.7243407861681692, 0.8229205645557203, 0.4585483720560686, 0.2540360780136722, 0.8494832974426012, 0.39435681375539183, 0.1946134957965154, 0.16249197856768177, 0.2860999314229981, 0.05039157514460588, 0.3228883697678384, 0.9151125034864184, 0.4054881185726116, 1.7960340351773583, 0.43020265742826785, 0.20539493072654105, 0.5948070165795798, 0.3496678237685034, 0.19204749769854787, 0.22312047885972058, 0.7520297962622848, 1.2681167000923725, 0.24063209456157836, 0.416210467163915, 0.40697960358618507], BATTLES: 234-176-241-280-233-278-221-168-228-
56, 0, 2195, [1, 0.6789750311470124, 0.7188401703177482, 0, 0.965508630821868, 0.9557830211680034, 0, 0, 0.931852423933126, 0.9386038783242754, 0, 0, 0.28507429152323327, 1, 1, 0.5861801120993181, 0, 0, 0.10291129552123324, 1, 1, 0.41349017652200937, 0.8087505076365626, 0.21169270391989717, 0, 1, 0.45854935315339945, 0, 0.21178792666767587, 0.04099880001542793, 0.03775594146492935, 3.03161984792627, 0.1331213525340632, 0.34330798310273347, 0.2347606977672945, 0.3527265979856575, 0.11306656920014466, 0.17199045289001033, 0.6202334936534634, 1.5206144288277652, 0.8399881456126919, 0.9573760941246482, 1.2667503217066889, 0.4128036484513945, 1.4103027829219317, 0.4955419708868761, 0.3691412516950227, 1.3899139094772577, 1.7973817224476278, 0.10830497921676525, 0.14494678416400766, 0.2616653194756837, 1.5813787226914973, 0.45575221407676353, 0.33272127285504766, 0.603001395784564], BATTLES: 253-213-223-279-250-277-240-235-225-
56, 1, 2195, [0.5266133269879709, 0.6052290414988846, 0.3972162747027166, 0.5983392470572841, 1, 0.8934132872218196, 0.22131733443235008, 0, 0.5670334376452806, 0.6905070684820614, 0.3436947841387525, 0, 0.4842269368064397, 1, 0.24288665370933957, 0.659853440618592, 1, 1, 0, 1, 0.2410650447542615, 0.42354027501751756, 0.36849351717057854, 0.18113551035985517, 0, 1, 0, 0, 0.15178819048762987, 0.05396858656398218, 0.04082539959795616, 0.8545916670533913, 0.43321717686828437, 0.32641961214979404, 0.1942469868957687, 0.6651680689161912, 0.19725584097210247, 0.23404446133628742, 0.24712426788487923, 0.5144219550610369, 0.20360170686824275, 0.6110553357599384, 0.5441706748674122, 0.2960741947423325, 1.1345644691943135, 0.3200264301291692, 0.4110506799464032, 0.6163784645928855, 0.3892098587105834, 0.2687472058268254, 0.41486967741235986, 0.48495806063182956, 4.773160599045052, 0.3110925248041542, 1.1507001203475875, 0.5164216575416974], BATTLES: 249-203-237-279-271-291-231-198-236-
56, 2, 2158, [1, 0.6044747638866406, 0.5134281980286922, 0, 1, 1, 0.29379973145557853, 0, 0.6875516966023933, 0.8857256686489946, 0, 0, 1, 0.5799408611984653, 0.004725236208979786, 1, 0, 0.6593393220063297, 0, 1, 0, 0.5249983142619576, 0.7305518636736934, 0, 0.0521036036559101, 1, 0.37753599050585634, 1, 0.21520097003456606, 0.04381393727564348, 0.0709952452300291, 3.376349906836219, 0.3517711291189972, 0.5912802668653543, 0.23105121444485016, 0.8653091383542891, 0.150974805142901, 0.2256872786101136, 0.28567248056327, 1.0105601251744611, 0.21434303819967254, 0.8156261831058352, 0.7573129276674435, 0.41331804128892463, 1.5503070351860233, 0.5114944808378609, 0.9405909825941311, 0.6524182521588215, 0.9599546179494536, 0.1871578141988583, 0.19787129653371358, 0.5123019522515574, 1.9923283789291089, 0.3397790318548444, 0.3239924989493803, 0.8944909658753605], BATTLES: 251-217-236-280-227-262-244-203-238-
56, 3, 2155, [0.454811893904422, 0.6637519600305491, 0.44140175095883605, 1, 0.8596063467137397, 0.9887304422279477, 0, 0, 0.7661511192688948, 1, 0.6962006433497696, 0, 0.5582662271005127, 0.948314674619618, 1, 1, 0.04151889109706053, 0.3785926554573499, 0, 1, 0.10692586457457631, 0.35428052064410065, 0.2202319074657176, 1, 0, 0.8720693560998789, 0, 0.5710089101135115, 0.08351964266474579, 0.04516967408289181, 0.018521888761979046, 0.7243407861681692, 0.8229205645557203, 0.4585483720560686, 0.2540360780136722, 0.8494832974426012, 0.39435681375539183, 0.1946134957965154, 0.16249197856768177, 0.2860999314229981, 0.05039157514460588, 0.3228883697678384, 0.9151125034864184, 0.4054881185726116, 1.7960340351773583, 0.43020265742826785, 0.20539493072654105, 0.5948070165795798, 0.3496678237685034, 0.19204749769854787, 0.22312047885972058, 0.7520297962622848, 1.2681167000923725, 0.24063209456157836, 0.416210467163915, 0.40697960358618507], BATTLES: 228-214-245-276-237-290-230-188-247-
56, 4, 2152, [0.6661600806893845, 0.6548804977731264, 0.44541291268282696, 1, 1, 1, 0.5224677956675557, 0, 1, 0.9375809426357941, 0.6285266606346499, 0.02586707190037348, 0.613666867058501, 0.7061674241723894, 1, 0.7758925168999203, 0, 0.01338248801356029, 0.0718194308142926, 0.7170482593623267, 0.2293870563357871, 0.21818601428832757, 0.6315026374679612, 0.3241789526274611, 0, 0.6686782570830117, 0, 0, 0.09696414556074637, 0.0469257871972419, 0.014490390394296082, 0.5275869380200425, 1.4929595195780374, 0.8120230646368376, 0.27100614839065174, 0.4089590296413, 0.392790991936679, 0.14493794976343083, 0.13300041069767923, 0.3418093898472383, 0.06151885088569736, 0.2652425914938214, 0.650102670755429, 0.3394901841328553, 1.707495670446914, 0.33727934539617344, 0.1933090434060608, 0.4312714939383564, 0.3403222708373709, 0.19768526290629815, 0.2945727664648825, 1.076250202352981, 1.0006287469702213, 0.3139739757758152, 0.35078678926350093, 0.5472835228636417], BATTLES: 242-210-237-292-256-266-224-194-231-
56, 5, 2131, [0.3505556495846471, 0.6581911001624684, 0.4013205421413038, 0.5956387858259234, 0.9145632918623523, 1, 0.12135406981019933, 0, 1, 0.7657569700105289, 0.28766398006219124, 0, 0.5641417389198511, 0.8364734238687833, 0, 0.9980795602223216, 0, 0.5452736692762518, 0, 1, 0, 0.37075851903171614, 0.21954582801427266, 0.5678412480271033, 0, 0.9492189875600491, 0.6164024187823685, 1, 0.1858790983671554, 0.045825729443776185, 0.02515924466568202, 0.6424753290694906, 0.9255386529660367, 0.35914941734820904, 0.2612965743361835, 0.8702146067651749, 0.3452717463417975, 0.2144022700194328, 0.12486224816132861, 0.40957050306379716, 0.11328420176571302, 0.26077098694397527, 0.6067444769201512, 0.18969166097736329, 1.9782173565651204, 0.488940766978213, 0.19075538644781861, 0.8628330740174356, 0.27099295230447484, 0.21302197190778488, 0.33985440423452773, 0.6801720575360793, 1.0750674495590553, 0.23280829058175964, 0.3771821765155364, 0.38527297415701495], BATTLES: 243-217-259-243-234-294-231-176-234-
56, 6, 2123, [0.4323486621634988, 0.6925303106172657, 0.36509939623122556, 0.038533950040060355, 1, 1, 0.14339887036978605, 0, 0.720411036097252, 0.7632466755292471, 0.7652128066218916, 1, 0.4300400288767778, 1, 0.1260670143150202, 0.17792797054972154, 0, 1, 0.16432203402069331, 1, 0.6056510921947988, 0.2508072230399696, 0.5463806136465679, 0.42596748545929053, 0, 0.9878118940857974, 0, 0, 0.1512489307864335, 0.027480035013055504, 0.06906898033184881, 0.32468552948926793, 1.5525048811025493, 0.32008175028772395, 0.1408776177334489, 1.017881699187475, 0.20606070457581757, 0.30899518517124896, 0.11824377609043023, 0.42237837939192063, 0.06510704008893148, 0.7222330556187875, 0.1576763303492654, 0.23133381783723564, 2.0118371584856023, 0.7172039572115262, 0.29168950688379996, 2.087890202518053, 0.26213121241271475, 0.09858889801738006, 0.6013827646507592, 0.5836249574487798, 2.7306027390378693, 0.12960728641175304, 0.6640440807402277, 0.37152218299378564], BATTLES: 239-199-224-286-248-290-211-199-227-
56, 7, 2120, [1, 0.6104177227306546, 0.6659662666157137, 0, 1, 1, 0.263354933296828, 0, 0.5819346937325094, 0.9683459853117784, 0.32714376630768727, 0, 0.6916294481481571, 1, 0.8619269718668465, 1, 0, 1, 0.09621629213482522, 0.9884815139270422, 0, 0.36251894205464896, 0.6223705523512464, 0, 0, 0.47163050796465966, 0.5082769683555303, 0, 0.22023467318925743, 0.04855152121747547, 0.06446601671161487, 2.3128149617960805, 0.3739296885355549, 0.5317630397077213, 0.16076313587259966, 1.1270986532863547, 0.1288491131986347, 0.17297767890566193, 0.3074785649562818, 0.7445679890093894, 0.15542867191493592, 1.0218666835326837, 0.7851066344530896, 0.3360055492389041, 2.14148948835792, 0.8104218959824325, 0.9476192940495167, 0.379437395747614, 1.0257171411169308, 0.13622925205258843, 0.34372954908943354, 0.28911918556446287, 4.115457819372814, 0.30187984609305235, 0.15359619507518893, 0.9658915504270176], BATTLES: 239-215-209-288-237-267-237-204-224-
56, 8, 2115, [1, 0.7194800914357551, 0.6659093348804721, 1, 0.9678144272242767, 1, 0, 0, 1, 0.7938418515348533, 0.35692774926944315, 0.2941757167396791, 1, 1, 0, 1, 0.5120969100145021, 1, 0.6574523790756341, 0, 0, 0.3302419515633047, 0.8181990354724508, 0.45309623715816116, 0, 0.941454577431872, 0.7117565143636766, 0, 0.22590406773508012, 0.03377986321753244, 0.07202733634461127, 3.6053909654092546, 0.18588829487804942, 0.4017879429014236, 0.1866982623293549, 0.33974991115996017, 0.17331871595970036, 0.2529678647895908, 0.41613919401177685, 1.7412486645559935, 0.631124715576095, 1.0577493133097036, 1.127803840935528, 0.2617540378157281, 0.927599560246093, 0.43296698450166454, 0.2687167656292342, 1.266005753621362, 1.8850051851387761, 0.08755481267510437, 0.13786289318763068, 0.2003108854570578, 2.460086766070636, 0.3464444866610178, 0.29096383654827956, 0.7274128265796113], BATTLES: 253-214-200-268-237-260-260-204-219-
56, 9, 2113, [0.36663755975402906, 0.7180767298003746, 0.4571212892772482, 0.38706711584777964, 0.8417288315322851, 1, 0.6458150043685406, 0, 0.5602710251334875, 0.35406665140336196, 0.7768455131250489, 0, 0.5129205811417046, 1, 0.5401713828425245, 0.4812488419218113, 0, 0.43499739820214534, 0, 1, 1, 0.13963733211640417, 0, 0.08679273453805694, 0, 0.30909831826438594, 0, 0.6309262867384305, 0.17092059416214614, 0.05291566448956136, 0.031146505070553828, 0.4817301004955991, 0.30524513288854416, 0.24349353891033382, 0.6951588400909834, 1.3731894374860159, 0.17651853004642082, 0.2311880904642223, 0.22575793079152526, 0.3617869094096116, 0.1151697562622772, 0.9025883372641, 0.31943657178242163, 0.40252604417641197, 2.809381550865595, 0.37734202046033005, 0.2859733419937553, 0.5960906714272408, 0.38327971364465324, 0.2377727903793715, 0.31048701499348064, 0.7279304473039243, 2.2853175183302854, 0.268003569418166, 0.4212648995035579, 0.2740786342744269], BATTLES: 227-187-255-274-257-288-232-168-225-
57, 0, 2206, [1, 0.6044747638866406, 0.5134281980286922, 0, 1, 1, 0.29379973145557853, 0, 0.6875516966023933, 0.8857256686489946, 0, 0, 1, 0.5799408611984653, 0.004725236208979786, 1, 0, 0.6593393220063297, 0, 1, 0, 0.5249983142619576, 0.7305518636736934, 0, 0.0521036036559101, 1, 0.37753599050585634, 1, 0.21520097003456606, 0.04381393727564348, 0.0709952452300291, 3.376349906836219, 0.3517711291189972, 0.5912802668653543, 0.23105121444485016, 0.8653091383542891, 0.150974805142901, 0.2256872786101136, 0.28567248056327, 1.0105601251744611, 0.21434303819967254, 0.8156261831058352, 0.7573129276674435, 0.41331804128892463, 1.5503070351860233, 0.5114944808378609, 0.9405909825941311, 0.6524182521588215, 0.9599546179494536, 0.1871578141988583, 0.19787129653371358, 0.5123019522515574, 1.9923283789291089, 0.3397790318548444, 0.3239924989493803, 0.8944909658753605], BATTLES: 252-221-233-302-241-271-246-211-229-
57, 1, 2198, [1, 0.6104177227306546, 0.6659662666157137, 0, 1, 1, 0.263354933296828, 0, 0.5819346937325094, 0.9683459853117784, 0.32714376630768727, 0, 0.6916294481481571, 1, 0.8619269718668465, 1, 0, 1, 0.09621629213482522, 0.9884815139270422, 0, 0.36251894205464896, 0.6223705523512464, 0, 0, 0.47163050796465966, 0.5082769683555303, 0, 0.22023467318925743, 0.04855152121747547, 0.06446601671161487, 2.3128149617960805, 0.3739296885355549, 0.5317630397077213, 0.16076313587259966, 1.1270986532863547, 0.1288491131986347, 0.17297767890566193, 0.3074785649562818, 0.7445679890093894, 0.15542867191493592, 1.0218666835326837, 0.7851066344530896, 0.3360055492389041, 2.14148948835792, 0.8104218959824325, 0.9476192940495167, 0.379437395747614, 1.0257171411169308, 0.13622925205258843, 0.34372954908943354, 0.28911918556446287, 4.115457819372814, 0.30187984609305235, 0.15359619507518893, 0.9658915504270176], BATTLES: 250-219-210-293-256-267-231-248-224-
57, 2, 2196, [0.5266133269879709, 0.6052290414988846, 0.3972162747027166, 0.5983392470572841, 1, 0.8934132872218196, 0.22131733443235008, 0, 0.5670334376452806, 0.6905070684820614, 0.3436947841387525, 0, 0.4842269368064397, 1, 0.24288665370933957, 0.659853440618592, 1, 1, 0, 1, 0.2410650447542615, 0.42354027501751756, 0.36849351717057854, 0.18113551035985517, 0, 1, 0, 0, 0.15178819048762987, 0.05396858656398218, 0.04082539959795616, 0.8545916670533913, 0.43321717686828437, 0.32641961214979404, 0.1942469868957687, 0.6651680689161912, 0.19725584097210247, 0.23404446133628742, 0.24712426788487923, 0.5144219550610369, 0.20360170686824275, 0.6110553357599384, 0.5441706748674122, 0.2960741947423325, 1.1345644691943135, 0.3200264301291692, 0.4110506799464032, 0.6163784645928855, 0.3892098587105834, 0.2687472058268254, 0.41486967741235986, 0.48495806063182956, 4.773160599045052, 0.3110925248041542, 1.1507001203475875, 0.5164216575416974], BATTLES: 237-211-226-275-282-279-235-213-238-
57, 3, 2165, [0.454811893904422, 0.6637519600305491, 0.44140175095883605, 1, 0.8596063467137397, 0.9887304422279477, 0, 0, 0.7661511192688948, 1, 0.6962006433497696, 0, 0.5582662271005127, 0.948314674619618, 1, 1, 0.04151889109706053, 0.3785926554573499, 0, 1, 0.10692586457457631, 0.35428052064410065, 0.2202319074657176, 1, 0, 0.8720693560998789, 0, 0.5710089101135115, 0.08351964266474579, 0.04516967408289181, 0.018521888761979046, 0.7243407861681692, 0.8229205645557203, 0.4585483720560686, 0.2540360780136722, 0.8494832974426012, 0.39435681375539183, 0.1946134957965154, 0.16249197856768177, 0.2860999314229981, 0.05039157514460588, 0.3228883697678384, 0.9151125034864184, 0.4054881185726116, 1.7960340351773583, 0.43020265742826785, 0.20539493072654105, 0.5948070165795798, 0.3496678237685034, 0.19204749769854787, 0.22312047885972058, 0.7520297962622848, 1.2681167000923725, 0.24063209456157836, 0.416210467163915, 0.40697960358618507], BATTLES: 229-210-243-277-255-286-230-183-252-
57, 4, 2146, [0.6661600806893845, 0.6548804977731264, 0.44541291268282696, 1, 1, 1, 0.5224677956675557, 0, 1, 0.9375809426357941, 0.6285266606346499, 0.02586707190037348, 0.613666867058501, 0.7061674241723894, 1, 0.7758925168999203, 0, 0.01338248801356029, 0.0718194308142926, 0.7170482593623267, 0.2293870563357871, 0.21818601428832757, 0.6315026374679612, 0.3241789526274611, 0, 0.6686782570830117, 0, 0, 0.09696414556074637, 0.0469257871972419, 0.014490390394296082, 0.5275869380200425, 1.4929595195780374, 0.8120230646368376, 0.27100614839065174, 0.4089590296413, 0.392790991936679, 0.14493794976343083, 0.13300041069767923, 0.3418093898472383, 0.06151885088569736, 0.2652425914938214, 0.650102670755429, 0.3394901841328553, 1.707495670446914, 0.33727934539617344, 0.1933090434060608, 0.4312714939383564, 0.3403222708373709, 0.19768526290629815, 0.2945727664648825, 1.076250202352981, 1.0006287469702213, 0.3139739757758152, 0.35078678926350093, 0.5472835228636417], BATTLES: 215-200-228-286-257-281-225-212-242-
57, 5, 2133, [0.36663755975402906, 0.7180767298003746, 0.4571212892772482, 0.38706711584777964, 0.8417288315322851, 1, 0.6458150043685406, 0, 0.5602710251334875, 0.35406665140336196, 0.7768455131250489, 0, 0.5129205811417046, 1, 0.5401713828425245, 0.4812488419218113, 0, 0.43499739820214534, 0, 1, 1, 0.13963733211640417, 0, 0.08679273453805694, 0, 0.30909831826438594, 0, 0.6309262867384305, 0.17092059416214614, 0.05291566448956136, 0.031146505070553828, 0.4817301004955991, 0.30524513288854416, 0.24349353891033382, 0.6951588400909834, 1.3731894374860159, 0.17651853004642082, 0.2311880904642223, 0.22575793079152526, 0.3617869094096116, 0.1151697562622772, 0.9025883372641, 0.31943657178242163, 0.40252604417641197, 2.809381550865595, 0.37734202046033005, 0.2859733419937553, 0.5960906714272408, 0.38327971364465324, 0.2377727903793715, 0.31048701499348064, 0.7279304473039243, 2.2853175183302854, 0.268003569418166, 0.4212648995035579, 0.2740786342744269], BATTLES: 219-189-233-286-254-282-220-198-252-
57, 6, 2129, [0.4323486621634988, 0.6925303106172657, 0.36509939623122556, 0.038533950040060355, 1, 1, 0.14339887036978605, 0, 0.720411036097252, 0.7632466755292471, 0.7652128066218916, 1, 0.4300400288767778, 1, 0.1260670143150202, 0.17792797054972154, 0, 1, 0.16432203402069331, 1, 0.6056510921947988, 0.2508072230399696, 0.5463806136465679, 0.42596748545929053, 0, 0.9878118940857974, 0, 0, 0.1512489307864335, 0.027480035013055504, 0.06906898033184881, 0.32468552948926793, 1.5525048811025493, 0.32008175028772395, 0.1408776177334489, 1.017881699187475, 0.20606070457581757, 0.30899518517124896, 0.11824377609043023, 0.42237837939192063, 0.06510704008893148, 0.7222330556187875, 0.1576763303492654, 0.23133381783723564, 2.0118371584856023, 0.7172039572115262, 0.29168950688379996, 2.087890202518053, 0.26213121241271475, 0.09858889801738006, 0.6013827646507592, 0.5836249574487798, 2.7306027390378693, 0.12960728641175304, 0.6640440807402277, 0.37152218299378564], BATTLES: 238-196-245-276-257-279-219-200-219-
57, 7, 2124, [0.3505556495846471, 0.6581911001624684, 0.4013205421413038, 0.5956387858259234, 0.9145632918623523, 1, 0.12135406981019933, 0, 1, 0.7657569700105289, 0.28766398006219124, 0, 0.5641417389198511, 0.8364734238687833, 0, 0.9980795602223216, 0, 0.5452736692762518, 0, 1, 0, 0.37075851903171614, 0.21954582801427266, 0.5678412480271033, 0, 0.9492189875600491, 0.6164024187823685, 1, 0.1858790983671554, 0.045825729443776185, 0.02515924466568202, 0.6424753290694906, 0.9255386529660367, 0.35914941734820904, 0.2612965743361835, 0.8702146067651749, 0.3452717463417975, 0.2144022700194328, 0.12486224816132861, 0.40957050306379716, 0.11328420176571302, 0.26077098694397527, 0.6067444769201512, 0.18969166097736329, 1.9782173565651204, 0.488940766978213, 0.19075538644781861, 0.8628330740174356, 0.27099295230447484, 0.21302197190778488, 0.33985440423452773, 0.6801720575360793, 1.0750674495590553, 0.23280829058175964, 0.3771821765155364, 0.38527297415701495], BATTLES: 251-208-262-235-231-262-240-175-260-
57, 8, 2122, [1, 0.6789750311470124, 0.7188401703177482, 0, 0.965508630821868, 0.9557830211680034, 0, 0, 0.931852423933126, 0.9386038783242754, 0, 0, 0.28507429152323327, 1, 1, 0.5861801120993181, 0, 0, 0.10291129552123324, 1, 1, 0.41349017652200937, 0.8087505076365626, 0.21169270391989717, 0, 1, 0.45854935315339945, 0, 0.21178792666767587, 0.04099880001542793, 0.03775594146492935, 3.03161984792627, 0.1331213525340632, 0.34330798310273347, 0.2347606977672945, 0.3527265979856575, 0.11306656920014466, 0.17199045289001033, 0.6202334936534634, 1.5206144288277652, 0.8399881456126919, 0.9573760941246482, 1.2667503217066889, 0.4128036484513945, 1.4103027829219317, 0.4955419708868761, 0.3691412516950227, 1.3899139094772577, 1.7973817224476278, 0.10830497921676525, 0.14494678416400766, 0.2616653194756837, 1.5813787226914973, 0.45575221407676353, 0.33272127285504766, 0.603001395784564], BATTLES: 239-209-209-284-248-266-225-219-223-
57, 9, 2093, [1, 0.7194800914357551, 0.6659093348804721, 1, 0.9678144272242767, 1, 0, 0, 1, 0.7938418515348533, 0.35692774926944315, 0.2941757167396791, 1, 1, 0, 1, 0.5120969100145021, 1, 0.6574523790756341, 0, 0, 0.3302419515633047, 0.8181990354724508, 0.45309623715816116, 0, 0.941454577431872, 0.7117565143636766, 0, 0.22590406773508012, 0.03377986321753244, 0.07202733634461127, 3.6053909654092546, 0.18588829487804942, 0.4017879429014236, 0.1866982623293549, 0.33974991115996017, 0.17331871595970036, 0.2529678647895908, 0.41613919401177685, 1.7412486645559935, 0.631124715576095, 1.0577493133097036, 1.127803840935528, 0.2617540378157281, 0.927599560246093, 0.43296698450166454, 0.2687167656292342, 1.266005753621362, 1.8850051851387761, 0.08755481267510437, 0.13786289318763068, 0.2003108854570578, 2.460086766070636, 0.3464444866610178, 0.29096383654827956, 0.7274128265796113], BATTLES: 240-213-215-281-228-240-255-210-211-
58, 0, 2352, [1, 0.6104177227306546, 0.6659662666157137, 0, 1, 1, 0.263354933296828, 0, 0.5819346937325094, 0.9683459853117784, 0.32714376630768727, 0, 0.6916294481481571, 1, 0.8619269718668465, 1, 0, 1, 0.09621629213482522, 0.9884815139270422, 0, 0.36251894205464896, 0.6223705523512464, 0, 0, 0.47163050796465966, 0.5082769683555303, 0, 0.22023467318925743, 0.04855152121747547, 0.06446601671161487, 2.3128149617960805, 0.3739296885355549, 0.5317630397077213, 0.16076313587259966, 1.1270986532863547, 0.1288491131986347, 0.17297767890566193, 0.3074785649562818, 0.7445679890093894, 0.15542867191493592, 1.0218666835326837, 0.7851066344530896, 0.3360055492389041, 2.14148948835792, 0.8104218959824325, 0.9476192940495167, 0.379437395747614, 1.0257171411169308, 0.13622925205258843, 0.34372954908943354, 0.28911918556446287, 4.115457819372814, 0.30187984609305235, 0.15359619507518893, 0.9658915504270176], BATTLES: 269-227-234-311-269-273-273-234-262-
58, 1, 2348, [1, 0.6789750311470124, 0.7188401703177482, 0, 0.965508630821868, 0.9557830211680034, 0, 0, 0.931852423933126, 0.9386038783242754, 0, 0, 0.28507429152323327, 1, 1, 0.5861801120993181, 0, 0, 0.10291129552123324, 1, 1, 0.41349017652200937, 0.8087505076365626, 0.21169270391989717, 0, 1, 0.45854935315339945, 0, 0.21178792666767587, 0.04099880001542793, 0.03775594146492935, 3.03161984792627, 0.1331213525340632, 0.34330798310273347, 0.2347606977672945, 0.3527265979856575, 0.11306656920014466, 0.17199045289001033, 0.6202334936534634, 1.5206144288277652, 0.8399881456126919, 0.9573760941246482, 1.2667503217066889, 0.4128036484513945, 1.4103027829219317, 0.4955419708868761, 0.3691412516950227, 1.3899139094772577, 1.7973817224476278, 0.10830497921676525, 0.14494678416400766, 0.2616653194756837, 1.5813787226914973, 0.45575221407676353, 0.33272127285504766, 0.603001395784564], BATTLES: 281-237-238-301-255-300-263-237-236-
58, 2, 2339, [0.5266133269879709, 0.6052290414988846, 0.3972162747027166, 0.5983392470572841, 1, 0.8934132872218196, 0.22131733443235008, 0, 0.5670334376452806, 0.6905070684820614, 0.3436947841387525, 0, 0.4842269368064397, 1, 0.24288665370933957, 0.659853440618592, 1, 1, 0, 1, 0.2410650447542615, 0.42354027501751756, 0.36849351717057854, 0.18113551035985517, 0, 1, 0, 0, 0.15178819048762987, 0.05396858656398218, 0.04082539959795616, 0.8545916670533913, 0.43321717686828437, 0.32641961214979404, 0.1942469868957687, 0.6651680689161912, 0.19725584097210247, 0.23404446133628742, 0.24712426788487923, 0.5144219550610369, 0.20360170686824275, 0.6110553357599384, 0.5441706748674122, 0.2960741947423325, 1.1345644691943135, 0.3200264301291692, 0.4110506799464032, 0.6163784645928855, 0.3892098587105834, 0.2687472058268254, 0.41486967741235986, 0.48495806063182956, 4.773160599045052, 0.3110925248041542, 1.1507001203475875, 0.5164216575416974], BATTLES: 262-236-235-301-275-284-262-225-259-
58, 3, 2337, [0.6661600806893845, 0.6548804977731264, 0.44541291268282696, 1, 1, 1, 0.5224677956675557, 0, 1, 0.9375809426357941, 0.6285266606346499, 0.02586707190037348, 0.613666867058501, 0.7061674241723894, 1, 0.7758925168999203, 0, 0.01338248801356029, 0.0718194308142926, 0.7170482593623267, 0.2293870563357871, 0.21818601428832757, 0.6315026374679612, 0.3241789526274611, 0, 0.6686782570830117, 0, 0, 0.09696414556074637, 0.0469257871972419, 0.014490390394296082, 0.5275869380200425, 1.4929595195780374, 0.8120230646368376, 0.27100614839065174, 0.4089590296413, 0.392790991936679, 0.14493794976343083, 0.13300041069767923, 0.3418093898472383, 0.06151885088569736, 0.2652425914938214, 0.650102670755429, 0.3394901841328553, 1.707495670446914, 0.33727934539617344, 0.1933090434060608, 0.4312714939383564, 0.3403222708373709, 0.19768526290629815, 0.2945727664648825, 1.076250202352981, 1.0006287469702213, 0.3139739757758152, 0.35078678926350093, 0.5472835228636417], BATTLES: 253-211-248-315-268-281-268-227-266-
58, 4, 2329, [1, 0.6044747638866406, 0.5134281980286922, 0, 1, 1, 0.29379973145557853, 0, 0.6875516966023933, 0.8857256686489946, 0, 0, 1, 0.5799408611984653, 0.004725236208979786, 1, 0, 0.6593393220063297, 0, 1, 0, 0.5249983142619576, 0.7305518636736934, 0, 0.0521036036559101, 1, 0.37753599050585634, 1, 0.21520097003456606, 0.04381393727564348, 0.0709952452300291, 3.376349906836219, 0.3517711291189972, 0.5912802668653543, 0.23105121444485016, 0.8653091383542891, 0.150974805142901, 0.2256872786101136, 0.28567248056327, 1.0105601251744611, 0.21434303819967254, 0.8156261831058352, 0.7573129276674435, 0.41331804128892463, 1.5503070351860233, 0.5114944808378609, 0.9405909825941311, 0.6524182521588215, 0.9599546179494536, 0.1871578141988583, 0.19787129653371358, 0.5123019522515574, 1.9923283789291089, 0.3397790318548444, 0.3239924989493803, 0.8944909658753605], BATTLES: 272-228-259-296-264-289-256-229-236-
58, 5, 2328, [0.3505556495846471, 0.6581911001624684, 0.4013205421413038, 0.5956387858259234, 0.9145632918623523, 1, 0.12135406981019933, 0, 1, 0.7657569700105289, 0.28766398006219124, 0, 0.5641417389198511, 0.8364734238687833, 0, 0.9980795602223216, 0, 0.5452736692762518, 0, 1, 0, 0.37075851903171614, 0.21954582801427266, 0.5678412480271033, 0, 0.9492189875600491, 0.6164024187823685, 1, 0.1858790983671554, 0.045825729443776185, 0.02515924466568202, 0.6424753290694906, 0.9255386529660367, 0.35914941734820904, 0.2612965743361835, 0.8702146067651749, 0.3452717463417975, 0.2144022700194328, 0.12486224816132861, 0.40957050306379716, 0.11328420176571302, 0.26077098694397527, 0.6067444769201512, 0.18969166097736329, 1.9782173565651204, 0.488940766978213, 0.19075538644781861, 0.8628330740174356, 0.27099295230447484, 0.21302197190778488, 0.33985440423452773, 0.6801720575360793, 1.0750674495590553, 0.23280829058175964, 0.3771821765155364, 0.38527297415701495], BATTLES: 284-200-271-291-263-294-256-213-256-
58, 6, 2300, [0.4323486621634988, 0.6925303106172657, 0.36509939623122556, 0.038533950040060355, 1, 1, 0.14339887036978605, 0, 0.720411036097252, 0.7632466755292471, 0.7652128066218916, 1, 0.4300400288767778, 1, 0.1260670143150202, 0.17792797054972154, 0, 1, 0.16432203402069331, 1, 0.6056510921947988, 0.2508072230399696, 0.5463806136465679, 0.42596748545929053, 0, 0.9878118940857974, 0, 0, 0.1512489307864335, 0.027480035013055504, 0.06906898033184881, 0.32468552948926793, 1.5525048811025493, 0.32008175028772395, 0.1408776177334489, 1.017881699187475, 0.20606070457581757, 0.30899518517124896, 0.11824377609043023, 0.42237837939192063, 0.06510704008893148, 0.7222330556187875, 0.1576763303492654, 0.23133381783723564, 2.0118371584856023, 0.7172039572115262, 0.29168950688379996, 2.087890202518053, 0.26213121241271475, 0.09858889801738006, 0.6013827646507592, 0.5836249574487798, 2.7306027390378693, 0.12960728641175304, 0.6640440807402277, 0.37152218299378564], BATTLES: 273-223-246-301-257-289-250-215-246-
58, 7, 2293, [1, 0.7029608960507673, 0.5942461274875943, 0.5859899160807824, 1, 1, 0, 0, 0.6979868333118264, 1, 0.24590374811142543, 0, 1, 1, 0.012453398694600892, 0.5897861364826534, 0.8446293593850265, 1, 0.7617260375465235, 0, 1, 0.5450317421530266, 0.7979391870148698, 0.619155409337226, 0, 1, 1, 0.20859476974190658, 0.16165604818792872, 0.06724106887130868, 0.1438078276139306, 5.392986211653022, 0.2587278996943791, 0.39789113062985765, 0.14489914300215267, 0.3384650655888006, 0.1649848356315064, 0.3164958480322279, 0.4107017664084401, 1.377681498855177, 0.7984485725294261, 0.73490036441836, 1.1998320285271984, 0.2535737389367922, 0.9940959463632234, 0.6784888138832911, 0.256067952504797, 1.1147412253608895, 2.089837634032236, 0.12724905470166178, 0.15045556643070163, 0.228231951865952, 3.8008863593246263, 0.25622456750464523, 0.29586644708412246, 0.6112156699755005], BATTLES: 261-235-244-296-229-279-286-214-249-
58, 8, 2280, [0.454811893904422, 0.6637519600305491, 0.44140175095883605, 1, 0.8596063467137397, 0.9887304422279477, 0, 0, 0.7661511192688948, 1, 0.6962006433497696, 0, 0.5582662271005127, 0.948314674619618, 1, 1, 0.04151889109706053, 0.3785926554573499, 0, 1, 0.10692586457457631, 0.35428052064410065, 0.2202319074657176, 1, 0, 0.8720693560998789, 0, 0.5710089101135115, 0.08351964266474579, 0.04516967408289181, 0.018521888761979046, 0.7243407861681692, 0.8229205645557203, 0.4585483720560686, 0.2540360780136722, 0.8494832974426012, 0.39435681375539183, 0.1946134957965154, 0.16249197856768177, 0.2860999314229981, 0.05039157514460588, 0.3228883697678384, 0.9151125034864184, 0.4054881185726116, 1.7960340351773583, 0.43020265742826785, 0.20539493072654105, 0.5948070165795798, 0.3496678237685034, 0.19204749769854787, 0.22312047885972058, 0.7520297962622848, 1.2681167000923725, 0.24063209456157836, 0.416210467163915, 0.40697960358618507], BATTLES: 267-223-249-291-258-282-236-218-256-
58, 9, 2280, [0.36663755975402906, 0.7180767298003746, 0.4571212892772482, 0.38706711584777964, 0.8417288315322851, 1, 0.6458150043685406, 0, 0.5602710251334875, 0.35406665140336196, 0.7768455131250489, 0, 0.5129205811417046, 1, 0.5401713828425245, 0.4812488419218113, 0, 0.43499739820214534, 0, 1, 1, 0.13963733211640417, 0, 0.08679273453805694, 0, 0.30909831826438594, 0, 0.6309262867384305, 0.17092059416214614, 0.05291566448956136, 0.031146505070553828, 0.4817301004955991, 0.30524513288854416, 0.24349353891033382, 0.6951588400909834, 1.3731894374860159, 0.17651853004642082, 0.2311880904642223, 0.22575793079152526, 0.3617869094096116, 0.1151697562622772, 0.9025883372641, 0.31943657178242163, 0.40252604417641197, 2.809381550865595, 0.37734202046033005, 0.2859733419937553, 0.5960906714272408, 0.38327971364465324, 0.2377727903793715, 0.31048701499348064, 0.7279304473039243, 2.2853175183302854, 0.268003569418166, 0.4212648995035579, 0.2740786342744269], BATTLES: 249-214-256-297-260-279-262-205-258-
59, 0, 2132, [0.5266133269879709, 0.6052290414988846, 0.3972162747027166, 0.5983392470572841, 1, 0.8934132872218196, 0.22131733443235008, 0, 0.5670334376452806, 0.6905070684820614, 0.3436947841387525, 0, 0.4842269368064397, 1, 0.24288665370933957, 0.659853440618592, 1, 1, 0, 1, 0.2410650447542615, 0.42354027501751756, 0.36849351717057854, 0.18113551035985517, 0, 1, 0, 0, 0.15178819048762987, 0.05396858656398218, 0.04082539959795616, 0.8545916670533913, 0.43321717686828437, 0.32641961214979404, 0.1942469868957687, 0.6651680689161912, 0.19725584097210247, 0.23404446133628742, 0.24712426788487923, 0.5144219550610369, 0.20360170686824275, 0.6110553357599384, 0.5441706748674122, 0.2960741947423325, 1.1345644691943135, 0.3200264301291692, 0.4110506799464032, 0.6163784645928855, 0.3892098587105834, 0.2687472058268254, 0.41486967741235986, 0.48495806063182956, 4.773160599045052, 0.3110925248041542, 1.1507001203475875, 0.5164216575416974], BATTLES: 232-199-230-289-266-282-208-190-236-
59, 1, 2125, [1, 0.6044747638866406, 0.5134281980286922, 0, 1, 1, 0.29379973145557853, 0, 0.6875516966023933, 0.8857256686489946, 0, 0, 1, 0.5799408611984653, 0.004725236208979786, 1, 0, 0.6593393220063297, 0, 1, 0, 0.5249983142619576, 0.7305518636736934, 0, 0.0521036036559101, 1, 0.37753599050585634, 1, 0.21520097003456606, 0.04381393727564348, 0.0709952452300291, 3.376349906836219, 0.3517711291189972, 0.5912802668653543, 0.23105121444485016, 0.8653091383542891, 0.150974805142901, 0.2256872786101136, 0.28567248056327, 1.0105601251744611, 0.21434303819967254, 0.8156261831058352, 0.7573129276674435, 0.41331804128892463, 1.5503070351860233, 0.5114944808378609, 0.9405909825941311, 0.6524182521588215, 0.9599546179494536, 0.1871578141988583, 0.19787129653371358, 0.5123019522515574, 1.9923283789291089, 0.3397790318548444, 0.3239924989493803, 0.8944909658753605], BATTLES: 242-217-240-285-255-261-227-189-209-
59, 2, 2104, [0.6661600806893845, 0.6548804977731264, 0.44541291268282696, 1, 1, 1, 0.5224677956675557, 0, 1, 0.9375809426357941, 0.6285266606346499, 0.02586707190037348, 0.613666867058501, 0.7061674241723894, 1, 0.7758925168999203, 0, 0.01338248801356029, 0.0718194308142926, 0.7170482593623267, 0.2293870563357871, 0.21818601428832757, 0.6315026374679612, 0.3241789526274611, 0, 0.6686782570830117, 0, 0, 0.09696414556074637, 0.0469257871972419, 0.014490390394296082, 0.5275869380200425, 1.4929595195780374, 0.8120230646368376, 0.27100614839065174, 0.4089590296413, 0.392790991936679, 0.14493794976343083, 0.13300041069767923, 0.3418093898472383, 0.06151885088569736, 0.2652425914938214, 0.650102670755429, 0.3394901841328553, 1.707495670446914, 0.33727934539617344, 0.1933090434060608, 0.4312714939383564, 0.3403222708373709, 0.19768526290629815, 0.2945727664648825, 1.076250202352981, 1.0006287469702213, 0.3139739757758152, 0.35078678926350093, 0.5472835228636417], BATTLES: 230-192-231-272-264-268-212-202-233-
59, 3, 2088, [1, 0.6789750311470124, 0.7188401703177482, 0, 0.965508630821868, 0.9557830211680034, 0, 0, 0.931852423933126, 0.9386038783242754, 0, 0, 0.28507429152323327, 1, 1, 0.5861801120993181, 0, 0, 0.10291129552123324, 1, 1, 0.41349017652200937, 0.8087505076365626, 0.21169270391989717, 0, 1, 0.45854935315339945, 0, 0.21178792666767587, 0.04099880001542793, 0.03775594146492935, 3.03161984792627, 0.1331213525340632, 0.34330798310273347, 0.2347606977672945, 0.3527265979856575, 0.11306656920014466, 0.17199045289001033, 0.6202334936534634, 1.5206144288277652, 0.8399881456126919, 0.9573760941246482, 1.2667503217066889, 0.4128036484513945, 1.4103027829219317, 0.4955419708868761, 0.3691412516950227, 1.3899139094772577, 1.7973817224476278, 0.10830497921676525, 0.14494678416400766, 0.2616653194756837, 1.5813787226914973, 0.45575221407676353, 0.33272127285504766, 0.603001395784564], BATTLES: 232-202-224-281-247-262-246-186-208-
59, 4, 2084, [1, 0.6104177227306546, 0.6659662666157137, 0, 1, 1, 0.263354933296828, 0, 0.5819346937325094, 0.9683459853117784, 0.32714376630768727, 0, 0.6916294481481571, 1, 0.8619269718668465, 1, 0, 1, 0.09621629213482522, 0.9884815139270422, 0, 0.36251894205464896, 0.6223705523512464, 0, 0, 0.47163050796465966, 0.5082769683555303, 0, 0.22023467318925743, 0.04855152121747547, 0.06446601671161487, 2.3128149617960805, 0.3739296885355549, 0.5317630397077213, 0.16076313587259966, 1.1270986532863547, 0.1288491131986347, 0.17297767890566193, 0.3074785649562818, 0.7445679890093894, 0.15542867191493592, 1.0218666835326837, 0.7851066344530896, 0.3360055492389041, 2.14148948835792, 0.8104218959824325, 0.9476192940495167, 0.379437395747614, 1.0257171411169308, 0.13622925205258843, 0.34372954908943354, 0.28911918556446287, 4.115457819372814, 0.30187984609305235, 0.15359619507518893, 0.9658915504270176], BATTLES: 236-200-210-283-243-252-233-221-206-
59, 5, 2083, [0.4323486621634988, 0.6925303106172657, 0.36509939623122556, 0.038533950040060355, 1, 1, 0.14339887036978605, 0, 0.720411036097252, 0.7632466755292471, 0.7652128066218916, 1, 0.4300400288767778, 1, 0.1260670143150202, 0.17792797054972154, 0, 1, 0.16432203402069331, 1, 0.6056510921947988, 0.2508072230399696, 0.5463806136465679, 0.42596748545929053, 0, 0.9878118940857974, 0, 0, 0.1512489307864335, 0.027480035013055504, 0.06906898033184881, 0.32468552948926793, 1.5525048811025493, 0.32008175028772395, 0.1408776177334489, 1.017881699187475, 0.20606070457581757, 0.30899518517124896, 0.11824377609043023, 0.42237837939192063, 0.06510704008893148, 0.7222330556187875, 0.1576763303492654, 0.23133381783723564, 2.0118371584856023, 0.7172039572115262, 0.29168950688379996, 2.087890202518053, 0.26213121241271475, 0.09858889801738006, 0.6013827646507592, 0.5836249574487798, 2.7306027390378693, 0.12960728641175304, 0.6640440807402277, 0.37152218299378564], BATTLES: 211-184-227-282-273-271-216-193-226-
59, 6, 2075, [0.454811893904422, 0.6637519600305491, 0.44140175095883605, 1, 0.8596063467137397, 0.9887304422279477, 0, 0, 0.7661511192688948, 1, 0.6962006433497696, 0, 0.5582662271005127, 0.948314674619618, 1, 1, 0.04151889109706053, 0.3785926554573499, 0, 1, 0.10692586457457631, 0.35428052064410065, 0.2202319074657176, 1, 0, 0.8720693560998789, 0, 0.5710089101135115, 0.08351964266474579, 0.04516967408289181, 0.018521888761979046, 0.7243407861681692, 0.8229205645557203, 0.4585483720560686, 0.2540360780136722, 0.8494832974426012, 0.39435681375539183, 0.1946134957965154, 0.16249197856768177, 0.2860999314229981, 0.05039157514460588, 0.3228883697678384, 0.9151125034864184, 0.4054881185726116, 1.7960340351773583, 0.43020265742826785, 0.20539493072654105, 0.5948070165795798, 0.3496678237685034, 0.19204749769854787, 0.22312047885972058, 0.7520297962622848, 1.2681167000923725, 0.24063209456157836, 0.416210467163915, 0.40697960358618507], BATTLES: 216-208-232-260-254-287-211-186-221-
59, 7, 2042, [0.3505556495846471, 0.6581911001624684, 0.4013205421413038, 0.5956387858259234, 0.9145632918623523, 1, 0.12135406981019933, 0, 1, 0.7657569700105289, 0.28766398006219124, 0, 0.5641417389198511, 0.8364734238687833, 0, 0.9980795602223216, 0, 0.5452736692762518, 0, 1, 0, 0.37075851903171614, 0.21954582801427266, 0.5678412480271033, 0, 0.9492189875600491, 0.6164024187823685, 1, 0.1858790983671554, 0.045825729443776185, 0.02515924466568202, 0.6424753290694906, 0.9255386529660367, 0.35914941734820904, 0.2612965743361835, 0.8702146067651749, 0.3452717463417975, 0.2144022700194328, 0.12486224816132861, 0.40957050306379716, 0.11328420176571302, 0.26077098694397527, 0.6067444769201512, 0.18969166097736329, 1.9782173565651204, 0.488940766978213, 0.19075538644781861, 0.8628330740174356, 0.27099295230447484, 0.21302197190778488, 0.33985440423452773, 0.6801720575360793, 1.0750674495590553, 0.23280829058175964, 0.3771821765155364, 0.38527297415701495], BATTLES: 244-193-242-256-242-262-191-161-251-
59, 8, 2040, [0.36663755975402906, 0.7180767298003746, 0.4571212892772482, 0.38706711584777964, 0.8417288315322851, 1, 0.6458150043685406, 0, 0.5602710251334875, 0.35406665140336196, 0.7768455131250489, 0, 0.5129205811417046, 1, 0.5401713828425245, 0.4812488419218113, 0, 0.43499739820214534, 0, 1, 1, 0.13963733211640417, 0, 0.08679273453805694, 0, 0.30909831826438594, 0, 0.6309262867384305, 0.17092059416214614, 0.05291566448956136, 0.031146505070553828, 0.4817301004955991, 0.30524513288854416, 0.24349353891033382, 0.6951588400909834, 1.3731894374860159, 0.17651853004642082, 0.2311880904642223, 0.22575793079152526, 0.3617869094096116, 0.1151697562622772, 0.9025883372641, 0.31943657178242163, 0.40252604417641197, 2.809381550865595, 0.37734202046033005, 0.2859733419937553, 0.5960906714272408, 0.38327971364465324, 0.2377727903793715, 0.31048701499348064, 0.7279304473039243, 2.2853175183302854, 0.268003569418166, 0.4212648995035579, 0.2740786342744269], BATTLES: 206-174-248-269-255-268-212-180-228-
59, 9, 2018, [0.9988746821757913, 0.7107715271576309, 0.46149336843345407, 0, 0.630958849736873, 0.7761285133449206, 0.0432235253353774, 0.27829507886195193, 0.8097244441441255, 1, 0.1970907835305969, 0, 1, 1, 0, 0.1353254210948494, 0.7114877723894741, 0.6870488895817071, 0.8449548314444076, 1, 0.9938460768356802, 0.5718306429382288, 0.6521051616218073, 0.5966638589207863, 0, 1, 1, 1, 0.1793115274644568, 0.07463041570833868, 0.1296461833811016, 9.490189069391693, 0.4210440350826049, 0.40935623996286524, 0.14550599737662273, 0.28759938915348615, 0.07921092552093546, 0.37127951372685875, 0.3270234082798038, 1.6544079948217398, 1.3560247168425732, 0.8432913991360746, 1.5858095624548907, 0.19428063939392662, 0.8981752814815297, 1.1774243675475937, 0.3284683988656418, 1.0418328482521126, 1.630298260614186, 0.14797227019448164, 0.11218279329269308, 0.14704464671644793, 4.644147211718178, 0.2729207727712292, 0.5358665433714407, 1.049810156863795], BATTLES: 204-213-241-251-219-274-209-186-221-
60, 0, 2163, [1, 0.656691011971283, 0.5885338587763717, 0, 1, 1, 0.38389980359807474, 0.0027912529026350367, 0.6331691196060095, 1, 0, 0, 0.6838667333700458, 1, 1, 1, 1, 1, 0, 1, 0.5885680991925052, 0.3862229818281938, 0.26165587737837825, 0, 0.39089899785731663, 0.34748961186359634, 0.12504381784025936, 0, 0.17054684652162155, 0.05331410466839053, 0.09580999715405827, 3.004063771147375, 0.47679598025575753, 0.745543480648171, 0.15490915527116933, 1.0861018632603985, 0.0832181873366845, 0.14600834535142818, 0.4999921157721643, 0.4808079396778812, 0.13401735381155155, 0.8083587426137384, 0.6963031272162197, 0.3619040941971171, 1.976328171012268, 1.1930933931588914, 1.465946787538234, 0.3165044433621946, 1.4495009951032778, 0.18373570100601622, 0.3143940949708822, 0.20907559696161182, 2.945954549975112, 0.35000507487863, 0.1753420630845171, 0.6972571418365948], BATTLES: 244-192-211-286-273-265-239-221-232-
60, 1, 2123, [0.5266133269879709, 0.6052290414988846, 0.3972162747027166, 0.5983392470572841, 1, 0.8934132872218196, 0.22131733443235008, 0, 0.5670334376452806, 0.6905070684820614, 0.3436947841387525, 0, 0.4842269368064397, 1, 0.24288665370933957, 0.659853440618592, 1, 1, 0, 1, 0.2410650447542615, 0.42354027501751756, 0.36849351717057854, 0.18113551035985517, 0, 1, 0, 0, 0.15178819048762987, 0.05396858656398218, 0.04082539959795616, 0.8545916670533913, 0.43321717686828437, 0.32641961214979404, 0.1942469868957687, 0.6651680689161912, 0.19725584097210247, 0.23404446133628742, 0.24712426788487923, 0.5144219550610369, 0.20360170686824275, 0.6110553357599384, 0.5441706748674122, 0.2960741947423325, 1.1345644691943135, 0.3200264301291692, 0.4110506799464032, 0.6163784645928855, 0.3892098587105834, 0.2687472058268254, 0.41486967741235986, 0.48495806063182956, 4.773160599045052, 0.3110925248041542, 1.1507001203475875, 0.5164216575416974], BATTLES: 231-203-229-290-261-275-217-187-230-
60, 2, 2099, [1, 0.6104177227306546, 0.6659662666157137, 0, 1, 1, 0.263354933296828, 0, 0.5819346937325094, 0.9683459853117784, 0.32714376630768727, 0, 0.6916294481481571, 1, 0.8619269718668465, 1, 0, 1, 0.09621629213482522, 0.9884815139270422, 0, 0.36251894205464896, 0.6223705523512464, 0, 0, 0.47163050796465966, 0.5082769683555303, 0, 0.22023467318925743, 0.04855152121747547, 0.06446601671161487, 2.3128149617960805, 0.3739296885355549, 0.5317630397077213, 0.16076313587259966, 1.1270986532863547, 0.1288491131986347, 0.17297767890566193, 0.3074785649562818, 0.7445679890093894, 0.15542867191493592, 1.0218666835326837, 0.7851066344530896, 0.3360055492389041, 2.14148948835792, 0.8104218959824325, 0.9476192940495167, 0.379437395747614, 1.0257171411169308, 0.13622925205258843, 0.34372954908943354, 0.28911918556446287, 4.115457819372814, 0.30187984609305235, 0.15359619507518893, 0.9658915504270176], BATTLES: 237-193-218-263-260-283-219-211-215-
60, 3, 2075, [0.454811893904422, 0.6637519600305491, 0.44140175095883605, 1, 0.8596063467137397, 0.9887304422279477, 0, 0, 0.7661511192688948, 1, 0.6962006433497696, 0, 0.5582662271005127, 0.948314674619618, 1, 1, 0.04151889109706053, 0.3785926554573499, 0, 1, 0.10692586457457631, 0.35428052064410065, 0.2202319074657176, 1, 0, 0.8720693560998789, 0, 0.5710089101135115, 0.08351964266474579, 0.04516967408289181, 0.018521888761979046, 0.7243407861681692, 0.8229205645557203, 0.4585483720560686, 0.2540360780136722, 0.8494832974426012, 0.39435681375539183, 0.1946134957965154, 0.16249197856768177, 0.2860999314229981, 0.05039157514460588, 0.3228883697678384, 0.9151125034864184, 0.4054881185726116, 1.7960340351773583, 0.43020265742826785, 0.20539493072654105, 0.5948070165795798, 0.3496678237685034, 0.19204749769854787, 0.22312047885972058, 0.7520297962622848, 1.2681167000923725, 0.24063209456157836, 0.416210467163915, 0.40697960358618507], BATTLES: 238-191-246-270-237-273-217-167-236-
60, 4, 2064, [0.6661600806893845, 0.6548804977731264, 0.44541291268282696, 1, 1, 1, 0.5224677956675557, 0, 1, 0.9375809426357941, 0.6285266606346499, 0.02586707190037348, 0.613666867058501, 0.7061674241723894, 1, 0.7758925168999203, 0, 0.01338248801356029, 0.0718194308142926, 0.7170482593623267, 0.2293870563357871, 0.21818601428832757, 0.6315026374679612, 0.3241789526274611, 0, 0.6686782570830117, 0, 0, 0.09696414556074637, 0.0469257871972419, 0.014490390394296082, 0.5275869380200425, 1.4929595195780374, 0.8120230646368376, 0.27100614839065174, 0.4089590296413, 0.392790991936679, 0.14493794976343083, 0.13300041069767923, 0.3418093898472383, 0.06151885088569736, 0.2652425914938214, 0.650102670755429, 0.3394901841328553, 1.707495670446914, 0.33727934539617344, 0.1933090434060608, 0.4312714939383564, 0.3403222708373709, 0.19768526290629815, 0.2945727664648825, 1.076250202352981, 1.0006287469702213, 0.3139739757758152, 0.35078678926350093, 0.5472835228636417], BATTLES: 219-184-207-292-257-271-238-181-215-
60, 5, 2055, [0.7591535460922202, 0.7278427337194449, 0.6632072269445135, 1, 0.9402094901161049, 1, 0, 0, 0.9523133359344178, 0.9010764415075464, 0, 1, 0.1972997111531385, 0.969333521574271, 0, 0, 0, 0, 0.1052060173116719, 1, 1, 0.2678778900927169, 0.8286429104525667, 0.1198878361809505, 0, 1, 0, 0, 0.2333823156976629, 0.03414841522698977, 0.04047699893306993, 2.6494025866937356, 0.13004131553520787, 0.4758865518525381, 0.15453050525120396, 0.3991309771649648, 0.10141950837489146, 0.14813122074921145, 0.5630098975016348, 1.8073976425962461, 0.5254859023085553, 0.9855564297912346, 1.272379413703253, 0.4321624006530907, 1.8849693091276194, 0.35271504442806434, 0.29081650398123293, 1.2640150045289695, 2.837814484539907, 0.14783194199357858, 0.15509478333023616, 0.18535628972522605, 1.111018257143381, 0.5123176140626423, 0.38646460537998156, 0.4753590484182241], BATTLES: 235-191-215-287-256-282-212-179-198-
60, 6, 2041, [1, 0.6044747638866406, 0.5134281980286922, 0, 1, 1, 0.29379973145557853, 0, 0.6875516966023933, 0.8857256686489946, 0, 0, 1, 0.5799408611984653, 0.004725236208979786, 1, 0, 0.6593393220063297, 0, 1, 0, 0.5249983142619576, 0.7305518636736934, 0, 0.0521036036559101, 1, 0.37753599050585634, 1, 0.21520097003456606, 0.04381393727564348, 0.0709952452300291, 3.376349906836219, 0.3517711291189972, 0.5912802668653543, 0.23105121444485016, 0.8653091383542891, 0.150974805142901, 0.2256872786101136, 0.28567248056327, 1.0105601251744611, 0.21434303819967254, 0.8156261831058352, 0.7573129276674435, 0.41331804128892463, 1.5503070351860233, 0.5114944808378609, 0.9405909825941311, 0.6524182521588215, 0.9599546179494536, 0.1871578141988583, 0.19787129653371358, 0.5123019522515574, 1.9923283789291089, 0.3397790318548444, 0.3239924989493803, 0.8944909658753605], BATTLES: 234-220-216-276-226-255-220-175-219-
60, 7, 2021, [0.3505556495846471, 0.6581911001624684, 0.4013205421413038, 0.5956387858259234, 0.9145632918623523, 1, 0.12135406981019933, 0, 1, 0.7657569700105289, 0.28766398006219124, 0, 0.5641417389198511, 0.8364734238687833, 0, 0.9980795602223216, 0, 0.5452736692762518, 0, 1, 0, 0.37075851903171614, 0.21954582801427266, 0.5678412480271033, 0, 0.9492189875600491, 0.6164024187823685, 1, 0.1858790983671554, 0.045825729443776185, 0.02515924466568202, 0.6424753290694906, 0.9255386529660367, 0.35914941734820904, 0.2612965743361835, 0.8702146067651749, 0.3452717463417975, 0.2144022700194328, 0.12486224816132861, 0.40957050306379716, 0.11328420176571302, 0.26077098694397527, 0.6067444769201512, 0.18969166097736329, 1.9782173565651204, 0.488940766978213, 0.19075538644781861, 0.8628330740174356, 0.27099295230447484, 0.21302197190778488, 0.33985440423452773, 0.6801720575360793, 1.0750674495590553, 0.23280829058175964, 0.3771821765155364, 0.38527297415701495], BATTLES: 245-173-243-254-228-267-214-161-236-
60, 8, 2015, [0.4323486621634988, 0.6925303106172657, 0.36509939623122556, 0.038533950040060355, 1, 1, 0.14339887036978605, 0, 0.720411036097252, 0.7632466755292471, 0.7652128066218916, 1, 0.4300400288767778, 1, 0.1260670143150202, 0.17792797054972154, 0, 1, 0.16432203402069331, 1, 0.6056510921947988, 0.2508072230399696, 0.5463806136465679, 0.42596748545929053, 0, 0.9878118940857974, 0, 0, 0.1512489307864335, 0.027480035013055504, 0.06906898033184881, 0.32468552948926793, 1.5525048811025493, 0.32008175028772395, 0.1408776177334489, 1.017881699187475, 0.20606070457581757, 0.30899518517124896, 0.11824377609043023, 0.42237837939192063, 0.06510704008893148, 0.7222330556187875, 0.1576763303492654, 0.23133381783723564, 2.0118371584856023, 0.7172039572115262, 0.29168950688379996, 2.087890202518053, 0.26213121241271475, 0.09858889801738006, 0.6013827646507592, 0.5836249574487798, 2.7306027390378693, 0.12960728641175304, 0.6640440807402277, 0.37152218299378564], BATTLES: 229-193-231-283-232-263-201-170-213-
60, 9, 2014, [1, 0.6789750311470124, 0.7188401703177482, 0, 0.965508630821868, 0.9557830211680034, 0, 0, 0.931852423933126, 0.9386038783242754, 0, 0, 0.28507429152323327, 1, 1, 0.5861801120993181, 0, 0, 0.10291129552123324, 1, 1, 0.41349017652200937, 0.8087505076365626, 0.21169270391989717, 0, 1, 0.45854935315339945, 0, 0.21178792666767587, 0.04099880001542793, 0.03775594146492935, 3.03161984792627, 0.1331213525340632, 0.34330798310273347, 0.2347606977672945, 0.3527265979856575, 0.11306656920014466, 0.17199045289001033, 0.6202334936534634, 1.5206144288277652, 0.8399881456126919, 0.9573760941246482, 1.2667503217066889, 0.4128036484513945, 1.4103027829219317, 0.4955419708868761, 0.3691412516950227, 1.3899139094772577, 1.7973817224476278, 0.10830497921676525, 0.14494678416400766, 0.2616653194756837, 1.5813787226914973, 0.45575221407676353, 0.33272127285504766, 0.603001395784564], BATTLES: 242-195-204-289-241-247-210-195-191-
61, 0, 1986, [1, 0.656691011971283, 0.5885338587763717, 0, 1, 1, 0.38389980359807474, 0.0027912529026350367, 0.6331691196060095, 1, 0, 0, 0.6838667333700458, 1, 1, 1, 1, 1, 0, 1, 0.5885680991925052, 0.3862229818281938, 0.26165587737837825, 0, 0.39089899785731663, 0.34748961186359634, 0.12504381784025936, 0, 0.17054684652162155, 0.05331410466839053, 0.09580999715405827, 3.004063771147375, 0.47679598025575753, 0.745543480648171, 0.15490915527116933, 1.0861018632603985, 0.0832181873366845, 0.14600834535142818, 0.4999921157721643, 0.4808079396778812, 0.13401735381155155, 0.8083587426137384, 0.6963031272162197, 0.3619040941971171, 1.976328171012268, 1.1930933931588914, 1.465946787538234, 0.3165044433621946, 1.4495009951032778, 0.18373570100601622, 0.3143940949708822, 0.20907559696161182, 2.945954549975112, 0.35000507487863, 0.1753420630845171, 0.6972571418365948], BATTLES: 226-177-196-286-252-268-210-191-180-
61, 1, 1954, [1, 0.6044747638866406, 0.5134281980286922, 0, 1, 1, 0.29379973145557853, 0, 0.6875516966023933, 0.8857256686489946, 0, 0, 1, 0.5799408611984653, 0.004725236208979786, 1, 0, 0.6593393220063297, 0, 1, 0, 0.5249983142619576, 0.7305518636736934, 0, 0.0521036036559101, 1, 0.37753599050585634, 1, 0.21520097003456606, 0.04381393727564348, 0.0709952452300291, 3.376349906836219, 0.3517711291189972, 0.5912802668653543, 0.23105121444485016, 0.8653091383542891, 0.150974805142901, 0.2256872786101136, 0.28567248056327, 1.0105601251744611, 0.21434303819967254, 0.8156261831058352, 0.7573129276674435, 0.41331804128892463, 1.5503070351860233, 0.5114944808378609, 0.9405909825941311, 0.6524182521588215, 0.9599546179494536, 0.1871578141988583, 0.19787129653371358, 0.5123019522515574, 1.9923283789291089, 0.3397790318548444, 0.3239924989493803, 0.8944909658753605], BATTLES: 232-171-201-275-210-263-211-173-218-
61, 2, 1951, [0.5266133269879709, 0.6052290414988846, 0.3972162747027166, 0.5983392470572841, 1, 0.8934132872218196, 0.22131733443235008, 0, 0.5670334376452806, 0.6905070684820614, 0.3436947841387525, 0, 0.4842269368064397, 1, 0.24288665370933957, 0.659853440618592, 1, 1, 0, 1, 0.2410650447542615, 0.42354027501751756, 0.36849351717057854, 0.18113551035985517, 0, 1, 0, 0, 0.15178819048762987, 0.05396858656398218, 0.04082539959795616, 0.8545916670533913, 0.43321717686828437, 0.32641961214979404, 0.1942469868957687, 0.6651680689161912, 0.19725584097210247, 0.23404446133628742, 0.24712426788487923, 0.5144219550610369, 0.20360170686824275, 0.6110553357599384, 0.5441706748674122, 0.2960741947423325, 1.1345644691943135, 0.3200264301291692, 0.4110506799464032, 0.6163784645928855, 0.3892098587105834, 0.2687472058268254, 0.41486967741235986, 0.48495806063182956, 4.773160599045052, 0.3110925248041542, 1.1507001203475875, 0.5164216575416974], BATTLES: 230-168-213-266-233-248-218-166-209-
61, 3, 1947, [0.454811893904422, 0.6637519600305491, 0.44140175095883605, 1, 0.8596063467137397, 0.9887304422279477, 0, 0, 0.7661511192688948, 1, 0.6962006433497696, 0, 0.5582662271005127, 0.948314674619618, 1, 1, 0.04151889109706053, 0.3785926554573499, 0, 1, 0.10692586457457631, 0.35428052064410065, 0.2202319074657176, 1, 0, 0.8720693560998789, 0, 0.5710089101135115, 0.08351964266474579, 0.04516967408289181, 0.018521888761979046, 0.7243407861681692, 0.8229205645557203, 0.4585483720560686, 0.2540360780136722, 0.8494832974426012, 0.39435681375539183, 0.1946134957965154, 0.16249197856768177, 0.2860999314229981, 0.05039157514460588, 0.3228883697678384, 0.9151125034864184, 0.4054881185726116, 1.7960340351773583, 0.43020265742826785, 0.20539493072654105, 0.5948070165795798, 0.3496678237685034, 0.19204749769854787, 0.22312047885972058, 0.7520297962622848, 1.2681167000923725, 0.24063209456157836, 0.416210467163915, 0.40697960358618507], BATTLES: 228-167-229-249-225-257-220-145-227-
61, 4, 1934, [1, 0.6104177227306546, 0.6659662666157137, 0, 1, 1, 0.263354933296828, 0, 0.5819346937325094, 0.9683459853117784, 0.32714376630768727, 0, 0.6916294481481571, 1, 0.8619269718668465, 1, 0, 1, 0.09621629213482522, 0.9884815139270422, 0, 0.36251894205464896, 0.6223705523512464, 0, 0, 0.47163050796465966, 0.5082769683555303, 0, 0.22023467318925743, 0.04855152121747547, 0.06446601671161487, 2.3128149617960805, 0.3739296885355549, 0.5317630397077213, 0.16076313587259966, 1.1270986532863547, 0.1288491131986347, 0.17297767890566193, 0.3074785649562818, 0.7445679890093894, 0.15542867191493592, 1.0218666835326837, 0.7851066344530896, 0.3360055492389041, 2.14148948835792, 0.8104218959824325, 0.9476192940495167, 0.379437395747614, 1.0257171411169308, 0.13622925205258843, 0.34372954908943354, 0.28911918556446287, 4.115457819372814, 0.30187984609305235, 0.15359619507518893, 0.9658915504270176], BATTLES: 224-181-206-276-219-242-198-190-198-
61, 5, 1927, [0.3505556495846471, 0.6581911001624684, 0.4013205421413038, 0.5956387858259234, 0.9145632918623523, 1, 0.12135406981019933, 0, 1, 0.7657569700105289, 0.28766398006219124, 0, 0.5641417389198511, 0.8364734238687833, 0, 0.9980795602223216, 0, 0.5452736692762518, 0, 1, 0, 0.37075851903171614, 0.21954582801427266, 0.5678412480271033, 0, 0.9492189875600491, 0.6164024187823685, 1, 0.1858790983671554, 0.045825729443776185, 0.02515924466568202, 0.6424753290694906, 0.9255386529660367, 0.35914941734820904, 0.2612965743361835, 0.8702146067651749, 0.3452717463417975, 0.2144022700194328, 0.12486224816132861, 0.40957050306379716, 0.11328420176571302, 0.26077098694397527, 0.6067444769201512, 0.18969166097736329, 1.9782173565651204, 0.488940766978213, 0.19075538644781861, 0.8628330740174356, 0.27099295230447484, 0.21302197190778488, 0.33985440423452773, 0.6801720575360793, 1.0750674495590553, 0.23280829058175964, 0.3771821765155364, 0.38527297415701495], BATTLES: 229-156-229-237-215-266-202-158-235-
61, 6, 1926, [0.7591535460922202, 0.7278427337194449, 0.6632072269445135, 1, 0.9402094901161049, 1, 0, 0, 0.9523133359344178, 0.9010764415075464, 0, 1, 0.1972997111531385, 0.969333521574271, 0, 0, 0, 0, 0.1052060173116719, 1, 1, 0.2678778900927169, 0.8286429104525667, 0.1198878361809505, 0, 1, 0, 0, 0.2333823156976629, 0.03414841522698977, 0.04047699893306993, 2.6494025866937356, 0.13004131553520787, 0.4758865518525381, 0.15453050525120396, 0.3991309771649648, 0.10141950837489146, 0.14813122074921145, 0.5630098975016348, 1.8073976425962461, 0.5254859023085553, 0.9855564297912346, 1.272379413703253, 0.4321624006530907, 1.8849693091276194, 0.35271504442806434, 0.29081650398123293, 1.2640150045289695, 2.837814484539907, 0.14783194199357858, 0.15509478333023616, 0.18535628972522605, 1.111018257143381, 0.5123176140626423, 0.38646460537998156, 0.4753590484182241], BATTLES: 203-177-219-271-246-269-183-147-211-
61, 7, 1918, [0.6661600806893845, 0.6548804977731264, 0.44541291268282696, 1, 1, 1, 0.5224677956675557, 0, 1, 0.9375809426357941, 0.6285266606346499, 0.02586707190037348, 0.613666867058501, 0.7061674241723894, 1, 0.7758925168999203, 0, 0.01338248801356029, 0.0718194308142926, 0.7170482593623267, 0.2293870563357871, 0.21818601428832757, 0.6315026374679612, 0.3241789526274611, 0, 0.6686782570830117, 0, 0, 0.09696414556074637, 0.0469257871972419, 0.014490390394296082, 0.5275869380200425, 1.4929595195780374, 0.8120230646368376, 0.27100614839065174, 0.4089590296413, 0.392790991936679, 0.14493794976343083, 0.13300041069767923, 0.3418093898472383, 0.06151885088569736, 0.2652425914938214, 0.650102670755429, 0.3394901841328553, 1.707495670446914, 0.33727934539617344, 0.1933090434060608, 0.4312714939383564, 0.3403222708373709, 0.19768526290629815, 0.2945727664648825, 1.076250202352981, 1.0006287469702213, 0.3139739757758152, 0.35078678926350093, 0.5472835228636417], BATTLES: 201-165-233-272-218-272-207-152-198-
61, 8, 1910, [0.4323486621634988, 0.6925303106172657, 0.36509939623122556, 0.038533950040060355, 1, 1, 0.14339887036978605, 0, 0.720411036097252, 0.7632466755292471, 0.7652128066218916, 1, 0.4300400288767778, 1, 0.1260670143150202, 0.17792797054972154, 0, 1, 0.16432203402069331, 1, 0.6056510921947988, 0.2508072230399696, 0.5463806136465679, 0.42596748545929053, 0, 0.9878118940857974, 0, 0, 0.1512489307864335, 0.027480035013055504, 0.06906898033184881, 0.32468552948926793, 1.5525048811025493, 0.32008175028772395, 0.1408776177334489, 1.017881699187475, 0.20606070457581757, 0.30899518517124896, 0.11824377609043023, 0.42237837939192063, 0.06510704008893148, 0.7222330556187875, 0.1576763303492654, 0.23133381783723564, 2.0118371584856023, 0.7172039572115262, 0.29168950688379996, 2.087890202518053, 0.26213121241271475, 0.09858889801738006, 0.6013827646507592, 0.5836249574487798, 2.7306027390378693, 0.12960728641175304, 0.6640440807402277, 0.37152218299378564], BATTLES: 225-163-217-274-221-264-191-165-190-
61, 9, 1903, [1, 0.6789750311470124, 0.7188401703177482, 0, 0.965508630821868, 0.9557830211680034, 0, 0, 0.931852423933126, 0.9386038783242754, 0, 0, 0.28507429152323327, 1, 1, 0.5861801120993181, 0, 0, 0.10291129552123324, 1, 1, 0.41349017652200937, 0.8087505076365626, 0.21169270391989717, 0, 1, 0.45854935315339945, 0, 0.21178792666767587, 0.04099880001542793, 0.03775594146492935, 3.03161984792627, 0.1331213525340632, 0.34330798310273347, 0.2347606977672945, 0.3527265979856575, 0.11306656920014466, 0.17199045289001033, 0.6202334936534634, 1.5206144288277652, 0.8399881456126919, 0.9573760941246482, 1.2667503217066889, 0.4128036484513945, 1.4103027829219317, 0.4955419708868761, 0.3691412516950227, 1.3899139094772577, 1.7973817224476278, 0.10830497921676525, 0.14494678416400766, 0.2616653194756837, 1.5813787226914973, 0.45575221407676353, 0.33272127285504766, 0.603001395784564], BATTLES: 214-176-201-253-228-258-201-176-196-
62, 0, 2163, [1, 0.656691011971283, 0.5885338587763717, 0, 1, 1, 0.38389980359807474, 0.0027912529026350367, 0.6331691196060095, 1, 0, 0, 0.6838667333700458, 1, 1, 1, 1, 1, 0, 1, 0.5885680991925052, 0.3862229818281938, 0.26165587737837825, 0, 0.39089899785731663, 0.34748961186359634, 0.12504381784025936, 0, 0.17054684652162155, 0.05331410466839053, 0.09580999715405827, 3.004063771147375, 0.47679598025575753, 0.745543480648171, 0.15490915527116933, 1.0861018632603985, 0.0832181873366845, 0.14600834535142818, 0.4999921157721643, 0.4808079396778812, 0.13401735381155155, 0.8083587426137384, 0.6963031272162197, 0.3619040941971171, 1.976328171012268, 1.1930933931588914, 1.465946787538234, 0.3165044433621946, 1.4495009951032778, 0.18373570100601622, 0.3143940949708822, 0.20907559696161182, 2.945954549975112, 0.35000507487863, 0.1753420630845171, 0.6972571418365948], BATTLES: 232-198-219-284-257-286-251-214-222-
62, 1, 2148, [0.7591535460922202, 0.7278427337194449, 0.6632072269445135, 1, 0.9402094901161049, 1, 0, 0, 0.9523133359344178, 0.9010764415075464, 0, 1, 0.1972997111531385, 0.969333521574271, 0, 0, 0, 0, 0.1052060173116719, 1, 1, 0.2678778900927169, 0.8286429104525667, 0.1198878361809505, 0, 1, 0, 0, 0.2333823156976629, 0.03414841522698977, 0.04047699893306993, 2.6494025866937356, 0.13004131553520787, 0.4758865518525381, 0.15453050525120396, 0.3991309771649648, 0.10141950837489146, 0.14813122074921145, 0.5630098975016348, 1.8073976425962461, 0.5254859023085553, 0.9855564297912346, 1.272379413703253, 0.4321624006530907, 1.8849693091276194, 0.35271504442806434, 0.29081650398123293, 1.2640150045289695, 2.837814484539907, 0.14783194199357858, 0.15509478333023616, 0.18535628972522605, 1.111018257143381, 0.5123176140626423, 0.38646460537998156, 0.4753590484182241], BATTLES: 233-208-227-298-272-289-209-175-237-
62, 2, 2145, [0.6661600806893845, 0.6548804977731264, 0.44541291268282696, 1, 1, 1, 0.5224677956675557, 0, 1, 0.9375809426357941, 0.6285266606346499, 0.02586707190037348, 0.613666867058501, 0.7061674241723894, 1, 0.7758925168999203, 0, 0.01338248801356029, 0.0718194308142926, 0.7170482593623267, 0.2293870563357871, 0.21818601428832757, 0.6315026374679612, 0.3241789526274611, 0, 0.6686782570830117, 0, 0, 0.09696414556074637, 0.0469257871972419, 0.014490390394296082, 0.5275869380200425, 1.4929595195780374, 0.8120230646368376, 0.27100614839065174, 0.4089590296413, 0.392790991936679, 0.14493794976343083, 0.13300041069767923, 0.3418093898472383, 0.06151885088569736, 0.2652425914938214, 0.650102670755429, 0.3394901841328553, 1.707495670446914, 0.33727934539617344, 0.1933090434060608, 0.4312714939383564, 0.3403222708373709, 0.19768526290629815, 0.2945727664648825, 1.076250202352981, 1.0006287469702213, 0.3139739757758152, 0.35078678926350093, 0.5472835228636417], BATTLES: 249-205-240-298-240-268-229-192-224-
62, 3, 2144, [0.5266133269879709, 0.6052290414988846, 0.3972162747027166, 0.5983392470572841, 1, 0.8934132872218196, 0.22131733443235008, 0, 0.5670334376452806, 0.6905070684820614, 0.3436947841387525, 0, 0.4842269368064397, 1, 0.24288665370933957, 0.659853440618592, 1, 1, 0, 1, 0.2410650447542615, 0.42354027501751756, 0.36849351717057854, 0.18113551035985517, 0, 1, 0, 0, 0.15178819048762987, 0.05396858656398218, 0.04082539959795616, 0.8545916670533913, 0.43321717686828437, 0.32641961214979404, 0.1942469868957687, 0.6651680689161912, 0.19725584097210247, 0.23404446133628742, 0.24712426788487923, 0.5144219550610369, 0.20360170686824275, 0.6110553357599384, 0.5441706748674122, 0.2960741947423325, 1.1345644691943135, 0.3200264301291692, 0.4110506799464032, 0.6163784645928855, 0.3892098587105834, 0.2687472058268254, 0.41486967741235986, 0.48495806063182956, 4.773160599045052, 0.3110925248041542, 1.1507001203475875, 0.5164216575416974], BATTLES: 254-202-233-294-248-267-235-183-228-
62, 4, 2141, [1, 0.6104177227306546, 0.6659662666157137, 0, 1, 1, 0.263354933296828, 0, 0.5819346937325094, 0.9683459853117784, 0.32714376630768727, 0, 0.6916294481481571, 1, 0.8619269718668465, 1, 0, 1, 0.09621629213482522, 0.9884815139270422, 0, 0.36251894205464896, 0.6223705523512464, 0, 0, 0.47163050796465966, 0.5082769683555303, 0, 0.22023467318925743, 0.04855152121747547, 0.06446601671161487, 2.3128149617960805, 0.3739296885355549, 0.5317630397077213, 0.16076313587259966, 1.1270986532863547, 0.1288491131986347, 0.17297767890566193, 0.3074785649562818, 0.7445679890093894, 0.15542867191493592, 1.0218666835326837, 0.7851066344530896, 0.3360055492389041, 2.14148948835792, 0.8104218959824325, 0.9476192940495167, 0.379437395747614, 1.0257171411169308, 0.13622925205258843, 0.34372954908943354, 0.28911918556446287, 4.115457819372814, 0.30187984609305235, 0.15359619507518893, 0.9658915504270176], BATTLES: 254-200-211-290-224-268-242-221-231-
62, 5, 2140, [1, 0.6044747638866406, 0.5134281980286922, 0, 1, 1, 0.29379973145557853, 0, 0.6875516966023933, 0.8857256686489946, 0, 0, 1, 0.5799408611984653, 0.004725236208979786, 1, 0, 0.6593393220063297, 0, 1, 0, 0.5249983142619576, 0.7305518636736934, 0, 0.0521036036559101, 1, 0.37753599050585634, 1, 0.21520097003456606, 0.04381393727564348, 0.0709952452300291, 3.376349906836219, 0.3517711291189972, 0.5912802668653543, 0.23105121444485016, 0.8653091383542891, 0.150974805142901, 0.2256872786101136, 0.28567248056327, 1.0105601251744611, 0.21434303819967254, 0.8156261831058352, 0.7573129276674435, 0.41331804128892463, 1.5503070351860233, 0.5114944808378609, 0.9405909825941311, 0.6524182521588215, 0.9599546179494536, 0.1871578141988583, 0.19787129653371358, 0.5123019522515574, 1.9923283789291089, 0.3397790318548444, 0.3239924989493803, 0.8944909658753605], BATTLES: 259-204-232-287-227-276-238-184-233-
62, 6, 2124, [1, 0.6789750311470124, 0.7188401703177482, 0, 0.965508630821868, 0.9557830211680034, 0, 0, 0.931852423933126, 0.9386038783242754, 0, 0, 0.28507429152323327, 1, 1, 0.5861801120993181, 0, 0, 0.10291129552123324, 1, 1, 0.41349017652200937, 0.8087505076365626, 0.21169270391989717, 0, 1, 0.45854935315339945, 0, 0.21178792666767587, 0.04099880001542793, 0.03775594146492935, 3.03161984792627, 0.1331213525340632, 0.34330798310273347, 0.2347606977672945, 0.3527265979856575, 0.11306656920014466, 0.17199045289001033, 0.6202334936534634, 1.5206144288277652, 0.8399881456126919, 0.9573760941246482, 1.2667503217066889, 0.4128036484513945, 1.4103027829219317, 0.4955419708868761, 0.3691412516950227, 1.3899139094772577, 1.7973817224476278, 0.10830497921676525, 0.14494678416400766, 0.2616653194756837, 1.5813787226914973, 0.45575221407676353, 0.33272127285504766, 0.603001395784564], BATTLES: 237-204-226-287-244-263-244-211-208-
62, 7, 2114, [0.4323486621634988, 0.6925303106172657, 0.36509939623122556, 0.038533950040060355, 1, 1, 0.14339887036978605, 0, 0.720411036097252, 0.7632466755292471, 0.7652128066218916, 1, 0.4300400288767778, 1, 0.1260670143150202, 0.17792797054972154, 0, 1, 0.16432203402069331, 1, 0.6056510921947988, 0.2508072230399696, 0.5463806136465679, 0.42596748545929053, 0, 0.9878118940857974, 0, 0, 0.1512489307864335, 0.027480035013055504, 0.06906898033184881, 0.32468552948926793, 1.5525048811025493, 0.32008175028772395, 0.1408776177334489, 1.017881699187475, 0.20606070457581757, 0.30899518517124896, 0.11824377609043023, 0.42237837939192063, 0.06510704008893148, 0.7222330556187875, 0.1576763303492654, 0.23133381783723564, 2.0118371584856023, 0.7172039572115262, 0.29168950688379996, 2.087890202518053, 0.26213121241271475, 0.09858889801738006, 0.6013827646507592, 0.5836249574487798, 2.7306027390378693, 0.12960728641175304, 0.6640440807402277, 0.37152218299378564], BATTLES: 248-192-230-295-245-277-232-171-224-
62, 8, 2087, [0.454811893904422, 0.6637519600305491, 0.44140175095883605, 1, 0.8596063467137397, 0.9887304422279477, 0, 0, 0.7661511192688948, 1, 0.6962006433497696, 0, 0.5582662271005127, 0.948314674619618, 1, 1, 0.04151889109706053, 0.3785926554573499, 0, 1, 0.10692586457457631, 0.35428052064410065, 0.2202319074657176, 1, 0, 0.8720693560998789, 0, 0.5710089101135115, 0.08351964266474579, 0.04516967408289181, 0.018521888761979046, 0.7243407861681692, 0.8229205645557203, 0.4585483720560686, 0.2540360780136722, 0.8494832974426012, 0.39435681375539183, 0.1946134957965154, 0.16249197856768177, 0.2860999314229981, 0.05039157514460588, 0.3228883697678384, 0.9151125034864184, 0.4054881185726116, 1.7960340351773583, 0.43020265742826785, 0.20539493072654105, 0.5948070165795798, 0.3496678237685034, 0.19204749769854787, 0.22312047885972058, 0.7520297962622848, 1.2681167000923725, 0.24063209456157836, 0.416210467163915, 0.40697960358618507], BATTLES: 242-193-241-267-240-278-243-159-224-
62, 9, 2067, [1, 0.6794010729602563, 0.5484462469791286, 0, 1, 1, 0.17988418087470362, 0, 0.6810799330651034, 1, 0, 0, 0.593340232178406, 1, 1, 0.9474391774294605, 1, 1, 0, 0.6880342044475872, 0, 0.6604455720520317, 0.7038999190775111, 0.13437475580939648, 0, 0.10302764293093958, 0.25037730195171337, 0.8766087250033717, 0.16007814034266343, 0.07390118978599665, 0.08772825934796939, 2.5725184461592545, 0.43078128128243437, 0.4418859226996814, 0.1551049882137684, 1.0652197671043124, 0.06669798850698187, 0.22336756722354678, 0.5981791529048524, 0.6132665660040646, 0.2230764630143462, 0.4311528860461654, 0.8185603903990117, 0.5015739170300703, 1.5215563105567542, 2.1406245856417656, 1.1609380491068937, 0.3242228734097084, 1.7339677786758374, 0.22474513055086898, 0.23565603096187845, 0.23374669793999853, 4.361095314051403, 0.3919804991452289, 0.2090656269283146, 1.078850950660397], BATTLES: 236-192-228-296-217-262-240-180-216-
63, 0, 2102, [1, 0.656691011971283, 0.5885338587763717, 0, 1, 1, 0.38389980359807474, 0.0027912529026350367, 0.6331691196060095, 1, 0, 0, 0.6838667333700458, 1, 1, 1, 1, 1, 0, 1, 0.5885680991925052, 0.3862229818281938, 0.26165587737837825, 0, 0.39089899785731663, 0.34748961186359634, 0.12504381784025936, 0, 0.17054684652162155, 0.05331410466839053, 0.09580999715405827, 3.004063771147375, 0.47679598025575753, 0.745543480648171, 0.15490915527116933, 1.0861018632603985, 0.0832181873366845, 0.14600834535142818, 0.4999921157721643, 0.4808079396778812, 0.13401735381155155, 0.8083587426137384, 0.6963031272162197, 0.3619040941971171, 1.976328171012268, 1.1930933931588914, 1.465946787538234, 0.3165044433621946, 1.4495009951032778, 0.18373570100601622, 0.3143940949708822, 0.20907559696161182, 2.945954549975112, 0.35000507487863, 0.1753420630845171, 0.6972571418365948], BATTLES: 226-197-213-277-270-284-226-202-207-
63, 1, 2089, [0.6661600806893845, 0.6548804977731264, 0.44541291268282696, 1, 1, 1, 0.5224677956675557, 0, 1, 0.9375809426357941, 0.6285266606346499, 0.02586707190037348, 0.613666867058501, 0.7061674241723894, 1, 0.7758925168999203, 0, 0.01338248801356029, 0.0718194308142926, 0.7170482593623267, 0.2293870563357871, 0.21818601428832757, 0.6315026374679612, 0.3241789526274611, 0, 0.6686782570830117, 0, 0, 0.09696414556074637, 0.0469257871972419, 0.014490390394296082, 0.5275869380200425, 1.4929595195780374, 0.8120230646368376, 0.27100614839065174, 0.4089590296413, 0.392790991936679, 0.14493794976343083, 0.13300041069767923, 0.3418093898472383, 0.06151885088569736, 0.2652425914938214, 0.650102670755429, 0.3394901841328553, 1.707495670446914, 0.33727934539617344, 0.1933090434060608, 0.4312714939383564, 0.3403222708373709, 0.19768526290629815, 0.2945727664648825, 1.076250202352981, 1.0006287469702213, 0.3139739757758152, 0.35078678926350093, 0.5472835228636417], BATTLES: 244-184-225-294-245-267-210-186-234-
63, 2, 2080, [0.5266133269879709, 0.6052290414988846, 0.3972162747027166, 0.5983392470572841, 1, 0.8934132872218196, 0.22131733443235008, 0, 0.5670334376452806, 0.6905070684820614, 0.3436947841387525, 0, 0.4842269368064397, 1, 0.24288665370933957, 0.659853440618592, 1, 1, 0, 1, 0.2410650447542615, 0.42354027501751756, 0.36849351717057854, 0.18113551035985517, 0, 1, 0, 0, 0.15178819048762987, 0.05396858656398218, 0.04082539959795616, 0.8545916670533913, 0.43321717686828437, 0.32641961214979404, 0.1942469868957687, 0.6651680689161912, 0.19725584097210247, 0.23404446133628742, 0.24712426788487923, 0.5144219550610369, 0.20360170686824275, 0.6110553357599384, 0.5441706748674122, 0.2960741947423325, 1.1345644691943135, 0.3200264301291692, 0.4110506799464032, 0.6163784645928855, 0.3892098587105834, 0.2687472058268254, 0.41486967741235986, 0.48495806063182956, 4.773160599045052, 0.3110925248041542, 1.1507001203475875, 0.5164216575416974], BATTLES: 227-180-231-275-243-283-228-178-235-
63, 3, 2053, [1, 0.6104177227306546, 0.6659662666157137, 0, 1, 1, 0.263354933296828, 0, 0.5819346937325094, 0.9683459853117784, 0.32714376630768727, 0, 0.6916294481481571, 1, 0.8619269718668465, 1, 0, 1, 0.09621629213482522, 0.9884815139270422, 0, 0.36251894205464896, 0.6223705523512464, 0, 0, 0.47163050796465966, 0.5082769683555303, 0, 0.22023467318925743, 0.04855152121747547, 0.06446601671161487, 2.3128149617960805, 0.3739296885355549, 0.5317630397077213, 0.16076313587259966, 1.1270986532863547, 0.1288491131986347, 0.17297767890566193, 0.3074785649562818, 0.7445679890093894, 0.15542867191493592, 1.0218666835326837, 0.7851066344530896, 0.3360055492389041, 2.14148948835792, 0.8104218959824325, 0.9476192940495167, 0.379437395747614, 1.0257171411169308, 0.13622925205258843, 0.34372954908943354, 0.28911918556446287, 4.115457819372814, 0.30187984609305235, 0.15359619507518893, 0.9658915504270176], BATTLES: 223-189-214-281-228-269-226-210-213-
63, 4, 2047, [1, 0.6044747638866406, 0.5134281980286922, 0, 1, 1, 0.29379973145557853, 0, 0.6875516966023933, 0.8857256686489946, 0, 0, 1, 0.5799408611984653, 0.004725236208979786, 1, 0, 0.6593393220063297, 0, 1, 0, 0.5249983142619576, 0.7305518636736934, 0, 0.0521036036559101, 1, 0.37753599050585634, 1, 0.21520097003456606, 0.04381393727564348, 0.0709952452300291, 3.376349906836219, 0.3517711291189972, 0.5912802668653543, 0.23105121444485016, 0.8653091383542891, 0.150974805142901, 0.2256872786101136, 0.28567248056327, 1.0105601251744611, 0.21434303819967254, 0.8156261831058352, 0.7573129276674435, 0.41331804128892463, 1.5503070351860233, 0.5114944808378609, 0.9405909825941311, 0.6524182521588215, 0.9599546179494536, 0.1871578141988583, 0.19787129653371358, 0.5123019522515574, 1.9923283789291089, 0.3397790318548444, 0.3239924989493803, 0.8944909658753605], BATTLES: 222-183-244-278-225-264-225-186-220-
63, 5, 2026, [1, 0.6789750311470124, 0.7188401703177482, 0, 0.965508630821868, 0.9557830211680034, 0, 0, 0.931852423933126, 0.9386038783242754, 0, 0, 0.28507429152323327, 1, 1, 0.5861801120993181, 0, 0, 0.10291129552123324, 1, 1, 0.41349017652200937, 0.8087505076365626, 0.21169270391989717, 0, 1, 0.45854935315339945, 0, 0.21178792666767587, 0.04099880001542793, 0.03775594146492935, 3.03161984792627, 0.1331213525340632, 0.34330798310273347, 0.2347606977672945, 0.3527265979856575, 0.11306656920014466, 0.17199045289001033, 0.6202334936534634, 1.5206144288277652, 0.8399881456126919, 0.9573760941246482, 1.2667503217066889, 0.4128036484513945, 1.4103027829219317, 0.4955419708868761, 0.3691412516950227, 1.3899139094772577, 1.7973817224476278, 0.10830497921676525, 0.14494678416400766, 0.2616653194756837, 1.5813787226914973, 0.45575221407676353, 0.33272127285504766, 0.603001395784564], BATTLES: 228-185-219-275-246-259-204-197-213-
63, 6, 2011, [0.454811893904422, 0.6637519600305491, 0.44140175095883605, 1, 0.8596063467137397, 0.9887304422279477, 0, 0, 0.7661511192688948, 1, 0.6962006433497696, 0, 0.5582662271005127, 0.948314674619618, 1, 1, 0.04151889109706053, 0.3785926554573499, 0, 1, 0.10692586457457631, 0.35428052064410065, 0.2202319074657176, 1, 0, 0.8720693560998789, 0, 0.5710089101135115, 0.08351964266474579, 0.04516967408289181, 0.018521888761979046, 0.7243407861681692, 0.8229205645557203, 0.4585483720560686, 0.2540360780136722, 0.8494832974426012, 0.39435681375539183, 0.1946134957965154, 0.16249197856768177, 0.2860999314229981, 0.05039157514460588, 0.3228883697678384, 0.9151125034864184, 0.4054881185726116, 1.7960340351773583, 0.43020265742826785, 0.20539493072654105, 0.5948070165795798, 0.3496678237685034, 0.19204749769854787, 0.22312047885972058, 0.7520297962622848, 1.2681167000923725, 0.24063209456157836, 0.416210467163915, 0.40697960358618507], BATTLES: 236-171-243-260-224-272-203-162-240-
63, 7, 2009, [0.7591535460922202, 0.7278427337194449, 0.6632072269445135, 1, 0.9402094901161049, 1, 0, 0, 0.9523133359344178, 0.9010764415075464, 0, 1, 0.1972997111531385, 0.969333521574271, 0, 0, 0, 0, 0.1052060173116719, 1, 1, 0.2678778900927169, 0.8286429104525667, 0.1198878361809505, 0, 1, 0, 0, 0.2333823156976629, 0.03414841522698977, 0.04047699893306993, 2.6494025866937356, 0.13004131553520787, 0.4758865518525381, 0.15453050525120396, 0.3991309771649648, 0.10141950837489146, 0.14813122074921145, 0.5630098975016348, 1.8073976425962461, 0.5254859023085553, 0.9855564297912346, 1.272379413703253, 0.4321624006530907, 1.8849693091276194, 0.35271504442806434, 0.29081650398123293, 1.2640150045289695, 2.837814484539907, 0.14783194199357858, 0.15509478333023616, 0.18535628972522605, 1.111018257143381, 0.5123176140626423, 0.38646460537998156, 0.4753590484182241], BATTLES: 213-197-222-282-237-268-189-165-236-
63, 8, 1993, [0.4323486621634988, 0.6925303106172657, 0.36509939623122556, 0.038533950040060355, 1, 1, 0.14339887036978605, 0, 0.720411036097252, 0.7632466755292471, 0.7652128066218916, 1, 0.4300400288767778, 1, 0.1260670143150202, 0.17792797054972154, 0, 1, 0.16432203402069331, 1, 0.6056510921947988, 0.2508072230399696, 0.5463806136465679, 0.42596748545929053, 0, 0.9878118940857974, 0, 0, 0.1512489307864335, 0.027480035013055504, 0.06906898033184881, 0.32468552948926793, 1.5525048811025493, 0.32008175028772395, 0.1408776177334489, 1.017881699187475, 0.20606070457581757, 0.30899518517124896, 0.11824377609043023, 0.42237837939192063, 0.06510704008893148, 0.7222330556187875, 0.1576763303492654, 0.23133381783723564, 2.0118371584856023, 0.7172039572115262, 0.29168950688379996, 2.087890202518053, 0.26213121241271475, 0.09858889801738006, 0.6013827646507592, 0.5836249574487798, 2.7306027390378693, 0.12960728641175304, 0.6640440807402277, 0.37152218299378564], BATTLES: 222-165-216-271-255-281-194-166-223-
63, 9, 1951, [1, 0.6794010729602563, 0.5484462469791286, 0, 1, 1, 0.17988418087470362, 0, 0.6810799330651034, 1, 0, 0, 0.593340232178406, 1, 1, 0.9474391774294605, 1, 1, 0, 0.6880342044475872, 0, 0.6604455720520317, 0.7038999190775111, 0.13437475580939648, 0, 0.10302764293093958, 0.25037730195171337, 0.8766087250033717, 0.16007814034266343, 0.07390118978599665, 0.08772825934796939, 2.5725184461592545, 0.43078128128243437, 0.4418859226996814, 0.1551049882137684, 1.0652197671043124, 0.06669798850698187, 0.22336756722354678, 0.5981791529048524, 0.6132665660040646, 0.2230764630143462, 0.4311528860461654, 0.8185603903990117, 0.5015739170300703, 1.5215563105567542, 2.1406245856417656, 1.1609380491068937, 0.3242228734097084, 1.7339677786758374, 0.22474513055086898, 0.23565603096187845, 0.23374669793999853, 4.361095314051403, 0.3919804991452289, 0.2090656269283146, 1.078850950660397], BATTLES: 214-186-236-265-201-247-195-189-218-
64, 0, 1988, [1, 0.656691011971283, 0.5885338587763717, 0, 1, 1, 0.38389980359807474, 0.0027912529026350367, 0.6331691196060095, 1, 0, 0, 0.6838667333700458, 1, 1, 1, 1, 1, 0, 1, 0.5885680991925052, 0.3862229818281938, 0.26165587737837825, 0, 0.39089899785731663, 0.34748961186359634, 0.12504381784025936, 0, 0.17054684652162155, 0.05331410466839053, 0.09580999715405827, 3.004063771147375, 0.47679598025575753, 0.745543480648171, 0.15490915527116933, 1.0861018632603985, 0.0832181873366845, 0.14600834535142818, 0.4999921157721643, 0.4808079396778812, 0.13401735381155155, 0.8083587426137384, 0.6963031272162197, 0.3619040941971171, 1.976328171012268, 1.1930933931588914, 1.465946787538234, 0.3165044433621946, 1.4495009951032778, 0.18373570100601622, 0.3143940949708822, 0.20907559696161182, 2.945954549975112, 0.35000507487863, 0.1753420630845171, 0.6972571418365948], BATTLES: 210-188-212-272-248-264-214-182-198-
64, 1, 1930, [0.5266133269879709, 0.6052290414988846, 0.3972162747027166, 0.5983392470572841, 1, 0.8934132872218196, 0.22131733443235008, 0, 0.5670334376452806, 0.6905070684820614, 0.3436947841387525, 0, 0.4842269368064397, 1, 0.24288665370933957, 0.659853440618592, 1, 1, 0, 1, 0.2410650447542615, 0.42354027501751756, 0.36849351717057854, 0.18113551035985517, 0, 1, 0, 0, 0.15178819048762987, 0.05396858656398218, 0.04082539959795616, 0.8545916670533913, 0.43321717686828437, 0.32641961214979404, 0.1942469868957687, 0.6651680689161912, 0.19725584097210247, 0.23404446133628742, 0.24712426788487923, 0.5144219550610369, 0.20360170686824275, 0.6110553357599384, 0.5441706748674122, 0.2960741947423325, 1.1345644691943135, 0.3200264301291692, 0.4110506799464032, 0.6163784645928855, 0.3892098587105834, 0.2687472058268254, 0.41486967741235986, 0.48495806063182956, 4.773160599045052, 0.3110925248041542, 1.1507001203475875, 0.5164216575416974], BATTLES: 205-162-216-262-225-277-200-156-227-
64, 2, 1921, [1, 0.6044747638866406, 0.5134281980286922, 0, 1, 1, 0.29379973145557853, 0, 0.6875516966023933, 0.8857256686489946, 0, 0, 1, 0.5799408611984653, 0.004725236208979786, 1, 0, 0.6593393220063297, 0, 1, 0, 0.5249983142619576, 0.7305518636736934, 0, 0.0521036036559101, 1, 0.37753599050585634, 1, 0.21520097003456606, 0.04381393727564348, 0.0709952452300291, 3.376349906836219, 0.3517711291189972, 0.5912802668653543, 0.23105121444485016, 0.8653091383542891, 0.150974805142901, 0.2256872786101136, 0.28567248056327, 1.0105601251744611, 0.21434303819967254, 0.8156261831058352, 0.7573129276674435, 0.41331804128892463, 1.5503070351860233, 0.5114944808378609, 0.9405909825941311, 0.6524182521588215, 0.9599546179494536, 0.1871578141988583, 0.19787129653371358, 0.5123019522515574, 1.9923283789291089, 0.3397790318548444, 0.3239924989493803, 0.8944909658753605], BATTLES: 219-171-218-266-212-244-204-166-221-
64, 3, 1912, [1, 0.6104177227306546, 0.6659662666157137, 0, 1, 1, 0.263354933296828, 0, 0.5819346937325094, 0.9683459853117784, 0.32714376630768727, 0, 0.6916294481481571, 1, 0.8619269718668465, 1, 0, 1, 0.09621629213482522, 0.9884815139270422, 0, 0.36251894205464896, 0.6223705523512464, 0, 0, 0.47163050796465966, 0.5082769683555303, 0, 0.22023467318925743, 0.04855152121747547, 0.06446601671161487, 2.3128149617960805, 0.3739296885355549, 0.5317630397077213, 0.16076313587259966, 1.1270986532863547, 0.1288491131986347, 0.17297767890566193, 0.3074785649562818, 0.7445679890093894, 0.15542867191493592, 1.0218666835326837, 0.7851066344530896, 0.3360055492389041, 2.14148948835792, 0.8104218959824325, 0.9476192940495167, 0.379437395747614, 1.0257171411169308, 0.13622925205258843, 0.34372954908943354, 0.28911918556446287, 4.115457819372814, 0.30187984609305235, 0.15359619507518893, 0.9658915504270176], BATTLES: 223-178-195-262-221-263-213-166-191-
64, 4, 1911, [1, 0.6789750311470124, 0.7188401703177482, 0, 0.965508630821868, 0.9557830211680034, 0, 0, 0.931852423933126, 0.9386038783242754, 0, 0, 0.28507429152323327, 1, 1, 0.5861801120993181, 0, 0, 0.10291129552123324, 1, 1, 0.41349017652200937, 0.8087505076365626, 0.21169270391989717, 0, 1, 0.45854935315339945, 0, 0.21178792666767587, 0.04099880001542793, 0.03775594146492935, 3.03161984792627, 0.1331213525340632, 0.34330798310273347, 0.2347606977672945, 0.3527265979856575, 0.11306656920014466, 0.17199045289001033, 0.6202334936534634, 1.5206144288277652, 0.8399881456126919, 0.9573760941246482, 1.2667503217066889, 0.4128036484513945, 1.4103027829219317, 0.4955419708868761, 0.3691412516950227, 1.3899139094772577, 1.7973817224476278, 0.10830497921676525, 0.14494678416400766, 0.2616653194756837, 1.5813787226914973, 0.45575221407676353, 0.33272127285504766, 0.603001395784564], BATTLES: 202-165-220-279-204-266-187-183-205-
64, 5, 1898, [0.6661600806893845, 0.6548804977731264, 0.44541291268282696, 1, 1, 1, 0.5224677956675557, 0, 1, 0.9375809426357941, 0.6285266606346499, 0.02586707190037348, 0.613666867058501, 0.7061674241723894, 1, 0.7758925168999203, 0, 0.01338248801356029, 0.0718194308142926, 0.7170482593623267, 0.2293870563357871, 0.21818601428832757, 0.6315026374679612, 0.3241789526274611, 0, 0.6686782570830117, 0, 0, 0.09696414556074637, 0.0469257871972419, 0.014490390394296082, 0.5275869380200425, 1.4929595195780374, 0.8120230646368376, 0.27100614839065174, 0.4089590296413, 0.392790991936679, 0.14493794976343083, 0.13300041069767923, 0.3418093898472383, 0.06151885088569736, 0.2652425914938214, 0.650102670755429, 0.3394901841328553, 1.707495670446914, 0.33727934539617344, 0.1933090434060608, 0.4312714939383564, 0.3403222708373709, 0.19768526290629815, 0.2945727664648825, 1.076250202352981, 1.0006287469702213, 0.3139739757758152, 0.35078678926350093, 0.5472835228636417], BATTLES: 197-156-216-266-213-280-202-162-206-
64, 6, 1889, [0.7591535460922202, 0.7278427337194449, 0.6632072269445135, 1, 0.9402094901161049, 1, 0, 0, 0.9523133359344178, 0.9010764415075464, 0, 1, 0.1972997111531385, 0.969333521574271, 0, 0, 0, 0, 0.1052060173116719, 1, 1, 0.2678778900927169, 0.8286429104525667, 0.1198878361809505, 0, 1, 0, 0, 0.2333823156976629, 0.03414841522698977, 0.04047699893306993, 2.6494025866937356, 0.13004131553520787, 0.4758865518525381, 0.15453050525120396, 0.3991309771649648, 0.10141950837489146, 0.14813122074921145, 0.5630098975016348, 1.8073976425962461, 0.5254859023085553, 0.9855564297912346, 1.272379413703253, 0.4321624006530907, 1.8849693091276194, 0.35271504442806434, 0.29081650398123293, 1.2640150045289695, 2.837814484539907, 0.14783194199357858, 0.15509478333023616, 0.18535628972522605, 1.111018257143381, 0.5123176140626423, 0.38646460537998156, 0.4753590484182241], BATTLES: 195-164-220-264-236-288-185-142-195-
64, 7, 1882, [0.53122538486, 0.6139756260233197, 0.4463257527618586, 0.2457973724770388, 1, 1, 0.4857438824531145, 0.014723412579762207, 1, 1, 0.580828990336229, 0.2053360117319231, 0.5360119083138996, 1, 0.21223563040556415, 0.49024100861275005, 0.5056672129507274, 0, 0, 1, 0.31691739943379854, 0.39638226780186725, 0.4861911201454135, 0, 0.4956623993155837, 0.8300238593942757, 0, 0, 0.0660084982706249, 0.036129443866200685, 0.0186898128092064, 0.8156906649975681, 1.742965079181816, 1.2265636000590099, 0.3202809190087392, 0.6320165492850868, 0.3230735915093142, 0.12606884346766825, 0.11976593571070537, 0.32808761783071566, 0.075380545552288, 0.16719557111572378, 1.0154273771841154, 0.46721348305912125, 1.263290858543074, 0.4739313655945242, 0.29347923136781223, 0.25179338326285094, 0.22405503419964917, 0.19740037785631662, 0.32127857949849464, 1.1064996444928379, 0.597267397045728, 0.30191964110302577, 0.32694160541707834, 0.5237754094107433], BATTLES: 193-163-225-240-219-272-202-151-217-
64, 8, 1879, [0.4323486621634988, 0.6925303106172657, 0.36509939623122556, 0.038533950040060355, 1, 1, 0.14339887036978605, 0, 0.720411036097252, 0.7632466755292471, 0.7652128066218916, 1, 0.4300400288767778, 1, 0.1260670143150202, 0.17792797054972154, 0, 1, 0.16432203402069331, 1, 0.6056510921947988, 0.2508072230399696, 0.5463806136465679, 0.42596748545929053, 0, 0.9878118940857974, 0, 0, 0.1512489307864335, 0.027480035013055504, 0.06906898033184881, 0.32468552948926793, 1.5525048811025493, 0.32008175028772395, 0.1408776177334489, 1.017881699187475, 0.20606070457581757, 0.30899518517124896, 0.11824377609043023, 0.42237837939192063, 0.06510704008893148, 0.7222330556187875, 0.1576763303492654, 0.23133381783723564, 2.0118371584856023, 0.7172039572115262, 0.29168950688379996, 2.087890202518053, 0.26213121241271475, 0.09858889801738006, 0.6013827646507592, 0.5836249574487798, 2.7306027390378693, 0.12960728641175304, 0.6640440807402277, 0.37152218299378564], BATTLES: 216-159-213-270-232-279-175-144-191-
64, 9, 1863, [0.454811893904422, 0.6637519600305491, 0.44140175095883605, 1, 0.8596063467137397, 0.9887304422279477, 0, 0, 0.7661511192688948, 1, 0.6962006433497696, 0, 0.5582662271005127, 0.948314674619618, 1, 1, 0.04151889109706053, 0.3785926554573499, 0, 1, 0.10692586457457631, 0.35428052064410065, 0.2202319074657176, 1, 0, 0.8720693560998789, 0, 0.5710089101135115, 0.08351964266474579, 0.04516967408289181, 0.018521888761979046, 0.7243407861681692, 0.8229205645557203, 0.4585483720560686, 0.2540360780136722, 0.8494832974426012, 0.39435681375539183, 0.1946134957965154, 0.16249197856768177, 0.2860999314229981, 0.05039157514460588, 0.3228883697678384, 0.9151125034864184, 0.4054881185726116, 1.7960340351773583, 0.43020265742826785, 0.20539493072654105, 0.5948070165795798, 0.3496678237685034, 0.19204749769854787, 0.22312047885972058, 0.7520297962622848, 1.2681167000923725, 0.24063209456157836, 0.416210467163915, 0.40697960358618507], BATTLES: 210-159-221-234-214-269-183-149-224-
65, 0, 2372, [1, 0.656691011971283, 0.5885338587763717, 0, 1, 1, 0.38389980359807474, 0.0027912529026350367, 0.6331691196060095, 1, 0, 0, 0.6838667333700458, 1, 1, 1, 1, 1, 0, 1, 0.5885680991925052, 0.3862229818281938, 0.26165587737837825, 0, 0.39089899785731663, 0.34748961186359634, 0.12504381784025936, 0, 0.17054684652162155, 0.05331410466839053, 0.09580999715405827, 3.004063771147375, 0.47679598025575753, 0.745543480648171, 0.15490915527116933, 1.0861018632603985, 0.0832181873366845, 0.14600834535142818, 0.4999921157721643, 0.4808079396778812, 0.13401735381155155, 0.8083587426137384, 0.6963031272162197, 0.3619040941971171, 1.976328171012268, 1.1930933931588914, 1.465946787538234, 0.3165044433621946, 1.4495009951032778, 0.18373570100601622, 0.3143940949708822, 0.20907559696161182, 2.945954549975112, 0.35000507487863, 0.1753420630845171, 0.6972571418365948], BATTLES: 264-240-228-308-277-294-262-251-248-
65, 1, 2347, [0.53122538486, 0.6139756260233197, 0.4463257527618586, 0.2457973724770388, 1, 1, 0.4857438824531145, 0.014723412579762207, 1, 1, 0.580828990336229, 0.2053360117319231, 0.5360119083138996, 1, 0.21223563040556415, 0.49024100861275005, 0.5056672129507274, 0, 0, 1, 0.31691739943379854, 0.39638226780186725, 0.4861911201454135, 0, 0.4956623993155837, 0.8300238593942757, 0, 0, 0.0660084982706249, 0.036129443866200685, 0.0186898128092064, 0.8156906649975681, 1.742965079181816, 1.2265636000590099, 0.3202809190087392, 0.6320165492850868, 0.3230735915093142, 0.12606884346766825, 0.11976593571070537, 0.32808761783071566, 0.075380545552288, 0.16719557111572378, 1.0154273771841154, 0.46721348305912125, 1.263290858543074, 0.4739313655945242, 0.29347923136781223, 0.25179338326285094, 0.22405503419964917, 0.19740037785631662, 0.32127857949849464, 1.1064996444928379, 0.597267397045728, 0.30191964110302577, 0.32694160541707834, 0.5237754094107433], BATTLES: 275-220-250-293-276-294-256-210-273-
65, 2, 2346, [1, 0.6104177227306546, 0.6659662666157137, 0, 1, 1, 0.263354933296828, 0, 0.5819346937325094, 0.9683459853117784, 0.32714376630768727, 0, 0.6916294481481571, 1, 0.8619269718668465, 1, 0, 1, 0.09621629213482522, 0.9884815139270422, 0, 0.36251894205464896, 0.6223705523512464, 0, 0, 0.47163050796465966, 0.5082769683555303, 0, 0.22023467318925743, 0.04855152121747547, 0.06446601671161487, 2.3128149617960805, 0.3739296885355549, 0.5317630397077213, 0.16076313587259966, 1.1270986532863547, 0.1288491131986347, 0.17297767890566193, 0.3074785649562818, 0.7445679890093894, 0.15542867191493592, 1.0218666835326837, 0.7851066344530896, 0.3360055492389041, 2.14148948835792, 0.8104218959824325, 0.9476192940495167, 0.379437395747614, 1.0257171411169308, 0.13622925205258843, 0.34372954908943354, 0.28911918556446287, 4.115457819372814, 0.30187984609305235, 0.15359619507518893, 0.9658915504270176], BATTLES: 275-234-246-300-273-284-268-230-236-
65, 3, 2320, [0.6661600806893845, 0.6548804977731264, 0.44541291268282696, 1, 1, 1, 0.5224677956675557, 0, 1, 0.9375809426357941, 0.6285266606346499, 0.02586707190037348, 0.613666867058501, 0.7061674241723894, 1, 0.7758925168999203, 0, 0.01338248801356029, 0.0718194308142926, 0.7170482593623267, 0.2293870563357871, 0.21818601428832757, 0.6315026374679612, 0.3241789526274611, 0, 0.6686782570830117, 0, 0, 0.09696414556074637, 0.0469257871972419, 0.014490390394296082, 0.5275869380200425, 1.4929595195780374, 0.8120230646368376, 0.27100614839065174, 0.4089590296413, 0.392790991936679, 0.14493794976343083, 0.13300041069767923, 0.3418093898472383, 0.06151885088569736, 0.2652425914938214, 0.650102670755429, 0.3394901841328553, 1.707495670446914, 0.33727934539617344, 0.1933090434060608, 0.4312714939383564, 0.3403222708373709, 0.19768526290629815, 0.2945727664648825, 1.076250202352981, 1.0006287469702213, 0.3139739757758152, 0.35078678926350093, 0.5472835228636417], BATTLES: 243-236-259-303-266-284-259-211-259-
65, 4, 2301, [1, 0.6044747638866406, 0.5134281980286922, 0, 1, 1, 0.29379973145557853, 0, 0.6875516966023933, 0.8857256686489946, 0, 0, 1, 0.5799408611984653, 0.004725236208979786, 1, 0, 0.6593393220063297, 0, 1, 0, 0.5249983142619576, 0.7305518636736934, 0, 0.0521036036559101, 1, 0.37753599050585634, 1, 0.21520097003456606, 0.04381393727564348, 0.0709952452300291, 3.376349906836219, 0.3517711291189972, 0.5912802668653543, 0.23105121444485016, 0.8653091383542891, 0.150974805142901, 0.2256872786101136, 0.28567248056327, 1.0105601251744611, 0.21434303819967254, 0.8156261831058352, 0.7573129276674435, 0.41331804128892463, 1.5503070351860233, 0.5114944808378609, 0.9405909825941311, 0.6524182521588215, 0.9599546179494536, 0.1871578141988583, 0.19787129653371358, 0.5123019522515574, 1.9923283789291089, 0.3397790318548444, 0.3239924989493803, 0.8944909658753605], BATTLES: 259-229-246-297-255-277-262-215-261-
65, 5, 2298, [1, 0.6789750311470124, 0.7188401703177482, 0, 0.965508630821868, 0.9557830211680034, 0, 0, 0.931852423933126, 0.9386038783242754, 0, 0, 0.28507429152323327, 1, 1, 0.5861801120993181, 0, 0, 0.10291129552123324, 1, 1, 0.41349017652200937, 0.8087505076365626, 0.21169270391989717, 0, 1, 0.45854935315339945, 0, 0.21178792666767587, 0.04099880001542793, 0.03775594146492935, 3.03161984792627, 0.1331213525340632, 0.34330798310273347, 0.2347606977672945, 0.3527265979856575, 0.11306656920014466, 0.17199045289001033, 0.6202334936534634, 1.5206144288277652, 0.8399881456126919, 0.9573760941246482, 1.2667503217066889, 0.4128036484513945, 1.4103027829219317, 0.4955419708868761, 0.3691412516950227, 1.3899139094772577, 1.7973817224476278, 0.10830497921676525, 0.14494678416400766, 0.2616653194756837, 1.5813787226914973, 0.45575221407676353, 0.33272127285504766, 0.603001395784564], BATTLES: 265-222-235-292-253-283-262-229-257-
65, 6, 2292, [0.7591535460922202, 0.7278427337194449, 0.6632072269445135, 1, 0.9402094901161049, 1, 0, 0, 0.9523133359344178, 0.9010764415075464, 0, 1, 0.1972997111531385, 0.969333521574271, 0, 0, 0, 0, 0.1052060173116719, 1, 1, 0.2678778900927169, 0.8286429104525667, 0.1198878361809505, 0, 1, 0, 0, 0.2333823156976629, 0.03414841522698977, 0.04047699893306993, 2.6494025866937356, 0.13004131553520787, 0.4758865518525381, 0.15453050525120396, 0.3991309771649648, 0.10141950837489146, 0.14813122074921145, 0.5630098975016348, 1.8073976425962461, 0.5254859023085553, 0.9855564297912346, 1.272379413703253, 0.4321624006530907, 1.8849693091276194, 0.35271504442806434, 0.29081650398123293, 1.2640150045289695, 2.837814484539907, 0.14783194199357858, 0.15509478333023616, 0.18535628972522605, 1.111018257143381, 0.5123176140626423, 0.38646460537998156, 0.4753590484182241], BATTLES: 256-226-259-316-258-287-242-217-231-
65, 7, 2290, [0.5266133269879709, 0.6052290414988846, 0.3972162747027166, 0.5983392470572841, 1, 0.8934132872218196, 0.22131733443235008, 0, 0.5670334376452806, 0.6905070684820614, 0.3436947841387525, 0, 0.4842269368064397, 1, 0.24288665370933957, 0.659853440618592, 1, 1, 0, 1, 0.2410650447542615, 0.42354027501751756, 0.36849351717057854, 0.18113551035985517, 0, 1, 0, 0, 0.15178819048762987, 0.05396858656398218, 0.04082539959795616, 0.8545916670533913, 0.43321717686828437, 0.32641961214979404, 0.1942469868957687, 0.6651680689161912, 0.19725584097210247, 0.23404446133628742, 0.24712426788487923, 0.5144219550610369, 0.20360170686824275, 0.6110553357599384, 0.5441706748674122, 0.2960741947423325, 1.1345644691943135, 0.3200264301291692, 0.4110506799464032, 0.6163784645928855, 0.3892098587105834, 0.2687472058268254, 0.41486967741235986, 0.48495806063182956, 4.773160599045052, 0.3110925248041542, 1.1507001203475875, 0.5164216575416974], BATTLES: 260-221-238-285-265-288-260-219-254-
65, 8, 2269, [0.4323486621634988, 0.6925303106172657, 0.36509939623122556, 0.038533950040060355, 1, 1, 0.14339887036978605, 0, 0.720411036097252, 0.7632466755292471, 0.7652128066218916, 1, 0.4300400288767778, 1, 0.1260670143150202, 0.17792797054972154, 0, 1, 0.16432203402069331, 1, 0.6056510921947988, 0.2508072230399696, 0.5463806136465679, 0.42596748545929053, 0, 0.9878118940857974, 0, 0, 0.1512489307864335, 0.027480035013055504, 0.06906898033184881, 0.32468552948926793, 1.5525048811025493, 0.32008175028772395, 0.1408776177334489, 1.017881699187475, 0.20606070457581757, 0.30899518517124896, 0.11824377609043023, 0.42237837939192063, 0.06510704008893148, 0.7222330556187875, 0.1576763303492654, 0.23133381783723564, 2.0118371584856023, 0.7172039572115262, 0.29168950688379996, 2.087890202518053, 0.26213121241271475, 0.09858889801738006, 0.6013827646507592, 0.5836249574487798, 2.7306027390378693, 0.12960728641175304, 0.6640440807402277, 0.37152218299378564], BATTLES: 267-226-230-294-273-288-239-208-244-
65, 9, 2268, [0.454811893904422, 0.6637519600305491, 0.44140175095883605, 1, 0.8596063467137397, 0.9887304422279477, 0, 0, 0.7661511192688948, 1, 0.6962006433497696, 0, 0.5582662271005127, 0.948314674619618, 1, 1, 0.04151889109706053, 0.3785926554573499, 0, 1, 0.10692586457457631, 0.35428052064410065, 0.2202319074657176, 1, 0, 0.8720693560998789, 0, 0.5710089101135115, 0.08351964266474579, 0.04516967408289181, 0.018521888761979046, 0.7243407861681692, 0.8229205645557203, 0.4585483720560686, 0.2540360780136722, 0.8494832974426012, 0.39435681375539183, 0.1946134957965154, 0.16249197856768177, 0.2860999314229981, 0.05039157514460588, 0.3228883697678384, 0.9151125034864184, 0.4054881185726116, 1.7960340351773583, 0.43020265742826785, 0.20539493072654105, 0.5948070165795798, 0.3496678237685034, 0.19204749769854787, 0.22312047885972058, 0.7520297962622848, 1.2681167000923725, 0.24063209456157836, 0.416210467163915, 0.40697960358618507], BATTLES: 255-223-241-278-272-290-238-208-263-
66, 0, 2102, [1, 0.656691011971283, 0.5885338587763717, 0, 1, 1, 0.38389980359807474, 0.0027912529026350367, 0.6331691196060095, 1, 0, 0, 0.6838667333700458, 1, 1, 1, 1, 1, 0, 1, 0.5885680991925052, 0.3862229818281938, 0.26165587737837825, 0, 0.39089899785731663, 0.34748961186359634, 0.12504381784025936, 0, 0.17054684652162155, 0.05331410466839053, 0.09580999715405827, 3.004063771147375, 0.47679598025575753, 0.745543480648171, 0.15490915527116933, 1.0861018632603985, 0.0832181873366845, 0.14600834535142818, 0.4999921157721643, 0.4808079396778812, 0.13401735381155155, 0.8083587426137384, 0.6963031272162197, 0.3619040941971171, 1.976328171012268, 1.1930933931588914, 1.465946787538234, 0.3165044433621946, 1.4495009951032778, 0.18373570100601622, 0.3143940949708822, 0.20907559696161182, 2.945954549975112, 0.35000507487863, 0.1753420630845171, 0.6972571418365948], BATTLES: 234-181-208-301-249-271-238-213-207-
66, 1, 2101, [0.6661600806893845, 0.6548804977731264, 0.44541291268282696, 1, 1, 1, 0.5224677956675557, 0, 1, 0.9375809426357941, 0.6285266606346499, 0.02586707190037348, 0.613666867058501, 0.7061674241723894, 1, 0.7758925168999203, 0, 0.01338248801356029, 0.0718194308142926, 0.7170482593623267, 0.2293870563357871, 0.21818601428832757, 0.6315026374679612, 0.3241789526274611, 0, 0.6686782570830117, 0, 0, 0.09696414556074637, 0.0469257871972419, 0.014490390394296082, 0.5275869380200425, 1.4929595195780374, 0.8120230646368376, 0.27100614839065174, 0.4089590296413, 0.392790991936679, 0.14493794976343083, 0.13300041069767923, 0.3418093898472383, 0.06151885088569736, 0.2652425914938214, 0.650102670755429, 0.3394901841328553, 1.707495670446914, 0.33727934539617344, 0.1933090434060608, 0.4312714939383564, 0.3403222708373709, 0.19768526290629815, 0.2945727664648825, 1.076250202352981, 1.0006287469702213, 0.3139739757758152, 0.35078678926350093, 0.5472835228636417], BATTLES: 248-193-232-289-247-269-227-170-226-
66, 2, 2097, [0.5266133269879709, 0.6052290414988846, 0.3972162747027166, 0.5983392470572841, 1, 0.8934132872218196, 0.22131733443235008, 0, 0.5670334376452806, 0.6905070684820614, 0.3436947841387525, 0, 0.4842269368064397, 1, 0.24288665370933957, 0.659853440618592, 1, 1, 0, 1, 0.2410650447542615, 0.42354027501751756, 0.36849351717057854, 0.18113551035985517, 0, 1, 0, 0, 0.15178819048762987, 0.05396858656398218, 0.04082539959795616, 0.8545916670533913, 0.43321717686828437, 0.32641961214979404, 0.1942469868957687, 0.6651680689161912, 0.19725584097210247, 0.23404446133628742, 0.24712426788487923, 0.5144219550610369, 0.20360170686824275, 0.6110553357599384, 0.5441706748674122, 0.2960741947423325, 1.1345644691943135, 0.3200264301291692, 0.4110506799464032, 0.6163784645928855, 0.3892098587105834, 0.2687472058268254, 0.41486967741235986, 0.48495806063182956, 4.773160599045052, 0.3110925248041542, 1.1507001203475875, 0.5164216575416974], BATTLES: 233-183-214-295-240-270-233-192-237-
66, 3, 2096, [0.4946687556394017, 0.6000347685948523, 0.35326311955341033, 1, 1, 1, 0.23522585584534866, 0, 0.5763148733367636, 0.7721978379965558, 0.4206095495898384, 0, 0.3770792739314572, 0.5309508909527225, 0.20587911748044785, 0.8568251275252624, 0, 1, 0.06689589320113508, 0.980338044987749, 0.07780608878364254, 0.2671984470562667, 0.3704544837921628, 0, 0, 0.8993467308500369, 0, 0, 0.2769669956688656, 0.049505285741671755, 0.03348462700471625, 1.2369560507241277, 0.24539349817154998, 0.32476870387422463, 0.19798398711038329, 0.826572965285798, 0.23099048227328858, 0.19059602818366117, 0.2983518450715481, 1.0133713885622404, 0.24244499543588863, 0.9309580413336576, 0.5493909972709765, 0.21027774535357738, 1.9498014684079739, 0.3621506708069617, 0.242178931262328, 0.6383587504250743, 0.35997216182011427, 0.14614547746550868, 0.6880269346829103, 0.7320461884762994, 5.70960722840283, 0.2973394818389023, 1.0591670040987973, 0.29278683451060117], BATTLES: 241-199-228-290-236-272-230-174-226-
66, 4, 2062, [1, 0.6044747638866406, 0.5134281980286922, 0, 1, 1, 0.29379973145557853, 0, 0.6875516966023933, 0.8857256686489946, 0, 0, 1, 0.5799408611984653, 0.004725236208979786, 1, 0, 0.6593393220063297, 0, 1, 0, 0.5249983142619576, 0.7305518636736934, 0, 0.0521036036559101, 1, 0.37753599050585634, 1, 0.21520097003456606, 0.04381393727564348, 0.0709952452300291, 3.376349906836219, 0.3517711291189972, 0.5912802668653543, 0.23105121444485016, 0.8653091383542891, 0.150974805142901, 0.2256872786101136, 0.28567248056327, 1.0105601251744611, 0.21434303819967254, 0.8156261831058352, 0.7573129276674435, 0.41331804128892463, 1.5503070351860233, 0.5114944808378609, 0.9405909825941311, 0.6524182521588215, 0.9599546179494536, 0.1871578141988583, 0.19787129653371358, 0.5123019522515574, 1.9923283789291089, 0.3397790318548444, 0.3239924989493803, 0.8944909658753605], BATTLES: 244-192-227-286-223-267-238-174-211-
66, 5, 2058, [0.53122538486, 0.6139756260233197, 0.4463257527618586, 0.2457973724770388, 1, 1, 0.4857438824531145, 0.014723412579762207, 1, 1, 0.580828990336229, 0.2053360117319231, 0.5360119083138996, 1, 0.21223563040556415, 0.49024100861275005, 0.5056672129507274, 0, 0, 1, 0.31691739943379854, 0.39638226780186725, 0.4861911201454135, 0, 0.4956623993155837, 0.8300238593942757, 0, 0, 0.0660084982706249, 0.036129443866200685, 0.0186898128092064, 0.8156906649975681, 1.742965079181816, 1.2265636000590099, 0.3202809190087392, 0.6320165492850868, 0.3230735915093142, 0.12606884346766825, 0.11976593571070537, 0.32808761783071566, 0.075380545552288, 0.16719557111572378, 1.0154273771841154, 0.46721348305912125, 1.263290858543074, 0.4739313655945242, 0.29347923136781223, 0.25179338326285094, 0.22405503419964917, 0.19740037785631662, 0.32127857949849464, 1.1064996444928379, 0.597267397045728, 0.30191964110302577, 0.32694160541707834, 0.5237754094107433], BATTLES: 239-184-238-275-243-252-232-167-228-
66, 6, 2041, [1, 0.6104177227306546, 0.6659662666157137, 0, 1, 1, 0.263354933296828, 0, 0.5819346937325094, 0.9683459853117784, 0.32714376630768727, 0, 0.6916294481481571, 1, 0.8619269718668465, 1, 0, 1, 0.09621629213482522, 0.9884815139270422, 0, 0.36251894205464896, 0.6223705523512464, 0, 0, 0.47163050796465966, 0.5082769683555303, 0, 0.22023467318925743, 0.04855152121747547, 0.06446601671161487, 2.3128149617960805, 0.3739296885355549, 0.5317630397077213, 0.16076313587259966, 1.1270986532863547, 0.1288491131986347, 0.17297767890566193, 0.3074785649562818, 0.7445679890093894, 0.15542867191493592, 1.0218666835326837, 0.7851066344530896, 0.3360055492389041, 2.14148948835792, 0.8104218959824325, 0.9476192940495167, 0.379437395747614, 1.0257171411169308, 0.13622925205258843, 0.34372954908943354, 0.28911918556446287, 4.115457819372814, 0.30187984609305235, 0.15359619507518893, 0.9658915504270176], BATTLES: 230-203-187-285-227-251-235-209-214-
66, 7, 2017, [1, 0.6789750311470124, 0.7188401703177482, 0, 0.965508630821868, 0.9557830211680034, 0, 0, 0.931852423933126, 0.9386038783242754, 0, 0, 0.28507429152323327, 1, 1, 0.5861801120993181, 0, 0, 0.10291129552123324, 1, 1, 0.41349017652200937, 0.8087505076365626, 0.21169270391989717, 0, 1, 0.45854935315339945, 0, 0.21178792666767587, 0.04099880001542793, 0.03775594146492935, 3.03161984792627, 0.1331213525340632, 0.34330798310273347, 0.2347606977672945, 0.3527265979856575, 0.11306656920014466, 0.17199045289001033, 0.6202334936534634, 1.5206144288277652, 0.8399881456126919, 0.9573760941246482, 1.2667503217066889, 0.4128036484513945, 1.4103027829219317, 0.4955419708868761, 0.3691412516950227, 1.3899139094772577, 1.7973817224476278, 0.10830497921676525, 0.14494678416400766, 0.2616653194756837, 1.5813787226914973, 0.45575221407676353, 0.33272127285504766, 0.603001395784564], BATTLES: 232-175-214-280-229-244-228-191-224-
66, 8, 2014, [0.454811893904422, 0.6637519600305491, 0.44140175095883605, 1, 0.8596063467137397, 0.9887304422279477, 0, 0, 0.7661511192688948, 1, 0.6962006433497696, 0, 0.5582662271005127, 0.948314674619618, 1, 1, 0.04151889109706053, 0.3785926554573499, 0, 1, 0.10692586457457631, 0.35428052064410065, 0.2202319074657176, 1, 0, 0.8720693560998789, 0, 0.5710089101135115, 0.08351964266474579, 0.04516967408289181, 0.018521888761979046, 0.7243407861681692, 0.8229205645557203, 0.4585483720560686, 0.2540360780136722, 0.8494832974426012, 0.39435681375539183, 0.1946134957965154, 0.16249197856768177, 0.2860999314229981, 0.05039157514460588, 0.3228883697678384, 0.9151125034864184, 0.4054881185726116, 1.7960340351773583, 0.43020265742826785, 0.20539493072654105, 0.5948070165795798, 0.3496678237685034, 0.19204749769854787, 0.22312047885972058, 0.7520297962622848, 1.2681167000923725, 0.24063209456157836, 0.416210467163915, 0.40697960358618507], BATTLES: 242-186-233-263-226-266-216-165-217-
66, 9, 1985, [0.4323486621634988, 0.6925303106172657, 0.36509939623122556, 0.038533950040060355, 1, 1, 0.14339887036978605, 0, 0.720411036097252, 0.7632466755292471, 0.7652128066218916, 1, 0.4300400288767778, 1, 0.1260670143150202, 0.17792797054972154, 0, 1, 0.16432203402069331, 1, 0.6056510921947988, 0.2508072230399696, 0.5463806136465679, 0.42596748545929053, 0, 0.9878118940857974, 0, 0, 0.1512489307864335, 0.027480035013055504, 0.06906898033184881, 0.32468552948926793, 1.5525048811025493, 0.32008175028772395, 0.1408776177334489, 1.017881699187475, 0.20606070457581757, 0.30899518517124896, 0.11824377609043023, 0.42237837939192063, 0.06510704008893148, 0.7222330556187875, 0.1576763303492654, 0.23133381783723564, 2.0118371584856023, 0.7172039572115262, 0.29168950688379996, 2.087890202518053, 0.26213121241271475, 0.09858889801738006, 0.6013827646507592, 0.5836249574487798, 2.7306027390378693, 0.12960728641175304, 0.6640440807402277, 0.37152218299378564], BATTLES: 244-166-218-299-218-255-202-154-229-
67, 0, 2247, [1, 0.656691011971283, 0.5885338587763717, 0, 1, 1, 0.38389980359807474, 0.0027912529026350367, 0.6331691196060095, 1, 0, 0, 0.6838667333700458, 1, 1, 1, 1, 1, 0, 1, 0.5885680991925052, 0.3862229818281938, 0.26165587737837825, 0, 0.39089899785731663, 0.34748961186359634, 0.12504381784025936, 0, 0.17054684652162155, 0.05331410466839053, 0.09580999715405827, 3.004063771147375, 0.47679598025575753, 0.745543480648171, 0.15490915527116933, 1.0861018632603985, 0.0832181873366845, 0.14600834535142818, 0.4999921157721643, 0.4808079396778812, 0.13401735381155155, 0.8083587426137384, 0.6963031272162197, 0.3619040941971171, 1.976328171012268, 1.1930933931588914, 1.465946787538234, 0.3165044433621946, 1.4495009951032778, 0.18373570100601622, 0.3143940949708822, 0.20907559696161182, 2.945954549975112, 0.35000507487863, 0.1753420630845171, 0.6972571418365948], BATTLES: 257-217-215-292-275-269-245-245-232-
67, 1, 2202, [0.53122538486, 0.6139756260233197, 0.4463257527618586, 0.2457973724770388, 1, 1, 0.4857438824531145, 0.014723412579762207, 1, 1, 0.580828990336229, 0.2053360117319231, 0.5360119083138996, 1, 0.21223563040556415, 0.49024100861275005, 0.5056672129507274, 0, 0, 1, 0.31691739943379854, 0.39638226780186725, 0.4861911201454135, 0, 0.4956623993155837, 0.8300238593942757, 0, 0, 0.0660084982706249, 0.036129443866200685, 0.0186898128092064, 0.8156906649975681, 1.742965079181816, 1.2265636000590099, 0.3202809190087392, 0.6320165492850868, 0.3230735915093142, 0.12606884346766825, 0.11976593571070537, 0.32808761783071566, 0.075380545552288, 0.16719557111572378, 1.0154273771841154, 0.46721348305912125, 1.263290858543074, 0.4739313655945242, 0.29347923136781223, 0.25179338326285094, 0.22405503419964917, 0.19740037785631662, 0.32127857949849464, 1.1064996444928379, 0.597267397045728, 0.30191964110302577, 0.32694160541707834, 0.5237754094107433], BATTLES: 247-216-234-282-269-293-228-195-238-
67, 2, 2192, [0.4946687556394017, 0.6000347685948523, 0.35326311955341033, 1, 1, 1, 0.23522585584534866, 0, 0.5763148733367636, 0.7721978379965558, 0.4206095495898384, 0, 0.3770792739314572, 0.5309508909527225, 0.20587911748044785, 0.8568251275252624, 0, 1, 0.06689589320113508, 0.980338044987749, 0.07780608878364254, 0.2671984470562667, 0.3704544837921628, 0, 0, 0.8993467308500369, 0, 0, 0.2769669956688656, 0.049505285741671755, 0.03348462700471625, 1.2369560507241277, 0.24539349817154998, 0.32476870387422463, 0.19798398711038329, 0.826572965285798, 0.23099048227328858, 0.19059602818366117, 0.2983518450715481, 1.0133713885622404, 0.24244499543588863, 0.9309580413336576, 0.5493909972709765, 0.21027774535357738, 1.9498014684079739, 0.3621506708069617, 0.242178931262328, 0.6383587504250743, 0.35997216182011427, 0.14614547746550868, 0.6880269346829103, 0.7320461884762994, 5.70960722840283, 0.2973394818389023, 1.0591670040987973, 0.29278683451060117], BATTLES: 233-211-234-293-267-300-223-199-232-
67, 3, 2183, [1, 0.6044747638866406, 0.5134281980286922, 0, 1, 1, 0.29379973145557853, 0, 0.6875516966023933, 0.8857256686489946, 0, 0, 1, 0.5799408611984653, 0.004725236208979786, 1, 0, 0.6593393220063297, 0, 1, 0, 0.5249983142619576, 0.7305518636736934, 0, 0.0521036036559101, 1, 0.37753599050585634, 1, 0.21520097003456606, 0.04381393727564348, 0.0709952452300291, 3.376349906836219, 0.3517711291189972, 0.5912802668653543, 0.23105121444485016, 0.8653091383542891, 0.150974805142901, 0.2256872786101136, 0.28567248056327, 1.0105601251744611, 0.21434303819967254, 0.8156261831058352, 0.7573129276674435, 0.41331804128892463, 1.5503070351860233, 0.5114944808378609, 0.9405909825941311, 0.6524182521588215, 0.9599546179494536, 0.1871578141988583, 0.19787129653371358, 0.5123019522515574, 1.9923283789291089, 0.3397790318548444, 0.3239924989493803, 0.8944909658753605], BATTLES: 247-211-241-275-244-275-250-208-232-
67, 4, 2177, [0.6661600806893845, 0.6548804977731264, 0.44541291268282696, 1, 1, 1, 0.5224677956675557, 0, 1, 0.9375809426357941, 0.6285266606346499, 0.02586707190037348, 0.613666867058501, 0.7061674241723894, 1, 0.7758925168999203, 0, 0.01338248801356029, 0.0718194308142926, 0.7170482593623267, 0.2293870563357871, 0.21818601428832757, 0.6315026374679612, 0.3241789526274611, 0, 0.6686782570830117, 0, 0, 0.09696414556074637, 0.0469257871972419, 0.014490390394296082, 0.5275869380200425, 1.4929595195780374, 0.8120230646368376, 0.27100614839065174, 0.4089590296413, 0.392790991936679, 0.14493794976343083, 0.13300041069767923, 0.3418093898472383, 0.06151885088569736, 0.2652425914938214, 0.650102670755429, 0.3394901841328553, 1.707495670446914, 0.33727934539617344, 0.1933090434060608, 0.4312714939383564, 0.3403222708373709, 0.19768526290629815, 0.2945727664648825, 1.076250202352981, 1.0006287469702213, 0.3139739757758152, 0.35078678926350093, 0.5472835228636417], BATTLES: 245-192-238-306-272-267-228-203-226-
67, 5, 2172, [0.454811893904422, 0.6637519600305491, 0.44140175095883605, 1, 0.8596063467137397, 0.9887304422279477, 0, 0, 0.7661511192688948, 1, 0.6962006433497696, 0, 0.5582662271005127, 0.948314674619618, 1, 1, 0.04151889109706053, 0.3785926554573499, 0, 1, 0.10692586457457631, 0.35428052064410065, 0.2202319074657176, 1, 0, 0.8720693560998789, 0, 0.5710089101135115, 0.08351964266474579, 0.04516967408289181, 0.018521888761979046, 0.7243407861681692, 0.8229205645557203, 0.4585483720560686, 0.2540360780136722, 0.8494832974426012, 0.39435681375539183, 0.1946134957965154, 0.16249197856768177, 0.2860999314229981, 0.05039157514460588, 0.3228883697678384, 0.9151125034864184, 0.4054881185726116, 1.7960340351773583, 0.43020265742826785, 0.20539493072654105, 0.5948070165795798, 0.3496678237685034, 0.19204749769854787, 0.22312047885972058, 0.7520297962622848, 1.2681167000923725, 0.24063209456157836, 0.416210467163915, 0.40697960358618507], BATTLES: 248-214-251-272-256-280-228-184-239-
67, 6, 2167, [0.5266133269879709, 0.6052290414988846, 0.3972162747027166, 0.5983392470572841, 1, 0.8934132872218196, 0.22131733443235008, 0, 0.5670334376452806, 0.6905070684820614, 0.3436947841387525, 0, 0.4842269368064397, 1, 0.24288665370933957, 0.659853440618592, 1, 1, 0, 1, 0.2410650447542615, 0.42354027501751756, 0.36849351717057854, 0.18113551035985517, 0, 1, 0, 0, 0.15178819048762987, 0.05396858656398218, 0.04082539959795616, 0.8545916670533913, 0.43321717686828437, 0.32641961214979404, 0.1942469868957687, 0.6651680689161912, 0.19725584097210247, 0.23404446133628742, 0.24712426788487923, 0.5144219550610369, 0.20360170686824275, 0.6110553357599384, 0.5441706748674122, 0.2960741947423325, 1.1345644691943135, 0.3200264301291692, 0.4110506799464032, 0.6163784645928855, 0.3892098587105834, 0.2687472058268254, 0.41486967741235986, 0.48495806063182956, 4.773160599045052, 0.3110925248041542, 1.1507001203475875, 0.5164216575416974], BATTLES: 258-190-216-291-263-272-239-200-238-
67, 7, 2164, [0.4323486621634988, 0.6925303106172657, 0.36509939623122556, 0.038533950040060355, 1, 1, 0.14339887036978605, 0, 0.720411036097252, 0.7632466755292471, 0.7652128066218916, 1, 0.4300400288767778, 1, 0.1260670143150202, 0.17792797054972154, 0, 1, 0.16432203402069331, 1, 0.6056510921947988, 0.2508072230399696, 0.5463806136465679, 0.42596748545929053, 0, 0.9878118940857974, 0, 0, 0.1512489307864335, 0.027480035013055504, 0.06906898033184881, 0.32468552948926793, 1.5525048811025493, 0.32008175028772395, 0.1408776177334489, 1.017881699187475, 0.20606070457581757, 0.30899518517124896, 0.11824377609043023, 0.42237837939192063, 0.06510704008893148, 0.7222330556187875, 0.1576763303492654, 0.23133381783723564, 2.0118371584856023, 0.7172039572115262, 0.29168950688379996, 2.087890202518053, 0.26213121241271475, 0.09858889801738006, 0.6013827646507592, 0.5836249574487798, 2.7306027390378693, 0.12960728641175304, 0.6640440807402277, 0.37152218299378564], BATTLES: 246-210-229-290-267-298-207-184-233-
67, 8, 2154, [1, 0.6104177227306546, 0.6659662666157137, 0, 1, 1, 0.263354933296828, 0, 0.5819346937325094, 0.9683459853117784, 0.32714376630768727, 0, 0.6916294481481571, 1, 0.8619269718668465, 1, 0, 1, 0.09621629213482522, 0.9884815139270422, 0, 0.36251894205464896, 0.6223705523512464, 0, 0, 0.47163050796465966, 0.5082769683555303, 0, 0.22023467318925743, 0.04855152121747547, 0.06446601671161487, 2.3128149617960805, 0.3739296885355549, 0.5317630397077213, 0.16076313587259966, 1.1270986532863547, 0.1288491131986347, 0.17297767890566193, 0.3074785649562818, 0.7445679890093894, 0.15542867191493592, 1.0218666835326837, 0.7851066344530896, 0.3360055492389041, 2.14148948835792, 0.8104218959824325, 0.9476192940495167, 0.379437395747614, 1.0257171411169308, 0.13622925205258843, 0.34372954908943354, 0.28911918556446287, 4.115457819372814, 0.30187984609305235, 0.15359619507518893, 0.9658915504270176], BATTLES: 249-221-213-283-254-258-233-212-231-
67, 9, 2110, [1, 0.630773104900941, 0.7085451678005715, 0, 1, 1, 0.04465926640635626, 0, 0.4500905318433979, 0.9485148070455025, 0, 0.6029495851243508, 0.8497254396851752, 1, 0.8242613632307805, 1, 0.8088349605129614, 1, 0.7479381014039413, 0.6893352850939373, 1, 0.31425014276239155, 0, 0.15924636215517507, 1, 0.37256282250371386, 0.4119392030488463, 0.3821768187124985, 0.16391259190311866, 0.02750097330883173, 0.06427574167527965, 2.4378731715356627, 0.37790293001245495, 0.5514416021124662, 0.1894985856330518, 0.9051648222576756, 0.1163899814731159, 0.23443686031136654, 0.3683459633434513, 0.6930050760886511, 0.26029952921124094, 1.4249693396020555, 0.8107006854491301, 0.5046536104928409, 1.421416238174205, 0.8595668482372913, 0.8162119918037052, 0.4509763355730429, 1.3829159481935602, 0.1661506539415204, 0.6791110647631846, 0.2232182648439866, 4.651894412108053, 0.3996163834643232, 0.15562282955050818, 0.6904779502582062], BATTLES: 232-200-202-254-212-263-255-231-261-
68, 0, 2375, [0.5266133269879709, 0.6052290414988846, 0.3972162747027166, 0.5983392470572841, 1, 0.8934132872218196, 0.22131733443235008, 0, 0.5670334376452806, 0.6905070684820614, 0.3436947841387525, 0, 0.4842269368064397, 1, 0.24288665370933957, 0.659853440618592, 1, 1, 0, 1, 0.2410650447542615, 0.42354027501751756, 0.36849351717057854, 0.18113551035985517, 0, 1, 0, 0, 0.15178819048762987, 0.05396858656398218, 0.04082539959795616, 0.8545916670533913, 0.43321717686828437, 0.32641961214979404, 0.1942469868957687, 0.6651680689161912, 0.19725584097210247, 0.23404446133628742, 0.24712426788487923, 0.5144219550610369, 0.20360170686824275, 0.6110553357599384, 0.5441706748674122, 0.2960741947423325, 1.1345644691943135, 0.3200264301291692, 0.4110506799464032, 0.6163784645928855, 0.3892098587105834, 0.2687472058268254, 0.41486967741235986, 0.48495806063182956, 4.773160599045052, 0.3110925248041542, 1.1507001203475875, 0.5164216575416974], BATTLES: 262-237-256-300-274-298-259-225-264-
68, 1, 2360, [0.4946687556394017, 0.6000347685948523, 0.35326311955341033, 1, 1, 1, 0.23522585584534866, 0, 0.5763148733367636, 0.7721978379965558, 0.4206095495898384, 0, 0.3770792739314572, 0.5309508909527225, 0.20587911748044785, 0.8568251275252624, 0, 1, 0.06689589320113508, 0.980338044987749, 0.07780608878364254, 0.2671984470562667, 0.3704544837921628, 0, 0, 0.8993467308500369, 0, 0, 0.2769669956688656, 0.049505285741671755, 0.03348462700471625, 1.2369560507241277, 0.24539349817154998, 0.32476870387422463, 0.19798398711038329, 0.826572965285798, 0.23099048227328858, 0.19059602818366117, 0.2983518450715481, 1.0133713885622404, 0.24244499543588863, 0.9309580413336576, 0.5493909972709765, 0.21027774535357738, 1.9498014684079739, 0.3621506708069617, 0.242178931262328, 0.6383587504250743, 0.35997216182011427, 0.14614547746550868, 0.6880269346829103, 0.7320461884762994, 5.70960722840283, 0.2973394818389023, 1.0591670040987973, 0.29278683451060117], BATTLES: 265-234-255-306-288-304-252-207-249-
68, 2, 2335, [1, 0.6104177227306546, 0.6659662666157137, 0, 1, 1, 0.263354933296828, 0, 0.5819346937325094, 0.9683459853117784, 0.32714376630768727, 0, 0.6916294481481571, 1, 0.8619269718668465, 1, 0, 1, 0.09621629213482522, 0.9884815139270422, 0, 0.36251894205464896, 0.6223705523512464, 0, 0, 0.47163050796465966, 0.5082769683555303, 0, 0.22023467318925743, 0.04855152121747547, 0.06446601671161487, 2.3128149617960805, 0.3739296885355549, 0.5317630397077213, 0.16076313587259966, 1.1270986532863547, 0.1288491131986347, 0.17297767890566193, 0.3074785649562818, 0.7445679890093894, 0.15542867191493592, 1.0218666835326837, 0.7851066344530896, 0.3360055492389041, 2.14148948835792, 0.8104218959824325, 0.9476192940495167, 0.379437395747614, 1.0257171411169308, 0.13622925205258843, 0.34372954908943354, 0.28911918556446287, 4.115457819372814, 0.30187984609305235, 0.15359619507518893, 0.9658915504270176], BATTLES: 276-237-231-297-268-280-265-230-251-
68, 3, 2322, [1, 0.6044747638866406, 0.5134281980286922, 0, 1, 1, 0.29379973145557853, 0, 0.6875516966023933, 0.8857256686489946, 0, 0, 1, 0.5799408611984653, 0.004725236208979786, 1, 0, 0.6593393220063297, 0, 1, 0, 0.5249983142619576, 0.7305518636736934, 0, 0.0521036036559101, 1, 0.37753599050585634, 1, 0.21520097003456606, 0.04381393727564348, 0.0709952452300291, 3.376349906836219, 0.3517711291189972, 0.5912802668653543, 0.23105121444485016, 0.8653091383542891, 0.150974805142901, 0.2256872786101136, 0.28567248056327, 1.0105601251744611, 0.21434303819967254, 0.8156261831058352, 0.7573129276674435, 0.41331804128892463, 1.5503070351860233, 0.5114944808378609, 0.9405909825941311, 0.6524182521588215, 0.9599546179494536, 0.1871578141988583, 0.19787129653371358, 0.5123019522515574, 1.9923283789291089, 0.3397790318548444, 0.3239924989493803, 0.8944909658753605], BATTLES: 256-230-245-297-262-287-263-234-248-
68, 4, 2320, [1, 0.656691011971283, 0.5885338587763717, 0, 1, 1, 0.38389980359807474, 0.0027912529026350367, 0.6331691196060095, 1, 0, 0, 0.6838667333700458, 1, 1, 1, 1, 1, 0, 1, 0.5885680991925052, 0.3862229818281938, 0.26165587737837825, 0, 0.39089899785731663, 0.34748961186359634, 0.12504381784025936, 0, 0.17054684652162155, 0.05331410466839053, 0.09580999715405827, 3.004063771147375, 0.47679598025575753, 0.745543480648171, 0.15490915527116933, 1.0861018632603985, 0.0832181873366845, 0.14600834535142818, 0.4999921157721643, 0.4808079396778812, 0.13401735381155155, 0.8083587426137384, 0.6963031272162197, 0.3619040941971171, 1.976328171012268, 1.1930933931588914, 1.465946787538234, 0.3165044433621946, 1.4495009951032778, 0.18373570100601622, 0.3143940949708822, 0.20907559696161182, 2.945954549975112, 0.35000507487863, 0.1753420630845171, 0.6972571418365948], BATTLES: 255-228-234-306-291-271-256-237-242-
68, 5, 2319, [0.4323486621634988, 0.6925303106172657, 0.36509939623122556, 0.038533950040060355, 1, 1, 0.14339887036978605, 0, 0.720411036097252, 0.7632466755292471, 0.7652128066218916, 1, 0.4300400288767778, 1, 0.1260670143150202, 0.17792797054972154, 0, 1, 0.16432203402069331, 1, 0.6056510921947988, 0.2508072230399696, 0.5463806136465679, 0.42596748545929053, 0, 0.9878118940857974, 0, 0, 0.1512489307864335, 0.027480035013055504, 0.06906898033184881, 0.32468552948926793, 1.5525048811025493, 0.32008175028772395, 0.1408776177334489, 1.017881699187475, 0.20606070457581757, 0.30899518517124896, 0.11824377609043023, 0.42237837939192063, 0.06510704008893148, 0.7222330556187875, 0.1576763303492654, 0.23133381783723564, 2.0118371584856023, 0.7172039572115262, 0.29168950688379996, 2.087890202518053, 0.26213121241271475, 0.09858889801738006, 0.6013827646507592, 0.5836249574487798, 2.7306027390378693, 0.12960728641175304, 0.6640440807402277, 0.37152218299378564], BATTLES: 261-206-253-287-285-307-243-219-258-
68, 6, 2315, [0.6661600806893845, 0.6548804977731264, 0.44541291268282696, 1, 1, 1, 0.5224677956675557, 0, 1, 0.9375809426357941, 0.6285266606346499, 0.02586707190037348, 0.613666867058501, 0.7061674241723894, 1, 0.7758925168999203, 0, 0.01338248801356029, 0.0718194308142926, 0.7170482593623267, 0.2293870563357871, 0.21818601428832757, 0.6315026374679612, 0.3241789526274611, 0, 0.6686782570830117, 0, 0, 0.09696414556074637, 0.0469257871972419, 0.014490390394296082, 0.5275869380200425, 1.4929595195780374, 0.8120230646368376, 0.27100614839065174, 0.4089590296413, 0.392790991936679, 0.14493794976343083, 0.13300041069767923, 0.3418093898472383, 0.06151885088569736, 0.2652425914938214, 0.650102670755429, 0.3394901841328553, 1.707495670446914, 0.33727934539617344, 0.1933090434060608, 0.4312714939383564, 0.3403222708373709, 0.19768526290629815, 0.2945727664648825, 1.076250202352981, 1.0006287469702213, 0.3139739757758152, 0.35078678926350093, 0.5472835228636417], BATTLES: 255-220-246-302-279-297-259-211-246-
68, 7, 2311, [0.53122538486, 0.6139756260233197, 0.4463257527618586, 0.2457973724770388, 1, 1, 0.4857438824531145, 0.014723412579762207, 1, 1, 0.580828990336229, 0.2053360117319231, 0.5360119083138996, 1, 0.21223563040556415, 0.49024100861275005, 0.5056672129507274, 0, 0, 1, 0.31691739943379854, 0.39638226780186725, 0.4861911201454135, 0, 0.4956623993155837, 0.8300238593942757, 0, 0, 0.0660084982706249, 0.036129443866200685, 0.0186898128092064, 0.8156906649975681, 1.742965079181816, 1.2265636000590099, 0.3202809190087392, 0.6320165492850868, 0.3230735915093142, 0.12606884346766825, 0.11976593571070537, 0.32808761783071566, 0.075380545552288, 0.16719557111572378, 1.0154273771841154, 0.46721348305912125, 1.263290858543074, 0.4739313655945242, 0.29347923136781223, 0.25179338326285094, 0.22405503419964917, 0.19740037785631662, 0.32127857949849464, 1.1064996444928379, 0.597267397045728, 0.30191964110302577, 0.32694160541707834, 0.5237754094107433], BATTLES: 268-219-249-296-282-294-236-219-248-
68, 8, 2300, [0.454811893904422, 0.6637519600305491, 0.44140175095883605, 1, 0.8596063467137397, 0.9887304422279477, 0, 0, 0.7661511192688948, 1, 0.6962006433497696, 0, 0.5582662271005127, 0.948314674619618, 1, 1, 0.04151889109706053, 0.3785926554573499, 0, 1, 0.10692586457457631, 0.35428052064410065, 0.2202319074657176, 1, 0, 0.8720693560998789, 0, 0.5710089101135115, 0.08351964266474579, 0.04516967408289181, 0.018521888761979046, 0.7243407861681692, 0.8229205645557203, 0.4585483720560686, 0.2540360780136722, 0.8494832974426012, 0.39435681375539183, 0.1946134957965154, 0.16249197856768177, 0.2860999314229981, 0.05039157514460588, 0.3228883697678384, 0.9151125034864184, 0.4054881185726116, 1.7960340351773583, 0.43020265742826785, 0.20539493072654105, 0.5948070165795798, 0.3496678237685034, 0.19204749769854787, 0.22312047885972058, 0.7520297962622848, 1.2681167000923725, 0.24063209456157836, 0.416210467163915, 0.40697960358618507], BATTLES: 265-211-265-290-266-292-249-211-251-
68, 9, 2294, [1, 0.630773104900941, 0.7085451678005715, 0, 1, 1, 0.04465926640635626, 0, 0.4500905318433979, 0.9485148070455025, 0, 0.6029495851243508, 0.8497254396851752, 1, 0.8242613632307805, 1, 0.8088349605129614, 1, 0.7479381014039413, 0.6893352850939373, 1, 0.31425014276239155, 0, 0.15924636215517507, 1, 0.37256282250371386, 0.4119392030488463, 0.3821768187124985, 0.16391259190311866, 0.02750097330883173, 0.06427574167527965, 2.4378731715356627, 0.37790293001245495, 0.5514416021124662, 0.1894985856330518, 0.9051648222576756, 0.1163899814731159, 0.23443686031136654, 0.3683459633434513, 0.6930050760886511, 0.26029952921124094, 1.4249693396020555, 0.8107006854491301, 0.5046536104928409, 1.421416238174205, 0.8595668482372913, 0.8162119918037052, 0.4509763355730429, 1.3829159481935602, 0.1661506539415204, 0.6791110647631846, 0.2232182648439866, 4.651894412108053, 0.3996163834643232, 0.15562282955050818, 0.6904779502582062], BATTLES: 250-223-258-286-231-264-274-257-251-
69, 0, 2279, [0.4946687556394017, 0.6000347685948523, 0.35326311955341033, 1, 1, 1, 0.23522585584534866, 0, 0.5763148733367636, 0.7721978379965558, 0.4206095495898384, 0, 0.3770792739314572, 0.5309508909527225, 0.20587911748044785, 0.8568251275252624, 0, 1, 0.06689589320113508, 0.980338044987749, 0.07780608878364254, 0.2671984470562667, 0.3704544837921628, 0, 0, 0.8993467308500369, 0, 0, 0.2769669956688656, 0.049505285741671755, 0.03348462700471625, 1.2369560507241277, 0.24539349817154998, 0.32476870387422463, 0.19798398711038329, 0.826572965285798, 0.23099048227328858, 0.19059602818366117, 0.2983518450715481, 1.0133713885622404, 0.24244499543588863, 0.9309580413336576, 0.5493909972709765, 0.21027774535357738, 1.9498014684079739, 0.3621506708069617, 0.242178931262328, 0.6383587504250743, 0.35997216182011427, 0.14614547746550868, 0.6880269346829103, 0.7320461884762994, 5.70960722840283, 0.2973394818389023, 1.0591670040987973, 0.29278683451060117], BATTLES: 248-209-249-304-269-297-246-220-237-
69, 1, 2271, [1, 0.656691011971283, 0.5885338587763717, 0, 1, 1, 0.38389980359807474, 0.0027912529026350367, 0.6331691196060095, 1, 0, 0, 0.6838667333700458, 1, 1, 1, 1, 1, 0, 1, 0.5885680991925052, 0.3862229818281938, 0.26165587737837825, 0, 0.39089899785731663, 0.34748961186359634, 0.12504381784025936, 0, 0.17054684652162155, 0.05331410466839053, 0.09580999715405827, 3.004063771147375, 0.47679598025575753, 0.745543480648171, 0.15490915527116933, 1.0861018632603985, 0.0832181873366845, 0.14600834535142818, 0.4999921157721643, 0.4808079396778812, 0.13401735381155155, 0.8083587426137384, 0.6963031272162197, 0.3619040941971171, 1.976328171012268, 1.1930933931588914, 1.465946787538234, 0.3165044433621946, 1.4495009951032778, 0.18373570100601622, 0.3143940949708822, 0.20907559696161182, 2.945954549975112, 0.35000507487863, 0.1753420630845171, 0.6972571418365948], BATTLES: 249-217-218-300-283-296-235-235-238-
69, 2, 2261, [0.454811893904422, 0.6637519600305491, 0.44140175095883605, 1, 0.8596063467137397, 0.9887304422279477, 0, 0, 0.7661511192688948, 1, 0.6962006433497696, 0, 0.5582662271005127, 0.948314674619618, 1, 1, 0.04151889109706053, 0.3785926554573499, 0, 1, 0.10692586457457631, 0.35428052064410065, 0.2202319074657176, 1, 0, 0.8720693560998789, 0, 0.5710089101135115, 0.08351964266474579, 0.04516967408289181, 0.018521888761979046, 0.7243407861681692, 0.8229205645557203, 0.4585483720560686, 0.2540360780136722, 0.8494832974426012, 0.39435681375539183, 0.1946134957965154, 0.16249197856768177, 0.2860999314229981, 0.05039157514460588, 0.3228883697678384, 0.9151125034864184, 0.4054881185726116, 1.7960340351773583, 0.43020265742826785, 0.20539493072654105, 0.5948070165795798, 0.3496678237685034, 0.19204749769854787, 0.22312047885972058, 0.7520297962622848, 1.2681167000923725, 0.24063209456157836, 0.416210467163915, 0.40697960358618507], BATTLES: 243-193-274-296-268-294-243-199-251-
69, 3, 2239, [0.6661600806893845, 0.6548804977731264, 0.44541291268282696, 1, 1, 1, 0.5224677956675557, 0, 1, 0.9375809426357941, 0.6285266606346499, 0.02586707190037348, 0.613666867058501, 0.7061674241723894, 1, 0.7758925168999203, 0, 0.01338248801356029, 0.0718194308142926, 0.7170482593623267, 0.2293870563357871, 0.21818601428832757, 0.6315026374679612, 0.3241789526274611, 0, 0.6686782570830117, 0, 0, 0.09696414556074637, 0.0469257871972419, 0.014490390394296082, 0.5275869380200425, 1.4929595195780374, 0.8120230646368376, 0.27100614839065174, 0.4089590296413, 0.392790991936679, 0.14493794976343083, 0.13300041069767923, 0.3418093898472383, 0.06151885088569736, 0.2652425914938214, 0.650102670755429, 0.3394901841328553, 1.707495670446914, 0.33727934539617344, 0.1933090434060608, 0.4312714939383564, 0.3403222708373709, 0.19768526290629815, 0.2945727664648825, 1.076250202352981, 1.0006287469702213, 0.3139739757758152, 0.35078678926350093, 0.5472835228636417], BATTLES: 244-194-244-308-264-285-254-206-240-
69, 4, 2227, [1, 0.6104177227306546, 0.6659662666157137, 0, 1, 1, 0.263354933296828, 0, 0.5819346937325094, 0.9683459853117784, 0.32714376630768727, 0, 0.6916294481481571, 1, 0.8619269718668465, 1, 0, 1, 0.09621629213482522, 0.9884815139270422, 0, 0.36251894205464896, 0.6223705523512464, 0, 0, 0.47163050796465966, 0.5082769683555303, 0, 0.22023467318925743, 0.04855152121747547, 0.06446601671161487, 2.3128149617960805, 0.3739296885355549, 0.5317630397077213, 0.16076313587259966, 1.1270986532863547, 0.1288491131986347, 0.17297767890566193, 0.3074785649562818, 0.7445679890093894, 0.15542867191493592, 1.0218666835326837, 0.7851066344530896, 0.3360055492389041, 2.14148948835792, 0.8104218959824325, 0.9476192940495167, 0.379437395747614, 1.0257171411169308, 0.13622925205258843, 0.34372954908943354, 0.28911918556446287, 4.115457819372814, 0.30187984609305235, 0.15359619507518893, 0.9658915504270176], BATTLES: 252-226-234-301-251-280-230-230-223-
69, 5, 2225, [0.53122538486, 0.6139756260233197, 0.4463257527618586, 0.2457973724770388, 1, 1, 0.4857438824531145, 0.014723412579762207, 1, 1, 0.580828990336229, 0.2053360117319231, 0.5360119083138996, 1, 0.21223563040556415, 0.49024100861275005, 0.5056672129507274, 0, 0, 1, 0.31691739943379854, 0.39638226780186725, 0.4861911201454135, 0, 0.4956623993155837, 0.8300238593942757, 0, 0, 0.0660084982706249, 0.036129443866200685, 0.0186898128092064, 0.8156906649975681, 1.742965079181816, 1.2265636000590099, 0.3202809190087392, 0.6320165492850868, 0.3230735915093142, 0.12606884346766825, 0.11976593571070537, 0.32808761783071566, 0.075380545552288, 0.16719557111572378, 1.0154273771841154, 0.46721348305912125, 1.263290858543074, 0.4739313655945242, 0.29347923136781223, 0.25179338326285094, 0.22405503419964917, 0.19740037785631662, 0.32127857949849464, 1.1064996444928379, 0.597267397045728, 0.30191964110302577, 0.32694160541707834, 0.5237754094107433], BATTLES: 267-206-250-299-262-279-221-199-242-
69, 6, 2222, [0.5266133269879709, 0.6052290414988846, 0.3972162747027166, 0.5983392470572841, 1, 0.8934132872218196, 0.22131733443235008, 0, 0.5670334376452806, 0.6905070684820614, 0.3436947841387525, 0, 0.4842269368064397, 1, 0.24288665370933957, 0.659853440618592, 1, 1, 0, 1, 0.2410650447542615, 0.42354027501751756, 0.36849351717057854, 0.18113551035985517, 0, 1, 0, 0, 0.15178819048762987, 0.05396858656398218, 0.04082539959795616, 0.8545916670533913, 0.43321717686828437, 0.32641961214979404, 0.1942469868957687, 0.6651680689161912, 0.19725584097210247, 0.23404446133628742, 0.24712426788487923, 0.5144219550610369, 0.20360170686824275, 0.6110553357599384, 0.5441706748674122, 0.2960741947423325, 1.1345644691943135, 0.3200264301291692, 0.4110506799464032, 0.6163784645928855, 0.3892098587105834, 0.2687472058268254, 0.41486967741235986, 0.48495806063182956, 4.773160599045052, 0.3110925248041542, 1.1507001203475875, 0.5164216575416974], BATTLES: 231-212-251-291-253-294-233-203-254-
69, 7, 2217, [0.4323486621634988, 0.6925303106172657, 0.36509939623122556, 0.038533950040060355, 1, 1, 0.14339887036978605, 0, 0.720411036097252, 0.7632466755292471, 0.7652128066218916, 1, 0.4300400288767778, 1, 0.1260670143150202, 0.17792797054972154, 0, 1, 0.16432203402069331, 1, 0.6056510921947988, 0.2508072230399696, 0.5463806136465679, 0.42596748545929053, 0, 0.9878118940857974, 0, 0, 0.1512489307864335, 0.027480035013055504, 0.06906898033184881, 0.32468552948926793, 1.5525048811025493, 0.32008175028772395, 0.1408776177334489, 1.017881699187475, 0.20606070457581757, 0.30899518517124896, 0.11824377609043023, 0.42237837939192063, 0.06510704008893148, 0.7222330556187875, 0.1576763303492654, 0.23133381783723564, 2.0118371584856023, 0.7172039572115262, 0.29168950688379996, 2.087890202518053, 0.26213121241271475, 0.09858889801738006, 0.6013827646507592, 0.5836249574487798, 2.7306027390378693, 0.12960728641175304, 0.6640440807402277, 0.37152218299378564], BATTLES: 259-211-244-290-265-291-227-185-245-
69, 8, 2213, [0.9378507505429319, 0.5838762207151562, 0.44737695197191896, 0, 1, 1, 0.13250679720947156, 0, 0.8211814264680204, 1, 0.3245318762991777, 0.13827643795496417, 0.6800517445681565, 0.387248717499183, 0.2520819225219475, 0.8159024897533563, 1, 0.923698864810811, 0, 1, 1, 0.369879721882048, 0.26542505472076217, 0, 0, 0.626308169543464, 0, 0, 0.11481686092496537, 0.05539602779626678, 0.2010320897168012, 2.7150108486038955, 0.3307311369755463, 1.2500213213749827, 0.20059831403207284, 0.9366498128485274, 0.07390220288101115, 0.13012458783736852, 0.34148252625857556, 0.4977863394727763, 0.08361123077209212, 1.1181314448768878, 0.5388368353871243, 0.3227308045186745, 1.9850476725408164, 0.48038736329516574, 1.1082362376436043, 0.2630255203316817, 1.682919931658242, 0.12773829621560234, 0.2221791777545127, 0.24289920376079452, 2.5981232839936275, 0.3828261958291933, 0.186401889916259, 0.5674933277994951], BATTLES: 234-198-242-286-260-287-248-228-230-
69, 9, 2211, [1, 0.6044747638866406, 0.5134281980286922, 0, 1, 1, 0.29379973145557853, 0, 0.6875516966023933, 0.8857256686489946, 0, 0, 1, 0.5799408611984653, 0.004725236208979786, 1, 0, 0.6593393220063297, 0, 1, 0, 0.5249983142619576, 0.7305518636736934, 0, 0.0521036036559101, 1, 0.37753599050585634, 1, 0.21520097003456606, 0.04381393727564348, 0.0709952452300291, 3.376349906836219, 0.3517711291189972, 0.5912802668653543, 0.23105121444485016, 0.8653091383542891, 0.150974805142901, 0.2256872786101136, 0.28567248056327, 1.0105601251744611, 0.21434303819967254, 0.8156261831058352, 0.7573129276674435, 0.41331804128892463, 1.5503070351860233, 0.5114944808378609, 0.9405909825941311, 0.6524182521588215, 0.9599546179494536, 0.1871578141988583, 0.19787129653371358, 0.5123019522515574, 1.9923283789291089, 0.3397790318548444, 0.3239924989493803, 0.8944909658753605], BATTLES: 236-215-263-286-252-286-251-195-227-
70, 0, 2258, [0.5266133269879709, 0.6052290414988846, 0.3972162747027166, 0.5983392470572841, 1, 0.8934132872218196, 0.22131733443235008, 0, 0.5670334376452806, 0.6905070684820614, 0.3436947841387525, 0, 0.4842269368064397, 1, 0.24288665370933957, 0.659853440618592, 1, 1, 0, 1, 0.2410650447542615, 0.42354027501751756, 0.36849351717057854, 0.18113551035985517, 0, 1, 0, 0, 0.15178819048762987, 0.05396858656398218, 0.04082539959795616, 0.8545916670533913, 0.43321717686828437, 0.32641961214979404, 0.1942469868957687, 0.6651680689161912, 0.19725584097210247, 0.23404446133628742, 0.24712426788487923, 0.5144219550610369, 0.20360170686824275, 0.6110553357599384, 0.5441706748674122, 0.2960741947423325, 1.1345644691943135, 0.3200264301291692, 0.4110506799464032, 0.6163784645928855, 0.3892098587105834, 0.2687472058268254, 0.41486967741235986, 0.48495806063182956, 4.773160599045052, 0.3110925248041542, 1.1507001203475875, 0.5164216575416974], BATTLES: 254-213-264-282-270-291-256-198-230-
70, 1, 2253, [0.4946687556394017, 0.6000347685948523, 0.35326311955341033, 1, 1, 1, 0.23522585584534866, 0, 0.5763148733367636, 0.7721978379965558, 0.4206095495898384, 0, 0.3770792739314572, 0.5309508909527225, 0.20587911748044785, 0.8568251275252624, 0, 1, 0.06689589320113508, 0.980338044987749, 0.07780608878364254, 0.2671984470562667, 0.3704544837921628, 0, 0, 0.8993467308500369, 0, 0, 0.2769669956688656, 0.049505285741671755, 0.03348462700471625, 1.2369560507241277, 0.24539349817154998, 0.32476870387422463, 0.19798398711038329, 0.826572965285798, 0.23099048227328858, 0.19059602818366117, 0.2983518450715481, 1.0133713885622404, 0.24244499543588863, 0.9309580413336576, 0.5493909972709765, 0.21027774535357738, 1.9498014684079739, 0.3621506708069617, 0.242178931262328, 0.6383587504250743, 0.35997216182011427, 0.14614547746550868, 0.6880269346829103, 0.7320461884762994, 5.70960722840283, 0.2973394818389023, 1.0591670040987973, 0.29278683451060117], BATTLES: 249-230-253-286-251-312-240-192-240-
70, 2, 2244, [0.6661600806893845, 0.6548804977731264, 0.44541291268282696, 1, 1, 1, 0.5224677956675557, 0, 1, 0.9375809426357941, 0.6285266606346499, 0.02586707190037348, 0.613666867058501, 0.7061674241723894, 1, 0.7758925168999203, 0, 0.01338248801356029, 0.0718194308142926, 0.7170482593623267, 0.2293870563357871, 0.21818601428832757, 0.6315026374679612, 0.3241789526274611, 0, 0.6686782570830117, 0, 0, 0.09696414556074637, 0.0469257871972419, 0.014490390394296082, 0.5275869380200425, 1.4929595195780374, 0.8120230646368376, 0.27100614839065174, 0.4089590296413, 0.392790991936679, 0.14493794976343083, 0.13300041069767923, 0.3418093898472383, 0.06151885088569736, 0.2652425914938214, 0.650102670755429, 0.3394901841328553, 1.707495670446914, 0.33727934539617344, 0.1933090434060608, 0.4312714939383564, 0.3403222708373709, 0.19768526290629815, 0.2945727664648825, 1.076250202352981, 1.0006287469702213, 0.3139739757758152, 0.35078678926350093, 0.5472835228636417], BATTLES: 247-220-255-288-252-295-244-200-243-
70, 3, 2237, [1, 0.656691011971283, 0.5885338587763717, 0, 1, 1, 0.38389980359807474, 0.0027912529026350367, 0.6331691196060095, 1, 0, 0, 0.6838667333700458, 1, 1, 1, 1, 1, 0, 1, 0.5885680991925052, 0.3862229818281938, 0.26165587737837825, 0, 0.39089899785731663, 0.34748961186359634, 0.12504381784025936, 0, 0.17054684652162155, 0.05331410466839053, 0.09580999715405827, 3.004063771147375, 0.47679598025575753, 0.745543480648171, 0.15490915527116933, 1.0861018632603985, 0.0832181873366845, 0.14600834535142818, 0.4999921157721643, 0.4808079396778812, 0.13401735381155155, 0.8083587426137384, 0.6963031272162197, 0.3619040941971171, 1.976328171012268, 1.1930933931588914, 1.465946787538234, 0.3165044433621946, 1.4495009951032778, 0.18373570100601622, 0.3143940949708822, 0.20907559696161182, 2.945954549975112, 0.35000507487863, 0.1753420630845171, 0.6972571418365948], BATTLES: 250-218-233-293-266-283-238-219-237-
70, 4, 2228, [0.4323486621634988, 0.6925303106172657, 0.36509939623122556, 0.038533950040060355, 1, 1, 0.14339887036978605, 0, 0.720411036097252, 0.7632466755292471, 0.7652128066218916, 1, 0.4300400288767778, 1, 0.1260670143150202, 0.17792797054972154, 0, 1, 0.16432203402069331, 1, 0.6056510921947988, 0.2508072230399696, 0.5463806136465679, 0.42596748545929053, 0, 0.9878118940857974, 0, 0, 0.1512489307864335, 0.027480035013055504, 0.06906898033184881, 0.32468552948926793, 1.5525048811025493, 0.32008175028772395, 0.1408776177334489, 1.017881699187475, 0.20606070457581757, 0.30899518517124896, 0.11824377609043023, 0.42237837939192063, 0.06510704008893148, 0.7222330556187875, 0.1576763303492654, 0.23133381783723564, 2.0118371584856023, 0.7172039572115262, 0.29168950688379996, 2.087890202518053, 0.26213121241271475, 0.09858889801738006, 0.6013827646507592, 0.5836249574487798, 2.7306027390378693, 0.12960728641175304, 0.6640440807402277, 0.37152218299378564], BATTLES: 238-201-247-313-275-283-225-195-251-
70, 5, 2228, [0.9378507505429319, 0.5838762207151562, 0.44737695197191896, 0, 1, 1, 0.13250679720947156, 0, 0.8211814264680204, 1, 0.3245318762991777, 0.13827643795496417, 0.6800517445681565, 0.387248717499183, 0.2520819225219475, 0.8159024897533563, 1, 0.923698864810811, 0, 1, 1, 0.369879721882048, 0.26542505472076217, 0, 0, 0.626308169543464, 0, 0, 0.11481686092496537, 0.05539602779626678, 0.2010320897168012, 2.7150108486038955, 0.3307311369755463, 1.2500213213749827, 0.20059831403207284, 0.9366498128485274, 0.07390220288101115, 0.13012458783736852, 0.34148252625857556, 0.4977863394727763, 0.08361123077209212, 1.1181314448768878, 0.5388368353871243, 0.3227308045186745, 1.9850476725408164, 0.48038736329516574, 1.1082362376436043, 0.2630255203316817, 1.682919931658242, 0.12773829621560234, 0.2221791777545127, 0.24289920376079452, 2.5981232839936275, 0.3828261958291933, 0.186401889916259, 0.5674933277994951], BATTLES: 244-198-253-289-268-295-238-212-231-
70, 6, 2216, [1, 0.6104177227306546, 0.6659662666157137, 0, 1, 1, 0.263354933296828, 0, 0.5819346937325094, 0.9683459853117784, 0.32714376630768727, 0, 0.6916294481481571, 1, 0.8619269718668465, 1, 0, 1, 0.09621629213482522, 0.9884815139270422, 0, 0.36251894205464896, 0.6223705523512464, 0, 0, 0.47163050796465966, 0.5082769683555303, 0, 0.22023467318925743, 0.04855152121747547, 0.06446601671161487, 2.3128149617960805, 0.3739296885355549, 0.5317630397077213, 0.16076313587259966, 1.1270986532863547, 0.1288491131986347, 0.17297767890566193, 0.3074785649562818, 0.7445679890093894, 0.15542867191493592, 1.0218666835326837, 0.7851066344530896, 0.3360055492389041, 2.14148948835792, 0.8104218959824325, 0.9476192940495167, 0.379437395747614, 1.0257171411169308, 0.13622925205258843, 0.34372954908943354, 0.28911918556446287, 4.115457819372814, 0.30187984609305235, 0.15359619507518893, 0.9658915504270176], BATTLES: 245-223-230-295-233-289-233-235-233-
70, 7, 2192, [0.53122538486, 0.6139756260233197, 0.4463257527618586, 0.2457973724770388, 1, 1, 0.4857438824531145, 0.014723412579762207, 1, 1, 0.580828990336229, 0.2053360117319231, 0.5360119083138996, 1, 0.21223563040556415, 0.49024100861275005, 0.5056672129507274, 0, 0, 1, 0.31691739943379854, 0.39638226780186725, 0.4861911201454135, 0, 0.4956623993155837, 0.8300238593942757, 0, 0, 0.0660084982706249, 0.036129443866200685, 0.0186898128092064, 0.8156906649975681, 1.742965079181816, 1.2265636000590099, 0.3202809190087392, 0.6320165492850868, 0.3230735915093142, 0.12606884346766825, 0.11976593571070537, 0.32808761783071566, 0.075380545552288, 0.16719557111572378, 1.0154273771841154, 0.46721348305912125, 1.263290858543074, 0.4739313655945242, 0.29347923136781223, 0.25179338326285094, 0.22405503419964917, 0.19740037785631662, 0.32127857949849464, 1.1064996444928379, 0.597267397045728, 0.30191964110302577, 0.32694160541707834, 0.5237754094107433], BATTLES: 239-209-248-283-252-284-244-193-240-
70, 8, 2185, [1, 0.6044747638866406, 0.5134281980286922, 0, 1, 1, 0.29379973145557853, 0, 0.6875516966023933, 0.8857256686489946, 0, 0, 1, 0.5799408611984653, 0.004725236208979786, 1, 0, 0.6593393220063297, 0, 1, 0, 0.5249983142619576, 0.7305518636736934, 0, 0.0521036036559101, 1, 0.37753599050585634, 1, 0.21520097003456606, 0.04381393727564348, 0.0709952452300291, 3.376349906836219, 0.3517711291189972, 0.5912802668653543, 0.23105121444485016, 0.8653091383542891, 0.150974805142901, 0.2256872786101136, 0.28567248056327, 1.0105601251744611, 0.21434303819967254, 0.8156261831058352, 0.7573129276674435, 0.41331804128892463, 1.5503070351860233, 0.5114944808378609, 0.9405909825941311, 0.6524182521588215, 0.9599546179494536, 0.1871578141988583, 0.19787129653371358, 0.5123019522515574, 1.9923283789291089, 0.3397790318548444, 0.3239924989493803, 0.8944909658753605], BATTLES: 247-206-248-284-246-282-257-189-226-
70, 9, 2173, [0.2650671510907459, 0.6243236871946372, 0.35601887410584915, 0, 0.8347755978965992, 0.9456695671877866, 0.5015907775054944, 0, 0.5287303863298232, 1, 0.5098349343127797, 0, 0, 0.16780618656430146, 0.08037022529213622, 0.8270388232528115, 1, 0.7748098161906118, 0, 1, 0.3149825890355835, 0.3480055033513457, 0.23508098958473891, 0, 0, 0.9434997920494376, 0, 0.34529982754638167, 0.1632924985176818, 0.06688610730627147, 0.03326085826484207, 1.1967213211986472, 0.3241528507326496, 0.19780581114539283, 0.17825814241539414, 0.9308715788944063, 0.15358417607984973, 0.3124225041659582, 0.2654549522994613, 0.5106339536688549, 0.27685109074432723, 0.4216240946011841, 0.29713571024967256, 0.2685544128045677, 1.012587654756077, 0.26402394869784945, 0.5979511989801864, 0.6817179938088701, 0.32350450681391574, 0.17250481386820923, 0.6800957342825594, 0.6989339010972747, 7.571403555752454, 0.2872479379733756, 1.1266833152204396, 0.4346000167105381], BATTLES: 256-217-257-258-249-307-205-177-247-
71, 0, 2024, [0.6661600806893845, 0.6548804977731264, 0.44541291268282696, 1, 1, 1, 0.5224677956675557, 0, 1, 0.9375809426357941, 0.6285266606346499, 0.02586707190037348, 0.613666867058501, 0.7061674241723894, 1, 0.7758925168999203, 0, 0.01338248801356029, 0.0718194308142926, 0.7170482593623267, 0.2293870563357871, 0.21818601428832757, 0.6315026374679612, 0.3241789526274611, 0, 0.6686782570830117, 0, 0, 0.09696414556074637, 0.0469257871972419, 0.014490390394296082, 0.5275869380200425, 1.4929595195780374, 0.8120230646368376, 0.27100614839065174, 0.4089590296413, 0.392790991936679, 0.14493794976343083, 0.13300041069767923, 0.3418093898472383, 0.06151885088569736, 0.2652425914938214, 0.650102670755429, 0.3394901841328553, 1.707495670446914, 0.33727934539617344, 0.1933090434060608, 0.4312714939383564, 0.3403222708373709, 0.19768526290629815, 0.2945727664648825, 1.076250202352981, 1.0006287469702213, 0.3139739757758152, 0.35078678926350093, 0.5472835228636417], BATTLES: 217-182-222-274-244-265-217-200-203-
71, 1, 2022, [0.5266133269879709, 0.6052290414988846, 0.3972162747027166, 0.5983392470572841, 1, 0.8934132872218196, 0.22131733443235008, 0, 0.5670334376452806, 0.6905070684820614, 0.3436947841387525, 0, 0.4842269368064397, 1, 0.24288665370933957, 0.659853440618592, 1, 1, 0, 1, 0.2410650447542615, 0.42354027501751756, 0.36849351717057854, 0.18113551035985517, 0, 1, 0, 0, 0.15178819048762987, 0.05396858656398218, 0.04082539959795616, 0.8545916670533913, 0.43321717686828437, 0.32641961214979404, 0.1942469868957687, 0.6651680689161912, 0.19725584097210247, 0.23404446133628742, 0.24712426788487923, 0.5144219550610369, 0.20360170686824275, 0.6110553357599384, 0.5441706748674122, 0.2960741947423325, 1.1345644691943135, 0.3200264301291692, 0.4110506799464032, 0.6163784645928855, 0.3892098587105834, 0.2687472058268254, 0.41486967741235986, 0.48495806063182956, 4.773160599045052, 0.3110925248041542, 1.1507001203475875, 0.5164216575416974], BATTLES: 218-162-211-276-247-281-217-181-229-
71, 2, 2020, [1, 0.656691011971283, 0.5885338587763717, 0, 1, 1, 0.38389980359807474, 0.0027912529026350367, 0.6331691196060095, 1, 0, 0, 0.6838667333700458, 1, 1, 1, 1, 1, 0, 1, 0.5885680991925052, 0.3862229818281938, 0.26165587737837825, 0, 0.39089899785731663, 0.34748961186359634, 0.12504381784025936, 0, 0.17054684652162155, 0.05331410466839053, 0.09580999715405827, 3.004063771147375, 0.47679598025575753, 0.745543480648171, 0.15490915527116933, 1.0861018632603985, 0.0832181873366845, 0.14600834535142818, 0.4999921157721643, 0.4808079396778812, 0.13401735381155155, 0.8083587426137384, 0.6963031272162197, 0.3619040941971171, 1.976328171012268, 1.1930933931588914, 1.465946787538234, 0.3165044433621946, 1.4495009951032778, 0.18373570100601622, 0.3143940949708822, 0.20907559696161182, 2.945954549975112, 0.35000507487863, 0.1753420630845171, 0.6972571418365948], BATTLES: 228-173-199-282-252-250-208-218-210-
71, 3, 2007, [1, 0.6044747638866406, 0.5134281980286922, 0, 1, 1, 0.29379973145557853, 0, 0.6875516966023933, 0.8857256686489946, 0, 0, 1, 0.5799408611984653, 0.004725236208979786, 1, 0, 0.6593393220063297, 0, 1, 0, 0.5249983142619576, 0.7305518636736934, 0, 0.0521036036559101, 1, 0.37753599050585634, 1, 0.21520097003456606, 0.04381393727564348, 0.0709952452300291, 3.376349906836219, 0.3517711291189972, 0.5912802668653543, 0.23105121444485016, 0.8653091383542891, 0.150974805142901, 0.2256872786101136, 0.28567248056327, 1.0105601251744611, 0.21434303819967254, 0.8156261831058352, 0.7573129276674435, 0.41331804128892463, 1.5503070351860233, 0.5114944808378609, 0.9405909825941311, 0.6524182521588215, 0.9599546179494536, 0.1871578141988583, 0.19787129653371358, 0.5123019522515574, 1.9923283789291089, 0.3397790318548444, 0.3239924989493803, 0.8944909658753605], BATTLES: 223-185-214-266-240-254-228-184-213-
71, 4, 2004, [0.9378507505429319, 0.5838762207151562, 0.44737695197191896, 0, 1, 1, 0.13250679720947156, 0, 0.8211814264680204, 1, 0.3245318762991777, 0.13827643795496417, 0.6800517445681565, 0.387248717499183, 0.2520819225219475, 0.8159024897533563, 1, 0.923698864810811, 0, 1, 1, 0.369879721882048, 0.26542505472076217, 0, 0, 0.626308169543464, 0, 0, 0.11481686092496537, 0.05539602779626678, 0.2010320897168012, 2.7150108486038955, 0.3307311369755463, 1.2500213213749827, 0.20059831403207284, 0.9366498128485274, 0.07390220288101115, 0.13012458783736852, 0.34148252625857556, 0.4977863394727763, 0.08361123077209212, 1.1181314448768878, 0.5388368353871243, 0.3227308045186745, 1.9850476725408164, 0.48038736329516574, 1.1082362376436043, 0.2630255203316817, 1.682919931658242, 0.12773829621560234, 0.2221791777545127, 0.24289920376079452, 2.5981232839936275, 0.3828261958291933, 0.186401889916259, 0.5674933277994951], BATTLES: 205-188-199-272-235-273-205-207-220-
71, 5, 1981, [1, 0.6086745861745867, 0.4658414443643869, 0, 1, 1, 0.17088759190146935, 0, 0.5512928131750345, 0.6525672299895899, 0.030782277221750004, 0, 0.8439640852823301, 0, 0.093220285738933, 0.680772311963521, 0.6506971790479197, 1, 0, 1, 0.8812966786738367, 0.4328577029839771, 0.7949162087695415, 0.6895421791800409, 0, 1, 0.8991308933571942, 0.46270117594985893, 0.11432651934076608, 0.060269651616825085, 0.07009793316111312, 2.536647801898731, 0.41733083507239344, 0.5994189509248529, 0.27434270695850915, 1.0413993989411463, 0.16851624076990052, 0.20466342423042416, 0.23544228972097941, 1.044394312971989, 0.14870433065748262, 0.5314427488905838, 0.5006262267843243, 0.7587606578743634, 1.9977142252240971, 0.887609954208809, 1.251981477968065, 0.667674771314734, 0.8159056562698772, 0.17967863518012453, 0.21918486538483017, 0.6352502784396195, 1.6308837679471366, 0.4404515981095287, 0.35661884509482455, 0.7319349734021849], BATTLES: 241-181-212-273-205-233-240-193-203-
71, 6, 1977, [1, 0.6104177227306546, 0.6659662666157137, 0, 1, 1, 0.263354933296828, 0, 0.5819346937325094, 0.9683459853117784, 0.32714376630768727, 0, 0.6916294481481571, 1, 0.8619269718668465, 1, 0, 1, 0.09621629213482522, 0.9884815139270422, 0, 0.36251894205464896, 0.6223705523512464, 0, 0, 0.47163050796465966, 0.5082769683555303, 0, 0.22023467318925743, 0.04855152121747547, 0.06446601671161487, 2.3128149617960805, 0.3739296885355549, 0.5317630397077213, 0.16076313587259966, 1.1270986532863547, 0.1288491131986347, 0.17297767890566193, 0.3074785649562818, 0.7445679890093894, 0.15542867191493592, 1.0218666835326837, 0.7851066344530896, 0.3360055492389041, 2.14148948835792, 0.8104218959824325, 0.9476192940495167, 0.379437395747614, 1.0257171411169308, 0.13622925205258843, 0.34372954908943354, 0.28911918556446287, 4.115457819372814, 0.30187984609305235, 0.15359619507518893, 0.9658915504270176], BATTLES: 212-171-219-270-232-243-224-199-207-
71, 7, 1974, [0.4946687556394017, 0.6000347685948523, 0.35326311955341033, 1, 1, 1, 0.23522585584534866, 0, 0.5763148733367636, 0.7721978379965558, 0.4206095495898384, 0, 0.3770792739314572, 0.5309508909527225, 0.20587911748044785, 0.8568251275252624, 0, 1, 0.06689589320113508, 0.980338044987749, 0.07780608878364254, 0.2671984470562667, 0.3704544837921628, 0, 0, 0.8993467308500369, 0, 0, 0.2769669956688656, 0.049505285741671755, 0.03348462700471625, 1.2369560507241277, 0.24539349817154998, 0.32476870387422463, 0.19798398711038329, 0.826572965285798, 0.23099048227328858, 0.19059602818366117, 0.2983518450715481, 1.0133713885622404, 0.24244499543588863, 0.9309580413336576, 0.5493909972709765, 0.21027774535357738, 1.9498014684079739, 0.3621506708069617, 0.242178931262328, 0.6383587504250743, 0.35997216182011427, 0.14614547746550868, 0.6880269346829103, 0.7320461884762994, 5.70960722840283, 0.2973394818389023, 1.0591670040987973, 0.29278683451060117], BATTLES: 206-173-207-273-249-270-205-175-216-
71, 8, 1968, [0.53122538486, 0.6139756260233197, 0.4463257527618586, 0.2457973724770388, 1, 1, 0.4857438824531145, 0.014723412579762207, 1, 1, 0.580828990336229, 0.2053360117319231, 0.5360119083138996, 1, 0.21223563040556415, 0.49024100861275005, 0.5056672129507274, 0, 0, 1, 0.31691739943379854, 0.39638226780186725, 0.4861911201454135, 0, 0.4956623993155837, 0.8300238593942757, 0, 0, 0.0660084982706249, 0.036129443866200685, 0.0186898128092064, 0.8156906649975681, 1.742965079181816, 1.2265636000590099, 0.3202809190087392, 0.6320165492850868, 0.3230735915093142, 0.12606884346766825, 0.11976593571070537, 0.32808761783071566, 0.075380545552288, 0.16719557111572378, 1.0154273771841154, 0.46721348305912125, 1.263290858543074, 0.4739313655945242, 0.29347923136781223, 0.25179338326285094, 0.22405503419964917, 0.19740037785631662, 0.32127857949849464, 1.1064996444928379, 0.597267397045728, 0.30191964110302577, 0.32694160541707834, 0.5237754094107433], BATTLES: 209-172-204-273-250-266-210-174-210-
71, 9, 1932, [0.4323486621634988, 0.6925303106172657, 0.36509939623122556, 0.038533950040060355, 1, 1, 0.14339887036978605, 0, 0.720411036097252, 0.7632466755292471, 0.7652128066218916, 1, 0.4300400288767778, 1, 0.1260670143150202, 0.17792797054972154, 0, 1, 0.16432203402069331, 1, 0.6056510921947988, 0.2508072230399696, 0.5463806136465679, 0.42596748545929053, 0, 0.9878118940857974, 0, 0, 0.1512489307864335, 0.027480035013055504, 0.06906898033184881, 0.32468552948926793, 1.5525048811025493, 0.32008175028772395, 0.1408776177334489, 1.017881699187475, 0.20606070457581757, 0.30899518517124896, 0.11824377609043023, 0.42237837939192063, 0.06510704008893148, 0.7222330556187875, 0.1576763303492654, 0.23133381783723564, 2.0118371584856023, 0.7172039572115262, 0.29168950688379996, 2.087890202518053, 0.26213121241271475, 0.09858889801738006, 0.6013827646507592, 0.5836249574487798, 2.7306027390378693, 0.12960728641175304, 0.6640440807402277, 0.37152218299378564], BATTLES: 195-171-218-280-235-257-200-171-205-
72, 0, 2217, [0.4946687556394017, 0.6000347685948523, 0.35326311955341033, 1, 1, 1, 0.23522585584534866, 0, 0.5763148733367636, 0.7721978379965558, 0.4206095495898384, 0, 0.3770792739314572, 0.5309508909527225, 0.20587911748044785, 0.8568251275252624, 0, 1, 0.06689589320113508, 0.980338044987749, 0.07780608878364254, 0.2671984470562667, 0.3704544837921628, 0, 0, 0.8993467308500369, 0, 0, 0.2769669956688656, 0.049505285741671755, 0.03348462700471625, 1.2369560507241277, 0.24539349817154998, 0.32476870387422463, 0.19798398711038329, 0.826572965285798, 0.23099048227328858, 0.19059602818366117, 0.2983518450715481, 1.0133713885622404, 0.24244499543588863, 0.9309580413336576, 0.5493909972709765, 0.21027774535357738, 1.9498014684079739, 0.3621506708069617, 0.242178931262328, 0.6383587504250743, 0.35997216182011427, 0.14614547746550868, 0.6880269346829103, 0.7320461884762994, 5.70960722840283, 0.2973394818389023, 1.0591670040987973, 0.29278683451060117], BATTLES: 245-195-249-299-265-282-231-203-248-
72, 1, 2209, [0.6661600806893845, 0.6548804977731264, 0.44541291268282696, 1, 1, 1, 0.5224677956675557, 0, 1, 0.9375809426357941, 0.6285266606346499, 0.02586707190037348, 0.613666867058501, 0.7061674241723894, 1, 0.7758925168999203, 0, 0.01338248801356029, 0.0718194308142926, 0.7170482593623267, 0.2293870563357871, 0.21818601428832757, 0.6315026374679612, 0.3241789526274611, 0, 0.6686782570830117, 0, 0, 0.09696414556074637, 0.0469257871972419, 0.014490390394296082, 0.5275869380200425, 1.4929595195780374, 0.8120230646368376, 0.27100614839065174, 0.4089590296413, 0.392790991936679, 0.14493794976343083, 0.13300041069767923, 0.3418093898472383, 0.06151885088569736, 0.2652425914938214, 0.650102670755429, 0.3394901841328553, 1.707495670446914, 0.33727934539617344, 0.1933090434060608, 0.4312714939383564, 0.3403222708373709, 0.19768526290629815, 0.2945727664648825, 1.076250202352981, 1.0006287469702213, 0.3139739757758152, 0.35078678926350093, 0.5472835228636417], BATTLES: 233-206-242-311-252-288-235-200-242-
72, 2, 2209, [1, 0.656691011971283, 0.5885338587763717, 0, 1, 1, 0.38389980359807474, 0.0027912529026350367, 0.6331691196060095, 1, 0, 0, 0.6838667333700458, 1, 1, 1, 1, 1, 0, 1, 0.5885680991925052, 0.3862229818281938, 0.26165587737837825, 0, 0.39089899785731663, 0.34748961186359634, 0.12504381784025936, 0, 0.17054684652162155, 0.05331410466839053, 0.09580999715405827, 3.004063771147375, 0.47679598025575753, 0.745543480648171, 0.15490915527116933, 1.0861018632603985, 0.0832181873366845, 0.14600834535142818, 0.4999921157721643, 0.4808079396778812, 0.13401735381155155, 0.8083587426137384, 0.6963031272162197, 0.3619040941971171, 1.976328171012268, 1.1930933931588914, 1.465946787538234, 0.3165044433621946, 1.4495009951032778, 0.18373570100601622, 0.3143940949708822, 0.20907559696161182, 2.945954549975112, 0.35000507487863, 0.1753420630845171, 0.6972571418365948], BATTLES: 225-222-233-285-275-264-254-214-237-
72, 3, 2202, [0.9378507505429319, 0.5838762207151562, 0.44737695197191896, 0, 1, 1, 0.13250679720947156, 0, 0.8211814264680204, 1, 0.3245318762991777, 0.13827643795496417, 0.6800517445681565, 0.387248717499183, 0.2520819225219475, 0.8159024897533563, 1, 0.923698864810811, 0, 1, 1, 0.369879721882048, 0.26542505472076217, 0, 0, 0.626308169543464, 0, 0, 0.11481686092496537, 0.05539602779626678, 0.2010320897168012, 2.7150108486038955, 0.3307311369755463, 1.2500213213749827, 0.20059831403207284, 0.9366498128485274, 0.07390220288101115, 0.13012458783736852, 0.34148252625857556, 0.4977863394727763, 0.08361123077209212, 1.1181314448768878, 0.5388368353871243, 0.3227308045186745, 1.9850476725408164, 0.48038736329516574, 1.1082362376436043, 0.2630255203316817, 1.682919931658242, 0.12773829621560234, 0.2221791777545127, 0.24289920376079452, 2.5981232839936275, 0.3828261958291933, 0.186401889916259, 0.5674933277994951], BATTLES: 245-209-221-300-252-273-238-226-238-
72, 4, 2199, [1, 0.6044747638866406, 0.5134281980286922, 0, 1, 1, 0.29379973145557853, 0, 0.6875516966023933, 0.8857256686489946, 0, 0, 1, 0.5799408611984653, 0.004725236208979786, 1, 0, 0.6593393220063297, 0, 1, 0, 0.5249983142619576, 0.7305518636736934, 0, 0.0521036036559101, 1, 0.37753599050585634, 1, 0.21520097003456606, 0.04381393727564348, 0.0709952452300291, 3.376349906836219, 0.3517711291189972, 0.5912802668653543, 0.23105121444485016, 0.8653091383542891, 0.150974805142901, 0.2256872786101136, 0.28567248056327, 1.0105601251744611, 0.21434303819967254, 0.8156261831058352, 0.7573129276674435, 0.41331804128892463, 1.5503070351860233, 0.5114944808378609, 0.9405909825941311, 0.6524182521588215, 0.9599546179494536, 0.1871578141988583, 0.19787129653371358, 0.5123019522515574, 1.9923283789291089, 0.3397790318548444, 0.3239924989493803, 0.8944909658753605], BATTLES: 243-211-241-275-252-267-249-217-244-
72, 5, 2184, [1, 0.6104177227306546, 0.6659662666157137, 0, 1, 1, 0.263354933296828, 0, 0.5819346937325094, 0.9683459853117784, 0.32714376630768727, 0, 0.6916294481481571, 1, 0.8619269718668465, 1, 0, 1, 0.09621629213482522, 0.9884815139270422, 0, 0.36251894205464896, 0.6223705523512464, 0, 0, 0.47163050796465966, 0.5082769683555303, 0, 0.22023467318925743, 0.04855152121747547, 0.06446601671161487, 2.3128149617960805, 0.3739296885355549, 0.5317630397077213, 0.16076313587259966, 1.1270986532863547, 0.1288491131986347, 0.17297767890566193, 0.3074785649562818, 0.7445679890093894, 0.15542867191493592, 1.0218666835326837, 0.7851066344530896, 0.3360055492389041, 2.14148948835792, 0.8104218959824325, 0.9476192940495167, 0.379437395747614, 1.0257171411169308, 0.13622925205258843, 0.34372954908943354, 0.28911918556446287, 4.115457819372814, 0.30187984609305235, 0.15359619507518893, 0.9658915504270176], BATTLES: 243-198-234-284-242-268-244-236-235-
72, 6, 2178, [1, 0.6086745861745867, 0.4658414443643869, 0, 1, 1, 0.17088759190146935, 0, 0.5512928131750345, 0.6525672299895899, 0.030782277221750004, 0, 0.8439640852823301, 0, 0.093220285738933, 0.680772311963521, 0.6506971790479197, 1, 0, 1, 0.8812966786738367, 0.4328577029839771, 0.7949162087695415, 0.6895421791800409, 0, 1, 0.8991308933571942, 0.46270117594985893, 0.11432651934076608, 0.060269651616825085, 0.07009793316111312, 2.536647801898731, 0.41733083507239344, 0.5994189509248529, 0.27434270695850915, 1.0413993989411463, 0.16851624076990052, 0.20466342423042416, 0.23544228972097941, 1.044394312971989, 0.14870433065748262, 0.5314427488905838, 0.5006262267843243, 0.7587606578743634, 1.9977142252240971, 0.887609954208809, 1.251981477968065, 0.667674771314734, 0.8159056562698772, 0.17967863518012453, 0.21918486538483017, 0.6352502784396195, 1.6308837679471366, 0.4404515981095287, 0.35661884509482455, 0.7319349734021849], BATTLES: 268-213-230-284-228-275-244-215-221-
72, 7, 2174, [0.5266133269879709, 0.6052290414988846, 0.3972162747027166, 0.5983392470572841, 1, 0.8934132872218196, 0.22131733443235008, 0, 0.5670334376452806, 0.6905070684820614, 0.3436947841387525, 0, 0.4842269368064397, 1, 0.24288665370933957, 0.659853440618592, 1, 1, 0, 1, 0.2410650447542615, 0.42354027501751756, 0.36849351717057854, 0.18113551035985517, 0, 1, 0, 0, 0.15178819048762987, 0.05396858656398218, 0.04082539959795616, 0.8545916670533913, 0.43321717686828437, 0.32641961214979404, 0.1942469868957687, 0.6651680689161912, 0.19725584097210247, 0.23404446133628742, 0.24712426788487923, 0.5144219550610369, 0.20360170686824275, 0.6110553357599384, 0.5441706748674122, 0.2960741947423325, 1.1345644691943135, 0.3200264301291692, 0.4110506799464032, 0.6163784645928855, 0.3892098587105834, 0.2687472058268254, 0.41486967741235986, 0.48495806063182956, 4.773160599045052, 0.3110925248041542, 1.1507001203475875, 0.5164216575416974], BATTLES: 242-184-248-273-246-291-243-202-245-
72, 8, 2161, [0.53122538486, 0.6139756260233197, 0.4463257527618586, 0.2457973724770388, 1, 1, 0.4857438824531145, 0.014723412579762207, 1, 1, 0.580828990336229, 0.2053360117319231, 0.5360119083138996, 1, 0.21223563040556415, 0.49024100861275005, 0.5056672129507274, 0, 0, 1, 0.31691739943379854, 0.39638226780186725, 0.4861911201454135, 0, 0.4956623993155837, 0.8300238593942757, 0, 0, 0.0660084982706249, 0.036129443866200685, 0.0186898128092064, 0.8156906649975681, 1.742965079181816, 1.2265636000590099, 0.3202809190087392, 0.6320165492850868, 0.3230735915093142, 0.12606884346766825, 0.11976593571070537, 0.32808761783071566, 0.075380545552288, 0.16719557111572378, 1.0154273771841154, 0.46721348305912125, 1.263290858543074, 0.4739313655945242, 0.29347923136781223, 0.25179338326285094, 0.22405503419964917, 0.19740037785631662, 0.32127857949849464, 1.1064996444928379, 0.597267397045728, 0.30191964110302577, 0.32694160541707834, 0.5237754094107433], BATTLES: 241-196-241-281-254-266-241-188-253-
72, 9, 2148, [1, 0.5986790883470824, 0.469094653521458, 1, 1, 0.9627202255780543, 0.36889747490887237, 0, 0.38966463944560514, 1, 0, 0.5952245110086872, 1, 1, 0, 0.8932956508390877, 1, 0.34751502742998125, 0, 0.779687308545336, 0.2426635137397003, 0, 0.5441562255499284, 0.9525770924850392, 0, 1, 0.08831634289808327, 1, 0.2474733406139271, 0.04013064365894874, 0.04908503202981023, 3.2428490617630077, 0.3307045422511517, 0.36159267222661573, 0.12337156157272108, 1.4571394470477579, 0.11504189219812289, 0.23934842771245302, 0.2882900190038518, 0.89934681571878, 0.260598477709013, 1.3811271255510942, 0.5200505789625017, 0.3759637995890137, 1.9132138206491314, 0.33096040501264745, 2.211948107723836, 0.5480910487990927, 0.9563748272064098, 0.3049624355458769, 0.09334711616666296, 0.5164455541029624, 1.4713497909773043, 0.5029337917748717, 0.3922835574169792, 1.068311908594592], BATTLES: 261-212-226-284-245-265-233-209-213-
73, 0, 2323, [0.5266133269879709, 0.6052290414988846, 0.3972162747027166, 0.5983392470572841, 1, 0.8934132872218196, 0.22131733443235008, 0, 0.5670334376452806, 0.6905070684820614, 0.3436947841387525, 0, 0.4842269368064397, 1, 0.24288665370933957, 0.659853440618592, 1, 1, 0, 1, 0.2410650447542615, 0.42354027501751756, 0.36849351717057854, 0.18113551035985517, 0, 1, 0, 0, 0.15178819048762987, 0.05396858656398218, 0.04082539959795616, 0.8545916670533913, 0.43321717686828437, 0.32641961214979404, 0.1942469868957687, 0.6651680689161912, 0.19725584097210247, 0.23404446133628742, 0.24712426788487923, 0.5144219550610369, 0.20360170686824275, 0.6110553357599384, 0.5441706748674122, 0.2960741947423325, 1.1345644691943135, 0.3200264301291692, 0.4110506799464032, 0.6163784645928855, 0.3892098587105834, 0.2687472058268254, 0.41486967741235986, 0.48495806063182956, 4.773160599045052, 0.3110925248041542, 1.1507001203475875, 0.5164216575416974], BATTLES: 246-230-251-287-269-301-263-218-258-
73, 1, 2318, [0.4946687556394017, 0.6000347685948523, 0.35326311955341033, 1, 1, 1, 0.23522585584534866, 0, 0.5763148733367636, 0.7721978379965558, 0.4206095495898384, 0, 0.3770792739314572, 0.5309508909527225, 0.20587911748044785, 0.8568251275252624, 0, 1, 0.06689589320113508, 0.980338044987749, 0.07780608878364254, 0.2671984470562667, 0.3704544837921628, 0, 0, 0.8993467308500369, 0, 0, 0.2769669956688656, 0.049505285741671755, 0.03348462700471625, 1.2369560507241277, 0.24539349817154998, 0.32476870387422463, 0.19798398711038329, 0.826572965285798, 0.23099048227328858, 0.19059602818366117, 0.2983518450715481, 1.0133713885622404, 0.24244499543588863, 0.9309580413336576, 0.5493909972709765, 0.21027774535357738, 1.9498014684079739, 0.3621506708069617, 0.242178931262328, 0.6383587504250743, 0.35997216182011427, 0.14614547746550868, 0.6880269346829103, 0.7320461884762994, 5.70960722840283, 0.2973394818389023, 1.0591670040987973, 0.29278683451060117], BATTLES: 257-232-244-301-275-294-250-203-262-
73, 2, 2317, [0.53122538486, 0.6139756260233197, 0.4463257527618586, 0.2457973724770388, 1, 1, 0.4857438824531145, 0.014723412579762207, 1, 1, 0.580828990336229, 0.2053360117319231, 0.5360119083138996, 1, 0.21223563040556415, 0.49024100861275005, 0.5056672129507274, 0, 0, 1, 0.31691739943379854, 0.39638226780186725, 0.4861911201454135, 0, 0.4956623993155837, 0.8300238593942757, 0, 0, 0.0660084982706249, 0.036129443866200685, 0.0186898128092064, 0.8156906649975681, 1.742965079181816, 1.2265636000590099, 0.3202809190087392, 0.6320165492850868, 0.3230735915093142, 0.12606884346766825, 0.11976593571070537, 0.32808761783071566, 0.075380545552288, 0.16719557111572378, 1.0154273771841154, 0.46721348305912125, 1.263290858543074, 0.4739313655945242, 0.29347923136781223, 0.25179338326285094, 0.22405503419964917, 0.19740037785631662, 0.32127857949849464, 1.1064996444928379, 0.597267397045728, 0.30191964110302577, 0.32694160541707834, 0.5237754094107433], BATTLES: 260-232-257-284-270-298-236-215-265-
73, 3, 2307, [1, 0.656691011971283, 0.5885338587763717, 0, 1, 1, 0.38389980359807474, 0.0027912529026350367, 0.6331691196060095, 1, 0, 0, 0.6838667333700458, 1, 1, 1, 1, 1, 0, 1, 0.5885680991925052, 0.3862229818281938, 0.26165587737837825, 0, 0.39089899785731663, 0.34748961186359634, 0.12504381784025936, 0, 0.17054684652162155, 0.05331410466839053, 0.09580999715405827, 3.004063771147375, 0.47679598025575753, 0.745543480648171, 0.15490915527116933, 1.0861018632603985, 0.0832181873366845, 0.14600834535142818, 0.4999921157721643, 0.4808079396778812, 0.13401735381155155, 0.8083587426137384, 0.6963031272162197, 0.3619040941971171, 1.976328171012268, 1.1930933931588914, 1.465946787538234, 0.3165044433621946, 1.4495009951032778, 0.18373570100601622, 0.3143940949708822, 0.20907559696161182, 2.945954549975112, 0.35000507487863, 0.1753420630845171, 0.6972571418365948], BATTLES: 255-226-234-290-276-299-248-243-236-
73, 4, 2304, [1, 0.6044747638866406, 0.5134281980286922, 0, 1, 1, 0.29379973145557853, 0, 0.6875516966023933, 0.8857256686489946, 0, 0, 1, 0.5799408611984653, 0.004725236208979786, 1, 0, 0.6593393220063297, 0, 1, 0, 0.5249983142619576, 0.7305518636736934, 0, 0.0521036036559101, 1, 0.37753599050585634, 1, 0.21520097003456606, 0.04381393727564348, 0.0709952452300291, 3.376349906836219, 0.3517711291189972, 0.5912802668653543, 0.23105121444485016, 0.8653091383542891, 0.150974805142901, 0.2256872786101136, 0.28567248056327, 1.0105601251744611, 0.21434303819967254, 0.8156261831058352, 0.7573129276674435, 0.41331804128892463, 1.5503070351860233, 0.5114944808378609, 0.9405909825941311, 0.6524182521588215, 0.9599546179494536, 0.1871578141988583, 0.19787129653371358, 0.5123019522515574, 1.9923283789291089, 0.3397790318548444, 0.3239924989493803, 0.8944909658753605], BATTLES: 265-250-252-298-243-279-262-199-256-
73, 5, 2284, [1, 0.6104177227306546, 0.6659662666157137, 0, 1, 1, 0.263354933296828, 0, 0.5819346937325094, 0.9683459853117784, 0.32714376630768727, 0, 0.6916294481481571, 1, 0.8619269718668465, 1, 0, 1, 0.09621629213482522, 0.9884815139270422, 0, 0.36251894205464896, 0.6223705523512464, 0, 0, 0.47163050796465966, 0.5082769683555303, 0, 0.22023467318925743, 0.04855152121747547, 0.06446601671161487, 2.3128149617960805, 0.3739296885355549, 0.5317630397077213, 0.16076313587259966, 1.1270986532863547, 0.1288491131986347, 0.17297767890566193, 0.3074785649562818, 0.7445679890093894, 0.15542867191493592, 1.0218666835326837, 0.7851066344530896, 0.3360055492389041, 2.14148948835792, 0.8104218959824325, 0.9476192940495167, 0.379437395747614, 1.0257171411169308, 0.13622925205258843, 0.34372954908943354, 0.28911918556446287, 4.115457819372814, 0.30187984609305235, 0.15359619507518893, 0.9658915504270176], BATTLES: 267-236-231-293-258-276-259-223-241-
73, 6, 2282, [0.6661600806893845, 0.6548804977731264, 0.44541291268282696, 1, 1, 1, 0.5224677956675557, 0, 1, 0.9375809426357941, 0.6285266606346499, 0.02586707190037348, 0.613666867058501, 0.7061674241723894, 1, 0.7758925168999203, 0, 0.01338248801356029, 0.0718194308142926, 0.7170482593623267, 0.2293870563357871, 0.21818601428832757, 0.6315026374679612, 0.3241789526274611, 0, 0.6686782570830117, 0, 0, 0.09696414556074637, 0.0469257871972419, 0.014490390394296082, 0.5275869380200425, 1.4929595195780374, 0.8120230646368376, 0.27100614839065174, 0.4089590296413, 0.392790991936679, 0.14493794976343083, 0.13300041069767923, 0.3418093898472383, 0.06151885088569736, 0.2652425914938214, 0.650102670755429, 0.3394901841328553, 1.707495670446914, 0.33727934539617344, 0.1933090434060608, 0.4312714939383564, 0.3403222708373709, 0.19768526290629815, 0.2945727664648825, 1.076250202352981, 1.0006287469702213, 0.3139739757758152, 0.35078678926350093, 0.5472835228636417], BATTLES: 259-230-247-297-258-296-244-216-235-
73, 7, 2280, [0.9378507505429319, 0.5838762207151562, 0.44737695197191896, 0, 1, 1, 0.13250679720947156, 0, 0.8211814264680204, 1, 0.3245318762991777, 0.13827643795496417, 0.6800517445681565, 0.387248717499183, 0.2520819225219475, 0.8159024897533563, 1, 0.923698864810811, 0, 1, 1, 0.369879721882048, 0.26542505472076217, 0, 0, 0.626308169543464, 0, 0, 0.11481686092496537, 0.05539602779626678, 0.2010320897168012, 2.7150108486038955, 0.3307311369755463, 1.2500213213749827, 0.20059831403207284, 0.9366498128485274, 0.07390220288101115, 0.13012458783736852, 0.34148252625857556, 0.4977863394727763, 0.08361123077209212, 1.1181314448768878, 0.5388368353871243, 0.3227308045186745, 1.9850476725408164, 0.48038736329516574, 1.1082362376436043, 0.2630255203316817, 1.682919931658242, 0.12773829621560234, 0.2221791777545127, 0.24289920376079452, 2.5981232839936275, 0.3828261958291933, 0.186401889916259, 0.5674933277994951], BATTLES: 245-231-243-291-269-300-244-221-236-
73, 8, 2254, [1, 0.5994905190854074, 0.6432171351522271, 0.847132863355907, 1, 1, 0.08121505145777294, 0, 0.9493963750566012, 1, 0, 0.4862490145957718, 0.6206690187584606, 0.09786432407210666, 0.20549714588069845, 0.7862047983391656, 0, 0.6050376609465127, 0, 1, 0.4660078165392687, 0.3156227955694948, 0.8230894650653642, 0.8560947033043254, 0, 0.48267606372027283, 0.5346259811828615, 0.022013612403259417, 0.31695967734963665, 0.05084876971998585, 0.0489755175896032, 4.4574044126162145, 0.30170702049247994, 0.3248111529818288, 0.21803389738435866, 1.5762858005385123, 0.2762507843653515, 0.25424592937448914, 0.5344476927257006, 0.847729705587754, 0.1466078643078496, 0.8762784510787643, 1.3306941411927173, 0.3397169796957814, 2.2061295870149755, 0.4615440660928771, 1.4952080560281154, 0.5318519953348568, 1.4058437820693022, 0.1626150085582116, 0.45981728131086474, 0.27352754998663215, 2.8510483088433256, 0.31733717290844504, 0.05276135735896652, 0.9395891511467066], BATTLES: 252-238-212-279-275-288-248-224-238-
73, 9, 2230, [1, 0.5986790883470824, 0.469094653521458, 1, 1, 0.9627202255780543, 0.36889747490887237, 0, 0.38966463944560514, 1, 0, 0.5952245110086872, 1, 1, 0, 0.8932956508390877, 1, 0.34751502742998125, 0, 0.779687308545336, 0.2426635137397003, 0, 0.5441562255499284, 0.9525770924850392, 0, 1, 0.08831634289808327, 1, 0.2474733406139271, 0.04013064365894874, 0.04908503202981023, 3.2428490617630077, 0.3307045422511517, 0.36159267222661573, 0.12337156157272108, 1.4571394470477579, 0.11504189219812289, 0.23934842771245302, 0.2882900190038518, 0.89934681571878, 0.260598477709013, 1.3811271255510942, 0.5200505789625017, 0.3759637995890137, 1.9132138206491314, 0.33096040501264745, 2.211948107723836, 0.5480910487990927, 0.9563748272064098, 0.3049624355458769, 0.09334711616666296, 0.5164455541029624, 1.4713497909773043, 0.5029337917748717, 0.3922835574169792, 1.068311908594592], BATTLES: 249-226-245-300-242-276-267-201-224-
74, 0, 2289, [0.5266133269879709, 0.6052290414988846, 0.3972162747027166, 0.5983392470572841, 1, 0.8934132872218196, 0.22131733443235008, 0, 0.5670334376452806, 0.6905070684820614, 0.3436947841387525, 0, 0.4842269368064397, 1, 0.24288665370933957, 0.659853440618592, 1, 1, 0, 1, 0.2410650447542615, 0.42354027501751756, 0.36849351717057854, 0.18113551035985517, 0, 1, 0, 0, 0.15178819048762987, 0.05396858656398218, 0.04082539959795616, 0.8545916670533913, 0.43321717686828437, 0.32641961214979404, 0.1942469868957687, 0.6651680689161912, 0.19725584097210247, 0.23404446133628742, 0.24712426788487923, 0.5144219550610369, 0.20360170686824275, 0.6110553357599384, 0.5441706748674122, 0.2960741947423325, 1.1345644691943135, 0.3200264301291692, 0.4110506799464032, 0.6163784645928855, 0.3892098587105834, 0.2687472058268254, 0.41486967741235986, 0.48495806063182956, 4.773160599045052, 0.3110925248041542, 1.1507001203475875, 0.5164216575416974], BATTLES: 253-200-240-296-274-289-250-221-266-
74, 1, 2271, [1, 0.656691011971283, 0.5885338587763717, 0, 1, 1, 0.38389980359807474, 0.0027912529026350367, 0.6331691196060095, 1, 0, 0, 0.6838667333700458, 1, 1, 1, 1, 1, 0, 1, 0.5885680991925052, 0.3862229818281938, 0.26165587737837825, 0, 0.39089899785731663, 0.34748961186359634, 0.12504381784025936, 0, 0.17054684652162155, 0.05331410466839053, 0.09580999715405827, 3.004063771147375, 0.47679598025575753, 0.745543480648171, 0.15490915527116933, 1.0861018632603985, 0.0832181873366845, 0.14600834535142818, 0.4999921157721643, 0.4808079396778812, 0.13401735381155155, 0.8083587426137384, 0.6963031272162197, 0.3619040941971171, 1.976328171012268, 1.1930933931588914, 1.465946787538234, 0.3165044433621946, 1.4495009951032778, 0.18373570100601622, 0.3143940949708822, 0.20907559696161182, 2.945954549975112, 0.35000507487863, 0.1753420630845171, 0.6972571418365948], BATTLES: 243-222-234-306-270-290-241-230-235-
74, 2, 2265, [1, 0.6044747638866406, 0.5134281980286922, 0, 1, 1, 0.29379973145557853, 0, 0.6875516966023933, 0.8857256686489946, 0, 0, 1, 0.5799408611984653, 0.004725236208979786, 1, 0, 0.6593393220063297, 0, 1, 0, 0.5249983142619576, 0.7305518636736934, 0, 0.0521036036559101, 1, 0.37753599050585634, 1, 0.21520097003456606, 0.04381393727564348, 0.0709952452300291, 3.376349906836219, 0.3517711291189972, 0.5912802668653543, 0.23105121444485016, 0.8653091383542891, 0.150974805142901, 0.2256872786101136, 0.28567248056327, 1.0105601251744611, 0.21434303819967254, 0.8156261831058352, 0.7573129276674435, 0.41331804128892463, 1.5503070351860233, 0.5114944808378609, 0.9405909825941311, 0.6524182521588215, 0.9599546179494536, 0.1871578141988583, 0.19787129653371358, 0.5123019522515574, 1.9923283789291089, 0.3397790318548444, 0.3239924989493803, 0.8944909658753605], BATTLES: 262-217-248-281-260-278-262-214-243-
74, 3, 2257, [0.9378507505429319, 0.5838762207151562, 0.44737695197191896, 0, 1, 1, 0.13250679720947156, 0, 0.8211814264680204, 1, 0.3245318762991777, 0.13827643795496417, 0.6800517445681565, 0.387248717499183, 0.2520819225219475, 0.8159024897533563, 1, 0.923698864810811, 0, 1, 1, 0.369879721882048, 0.26542505472076217, 0, 0, 0.626308169543464, 0, 0, 0.11481686092496537, 0.05539602779626678, 0.2010320897168012, 2.7150108486038955, 0.3307311369755463, 1.2500213213749827, 0.20059831403207284, 0.9366498128485274, 0.07390220288101115, 0.13012458783736852, 0.34148252625857556, 0.4977863394727763, 0.08361123077209212, 1.1181314448768878, 0.5388368353871243, 0.3227308045186745, 1.9850476725408164, 0.48038736329516574, 1.1082362376436043, 0.2630255203316817, 1.682919931658242, 0.12773829621560234, 0.2221791777545127, 0.24289920376079452, 2.5981232839936275, 0.3828261958291933, 0.186401889916259, 0.5674933277994951], BATTLES: 257-210-234-283-266-285-240-227-255-
74, 4, 2248, [0.6661600806893845, 0.6548804977731264, 0.44541291268282696, 1, 1, 1, 0.5224677956675557, 0, 1, 0.9375809426357941, 0.6285266606346499, 0.02586707190037348, 0.613666867058501, 0.7061674241723894, 1, 0.7758925168999203, 0, 0.01338248801356029, 0.0718194308142926, 0.7170482593623267, 0.2293870563357871, 0.21818601428832757, 0.6315026374679612, 0.3241789526274611, 0, 0.6686782570830117, 0, 0, 0.09696414556074637, 0.0469257871972419, 0.014490390394296082, 0.5275869380200425, 1.4929595195780374, 0.8120230646368376, 0.27100614839065174, 0.4089590296413, 0.392790991936679, 0.14493794976343083, 0.13300041069767923, 0.3418093898472383, 0.06151885088569736, 0.2652425914938214, 0.650102670755429, 0.3394901841328553, 1.707495670446914, 0.33727934539617344, 0.1933090434060608, 0.4312714939383564, 0.3403222708373709, 0.19768526290629815, 0.2945727664648825, 1.076250202352981, 1.0006287469702213, 0.3139739757758152, 0.35078678926350093, 0.5472835228636417], BATTLES: 255-208-255-294-258-278-254-215-231-
74, 5, 2235, [0.53122538486, 0.6139756260233197, 0.4463257527618586, 0.2457973724770388, 1, 1, 0.4857438824531145, 0.014723412579762207, 1, 1, 0.580828990336229, 0.2053360117319231, 0.5360119083138996, 1, 0.21223563040556415, 0.49024100861275005, 0.5056672129507274, 0, 0, 1, 0.31691739943379854, 0.39638226780186725, 0.4861911201454135, 0, 0.4956623993155837, 0.8300238593942757, 0, 0, 0.0660084982706249, 0.036129443866200685, 0.0186898128092064, 0.8156906649975681, 1.742965079181816, 1.2265636000590099, 0.3202809190087392, 0.6320165492850868, 0.3230735915093142, 0.12606884346766825, 0.11976593571070537, 0.32808761783071566, 0.075380545552288, 0.16719557111572378, 1.0154273771841154, 0.46721348305912125, 1.263290858543074, 0.4739313655945242, 0.29347923136781223, 0.25179338326285094, 0.22405503419964917, 0.19740037785631662, 0.32127857949849464, 1.1064996444928379, 0.597267397045728, 0.30191964110302577, 0.32694160541707834, 0.5237754094107433], BATTLES: 235-216-238-284-273-297-232-197-263-
74, 6, 2232, [1, 0.6104177227306546, 0.6659662666157137, 0, 1, 1, 0.263354933296828, 0, 0.5819346937325094, 0.9683459853117784, 0.32714376630768727, 0, 0.6916294481481571, 1, 0.8619269718668465, 1, 0, 1, 0.09621629213482522, 0.9884815139270422, 0, 0.36251894205464896, 0.6223705523512464, 0, 0, 0.47163050796465966, 0.5082769683555303, 0, 0.22023467318925743, 0.04855152121747547, 0.06446601671161487, 2.3128149617960805, 0.3739296885355549, 0.5317630397077213, 0.16076313587259966, 1.1270986532863547, 0.1288491131986347, 0.17297767890566193, 0.3074785649562818, 0.7445679890093894, 0.15542867191493592, 1.0218666835326837, 0.7851066344530896, 0.3360055492389041, 2.14148948835792, 0.8104218959824325, 0.9476192940495167, 0.379437395747614, 1.0257171411169308, 0.13622925205258843, 0.34372954908943354, 0.28911918556446287, 4.115457819372814, 0.30187984609305235, 0.15359619507518893, 0.9658915504270176], BATTLES: 263-206-232-299-248-279-261-222-222-
74, 7, 2229, [1, 0.5994905190854074, 0.6432171351522271, 0.847132863355907, 1, 1, 0.08121505145777294, 0, 0.9493963750566012, 1, 0, 0.4862490145957718, 0.6206690187584606, 0.09786432407210666, 0.20549714588069845, 0.7862047983391656, 0, 0.6050376609465127, 0, 1, 0.4660078165392687, 0.3156227955694948, 0.8230894650653642, 0.8560947033043254, 0, 0.48267606372027283, 0.5346259811828615, 0.022013612403259417, 0.31695967734963665, 0.05084876971998585, 0.0489755175896032, 4.4574044126162145, 0.30170702049247994, 0.3248111529818288, 0.21803389738435866, 1.5762858005385123, 0.2762507843653515, 0.25424592937448914, 0.5344476927257006, 0.847729705587754, 0.1466078643078496, 0.8762784510787643, 1.3306941411927173, 0.3397169796957814, 2.2061295870149755, 0.4615440660928771, 1.4952080560281154, 0.5318519953348568, 1.4058437820693022, 0.1626150085582116, 0.45981728131086474, 0.27352754998663215, 2.8510483088433256, 0.31733717290844504, 0.05276135735896652, 0.9395891511467066], BATTLES: 242-208-250-285-256-272-232-221-263-
74, 8, 2220, [0.4946687556394017, 0.6000347685948523, 0.35326311955341033, 1, 1, 1, 0.23522585584534866, 0, 0.5763148733367636, 0.7721978379965558, 0.4206095495898384, 0, 0.3770792739314572, 0.5309508909527225, 0.20587911748044785, 0.8568251275252624, 0, 1, 0.06689589320113508, 0.980338044987749, 0.07780608878364254, 0.2671984470562667, 0.3704544837921628, 0, 0, 0.8993467308500369, 0, 0, 0.2769669956688656, 0.049505285741671755, 0.03348462700471625, 1.2369560507241277, 0.24539349817154998, 0.32476870387422463, 0.19798398711038329, 0.826572965285798, 0.23099048227328858, 0.19059602818366117, 0.2983518450715481, 1.0133713885622404, 0.24244499543588863, 0.9309580413336576, 0.5493909972709765, 0.21027774535357738, 1.9498014684079739, 0.3621506708069617, 0.242178931262328, 0.6383587504250743, 0.35997216182011427, 0.14614547746550868, 0.6880269346829103, 0.7320461884762994, 5.70960722840283, 0.2973394818389023, 1.0591670040987973, 0.29278683451060117], BATTLES: 240-194-232-287-269-295-240-213-250-
74, 9, 2139, [1, 0.5986790883470824, 0.469094653521458, 1, 1, 0.9627202255780543, 0.36889747490887237, 0, 0.38966463944560514, 1, 0, 0.5952245110086872, 1, 1, 0, 0.8932956508390877, 1, 0.34751502742998125, 0, 0.779687308545336, 0.2426635137397003, 0, 0.5441562255499284, 0.9525770924850392, 0, 1, 0.08831634289808327, 1, 0.2474733406139271, 0.04013064365894874, 0.04908503202981023, 3.2428490617630077, 0.3307045422511517, 0.36159267222661573, 0.12337156157272108, 1.4571394470477579, 0.11504189219812289, 0.23934842771245302, 0.2882900190038518, 0.89934681571878, 0.260598477709013, 1.3811271255510942, 0.5200505789625017, 0.3759637995890137, 1.9132138206491314, 0.33096040501264745, 2.211948107723836, 0.5480910487990927, 0.9563748272064098, 0.3049624355458769, 0.09334711616666296, 0.5164455541029624, 1.4713497909773043, 0.5029337917748717, 0.3922835574169792, 1.068311908594592], BATTLES: 261-221-228-284-240-253-245-187-220-
75, 0, 2237, [1, 0.656691011971283, 0.5885338587763717, 0, 1, 1, 0.38389980359807474, 0.0027912529026350367, 0.6331691196060095, 1, 0, 0, 0.6838667333700458, 1, 1, 1, 1, 1, 0, 1, 0.5885680991925052, 0.3862229818281938, 0.26165587737837825, 0, 0.39089899785731663, 0.34748961186359634, 0.12504381784025936, 0, 0.17054684652162155, 0.05331410466839053, 0.09580999715405827, 3.004063771147375, 0.47679598025575753, 0.745543480648171, 0.15490915527116933, 1.0861018632603985, 0.0832181873366845, 0.14600834535142818, 0.4999921157721643, 0.4808079396778812, 0.13401735381155155, 0.8083587426137384, 0.6963031272162197, 0.3619040941971171, 1.976328171012268, 1.1930933931588914, 1.465946787538234, 0.3165044433621946, 1.4495009951032778, 0.18373570100601622, 0.3143940949708822, 0.20907559696161182, 2.945954549975112, 0.35000507487863, 0.1753420630845171, 0.6972571418365948], BATTLES: 235-205-231-307-280-262-251-226-240-
75, 1, 2211, [0.9378507505429319, 0.5838762207151562, 0.44737695197191896, 0, 1, 1, 0.13250679720947156, 0, 0.8211814264680204, 1, 0.3245318762991777, 0.13827643795496417, 0.6800517445681565, 0.387248717499183, 0.2520819225219475, 0.8159024897533563, 1, 0.923698864810811, 0, 1, 1, 0.369879721882048, 0.26542505472076217, 0, 0, 0.626308169543464, 0, 0, 0.11481686092496537, 0.05539602779626678, 0.2010320897168012, 2.7150108486038955, 0.3307311369755463, 1.2500213213749827, 0.20059831403207284, 0.9366498128485274, 0.07390220288101115, 0.13012458783736852, 0.34148252625857556, 0.4977863394727763, 0.08361123077209212, 1.1181314448768878, 0.5388368353871243, 0.3227308045186745, 1.9850476725408164, 0.48038736329516574, 1.1082362376436043, 0.2630255203316817, 1.682919931658242, 0.12773829621560234, 0.2221791777545127, 0.24289920376079452, 2.5981232839936275, 0.3828261958291933, 0.186401889916259, 0.5674933277994951], BATTLES: 237-202-217-295-248-302-237-230-243-
75, 2, 2201, [0.53122538486, 0.6139756260233197, 0.4463257527618586, 0.2457973724770388, 1, 1, 0.4857438824531145, 0.014723412579762207, 1, 1, 0.580828990336229, 0.2053360117319231, 0.5360119083138996, 1, 0.21223563040556415, 0.49024100861275005, 0.5056672129507274, 0, 0, 1, 0.31691739943379854, 0.39638226780186725, 0.4861911201454135, 0, 0.4956623993155837, 0.8300238593942757, 0, 0, 0.0660084982706249, 0.036129443866200685, 0.0186898128092064, 0.8156906649975681, 1.742965079181816, 1.2265636000590099, 0.3202809190087392, 0.6320165492850868, 0.3230735915093142, 0.12606884346766825, 0.11976593571070537, 0.32808761783071566, 0.075380545552288, 0.16719557111572378, 1.0154273771841154, 0.46721348305912125, 1.263290858543074, 0.4739313655945242, 0.29347923136781223, 0.25179338326285094, 0.22405503419964917, 0.19740037785631662, 0.32127857949849464, 1.1064996444928379, 0.597267397045728, 0.30191964110302577, 0.32694160541707834, 0.5237754094107433], BATTLES: 236-201-251-276-239-287-241-210-260-
75, 3, 2193, [0.5266133269879709, 0.6052290414988846, 0.3972162747027166, 0.5983392470572841, 1, 0.8934132872218196, 0.22131733443235008, 0, 0.5670334376452806, 0.6905070684820614, 0.3436947841387525, 0, 0.4842269368064397, 1, 0.24288665370933957, 0.659853440618592, 1, 1, 0, 1, 0.2410650447542615, 0.42354027501751756, 0.36849351717057854, 0.18113551035985517, 0, 1, 0, 0, 0.15178819048762987, 0.05396858656398218, 0.04082539959795616, 0.8545916670533913, 0.43321717686828437, 0.32641961214979404, 0.1942469868957687, 0.6651680689161912, 0.19725584097210247, 0.23404446133628742, 0.24712426788487923, 0.5144219550610369, 0.20360170686824275, 0.6110553357599384, 0.5441706748674122, 0.2960741947423325, 1.1345644691943135, 0.3200264301291692, 0.4110506799464032, 0.6163784645928855, 0.3892098587105834, 0.2687472058268254, 0.41486967741235986, 0.48495806063182956, 4.773160599045052, 0.3110925248041542, 1.1507001203475875, 0.5164216575416974], BATTLES: 232-204-234-283-256-276-248-194-266-
75, 4, 2185, [0.4946687556394017, 0.6000347685948523, 0.35326311955341033, 1, 1, 1, 0.23522585584534866, 0, 0.5763148733367636, 0.7721978379965558, 0.4206095495898384, 0, 0.3770792739314572, 0.5309508909527225, 0.20587911748044785, 0.8568251275252624, 0, 1, 0.06689589320113508, 0.980338044987749, 0.07780608878364254, 0.2671984470562667, 0.3704544837921628, 0, 0, 0.8993467308500369, 0, 0, 0.2769669956688656, 0.049505285741671755, 0.03348462700471625, 1.2369560507241277, 0.24539349817154998, 0.32476870387422463, 0.19798398711038329, 0.826572965285798, 0.23099048227328858, 0.19059602818366117, 0.2983518450715481, 1.0133713885622404, 0.24244499543588863, 0.9309580413336576, 0.5493909972709765, 0.21027774535357738, 1.9498014684079739, 0.3621506708069617, 0.242178931262328, 0.6383587504250743, 0.35997216182011427, 0.14614547746550868, 0.6880269346829103, 0.7320461884762994, 5.70960722840283, 0.2973394818389023, 1.0591670040987973, 0.29278683451060117], BATTLES: 236-197-234-282-269-296-234-207-230-
75, 5, 2153, [1, 0.5897654680163945, 0.43524711000901933, 1, 0.6326117874363496, 1, 0.3780736946657454, 0, 0.4143223516866813, 1, 0.307954097724456, 0.5854488965337027, 1, 0, 0, 1, 1, 0.16382489736615083, 1, 1, 0.18646440269107406, 0.42123020930177774, 0.6750831082020771, 0.30201975768398315, 0, 1, 0, 0.7729712037047589, 0.44500554377961327, 0.03139403253337981, 0.043772290214854265, 4.063248320287599, 0.43634470194481123, 0.7972418499742864, 0.05917213765563266, 1.2697471716478625, 0.08009511668399939, 0.3468097346683791, 0.26979206507722864, 0.8184643235378116, 0.3257086027072582, 1.8890924975494046, 0.42991760344710933, 0.7203569723059283, 1.357683802249915, 0.4931158250990368, 1.8882799574899138, 0.7048544019635056, 0.6725884176228436, 0.3964943318833948, 0.0686085568394358, 0.6858578690188566, 2.103233046949941, 0.5347396157937437, 0.4011951879742254, 1.1150731562087182], BATTLES: 252-210-217-286-230-249-254-210-245-
75, 6, 2152, [1, 0.6044747638866406, 0.5134281980286922, 0, 1, 1, 0.29379973145557853, 0, 0.6875516966023933, 0.8857256686489946, 0, 0, 1, 0.5799408611984653, 0.004725236208979786, 1, 0, 0.6593393220063297, 0, 1, 0, 0.5249983142619576, 0.7305518636736934, 0, 0.0521036036559101, 1, 0.37753599050585634, 1, 0.21520097003456606, 0.04381393727564348, 0.0709952452300291, 3.376349906836219, 0.3517711291189972, 0.5912802668653543, 0.23105121444485016, 0.8653091383542891, 0.150974805142901, 0.2256872786101136, 0.28567248056327, 1.0105601251744611, 0.21434303819967254, 0.8156261831058352, 0.7573129276674435, 0.41331804128892463, 1.5503070351860233, 0.5114944808378609, 0.9405909825941311, 0.6524182521588215, 0.9599546179494536, 0.1871578141988583, 0.19787129653371358, 0.5123019522515574, 1.9923283789291089, 0.3397790318548444, 0.3239924989493803, 0.8944909658753605], BATTLES: 232-191-247-286-246-269-247-197-237-
75, 7, 2142, [1, 0.6104177227306546, 0.6659662666157137, 0, 1, 1, 0.263354933296828, 0, 0.5819346937325094, 0.9683459853117784, 0.32714376630768727, 0, 0.6916294481481571, 1, 0.8619269718668465, 1, 0, 1, 0.09621629213482522, 0.9884815139270422, 0, 0.36251894205464896, 0.6223705523512464, 0, 0, 0.47163050796465966, 0.5082769683555303, 0, 0.22023467318925743, 0.04855152121747547, 0.06446601671161487, 2.3128149617960805, 0.3739296885355549, 0.5317630397077213, 0.16076313587259966, 1.1270986532863547, 0.1288491131986347, 0.17297767890566193, 0.3074785649562818, 0.7445679890093894, 0.15542867191493592, 1.0218666835326837, 0.7851066344530896, 0.3360055492389041, 2.14148948835792, 0.8104218959824325, 0.9476192940495167, 0.379437395747614, 1.0257171411169308, 0.13622925205258843, 0.34372954908943354, 0.28911918556446287, 4.115457819372814, 0.30187984609305235, 0.15359619507518893, 0.9658915504270176], BATTLES: 235-204-219-273-235-267-244-225-240-
75, 8, 2134, [0.6661600806893845, 0.6548804977731264, 0.44541291268282696, 1, 1, 1, 0.5224677956675557, 0, 1, 0.9375809426357941, 0.6285266606346499, 0.02586707190037348, 0.613666867058501, 0.7061674241723894, 1, 0.7758925168999203, 0, 0.01338248801356029, 0.0718194308142926, 0.7170482593623267, 0.2293870563357871, 0.21818601428832757, 0.6315026374679612, 0.3241789526274611, 0, 0.6686782570830117, 0, 0, 0.09696414556074637, 0.0469257871972419, 0.014490390394296082, 0.5275869380200425, 1.4929595195780374, 0.8120230646368376, 0.27100614839065174, 0.4089590296413, 0.392790991936679, 0.14493794976343083, 0.13300041069767923, 0.3418093898472383, 0.06151885088569736, 0.2652425914938214, 0.650102670755429, 0.3394901841328553, 1.707495670446914, 0.33727934539617344, 0.1933090434060608, 0.4312714939383564, 0.3403222708373709, 0.19768526290629815, 0.2945727664648825, 1.076250202352981, 1.0006287469702213, 0.3139739757758152, 0.35078678926350093, 0.5472835228636417], BATTLES: 221-205-214-293-254-277-238-192-240-
75, 9, 2097, [1, 0.5994905190854074, 0.6432171351522271, 0.847132863355907, 1, 1, 0.08121505145777294, 0, 0.9493963750566012, 1, 0, 0.4862490145957718, 0.6206690187584606, 0.09786432407210666, 0.20549714588069845, 0.7862047983391656, 0, 0.6050376609465127, 0, 1, 0.4660078165392687, 0.3156227955694948, 0.8230894650653642, 0.8560947033043254, 0, 0.48267606372027283, 0.5346259811828615, 0.022013612403259417, 0.31695967734963665, 0.05084876971998585, 0.0489755175896032, 4.4574044126162145, 0.30170702049247994, 0.3248111529818288, 0.21803389738435866, 1.5762858005385123, 0.2762507843653515, 0.25424592937448914, 0.5344476927257006, 0.847729705587754, 0.1466078643078496, 0.8762784510787643, 1.3306941411927173, 0.3397169796957814, 2.2061295870149755, 0.4615440660928771, 1.4952080560281154, 0.5318519953348568, 1.4058437820693022, 0.1626150085582116, 0.45981728131086474, 0.27352754998663215, 2.8510483088433256, 0.31733717290844504, 0.05276135735896652, 0.9395891511467066], BATTLES: 239-185-231-285-237-254-217-217-232-
76, 0, 2035, [0.5266133269879709, 0.6052290414988846, 0.3972162747027166, 0.5983392470572841, 1, 0.8934132872218196, 0.22131733443235008, 0, 0.5670334376452806, 0.6905070684820614, 0.3436947841387525, 0, 0.4842269368064397, 1, 0.24288665370933957, 0.659853440618592, 1, 1, 0, 1, 0.2410650447542615, 0.42354027501751756, 0.36849351717057854, 0.18113551035985517, 0, 1, 0, 0, 0.15178819048762987, 0.05396858656398218, 0.04082539959795616, 0.8545916670533913, 0.43321717686828437, 0.32641961214979404, 0.1942469868957687, 0.6651680689161912, 0.19725584097210247, 0.23404446133628742, 0.24712426788487923, 0.5144219550610369, 0.20360170686824275, 0.6110553357599384, 0.5441706748674122, 0.2960741947423325, 1.1345644691943135, 0.3200264301291692, 0.4110506799464032, 0.6163784645928855, 0.3892098587105834, 0.2687472058268254, 0.41486967741235986, 0.48495806063182956, 4.773160599045052, 0.3110925248041542, 1.1507001203475875, 0.5164216575416974], BATTLES: 219-186-223-280-237-266-215-180-229-
76, 1, 2033, [0.6661600806893845, 0.6548804977731264, 0.44541291268282696, 1, 1, 1, 0.5224677956675557, 0, 1, 0.9375809426357941, 0.6285266606346499, 0.02586707190037348, 0.613666867058501, 0.7061674241723894, 1, 0.7758925168999203, 0, 0.01338248801356029, 0.0718194308142926, 0.7170482593623267, 0.2293870563357871, 0.21818601428832757, 0.6315026374679612, 0.3241789526274611, 0, 0.6686782570830117, 0, 0, 0.09696414556074637, 0.0469257871972419, 0.014490390394296082, 0.5275869380200425, 1.4929595195780374, 0.8120230646368376, 0.27100614839065174, 0.4089590296413, 0.392790991936679, 0.14493794976343083, 0.13300041069767923, 0.3418093898472383, 0.06151885088569736, 0.2652425914938214, 0.650102670755429, 0.3394901841328553, 1.707495670446914, 0.33727934539617344, 0.1933090434060608, 0.4312714939383564, 0.3403222708373709, 0.19768526290629815, 0.2945727664648825, 1.076250202352981, 1.0006287469702213, 0.3139739757758152, 0.35078678926350093, 0.5472835228636417], BATTLES: 210-179-225-292-233-273-219-186-216-
76, 2, 2023, [0.53122538486, 0.6139756260233197, 0.4463257527618586, 0.2457973724770388, 1, 1, 0.4857438824531145, 0.014723412579762207, 1, 1, 0.580828990336229, 0.2053360117319231, 0.5360119083138996, 1, 0.21223563040556415, 0.49024100861275005, 0.5056672129507274, 0, 0, 1, 0.31691739943379854, 0.39638226780186725, 0.4861911201454135, 0, 0.4956623993155837, 0.8300238593942757, 0, 0, 0.0660084982706249, 0.036129443866200685, 0.0186898128092064, 0.8156906649975681, 1.742965079181816, 1.2265636000590099, 0.3202809190087392, 0.6320165492850868, 0.3230735915093142, 0.12606884346766825, 0.11976593571070537, 0.32808761783071566, 0.075380545552288, 0.16719557111572378, 1.0154273771841154, 0.46721348305912125, 1.263290858543074, 0.4739313655945242, 0.29347923136781223, 0.25179338326285094, 0.22405503419964917, 0.19740037785631662, 0.32127857949849464, 1.1064996444928379, 0.597267397045728, 0.30191964110302577, 0.32694160541707834, 0.5237754094107433], BATTLES: 210-166-233-259-255-280-221-161-238-
76, 3, 2013, [1, 0.656691011971283, 0.5885338587763717, 0, 1, 1, 0.38389980359807474, 0.0027912529026350367, 0.6331691196060095, 1, 0, 0, 0.6838667333700458, 1, 1, 1, 1, 1, 0, 1, 0.5885680991925052, 0.3862229818281938, 0.26165587737837825, 0, 0.39089899785731663, 0.34748961186359634, 0.12504381784025936, 0, 0.17054684652162155, 0.05331410466839053, 0.09580999715405827, 3.004063771147375, 0.47679598025575753, 0.745543480648171, 0.15490915527116933, 1.0861018632603985, 0.0832181873366845, 0.14600834535142818, 0.4999921157721643, 0.4808079396778812, 0.13401735381155155, 0.8083587426137384, 0.6963031272162197, 0.3619040941971171, 1.976328171012268, 1.1930933931588914, 1.465946787538234, 0.3165044433621946, 1.4495009951032778, 0.18373570100601622, 0.3143940949708822, 0.20907559696161182, 2.945954549975112, 0.35000507487863, 0.1753420630845171, 0.6972571418365948], BATTLES: 208-170-185-267-267-273-229-199-215-
76, 4, 2005, [0.4946687556394017, 0.6000347685948523, 0.35326311955341033, 1, 1, 1, 0.23522585584534866, 0, 0.5763148733367636, 0.7721978379965558, 0.4206095495898384, 0, 0.3770792739314572, 0.5309508909527225, 0.20587911748044785, 0.8568251275252624, 0, 1, 0.06689589320113508, 0.980338044987749, 0.07780608878364254, 0.2671984470562667, 0.3704544837921628, 0, 0, 0.8993467308500369, 0, 0, 0.2769669956688656, 0.049505285741671755, 0.03348462700471625, 1.2369560507241277, 0.24539349817154998, 0.32476870387422463, 0.19798398711038329, 0.826572965285798, 0.23099048227328858, 0.19059602818366117, 0.2983518450715481, 1.0133713885622404, 0.24244499543588863, 0.9309580413336576, 0.5493909972709765, 0.21027774535357738, 1.9498014684079739, 0.3621506708069617, 0.242178931262328, 0.6383587504250743, 0.35997216182011427, 0.14614547746550868, 0.6880269346829103, 0.7320461884762994, 5.70960722840283, 0.2973394818389023, 1.0591670040987973, 0.29278683451060117], BATTLES: 212-175-218-274-255-282-189-178-222-
76, 5, 2001, [0.9378507505429319, 0.5838762207151562, 0.44737695197191896, 0, 1, 1, 0.13250679720947156, 0, 0.8211814264680204, 1, 0.3245318762991777, 0.13827643795496417, 0.6800517445681565, 0.387248717499183, 0.2520819225219475, 0.8159024897533563, 1, 0.923698864810811, 0, 1, 1, 0.369879721882048, 0.26542505472076217, 0, 0, 0.626308169543464, 0, 0, 0.11481686092496537, 0.05539602779626678, 0.2010320897168012, 2.7150108486038955, 0.3307311369755463, 1.2500213213749827, 0.20059831403207284, 0.9366498128485274, 0.07390220288101115, 0.13012458783736852, 0.34148252625857556, 0.4977863394727763, 0.08361123077209212, 1.1181314448768878, 0.5388368353871243, 0.3227308045186745, 1.9850476725408164, 0.48038736329516574, 1.1082362376436043, 0.2630255203316817, 1.682919931658242, 0.12773829621560234, 0.2221791777545127, 0.24289920376079452, 2.5981232839936275, 0.3828261958291933, 0.186401889916259, 0.5674933277994951], BATTLES: 190-169-214-276-229-281-217-206-219-
76, 6, 1988, [1, 0.6044747638866406, 0.5134281980286922, 0, 1, 1, 0.29379973145557853, 0, 0.6875516966023933, 0.8857256686489946, 0, 0, 1, 0.5799408611984653, 0.004725236208979786, 1, 0, 0.6593393220063297, 0, 1, 0, 0.5249983142619576, 0.7305518636736934, 0, 0.0521036036559101, 1, 0.37753599050585634, 1, 0.21520097003456606, 0.04381393727564348, 0.0709952452300291, 3.376349906836219, 0.3517711291189972, 0.5912802668653543, 0.23105121444485016, 0.8653091383542891, 0.150974805142901, 0.2256872786101136, 0.28567248056327, 1.0105601251744611, 0.21434303819967254, 0.8156261831058352, 0.7573129276674435, 0.41331804128892463, 1.5503070351860233, 0.5114944808378609, 0.9405909825941311, 0.6524182521588215, 0.9599546179494536, 0.1871578141988583, 0.19787129653371358, 0.5123019522515574, 1.9923283789291089, 0.3397790318548444, 0.3239924989493803, 0.8944909658753605], BATTLES: 214-180-202-274-222-271-235-186-204-
76, 7, 1984, [1, 0.5897654680163945, 0.43524711000901933, 1, 0.6326117874363496, 1, 0.3780736946657454, 0, 0.4143223516866813, 1, 0.307954097724456, 0.5854488965337027, 1, 0, 0, 1, 1, 0.16382489736615083, 1, 1, 0.18646440269107406, 0.42123020930177774, 0.6750831082020771, 0.30201975768398315, 0, 1, 0, 0.7729712037047589, 0.44500554377961327, 0.03139403253337981, 0.043772290214854265, 4.063248320287599, 0.43634470194481123, 0.7972418499742864, 0.05917213765563266, 1.2697471716478625, 0.08009511668399939, 0.3468097346683791, 0.26979206507722864, 0.8184643235378116, 0.3257086027072582, 1.8890924975494046, 0.42991760344710933, 0.7203569723059283, 1.357683802249915, 0.4931158250990368, 1.8882799574899138, 0.7048544019635056, 0.6725884176228436, 0.3964943318833948, 0.0686085568394358, 0.6858578690188566, 2.103233046949941, 0.5347396157937437, 0.4011951879742254, 1.1150731562087182], BATTLES: 235-175-203-285-210-261-220-164-231-
76, 8, 1981, [1, 0.6104177227306546, 0.6659662666157137, 0, 1, 1, 0.263354933296828, 0, 0.5819346937325094, 0.9683459853117784, 0.32714376630768727, 0, 0.6916294481481571, 1, 0.8619269718668465, 1, 0, 1, 0.09621629213482522, 0.9884815139270422, 0, 0.36251894205464896, 0.6223705523512464, 0, 0, 0.47163050796465966, 0.5082769683555303, 0, 0.22023467318925743, 0.04855152121747547, 0.06446601671161487, 2.3128149617960805, 0.3739296885355549, 0.5317630397077213, 0.16076313587259966, 1.1270986532863547, 0.1288491131986347, 0.17297767890566193, 0.3074785649562818, 0.7445679890093894, 0.15542867191493592, 1.0218666835326837, 0.7851066344530896, 0.3360055492389041, 2.14148948835792, 0.8104218959824325, 0.9476192940495167, 0.379437395747614, 1.0257171411169308, 0.13622925205258843, 0.34372954908943354, 0.28911918556446287, 4.115457819372814, 0.30187984609305235, 0.15359619507518893, 0.9658915504270176], BATTLES: 228-180-197-266-231-256-223-184-216-
76, 9, 1964, [1, 0.5994905190854074, 0.6432171351522271, 0.847132863355907, 1, 1, 0.08121505145777294, 0, 0.9493963750566012, 1, 0, 0.4862490145957718, 0.6206690187584606, 0.09786432407210666, 0.20549714588069845, 0.7862047983391656, 0, 0.6050376609465127, 0, 1, 0.4660078165392687, 0.3156227955694948, 0.8230894650653642, 0.8560947033043254, 0, 0.48267606372027283, 0.5346259811828615, 0.022013612403259417, 0.31695967734963665, 0.05084876971998585, 0.0489755175896032, 4.4574044126162145, 0.30170702049247994, 0.3248111529818288, 0.21803389738435866, 1.5762858005385123, 0.2762507843653515, 0.25424592937448914, 0.5344476927257006, 0.847729705587754, 0.1466078643078496, 0.8762784510787643, 1.3306941411927173, 0.3397169796957814, 2.2061295870149755, 0.4615440660928771, 1.4952080560281154, 0.5318519953348568, 1.4058437820693022, 0.1626150085582116, 0.45981728131086474, 0.27352754998663215, 2.8510483088433256, 0.31733717290844504, 0.05276135735896652, 0.9395891511467066], BATTLES: 217-176-211-268-228-276-202-173-213-
77, 0, 2114, [1, 0.6044747638866406, 0.5134281980286922, 0, 1, 1, 0.29379973145557853, 0, 0.6875516966023933, 0.8857256686489946, 0, 0, 1, 0.5799408611984653, 0.004725236208979786, 1, 0, 0.6593393220063297, 0, 1, 0, 0.5249983142619576, 0.7305518636736934, 0, 0.0521036036559101, 1, 0.37753599050585634, 1, 0.21520097003456606, 0.04381393727564348, 0.0709952452300291, 3.376349906836219, 0.3517711291189972, 0.5912802668653543, 0.23105121444485016, 0.8653091383542891, 0.150974805142901, 0.2256872786101136, 0.28567248056327, 1.0105601251744611, 0.21434303819967254, 0.8156261831058352, 0.7573129276674435, 0.41331804128892463, 1.5503070351860233, 0.5114944808378609, 0.9405909825941311, 0.6524182521588215, 0.9599546179494536, 0.1871578141988583, 0.19787129653371358, 0.5123019522515574, 1.9923283789291089, 0.3397790318548444, 0.3239924989493803, 0.8944909658753605], BATTLES: 235-232-225-285-228-257-238-182-232-
77, 1, 2108, [0.4946687556394017, 0.6000347685948523, 0.35326311955341033, 1, 1, 1, 0.23522585584534866, 0, 0.5763148733367636, 0.7721978379965558, 0.4206095495898384, 0, 0.3770792739314572, 0.5309508909527225, 0.20587911748044785, 0.8568251275252624, 0, 1, 0.06689589320113508, 0.980338044987749, 0.07780608878364254, 0.2671984470562667, 0.3704544837921628, 0, 0, 0.8993467308500369, 0, 0, 0.2769669956688656, 0.049505285741671755, 0.03348462700471625, 1.2369560507241277, 0.24539349817154998, 0.32476870387422463, 0.19798398711038329, 0.826572965285798, 0.23099048227328858, 0.19059602818366117, 0.2983518450715481, 1.0133713885622404, 0.24244499543588863, 0.9309580413336576, 0.5493909972709765, 0.21027774535357738, 1.9498014684079739, 0.3621506708069617, 0.242178931262328, 0.6383587504250743, 0.35997216182011427, 0.14614547746550868, 0.6880269346829103, 0.7320461884762994, 5.70960722840283, 0.2973394818389023, 1.0591670040987973, 0.29278683451060117], BATTLES: 240-201-230-279-242-297-214-176-229-
77, 2, 2103, [1, 0.656691011971283, 0.5885338587763717, 0, 1, 1, 0.38389980359807474, 0.0027912529026350367, 0.6331691196060095, 1, 0, 0, 0.6838667333700458, 1, 1, 1, 1, 1, 0, 1, 0.5885680991925052, 0.3862229818281938, 0.26165587737837825, 0, 0.39089899785731663, 0.34748961186359634, 0.12504381784025936, 0, 0.17054684652162155, 0.05331410466839053, 0.09580999715405827, 3.004063771147375, 0.47679598025575753, 0.745543480648171, 0.15490915527116933, 1.0861018632603985, 0.0832181873366845, 0.14600834535142818, 0.4999921157721643, 0.4808079396778812, 0.13401735381155155, 0.8083587426137384, 0.6963031272162197, 0.3619040941971171, 1.976328171012268, 1.1930933931588914, 1.465946787538234, 0.3165044433621946, 1.4495009951032778, 0.18373570100601622, 0.3143940949708822, 0.20907559696161182, 2.945954549975112, 0.35000507487863, 0.1753420630845171, 0.6972571418365948], BATTLES: 228-194-210-286-257-274-225-221-208-
77, 3, 2103, [0.9378507505429319, 0.5838762207151562, 0.44737695197191896, 0, 1, 1, 0.13250679720947156, 0, 0.8211814264680204, 1, 0.3245318762991777, 0.13827643795496417, 0.6800517445681565, 0.387248717499183, 0.2520819225219475, 0.8159024897533563, 1, 0.923698864810811, 0, 1, 1, 0.369879721882048, 0.26542505472076217, 0, 0, 0.626308169543464, 0, 0, 0.11481686092496537, 0.05539602779626678, 0.2010320897168012, 2.7150108486038955, 0.3307311369755463, 1.2500213213749827, 0.20059831403207284, 0.9366498128485274, 0.07390220288101115, 0.13012458783736852, 0.34148252625857556, 0.4977863394727763, 0.08361123077209212, 1.1181314448768878, 0.5388368353871243, 0.3227308045186745, 1.9850476725408164, 0.48038736329516574, 1.1082362376436043, 0.2630255203316817, 1.682919931658242, 0.12773829621560234, 0.2221791777545127, 0.24289920376079452, 2.5981232839936275, 0.3828261958291933, 0.186401889916259, 0.5674933277994951], BATTLES: 238-186-201-284-246-279-223-212-234-
77, 4, 2085, [0.6661600806893845, 0.6548804977731264, 0.44541291268282696, 1, 1, 1, 0.5224677956675557, 0, 1, 0.9375809426357941, 0.6285266606346499, 0.02586707190037348, 0.613666867058501, 0.7061674241723894, 1, 0.7758925168999203, 0, 0.01338248801356029, 0.0718194308142926, 0.7170482593623267, 0.2293870563357871, 0.21818601428832757, 0.6315026374679612, 0.3241789526274611, 0, 0.6686782570830117, 0, 0, 0.09696414556074637, 0.0469257871972419, 0.014490390394296082, 0.5275869380200425, 1.4929595195780374, 0.8120230646368376, 0.27100614839065174, 0.4089590296413, 0.392790991936679, 0.14493794976343083, 0.13300041069767923, 0.3418093898472383, 0.06151885088569736, 0.2652425914938214, 0.650102670755429, 0.3394901841328553, 1.707495670446914, 0.33727934539617344, 0.1933090434060608, 0.4312714939383564, 0.3403222708373709, 0.19768526290629815, 0.2945727664648825, 1.076250202352981, 1.0006287469702213, 0.3139739757758152, 0.35078678926350093, 0.5472835228636417], BATTLES: 233-179-231-283-246-273-220-181-239-
77, 5, 2048, [1, 0.5994905190854074, 0.6432171351522271, 0.847132863355907, 1, 1, 0.08121505145777294, 0, 0.9493963750566012, 1, 0, 0.4862490145957718, 0.6206690187584606, 0.09786432407210666, 0.20549714588069845, 0.7862047983391656, 0, 0.6050376609465127, 0, 1, 0.4660078165392687, 0.3156227955694948, 0.8230894650653642, 0.8560947033043254, 0, 0.48267606372027283, 0.5346259811828615, 0.022013612403259417, 0.31695967734963665, 0.05084876971998585, 0.0489755175896032, 4.4574044126162145, 0.30170702049247994, 0.3248111529818288, 0.21803389738435866, 1.5762858005385123, 0.2762507843653515, 0.25424592937448914, 0.5344476927257006, 0.847729705587754, 0.1466078643078496, 0.8762784510787643, 1.3306941411927173, 0.3397169796957814, 2.2061295870149755, 0.4615440660928771, 1.4952080560281154, 0.5318519953348568, 1.4058437820693022, 0.1626150085582116, 0.45981728131086474, 0.27352754998663215, 2.8510483088433256, 0.31733717290844504, 0.05276135735896652, 0.9395891511467066], BATTLES: 221-191-218-280-247-258-201-202-230-
77, 6, 2045, [0.5266133269879709, 0.6052290414988846, 0.3972162747027166, 0.5983392470572841, 1, 0.8934132872218196, 0.22131733443235008, 0, 0.5670334376452806, 0.6905070684820614, 0.3436947841387525, 0, 0.4842269368064397, 1, 0.24288665370933957, 0.659853440618592, 1, 1, 0, 1, 0.2410650447542615, 0.42354027501751756, 0.36849351717057854, 0.18113551035985517, 0, 1, 0, 0, 0.15178819048762987, 0.05396858656398218, 0.04082539959795616, 0.8545916670533913, 0.43321717686828437, 0.32641961214979404, 0.1942469868957687, 0.6651680689161912, 0.19725584097210247, 0.23404446133628742, 0.24712426788487923, 0.5144219550610369, 0.20360170686824275, 0.6110553357599384, 0.5441706748674122, 0.2960741947423325, 1.1345644691943135, 0.3200264301291692, 0.4110506799464032, 0.6163784645928855, 0.3892098587105834, 0.2687472058268254, 0.41486967741235986, 0.48495806063182956, 4.773160599045052, 0.3110925248041542, 1.1507001203475875, 0.5164216575416974], BATTLES: 234-179-220-268-253-269-239-165-218-
77, 7, 2039, [1, 0.5897654680163945, 0.43524711000901933, 1, 0.6326117874363496, 1, 0.3780736946657454, 0, 0.4143223516866813, 1, 0.307954097724456, 0.5854488965337027, 1, 0, 0, 1, 1, 0.16382489736615083, 1, 1, 0.18646440269107406, 0.42123020930177774, 0.6750831082020771, 0.30201975768398315, 0, 1, 0, 0.7729712037047589, 0.44500554377961327, 0.03139403253337981, 0.043772290214854265, 4.063248320287599, 0.43634470194481123, 0.7972418499742864, 0.05917213765563266, 1.2697471716478625, 0.08009511668399939, 0.3468097346683791, 0.26979206507722864, 0.8184643235378116, 0.3257086027072582, 1.8890924975494046, 0.42991760344710933, 0.7203569723059283, 1.357683802249915, 0.4931158250990368, 1.8882799574899138, 0.7048544019635056, 0.6725884176228436, 0.3964943318833948, 0.0686085568394358, 0.6858578690188566, 2.103233046949941, 0.5347396157937437, 0.4011951879742254, 1.1150731562087182], BATTLES: 259-198-198-275-212-250-235-181-231-
77, 8, 2033, [0.53122538486, 0.6139756260233197, 0.4463257527618586, 0.2457973724770388, 1, 1, 0.4857438824531145, 0.014723412579762207, 1, 1, 0.580828990336229, 0.2053360117319231, 0.5360119083138996, 1, 0.21223563040556415, 0.49024100861275005, 0.5056672129507274, 0, 0, 1, 0.31691739943379854, 0.39638226780186725, 0.4861911201454135, 0, 0.4956623993155837, 0.8300238593942757, 0, 0, 0.0660084982706249, 0.036129443866200685, 0.0186898128092064, 0.8156906649975681, 1.742965079181816, 1.2265636000590099, 0.3202809190087392, 0.6320165492850868, 0.3230735915093142, 0.12606884346766825, 0.11976593571070537, 0.32808761783071566, 0.075380545552288, 0.16719557111572378, 1.0154273771841154, 0.46721348305912125, 1.263290858543074, 0.4739313655945242, 0.29347923136781223, 0.25179338326285094, 0.22405503419964917, 0.19740037785631662, 0.32127857949849464, 1.1064996444928379, 0.597267397045728, 0.30191964110302577, 0.32694160541707834, 0.5237754094107433], BATTLES: 224-167-228-289-247-249-220-175-234-
77, 9, 2029, [1, 0.6104177227306546, 0.6659662666157137, 0, 1, 1, 0.263354933296828, 0, 0.5819346937325094, 0.9683459853117784, 0.32714376630768727, 0, 0.6916294481481571, 1, 0.8619269718668465, 1, 0, 1, 0.09621629213482522, 0.9884815139270422, 0, 0.36251894205464896, 0.6223705523512464, 0, 0, 0.47163050796465966, 0.5082769683555303, 0, 0.22023467318925743, 0.04855152121747547, 0.06446601671161487, 2.3128149617960805, 0.3739296885355549, 0.5317630397077213, 0.16076313587259966, 1.1270986532863547, 0.1288491131986347, 0.17297767890566193, 0.3074785649562818, 0.7445679890093894, 0.15542867191493592, 1.0218666835326837, 0.7851066344530896, 0.3360055492389041, 2.14148948835792, 0.8104218959824325, 0.9476192940495167, 0.379437395747614, 1.0257171411169308, 0.13622925205258843, 0.34372954908943354, 0.28911918556446287, 4.115457819372814, 0.30187984609305235, 0.15359619507518893, 0.9658915504270176], BATTLES: 222-193-212-273-219-243-245-210-212-
78, 0, 2275, [1, 0.656691011971283, 0.5885338587763717, 0, 1, 1, 0.38389980359807474, 0.0027912529026350367, 0.6331691196060095, 1, 0, 0, 0.6838667333700458, 1, 1, 1, 1, 1, 0, 1, 0.5885680991925052, 0.3862229818281938, 0.26165587737837825, 0, 0.39089899785731663, 0.34748961186359634, 0.12504381784025936, 0, 0.17054684652162155, 0.05331410466839053, 0.09580999715405827, 3.004063771147375, 0.47679598025575753, 0.745543480648171, 0.15490915527116933, 1.0861018632603985, 0.0832181873366845, 0.14600834535142818, 0.4999921157721643, 0.4808079396778812, 0.13401735381155155, 0.8083587426137384, 0.6963031272162197, 0.3619040941971171, 1.976328171012268, 1.1930933931588914, 1.465946787538234, 0.3165044433621946, 1.4495009951032778, 0.18373570100601622, 0.3143940949708822, 0.20907559696161182, 2.945954549975112, 0.35000507487863, 0.1753420630845171, 0.6972571418365948], BATTLES: 277-225-217-297-269-264-257-227-242-
78, 1, 2268, [0.6661600806893845, 0.6548804977731264, 0.44541291268282696, 1, 1, 1, 0.5224677956675557, 0, 1, 0.9375809426357941, 0.6285266606346499, 0.02586707190037348, 0.613666867058501, 0.7061674241723894, 1, 0.7758925168999203, 0, 0.01338248801356029, 0.0718194308142926, 0.7170482593623267, 0.2293870563357871, 0.21818601428832757, 0.6315026374679612, 0.3241789526274611, 0, 0.6686782570830117, 0, 0, 0.09696414556074637, 0.0469257871972419, 0.014490390394296082, 0.5275869380200425, 1.4929595195780374, 0.8120230646368376, 0.27100614839065174, 0.4089590296413, 0.392790991936679, 0.14493794976343083, 0.13300041069767923, 0.3418093898472383, 0.06151885088569736, 0.2652425914938214, 0.650102670755429, 0.3394901841328553, 1.707495670446914, 0.33727934539617344, 0.1933090434060608, 0.4312714939383564, 0.3403222708373709, 0.19768526290629815, 0.2945727664648825, 1.076250202352981, 1.0006287469702213, 0.3139739757758152, 0.35078678926350093, 0.5472835228636417], BATTLES: 246-214-230-302-279-268-248-223-258-
78, 2, 2258, [0.5266133269879709, 0.6052290414988846, 0.3972162747027166, 0.5983392470572841, 1, 0.8934132872218196, 0.22131733443235008, 0, 0.5670334376452806, 0.6905070684820614, 0.3436947841387525, 0, 0.4842269368064397, 1, 0.24288665370933957, 0.659853440618592, 1, 1, 0, 1, 0.2410650447542615, 0.42354027501751756, 0.36849351717057854, 0.18113551035985517, 0, 1, 0, 0, 0.15178819048762987, 0.05396858656398218, 0.04082539959795616, 0.8545916670533913, 0.43321717686828437, 0.32641961214979404, 0.1942469868957687, 0.6651680689161912, 0.19725584097210247, 0.23404446133628742, 0.24712426788487923, 0.5144219550610369, 0.20360170686824275, 0.6110553357599384, 0.5441706748674122, 0.2960741947423325, 1.1345644691943135, 0.3200264301291692, 0.4110506799464032, 0.6163784645928855, 0.3892098587105834, 0.2687472058268254, 0.41486967741235986, 0.48495806063182956, 4.773160599045052, 0.3110925248041542, 1.1507001203475875, 0.5164216575416974], BATTLES: 237-217-239-295-271-274-258-226-241-
78, 3, 2254, [0.53122538486, 0.6139756260233197, 0.4463257527618586, 0.2457973724770388, 1, 1, 0.4857438824531145, 0.014723412579762207, 1, 1, 0.580828990336229, 0.2053360117319231, 0.5360119083138996, 1, 0.21223563040556415, 0.49024100861275005, 0.5056672129507274, 0, 0, 1, 0.31691739943379854, 0.39638226780186725, 0.4861911201454135, 0, 0.4956623993155837, 0.8300238593942757, 0, 0, 0.0660084982706249, 0.036129443866200685, 0.0186898128092064, 0.8156906649975681, 1.742965079181816, 1.2265636000590099, 0.3202809190087392, 0.6320165492850868, 0.3230735915093142, 0.12606884346766825, 0.11976593571070537, 0.32808761783071566, 0.075380545552288, 0.16719557111572378, 1.0154273771841154, 0.46721348305912125, 1.263290858543074, 0.4739313655945242, 0.29347923136781223, 0.25179338326285094, 0.22405503419964917, 0.19740037785631662, 0.32127857949849464, 1.1064996444928379, 0.597267397045728, 0.30191964110302577, 0.32694160541707834, 0.5237754094107433], BATTLES: 254-224-237-290-270-276-227-219-257-
78, 4, 2248, [0.4946687556394017, 0.6000347685948523, 0.35326311955341033, 1, 1, 1, 0.23522585584534866, 0, 0.5763148733367636, 0.7721978379965558, 0.4206095495898384, 0, 0.3770792739314572, 0.5309508909527225, 0.20587911748044785, 0.8568251275252624, 0, 1, 0.06689589320113508, 0.980338044987749, 0.07780608878364254, 0.2671984470562667, 0.3704544837921628, 0, 0, 0.8993467308500369, 0, 0, 0.2769669956688656, 0.049505285741671755, 0.03348462700471625, 1.2369560507241277, 0.24539349817154998, 0.32476870387422463, 0.19798398711038329, 0.826572965285798, 0.23099048227328858, 0.19059602818366117, 0.2983518450715481, 1.0133713885622404, 0.24244499543588863, 0.9309580413336576, 0.5493909972709765, 0.21027774535357738, 1.9498014684079739, 0.3621506708069617, 0.242178931262328, 0.6383587504250743, 0.35997216182011427, 0.14614547746550868, 0.6880269346829103, 0.7320461884762994, 5.70960722840283, 0.2973394818389023, 1.0591670040987973, 0.29278683451060117], BATTLES: 255-224-237-299-265-267-248-216-237-
78, 5, 2232, [0.9378507505429319, 0.5838762207151562, 0.44737695197191896, 0, 1, 1, 0.13250679720947156, 0, 0.8211814264680204, 1, 0.3245318762991777, 0.13827643795496417, 0.6800517445681565, 0.387248717499183, 0.2520819225219475, 0.8159024897533563, 1, 0.923698864810811, 0, 1, 1, 0.369879721882048, 0.26542505472076217, 0, 0, 0.626308169543464, 0, 0, 0.11481686092496537, 0.05539602779626678, 0.2010320897168012, 2.7150108486038955, 0.3307311369755463, 1.2500213213749827, 0.20059831403207284, 0.9366498128485274, 0.07390220288101115, 0.13012458783736852, 0.34148252625857556, 0.4977863394727763, 0.08361123077209212, 1.1181314448768878, 0.5388368353871243, 0.3227308045186745, 1.9850476725408164, 0.48038736329516574, 1.1082362376436043, 0.2630255203316817, 1.682919931658242, 0.12773829621560234, 0.2221791777545127, 0.24289920376079452, 2.5981232839936275, 0.3828261958291933, 0.186401889916259, 0.5674933277994951], BATTLES: 251-211-226-280-259-278-264-230-233-
78, 6, 2229, [1, 0.5897654680163945, 0.43524711000901933, 1, 0.6326117874363496, 1, 0.3780736946657454, 0, 0.4143223516866813, 1, 0.307954097724456, 0.5854488965337027, 1, 0, 0, 1, 1, 0.16382489736615083, 1, 1, 0.18646440269107406, 0.42123020930177774, 0.6750831082020771, 0.30201975768398315, 0, 1, 0, 0.7729712037047589, 0.44500554377961327, 0.03139403253337981, 0.043772290214854265, 4.063248320287599, 0.43634470194481123, 0.7972418499742864, 0.05917213765563266, 1.2697471716478625, 0.08009511668399939, 0.3468097346683791, 0.26979206507722864, 0.8184643235378116, 0.3257086027072582, 1.8890924975494046, 0.42991760344710933, 0.7203569723059283, 1.357683802249915, 0.4931158250990368, 1.8882799574899138, 0.7048544019635056, 0.6725884176228436, 0.3964943318833948, 0.0686085568394358, 0.6858578690188566, 2.103233046949941, 0.5347396157937437, 0.4011951879742254, 1.1150731562087182], BATTLES: 267-224-215-294-224-263-260-228-254-
78, 7, 2226, [1, 0.6104177227306546, 0.6659662666157137, 0, 1, 1, 0.263354933296828, 0, 0.5819346937325094, 0.9683459853117784, 0.32714376630768727, 0, 0.6916294481481571, 1, 0.8619269718668465, 1, 0, 1, 0.09621629213482522, 0.9884815139270422, 0, 0.36251894205464896, 0.6223705523512464, 0, 0, 0.47163050796465966, 0.5082769683555303, 0, 0.22023467318925743, 0.04855152121747547, 0.06446601671161487, 2.3128149617960805, 0.3739296885355549, 0.5317630397077213, 0.16076313587259966, 1.1270986532863547, 0.1288491131986347, 0.17297767890566193, 0.3074785649562818, 0.7445679890093894, 0.15542867191493592, 1.0218666835326837, 0.7851066344530896, 0.3360055492389041, 2.14148948835792, 0.8104218959824325, 0.9476192940495167, 0.379437395747614, 1.0257171411169308, 0.13622925205258843, 0.34372954908943354, 0.28911918556446287, 4.115457819372814, 0.30187984609305235, 0.15359619507518893, 0.9658915504270176], BATTLES: 251-222-204-294-261-268-250-234-242-
78, 8, 2225, [1, 0.6044747638866406, 0.5134281980286922, 0, 1, 1, 0.29379973145557853, 0, 0.6875516966023933, 0.8857256686489946, 0, 0, 1, 0.5799408611984653, 0.004725236208979786, 1, 0, 0.6593393220063297, 0, 1, 0, 0.5249983142619576, 0.7305518636736934, 0, 0.0521036036559101, 1, 0.37753599050585634, 1, 0.21520097003456606, 0.04381393727564348, 0.0709952452300291, 3.376349906836219, 0.3517711291189972, 0.5912802668653543, 0.23105121444485016, 0.8653091383542891, 0.150974805142901, 0.2256872786101136, 0.28567248056327, 1.0105601251744611, 0.21434303819967254, 0.8156261831058352, 0.7573129276674435, 0.41331804128892463, 1.5503070351860233, 0.5114944808378609, 0.9405909825941311, 0.6524182521588215, 0.9599546179494536, 0.1871578141988583, 0.19787129653371358, 0.5123019522515574, 1.9923283789291089, 0.3397790318548444, 0.3239924989493803, 0.8944909658753605], BATTLES: 247-215-226-302-255-273-248-224-235-
78, 9, 2221, [1, 0.5994905190854074, 0.6432171351522271, 0.847132863355907, 1, 1, 0.08121505145777294, 0, 0.9493963750566012, 1, 0, 0.4862490145957718, 0.6206690187584606, 0.09786432407210666, 0.20549714588069845, 0.7862047983391656, 0, 0.6050376609465127, 0, 1, 0.4660078165392687, 0.3156227955694948, 0.8230894650653642, 0.8560947033043254, 0, 0.48267606372027283, 0.5346259811828615, 0.022013612403259417, 0.31695967734963665, 0.05084876971998585, 0.0489755175896032, 4.4574044126162145, 0.30170702049247994, 0.3248111529818288, 0.21803389738435866, 1.5762858005385123, 0.2762507843653515, 0.25424592937448914, 0.5344476927257006, 0.847729705587754, 0.1466078643078496, 0.8762784510787643, 1.3306941411927173, 0.3397169796957814, 2.2061295870149755, 0.4615440660928771, 1.4952080560281154, 0.5318519953348568, 1.4058437820693022, 0.1626150085582116, 0.45981728131086474, 0.27352754998663215, 2.8510483088433256, 0.31733717290844504, 0.05276135735896652, 0.9395891511467066], BATTLES: 252-217-226-277-278-269-240-233-229-
79, 0, 2294, [0.6661600806893845, 0.6548804977731264, 0.44541291268282696, 1, 1, 1, 0.5224677956675557, 0, 1, 0.9375809426357941, 0.6285266606346499, 0.02586707190037348, 0.613666867058501, 0.7061674241723894, 1, 0.7758925168999203, 0, 0.01338248801356029, 0.0718194308142926, 0.7170482593623267, 0.2293870563357871, 0.21818601428832757, 0.6315026374679612, 0.3241789526274611, 0, 0.6686782570830117, 0, 0, 0.09696414556074637, 0.0469257871972419, 0.014490390394296082, 0.5275869380200425, 1.4929595195780374, 0.8120230646368376, 0.27100614839065174, 0.4089590296413, 0.392790991936679, 0.14493794976343083, 0.13300041069767923, 0.3418093898472383, 0.06151885088569736, 0.2652425914938214, 0.650102670755429, 0.3394901841328553, 1.707495670446914, 0.33727934539617344, 0.1933090434060608, 0.4312714939383564, 0.3403222708373709, 0.19768526290629815, 0.2945727664648825, 1.076250202352981, 1.0006287469702213, 0.3139739757758152, 0.35078678926350093, 0.5472835228636417], BATTLES: 255-216-249-308-282-285-251-205-243-
79, 1, 2285, [1, 0.656691011971283, 0.5885338587763717, 0, 1, 1, 0.38389980359807474, 0.0027912529026350367, 0.6331691196060095, 1, 0, 0, 0.6838667333700458, 1, 1, 1, 1, 1, 0, 1, 0.5885680991925052, 0.3862229818281938, 0.26165587737837825, 0, 0.39089899785731663, 0.34748961186359634, 0.12504381784025936, 0, 0.17054684652162155, 0.05331410466839053, 0.09580999715405827, 3.004063771147375, 0.47679598025575753, 0.745543480648171, 0.15490915527116933, 1.0861018632603985, 0.0832181873366845, 0.14600834535142818, 0.4999921157721643, 0.4808079396778812, 0.13401735381155155, 0.8083587426137384, 0.6963031272162197, 0.3619040941971171, 1.976328171012268, 1.1930933931588914, 1.465946787538234, 0.3165044433621946, 1.4495009951032778, 0.18373570100601622, 0.3143940949708822, 0.20907559696161182, 2.945954549975112, 0.35000507487863, 0.1753420630845171, 0.6972571418365948], BATTLES: 255-215-243-293-263-280-266-226-244-
79, 2, 2283, [0.9378507505429319, 0.5838762207151562, 0.44737695197191896, 0, 1, 1, 0.13250679720947156, 0, 0.8211814264680204, 1, 0.3245318762991777, 0.13827643795496417, 0.6800517445681565, 0.387248717499183, 0.2520819225219475, 0.8159024897533563, 1, 0.923698864810811, 0, 1, 1, 0.369879721882048, 0.26542505472076217, 0, 0, 0.626308169543464, 0, 0, 0.11481686092496537, 0.05539602779626678, 0.2010320897168012, 2.7150108486038955, 0.3307311369755463, 1.2500213213749827, 0.20059831403207284, 0.9366498128485274, 0.07390220288101115, 0.13012458783736852, 0.34148252625857556, 0.4977863394727763, 0.08361123077209212, 1.1181314448768878, 0.5388368353871243, 0.3227308045186745, 1.9850476725408164, 0.48038736329516574, 1.1082362376436043, 0.2630255203316817, 1.682919931658242, 0.12773829621560234, 0.2221791777545127, 0.24289920376079452, 2.5981232839936275, 0.3828261958291933, 0.186401889916259, 0.5674933277994951], BATTLES: 254-200-235-300-251-292-265-230-256-
79, 3, 2280, [0.4946687556394017, 0.6000347685948523, 0.35326311955341033, 1, 1, 1, 0.23522585584534866, 0, 0.5763148733367636, 0.7721978379965558, 0.4206095495898384, 0, 0.3770792739314572, 0.5309508909527225, 0.20587911748044785, 0.8568251275252624, 0, 1, 0.06689589320113508, 0.980338044987749, 0.07780608878364254, 0.2671984470562667, 0.3704544837921628, 0, 0, 0.8993467308500369, 0, 0, 0.2769669956688656, 0.049505285741671755, 0.03348462700471625, 1.2369560507241277, 0.24539349817154998, 0.32476870387422463, 0.19798398711038329, 0.826572965285798, 0.23099048227328858, 0.19059602818366117, 0.2983518450715481, 1.0133713885622404, 0.24244499543588863, 0.9309580413336576, 0.5493909972709765, 0.21027774535357738, 1.9498014684079739, 0.3621506708069617, 0.242178931262328, 0.6383587504250743, 0.35997216182011427, 0.14614547746550868, 0.6880269346829103, 0.7320461884762994, 5.70960722840283, 0.2973394818389023, 1.0591670040987973, 0.29278683451060117], BATTLES: 242-204-254-294-289-290-245-211-251-
79, 4, 2268, [0.5266133269879709, 0.6052290414988846, 0.3972162747027166, 0.5983392470572841, 1, 0.8934132872218196, 0.22131733443235008, 0, 0.5670334376452806, 0.6905070684820614, 0.3436947841387525, 0, 0.4842269368064397, 1, 0.24288665370933957, 0.659853440618592, 1, 1, 0, 1, 0.2410650447542615, 0.42354027501751756, 0.36849351717057854, 0.18113551035985517, 0, 1, 0, 0, 0.15178819048762987, 0.05396858656398218, 0.04082539959795616, 0.8545916670533913, 0.43321717686828437, 0.32641961214979404, 0.1942469868957687, 0.6651680689161912, 0.19725584097210247, 0.23404446133628742, 0.24712426788487923, 0.5144219550610369, 0.20360170686824275, 0.6110553357599384, 0.5441706748674122, 0.2960741947423325, 1.1345644691943135, 0.3200264301291692, 0.4110506799464032, 0.6163784645928855, 0.3892098587105834, 0.2687472058268254, 0.41486967741235986, 0.48495806063182956, 4.773160599045052, 0.3110925248041542, 1.1507001203475875, 0.5164216575416974], BATTLES: 247-205-249-308-273-293-250-200-243-
79, 5, 2255, [1, 0.6104177227306546, 0.6659662666157137, 0, 1, 1, 0.263354933296828, 0, 0.5819346937325094, 0.9683459853117784, 0.32714376630768727, 0, 0.6916294481481571, 1, 0.8619269718668465, 1, 0, 1, 0.09621629213482522, 0.9884815139270422, 0, 0.36251894205464896, 0.6223705523512464, 0, 0, 0.47163050796465966, 0.5082769683555303, 0, 0.22023467318925743, 0.04855152121747547, 0.06446601671161487, 2.3128149617960805, 0.3739296885355549, 0.5317630397077213, 0.16076313587259966, 1.1270986532863547, 0.1288491131986347, 0.17297767890566193, 0.3074785649562818, 0.7445679890093894, 0.15542867191493592, 1.0218666835326837, 0.7851066344530896, 0.3360055492389041, 2.14148948835792, 0.8104218959824325, 0.9476192940495167, 0.379437395747614, 1.0257171411169308, 0.13622925205258843, 0.34372954908943354, 0.28911918556446287, 4.115457819372814, 0.30187984609305235, 0.15359619507518893, 0.9658915504270176], BATTLES: 246-213-234-294-250-281-257-229-251-
79, 6, 2234, [1, 0.5897654680163945, 0.43524711000901933, 1, 0.6326117874363496, 1, 0.3780736946657454, 0, 0.4143223516866813, 1, 0.307954097724456, 0.5854488965337027, 1, 0, 0, 1, 1, 0.16382489736615083, 1, 1, 0.18646440269107406, 0.42123020930177774, 0.6750831082020771, 0.30201975768398315, 0, 1, 0, 0.7729712037047589, 0.44500554377961327, 0.03139403253337981, 0.043772290214854265, 4.063248320287599, 0.43634470194481123, 0.7972418499742864, 0.05917213765563266, 1.2697471716478625, 0.08009511668399939, 0.3468097346683791, 0.26979206507722864, 0.8184643235378116, 0.3257086027072582, 1.8890924975494046, 0.42991760344710933, 0.7203569723059283, 1.357683802249915, 0.4931158250990368, 1.8882799574899138, 0.7048544019635056, 0.6725884176228436, 0.3964943318833948, 0.0686085568394358, 0.6858578690188566, 2.103233046949941, 0.5347396157937437, 0.4011951879742254, 1.1150731562087182], BATTLES: 269-234-225-295-248-253-250-213-247-
79, 7, 2229, [0.53122538486, 0.6139756260233197, 0.4463257527618586, 0.2457973724770388, 1, 1, 0.4857438824531145, 0.014723412579762207, 1, 1, 0.580828990336229, 0.2053360117319231, 0.5360119083138996, 1, 0.21223563040556415, 0.49024100861275005, 0.5056672129507274, 0, 0, 1, 0.31691739943379854, 0.39638226780186725, 0.4861911201454135, 0, 0.4956623993155837, 0.8300238593942757, 0, 0, 0.0660084982706249, 0.036129443866200685, 0.0186898128092064, 0.8156906649975681, 1.742965079181816, 1.2265636000590099, 0.3202809190087392, 0.6320165492850868, 0.3230735915093142, 0.12606884346766825, 0.11976593571070537, 0.32808761783071566, 0.075380545552288, 0.16719557111572378, 1.0154273771841154, 0.46721348305912125, 1.263290858543074, 0.4739313655945242, 0.29347923136781223, 0.25179338326285094, 0.22405503419964917, 0.19740037785631662, 0.32127857949849464, 1.1064996444928379, 0.597267397045728, 0.30191964110302577, 0.32694160541707834, 0.5237754094107433], BATTLES: 256-218-240-283-269-284-236-199-244-
79, 8, 2228, [1, 0.6044747638866406, 0.5134281980286922, 0, 1, 1, 0.29379973145557853, 0, 0.6875516966023933, 0.8857256686489946, 0, 0, 1, 0.5799408611984653, 0.004725236208979786, 1, 0, 0.6593393220063297, 0, 1, 0, 0.5249983142619576, 0.7305518636736934, 0, 0.0521036036559101, 1, 0.37753599050585634, 1, 0.21520097003456606, 0.04381393727564348, 0.0709952452300291, 3.376349906836219, 0.3517711291189972, 0.5912802668653543, 0.23105121444485016, 0.8653091383542891, 0.150974805142901, 0.2256872786101136, 0.28567248056327, 1.0105601251744611, 0.21434303819967254, 0.8156261831058352, 0.7573129276674435, 0.41331804128892463, 1.5503070351860233, 0.5114944808378609, 0.9405909825941311, 0.6524182521588215, 0.9599546179494536, 0.1871578141988583, 0.19787129653371358, 0.5123019522515574, 1.9923283789291089, 0.3397790318548444, 0.3239924989493803, 0.8944909658753605], BATTLES: 255-207-234-298-256-281-258-208-231-
79, 9, 2215, [1, 0.5994905190854074, 0.6432171351522271, 0.847132863355907, 1, 1, 0.08121505145777294, 0, 0.9493963750566012, 1, 0, 0.4862490145957718, 0.6206690187584606, 0.09786432407210666, 0.20549714588069845, 0.7862047983391656, 0, 0.6050376609465127, 0, 1, 0.4660078165392687, 0.3156227955694948, 0.8230894650653642, 0.8560947033043254, 0, 0.48267606372027283, 0.5346259811828615, 0.022013612403259417, 0.31695967734963665, 0.05084876971998585, 0.0489755175896032, 4.4574044126162145, 0.30170702049247994, 0.3248111529818288, 0.21803389738435866, 1.5762858005385123, 0.2762507843653515, 0.25424592937448914, 0.5344476927257006, 0.847729705587754, 0.1466078643078496, 0.8762784510787643, 1.3306941411927173, 0.3397169796957814, 2.2061295870149755, 0.4615440660928771, 1.4952080560281154, 0.5318519953348568, 1.4058437820693022, 0.1626150085582116, 0.45981728131086474, 0.27352754998663215, 2.8510483088433256, 0.31733717290844504, 0.05276135735896652, 0.9395891511467066], BATTLES: 256-199-225-299-266-279-231-215-245-
80, 0, 2093, [0.9378507505429319, 0.5838762207151562, 0.44737695197191896, 0, 1, 1, 0.13250679720947156, 0, 0.8211814264680204, 1, 0.3245318762991777, 0.13827643795496417, 0.6800517445681565, 0.387248717499183, 0.2520819225219475, 0.8159024897533563, 1, 0.923698864810811, 0, 1, 1, 0.369879721882048, 0.26542505472076217, 0, 0, 0.626308169543464, 0, 0, 0.11481686092496537, 0.05539602779626678, 0.2010320897168012, 2.7150108486038955, 0.3307311369755463, 1.2500213213749827, 0.20059831403207284, 0.9366498128485274, 0.07390220288101115, 0.13012458783736852, 0.34148252625857556, 0.4977863394727763, 0.08361123077209212, 1.1181314448768878, 0.5388368353871243, 0.3227308045186745, 1.9850476725408164, 0.48038736329516574, 1.1082362376436043, 0.2630255203316817, 1.682919931658242, 0.12773829621560234, 0.2221791777545127, 0.24289920376079452, 2.5981232839936275, 0.3828261958291933, 0.186401889916259, 0.5674933277994951], BATTLES: 242-190-202-273-248-279-237-195-227-
80, 1, 2081, [0.6661600806893845, 0.6548804977731264, 0.44541291268282696, 1, 1, 1, 0.5224677956675557, 0, 1, 0.9375809426357941, 0.6285266606346499, 0.02586707190037348, 0.613666867058501, 0.7061674241723894, 1, 0.7758925168999203, 0, 0.01338248801356029, 0.0718194308142926, 0.7170482593623267, 0.2293870563357871, 0.21818601428832757, 0.6315026374679612, 0.3241789526274611, 0, 0.6686782570830117, 0, 0, 0.09696414556074637, 0.0469257871972419, 0.014490390394296082, 0.5275869380200425, 1.4929595195780374, 0.8120230646368376, 0.27100614839065174, 0.4089590296413, 0.392790991936679, 0.14493794976343083, 0.13300041069767923, 0.3418093898472383, 0.06151885088569736, 0.2652425914938214, 0.650102670755429, 0.3394901841328553, 1.707495670446914, 0.33727934539617344, 0.1933090434060608, 0.4312714939383564, 0.3403222708373709, 0.19768526290629815, 0.2945727664648825, 1.076250202352981, 1.0006287469702213, 0.3139739757758152, 0.35078678926350093, 0.5472835228636417], BATTLES: 237-187-220-289-247-264-219-187-231-
80, 2, 2081, [1, 0.6104177227306546, 0.6659662666157137, 0, 1, 1, 0.263354933296828, 0, 0.5819346937325094, 0.9683459853117784, 0.32714376630768727, 0, 0.6916294481481571, 1, 0.8619269718668465, 1, 0, 1, 0.09621629213482522, 0.9884815139270422, 0, 0.36251894205464896, 0.6223705523512464, 0, 0, 0.47163050796465966, 0.5082769683555303, 0, 0.22023467318925743, 0.04855152121747547, 0.06446601671161487, 2.3128149617960805, 0.3739296885355549, 0.5317630397077213, 0.16076313587259966, 1.1270986532863547, 0.1288491131986347, 0.17297767890566193, 0.3074785649562818, 0.7445679890093894, 0.15542867191493592, 1.0218666835326837, 0.7851066344530896, 0.3360055492389041, 2.14148948835792, 0.8104218959824325, 0.9476192940495167, 0.379437395747614, 1.0257171411169308, 0.13622925205258843, 0.34372954908943354, 0.28911918556446287, 4.115457819372814, 0.30187984609305235, 0.15359619507518893, 0.9658915504270176], BATTLES: 248-193-203-280-238-261-237-210-211-
80, 3, 2058, [0.4946687556394017, 0.6000347685948523, 0.35326311955341033, 1, 1, 1, 0.23522585584534866, 0, 0.5763148733367636, 0.7721978379965558, 0.4206095495898384, 0, 0.3770792739314572, 0.5309508909527225, 0.20587911748044785, 0.8568251275252624, 0, 1, 0.06689589320113508, 0.980338044987749, 0.07780608878364254, 0.2671984470562667, 0.3704544837921628, 0, 0, 0.8993467308500369, 0, 0, 0.2769669956688656, 0.049505285741671755, 0.03348462700471625, 1.2369560507241277, 0.24539349817154998, 0.32476870387422463, 0.19798398711038329, 0.826572965285798, 0.23099048227328858, 0.19059602818366117, 0.2983518450715481, 1.0133713885622404, 0.24244499543588863, 0.9309580413336576, 0.5493909972709765, 0.21027774535357738, 1.9498014684079739, 0.3621506708069617, 0.242178931262328, 0.6383587504250743, 0.35997216182011427, 0.14614547746550868, 0.6880269346829103, 0.7320461884762994, 5.70960722840283, 0.2973394818389023, 1.0591670040987973, 0.29278683451060117], BATTLES: 220-186-218-294-240-284-208-183-225-
80, 4, 2046, [1, 0.6044747638866406, 0.5134281980286922, 0, 1, 1, 0.29379973145557853, 0, 0.6875516966023933, 0.8857256686489946, 0, 0, 1, 0.5799408611984653, 0.004725236208979786, 1, 0, 0.6593393220063297, 0, 1, 0, 0.5249983142619576, 0.7305518636736934, 0, 0.0521036036559101, 1, 0.37753599050585634, 1, 0.21520097003456606, 0.04381393727564348, 0.0709952452300291, 3.376349906836219, 0.3517711291189972, 0.5912802668653543, 0.23105121444485016, 0.8653091383542891, 0.150974805142901, 0.2256872786101136, 0.28567248056327, 1.0105601251744611, 0.21434303819967254, 0.8156261831058352, 0.7573129276674435, 0.41331804128892463, 1.5503070351860233, 0.5114944808378609, 0.9405909825941311, 0.6524182521588215, 0.9599546179494536, 0.1871578141988583, 0.19787129653371358, 0.5123019522515574, 1.9923283789291089, 0.3397790318548444, 0.3239924989493803, 0.8944909658753605], BATTLES: 231-173-245-281-212-265-249-174-216-
80, 5, 2041, [0.53122538486, 0.6139756260233197, 0.4463257527618586, 0.2457973724770388, 1, 1, 0.4857438824531145, 0.014723412579762207, 1, 1, 0.580828990336229, 0.2053360117319231, 0.5360119083138996, 1, 0.21223563040556415, 0.49024100861275005, 0.5056672129507274, 0, 0, 1, 0.31691739943379854, 0.39638226780186725, 0.4861911201454135, 0, 0.4956623993155837, 0.8300238593942757, 0, 0, 0.0660084982706249, 0.036129443866200685, 0.0186898128092064, 0.8156906649975681, 1.742965079181816, 1.2265636000590099, 0.3202809190087392, 0.6320165492850868, 0.3230735915093142, 0.12606884346766825, 0.11976593571070537, 0.32808761783071566, 0.075380545552288, 0.16719557111572378, 1.0154273771841154, 0.46721348305912125, 1.263290858543074, 0.4739313655945242, 0.29347923136781223, 0.25179338326285094, 0.22405503419964917, 0.19740037785631662, 0.32127857949849464, 1.1064996444928379, 0.597267397045728, 0.30191964110302577, 0.32694160541707834, 0.5237754094107433], BATTLES: 231-179-231-268-252-273-222-161-224-
80, 6, 2034, [1, 0.656691011971283, 0.5885338587763717, 0, 1, 1, 0.38389980359807474, 0.0027912529026350367, 0.6331691196060095, 1, 0, 0, 0.6838667333700458, 1, 1, 1, 1, 1, 0, 1, 0.5885680991925052, 0.3862229818281938, 0.26165587737837825, 0, 0.39089899785731663, 0.34748961186359634, 0.12504381784025936, 0, 0.17054684652162155, 0.05331410466839053, 0.09580999715405827, 3.004063771147375, 0.47679598025575753, 0.745543480648171, 0.15490915527116933, 1.0861018632603985, 0.0832181873366845, 0.14600834535142818, 0.4999921157721643, 0.4808079396778812, 0.13401735381155155, 0.8083587426137384, 0.6963031272162197, 0.3619040941971171, 1.976328171012268, 1.1930933931588914, 1.465946787538234, 0.3165044433621946, 1.4495009951032778, 0.18373570100601622, 0.3143940949708822, 0.20907559696161182, 2.945954549975112, 0.35000507487863, 0.1753420630845171, 0.6972571418365948], BATTLES: 228-177-189-281-240-261-224-215-219-
80, 7, 2029, [1, 0.5928069273120437, 0.6126712821571284, 1, 0.8764529904252367, 0.7874769855159374, 0, 0.1073445492808335, 0.9589922040973591, 1, 0.24709978396449833, 0.6149227529898089, 0.6470468100596172, 0, 0, 0.12891757496920242, 0, 0.5765082857805952, 0, 0.8131575421311468, 0, 0.21985066706731937, 0.4461090001829014, 0.8480106231677808, 0, 0.1677019396463869, 0.5043950601286086, 0.1251474169042629, 0.31798111707848836, 0.044236612969723955, 0.03750493198973403, 3.2074493881344677, 0.1728261240031974, 0.30817057160905326, 0.26626701685945325, 2.172932483903649, 0.30865784562650606, 0.17096261681739178, 0.5287865838233128, 0.8082783654767832, 0.20262954173715025, 0.7700668210259841, 1.62617037853894, 0.3892142041306352, 2.8228683730494724, 0.31653304809211924, 1.0952605515352591, 0.36462335169602006, 1.0002431666364922, 0.30582657582119716, 0.3892543156293843, 0.5916603256751817, 2.651485503480752, 0.30673787640835964, 0.06971028617089225, 0.876722461415698], BATTLES: 228-175-196-272-215-249-236-213-245-
80, 8, 2022, [0.5266133269879709, 0.6052290414988846, 0.3972162747027166, 0.5983392470572841, 1, 0.8934132872218196, 0.22131733443235008, 0, 0.5670334376452806, 0.6905070684820614, 0.3436947841387525, 0, 0.4842269368064397, 1, 0.24288665370933957, 0.659853440618592, 1, 1, 0, 1, 0.2410650447542615, 0.42354027501751756, 0.36849351717057854, 0.18113551035985517, 0, 1, 0, 0, 0.15178819048762987, 0.05396858656398218, 0.04082539959795616, 0.8545916670533913, 0.43321717686828437, 0.32641961214979404, 0.1942469868957687, 0.6651680689161912, 0.19725584097210247, 0.23404446133628742, 0.24712426788487923, 0.5144219550610369, 0.20360170686824275, 0.6110553357599384, 0.5441706748674122, 0.2960741947423325, 1.1345644691943135, 0.3200264301291692, 0.4110506799464032, 0.6163784645928855, 0.3892098587105834, 0.2687472058268254, 0.41486967741235986, 0.48495806063182956, 4.773160599045052, 0.3110925248041542, 1.1507001203475875, 0.5164216575416974], BATTLES: 207-184-215-279-244-281-209-180-223-
80, 9, 2006, [1, 0.5897654680163945, 0.43524711000901933, 1, 0.6326117874363496, 1, 0.3780736946657454, 0, 0.4143223516866813, 1, 0.307954097724456, 0.5854488965337027, 1, 0, 0, 1, 1, 0.16382489736615083, 1, 1, 0.18646440269107406, 0.42123020930177774, 0.6750831082020771, 0.30201975768398315, 0, 1, 0, 0.7729712037047589, 0.44500554377961327, 0.03139403253337981, 0.043772290214854265, 4.063248320287599, 0.43634470194481123, 0.7972418499742864, 0.05917213765563266, 1.2697471716478625, 0.08009511668399939, 0.3468097346683791, 0.26979206507722864, 0.8184643235378116, 0.3257086027072582, 1.8890924975494046, 0.42991760344710933, 0.7203569723059283, 1.357683802249915, 0.4931158250990368, 1.8882799574899138, 0.7048544019635056, 0.6725884176228436, 0.3964943318833948, 0.0686085568394358, 0.6858578690188566, 2.103233046949941, 0.5347396157937437, 0.4011951879742254, 1.1150731562087182], BATTLES: 263-180-207-288-214-244-222-175-213-
81, 0, 2022, [0.4946687556394017, 0.6000347685948523, 0.35326311955341033, 1, 1, 1, 0.23522585584534866, 0, 0.5763148733367636, 0.7721978379965558, 0.4206095495898384, 0, 0.3770792739314572, 0.5309508909527225, 0.20587911748044785, 0.8568251275252624, 0, 1, 0.06689589320113508, 0.980338044987749, 0.07780608878364254, 0.2671984470562667, 0.3704544837921628, 0, 0, 0.8993467308500369, 0, 0, 0.2769669956688656, 0.049505285741671755, 0.03348462700471625, 1.2369560507241277, 0.24539349817154998, 0.32476870387422463, 0.19798398711038329, 0.826572965285798, 0.23099048227328858, 0.19059602818366117, 0.2983518450715481, 1.0133713885622404, 0.24244499543588863, 0.9309580413336576, 0.5493909972709765, 0.21027774535357738, 1.9498014684079739, 0.3621506708069617, 0.242178931262328, 0.6383587504250743, 0.35997216182011427, 0.14614547746550868, 0.6880269346829103, 0.7320461884762994, 5.70960722840283, 0.2973394818389023, 1.0591670040987973, 0.29278683451060117], BATTLES: 212-167-224-282-235-287-213-177-225-
81, 1, 2014, [1, 0.656691011971283, 0.5885338587763717, 0, 1, 1, 0.38389980359807474, 0.0027912529026350367, 0.6331691196060095, 1, 0, 0, 0.6838667333700458, 1, 1, 1, 1, 1, 0, 1, 0.5885680991925052, 0.3862229818281938, 0.26165587737837825, 0, 0.39089899785731663, 0.34748961186359634, 0.12504381784025936, 0, 0.17054684652162155, 0.05331410466839053, 0.09580999715405827, 3.004063771147375, 0.47679598025575753, 0.745543480648171, 0.15490915527116933, 1.0861018632603985, 0.0832181873366845, 0.14600834535142818, 0.4999921157721643, 0.4808079396778812, 0.13401735381155155, 0.8083587426137384, 0.6963031272162197, 0.3619040941971171, 1.976328171012268, 1.1930933931588914, 1.465946787538234, 0.3165044433621946, 1.4495009951032778, 0.18373570100601622, 0.3143940949708822, 0.20907559696161182, 2.945954549975112, 0.35000507487863, 0.1753420630845171, 0.6972571418365948], BATTLES: 220-180-203-290-232-268-207-197-217-
81, 2, 2003, [0.9378507505429319, 0.5838762207151562, 0.44737695197191896, 0, 1, 1, 0.13250679720947156, 0, 0.8211814264680204, 1, 0.3245318762991777, 0.13827643795496417, 0.6800517445681565, 0.387248717499183, 0.2520819225219475, 0.8159024897533563, 1, 0.923698864810811, 0, 1, 1, 0.369879721882048, 0.26542505472076217, 0, 0, 0.626308169543464, 0, 0, 0.11481686092496537, 0.05539602779626678, 0.2010320897168012, 2.7150108486038955, 0.3307311369755463, 1.2500213213749827, 0.20059831403207284, 0.9366498128485274, 0.07390220288101115, 0.13012458783736852, 0.34148252625857556, 0.4977863394727763, 0.08361123077209212, 1.1181314448768878, 0.5388368353871243, 0.3227308045186745, 1.9850476725408164, 0.48038736329516574, 1.1082362376436043, 0.2630255203316817, 1.682919931658242, 0.12773829621560234, 0.2221791777545127, 0.24289920376079452, 2.5981232839936275, 0.3828261958291933, 0.186401889916259, 0.5674933277994951], BATTLES: 213-181-212-280-231-273-220-182-211-
81, 3, 1982, [0.9184059527915075, 0.5545761608627482, 0.6344762254816987, 0.5912736176702496, 0.9155285115589276, 0.868035821631211, 0, 0, 0.8250287407211553, 0.9161754303875204, 0.09135576050760802, 0.04381586516215674, 0.634778262377703, 0.1487499796357013, 0.39571653815371455, 0.5714039243666316, 1, 0.4091897871576612, 0.33146271449758846, 0.6943608100194381, 0, 0.4297304216092136, 0.16447012772213856, 0, 0, 0.4610210623119081, 0.31603800376035013, 0, 0.10537031357397643, 0.05889503949585771, 0.24299491425791303, 2.791164427274228, 0.4015516046488977, 0.9262267985476479, 0.218902070467899, 1.3955393278737471, 0.08010048212009546, 0.09129658414933246, 0.27888766336478116, 0.44479078726318916, 0.11980325599016502, 0.8436164751570454, 0.6156354595384036, 0.2511351473241255, 2.877737812126746, 0.4051746045834906, 0.9166563294369179, 0.19046727894566925, 2.060821845382866, 0.07648969586871418, 0.2668145685600884, 0.30812429709190947, 1.9255104774816534, 0.4252884419636108, 0.16974665800428992, 0.43825329097263566], BATTLES: 211-170-219-259-225-275-214-190-219-
81, 4, 1954, [1, 0.6104177227306546, 0.6659662666157137, 0, 1, 1, 0.263354933296828, 0, 0.5819346937325094, 0.9683459853117784, 0.32714376630768727, 0, 0.6916294481481571, 1, 0.8619269718668465, 1, 0, 1, 0.09621629213482522, 0.9884815139270422, 0, 0.36251894205464896, 0.6223705523512464, 0, 0, 0.47163050796465966, 0.5082769683555303, 0, 0.22023467318925743, 0.04855152121747547, 0.06446601671161487, 2.3128149617960805, 0.3739296885355549, 0.5317630397077213, 0.16076313587259966, 1.1270986532863547, 0.1288491131986347, 0.17297767890566193, 0.3074785649562818, 0.7445679890093894, 0.15542867191493592, 1.0218666835326837, 0.7851066344530896, 0.3360055492389041, 2.14148948835792, 0.8104218959824325, 0.9476192940495167, 0.379437395747614, 1.0257171411169308, 0.13622925205258843, 0.34372954908943354, 0.28911918556446287, 4.115457819372814, 0.30187984609305235, 0.15359619507518893, 0.9658915504270176], BATTLES: 224-165-197-266-229-258-209-190-216-
81, 5, 1953, [0.6661600806893845, 0.6548804977731264, 0.44541291268282696, 1, 1, 1, 0.5224677956675557, 0, 1, 0.9375809426357941, 0.6285266606346499, 0.02586707190037348, 0.613666867058501, 0.7061674241723894, 1, 0.7758925168999203, 0, 0.01338248801356029, 0.0718194308142926, 0.7170482593623267, 0.2293870563357871, 0.21818601428832757, 0.6315026374679612, 0.3241789526274611, 0, 0.6686782570830117, 0, 0, 0.09696414556074637, 0.0469257871972419, 0.014490390394296082, 0.5275869380200425, 1.4929595195780374, 0.8120230646368376, 0.27100614839065174, 0.4089590296413, 0.392790991936679, 0.14493794976343083, 0.13300041069767923, 0.3418093898472383, 0.06151885088569736, 0.2652425914938214, 0.650102670755429, 0.3394901841328553, 1.707495670446914, 0.33727934539617344, 0.1933090434060608, 0.4312714939383564, 0.3403222708373709, 0.19768526290629815, 0.2945727664648825, 1.076250202352981, 1.0006287469702213, 0.3139739757758152, 0.35078678926350093, 0.5472835228636417], BATTLES: 198-158-232-288-229-260-204-172-212-
81, 6, 1936, [0.5266133269879709, 0.6052290414988846, 0.3972162747027166, 0.5983392470572841, 1, 0.8934132872218196, 0.22131733443235008, 0, 0.5670334376452806, 0.6905070684820614, 0.3436947841387525, 0, 0.4842269368064397, 1, 0.24288665370933957, 0.659853440618592, 1, 1, 0, 1, 0.2410650447542615, 0.42354027501751756, 0.36849351717057854, 0.18113551035985517, 0, 1, 0, 0, 0.15178819048762987, 0.05396858656398218, 0.04082539959795616, 0.8545916670533913, 0.43321717686828437, 0.32641961214979404, 0.1942469868957687, 0.6651680689161912, 0.19725584097210247, 0.23404446133628742, 0.24712426788487923, 0.5144219550610369, 0.20360170686824275, 0.6110553357599384, 0.5441706748674122, 0.2960741947423325, 1.1345644691943135, 0.3200264301291692, 0.4110506799464032, 0.6163784645928855, 0.3892098587105834, 0.2687472058268254, 0.41486967741235986, 0.48495806063182956, 4.773160599045052, 0.3110925248041542, 1.1507001203475875, 0.5164216575416974], BATTLES: 231-151-212-270-231-270-194-155-222-
81, 7, 1934, [1, 0.6044747638866406, 0.5134281980286922, 0, 1, 1, 0.29379973145557853, 0, 0.6875516966023933, 0.8857256686489946, 0, 0, 1, 0.5799408611984653, 0.004725236208979786, 1, 0, 0.6593393220063297, 0, 1, 0, 0.5249983142619576, 0.7305518636736934, 0, 0.0521036036559101, 1, 0.37753599050585634, 1, 0.21520097003456606, 0.04381393727564348, 0.0709952452300291, 3.376349906836219, 0.3517711291189972, 0.5912802668653543, 0.23105121444485016, 0.8653091383542891, 0.150974805142901, 0.2256872786101136, 0.28567248056327, 1.0105601251744611, 0.21434303819967254, 0.8156261831058352, 0.7573129276674435, 0.41331804128892463, 1.5503070351860233, 0.5114944808378609, 0.9405909825941311, 0.6524182521588215, 0.9599546179494536, 0.1871578141988583, 0.19787129653371358, 0.5123019522515574, 1.9923283789291089, 0.3397790318548444, 0.3239924989493803, 0.8944909658753605], BATTLES: 220-166-209-269-209-268-214-161-218-
81, 8, 1927, [1, 0.5928069273120437, 0.6126712821571284, 1, 0.8764529904252367, 0.7874769855159374, 0, 0.1073445492808335, 0.9589922040973591, 1, 0.24709978396449833, 0.6149227529898089, 0.6470468100596172, 0, 0, 0.12891757496920242, 0, 0.5765082857805952, 0, 0.8131575421311468, 0, 0.21985066706731937, 0.4461090001829014, 0.8480106231677808, 0, 0.1677019396463869, 0.5043950601286086, 0.1251474169042629, 0.31798111707848836, 0.044236612969723955, 0.03750493198973403, 3.2074493881344677, 0.1728261240031974, 0.30817057160905326, 0.26626701685945325, 2.172932483903649, 0.30865784562650606, 0.17096261681739178, 0.5287865838233128, 0.8082783654767832, 0.20262954173715025, 0.7700668210259841, 1.62617037853894, 0.3892142041306352, 2.8228683730494724, 0.31653304809211924, 1.0952605515352591, 0.36462335169602006, 1.0002431666364922, 0.30582657582119716, 0.3892543156293843, 0.5916603256751817, 2.651485503480752, 0.30673787640835964, 0.06971028617089225, 0.876722461415698], BATTLES: 201-160-219-264-214-241-232-187-209-
81, 9, 1919, [0.53122538486, 0.6139756260233197, 0.4463257527618586, 0.2457973724770388, 1, 1, 0.4857438824531145, 0.014723412579762207, 1, 1, 0.580828990336229, 0.2053360117319231, 0.5360119083138996, 1, 0.21223563040556415, 0.49024100861275005, 0.5056672129507274, 0, 0, 1, 0.31691739943379854, 0.39638226780186725, 0.4861911201454135, 0, 0.4956623993155837, 0.8300238593942757, 0, 0, 0.0660084982706249, 0.036129443866200685, 0.0186898128092064, 0.8156906649975681, 1.742965079181816, 1.2265636000590099, 0.3202809190087392, 0.6320165492850868, 0.3230735915093142, 0.12606884346766825, 0.11976593571070537, 0.32808761783071566, 0.075380545552288, 0.16719557111572378, 1.0154273771841154, 0.46721348305912125, 1.263290858543074, 0.4739313655945242, 0.29347923136781223, 0.25179338326285094, 0.22405503419964917, 0.19740037785631662, 0.32127857949849464, 1.1064996444928379, 0.597267397045728, 0.30191964110302577, 0.32694160541707834, 0.5237754094107433], BATTLES: 212-157-231-245-220-274-178-167-235-
82, 0, 2139, [1, 0.656691011971283, 0.5885338587763717, 0, 1, 1, 0.38389980359807474, 0.0027912529026350367, 0.6331691196060095, 1, 0, 0, 0.6838667333700458, 1, 1, 1, 1, 1, 0, 1, 0.5885680991925052, 0.3862229818281938, 0.26165587737837825, 0, 0.39089899785731663, 0.34748961186359634, 0.12504381784025936, 0, 0.17054684652162155, 0.05331410466839053, 0.09580999715405827, 3.004063771147375, 0.47679598025575753, 0.745543480648171, 0.15490915527116933, 1.0861018632603985, 0.0832181873366845, 0.14600834535142818, 0.4999921157721643, 0.4808079396778812, 0.13401735381155155, 0.8083587426137384, 0.6963031272162197, 0.3619040941971171, 1.976328171012268, 1.1930933931588914, 1.465946787538234, 0.3165044433621946, 1.4495009951032778, 0.18373570100601622, 0.3143940949708822, 0.20907559696161182, 2.945954549975112, 0.35000507487863, 0.1753420630845171, 0.6972571418365948], BATTLES: 235-195-220-292-255-254-240-220-228-
82, 1, 2111, [1, 0.5963308180757257, 0.4632248519341369, 0, 0.9185903973729078, 1, 0.31623030475831415, 0, 0.8661875505880883, 1, 0.7690099163547699, 0, 0.7387657326052383, 0.23357000402470632, 0, 0.75008803220241, 1, 1, 0.8639260916987012, 1, 0.5169234456944303, 0.3708276262550604, 0.07650972183553761, 0, 0, 0.7937945150658094, 0.021221396865183248, 0, 0.11269049519345832, 0.06023256613904795, 0.2947426109800868, 4.684422155894621, 0.6406650275485339, 1.2694251446511104, 0.19676422668905555, 1.2912695170955713, 0.10415226717451448, 0.15871908970466214, 0.2723840613960384, 0.4100000390202251, 0.10109539719369753, 1.5230668709274933, 0.69246907015198, 0.28035919985381547, 2.5176692170012966, 0.6736711555030918, 1.015335336928586, 0.6512841188748086, 1.8207167004644373, 0.10062989685408145, 0.15693545955578078, 0.13547853023883075, 2.9216069258236064, 0.356640327807836, 0.12929400397103766, 0.7164042518094409], BATTLES: 255-190-227-285-245-273-218-204-214-
82, 2, 2107, [0.4946687556394017, 0.6000347685948523, 0.35326311955341033, 1, 1, 1, 0.23522585584534866, 0, 0.5763148733367636, 0.7721978379965558, 0.4206095495898384, 0, 0.3770792739314572, 0.5309508909527225, 0.20587911748044785, 0.8568251275252624, 0, 1, 0.06689589320113508, 0.980338044987749, 0.07780608878364254, 0.2671984470562667, 0.3704544837921628, 0, 0, 0.8993467308500369, 0, 0, 0.2769669956688656, 0.049505285741671755, 0.03348462700471625, 1.2369560507241277, 0.24539349817154998, 0.32476870387422463, 0.19798398711038329, 0.826572965285798, 0.23099048227328858, 0.19059602818366117, 0.2983518450715481, 1.0133713885622404, 0.24244499543588863, 0.9309580413336576, 0.5493909972709765, 0.21027774535357738, 1.9498014684079739, 0.3621506708069617, 0.242178931262328, 0.6383587504250743, 0.35997216182011427, 0.14614547746550868, 0.6880269346829103, 0.7320461884762994, 5.70960722840283, 0.2973394818389023, 1.0591670040987973, 0.29278683451060117], BATTLES: 251-185-236-285-254-269-215-180-232-
82, 3, 2106, [0.9184059527915075, 0.5545761608627482, 0.6344762254816987, 0.5912736176702496, 0.9155285115589276, 0.868035821631211, 0, 0, 0.8250287407211553, 0.9161754303875204, 0.09135576050760802, 0.04381586516215674, 0.634778262377703, 0.1487499796357013, 0.39571653815371455, 0.5714039243666316, 1, 0.4091897871576612, 0.33146271449758846, 0.6943608100194381, 0, 0.4297304216092136, 0.16447012772213856, 0, 0, 0.4610210623119081, 0.31603800376035013, 0, 0.10537031357397643, 0.05889503949585771, 0.24299491425791303, 2.791164427274228, 0.4015516046488977, 0.9262267985476479, 0.218902070467899, 1.3955393278737471, 0.08010048212009546, 0.09129658414933246, 0.27888766336478116, 0.44479078726318916, 0.11980325599016502, 0.8436164751570454, 0.6156354595384036, 0.2511351473241255, 2.877737812126746, 0.4051746045834906, 0.9166563294369179, 0.19046727894566925, 2.060821845382866, 0.07648969586871418, 0.2668145685600884, 0.30812429709190947, 1.9255104774816534, 0.4252884419636108, 0.16974665800428992, 0.43825329097263566], BATTLES: 218-201-222-276-239-276-245-216-213-
82, 4, 2098, [0.5266133269879709, 0.6052290414988846, 0.3972162747027166, 0.5983392470572841, 1, 0.8934132872218196, 0.22131733443235008, 0, 0.5670334376452806, 0.6905070684820614, 0.3436947841387525, 0, 0.4842269368064397, 1, 0.24288665370933957, 0.659853440618592, 1, 1, 0, 1, 0.2410650447542615, 0.42354027501751756, 0.36849351717057854, 0.18113551035985517, 0, 1, 0, 0, 0.15178819048762987, 0.05396858656398218, 0.04082539959795616, 0.8545916670533913, 0.43321717686828437, 0.32641961214979404, 0.1942469868957687, 0.6651680689161912, 0.19725584097210247, 0.23404446133628742, 0.24712426788487923, 0.5144219550610369, 0.20360170686824275, 0.6110553357599384, 0.5441706748674122, 0.2960741947423325, 1.1345644691943135, 0.3200264301291692, 0.4110506799464032, 0.6163784645928855, 0.3892098587105834, 0.2687472058268254, 0.41486967741235986, 0.48495806063182956, 4.773160599045052, 0.3110925248041542, 1.1507001203475875, 0.5164216575416974], BATTLES: 234-193-217-288-256-253-228-210-219-
82, 5, 2093, [0.9378507505429319, 0.5838762207151562, 0.44737695197191896, 0, 1, 1, 0.13250679720947156, 0, 0.8211814264680204, 1, 0.3245318762991777, 0.13827643795496417, 0.6800517445681565, 0.387248717499183, 0.2520819225219475, 0.8159024897533563, 1, 0.923698864810811, 0, 1, 1, 0.369879721882048, 0.26542505472076217, 0, 0, 0.626308169543464, 0, 0, 0.11481686092496537, 0.05539602779626678, 0.2010320897168012, 2.7150108486038955, 0.3307311369755463, 1.2500213213749827, 0.20059831403207284, 0.9366498128485274, 0.07390220288101115, 0.13012458783736852, 0.34148252625857556, 0.4977863394727763, 0.08361123077209212, 1.1181314448768878, 0.5388368353871243, 0.3227308045186745, 1.9850476725408164, 0.48038736329516574, 1.1082362376436043, 0.2630255203316817, 1.682919931658242, 0.12773829621560234, 0.2221791777545127, 0.24289920376079452, 2.5981232839936275, 0.3828261958291933, 0.186401889916259, 0.5674933277994951], BATTLES: 243-195-216-286-242-270-227-202-212-
82, 6, 2083, [0.6661600806893845, 0.6548804977731264, 0.44541291268282696, 1, 1, 1, 0.5224677956675557, 0, 1, 0.9375809426357941, 0.6285266606346499, 0.02586707190037348, 0.613666867058501, 0.7061674241723894, 1, 0.7758925168999203, 0, 0.01338248801356029, 0.0718194308142926, 0.7170482593623267, 0.2293870563357871, 0.21818601428832757, 0.6315026374679612, 0.3241789526274611, 0, 0.6686782570830117, 0, 0, 0.09696414556074637, 0.0469257871972419, 0.014490390394296082, 0.5275869380200425, 1.4929595195780374, 0.8120230646368376, 0.27100614839065174, 0.4089590296413, 0.392790991936679, 0.14493794976343083, 0.13300041069767923, 0.3418093898472383, 0.06151885088569736, 0.2652425914938214, 0.650102670755429, 0.3394901841328553, 1.707495670446914, 0.33727934539617344, 0.1933090434060608, 0.4312714939383564, 0.3403222708373709, 0.19768526290629815, 0.2945727664648825, 1.076250202352981, 1.0006287469702213, 0.3139739757758152, 0.35078678926350093, 0.5472835228636417], BATTLES: 245-187-221-282-243-258-220-197-230-
82, 7, 2069, [0.53122538486, 0.6139756260233197, 0.4463257527618586, 0.2457973724770388, 1, 1, 0.4857438824531145, 0.014723412579762207, 1, 1, 0.580828990336229, 0.2053360117319231, 0.5360119083138996, 1, 0.21223563040556415, 0.49024100861275005, 0.5056672129507274, 0, 0, 1, 0.31691739943379854, 0.39638226780186725, 0.4861911201454135, 0, 0.4956623993155837, 0.8300238593942757, 0, 0, 0.0660084982706249, 0.036129443866200685, 0.0186898128092064, 0.8156906649975681, 1.742965079181816, 1.2265636000590099, 0.3202809190087392, 0.6320165492850868, 0.3230735915093142, 0.12606884346766825, 0.11976593571070537, 0.32808761783071566, 0.075380545552288, 0.16719557111572378, 1.0154273771841154, 0.46721348305912125, 1.263290858543074, 0.4739313655945242, 0.29347923136781223, 0.25179338326285094, 0.22405503419964917, 0.19740037785631662, 0.32127857949849464, 1.1064996444928379, 0.597267397045728, 0.30191964110302577, 0.32694160541707834, 0.5237754094107433], BATTLES: 227-188-232-280-244-253-227-192-226-
82, 8, 2056, [1, 0.5928069273120437, 0.6126712821571284, 1, 0.8764529904252367, 0.7874769855159374, 0, 0.1073445492808335, 0.9589922040973591, 1, 0.24709978396449833, 0.6149227529898089, 0.6470468100596172, 0, 0, 0.12891757496920242, 0, 0.5765082857805952, 0, 0.8131575421311468, 0, 0.21985066706731937, 0.4461090001829014, 0.8480106231677808, 0, 0.1677019396463869, 0.5043950601286086, 0.1251474169042629, 0.31798111707848836, 0.044236612969723955, 0.03750493198973403, 3.2074493881344677, 0.1728261240031974, 0.30817057160905326, 0.26626701685945325, 2.172932483903649, 0.30865784562650606, 0.17096261681739178, 0.5287865838233128, 0.8082783654767832, 0.20262954173715025, 0.7700668210259841, 1.62617037853894, 0.3892142041306352, 2.8228683730494724, 0.31653304809211924, 1.0952605515352591, 0.36462335169602006, 1.0002431666364922, 0.30582657582119716, 0.3892543156293843, 0.5916603256751817, 2.651485503480752, 0.30673787640835964, 0.06971028617089225, 0.876722461415698], BATTLES: 237-189-219-272-230-237-237-217-218-
82, 9, 2039, [1, 0.6044747638866406, 0.5134281980286922, 0, 1, 1, 0.29379973145557853, 0, 0.6875516966023933, 0.8857256686489946, 0, 0, 1, 0.5799408611984653, 0.004725236208979786, 1, 0, 0.6593393220063297, 0, 1, 0, 0.5249983142619576, 0.7305518636736934, 0, 0.0521036036559101, 1, 0.37753599050585634, 1, 0.21520097003456606, 0.04381393727564348, 0.0709952452300291, 3.376349906836219, 0.3517711291189972, 0.5912802668653543, 0.23105121444485016, 0.8653091383542891, 0.150974805142901, 0.2256872786101136, 0.28567248056327, 1.0105601251744611, 0.21434303819967254, 0.8156261831058352, 0.7573129276674435, 0.41331804128892463, 1.5503070351860233, 0.5114944808378609, 0.9405909825941311, 0.6524182521588215, 0.9599546179494536, 0.1871578141988583, 0.19787129653371358, 0.5123019522515574, 1.9923283789291089, 0.3397790318548444, 0.3239924989493803, 0.8944909658753605], BATTLES: 230-190-223-290-224-237-235-195-215-
83, 0, 2297, [1, 0.656691011971283, 0.5885338587763717, 0, 1, 1, 0.38389980359807474, 0.0027912529026350367, 0.6331691196060095, 1, 0, 0, 0.6838667333700458, 1, 1, 1, 1, 1, 0, 1, 0.5885680991925052, 0.3862229818281938, 0.26165587737837825, 0, 0.39089899785731663, 0.34748961186359634, 0.12504381784025936, 0, 0.17054684652162155, 0.05331410466839053, 0.09580999715405827, 3.004063771147375, 0.47679598025575753, 0.745543480648171, 0.15490915527116933, 1.0861018632603985, 0.0832181873366845, 0.14600834535142818, 0.4999921157721643, 0.4808079396778812, 0.13401735381155155, 0.8083587426137384, 0.6963031272162197, 0.3619040941971171, 1.976328171012268, 1.1930933931588914, 1.465946787538234, 0.3165044433621946, 1.4495009951032778, 0.18373570100601622, 0.3143940949708822, 0.20907559696161182, 2.945954549975112, 0.35000507487863, 0.1753420630845171, 0.6972571418365948], BATTLES: 260-216-230-294-265-277-261-233-261-
83, 1, 2263, [1, 0.6044747638866406, 0.5134281980286922, 0, 1, 1, 0.29379973145557853, 0, 0.6875516966023933, 0.8857256686489946, 0, 0, 1, 0.5799408611984653, 0.004725236208979786, 1, 0, 0.6593393220063297, 0, 1, 0, 0.5249983142619576, 0.7305518636736934, 0, 0.0521036036559101, 1, 0.37753599050585634, 1, 0.21520097003456606, 0.04381393727564348, 0.0709952452300291, 3.376349906836219, 0.3517711291189972, 0.5912802668653543, 0.23105121444485016, 0.8653091383542891, 0.150974805142901, 0.2256872786101136, 0.28567248056327, 1.0105601251744611, 0.21434303819967254, 0.8156261831058352, 0.7573129276674435, 0.41331804128892463, 1.5503070351860233, 0.5114944808378609, 0.9405909825941311, 0.6524182521588215, 0.9599546179494536, 0.1871578141988583, 0.19787129653371358, 0.5123019522515574, 1.9923283789291089, 0.3397790318548444, 0.3239924989493803, 0.8944909658753605], BATTLES: 244-222-260-290-242-278-268-220-239-
83, 2, 2253, [0.6661600806893845, 0.6548804977731264, 0.44541291268282696, 1, 1, 1, 0.5224677956675557, 0, 1, 0.9375809426357941, 0.6285266606346499, 0.02586707190037348, 0.613666867058501, 0.7061674241723894, 1, 0.7758925168999203, 0, 0.01338248801356029, 0.0718194308142926, 0.7170482593623267, 0.2293870563357871, 0.21818601428832757, 0.6315026374679612, 0.3241789526274611, 0, 0.6686782570830117, 0, 0, 0.09696414556074637, 0.0469257871972419, 0.014490390394296082, 0.5275869380200425, 1.4929595195780374, 0.8120230646368376, 0.27100614839065174, 0.4089590296413, 0.392790991936679, 0.14493794976343083, 0.13300041069767923, 0.3418093898472383, 0.06151885088569736, 0.2652425914938214, 0.650102670755429, 0.3394901841328553, 1.707495670446914, 0.33727934539617344, 0.1933090434060608, 0.4312714939383564, 0.3403222708373709, 0.19768526290629815, 0.2945727664648825, 1.076250202352981, 1.0006287469702213, 0.3139739757758152, 0.35078678926350093, 0.5472835228636417], BATTLES: 255-223-257-297-261-262-256-199-243-
83, 3, 2244, [0.4946687556394017, 0.6000347685948523, 0.35326311955341033, 1, 1, 1, 0.23522585584534866, 0, 0.5763148733367636, 0.7721978379965558, 0.4206095495898384, 0, 0.3770792739314572, 0.5309508909527225, 0.20587911748044785, 0.8568251275252624, 0, 1, 0.06689589320113508, 0.980338044987749, 0.07780608878364254, 0.2671984470562667, 0.3704544837921628, 0, 0, 0.8993467308500369, 0, 0, 0.2769669956688656, 0.049505285741671755, 0.03348462700471625, 1.2369560507241277, 0.24539349817154998, 0.32476870387422463, 0.19798398711038329, 0.826572965285798, 0.23099048227328858, 0.19059602818366117, 0.2983518450715481, 1.0133713885622404, 0.24244499543588863, 0.9309580413336576, 0.5493909972709765, 0.21027774535357738, 1.9498014684079739, 0.3621506708069617, 0.242178931262328, 0.6383587504250743, 0.35997216182011427, 0.14614547746550868, 0.6880269346829103, 0.7320461884762994, 5.70960722840283, 0.2973394818389023, 1.0591670040987973, 0.29278683451060117], BATTLES: 241-225-239-293-271-288-250-198-239-
83, 4, 2242, [0.53122538486, 0.6139756260233197, 0.4463257527618586, 0.2457973724770388, 1, 1, 0.4857438824531145, 0.014723412579762207, 1, 1, 0.580828990336229, 0.2053360117319231, 0.5360119083138996, 1, 0.21223563040556415, 0.49024100861275005, 0.5056672129507274, 0, 0, 1, 0.31691739943379854, 0.39638226780186725, 0.4861911201454135, 0, 0.4956623993155837, 0.8300238593942757, 0, 0, 0.0660084982706249, 0.036129443866200685, 0.0186898128092064, 0.8156906649975681, 1.742965079181816, 1.2265636000590099, 0.3202809190087392, 0.6320165492850868, 0.3230735915093142, 0.12606884346766825, 0.11976593571070537, 0.32808761783071566, 0.075380545552288, 0.16719557111572378, 1.0154273771841154, 0.46721348305912125, 1.263290858543074, 0.4739313655945242, 0.29347923136781223, 0.25179338326285094, 0.22405503419964917, 0.19740037785631662, 0.32127857949849464, 1.1064996444928379, 0.597267397045728, 0.30191964110302577, 0.32694160541707834, 0.5237754094107433], BATTLES: 264-227-229-279-263-274-237-220-249-
83, 5, 2225, [0.9184059527915075, 0.5545761608627482, 0.6344762254816987, 0.5912736176702496, 0.9155285115589276, 0.868035821631211, 0, 0, 0.8250287407211553, 0.9161754303875204, 0.09135576050760802, 0.04381586516215674, 0.634778262377703, 0.1487499796357013, 0.39571653815371455, 0.5714039243666316, 1, 0.4091897871576612, 0.33146271449758846, 0.6943608100194381, 0, 0.4297304216092136, 0.16447012772213856, 0, 0, 0.4610210623119081, 0.31603800376035013, 0, 0.10537031357397643, 0.05889503949585771, 0.24299491425791303, 2.791164427274228, 0.4015516046488977, 0.9262267985476479, 0.218902070467899, 1.3955393278737471, 0.08010048212009546, 0.09129658414933246, 0.27888766336478116, 0.44479078726318916, 0.11980325599016502, 0.8436164751570454, 0.6156354595384036, 0.2511351473241255, 2.877737812126746, 0.4051746045834906, 0.9166563294369179, 0.19046727894566925, 2.060821845382866, 0.07648969586871418, 0.2668145685600884, 0.30812429709190947, 1.9255104774816534, 0.4252884419636108, 0.16974665800428992, 0.43825329097263566], BATTLES: 236-212-232-291-242-278-260-228-246-
83, 6, 2211, [1, 0.5963308180757257, 0.4632248519341369, 0, 0.9185903973729078, 1, 0.31623030475831415, 0, 0.8661875505880883, 1, 0.7690099163547699, 0, 0.7387657326052383, 0.23357000402470632, 0, 0.75008803220241, 1, 1, 0.8639260916987012, 1, 0.5169234456944303, 0.3708276262550604, 0.07650972183553761, 0, 0, 0.7937945150658094, 0.021221396865183248, 0, 0.11269049519345832, 0.06023256613904795, 0.2947426109800868, 4.684422155894621, 0.6406650275485339, 1.2694251446511104, 0.19676422668905555, 1.2912695170955713, 0.10415226717451448, 0.15871908970466214, 0.2723840613960384, 0.4100000390202251, 0.10109539719369753, 1.5230668709274933, 0.69246907015198, 0.28035919985381547, 2.5176692170012966, 0.6736711555030918, 1.015335336928586, 0.6512841188748086, 1.8207167004644373, 0.10062989685408145, 0.15693545955578078, 0.13547853023883075, 2.9216069258236064, 0.356640327807836, 0.12929400397103766, 0.7164042518094409], BATTLES: 253-206-235-275-256-268-245-224-249-
83, 7, 2211, [0.9378507505429319, 0.5838762207151562, 0.44737695197191896, 0, 1, 1, 0.13250679720947156, 0, 0.8211814264680204, 1, 0.3245318762991777, 0.13827643795496417, 0.6800517445681565, 0.387248717499183, 0.2520819225219475, 0.8159024897533563, 1, 0.923698864810811, 0, 1, 1, 0.369879721882048, 0.26542505472076217, 0, 0, 0.626308169543464, 0, 0, 0.11481686092496537, 0.05539602779626678, 0.2010320897168012, 2.7150108486038955, 0.3307311369755463, 1.2500213213749827, 0.20059831403207284, 0.9366498128485274, 0.07390220288101115, 0.13012458783736852, 0.34148252625857556, 0.4977863394727763, 0.08361123077209212, 1.1181314448768878, 0.5388368353871243, 0.3227308045186745, 1.9850476725408164, 0.48038736329516574, 1.1082362376436043, 0.2630255203316817, 1.682919931658242, 0.12773829621560234, 0.2221791777545127, 0.24289920376079452, 2.5981232839936275, 0.3828261958291933, 0.186401889916259, 0.5674933277994951], BATTLES: 253-209-229-277-260-276-239-228-240-
83, 8, 2206, [1, 0.5928069273120437, 0.6126712821571284, 1, 0.8764529904252367, 0.7874769855159374, 0, 0.1073445492808335, 0.9589922040973591, 1, 0.24709978396449833, 0.6149227529898089, 0.6470468100596172, 0, 0, 0.12891757496920242, 0, 0.5765082857805952, 0, 0.8131575421311468, 0, 0.21985066706731937, 0.4461090001829014, 0.8480106231677808, 0, 0.1677019396463869, 0.5043950601286086, 0.1251474169042629, 0.31798111707848836, 0.044236612969723955, 0.03750493198973403, 3.2074493881344677, 0.1728261240031974, 0.30817057160905326, 0.26626701685945325, 2.172932483903649, 0.30865784562650606, 0.17096261681739178, 0.5287865838233128, 0.8082783654767832, 0.20262954173715025, 0.7700668210259841, 1.62617037853894, 0.3892142041306352, 2.8228683730494724, 0.31653304809211924, 1.0952605515352591, 0.36462335169602006, 1.0002431666364922, 0.30582657582119716, 0.3892543156293843, 0.5916603256751817, 2.651485503480752, 0.30673787640835964, 0.06971028617089225, 0.876722461415698], BATTLES: 239-218-212-278-243-257-265-243-251-
83, 9, 2198, [0.5266133269879709, 0.6052290414988846, 0.3972162747027166, 0.5983392470572841, 1, 0.8934132872218196, 0.22131733443235008, 0, 0.5670334376452806, 0.6905070684820614, 0.3436947841387525, 0, 0.4842269368064397, 1, 0.24288665370933957, 0.659853440618592, 1, 1, 0, 1, 0.2410650447542615, 0.42354027501751756, 0.36849351717057854, 0.18113551035985517, 0, 1, 0, 0, 0.15178819048762987, 0.05396858656398218, 0.04082539959795616, 0.8545916670533913, 0.43321717686828437, 0.32641961214979404, 0.1942469868957687, 0.6651680689161912, 0.19725584097210247, 0.23404446133628742, 0.24712426788487923, 0.5144219550610369, 0.20360170686824275, 0.6110553357599384, 0.5441706748674122, 0.2960741947423325, 1.1345644691943135, 0.3200264301291692, 0.4110506799464032, 0.6163784645928855, 0.3892098587105834, 0.2687472058268254, 0.41486967741235986, 0.48495806063182956, 4.773160599045052, 0.3110925248041542, 1.1507001203475875, 0.5164216575416974], BATTLES: 238-208-233-294-249-284-240-212-240-
84, 0, 2216, [1, 0.656691011971283, 0.5885338587763717, 0, 1, 1, 0.38389980359807474, 0.0027912529026350367, 0.6331691196060095, 1, 0, 0, 0.6838667333700458, 1, 1, 1, 1, 1, 0, 1, 0.5885680991925052, 0.3862229818281938, 0.26165587737837825, 0, 0.39089899785731663, 0.34748961186359634, 0.12504381784025936, 0, 0.17054684652162155, 0.05331410466839053, 0.09580999715405827, 3.004063771147375, 0.47679598025575753, 0.745543480648171, 0.15490915527116933, 1.0861018632603985, 0.0832181873366845, 0.14600834535142818, 0.4999921157721643, 0.4808079396778812, 0.13401735381155155, 0.8083587426137384, 0.6963031272162197, 0.3619040941971171, 1.976328171012268, 1.1930933931588914, 1.465946787538234, 0.3165044433621946, 1.4495009951032778, 0.18373570100601622, 0.3143940949708822, 0.20907559696161182, 2.945954549975112, 0.35000507487863, 0.1753420630845171, 0.6972571418365948], BATTLES: 255-208-211-288-269-253-273-238-221-
84, 1, 2185, [0.9378507505429319, 0.5838762207151562, 0.44737695197191896, 0, 1, 1, 0.13250679720947156, 0, 0.8211814264680204, 1, 0.3245318762991777, 0.13827643795496417, 0.6800517445681565, 0.387248717499183, 0.2520819225219475, 0.8159024897533563, 1, 0.923698864810811, 0, 1, 1, 0.369879721882048, 0.26542505472076217, 0, 0, 0.626308169543464, 0, 0, 0.11481686092496537, 0.05539602779626678, 0.2010320897168012, 2.7150108486038955, 0.3307311369755463, 1.2500213213749827, 0.20059831403207284, 0.9366498128485274, 0.07390220288101115, 0.13012458783736852, 0.34148252625857556, 0.4977863394727763, 0.08361123077209212, 1.1181314448768878, 0.5388368353871243, 0.3227308045186745, 1.9850476725408164, 0.48038736329516574, 1.1082362376436043, 0.2630255203316817, 1.682919931658242, 0.12773829621560234, 0.2221791777545127, 0.24289920376079452, 2.5981232839936275, 0.3828261958291933, 0.186401889916259, 0.5674933277994951], BATTLES: 246-203-219-289-264-273-249-216-226-
84, 2, 2174, [0.5266133269879709, 0.6052290414988846, 0.3972162747027166, 0.5983392470572841, 1, 0.8934132872218196, 0.22131733443235008, 0, 0.5670334376452806, 0.6905070684820614, 0.3436947841387525, 0, 0.4842269368064397, 1, 0.24288665370933957, 0.659853440618592, 1, 1, 0, 1, 0.2410650447542615, 0.42354027501751756, 0.36849351717057854, 0.18113551035985517, 0, 1, 0, 0, 0.15178819048762987, 0.05396858656398218, 0.04082539959795616, 0.8545916670533913, 0.43321717686828437, 0.32641961214979404, 0.1942469868957687, 0.6651680689161912, 0.19725584097210247, 0.23404446133628742, 0.24712426788487923, 0.5144219550610369, 0.20360170686824275, 0.6110553357599384, 0.5441706748674122, 0.2960741947423325, 1.1345644691943135, 0.3200264301291692, 0.4110506799464032, 0.6163784645928855, 0.3892098587105834, 0.2687472058268254, 0.41486967741235986, 0.48495806063182956, 4.773160599045052, 0.3110925248041542, 1.1507001203475875, 0.5164216575416974], BATTLES: 238-207-227-287-260-264-246-211-234-
84, 3, 2164, [1, 0.5963308180757257, 0.4632248519341369, 0, 0.9185903973729078, 1, 0.31623030475831415, 0, 0.8661875505880883, 1, 0.7690099163547699, 0, 0.7387657326052383, 0.23357000402470632, 0, 0.75008803220241, 1, 1, 0.8639260916987012, 1, 0.5169234456944303, 0.3708276262550604, 0.07650972183553761, 0, 0, 0.7937945150658094, 0.021221396865183248, 0, 0.11269049519345832, 0.06023256613904795, 0.2947426109800868, 4.684422155894621, 0.6406650275485339, 1.2694251446511104, 0.19676422668905555, 1.2912695170955713, 0.10415226717451448, 0.15871908970466214, 0.2723840613960384, 0.4100000390202251, 0.10109539719369753, 1.5230668709274933, 0.69246907015198, 0.28035919985381547, 2.5176692170012966, 0.6736711555030918, 1.015335336928586, 0.6512841188748086, 1.8207167004644373, 0.10062989685408145, 0.15693545955578078, 0.13547853023883075, 2.9216069258236064, 0.356640327807836, 0.12929400397103766, 0.7164042518094409], BATTLES: 265-194-219-281-238-265-234-228-240-
84, 4, 2161, [1, 0.6044747638866406, 0.5134281980286922, 0, 1, 1, 0.29379973145557853, 0, 0.6875516966023933, 0.8857256686489946, 0, 0, 1, 0.5799408611984653, 0.004725236208979786, 1, 0, 0.6593393220063297, 0, 1, 0, 0.5249983142619576, 0.7305518636736934, 0, 0.0521036036559101, 1, 0.37753599050585634, 1, 0.21520097003456606, 0.04381393727564348, 0.0709952452300291, 3.376349906836219, 0.3517711291189972, 0.5912802668653543, 0.23105121444485016, 0.8653091383542891, 0.150974805142901, 0.2256872786101136, 0.28567248056327, 1.0105601251744611, 0.21434303819967254, 0.8156261831058352, 0.7573129276674435, 0.41331804128892463, 1.5503070351860233, 0.5114944808378609, 0.9405909825941311, 0.6524182521588215, 0.9599546179494536, 0.1871578141988583, 0.19787129653371358, 0.5123019522515574, 1.9923283789291089, 0.3397790318548444, 0.3239924989493803, 0.8944909658753605], BATTLES: 257-205-239-297-225-257-254-211-216-
84, 5, 2158, [0.4946687556394017, 0.6000347685948523, 0.35326311955341033, 1, 1, 1, 0.23522585584534866, 0, 0.5763148733367636, 0.7721978379965558, 0.4206095495898384, 0, 0.3770792739314572, 0.5309508909527225, 0.20587911748044785, 0.8568251275252624, 0, 1, 0.06689589320113508, 0.980338044987749, 0.07780608878364254, 0.2671984470562667, 0.3704544837921628, 0, 0, 0.8993467308500369, 0, 0, 0.2769669956688656, 0.049505285741671755, 0.03348462700471625, 1.2369560507241277, 0.24539349817154998, 0.32476870387422463, 0.19798398711038329, 0.826572965285798, 0.23099048227328858, 0.19059602818366117, 0.2983518450715481, 1.0133713885622404, 0.24244499543588863, 0.9309580413336576, 0.5493909972709765, 0.21027774535357738, 1.9498014684079739, 0.3621506708069617, 0.242178931262328, 0.6383587504250743, 0.35997216182011427, 0.14614547746550868, 0.6880269346829103, 0.7320461884762994, 5.70960722840283, 0.2973394818389023, 1.0591670040987973, 0.29278683451060117], BATTLES: 256-188-224-297-244-267-242-204-236-
84, 6, 2148, [0.53122538486, 0.6139756260233197, 0.4463257527618586, 0.2457973724770388, 1, 1, 0.4857438824531145, 0.014723412579762207, 1, 1, 0.580828990336229, 0.2053360117319231, 0.5360119083138996, 1, 0.21223563040556415, 0.49024100861275005, 0.5056672129507274, 0, 0, 1, 0.31691739943379854, 0.39638226780186725, 0.4861911201454135, 0, 0.4956623993155837, 0.8300238593942757, 0, 0, 0.0660084982706249, 0.036129443866200685, 0.0186898128092064, 0.8156906649975681, 1.742965079181816, 1.2265636000590099, 0.3202809190087392, 0.6320165492850868, 0.3230735915093142, 0.12606884346766825, 0.11976593571070537, 0.32808761783071566, 0.075380545552288, 0.16719557111572378, 1.0154273771841154, 0.46721348305912125, 1.263290858543074, 0.4739313655945242, 0.29347923136781223, 0.25179338326285094, 0.22405503419964917, 0.19740037785631662, 0.32127857949849464, 1.1064996444928379, 0.597267397045728, 0.30191964110302577, 0.32694160541707834, 0.5237754094107433], BATTLES: 242-200-226-278-252-261-236-210-243-
84, 7, 2146, [0.6661600806893845, 0.6548804977731264, 0.44541291268282696, 1, 1, 1, 0.5224677956675557, 0, 1, 0.9375809426357941, 0.6285266606346499, 0.02586707190037348, 0.613666867058501, 0.7061674241723894, 1, 0.7758925168999203, 0, 0.01338248801356029, 0.0718194308142926, 0.7170482593623267, 0.2293870563357871, 0.21818601428832757, 0.6315026374679612, 0.3241789526274611, 0, 0.6686782570830117, 0, 0, 0.09696414556074637, 0.0469257871972419, 0.014490390394296082, 0.5275869380200425, 1.4929595195780374, 0.8120230646368376, 0.27100614839065174, 0.4089590296413, 0.392790991936679, 0.14493794976343083, 0.13300041069767923, 0.3418093898472383, 0.06151885088569736, 0.2652425914938214, 0.650102670755429, 0.3394901841328553, 1.707495670446914, 0.33727934539617344, 0.1933090434060608, 0.4312714939383564, 0.3403222708373709, 0.19768526290629815, 0.2945727664648825, 1.076250202352981, 1.0006287469702213, 0.3139739757758152, 0.35078678926350093, 0.5472835228636417], BATTLES: 258-200-215-310-238-249-239-194-243-
84, 8, 2117, [1, 0.5928069273120437, 0.6126712821571284, 1, 0.8764529904252367, 0.7874769855159374, 0, 0.1073445492808335, 0.9589922040973591, 1, 0.24709978396449833, 0.6149227529898089, 0.6470468100596172, 0, 0, 0.12891757496920242, 0, 0.5765082857805952, 0, 0.8131575421311468, 0, 0.21985066706731937, 0.4461090001829014, 0.8480106231677808, 0, 0.1677019396463869, 0.5043950601286086, 0.1251474169042629, 0.31798111707848836, 0.044236612969723955, 0.03750493198973403, 3.2074493881344677, 0.1728261240031974, 0.30817057160905326, 0.26626701685945325, 2.172932483903649, 0.30865784562650606, 0.17096261681739178, 0.5287865838233128, 0.8082783654767832, 0.20262954173715025, 0.7700668210259841, 1.62617037853894, 0.3892142041306352, 2.8228683730494724, 0.31653304809211924, 1.0952605515352591, 0.36462335169602006, 1.0002431666364922, 0.30582657582119716, 0.3892543156293843, 0.5916603256751817, 2.651485503480752, 0.30673787640835964, 0.06971028617089225, 0.876722461415698], BATTLES: 243-201-212-290-222-228-265-233-223-
84, 9, 2107, [0.9184059527915075, 0.5545761608627482, 0.6344762254816987, 0.5912736176702496, 0.9155285115589276, 0.868035821631211, 0, 0, 0.8250287407211553, 0.9161754303875204, 0.09135576050760802, 0.04381586516215674, 0.634778262377703, 0.1487499796357013, 0.39571653815371455, 0.5714039243666316, 1, 0.4091897871576612, 0.33146271449758846, 0.6943608100194381, 0, 0.4297304216092136, 0.16447012772213856, 0, 0, 0.4610210623119081, 0.31603800376035013, 0, 0.10537031357397643, 0.05889503949585771, 0.24299491425791303, 2.791164427274228, 0.4015516046488977, 0.9262267985476479, 0.218902070467899, 1.3955393278737471, 0.08010048212009546, 0.09129658414933246, 0.27888766336478116, 0.44479078726318916, 0.11980325599016502, 0.8436164751570454, 0.6156354595384036, 0.2511351473241255, 2.877737812126746, 0.4051746045834906, 0.9166563294369179, 0.19046727894566925, 2.060821845382866, 0.07648969586871418, 0.2668145685600884, 0.30812429709190947, 1.9255104774816534, 0.4252884419636108, 0.16974665800428992, 0.43825329097263566], BATTLES: 226-182-215-288-235-229-263-225-244-
85, 0, 2090, [0.4946687556394017, 0.6000347685948523, 0.35326311955341033, 1, 1, 1, 0.23522585584534866, 0, 0.5763148733367636, 0.7721978379965558, 0.4206095495898384, 0, 0.3770792739314572, 0.5309508909527225, 0.20587911748044785, 0.8568251275252624, 0, 1, 0.06689589320113508, 0.980338044987749, 0.07780608878364254, 0.2671984470562667, 0.3704544837921628, 0, 0, 0.8993467308500369, 0, 0, 0.2769669956688656, 0.049505285741671755, 0.03348462700471625, 1.2369560507241277, 0.24539349817154998, 0.32476870387422463, 0.19798398711038329, 0.826572965285798, 0.23099048227328858, 0.19059602818366117, 0.2983518450715481, 1.0133713885622404, 0.24244499543588863, 0.9309580413336576, 0.5493909972709765, 0.21027774535357738, 1.9498014684079739, 0.3621506708069617, 0.242178931262328, 0.6383587504250743, 0.35997216182011427, 0.14614547746550868, 0.6880269346829103, 0.7320461884762994, 5.70960722840283, 0.2973394818389023, 1.0591670040987973, 0.29278683451060117], BATTLES: 242-187-233-289-253-284-208-172-222-
85, 1, 2068, [1, 0.656691011971283, 0.5885338587763717, 0, 1, 1, 0.38389980359807474, 0.0027912529026350367, 0.6331691196060095, 1, 0, 0, 0.6838667333700458, 1, 1, 1, 1, 1, 0, 1, 0.5885680991925052, 0.3862229818281938, 0.26165587737837825, 0, 0.39089899785731663, 0.34748961186359634, 0.12504381784025936, 0, 0.17054684652162155, 0.05331410466839053, 0.09580999715405827, 3.004063771147375, 0.47679598025575753, 0.745543480648171, 0.15490915527116933, 1.0861018632603985, 0.0832181873366845, 0.14600834535142818, 0.4999921157721643, 0.4808079396778812, 0.13401735381155155, 0.8083587426137384, 0.6963031272162197, 0.3619040941971171, 1.976328171012268, 1.1930933931588914, 1.465946787538234, 0.3165044433621946, 1.4495009951032778, 0.18373570100601622, 0.3143940949708822, 0.20907559696161182, 2.945954549975112, 0.35000507487863, 0.1753420630845171, 0.6972571418365948], BATTLES: 226-184-215-289-260-257-233-197-207-
85, 2, 2045, [0.9378507505429319, 0.5838762207151562, 0.44737695197191896, 0, 1, 1, 0.13250679720947156, 0, 0.8211814264680204, 1, 0.3245318762991777, 0.13827643795496417, 0.6800517445681565, 0.387248717499183, 0.2520819225219475, 0.8159024897533563, 1, 0.923698864810811, 0, 1, 1, 0.369879721882048, 0.26542505472076217, 0, 0, 0.626308169543464, 0, 0, 0.11481686092496537, 0.05539602779626678, 0.2010320897168012, 2.7150108486038955, 0.3307311369755463, 1.2500213213749827, 0.20059831403207284, 0.9366498128485274, 0.07390220288101115, 0.13012458783736852, 0.34148252625857556, 0.4977863394727763, 0.08361123077209212, 1.1181314448768878, 0.5388368353871243, 0.3227308045186745, 1.9850476725408164, 0.48038736329516574, 1.1082362376436043, 0.2630255203316817, 1.682919931658242, 0.12773829621560234, 0.2221791777545127, 0.24289920376079452, 2.5981232839936275, 0.3828261958291933, 0.186401889916259, 0.5674933277994951], BATTLES: 222-172-210-291-249-260-223-204-214-
85, 3, 2031, [0.5266133269879709, 0.6052290414988846, 0.3972162747027166, 0.5983392470572841, 1, 0.8934132872218196, 0.22131733443235008, 0, 0.5670334376452806, 0.6905070684820614, 0.3436947841387525, 0, 0.4842269368064397, 1, 0.24288665370933957, 0.659853440618592, 1, 1, 0, 1, 0.2410650447542615, 0.42354027501751756, 0.36849351717057854, 0.18113551035985517, 0, 1, 0, 0, 0.15178819048762987, 0.05396858656398218, 0.04082539959795616, 0.8545916670533913, 0.43321717686828437, 0.32641961214979404, 0.1942469868957687, 0.6651680689161912, 0.19725584097210247, 0.23404446133628742, 0.24712426788487923, 0.5144219550610369, 0.20360170686824275, 0.6110553357599384, 0.5441706748674122, 0.2960741947423325, 1.1345644691943135, 0.3200264301291692, 0.4110506799464032, 0.6163784645928855, 0.3892098587105834, 0.2687472058268254, 0.41486967741235986, 0.48495806063182956, 4.773160599045052, 0.3110925248041542, 1.1507001203475875, 0.5164216575416974], BATTLES: 221-192-223-269-248-261-214-173-230-
85, 4, 2004, [0.6661600806893845, 0.6548804977731264, 0.44541291268282696, 1, 1, 1, 0.5224677956675557, 0, 1, 0.9375809426357941, 0.6285266606346499, 0.02586707190037348, 0.613666867058501, 0.7061674241723894, 1, 0.7758925168999203, 0, 0.01338248801356029, 0.0718194308142926, 0.7170482593623267, 0.2293870563357871, 0.21818601428832757, 0.6315026374679612, 0.3241789526274611, 0, 0.6686782570830117, 0, 0, 0.09696414556074637, 0.0469257871972419, 0.014490390394296082, 0.5275869380200425, 1.4929595195780374, 0.8120230646368376, 0.27100614839065174, 0.4089590296413, 0.392790991936679, 0.14493794976343083, 0.13300041069767923, 0.3418093898472383, 0.06151885088569736, 0.2652425914938214, 0.650102670755429, 0.3394901841328553, 1.707495670446914, 0.33727934539617344, 0.1933090434060608, 0.4312714939383564, 0.3403222708373709, 0.19768526290629815, 0.2945727664648825, 1.076250202352981, 1.0006287469702213, 0.3139739757758152, 0.35078678926350093, 0.5472835228636417], BATTLES: 218-197-230-275-237-254-200-184-209-
85, 5, 2003, [1, 0.6044747638866406, 0.5134281980286922, 0, 1, 1, 0.29379973145557853, 0, 0.6875516966023933, 0.8857256686489946, 0, 0, 1, 0.5799408611984653, 0.004725236208979786, 1, 0, 0.6593393220063297, 0, 1, 0, 0.5249983142619576, 0.7305518636736934, 0, 0.0521036036559101, 1, 0.37753599050585634, 1, 0.21520097003456606, 0.04381393727564348, 0.0709952452300291, 3.376349906836219, 0.3517711291189972, 0.5912802668653543, 0.23105121444485016, 0.8653091383542891, 0.150974805142901, 0.2256872786101136, 0.28567248056327, 1.0105601251744611, 0.21434303819967254, 0.8156261831058352, 0.7573129276674435, 0.41331804128892463, 1.5503070351860233, 0.5114944808378609, 0.9405909825941311, 0.6524182521588215, 0.9599546179494536, 0.1871578141988583, 0.19787129653371358, 0.5123019522515574, 1.9923283789291089, 0.3397790318548444, 0.3239924989493803, 0.8944909658753605], BATTLES: 224-179-236-276-212-257-215-184-220-
85, 6, 2002, [0.9184059527915075, 0.5545761608627482, 0.6344762254816987, 0.5912736176702496, 0.9155285115589276, 0.868035821631211, 0, 0, 0.8250287407211553, 0.9161754303875204, 0.09135576050760802, 0.04381586516215674, 0.634778262377703, 0.1487499796357013, 0.39571653815371455, 0.5714039243666316, 1, 0.4091897871576612, 0.33146271449758846, 0.6943608100194381, 0, 0.4297304216092136, 0.16447012772213856, 0, 0, 0.4610210623119081, 0.31603800376035013, 0, 0.10537031357397643, 0.05889503949585771, 0.24299491425791303, 2.791164427274228, 0.4015516046488977, 0.9262267985476479, 0.218902070467899, 1.3955393278737471, 0.08010048212009546, 0.09129658414933246, 0.27888766336478116, 0.44479078726318916, 0.11980325599016502, 0.8436164751570454, 0.6156354595384036, 0.2511351473241255, 2.877737812126746, 0.4051746045834906, 0.9166563294369179, 0.19046727894566925, 2.060821845382866, 0.07648969586871418, 0.2668145685600884, 0.30812429709190947, 1.9255104774816534, 0.4252884419636108, 0.16974665800428992, 0.43825329097263566], BATTLES: 215-186-209-275-220-269-220-195-213-
85, 7, 1994, [0.5841321963068813, 0.577927113723738, 0.3012166534763615, 0.9619189147578315, 0.7800300481756786, 1, 0.14737044458732756, 0, 0.8662799357742341, 0.9300894098564898, 0.5883523738899618, 0, 0.670078323109136, 0, 0.09097082429501765, 0.6228580768872736, 0, 0.34280650255868017, 1, 1, 1, 0.38292059281859164, 0, 0.0897894394484363, 0, 1, 0, 0.06620190040213686, 0.16525440049516918, 0.09434902332136255, 0.26177265826664237, 1.5049228531772922, 0.47296268790912155, 1.1300086954461508, 0.2245496677404799, 1.0897495513628783, 0.09118086452994269, 0.09736958391430534, 0.3087032665680849, 0.5866125680905397, 0.11321697560174723, 1.355351853442603, 0.48027805159007386, 0.26511004170885216, 2.7141044304408575, 0.35224509650080815, 1.9347929033330578, 0.44180463286114124, 1.4690105515097596, 0.09982843853313914, 0.4403640976732824, 0.3470555123085338, 3.4108673001560836, 0.4813107006109066, 0.25853402702273115, 0.4272529726382843], BATTLES: 211-161-226-263-224-283-211-172-243-
85, 8, 1979, [0.840055020438462, 0.5841288340742866, 0.45474151827593595, 1, 0.4510848449958539, 1, 0.41466091196587884, 0, 0.8916822677345879, 1, 0.4747420619032577, 0.23829532602814893, 0.9231704918901675, 0, 0, 0.7577324277734049, 0, 1, 1, 1, 1, 0.3138067659917272, 0, 0, 0, 0.5284793225325871, 0.13180082852640412, 0.551470347728998, 0.13137281483955415, 0.05208263940939327, 0.20506887502690704, 4.631145727662594, 0.6183297679281721, 1.0793187129425785, 0.21256987908485075, 0.9063284052675039, 0.045280406604937685, 0.14182363651030958, 0.27958462968519365, 0.43781646226212295, 0.10953242793648017, 1.8273252871371912, 0.6250441974600207, 0.37577662711136584, 3.674251902614828, 0.5877347907752032, 0.5705363414742202, 0.8296893237467773, 2.5641251660651614, 0.09741149582459342, 0.21003918106729683, 0.15129146229887355, 1.3864949333403762, 0.5754066251638756, 0.08466834899021111, 0.9266788798355964], BATTLES: 222-136-245-254-191-269-239-172-251-
85, 9, 1979, [0.53122538486, 0.6139756260233197, 0.4463257527618586, 0.2457973724770388, 1, 1, 0.4857438824531145, 0.014723412579762207, 1, 1, 0.580828990336229, 0.2053360117319231, 0.5360119083138996, 1, 0.21223563040556415, 0.49024100861275005, 0.5056672129507274, 0, 0, 1, 0.31691739943379854, 0.39638226780186725, 0.4861911201454135, 0, 0.4956623993155837, 0.8300238593942757, 0, 0, 0.0660084982706249, 0.036129443866200685, 0.0186898128092064, 0.8156906649975681, 1.742965079181816, 1.2265636000590099, 0.3202809190087392, 0.6320165492850868, 0.3230735915093142, 0.12606884346766825, 0.11976593571070537, 0.32808761783071566, 0.075380545552288, 0.16719557111572378, 1.0154273771841154, 0.46721348305912125, 1.263290858543074, 0.4739313655945242, 0.29347923136781223, 0.25179338326285094, 0.22405503419964917, 0.19740037785631662, 0.32127857949849464, 1.1064996444928379, 0.597267397045728, 0.30191964110302577, 0.32694160541707834, 0.5237754094107433], BATTLES: 214-171-230-265-234-255-204-176-230-
86, 0, 2190, [1, 0.656691011971283, 0.5885338587763717, 0, 1, 1, 0.38389980359807474, 0.0027912529026350367, 0.6331691196060095, 1, 0, 0, 0.6838667333700458, 1, 1, 1, 1, 1, 0, 1, 0.5885680991925052, 0.3862229818281938, 0.26165587737837825, 0, 0.39089899785731663, 0.34748961186359634, 0.12504381784025936, 0, 0.17054684652162155, 0.05331410466839053, 0.09580999715405827, 3.004063771147375, 0.47679598025575753, 0.745543480648171, 0.15490915527116933, 1.0861018632603985, 0.0832181873366845, 0.14600834535142818, 0.4999921157721643, 0.4808079396778812, 0.13401735381155155, 0.8083587426137384, 0.6963031272162197, 0.3619040941971171, 1.976328171012268, 1.1930933931588914, 1.465946787538234, 0.3165044433621946, 1.4495009951032778, 0.18373570100601622, 0.3143940949708822, 0.20907559696161182, 2.945954549975112, 0.35000507487863, 0.1753420630845171, 0.6972571418365948], BATTLES: 257-207-205-307-273-269-240-216-216-
86, 1, 2181, [0.6661600806893845, 0.6548804977731264, 0.44541291268282696, 1, 1, 1, 0.5224677956675557, 0, 1, 0.9375809426357941, 0.6285266606346499, 0.02586707190037348, 0.613666867058501, 0.7061674241723894, 1, 0.7758925168999203, 0, 0.01338248801356029, 0.0718194308142926, 0.7170482593623267, 0.2293870563357871, 0.21818601428832757, 0.6315026374679612, 0.3241789526274611, 0, 0.6686782570830117, 0, 0, 0.09696414556074637, 0.0469257871972419, 0.014490390394296082, 0.5275869380200425, 1.4929595195780374, 0.8120230646368376, 0.27100614839065174, 0.4089590296413, 0.392790991936679, 0.14493794976343083, 0.13300041069767923, 0.3418093898472383, 0.06151885088569736, 0.2652425914938214, 0.650102670755429, 0.3394901841328553, 1.707495670446914, 0.33727934539617344, 0.1933090434060608, 0.4312714939383564, 0.3403222708373709, 0.19768526290629815, 0.2945727664648825, 1.076250202352981, 1.0006287469702213, 0.3139739757758152, 0.35078678926350093, 0.5472835228636417], BATTLES: 249-206-233-299-240-276-250-206-222-
86, 2, 2178, [0.9184059527915075, 0.5545761608627482, 0.6344762254816987, 0.5912736176702496, 0.9155285115589276, 0.868035821631211, 0, 0, 0.8250287407211553, 0.9161754303875204, 0.09135576050760802, 0.04381586516215674, 0.634778262377703, 0.1487499796357013, 0.39571653815371455, 0.5714039243666316, 1, 0.4091897871576612, 0.33146271449758846, 0.6943608100194381, 0, 0.4297304216092136, 0.16447012772213856, 0, 0, 0.4610210623119081, 0.31603800376035013, 0, 0.10537031357397643, 0.05889503949585771, 0.24299491425791303, 2.791164427274228, 0.4015516046488977, 0.9262267985476479, 0.218902070467899, 1.3955393278737471, 0.08010048212009546, 0.09129658414933246, 0.27888766336478116, 0.44479078726318916, 0.11980325599016502, 0.8436164751570454, 0.6156354595384036, 0.2511351473241255, 2.877737812126746, 0.4051746045834906, 0.9166563294369179, 0.19046727894566925, 2.060821845382866, 0.07648969586871418, 0.2668145685600884, 0.30812429709190947, 1.9255104774816534, 0.4252884419636108, 0.16974665800428992, 0.43825329097263566], BATTLES: 246-187-222-281-260-268-265-228-221-
86, 3, 2155, [0.4946687556394017, 0.6000347685948523, 0.35326311955341033, 1, 1, 1, 0.23522585584534866, 0, 0.5763148733367636, 0.7721978379965558, 0.4206095495898384, 0, 0.3770792739314572, 0.5309508909527225, 0.20587911748044785, 0.8568251275252624, 0, 1, 0.06689589320113508, 0.980338044987749, 0.07780608878364254, 0.2671984470562667, 0.3704544837921628, 0, 0, 0.8993467308500369, 0, 0, 0.2769669956688656, 0.049505285741671755, 0.03348462700471625, 1.2369560507241277, 0.24539349817154998, 0.32476870387422463, 0.19798398711038329, 0.826572965285798, 0.23099048227328858, 0.19059602818366117, 0.2983518450715481, 1.0133713885622404, 0.24244499543588863, 0.9309580413336576, 0.5493909972709765, 0.21027774535357738, 1.9498014684079739, 0.3621506708069617, 0.242178931262328, 0.6383587504250743, 0.35997216182011427, 0.14614547746550868, 0.6880269346829103, 0.7320461884762994, 5.70960722840283, 0.2973394818389023, 1.0591670040987973, 0.29278683451060117], BATTLES: 235-184-221-294-262-283-240-203-233-
86, 4, 2155, [1, 0.6044747638866406, 0.5134281980286922, 0, 1, 1, 0.29379973145557853, 0, 0.6875516966023933, 0.8857256686489946, 0, 0, 1, 0.5799408611984653, 0.004725236208979786, 1, 0, 0.6593393220063297, 0, 1, 0, 0.5249983142619576, 0.7305518636736934, 0, 0.0521036036559101, 1, 0.37753599050585634, 1, 0.21520097003456606, 0.04381393727564348, 0.0709952452300291, 3.376349906836219, 0.3517711291189972, 0.5912802668653543, 0.23105121444485016, 0.8653091383542891, 0.150974805142901, 0.2256872786101136, 0.28567248056327, 1.0105601251744611, 0.21434303819967254, 0.8156261831058352, 0.7573129276674435, 0.41331804128892463, 1.5503070351860233, 0.5114944808378609, 0.9405909825941311, 0.6524182521588215, 0.9599546179494536, 0.1871578141988583, 0.19787129653371358, 0.5123019522515574, 1.9923283789291089, 0.3397790318548444, 0.3239924989493803, 0.8944909658753605], BATTLES: 240-217-210-300-236-260-254-200-238-
86, 5, 2154, [0.5266133269879709, 0.6052290414988846, 0.3972162747027166, 0.5983392470572841, 1, 0.8934132872218196, 0.22131733443235008, 0, 0.5670334376452806, 0.6905070684820614, 0.3436947841387525, 0, 0.4842269368064397, 1, 0.24288665370933957, 0.659853440618592, 1, 1, 0, 1, 0.2410650447542615, 0.42354027501751756, 0.36849351717057854, 0.18113551035985517, 0, 1, 0, 0, 0.15178819048762987, 0.05396858656398218, 0.04082539959795616, 0.8545916670533913, 0.43321717686828437, 0.32641961214979404, 0.1942469868957687, 0.6651680689161912, 0.19725584097210247, 0.23404446133628742, 0.24712426788487923, 0.5144219550610369, 0.20360170686824275, 0.6110553357599384, 0.5441706748674122, 0.2960741947423325, 1.1345644691943135, 0.3200264301291692, 0.4110506799464032, 0.6163784645928855, 0.3892098587105834, 0.2687472058268254, 0.41486967741235986, 0.48495806063182956, 4.773160599045052, 0.3110925248041542, 1.1507001203475875, 0.5164216575416974], BATTLES: 255-192-224-300-248-266-244-194-231-
86, 6, 2147, [0.9378507505429319, 0.5838762207151562, 0.44737695197191896, 0, 1, 1, 0.13250679720947156, 0, 0.8211814264680204, 1, 0.3245318762991777, 0.13827643795496417, 0.6800517445681565, 0.387248717499183, 0.2520819225219475, 0.8159024897533563, 1, 0.923698864810811, 0, 1, 1, 0.369879721882048, 0.26542505472076217, 0, 0, 0.626308169543464, 0, 0, 0.11481686092496537, 0.05539602779626678, 0.2010320897168012, 2.7150108486038955, 0.3307311369755463, 1.2500213213749827, 0.20059831403207284, 0.9366498128485274, 0.07390220288101115, 0.13012458783736852, 0.34148252625857556, 0.4977863394727763, 0.08361123077209212, 1.1181314448768878, 0.5388368353871243, 0.3227308045186745, 1.9850476725408164, 0.48038736329516574, 1.1082362376436043, 0.2630255203316817, 1.682919931658242, 0.12773829621560234, 0.2221791777545127, 0.24289920376079452, 2.5981232839936275, 0.3828261958291933, 0.186401889916259, 0.5674933277994951], BATTLES: 245-190-200-301-254-272-244-215-226-
86, 7, 2134, [0.5841321963068813, 0.577927113723738, 0.3012166534763615, 0.9619189147578315, 0.7800300481756786, 1, 0.14737044458732756, 0, 0.8662799357742341, 0.9300894098564898, 0.5883523738899618, 0, 0.670078323109136, 0, 0.09097082429501765, 0.6228580768872736, 0, 0.34280650255868017, 1, 1, 1, 0.38292059281859164, 0, 0.0897894394484363, 0, 1, 0, 0.06620190040213686, 0.16525440049516918, 0.09434902332136255, 0.26177265826664237, 1.5049228531772922, 0.47296268790912155, 1.1300086954461508, 0.2245496677404799, 1.0897495513628783, 0.09118086452994269, 0.09736958391430534, 0.3087032665680849, 0.5866125680905397, 0.11321697560174723, 1.355351853442603, 0.48027805159007386, 0.26511004170885216, 2.7141044304408575, 0.35224509650080815, 1.9347929033330578, 0.44180463286114124, 1.4690105515097596, 0.09982843853313914, 0.4403640976732824, 0.3470555123085338, 3.4108673001560836, 0.4813107006109066, 0.25853402702273115, 0.4272529726382843], BATTLES: 230-180-222-288-248-268-246-204-248-
86, 8, 2117, [0.7869127850219019, 0.550523992015361, 0.47028853014333266, 0, 0.8901321932956462, 1, 0.3336096514538781, 0, 0.7623257968802065, 0.986514651520885, 0.6314687970220236, 0, 0.7198459999228835, 0.8715584013096749, 0, 0.7659439648103363, 0.6941551889646703, 0.6501679986730601, 0.9630387800085488, 0.8518018484609102, 0, 0.5867119931681686, 0.05182325131735169, 0, 0, 0.34762695465424265, 0.14184726119285238, 0, 0.09232993718851486, 0.06071927648035575, 0.15352269920540346, 2.2273622125619723, 0.19229334167500783, 0.8487279838954651, 0.09213055770302968, 1.4213538368834868, 0.08030893034004911, 0.15967367688165615, 0.4688924525735315, 0.4272799836558545, 0.06243800913461187, 1.4630889877198643, 0.639908088043034, 0.23686408329800668, 1.5381330689994268, 0.5050568556552701, 1.5461837916479126, 0.17874891017814984, 2.599053006250912, 0.14662139322504547, 0.18957512476267702, 0.2838017998590475, 2.808276977103689, 0.185995334386741, 0.14729388253188308, 0.57547257880172], BATTLES: 235-204-212-291-238-266-232-183-256-
86, 9, 2105, [0.53122538486, 0.6139756260233197, 0.4463257527618586, 0.2457973724770388, 1, 1, 0.4857438824531145, 0.014723412579762207, 1, 1, 0.580828990336229, 0.2053360117319231, 0.5360119083138996, 1, 0.21223563040556415, 0.49024100861275005, 0.5056672129507274, 0, 0, 1, 0.31691739943379854, 0.39638226780186725, 0.4861911201454135, 0, 0.4956623993155837, 0.8300238593942757, 0, 0, 0.0660084982706249, 0.036129443866200685, 0.0186898128092064, 0.8156906649975681, 1.742965079181816, 1.2265636000590099, 0.3202809190087392, 0.6320165492850868, 0.3230735915093142, 0.12606884346766825, 0.11976593571070537, 0.32808761783071566, 0.075380545552288, 0.16719557111572378, 1.0154273771841154, 0.46721348305912125, 1.263290858543074, 0.4739313655945242, 0.29347923136781223, 0.25179338326285094, 0.22405503419964917, 0.19740037785631662, 0.32127857949849464, 1.1064996444928379, 0.597267397045728, 0.30191964110302577, 0.32694160541707834, 0.5237754094107433], BATTLES: 247-193-232-278-250-256-240-184-225-
87, 0, 1915, [1, 0.656691011971283, 0.5885338587763717, 0, 1, 1, 0.38389980359807474, 0.0027912529026350367, 0.6331691196060095, 1, 0, 0, 0.6838667333700458, 1, 1, 1, 1, 1, 0, 1, 0.5885680991925052, 0.3862229818281938, 0.26165587737837825, 0, 0.39089899785731663, 0.34748961186359634, 0.12504381784025936, 0, 0.17054684652162155, 0.05331410466839053, 0.09580999715405827, 3.004063771147375, 0.47679598025575753, 0.745543480648171, 0.15490915527116933, 1.0861018632603985, 0.0832181873366845, 0.14600834535142818, 0.4999921157721643, 0.4808079396778812, 0.13401735381155155, 0.8083587426137384, 0.6963031272162197, 0.3619040941971171, 1.976328171012268, 1.1930933931588914, 1.465946787538234, 0.3165044433621946, 1.4495009951032778, 0.18373570100601622, 0.3143940949708822, 0.20907559696161182, 2.945954549975112, 0.35000507487863, 0.1753420630845171, 0.6972571418365948], BATTLES: 213-171-197-277-239-254-202-172-190-
87, 1, 1870, [1, 0.6044747638866406, 0.5134281980286922, 0, 1, 1, 0.29379973145557853, 0, 0.6875516966023933, 0.8857256686489946, 0, 0, 1, 0.5799408611984653, 0.004725236208979786, 1, 0, 0.6593393220063297, 0, 1, 0, 0.5249983142619576, 0.7305518636736934, 0, 0.0521036036559101, 1, 0.37753599050585634, 1, 0.21520097003456606, 0.04381393727564348, 0.0709952452300291, 3.376349906836219, 0.3517711291189972, 0.5912802668653543, 0.23105121444485016, 0.8653091383542891, 0.150974805142901, 0.2256872786101136, 0.28567248056327, 1.0105601251744611, 0.21434303819967254, 0.8156261831058352, 0.7573129276674435, 0.41331804128892463, 1.5503070351860233, 0.5114944808378609, 0.9405909825941311, 0.6524182521588215, 0.9599546179494536, 0.1871578141988583, 0.19787129653371358, 0.5123019522515574, 1.9923283789291089, 0.3397790318548444, 0.3239924989493803, 0.8944909658753605], BATTLES: 208-182-216-250-211-242-210-159-192-
87, 2, 1867, [0.4946687556394017, 0.6000347685948523, 0.35326311955341033, 1, 1, 1, 0.23522585584534866, 0, 0.5763148733367636, 0.7721978379965558, 0.4206095495898384, 0, 0.3770792739314572, 0.5309508909527225, 0.20587911748044785, 0.8568251275252624, 0, 1, 0.06689589320113508, 0.980338044987749, 0.07780608878364254, 0.2671984470562667, 0.3704544837921628, 0, 0, 0.8993467308500369, 0, 0, 0.2769669956688656, 0.049505285741671755, 0.03348462700471625, 1.2369560507241277, 0.24539349817154998, 0.32476870387422463, 0.19798398711038329, 0.826572965285798, 0.23099048227328858, 0.19059602818366117, 0.2983518450715481, 1.0133713885622404, 0.24244499543588863, 0.9309580413336576, 0.5493909972709765, 0.21027774535357738, 1.9498014684079739, 0.3621506708069617, 0.242178931262328, 0.6383587504250743, 0.35997216182011427, 0.14614547746550868, 0.6880269346829103, 0.7320461884762994, 5.70960722840283, 0.2973394818389023, 1.0591670040987973, 0.29278683451060117], BATTLES: 203-161-218-266-245-257-193-137-187-
87, 3, 1864, [0.8382331382049628, 0.542778940528317, 0.6435239789517248, 1, 1, 1, 0, 0, 0.7282134903177913, 0.8539825935477009, 0.2700475531743559, 0.25972400767869025, 0.8245449671475865, 0, 1, 0.9463708348548525, 0.2591665380911776, 0.28485086982279567, 1, 1, 0, 0.45074226654687366, 0.33668701449207106, 0, 0.34883988119506815, 1, 0.19812532767745739, 0, 0.09790160417007414, 0.052304553504916564, 0.26217829054231767, 2.906216540328385, 0.5456190777526512, 0.5768239182077902, 0.13933769313257766, 2.3519919521301227, 0.07150351349895048, 0.10451351237507785, 0.237922983627117, 0.518736168476504, 0.14450248378474692, 1.318522168392789, 0.5611816079403765, 0.32525999548371043, 1.782106890592881, 0.46656741829197823, 0.846535484910713, 0.2908276738889845, 1.846675809630866, 0.08419211195456716, 0.1598369170376273, 0.5564648592155123, 1.557274954057595, 0.9048284869800056, 0.14099664076619858, 0.6308890570527418], BATTLES: 192-176-208-243-218-265-203-152-207-
87, 4, 1851, [0.9378507505429319, 0.5838762207151562, 0.44737695197191896, 0, 1, 1, 0.13250679720947156, 0, 0.8211814264680204, 1, 0.3245318762991777, 0.13827643795496417, 0.6800517445681565, 0.387248717499183, 0.2520819225219475, 0.8159024897533563, 1, 0.923698864810811, 0, 1, 1, 0.369879721882048, 0.26542505472076217, 0, 0, 0.626308169543464, 0, 0, 0.11481686092496537, 0.05539602779626678, 0.2010320897168012, 2.7150108486038955, 0.3307311369755463, 1.2500213213749827, 0.20059831403207284, 0.9366498128485274, 0.07390220288101115, 0.13012458783736852, 0.34148252625857556, 0.4977863394727763, 0.08361123077209212, 1.1181314448768878, 0.5388368353871243, 0.3227308045186745, 1.9850476725408164, 0.48038736329516574, 1.1082362376436043, 0.2630255203316817, 1.682919931658242, 0.12773829621560234, 0.2221791777545127, 0.24289920376079452, 2.5981232839936275, 0.3828261958291933, 0.186401889916259, 0.5674933277994951], BATTLES: 199-159-188-281-227-261-202-160-174-
87, 5, 1847, [0.5266133269879709, 0.6052290414988846, 0.3972162747027166, 0.5983392470572841, 1, 0.8934132872218196, 0.22131733443235008, 0, 0.5670334376452806, 0.6905070684820614, 0.3436947841387525, 0, 0.4842269368064397, 1, 0.24288665370933957, 0.659853440618592, 1, 1, 0, 1, 0.2410650447542615, 0.42354027501751756, 0.36849351717057854, 0.18113551035985517, 0, 1, 0, 0, 0.15178819048762987, 0.05396858656398218, 0.04082539959795616, 0.8545916670533913, 0.43321717686828437, 0.32641961214979404, 0.1942469868957687, 0.6651680689161912, 0.19725584097210247, 0.23404446133628742, 0.24712426788487923, 0.5144219550610369, 0.20360170686824275, 0.6110553357599384, 0.5441706748674122, 0.2960741947423325, 1.1345644691943135, 0.3200264301291692, 0.4110506799464032, 0.6163784645928855, 0.3892098587105834, 0.2687472058268254, 0.41486967741235986, 0.48495806063182956, 4.773160599045052, 0.3110925248041542, 1.1507001203475875, 0.5164216575416974], BATTLES: 201-153-200-263-231-258-182-161-198-
87, 6, 1830, [1, 0.5842677820075663, 0.49923372528275134, 0.5933441838459684, 1, 0.9039150719316705, 0.6413862962791965, 0, 0.8084297307940839, 0.3094437454069098, 0, 0, 1, 0.8959613772697361, 0, 1, 1, 0.9279569731905595, 0.7579133682727908, 1, 0.5134158204685412, 0.3113495301374992, 0.6709327742498, 0.25014547758406414, 0, 0.5641099382414603, 0.7311070849889002, 1, 0.15427351772547043, 0.04736547930022458, 0.05990442865075, 6.002537491359366, 0.41878208401122674, 0.8350470467435224, 0.5166537109916921, 1.0471499216418436, 0.08335008494539076, 0.38018511715632847, 0.3302845555195312, 1.4228798483955554, 0.15636783302781065, 0.8619452755548378, 0.7847741996453181, 0.5704667940746779, 2.082539546206518, 0.5507799277747635, 0.7847677300365969, 0.3165666074530089, 0.6421079899143489, 0.1686656074026353, 0.21678121018180216, 0.3452793860453763, 3.6130420511789096, 0.3509680606753712, 0.5172872001312514, 1.1927702073313342], BATTLES: 194-167-195-256-192-241-223-165-197-
87, 7, 1825, [0.53122538486, 0.6139756260233197, 0.4463257527618586, 0.2457973724770388, 1, 1, 0.4857438824531145, 0.014723412579762207, 1, 1, 0.580828990336229, 0.2053360117319231, 0.5360119083138996, 1, 0.21223563040556415, 0.49024100861275005, 0.5056672129507274, 0, 0, 1, 0.31691739943379854, 0.39638226780186725, 0.4861911201454135, 0, 0.4956623993155837, 0.8300238593942757, 0, 0, 0.0660084982706249, 0.036129443866200685, 0.0186898128092064, 0.8156906649975681, 1.742965079181816, 1.2265636000590099, 0.3202809190087392, 0.6320165492850868, 0.3230735915093142, 0.12606884346766825, 0.11976593571070537, 0.32808761783071566, 0.075380545552288, 0.16719557111572378, 1.0154273771841154, 0.46721348305912125, 1.263290858543074, 0.4739313655945242, 0.29347923136781223, 0.25179338326285094, 0.22405503419964917, 0.19740037785631662, 0.32127857949849464, 1.1064996444928379, 0.597267397045728, 0.30191964110302577, 0.32694160541707834, 0.5237754094107433], BATTLES: 209-149-229-243-211-258-178-133-215-
87, 8, 1813, [0.6661600806893845, 0.6548804977731264, 0.44541291268282696, 1, 1, 1, 0.5224677956675557, 0, 1, 0.9375809426357941, 0.6285266606346499, 0.02586707190037348, 0.613666867058501, 0.7061674241723894, 1, 0.7758925168999203, 0, 0.01338248801356029, 0.0718194308142926, 0.7170482593623267, 0.2293870563357871, 0.21818601428832757, 0.6315026374679612, 0.3241789526274611, 0, 0.6686782570830117, 0, 0, 0.09696414556074637, 0.0469257871972419, 0.014490390394296082, 0.5275869380200425, 1.4929595195780374, 0.8120230646368376, 0.27100614839065174, 0.4089590296413, 0.392790991936679, 0.14493794976343083, 0.13300041069767923, 0.3418093898472383, 0.06151885088569736, 0.2652425914938214, 0.650102670755429, 0.3394901841328553, 1.707495670446914, 0.33727934539617344, 0.1933090434060608, 0.4312714939383564, 0.3403222708373709, 0.19768526290629815, 0.2945727664648825, 1.076250202352981, 1.0006287469702213, 0.3139739757758152, 0.35078678926350093, 0.5472835228636417], BATTLES: 225-152-192-263-212-248-178-140-203-
87, 9, 1788, [0.8471726530992728, 0.5502902784291941, 0, 1, 0.8157261148877003, 1, 0.17554124571481552, 0.005463057002106316, 0.71785265794885, 0.8860818793767103, 0.8824850721263986, 0.4223421716175947, 0.6273950909752627, 0, 0.28732974721794696, 0.3519102728242271, 0.4573048341118489, 0.1562429569760812, 1, 1, 0.3438512748275029, 0.27742191851207665, 0, 0, 0, 1, 0.09018856979682649, 0, 0.1835377225864062, 0.09719946121131523, 0.1908098763895777, 0.8813238847910171, 0.7081152782160168, 1.3485391923218102, 0.3066068264871955, 1.0195188616679163, 0.07084242898723213, 0.14034134842484294, 0.3063963470312186, 0.45480355746019946, 0.1324915671496852, 1.2211500427030186, 0.3382607262683578, 0.19898366052101557, 1.787911253498438, 0.28947196209232395, 4.8624410403366785, 0.5071541332145667, 1.402516199138107, 0.10234728274130689, 0.33211246384019066, 0.3944891772193025, 4.92606771561237, 0.39948636149092975, 0.3078381649247672, 0.38068692702841794], BATTLES: 162-147-206-267-195-250-189-160-212-
88, 0, 2035, [0.9378507505429319, 0.5838762207151562, 0.44737695197191896, 0, 1, 1, 0.13250679720947156, 0, 0.8211814264680204, 1, 0.3245318762991777, 0.13827643795496417, 0.6800517445681565, 0.387248717499183, 0.2520819225219475, 0.8159024897533563, 1, 0.923698864810811, 0, 1, 1, 0.369879721882048, 0.26542505472076217, 0, 0, 0.626308169543464, 0, 0, 0.11481686092496537, 0.05539602779626678, 0.2010320897168012, 2.7150108486038955, 0.3307311369755463, 1.2500213213749827, 0.20059831403207284, 0.9366498128485274, 0.07390220288101115, 0.13012458783736852, 0.34148252625857556, 0.4977863394727763, 0.08361123077209212, 1.1181314448768878, 0.5388368353871243, 0.3227308045186745, 1.9850476725408164, 0.48038736329516574, 1.1082362376436043, 0.2630255203316817, 1.682919931658242, 0.12773829621560234, 0.2221791777545127, 0.24289920376079452, 2.5981232839936275, 0.3828261958291933, 0.186401889916259, 0.5674933277994951], BATTLES: 236-176-205-273-230-265-225-201-224-
88, 1, 2023, [0.8382331382049628, 0.542778940528317, 0.6435239789517248, 1, 1, 1, 0, 0, 0.7282134903177913, 0.8539825935477009, 0.2700475531743559, 0.25972400767869025, 0.8245449671475865, 0, 1, 0.9463708348548525, 0.2591665380911776, 0.28485086982279567, 1, 1, 0, 0.45074226654687366, 0.33668701449207106, 0, 0.34883988119506815, 1, 0.19812532767745739, 0, 0.09790160417007414, 0.052304553504916564, 0.26217829054231767, 2.906216540328385, 0.5456190777526512, 0.5768239182077902, 0.13933769313257766, 2.3519919521301227, 0.07150351349895048, 0.10451351237507785, 0.237922983627117, 0.518736168476504, 0.14450248378474692, 1.318522168392789, 0.5611816079403765, 0.32525999548371043, 1.782106890592881, 0.46656741829197823, 0.846535484910713, 0.2908276738889845, 1.846675809630866, 0.08419211195456716, 0.1598369170376273, 0.5564648592155123, 1.557274954057595, 0.9048284869800056, 0.14099664076619858, 0.6308890570527418], BATTLES: 229-186-221-267-263-268-208-183-198-
88, 2, 2018, [0.5266133269879709, 0.6052290414988846, 0.3972162747027166, 0.5983392470572841, 1, 0.8934132872218196, 0.22131733443235008, 0, 0.5670334376452806, 0.6905070684820614, 0.3436947841387525, 0, 0.4842269368064397, 1, 0.24288665370933957, 0.659853440618592, 1, 1, 0, 1, 0.2410650447542615, 0.42354027501751756, 0.36849351717057854, 0.18113551035985517, 0, 1, 0, 0, 0.15178819048762987, 0.05396858656398218, 0.04082539959795616, 0.8545916670533913, 0.43321717686828437, 0.32641961214979404, 0.1942469868957687, 0.6651680689161912, 0.19725584097210247, 0.23404446133628742, 0.24712426788487923, 0.5144219550610369, 0.20360170686824275, 0.6110553357599384, 0.5441706748674122, 0.2960741947423325, 1.1345644691943135, 0.3200264301291692, 0.4110506799464032, 0.6163784645928855, 0.3892098587105834, 0.2687472058268254, 0.41486967741235986, 0.48495806063182956, 4.773160599045052, 0.3110925248041542, 1.1507001203475875, 0.5164216575416974], BATTLES: 218-172-234-270-232-286-221-176-209-
88, 3, 2015, [1, 0.656691011971283, 0.5885338587763717, 0, 1, 1, 0.38389980359807474, 0.0027912529026350367, 0.6331691196060095, 1, 0, 0, 0.6838667333700458, 1, 1, 1, 1, 1, 0, 1, 0.5885680991925052, 0.3862229818281938, 0.26165587737837825, 0, 0.39089899785731663, 0.34748961186359634, 0.12504381784025936, 0, 0.17054684652162155, 0.05331410466839053, 0.09580999715405827, 3.004063771147375, 0.47679598025575753, 0.745543480648171, 0.15490915527116933, 1.0861018632603985, 0.0832181873366845, 0.14600834535142818, 0.4999921157721643, 0.4808079396778812, 0.13401735381155155, 0.8083587426137384, 0.6963031272162197, 0.3619040941971171, 1.976328171012268, 1.1930933931588914, 1.465946787538234, 0.3165044433621946, 1.4495009951032778, 0.18373570100601622, 0.3143940949708822, 0.20907559696161182, 2.945954549975112, 0.35000507487863, 0.1753420630845171, 0.6972571418365948], BATTLES: 229-178-209-291-262-240-218-186-202-
88, 4, 2011, [1, 0.6044747638866406, 0.5134281980286922, 0, 1, 1, 0.29379973145557853, 0, 0.6875516966023933, 0.8857256686489946, 0, 0, 1, 0.5799408611984653, 0.004725236208979786, 1, 0, 0.6593393220063297, 0, 1, 0, 0.5249983142619576, 0.7305518636736934, 0, 0.0521036036559101, 1, 0.37753599050585634, 1, 0.21520097003456606, 0.04381393727564348, 0.0709952452300291, 3.376349906836219, 0.3517711291189972, 0.5912802668653543, 0.23105121444485016, 0.8653091383542891, 0.150974805142901, 0.2256872786101136, 0.28567248056327, 1.0105601251744611, 0.21434303819967254, 0.8156261831058352, 0.7573129276674435, 0.41331804128892463, 1.5503070351860233, 0.5114944808378609, 0.9405909825941311, 0.6524182521588215, 0.9599546179494536, 0.1871578141988583, 0.19787129653371358, 0.5123019522515574, 1.9923283789291089, 0.3397790318548444, 0.3239924989493803, 0.8944909658753605], BATTLES: 225-191-231-273-222-258-230-175-206-
88, 5, 2003, [0.6789306834682681, 0.7047559731634406, 0.4394141696268185, 0.37713892851236985, 1, 0.8422579499942533, 0.29774147273065515, 0, 1, 0.8406297498723411, 0.7543548925779249, 0.19544069810958326, 0.5143110603106674, 0.9896550688543693, 0.7991937343057799, 0.4271144016828622, 0, 0, 0, 1, 0, 0.38473551944183504, 0.6804468591838121, 1, 0, 1, 0, 0.026248122444146177, 0.0862223276734351, 0.04248809409854235, 0.008517853402805526, 1.0056652218089868, 1.879355797327738, 0.5717088428641607, 0.3270136194762806, 0.22991666688888998, 0.44468813892741405, 0.12463002145827738, 0.23961717800377527, 0.44161214446801533, 0.08280155147739005, 0.23892952806788945, 0.3925665363006531, 0.2652947468104194, 1.6534742714090074, 0.22722405177796148, 0.2287054291099702, 0.38814991083900496, 0.2389836071160117, 0.25265252306874814, 0.23499657132580623, 1.0699587463441376, 0.6319939282702867, 0.28142102594536134, 0.4041830499947906, 0.4133692391276142], BATTLES: 231-174-207-300-240-255-203-184-209-
88, 6, 1992, [0.53122538486, 0.6139756260233197, 0.4463257527618586, 0.2457973724770388, 1, 1, 0.4857438824531145, 0.014723412579762207, 1, 1, 0.580828990336229, 0.2053360117319231, 0.5360119083138996, 1, 0.21223563040556415, 0.49024100861275005, 0.5056672129507274, 0, 0, 1, 0.31691739943379854, 0.39638226780186725, 0.4861911201454135, 0, 0.4956623993155837, 0.8300238593942757, 0, 0, 0.0660084982706249, 0.036129443866200685, 0.0186898128092064, 0.8156906649975681, 1.742965079181816, 1.2265636000590099, 0.3202809190087392, 0.6320165492850868, 0.3230735915093142, 0.12606884346766825, 0.11976593571070537, 0.32808761783071566, 0.075380545552288, 0.16719557111572378, 1.0154273771841154, 0.46721348305912125, 1.263290858543074, 0.4739313655945242, 0.29347923136781223, 0.25179338326285094, 0.22405503419964917, 0.19740037785631662, 0.32127857949849464, 1.1064996444928379, 0.597267397045728, 0.30191964110302577, 0.32694160541707834, 0.5237754094107433], BATTLES: 233-171-223-268-241-256-207-178-215-
88, 7, 1988, [0.6661600806893845, 0.6548804977731264, 0.44541291268282696, 1, 1, 1, 0.5224677956675557, 0, 1, 0.9375809426357941, 0.6285266606346499, 0.02586707190037348, 0.613666867058501, 0.7061674241723894, 1, 0.7758925168999203, 0, 0.01338248801356029, 0.0718194308142926, 0.7170482593623267, 0.2293870563357871, 0.21818601428832757, 0.6315026374679612, 0.3241789526274611, 0, 0.6686782570830117, 0, 0, 0.09696414556074637, 0.0469257871972419, 0.014490390394296082, 0.5275869380200425, 1.4929595195780374, 0.8120230646368376, 0.27100614839065174, 0.4089590296413, 0.392790991936679, 0.14493794976343083, 0.13300041069767923, 0.3418093898472383, 0.06151885088569736, 0.2652425914938214, 0.650102670755429, 0.3394901841328553, 1.707495670446914, 0.33727934539617344, 0.1933090434060608, 0.4312714939383564, 0.3403222708373709, 0.19768526290629815, 0.2945727664648825, 1.076250202352981, 1.0006287469702213, 0.3139739757758152, 0.35078678926350093, 0.5472835228636417], BATTLES: 218-174-230-284-236-269-196-168-213-
88, 8, 1966, [1, 0.5842677820075663, 0.49923372528275134, 0.5933441838459684, 1, 0.9039150719316705, 0.6413862962791965, 0, 0.8084297307940839, 0.3094437454069098, 0, 0, 1, 0.8959613772697361, 0, 1, 1, 0.9279569731905595, 0.7579133682727908, 1, 0.5134158204685412, 0.3113495301374992, 0.6709327742498, 0.25014547758406414, 0, 0.5641099382414603, 0.7311070849889002, 1, 0.15427351772547043, 0.04736547930022458, 0.05990442865075, 6.002537491359366, 0.41878208401122674, 0.8350470467435224, 0.5166537109916921, 1.0471499216418436, 0.08335008494539076, 0.38018511715632847, 0.3302845555195312, 1.4228798483955554, 0.15636783302781065, 0.8619452755548378, 0.7847741996453181, 0.5704667940746779, 2.082539546206518, 0.5507799277747635, 0.7847677300365969, 0.3165666074530089, 0.6421079899143489, 0.1686656074026353, 0.21678121018180216, 0.3452793860453763, 3.6130420511789096, 0.3509680606753712, 0.5172872001312514, 1.1927702073313342], BATTLES: 229-189-212-262-219-226-236-182-211-
88, 9, 1952, [0.4946687556394017, 0.6000347685948523, 0.35326311955341033, 1, 1, 1, 0.23522585584534866, 0, 0.5763148733367636, 0.7721978379965558, 0.4206095495898384, 0, 0.3770792739314572, 0.5309508909527225, 0.20587911748044785, 0.8568251275252624, 0, 1, 0.06689589320113508, 0.980338044987749, 0.07780608878364254, 0.2671984470562667, 0.3704544837921628, 0, 0, 0.8993467308500369, 0, 0, 0.2769669956688656, 0.049505285741671755, 0.03348462700471625, 1.2369560507241277, 0.24539349817154998, 0.32476870387422463, 0.19798398711038329, 0.826572965285798, 0.23099048227328858, 0.19059602818366117, 0.2983518450715481, 1.0133713885622404, 0.24244499543588863, 0.9309580413336576, 0.5493909972709765, 0.21027774535357738, 1.9498014684079739, 0.3621506708069617, 0.242178931262328, 0.6383587504250743, 0.35997216182011427, 0.14614547746550868, 0.6880269346829103, 0.7320461884762994, 5.70960722840283, 0.2973394818389023, 1.0591670040987973, 0.29278683451060117], BATTLES: 225-174-195-267-238-260-205-160-228-
89, 0, 2160, [1, 0.656691011971283, 0.5885338587763717, 0, 1, 1, 0.38389980359807474, 0.0027912529026350367, 0.6331691196060095, 1, 0, 0, 0.6838667333700458, 1, 1, 1, 1, 1, 0, 1, 0.5885680991925052, 0.3862229818281938, 0.26165587737837825, 0, 0.39089899785731663, 0.34748961186359634, 0.12504381784025936, 0, 0.17054684652162155, 0.05331410466839053, 0.09580999715405827, 3.004063771147375, 0.47679598025575753, 0.745543480648171, 0.15490915527116933, 1.0861018632603985, 0.0832181873366845, 0.14600834535142818, 0.4999921157721643, 0.4808079396778812, 0.13401735381155155, 0.8083587426137384, 0.6963031272162197, 0.3619040941971171, 1.976328171012268, 1.1930933931588914, 1.465946787538234, 0.3165044433621946, 1.4495009951032778, 0.18373570100601622, 0.3143940949708822, 0.20907559696161182, 2.945954549975112, 0.35000507487863, 0.1753420630845171, 0.6972571418365948], BATTLES: 232-207-223-288-272-249-251-226-212-
89, 1, 2125, [1, 0.48893825295400767, 0.9160691226134496, 1, 1, 1, 0.0862332048068401, 0, 0.984107620964714, 1, 0.34141477762256955, 0.42733778552956403, 0.7959704981782086, 0, 0.7874841003596191, 1, 0, 0.11031351034900883, 0.02629405921274915, 1, 1, 0.45470325057788286, 0, 0.2010752860204343, 0.7555150954522946, 0.6828622770482986, 0, 0.869597609444154, 0.11814026653814054, 0.09178731708394818, 0.32616329216858697, 1.9500228331874678, 0.1842326271035333, 1.0749200041724236, 0.1588486253027117, 0.8822901301627579, 0.04859294918038306, 0.06882426261665328, 0.20244419434143268, 0.31984948843748745, 0.08742894437515676, 1.1533420461296782, 0.4451538163028706, 0.355908626729386, 1.415159478857515, 0.3303589674307547, 1.1579693942173916, 0.353188074009389, 2.000887675817467, 0.10265598198579494, 0.3591478884995927, 0.26831291810264934, 1.4601773654350756, 0.2642449212678847, 0.20933295530286095, 0.749048583490717], BATTLES: 225-192-223-266-243-274-256-210-236-
89, 2, 2106, [0.9378507505429319, 0.5838762207151562, 0.44737695197191896, 0, 1, 1, 0.13250679720947156, 0, 0.8211814264680204, 1, 0.3245318762991777, 0.13827643795496417, 0.6800517445681565, 0.387248717499183, 0.2520819225219475, 0.8159024897533563, 1, 0.923698864810811, 0, 1, 1, 0.369879721882048, 0.26542505472076217, 0, 0, 0.626308169543464, 0, 0, 0.11481686092496537, 0.05539602779626678, 0.2010320897168012, 2.7150108486038955, 0.3307311369755463, 1.2500213213749827, 0.20059831403207284, 0.9366498128485274, 0.07390220288101115, 0.13012458783736852, 0.34148252625857556, 0.4977863394727763, 0.08361123077209212, 1.1181314448768878, 0.5388368353871243, 0.3227308045186745, 1.9850476725408164, 0.48038736329516574, 1.1082362376436043, 0.2630255203316817, 1.682919931658242, 0.12773829621560234, 0.2221791777545127, 0.24289920376079452, 2.5981232839936275, 0.3828261958291933, 0.186401889916259, 0.5674933277994951], BATTLES: 249-201-207-276-238-278-230-208-219-
89, 3, 2100, [0.5266133269879709, 0.6052290414988846, 0.3972162747027166, 0.5983392470572841, 1, 0.8934132872218196, 0.22131733443235008, 0, 0.5670334376452806, 0.6905070684820614, 0.3436947841387525, 0, 0.4842269368064397, 1, 0.24288665370933957, 0.659853440618592, 1, 1, 0, 1, 0.2410650447542615, 0.42354027501751756, 0.36849351717057854, 0.18113551035985517, 0, 1, 0, 0, 0.15178819048762987, 0.05396858656398218, 0.04082539959795616, 0.8545916670533913, 0.43321717686828437, 0.32641961214979404, 0.1942469868957687, 0.6651680689161912, 0.19725584097210247, 0.23404446133628742, 0.24712426788487923, 0.5144219550610369, 0.20360170686824275, 0.6110553357599384, 0.5441706748674122, 0.2960741947423325, 1.1345644691943135, 0.3200264301291692, 0.4110506799464032, 0.6163784645928855, 0.3892098587105834, 0.2687472058268254, 0.41486967741235986, 0.48495806063182956, 4.773160599045052, 0.3110925248041542, 1.1507001203475875, 0.5164216575416974], BATTLES: 244-187-224-293-233-275-228-183-233-
89, 4, 2090, [1, 0.6044747638866406, 0.5134281980286922, 0, 1, 1, 0.29379973145557853, 0, 0.6875516966023933, 0.8857256686489946, 0, 0, 1, 0.5799408611984653, 0.004725236208979786, 1, 0, 0.6593393220063297, 0, 1, 0, 0.5249983142619576, 0.7305518636736934, 0, 0.0521036036559101, 1, 0.37753599050585634, 1, 0.21520097003456606, 0.04381393727564348, 0.0709952452300291, 3.376349906836219, 0.3517711291189972, 0.5912802668653543, 0.23105121444485016, 0.8653091383542891, 0.150974805142901, 0.2256872786101136, 0.28567248056327, 1.0105601251744611, 0.21434303819967254, 0.8156261831058352, 0.7573129276674435, 0.41331804128892463, 1.5503070351860233, 0.5114944808378609, 0.9405909825941311, 0.6524182521588215, 0.9599546179494536, 0.1871578141988583, 0.19787129653371358, 0.5123019522515574, 1.9923283789291089, 0.3397790318548444, 0.3239924989493803, 0.8944909658753605], BATTLES: 229-191-231-291-229-261-247-193-218-
89, 5, 2086, [0.53122538486, 0.6139756260233197, 0.4463257527618586, 0.2457973724770388, 1, 1, 0.4857438824531145, 0.014723412579762207, 1, 1, 0.580828990336229, 0.2053360117319231, 0.5360119083138996, 1, 0.21223563040556415, 0.49024100861275005, 0.5056672129507274, 0, 0, 1, 0.31691739943379854, 0.39638226780186725, 0.4861911201454135, 0, 0.4956623993155837, 0.8300238593942757, 0, 0, 0.0660084982706249, 0.036129443866200685, 0.0186898128092064, 0.8156906649975681, 1.742965079181816, 1.2265636000590099, 0.3202809190087392, 0.6320165492850868, 0.3230735915093142, 0.12606884346766825, 0.11976593571070537, 0.32808761783071566, 0.075380545552288, 0.16719557111572378, 1.0154273771841154, 0.46721348305912125, 1.263290858543074, 0.4739313655945242, 0.29347923136781223, 0.25179338326285094, 0.22405503419964917, 0.19740037785631662, 0.32127857949849464, 1.1064996444928379, 0.597267397045728, 0.30191964110302577, 0.32694160541707834, 0.5237754094107433], BATTLES: 238-181-224-277-255-269-226-178-238-
89, 6, 2085, [0.4946687556394017, 0.6000347685948523, 0.35326311955341033, 1, 1, 1, 0.23522585584534866, 0, 0.5763148733367636, 0.7721978379965558, 0.4206095495898384, 0, 0.3770792739314572, 0.5309508909527225, 0.20587911748044785, 0.8568251275252624, 0, 1, 0.06689589320113508, 0.980338044987749, 0.07780608878364254, 0.2671984470562667, 0.3704544837921628, 0, 0, 0.8993467308500369, 0, 0, 0.2769669956688656, 0.049505285741671755, 0.03348462700471625, 1.2369560507241277, 0.24539349817154998, 0.32476870387422463, 0.19798398711038329, 0.826572965285798, 0.23099048227328858, 0.19059602818366117, 0.2983518450715481, 1.0133713885622404, 0.24244499543588863, 0.9309580413336576, 0.5493909972709765, 0.21027774535357738, 1.9498014684079739, 0.3621506708069617, 0.242178931262328, 0.6383587504250743, 0.35997216182011427, 0.14614547746550868, 0.6880269346829103, 0.7320461884762994, 5.70960722840283, 0.2973394818389023, 1.0591670040987973, 0.29278683451060117], BATTLES: 237-187-219-296-242-269-225-188-222-
89, 7, 2074, [0.6661600806893845, 0.6548804977731264, 0.44541291268282696, 1, 1, 1, 0.5224677956675557, 0, 1, 0.9375809426357941, 0.6285266606346499, 0.02586707190037348, 0.613666867058501, 0.7061674241723894, 1, 0.7758925168999203, 0, 0.01338248801356029, 0.0718194308142926, 0.7170482593623267, 0.2293870563357871, 0.21818601428832757, 0.6315026374679612, 0.3241789526274611, 0, 0.6686782570830117, 0, 0, 0.09696414556074637, 0.0469257871972419, 0.014490390394296082, 0.5275869380200425, 1.4929595195780374, 0.8120230646368376, 0.27100614839065174, 0.4089590296413, 0.392790991936679, 0.14493794976343083, 0.13300041069767923, 0.3418093898472383, 0.06151885088569736, 0.2652425914938214, 0.650102670755429, 0.3394901841328553, 1.707495670446914, 0.33727934539617344, 0.1933090434060608, 0.4312714939383564, 0.3403222708373709, 0.19768526290629815, 0.2945727664648825, 1.076250202352981, 1.0006287469702213, 0.3139739757758152, 0.35078678926350093, 0.5472835228636417], BATTLES: 238-193-199-294-237-262-240-193-218-
89, 8, 2057, [0.6789306834682681, 0.7047559731634406, 0.4394141696268185, 0.37713892851236985, 1, 0.8422579499942533, 0.29774147273065515, 0, 1, 0.8406297498723411, 0.7543548925779249, 0.19544069810958326, 0.5143110603106674, 0.9896550688543693, 0.7991937343057799, 0.4271144016828622, 0, 0, 0, 1, 0, 0.38473551944183504, 0.6804468591838121, 1, 0, 1, 0, 0.026248122444146177, 0.0862223276734351, 0.04248809409854235, 0.008517853402805526, 1.0056652218089868, 1.879355797327738, 0.5717088428641607, 0.3270136194762806, 0.22991666688888998, 0.44468813892741405, 0.12463002145827738, 0.23961717800377527, 0.44161214446801533, 0.08280155147739005, 0.23892952806788945, 0.3925665363006531, 0.2652947468104194, 1.6534742714090074, 0.22722405177796148, 0.2287054291099702, 0.38814991083900496, 0.2389836071160117, 0.25265252306874814, 0.23499657132580623, 1.0699587463441376, 0.6319939282702867, 0.28142102594536134, 0.4041830499947906, 0.4133692391276142], BATTLES: 230-180-211-279-251-261-216-198-231-
89, 9, 2050, [0.8382331382049628, 0.542778940528317, 0.6435239789517248, 1, 1, 1, 0, 0, 0.7282134903177913, 0.8539825935477009, 0.2700475531743559, 0.25972400767869025, 0.8245449671475865, 0, 1, 0.9463708348548525, 0.2591665380911776, 0.28485086982279567, 1, 1, 0, 0.45074226654687366, 0.33668701449207106, 0, 0.34883988119506815, 1, 0.19812532767745739, 0, 0.09790160417007414, 0.052304553504916564, 0.26217829054231767, 2.906216540328385, 0.5456190777526512, 0.5768239182077902, 0.13933769313257766, 2.3519919521301227, 0.07150351349895048, 0.10451351237507785, 0.237922983627117, 0.518736168476504, 0.14450248378474692, 1.318522168392789, 0.5611816079403765, 0.32525999548371043, 1.782106890592881, 0.46656741829197823, 0.846535484910713, 0.2908276738889845, 1.846675809630866, 0.08419211195456716, 0.1598369170376273, 0.5564648592155123, 1.557274954057595, 0.9048284869800056, 0.14099664076619858, 0.6308890570527418], BATTLES: 225-186-213-263-248-271-231-197-216-
90, 0, 2095, [0.5266133269879709, 0.6052290414988846, 0.3972162747027166, 0.5983392470572841, 1, 0.8934132872218196, 0.22131733443235008, 0, 0.5670334376452806, 0.6905070684820614, 0.3436947841387525, 0, 0.4842269368064397, 1, 0.24288665370933957, 0.659853440618592, 1, 1, 0, 1, 0.2410650447542615, 0.42354027501751756, 0.36849351717057854, 0.18113551035985517, 0, 1, 0, 0, 0.15178819048762987, 0.05396858656398218, 0.04082539959795616, 0.8545916670533913, 0.43321717686828437, 0.32641961214979404, 0.1942469868957687, 0.6651680689161912, 0.19725584097210247, 0.23404446133628742, 0.24712426788487923, 0.5144219550610369, 0.20360170686824275, 0.6110553357599384, 0.5441706748674122, 0.2960741947423325, 1.1345644691943135, 0.3200264301291692, 0.4110506799464032, 0.6163784645928855, 0.3892098587105834, 0.2687472058268254, 0.41486967741235986, 0.48495806063182956, 4.773160599045052, 0.3110925248041542, 1.1507001203475875, 0.5164216575416974], BATTLES: 240-188-240-280-262-264-225-177-219-
90, 1, 2093, [1, 0.656691011971283, 0.5885338587763717, 0, 1, 1, 0.38389980359807474, 0.0027912529026350367, 0.6331691196060095, 1, 0, 0, 0.6838667333700458, 1, 1, 1, 1, 1, 0, 1, 0.5885680991925052, 0.3862229818281938, 0.26165587737837825, 0, 0.39089899785731663, 0.34748961186359634, 0.12504381784025936, 0, 0.17054684652162155, 0.05331410466839053, 0.09580999715405827, 3.004063771147375, 0.47679598025575753, 0.745543480648171, 0.15490915527116933, 1.0861018632603985, 0.0832181873366845, 0.14600834535142818, 0.4999921157721643, 0.4808079396778812, 0.13401735381155155, 0.8083587426137384, 0.6963031272162197, 0.3619040941971171, 1.976328171012268, 1.1930933931588914, 1.465946787538234, 0.3165044433621946, 1.4495009951032778, 0.18373570100601622, 0.3143940949708822, 0.20907559696161182, 2.945954549975112, 0.35000507487863, 0.1753420630845171, 0.6972571418365948], BATTLES: 250-189-225-285-250-263-228-195-208-
90, 2, 2093, [1, 0.48893825295400767, 0.9160691226134496, 1, 1, 1, 0.0862332048068401, 0, 0.984107620964714, 1, 0.34141477762256955, 0.42733778552956403, 0.7959704981782086, 0, 0.7874841003596191, 1, 0, 0.11031351034900883, 0.02629405921274915, 1, 1, 0.45470325057788286, 0, 0.2010752860204343, 0.7555150954522946, 0.6828622770482986, 0, 0.869597609444154, 0.11814026653814054, 0.09178731708394818, 0.32616329216858697, 1.9500228331874678, 0.1842326271035333, 1.0749200041724236, 0.1588486253027117, 0.8822901301627579, 0.04859294918038306, 0.06882426261665328, 0.20244419434143268, 0.31984948843748745, 0.08742894437515676, 1.1533420461296782, 0.4451538163028706, 0.355908626729386, 1.415159478857515, 0.3303589674307547, 1.1579693942173916, 0.353188074009389, 2.000887675817467, 0.10265598198579494, 0.3591478884995927, 0.26831291810264934, 1.4601773654350756, 0.2642449212678847, 0.20933295530286095, 0.749048583490717], BATTLES: 214-179-217-282-228-281-238-202-252-
90, 3, 2078, [0.4946687556394017, 0.6000347685948523, 0.35326311955341033, 1, 1, 1, 0.23522585584534866, 0, 0.5763148733367636, 0.7721978379965558, 0.4206095495898384, 0, 0.3770792739314572, 0.5309508909527225, 0.20587911748044785, 0.8568251275252624, 0, 1, 0.06689589320113508, 0.980338044987749, 0.07780608878364254, 0.2671984470562667, 0.3704544837921628, 0, 0, 0.8993467308500369, 0, 0, 0.2769669956688656, 0.049505285741671755, 0.03348462700471625, 1.2369560507241277, 0.24539349817154998, 0.32476870387422463, 0.19798398711038329, 0.826572965285798, 0.23099048227328858, 0.19059602818366117, 0.2983518450715481, 1.0133713885622404, 0.24244499543588863, 0.9309580413336576, 0.5493909972709765, 0.21027774535357738, 1.9498014684079739, 0.3621506708069617, 0.242178931262328, 0.6383587504250743, 0.35997216182011427, 0.14614547746550868, 0.6880269346829103, 0.7320461884762994, 5.70960722840283, 0.2973394818389023, 1.0591670040987973, 0.29278683451060117], BATTLES: 244-186-229-276-249-279-216-189-210-
90, 4, 2070, [0.9746441880619154, 0.4204622108198336, 1, 1, 1, 1, 0.2083433914177475, 0, 0.9662577938577901, 0.9865836134580701, 0.16767954916532157, 0.38107071709126505, 0.7550650087848205, 0.4960022898905984, 0.46544290693925355, 0.5374128786220297, 0, 0.05155296438309594, 0, 0.4345992439465133, 0.7157232560616632, 0.4641479442097386, 0, 0.09123066697024815, 0, 0.9054148351166849, 0.019173738858599992, 0.6632512208244481, 0.09310687013599661, 0.06828308971081842, 0.4682459134394395, 1.8500800328325007, 0.1692375390263631, 0.8050279718741191, 0.1407885555687684, 0.5869203688847114, 0.03555324625866087, 0.10022118436100391, 0.1454401208486261, 0.4720473704392568, 0.09245725680048565, 1.217685262102894, 0.3925577190418768, 0.4084458223657097, 1.472623994496159, 0.20781735455504097, 0.8918926662356585, 0.38087525720087717, 1.749912041258482, 0.13381893040477477, 0.2679827532780703, 0.4398383852576438, 2.800789797255599, 0.21710393041589304, 0.1567278124344956, 0.7400228584660445], BATTLES: 220-173-223-267-235-262-249-199-242-
90, 5, 2063, [0.8382331382049628, 0.542778940528317, 0.6435239789517248, 1, 1, 1, 0, 0, 0.7282134903177913, 0.8539825935477009, 0.2700475531743559, 0.25972400767869025, 0.8245449671475865, 0, 1, 0.9463708348548525, 0.2591665380911776, 0.28485086982279567, 1, 1, 0, 0.45074226654687366, 0.33668701449207106, 0, 0.34883988119506815, 1, 0.19812532767745739, 0, 0.09790160417007414, 0.052304553504916564, 0.26217829054231767, 2.906216540328385, 0.5456190777526512, 0.5768239182077902, 0.13933769313257766, 2.3519919521301227, 0.07150351349895048, 0.10451351237507785, 0.237922983627117, 0.518736168476504, 0.14450248378474692, 1.318522168392789, 0.5611816079403765, 0.32525999548371043, 1.782106890592881, 0.46656741829197823, 0.846535484910713, 0.2908276738889845, 1.846675809630866, 0.08419211195456716, 0.1598369170376273, 0.5564648592155123, 1.557274954057595, 0.9048284869800056, 0.14099664076619858, 0.6308890570527418], BATTLES: 237-185-223-282-238-271-215-194-218-
90, 6, 2062, [1, 0.6044747638866406, 0.5134281980286922, 0, 1, 1, 0.29379973145557853, 0, 0.6875516966023933, 0.8857256686489946, 0, 0, 1, 0.5799408611984653, 0.004725236208979786, 1, 0, 0.6593393220063297, 0, 1, 0, 0.5249983142619576, 0.7305518636736934, 0, 0.0521036036559101, 1, 0.37753599050585634, 1, 0.21520097003456606, 0.04381393727564348, 0.0709952452300291, 3.376349906836219, 0.3517711291189972, 0.5912802668653543, 0.23105121444485016, 0.8653091383542891, 0.150974805142901, 0.2256872786101136, 0.28567248056327, 1.0105601251744611, 0.21434303819967254, 0.8156261831058352, 0.7573129276674435, 0.41331804128892463, 1.5503070351860233, 0.5114944808378609, 0.9405909825941311, 0.6524182521588215, 0.9599546179494536, 0.1871578141988583, 0.19787129653371358, 0.5123019522515574, 1.9923283789291089, 0.3397790318548444, 0.3239924989493803, 0.8944909658753605], BATTLES: 239-199-223-285-216-261-236-186-217-
90, 7, 2059, [0.9378507505429319, 0.5838762207151562, 0.44737695197191896, 0, 1, 1, 0.13250679720947156, 0, 0.8211814264680204, 1, 0.3245318762991777, 0.13827643795496417, 0.6800517445681565, 0.387248717499183, 0.2520819225219475, 0.8159024897533563, 1, 0.923698864810811, 0, 1, 1, 0.369879721882048, 0.26542505472076217, 0, 0, 0.626308169543464, 0, 0, 0.11481686092496537, 0.05539602779626678, 0.2010320897168012, 2.7150108486038955, 0.3307311369755463, 1.2500213213749827, 0.20059831403207284, 0.9366498128485274, 0.07390220288101115, 0.13012458783736852, 0.34148252625857556, 0.4977863394727763, 0.08361123077209212, 1.1181314448768878, 0.5388368353871243, 0.3227308045186745, 1.9850476725408164, 0.48038736329516574, 1.1082362376436043, 0.2630255203316817, 1.682919931658242, 0.12773829621560234, 0.2221791777545127, 0.24289920376079452, 2.5981232839936275, 0.3828261958291933, 0.186401889916259, 0.5674933277994951], BATTLES: 245-183-204-288-235-270-214-196-224-
90, 8, 2050, [0.6789306834682681, 0.7047559731634406, 0.4394141696268185, 0.37713892851236985, 1, 0.8422579499942533, 0.29774147273065515, 0, 1, 0.8406297498723411, 0.7543548925779249, 0.19544069810958326, 0.5143110603106674, 0.9896550688543693, 0.7991937343057799, 0.4271144016828622, 0, 0, 0, 1, 0, 0.38473551944183504, 0.6804468591838121, 1, 0, 1, 0, 0.026248122444146177, 0.0862223276734351, 0.04248809409854235, 0.008517853402805526, 1.0056652218089868, 1.879355797327738, 0.5717088428641607, 0.3270136194762806, 0.22991666688888998, 0.44468813892741405, 0.12463002145827738, 0.23961717800377527, 0.44161214446801533, 0.08280155147739005, 0.23892952806788945, 0.3925665363006531, 0.2652947468104194, 1.6534742714090074, 0.22722405177796148, 0.2287054291099702, 0.38814991083900496, 0.2389836071160117, 0.25265252306874814, 0.23499657132580623, 1.0699587463441376, 0.6319939282702867, 0.28142102594536134, 0.4041830499947906, 0.4133692391276142], BATTLES: 231-185-202-282-251-275-214-190-220-
90, 9, 2015, [0.6661600806893845, 0.6548804977731264, 0.44541291268282696, 1, 1, 1, 0.5224677956675557, 0, 1, 0.9375809426357941, 0.6285266606346499, 0.02586707190037348, 0.613666867058501, 0.7061674241723894, 1, 0.7758925168999203, 0, 0.01338248801356029, 0.0718194308142926, 0.7170482593623267, 0.2293870563357871, 0.21818601428832757, 0.6315026374679612, 0.3241789526274611, 0, 0.6686782570830117, 0, 0, 0.09696414556074637, 0.0469257871972419, 0.014490390394296082, 0.5275869380200425, 1.4929595195780374, 0.8120230646368376, 0.27100614839065174, 0.4089590296413, 0.392790991936679, 0.14493794976343083, 0.13300041069767923, 0.3418093898472383, 0.06151885088569736, 0.2652425914938214, 0.650102670755429, 0.3394901841328553, 1.707495670446914, 0.33727934539617344, 0.1933090434060608, 0.4312714939383564, 0.3403222708373709, 0.19768526290629815, 0.2945727664648825, 1.076250202352981, 1.0006287469702213, 0.3139739757758152, 0.35078678926350093, 0.5472835228636417], BATTLES: 227-180-206-283-236-256-237-184-206-
91, 0, 2058, [1, 0.656691011971283, 0.5885338587763717, 0, 1, 1, 0.38389980359807474, 0.0027912529026350367, 0.6331691196060095, 1, 0, 0, 0.6838667333700458, 1, 1, 1, 1, 1, 0, 1, 0.5885680991925052, 0.3862229818281938, 0.26165587737837825, 0, 0.39089899785731663, 0.34748961186359634, 0.12504381784025936, 0, 0.17054684652162155, 0.05331410466839053, 0.09580999715405827, 3.004063771147375, 0.47679598025575753, 0.745543480648171, 0.15490915527116933, 1.0861018632603985, 0.0832181873366845, 0.14600834535142818, 0.4999921157721643, 0.4808079396778812, 0.13401735381155155, 0.8083587426137384, 0.6963031272162197, 0.3619040941971171, 1.976328171012268, 1.1930933931588914, 1.465946787538234, 0.3165044433621946, 1.4495009951032778, 0.18373570100601622, 0.3143940949708822, 0.20907559696161182, 2.945954549975112, 0.35000507487863, 0.1753420630845171, 0.6972571418365948], BATTLES: 247-156-192-282-267-248-244-210-212-
91, 1, 2058, [0.9378507505429319, 0.5838762207151562, 0.44737695197191896, 0, 1, 1, 0.13250679720947156, 0, 0.8211814264680204, 1, 0.3245318762991777, 0.13827643795496417, 0.6800517445681565, 0.387248717499183, 0.2520819225219475, 0.8159024897533563, 1, 0.923698864810811, 0, 1, 1, 0.369879721882048, 0.26542505472076217, 0, 0, 0.626308169543464, 0, 0, 0.11481686092496537, 0.05539602779626678, 0.2010320897168012, 2.7150108486038955, 0.3307311369755463, 1.2500213213749827, 0.20059831403207284, 0.9366498128485274, 0.07390220288101115, 0.13012458783736852, 0.34148252625857556, 0.4977863394727763, 0.08361123077209212, 1.1181314448768878, 0.5388368353871243, 0.3227308045186745, 1.9850476725408164, 0.48038736329516574, 1.1082362376436043, 0.2630255203316817, 1.682919931658242, 0.12773829621560234, 0.2221791777545127, 0.24289920376079452, 2.5981232839936275, 0.3828261958291933, 0.186401889916259, 0.5674933277994951], BATTLES: 240-185-185-277-236-266-234-211-224-
91, 2, 2019, [0.4946687556394017, 0.6000347685948523, 0.35326311955341033, 1, 1, 1, 0.23522585584534866, 0, 0.5763148733367636, 0.7721978379965558, 0.4206095495898384, 0, 0.3770792739314572, 0.5309508909527225, 0.20587911748044785, 0.8568251275252624, 0, 1, 0.06689589320113508, 0.980338044987749, 0.07780608878364254, 0.2671984470562667, 0.3704544837921628, 0, 0, 0.8993467308500369, 0, 0, 0.2769669956688656, 0.049505285741671755, 0.03348462700471625, 1.2369560507241277, 0.24539349817154998, 0.32476870387422463, 0.19798398711038329, 0.826572965285798, 0.23099048227328858, 0.19059602818366117, 0.2983518450715481, 1.0133713885622404, 0.24244499543588863, 0.9309580413336576, 0.5493909972709765, 0.21027774535357738, 1.9498014684079739, 0.3621506708069617, 0.242178931262328, 0.6383587504250743, 0.35997216182011427, 0.14614547746550868, 0.6880269346829103, 0.7320461884762994, 5.70960722840283, 0.2973394818389023, 1.0591670040987973, 0.29278683451060117], BATTLES: 233-183-200-281-226-268-224-180-224-
91, 3, 1996, [0.5266133269879709, 0.6052290414988846, 0.3972162747027166, 0.5983392470572841, 1, 0.8934132872218196, 0.22131733443235008, 0, 0.5670334376452806, 0.6905070684820614, 0.3436947841387525, 0, 0.4842269368064397, 1, 0.24288665370933957, 0.659853440618592, 1, 1, 0, 1, 0.2410650447542615, 0.42354027501751756, 0.36849351717057854, 0.18113551035985517, 0, 1, 0, 0, 0.15178819048762987, 0.05396858656398218, 0.04082539959795616, 0.8545916670533913, 0.43321717686828437, 0.32641961214979404, 0.1942469868957687, 0.6651680689161912, 0.19725584097210247, 0.23404446133628742, 0.24712426788487923, 0.5144219550610369, 0.20360170686824275, 0.6110553357599384, 0.5441706748674122, 0.2960741947423325, 1.1345644691943135, 0.3200264301291692, 0.4110506799464032, 0.6163784645928855, 0.3892098587105834, 0.2687472058268254, 0.41486967741235986, 0.48495806063182956, 4.773160599045052, 0.3110925248041542, 1.1507001203475875, 0.5164216575416974], BATTLES: 218-176-218-276-243-260-218-163-224-
91, 4, 1990, [1, 0.48893825295400767, 0.9160691226134496, 1, 1, 1, 0.0862332048068401, 0, 0.984107620964714, 1, 0.34141477762256955, 0.42733778552956403, 0.7959704981782086, 0, 0.7874841003596191, 1, 0, 0.11031351034900883, 0.02629405921274915, 1, 1, 0.45470325057788286, 0, 0.2010752860204343, 0.7555150954522946, 0.6828622770482986, 0, 0.869597609444154, 0.11814026653814054, 0.09178731708394818, 0.32616329216858697, 1.9500228331874678, 0.1842326271035333, 1.0749200041724236, 0.1588486253027117, 0.8822901301627579, 0.04859294918038306, 0.06882426261665328, 0.20244419434143268, 0.31984948843748745, 0.08742894437515676, 1.1533420461296782, 0.4451538163028706, 0.355908626729386, 1.415159478857515, 0.3303589674307547, 1.1579693942173916, 0.353188074009389, 2.000887675817467, 0.10265598198579494, 0.3591478884995927, 0.26831291810264934, 1.4601773654350756, 0.2642449212678847, 0.20933295530286095, 0.749048583490717], BATTLES: 203-176-194-269-235-256-235-180-242-
91, 5, 1990, [0.9746441880619154, 0.4204622108198336, 1, 1, 1, 1, 0.2083433914177475, 0, 0.9662577938577901, 0.9865836134580701, 0.16767954916532157, 0.38107071709126505, 0.7550650087848205, 0.4960022898905984, 0.46544290693925355, 0.5374128786220297, 0, 0.05155296438309594, 0, 0.4345992439465133, 0.7157232560616632, 0.4641479442097386, 0, 0.09123066697024815, 0, 0.9054148351166849, 0.019173738858599992, 0.6632512208244481, 0.09310687013599661, 0.06828308971081842, 0.4682459134394395, 1.8500800328325007, 0.1692375390263631, 0.8050279718741191, 0.1407885555687684, 0.5869203688847114, 0.03555324625866087, 0.10022118436100391, 0.1454401208486261, 0.4720473704392568, 0.09245725680048565, 1.217685262102894, 0.3925577190418768, 0.4084458223657097, 1.472623994496159, 0.20781735455504097, 0.8918926662356585, 0.38087525720087717, 1.749912041258482, 0.13381893040477477, 0.2679827532780703, 0.4398383852576438, 2.800789797255599, 0.21710393041589304, 0.1567278124344956, 0.7400228584660445], BATTLES: 220-167-210-267-201-258-244-201-222-
91, 6, 1987, [1, 0.6044747638866406, 0.5134281980286922, 0, 1, 1, 0.29379973145557853, 0, 0.6875516966023933, 0.8857256686489946, 0, 0, 1, 0.5799408611984653, 0.004725236208979786, 1, 0, 0.6593393220063297, 0, 1, 0, 0.5249983142619576, 0.7305518636736934, 0, 0.0521036036559101, 1, 0.37753599050585634, 1, 0.21520097003456606, 0.04381393727564348, 0.0709952452300291, 3.376349906836219, 0.3517711291189972, 0.5912802668653543, 0.23105121444485016, 0.8653091383542891, 0.150974805142901, 0.2256872786101136, 0.28567248056327, 1.0105601251744611, 0.21434303819967254, 0.8156261831058352, 0.7573129276674435, 0.41331804128892463, 1.5503070351860233, 0.5114944808378609, 0.9405909825941311, 0.6524182521588215, 0.9599546179494536, 0.1871578141988583, 0.19787129653371358, 0.5123019522515574, 1.9923283789291089, 0.3397790318548444, 0.3239924989493803, 0.8944909658753605], BATTLES: 230-193-206-292-218-250-224-171-203-
91, 7, 1983, [0.6661600806893845, 0.6548804977731264, 0.44541291268282696, 1, 1, 1, 0.5224677956675557, 0, 1, 0.9375809426357941, 0.6285266606346499, 0.02586707190037348, 0.613666867058501, 0.7061674241723894, 1, 0.7758925168999203, 0, 0.01338248801356029, 0.0718194308142926, 0.7170482593623267, 0.2293870563357871, 0.21818601428832757, 0.6315026374679612, 0.3241789526274611, 0, 0.6686782570830117, 0, 0, 0.09696414556074637, 0.0469257871972419, 0.014490390394296082, 0.5275869380200425, 1.4929595195780374, 0.8120230646368376, 0.27100614839065174, 0.4089590296413, 0.392790991936679, 0.14493794976343083, 0.13300041069767923, 0.3418093898472383, 0.06151885088569736, 0.2652425914938214, 0.650102670755429, 0.3394901841328553, 1.707495670446914, 0.33727934539617344, 0.1933090434060608, 0.4312714939383564, 0.3403222708373709, 0.19768526290629815, 0.2945727664648825, 1.076250202352981, 1.0006287469702213, 0.3139739757758152, 0.35078678926350093, 0.5472835228636417], BATTLES: 220-173-211-276-218-253-236-184-212-
91, 8, 1966, [0.6789306834682681, 0.7047559731634406, 0.4394141696268185, 0.37713892851236985, 1, 0.8422579499942533, 0.29774147273065515, 0, 1, 0.8406297498723411, 0.7543548925779249, 0.19544069810958326, 0.5143110603106674, 0.9896550688543693, 0.7991937343057799, 0.4271144016828622, 0, 0, 0, 1, 0, 0.38473551944183504, 0.6804468591838121, 1, 0, 1, 0, 0.026248122444146177, 0.0862223276734351, 0.04248809409854235, 0.008517853402805526, 1.0056652218089868, 1.879355797327738, 0.5717088428641607, 0.3270136194762806, 0.22991666688888998, 0.44468813892741405, 0.12463002145827738, 0.23961717800377527, 0.44161214446801533, 0.08280155147739005, 0.23892952806788945, 0.3925665363006531, 0.2652947468104194, 1.6534742714090074, 0.22722405177796148, 0.2287054291099702, 0.38814991083900496, 0.2389836071160117, 0.25265252306874814, 0.23499657132580623, 1.0699587463441376, 0.6319939282702867, 0.28142102594536134, 0.4041830499947906, 0.4133692391276142], BATTLES: 211-148-186-297-255-260-227-173-209-
91, 9, 1961, [0.7119562225521189, 0.6551376309991692, 0.4395274331064671, 0.26133257589056996, 1, 1, 0, 0.007729720739404559, 0.8977431268270009, 0.7205200766596822, 0.7453273195187774, 0.07520994013878705, 0.5043245111443718, 1, 0.9275957342785042, 0.3505743213671334, 1, 0.056228676755485485, 0, 1, 0, 0.26524725876924027, 0.7264517938673821, 1, 0, 1, 0.1488960799381116, 0.14390358296004824, 0.052269863292052576, 0.030175961314027326, 0.01249680742940639, 0.6260522098993474, 2.8116654539001655, 0.7089158241702899, 0.4080782978880357, 0.14610092925415522, 0.3385545849560423, 0.119078598964661, 0.28373218207498, 0.33393690306919577, 0.06346709724958127, 0.1976802463404295, 0.35198205602081595, 0.33035000265762643, 2.790275219758898, 0.18958143374775335, 0.15645591424336752, 0.24653757206262678, 0.10767415110880058, 0.32909007541286717, 0.25680378965778694, 1.278091740000266, 1.2596501425019038, 0.36296272816256064, 0.3969659799564187, 0.41223240271657635], BATTLES: 220-178-216-273-234-240-216-185-199-
92, 0, 1992, [0.5266133269879709, 0.6052290414988846, 0.3972162747027166, 0.5983392470572841, 1, 0.8934132872218196, 0.22131733443235008, 0, 0.5670334376452806, 0.6905070684820614, 0.3436947841387525, 0, 0.4842269368064397, 1, 0.24288665370933957, 0.659853440618592, 1, 1, 0, 1, 0.2410650447542615, 0.42354027501751756, 0.36849351717057854, 0.18113551035985517, 0, 1, 0, 0, 0.15178819048762987, 0.05396858656398218, 0.04082539959795616, 0.8545916670533913, 0.43321717686828437, 0.32641961214979404, 0.1942469868957687, 0.6651680689161912, 0.19725584097210247, 0.23404446133628742, 0.24712426788487923, 0.5144219550610369, 0.20360170686824275, 0.6110553357599384, 0.5441706748674122, 0.2960741947423325, 1.1345644691943135, 0.3200264301291692, 0.4110506799464032, 0.6163784645928855, 0.3892098587105834, 0.2687472058268254, 0.41486967741235986, 0.48495806063182956, 4.773160599045052, 0.3110925248041542, 1.1507001203475875, 0.5164216575416974], BATTLES: 228-168-208-266-234-268-217-179-224-
92, 1, 1985, [0.9746441880619154, 0.4204622108198336, 1, 1, 1, 1, 0.2083433914177475, 0, 0.9662577938577901, 0.9865836134580701, 0.16767954916532157, 0.38107071709126505, 0.7550650087848205, 0.4960022898905984, 0.46544290693925355, 0.5374128786220297, 0, 0.05155296438309594, 0, 0.4345992439465133, 0.7157232560616632, 0.4641479442097386, 0, 0.09123066697024815, 0, 0.9054148351166849, 0.019173738858599992, 0.6632512208244481, 0.09310687013599661, 0.06828308971081842, 0.4682459134394395, 1.8500800328325007, 0.1692375390263631, 0.8050279718741191, 0.1407885555687684, 0.5869203688847114, 0.03555324625866087, 0.10022118436100391, 0.1454401208486261, 0.4720473704392568, 0.09245725680048565, 1.217685262102894, 0.3925577190418768, 0.4084458223657097, 1.472623994496159, 0.20781735455504097, 0.8918926662356585, 0.38087525720087717, 1.749912041258482, 0.13381893040477477, 0.2679827532780703, 0.4398383852576438, 2.800789797255599, 0.21710393041589304, 0.1567278124344956, 0.7400228584660445], BATTLES: 214-157-208-274-204-262-232-201-233-
92, 2, 1983, [1, 0.656691011971283, 0.5885338587763717, 0, 1, 1, 0.38389980359807474, 0.0027912529026350367, 0.6331691196060095, 1, 0, 0, 0.6838667333700458, 1, 1, 1, 1, 1, 0, 1, 0.5885680991925052, 0.3862229818281938, 0.26165587737837825, 0, 0.39089899785731663, 0.34748961186359634, 0.12504381784025936, 0, 0.17054684652162155, 0.05331410466839053, 0.09580999715405827, 3.004063771147375, 0.47679598025575753, 0.745543480648171, 0.15490915527116933, 1.0861018632603985, 0.0832181873366845, 0.14600834535142818, 0.4999921157721643, 0.4808079396778812, 0.13401735381155155, 0.8083587426137384, 0.6963031272162197, 0.3619040941971171, 1.976328171012268, 1.1930933931588914, 1.465946787538234, 0.3165044433621946, 1.4495009951032778, 0.18373570100601622, 0.3143940949708822, 0.20907559696161182, 2.945954549975112, 0.35000507487863, 0.1753420630845171, 0.6972571418365948], BATTLES: 223-168-205-284-242-248-218-189-206-
92, 3, 1982, [0.9378507505429319, 0.5838762207151562, 0.44737695197191896, 0, 1, 1, 0.13250679720947156, 0, 0.8211814264680204, 1, 0.3245318762991777, 0.13827643795496417, 0.6800517445681565, 0.387248717499183, 0.2520819225219475, 0.8159024897533563, 1, 0.923698864810811, 0, 1, 1, 0.369879721882048, 0.26542505472076217, 0, 0, 0.626308169543464, 0, 0, 0.11481686092496537, 0.05539602779626678, 0.2010320897168012, 2.7150108486038955, 0.3307311369755463, 1.2500213213749827, 0.20059831403207284, 0.9366498128485274, 0.07390220288101115, 0.13012458783736852, 0.34148252625857556, 0.4977863394727763, 0.08361123077209212, 1.1181314448768878, 0.5388368353871243, 0.3227308045186745, 1.9850476725408164, 0.48038736329516574, 1.1082362376436043, 0.2630255203316817, 1.682919931658242, 0.12773829621560234, 0.2221791777545127, 0.24289920376079452, 2.5981232839936275, 0.3828261958291933, 0.186401889916259, 0.5674933277994951], BATTLES: 241-173-189-269-231-249-207-208-215-
92, 4, 1978, [0.4946687556394017, 0.6000347685948523, 0.35326311955341033, 1, 1, 1, 0.23522585584534866, 0, 0.5763148733367636, 0.7721978379965558, 0.4206095495898384, 0, 0.3770792739314572, 0.5309508909527225, 0.20587911748044785, 0.8568251275252624, 0, 1, 0.06689589320113508, 0.980338044987749, 0.07780608878364254, 0.2671984470562667, 0.3704544837921628, 0, 0, 0.8993467308500369, 0, 0, 0.2769669956688656, 0.049505285741671755, 0.03348462700471625, 1.2369560507241277, 0.24539349817154998, 0.32476870387422463, 0.19798398711038329, 0.826572965285798, 0.23099048227328858, 0.19059602818366117, 0.2983518450715481, 1.0133713885622404, 0.24244499543588863, 0.9309580413336576, 0.5493909972709765, 0.21027774535357738, 1.9498014684079739, 0.3621506708069617, 0.242178931262328, 0.6383587504250743, 0.35997216182011427, 0.14614547746550868, 0.6880269346829103, 0.7320461884762994, 5.70960722840283, 0.2973394818389023, 1.0591670040987973, 0.29278683451060117], BATTLES: 221-180-217-275-235-269-193-170-218-
92, 5, 1964, [0.991141726967632, 0.559762514510126, 0.43105050918045607, 0, 1, 1, 0.7987749776512878, 0, 0.9417035563670666, 1, 0.36961416066156544, 0.5680410566315238, 1, 1, 0, 0.9740653908113752, 0, 0, 0.5183369692567431, 0.780323300560543, 0.23368231726287578, 0.5985110853599466, 0.7752536794024333, 0.2831692015212526, 0, 0.9132195339428401, 0, 1, 0.1815576431862026, 0.04388394318870292, 0.09572133369911207, 2.8355776698400006, 0.5771272984798453, 0.38016266822182515, 0.25583778555564474, 1.137742717151054, 0.2047639256146938, 0.19073650779642648, 0.309487997750702, 0.9582498991535994, 0.202829256039583, 1.7518252736193871, 1.4579307726007142, 0.43923503714591006, 1.7342563687440065, 0.7511414496604172, 0.6276436633948411, 0.7382965278787832, 0.7860843505494618, 0.1885594107811581, 0.1956826740523582, 0.4883327583873811, 2.9040755210303693, 0.2678361981475497, 0.45380483836796864, 0.8949324469089176], BATTLES: 238-193-227-285-223-223-213-153-209-
92, 6, 1934, [1, 0.48893825295400767, 0.9160691226134496, 1, 1, 1, 0.0862332048068401, 0, 0.984107620964714, 1, 0.34141477762256955, 0.42733778552956403, 0.7959704981782086, 0, 0.7874841003596191, 1, 0, 0.11031351034900883, 0.02629405921274915, 1, 1, 0.45470325057788286, 0, 0.2010752860204343, 0.7555150954522946, 0.6828622770482986, 0, 0.869597609444154, 0.11814026653814054, 0.09178731708394818, 0.32616329216858697, 1.9500228331874678, 0.1842326271035333, 1.0749200041724236, 0.1588486253027117, 0.8822901301627579, 0.04859294918038306, 0.06882426261665328, 0.20244419434143268, 0.31984948843748745, 0.08742894437515676, 1.1533420461296782, 0.4451538163028706, 0.355908626729386, 1.415159478857515, 0.3303589674307547, 1.1579693942173916, 0.353188074009389, 2.000887675817467, 0.10265598198579494, 0.3591478884995927, 0.26831291810264934, 1.4601773654350756, 0.2642449212678847, 0.20933295530286095, 0.749048583490717], BATTLES: 209-143-215-265-217-248-234-174-229-
92, 7, 1918, [0.6789306834682681, 0.7047559731634406, 0.4394141696268185, 0.37713892851236985, 1, 0.8422579499942533, 0.29774147273065515, 0, 1, 0.8406297498723411, 0.7543548925779249, 0.19544069810958326, 0.5143110603106674, 0.9896550688543693, 0.7991937343057799, 0.4271144016828622, 0, 0, 0, 1, 0, 0.38473551944183504, 0.6804468591838121, 1, 0, 1, 0, 0.026248122444146177, 0.0862223276734351, 0.04248809409854235, 0.008517853402805526, 1.0056652218089868, 1.879355797327738, 0.5717088428641607, 0.3270136194762806, 0.22991666688888998, 0.44468813892741405, 0.12463002145827738, 0.23961717800377527, 0.44161214446801533, 0.08280155147739005, 0.23892952806788945, 0.3925665363006531, 0.2652947468104194, 1.6534742714090074, 0.22722405177796148, 0.2287054291099702, 0.38814991083900496, 0.2389836071160117, 0.25265252306874814, 0.23499657132580623, 1.0699587463441376, 0.6319939282702867, 0.28142102594536134, 0.4041830499947906, 0.4133692391276142], BATTLES: 206-152-205-290-231-263-196-154-221-
92, 8, 1917, [1, 0.6044747638866406, 0.5134281980286922, 0, 1, 1, 0.29379973145557853, 0, 0.6875516966023933, 0.8857256686489946, 0, 0, 1, 0.5799408611984653, 0.004725236208979786, 1, 0, 0.6593393220063297, 0, 1, 0, 0.5249983142619576, 0.7305518636736934, 0, 0.0521036036559101, 1, 0.37753599050585634, 1, 0.21520097003456606, 0.04381393727564348, 0.0709952452300291, 3.376349906836219, 0.3517711291189972, 0.5912802668653543, 0.23105121444485016, 0.8653091383542891, 0.150974805142901, 0.2256872786101136, 0.28567248056327, 1.0105601251744611, 0.21434303819967254, 0.8156261831058352, 0.7573129276674435, 0.41331804128892463, 1.5503070351860233, 0.5114944808378609, 0.9405909825941311, 0.6524182521588215, 0.9599546179494536, 0.1871578141988583, 0.19787129653371358, 0.5123019522515574, 1.9923283789291089, 0.3397790318548444, 0.3239924989493803, 0.8944909658753605], BATTLES: 225-160-226-276-197-239-240-157-197-
92, 9, 1905, [0.6661600806893845, 0.6548804977731264, 0.44541291268282696, 1, 1, 1, 0.5224677956675557, 0, 1, 0.9375809426357941, 0.6285266606346499, 0.02586707190037348, 0.613666867058501, 0.7061674241723894, 1, 0.7758925168999203, 0, 0.01338248801356029, 0.0718194308142926, 0.7170482593623267, 0.2293870563357871, 0.21818601428832757, 0.6315026374679612, 0.3241789526274611, 0, 0.6686782570830117, 0, 0, 0.09696414556074637, 0.0469257871972419, 0.014490390394296082, 0.5275869380200425, 1.4929595195780374, 0.8120230646368376, 0.27100614839065174, 0.4089590296413, 0.392790991936679, 0.14493794976343083, 0.13300041069767923, 0.3418093898472383, 0.06151885088569736, 0.2652425914938214, 0.650102670755429, 0.3394901841328553, 1.707495670446914, 0.33727934539617344, 0.1933090434060608, 0.4312714939383564, 0.3403222708373709, 0.19768526290629815, 0.2945727664648825, 1.076250202352981, 1.0006287469702213, 0.3139739757758152, 0.35078678926350093, 0.5472835228636417], BATTLES: 224-164-204-271-210-271-212-138-211-
93, 0, 2010, [0.9746441880619154, 0.4204622108198336, 1, 1, 1, 1, 0.2083433914177475, 0, 0.9662577938577901, 0.9865836134580701, 0.16767954916532157, 0.38107071709126505, 0.7550650087848205, 0.4960022898905984, 0.46544290693925355, 0.5374128786220297, 0, 0.05155296438309594, 0, 0.4345992439465133, 0.7157232560616632, 0.4641479442097386, 0, 0.09123066697024815, 0, 0.9054148351166849, 0.019173738858599992, 0.6632512208244481, 0.09310687013599661, 0.06828308971081842, 0.4682459134394395, 1.8500800328325007, 0.1692375390263631, 0.8050279718741191, 0.1407885555687684, 0.5869203688847114, 0.03555324625866087, 0.10022118436100391, 0.1454401208486261, 0.4720473704392568, 0.09245725680048565, 1.217685262102894, 0.3925577190418768, 0.4084458223657097, 1.472623994496159, 0.20781735455504097, 0.8918926662356585, 0.38087525720087717, 1.749912041258482, 0.13381893040477477, 0.2679827532780703, 0.4398383852576438, 2.800789797255599, 0.21710393041589304, 0.1567278124344956, 0.7400228584660445], BATTLES: 221-167-205-262-223-265-244-198-225-
93, 1, 1997, [1, 0.656691011971283, 0.5885338587763717, 0, 1, 1, 0.38389980359807474, 0.0027912529026350367, 0.6331691196060095, 1, 0, 0, 0.6838667333700458, 1, 1, 1, 1, 1, 0, 1, 0.5885680991925052, 0.3862229818281938, 0.26165587737837825, 0, 0.39089899785731663, 0.34748961186359634, 0.12504381784025936, 0, 0.17054684652162155, 0.05331410466839053, 0.09580999715405827, 3.004063771147375, 0.47679598025575753, 0.745543480648171, 0.15490915527116933, 1.0861018632603985, 0.0832181873366845, 0.14600834535142818, 0.4999921157721643, 0.4808079396778812, 0.13401735381155155, 0.8083587426137384, 0.6963031272162197, 0.3619040941971171, 1.976328171012268, 1.1930933931588914, 1.465946787538234, 0.3165044433621946, 1.4495009951032778, 0.18373570100601622, 0.3143940949708822, 0.20907559696161182, 2.945954549975112, 0.35000507487863, 0.1753420630845171, 0.6972571418365948], BATTLES: 232-169-197-283-244-269-215-195-193-
93, 2, 1986, [1, 0.6044747638866406, 0.5134281980286922, 0, 1, 1, 0.29379973145557853, 0, 0.6875516966023933, 0.8857256686489946, 0, 0, 1, 0.5799408611984653, 0.004725236208979786, 1, 0, 0.6593393220063297, 0, 1, 0, 0.5249983142619576, 0.7305518636736934, 0, 0.0521036036559101, 1, 0.37753599050585634, 1, 0.21520097003456606, 0.04381393727564348, 0.0709952452300291, 3.376349906836219, 0.3517711291189972, 0.5912802668653543, 0.23105121444485016, 0.8653091383542891, 0.150974805142901, 0.2256872786101136, 0.28567248056327, 1.0105601251744611, 0.21434303819967254, 0.8156261831058352, 0.7573129276674435, 0.41331804128892463, 1.5503070351860233, 0.5114944808378609, 0.9405909825941311, 0.6524182521588215, 0.9599546179494536, 0.1871578141988583, 0.19787129653371358, 0.5123019522515574, 1.9923283789291089, 0.3397790318548444, 0.3239924989493803, 0.8944909658753605], BATTLES: 234-195-197-271-219-245-231-173-221-
93, 3, 1984, [0.9378507505429319, 0.5838762207151562, 0.44737695197191896, 0, 1, 1, 0.13250679720947156, 0, 0.8211814264680204, 1, 0.3245318762991777, 0.13827643795496417, 0.6800517445681565, 0.387248717499183, 0.2520819225219475, 0.8159024897533563, 1, 0.923698864810811, 0, 1, 1, 0.369879721882048, 0.26542505472076217, 0, 0, 0.626308169543464, 0, 0, 0.11481686092496537, 0.05539602779626678, 0.2010320897168012, 2.7150108486038955, 0.3307311369755463, 1.2500213213749827, 0.20059831403207284, 0.9366498128485274, 0.07390220288101115, 0.13012458783736852, 0.34148252625857556, 0.4977863394727763, 0.08361123077209212, 1.1181314448768878, 0.5388368353871243, 0.3227308045186745, 1.9850476725408164, 0.48038736329516574, 1.1082362376436043, 0.2630255203316817, 1.682919931658242, 0.12773829621560234, 0.2221791777545127, 0.24289920376079452, 2.5981232839936275, 0.3828261958291933, 0.186401889916259, 0.5674933277994951], BATTLES: 229-171-202-271-238-263-214-181-215-
93, 4, 1975, [1, 0.48893825295400767, 0.9160691226134496, 1, 1, 1, 0.0862332048068401, 0, 0.984107620964714, 1, 0.34141477762256955, 0.42733778552956403, 0.7959704981782086, 0, 0.7874841003596191, 1, 0, 0.11031351034900883, 0.02629405921274915, 1, 1, 0.45470325057788286, 0, 0.2010752860204343, 0.7555150954522946, 0.6828622770482986, 0, 0.869597609444154, 0.11814026653814054, 0.09178731708394818, 0.32616329216858697, 1.9500228331874678, 0.1842326271035333, 1.0749200041724236, 0.1588486253027117, 0.8822901301627579, 0.04859294918038306, 0.06882426261665328, 0.20244419434143268, 0.31984948843748745, 0.08742894437515676, 1.1533420461296782, 0.4451538163028706, 0.355908626729386, 1.415159478857515, 0.3303589674307547, 1.1579693942173916, 0.353188074009389, 2.000887675817467, 0.10265598198579494, 0.3591478884995927, 0.26831291810264934, 1.4601773654350756, 0.2642449212678847, 0.20933295530286095, 0.749048583490717], BATTLES: 219-162-218-249-228-245-233-191-230-
93, 5, 1968, [0.5266133269879709, 0.6052290414988846, 0.3972162747027166, 0.5983392470572841, 1, 0.8934132872218196, 0.22131733443235008, 0, 0.5670334376452806, 0.6905070684820614, 0.3436947841387525, 0, 0.4842269368064397, 1, 0.24288665370933957, 0.659853440618592, 1, 1, 0, 1, 0.2410650447542615, 0.42354027501751756, 0.36849351717057854, 0.18113551035985517, 0, 1, 0, 0, 0.15178819048762987, 0.05396858656398218, 0.04082539959795616, 0.8545916670533913, 0.43321717686828437, 0.32641961214979404, 0.1942469868957687, 0.6651680689161912, 0.19725584097210247, 0.23404446133628742, 0.24712426788487923, 0.5144219550610369, 0.20360170686824275, 0.6110553357599384, 0.5441706748674122, 0.2960741947423325, 1.1345644691943135, 0.3200264301291692, 0.4110506799464032, 0.6163784645928855, 0.3892098587105834, 0.2687472058268254, 0.41486967741235986, 0.48495806063182956, 4.773160599045052, 0.3110925248041542, 1.1507001203475875, 0.5164216575416974], BATTLES: 206-176-202-283-249-259-208-163-222-
93, 6, 1965, [1, 0.5085883698912451, 1, 0.9977473616639708, 0.997967050950247, 1, 0.36492103352277133, 0.15369319050124852, 0.9277197855895655, 1, 0, 0.30150839696200893, 0.9634415060103421, 0.3118228630600524, 0.9168022209584797, 0.6281857083367246, 0, 0, 0, 0.9437028132323755, 0, 0.49640875741120455, 0, 0.49686139880511915, 0.431513263092063, 0.7059060304042125, 0.23943440096497612, 0.06447434849795075, 0.12897928825212854, 0.10570660140580374, 0.6989936574334813, 2.5354701467455243, 0.35488847353812764, 0.895838551432455, 0.23561441937394947, 0.48998775780251785, 0.02634872933861376, 0.0857390495472926, 0.3576835257133983, 0.47286384927731084, 0.13573840868921466, 1.4798582767742703, 0.3066051149482279, 0.40910410102822564, 0.8182916515534714, 0.26400430947678943, 1.135577761302543, 0.28957602253562925, 1.5384613272047303, 0.07254199430324493, 0.31959031692747353, 0.3403455457990716, 0.8975659267122299, 0.2023855583773634, 0.29690683945808855, 0.5977365655413969], BATTLES: 207-166-197-262-241-258-220-194-220-
93, 7, 1961, [0.4946687556394017, 0.6000347685948523, 0.35326311955341033, 1, 1, 1, 0.23522585584534866, 0, 0.5763148733367636, 0.7721978379965558, 0.4206095495898384, 0, 0.3770792739314572, 0.5309508909527225, 0.20587911748044785, 0.8568251275252624, 0, 1, 0.06689589320113508, 0.980338044987749, 0.07780608878364254, 0.2671984470562667, 0.3704544837921628, 0, 0, 0.8993467308500369, 0, 0, 0.2769669956688656, 0.049505285741671755, 0.03348462700471625, 1.2369560507241277, 0.24539349817154998, 0.32476870387422463, 0.19798398711038329, 0.826572965285798, 0.23099048227328858, 0.19059602818366117, 0.2983518450715481, 1.0133713885622404, 0.24244499543588863, 0.9309580413336576, 0.5493909972709765, 0.21027774535357738, 1.9498014684079739, 0.3621506708069617, 0.242178931262328, 0.6383587504250743, 0.35997216182011427, 0.14614547746550868, 0.6880269346829103, 0.7320461884762994, 5.70960722840283, 0.2973394818389023, 1.0591670040987973, 0.29278683451060117], BATTLES: 205-175-218-285-224-268-219-163-204-
93, 8, 1952, [0.6661600806893845, 0.6548804977731264, 0.44541291268282696, 1, 1, 1, 0.5224677956675557, 0, 1, 0.9375809426357941, 0.6285266606346499, 0.02586707190037348, 0.613666867058501, 0.7061674241723894, 1, 0.7758925168999203, 0, 0.01338248801356029, 0.0718194308142926, 0.7170482593623267, 0.2293870563357871, 0.21818601428832757, 0.6315026374679612, 0.3241789526274611, 0, 0.6686782570830117, 0, 0, 0.09696414556074637, 0.0469257871972419, 0.014490390394296082, 0.5275869380200425, 1.4929595195780374, 0.8120230646368376, 0.27100614839065174, 0.4089590296413, 0.392790991936679, 0.14493794976343083, 0.13300041069767923, 0.3418093898472383, 0.06151885088569736, 0.2652425914938214, 0.650102670755429, 0.3394901841328553, 1.707495670446914, 0.33727934539617344, 0.1933090434060608, 0.4312714939383564, 0.3403222708373709, 0.19768526290629815, 0.2945727664648825, 1.076250202352981, 1.0006287469702213, 0.3139739757758152, 0.35078678926350093, 0.5472835228636417], BATTLES: 216-156-206-275-233-268-206-170-222-
93, 9, 1946, [0.991141726967632, 0.559762514510126, 0.43105050918045607, 0, 1, 1, 0.7987749776512878, 0, 0.9417035563670666, 1, 0.36961416066156544, 0.5680410566315238, 1, 1, 0, 0.9740653908113752, 0, 0, 0.5183369692567431, 0.780323300560543, 0.23368231726287578, 0.5985110853599466, 0.7752536794024333, 0.2831692015212526, 0, 0.9132195339428401, 0, 1, 0.1815576431862026, 0.04388394318870292, 0.09572133369911207, 2.8355776698400006, 0.5771272984798453, 0.38016266822182515, 0.25583778555564474, 1.137742717151054, 0.2047639256146938, 0.19073650779642648, 0.309487997750702, 0.9582498991535994, 0.202829256039583, 1.7518252736193871, 1.4579307726007142, 0.43923503714591006, 1.7342563687440065, 0.7511414496604172, 0.6276436633948411, 0.7382965278787832, 0.7860843505494618, 0.1885594107811581, 0.1956826740523582, 0.4883327583873811, 2.9040755210303693, 0.2678361981475497, 0.45380483836796864, 0.8949324469089176], BATTLES: 225-185-197-283-217-245-212-154-228-
94, 0, 2187, [0.991141726967632, 0.559762514510126, 0.43105050918045607, 0, 1, 1, 0.7987749776512878, 0, 0.9417035563670666, 1, 0.36961416066156544, 0.5680410566315238, 1, 1, 0, 0.9740653908113752, 0, 0, 0.5183369692567431, 0.780323300560543, 0.23368231726287578, 0.5985110853599466, 0.7752536794024333, 0.2831692015212526, 0, 0.9132195339428401, 0, 1, 0.1815576431862026, 0.04388394318870292, 0.09572133369911207, 2.8355776698400006, 0.5771272984798453, 0.38016266822182515, 0.25583778555564474, 1.137742717151054, 0.2047639256146938, 0.19073650779642648, 0.309487997750702, 0.9582498991535994, 0.202829256039583, 1.7518252736193871, 1.4579307726007142, 0.43923503714591006, 1.7342563687440065, 0.7511414496604172, 0.6276436633948411, 0.7382965278787832, 0.7860843505494618, 0.1885594107811581, 0.1956826740523582, 0.4883327583873811, 2.9040755210303693, 0.2678361981475497, 0.45380483836796864, 0.8949324469089176], BATTLES: 246-212-239-308-248-262-244-188-240-
94, 1, 2179, [1, 0.656691011971283, 0.5885338587763717, 0, 1, 1, 0.38389980359807474, 0.0027912529026350367, 0.6331691196060095, 1, 0, 0, 0.6838667333700458, 1, 1, 1, 1, 1, 0, 1, 0.5885680991925052, 0.3862229818281938, 0.26165587737837825, 0, 0.39089899785731663, 0.34748961186359634, 0.12504381784025936, 0, 0.17054684652162155, 0.05331410466839053, 0.09580999715405827, 3.004063771147375, 0.47679598025575753, 0.745543480648171, 0.15490915527116933, 1.0861018632603985, 0.0832181873366845, 0.14600834535142818, 0.4999921157721643, 0.4808079396778812, 0.13401735381155155, 0.8083587426137384, 0.6963031272162197, 0.3619040941971171, 1.976328171012268, 1.1930933931588914, 1.465946787538234, 0.3165044433621946, 1.4495009951032778, 0.18373570100601622, 0.3143940949708822, 0.20907559696161182, 2.945954549975112, 0.35000507487863, 0.1753420630845171, 0.6972571418365948], BATTLES: 268-199-212-304-246-269-251-215-215-
94, 2, 2177, [0.5266133269879709, 0.6052290414988846, 0.3972162747027166, 0.5983392470572841, 1, 0.8934132872218196, 0.22131733443235008, 0, 0.5670334376452806, 0.6905070684820614, 0.3436947841387525, 0, 0.4842269368064397, 1, 0.24288665370933957, 0.659853440618592, 1, 1, 0, 1, 0.2410650447542615, 0.42354027501751756, 0.36849351717057854, 0.18113551035985517, 0, 1, 0, 0, 0.15178819048762987, 0.05396858656398218, 0.04082539959795616, 0.8545916670533913, 0.43321717686828437, 0.32641961214979404, 0.1942469868957687, 0.6651680689161912, 0.19725584097210247, 0.23404446133628742, 0.24712426788487923, 0.5144219550610369, 0.20360170686824275, 0.6110553357599384, 0.5441706748674122, 0.2960741947423325, 1.1345644691943135, 0.3200264301291692, 0.4110506799464032, 0.6163784645928855, 0.3892098587105834, 0.2687472058268254, 0.41486967741235986, 0.48495806063182956, 4.773160599045052, 0.3110925248041542, 1.1507001203475875, 0.5164216575416974], BATTLES: 242-190-228-296-260-268-241-206-246-
94, 3, 2177, [1, 0.5085883698912451, 1, 0.9977473616639708, 0.997967050950247, 1, 0.36492103352277133, 0.15369319050124852, 0.9277197855895655, 1, 0, 0.30150839696200893, 0.9634415060103421, 0.3118228630600524, 0.9168022209584797, 0.6281857083367246, 0, 0, 0, 0.9437028132323755, 0, 0.49640875741120455, 0, 0.49686139880511915, 0.431513263092063, 0.7059060304042125, 0.23943440096497612, 0.06447434849795075, 0.12897928825212854, 0.10570660140580374, 0.6989936574334813, 2.5354701467455243, 0.35488847353812764, 0.895838551432455, 0.23561441937394947, 0.48998775780251785, 0.02634872933861376, 0.0857390495472926, 0.3576835257133983, 0.47286384927731084, 0.13573840868921466, 1.4798582767742703, 0.3066051149482279, 0.40910410102822564, 0.8182916515534714, 0.26400430947678943, 1.135577761302543, 0.28957602253562925, 1.5384613272047303, 0.07254199430324493, 0.31959031692747353, 0.3403455457990716, 0.8975659267122299, 0.2023855583773634, 0.29690683945808855, 0.5977365655413969], BATTLES: 238-186-192-293-259-278-271-228-232-
94, 4, 2173, [0.6661600806893845, 0.6548804977731264, 0.44541291268282696, 1, 1, 1, 0.5224677956675557, 0, 1, 0.9375809426357941, 0.6285266606346499, 0.02586707190037348, 0.613666867058501, 0.7061674241723894, 1, 0.7758925168999203, 0, 0.01338248801356029, 0.0718194308142926, 0.7170482593623267, 0.2293870563357871, 0.21818601428832757, 0.6315026374679612, 0.3241789526274611, 0, 0.6686782570830117, 0, 0, 0.09696414556074637, 0.0469257871972419, 0.014490390394296082, 0.5275869380200425, 1.4929595195780374, 0.8120230646368376, 0.27100614839065174, 0.4089590296413, 0.392790991936679, 0.14493794976343083, 0.13300041069767923, 0.3418093898472383, 0.06151885088569736, 0.2652425914938214, 0.650102670755429, 0.3394901841328553, 1.707495670446914, 0.33727934539617344, 0.1933090434060608, 0.4312714939383564, 0.3403222708373709, 0.19768526290629815, 0.2945727664648825, 1.076250202352981, 1.0006287469702213, 0.3139739757758152, 0.35078678926350093, 0.5472835228636417], BATTLES: 259-197-229-299-250-261-240-201-237-
94, 5, 2169, [0.9378507505429319, 0.5838762207151562, 0.44737695197191896, 0, 1, 1, 0.13250679720947156, 0, 0.8211814264680204, 1, 0.3245318762991777, 0.13827643795496417, 0.6800517445681565, 0.387248717499183, 0.2520819225219475, 0.8159024897533563, 1, 0.923698864810811, 0, 1, 1, 0.369879721882048, 0.26542505472076217, 0, 0, 0.626308169543464, 0, 0, 0.11481686092496537, 0.05539602779626678, 0.2010320897168012, 2.7150108486038955, 0.3307311369755463, 1.2500213213749827, 0.20059831403207284, 0.9366498128485274, 0.07390220288101115, 0.13012458783736852, 0.34148252625857556, 0.4977863394727763, 0.08361123077209212, 1.1181314448768878, 0.5388368353871243, 0.3227308045186745, 1.9850476725408164, 0.48038736329516574, 1.1082362376436043, 0.2630255203316817, 1.682919931658242, 0.12773829621560234, 0.2221791777545127, 0.24289920376079452, 2.5981232839936275, 0.3828261958291933, 0.186401889916259, 0.5674933277994951], BATTLES: 250-187-215-288-260-276-257-217-219-
94, 6, 2149, [1, 0.48893825295400767, 0.9160691226134496, 1, 1, 1, 0.0862332048068401, 0, 0.984107620964714, 1, 0.34141477762256955, 0.42733778552956403, 0.7959704981782086, 0, 0.7874841003596191, 1, 0, 0.11031351034900883, 0.02629405921274915, 1, 1, 0.45470325057788286, 0, 0.2010752860204343, 0.7555150954522946, 0.6828622770482986, 0, 0.869597609444154, 0.11814026653814054, 0.09178731708394818, 0.32616329216858697, 1.9500228331874678, 0.1842326271035333, 1.0749200041724236, 0.1588486253027117, 0.8822901301627579, 0.04859294918038306, 0.06882426261665328, 0.20244419434143268, 0.31984948843748745, 0.08742894437515676, 1.1533420461296782, 0.4451538163028706, 0.355908626729386, 1.415159478857515, 0.3303589674307547, 1.1579693942173916, 0.353188074009389, 2.000887675817467, 0.10265598198579494, 0.3591478884995927, 0.26831291810264934, 1.4601773654350756, 0.2642449212678847, 0.20933295530286095, 0.749048583490717], BATTLES: 244-180-227-281-236-267-256-213-245-
94, 7, 2134, [0.9746441880619154, 0.4204622108198336, 1, 1, 1, 1, 0.2083433914177475, 0, 0.9662577938577901, 0.9865836134580701, 0.16767954916532157, 0.38107071709126505, 0.7550650087848205, 0.4960022898905984, 0.46544290693925355, 0.5374128786220297, 0, 0.05155296438309594, 0, 0.4345992439465133, 0.7157232560616632, 0.4641479442097386, 0, 0.09123066697024815, 0, 0.9054148351166849, 0.019173738858599992, 0.6632512208244481, 0.09310687013599661, 0.06828308971081842, 0.4682459134394395, 1.8500800328325007, 0.1692375390263631, 0.8050279718741191, 0.1407885555687684, 0.5869203688847114, 0.03555324625866087, 0.10022118436100391, 0.1454401208486261, 0.4720473704392568, 0.09245725680048565, 1.217685262102894, 0.3925577190418768, 0.4084458223657097, 1.472623994496159, 0.20781735455504097, 0.8918926662356585, 0.38087525720087717, 1.749912041258482, 0.13381893040477477, 0.2679827532780703, 0.4398383852576438, 2.800789797255599, 0.21710393041589304, 0.1567278124344956, 0.7400228584660445], BATTLES: 254-177-223-268-246-268-246-216-236-
94, 8, 2133, [0.7283084793574186, 0.5435502343735588, 0.34997130581065816, 1, 1, 0.7390017576963048, 0.2445183140862342, 0.1302767360074853, 0.6275503887383974, 0.9802407129999078, 0.2551889643519294, 0.40241813135262655, 0.3458045758355947, 0, 1, 0.8217255136299967, 0.799276512681476, 0.48355723289708963, 0, 1, 0.27581817215702564, 0, 0, 0, 0, 0.3982508209733121, 0, 0.11413462535543345, 0.21150835039110616, 0.05244302797187191, 0.030979199134150422, 0.7753683436921842, 0.354440031187033, 0.5025185370557401, 0.12723945658538713, 0.704730294770795, 0.2810580141331548, 0.1978030891045616, 0.39182730254674014, 0.6907507862799285, 0.3211878715707149, 0.6892271444097076, 0.4997897346229066, 0.18590790051131947, 1.693564175418114, 0.5673060811525447, 0.2320268418386028, 1.008584912665514, 0.3104679082213771, 0.19720681629633685, 0.6212887472804479, 0.638155431627367, 7.411401985480326, 0.21348140311806593, 0.8464604033907395, 0.25494851058704443], BATTLES: 221-179-214-298-249-260-251-222-239-
94, 9, 2132, [0.4946687556394017, 0.6000347685948523, 0.35326311955341033, 1, 1, 1, 0.23522585584534866, 0, 0.5763148733367636, 0.7721978379965558, 0.4206095495898384, 0, 0.3770792739314572, 0.5309508909527225, 0.20587911748044785, 0.8568251275252624, 0, 1, 0.06689589320113508, 0.980338044987749, 0.07780608878364254, 0.2671984470562667, 0.3704544837921628, 0, 0, 0.8993467308500369, 0, 0, 0.2769669956688656, 0.049505285741671755, 0.03348462700471625, 1.2369560507241277, 0.24539349817154998, 0.32476870387422463, 0.19798398711038329, 0.826572965285798, 0.23099048227328858, 0.19059602818366117, 0.2983518450715481, 1.0133713885622404, 0.24244499543588863, 0.9309580413336576, 0.5493909972709765, 0.21027774535357738, 1.9498014684079739, 0.3621506708069617, 0.242178931262328, 0.6383587504250743, 0.35997216182011427, 0.14614547746550868, 0.6880269346829103, 0.7320461884762994, 5.70960722840283, 0.2973394818389023, 1.0591670040987973, 0.29278683451060117], BATTLES: 245-194-223-301-226-272-239-200-232-
95, 0, 2124, [0.9378507505429319, 0.5838762207151562, 0.44737695197191896, 0, 1, 1, 0.13250679720947156, 0, 0.8211814264680204, 1, 0.3245318762991777, 0.13827643795496417, 0.6800517445681565, 0.387248717499183, 0.2520819225219475, 0.8159024897533563, 1, 0.923698864810811, 0, 1, 1, 0.369879721882048, 0.26542505472076217, 0, 0, 0.626308169543464, 0, 0, 0.11481686092496537, 0.05539602779626678, 0.2010320897168012, 2.7150108486038955, 0.3307311369755463, 1.2500213213749827, 0.20059831403207284, 0.9366498128485274, 0.07390220288101115, 0.13012458783736852, 0.34148252625857556, 0.4977863394727763, 0.08361123077209212, 1.1181314448768878, 0.5388368353871243, 0.3227308045186745, 1.9850476725408164, 0.48038736329516574, 1.1082362376436043, 0.2630255203316817, 1.682919931658242, 0.12773829621560234, 0.2221791777545127, 0.24289920376079452, 2.5981232839936275, 0.3828261958291933, 0.186401889916259, 0.5674933277994951], BATTLES: 247-203-211-293-246-264-250-199-211-
95, 1, 2071, [1, 0.48893825295400767, 0.9160691226134496, 1, 1, 1, 0.0862332048068401, 0, 0.984107620964714, 1, 0.34141477762256955, 0.42733778552956403, 0.7959704981782086, 0, 0.7874841003596191, 1, 0, 0.11031351034900883, 0.02629405921274915, 1, 1, 0.45470325057788286, 0, 0.2010752860204343, 0.7555150954522946, 0.6828622770482986, 0, 0.869597609444154, 0.11814026653814054, 0.09178731708394818, 0.32616329216858697, 1.9500228331874678, 0.1842326271035333, 1.0749200041724236, 0.1588486253027117, 0.8822901301627579, 0.04859294918038306, 0.06882426261665328, 0.20244419434143268, 0.31984948843748745, 0.08742894437515676, 1.1533420461296782, 0.4451538163028706, 0.355908626729386, 1.415159478857515, 0.3303589674307547, 1.1579693942173916, 0.353188074009389, 2.000887675817467, 0.10265598198579494, 0.3591478884995927, 0.26831291810264934, 1.4601773654350756, 0.2642449212678847, 0.20933295530286095, 0.749048583490717], BATTLES: 229-179-218-265-256-256-241-197-230-
95, 2, 2062, [0.4946687556394017, 0.6000347685948523, 0.35326311955341033, 1, 1, 1, 0.23522585584534866, 0, 0.5763148733367636, 0.7721978379965558, 0.4206095495898384, 0, 0.3770792739314572, 0.5309508909527225, 0.20587911748044785, 0.8568251275252624, 0, 1, 0.06689589320113508, 0.980338044987749, 0.07780608878364254, 0.2671984470562667, 0.3704544837921628, 0, 0, 0.8993467308500369, 0, 0, 0.2769669956688656, 0.049505285741671755, 0.03348462700471625, 1.2369560507241277, 0.24539349817154998, 0.32476870387422463, 0.19798398711038329, 0.826572965285798, 0.23099048227328858, 0.19059602818366117, 0.2983518450715481, 1.0133713885622404, 0.24244499543588863, 0.9309580413336576, 0.5493909972709765, 0.21027774535357738, 1.9498014684079739, 0.3621506708069617, 0.242178931262328, 0.6383587504250743, 0.35997216182011427, 0.14614547746550868, 0.6880269346829103, 0.7320461884762994, 5.70960722840283, 0.2973394818389023, 1.0591670040987973, 0.29278683451060117], BATTLES: 244-198-228-281-237-272-223-182-197-
95, 3, 2056, [0.5266133269879709, 0.6052290414988846, 0.3972162747027166, 0.5983392470572841, 1, 0.8934132872218196, 0.22131733443235008, 0, 0.5670334376452806, 0.6905070684820614, 0.3436947841387525, 0, 0.4842269368064397, 1, 0.24288665370933957, 0.659853440618592, 1, 1, 0, 1, 0.2410650447542615, 0.42354027501751756, 0.36849351717057854, 0.18113551035985517, 0, 1, 0, 0, 0.15178819048762987, 0.05396858656398218, 0.04082539959795616, 0.8545916670533913, 0.43321717686828437, 0.32641961214979404, 0.1942469868957687, 0.6651680689161912, 0.19725584097210247, 0.23404446133628742, 0.24712426788487923, 0.5144219550610369, 0.20360170686824275, 0.6110553357599384, 0.5441706748674122, 0.2960741947423325, 1.1345644691943135, 0.3200264301291692, 0.4110506799464032, 0.6163784645928855, 0.3892098587105834, 0.2687472058268254, 0.41486967741235986, 0.48495806063182956, 4.773160599045052, 0.3110925248041542, 1.1507001203475875, 0.5164216575416974], BATTLES: 226-187-224-291-243-257-222-184-222-
95, 4, 2038, [1, 0.5085883698912451, 1, 0.9977473616639708, 0.997967050950247, 1, 0.36492103352277133, 0.15369319050124852, 0.9277197855895655, 1, 0, 0.30150839696200893, 0.9634415060103421, 0.3118228630600524, 0.9168022209584797, 0.6281857083367246, 0, 0, 0, 0.9437028132323755, 0, 0.49640875741120455, 0, 0.49686139880511915, 0.431513263092063, 0.7059060304042125, 0.23943440096497612, 0.06447434849795075, 0.12897928825212854, 0.10570660140580374, 0.6989936574334813, 2.5354701467455243, 0.35488847353812764, 0.895838551432455, 0.23561441937394947, 0.48998775780251785, 0.02634872933861376, 0.0857390495472926, 0.3576835257133983, 0.47286384927731084, 0.13573840868921466, 1.4798582767742703, 0.3066051149482279, 0.40910410102822564, 0.8182916515534714, 0.26400430947678943, 1.135577761302543, 0.28957602253562925, 1.5384613272047303, 0.07254199430324493, 0.31959031692747353, 0.3403455457990716, 0.8975659267122299, 0.2023855583773634, 0.29690683945808855, 0.5977365655413969], BATTLES: 203-174-196-277-251-276-230-195-236-
95, 5, 2035, [0.991141726967632, 0.559762514510126, 0.43105050918045607, 0, 1, 1, 0.7987749776512878, 0, 0.9417035563670666, 1, 0.36961416066156544, 0.5680410566315238, 1, 1, 0, 0.9740653908113752, 0, 0, 0.5183369692567431, 0.780323300560543, 0.23368231726287578, 0.5985110853599466, 0.7752536794024333, 0.2831692015212526, 0, 0.9132195339428401, 0, 1, 0.1815576431862026, 0.04388394318870292, 0.09572133369911207, 2.8355776698400006, 0.5771272984798453, 0.38016266822182515, 0.25583778555564474, 1.137742717151054, 0.2047639256146938, 0.19073650779642648, 0.309487997750702, 0.9582498991535994, 0.202829256039583, 1.7518252736193871, 1.4579307726007142, 0.43923503714591006, 1.7342563687440065, 0.7511414496604172, 0.6276436633948411, 0.7382965278787832, 0.7860843505494618, 0.1885594107811581, 0.1956826740523582, 0.4883327583873811, 2.9040755210303693, 0.2678361981475497, 0.45380483836796864, 0.8949324469089176], BATTLES: 259-177-232-275-225-250-219-183-215-
95, 6, 2027, [0.9746441880619154, 0.4204622108198336, 1, 1, 1, 1, 0.2083433914177475, 0, 0.9662577938577901, 0.9865836134580701, 0.16767954916532157, 0.38107071709126505, 0.7550650087848205, 0.4960022898905984, 0.46544290693925355, 0.5374128786220297, 0, 0.05155296438309594, 0, 0.4345992439465133, 0.7157232560616632, 0.4641479442097386, 0, 0.09123066697024815, 0, 0.9054148351166849, 0.019173738858599992, 0.6632512208244481, 0.09310687013599661, 0.06828308971081842, 0.4682459134394395, 1.8500800328325007, 0.1692375390263631, 0.8050279718741191, 0.1407885555687684, 0.5869203688847114, 0.03555324625866087, 0.10022118436100391, 0.1454401208486261, 0.4720473704392568, 0.09245725680048565, 1.217685262102894, 0.3925577190418768, 0.4084458223657097, 1.472623994496159, 0.20781735455504097, 0.8918926662356585, 0.38087525720087717, 1.749912041258482, 0.13381893040477477, 0.2679827532780703, 0.4398383852576438, 2.800789797255599, 0.21710393041589304, 0.1567278124344956, 0.7400228584660445], BATTLES: 220-179-227-263-236-242-233-188-239-
95, 7, 2017, [1, 0.656691011971283, 0.5885338587763717, 0, 1, 1, 0.38389980359807474, 0.0027912529026350367, 0.6331691196060095, 1, 0, 0, 0.6838667333700458, 1, 1, 1, 1, 1, 0, 1, 0.5885680991925052, 0.3862229818281938, 0.26165587737837825, 0, 0.39089899785731663, 0.34748961186359634, 0.12504381784025936, 0, 0.17054684652162155, 0.05331410466839053, 0.09580999715405827, 3.004063771147375, 0.47679598025575753, 0.745543480648171, 0.15490915527116933, 1.0861018632603985, 0.0832181873366845, 0.14600834535142818, 0.4999921157721643, 0.4808079396778812, 0.13401735381155155, 0.8083587426137384, 0.6963031272162197, 0.3619040941971171, 1.976328171012268, 1.1930933931588914, 1.465946787538234, 0.3165044433621946, 1.4495009951032778, 0.18373570100601622, 0.3143940949708822, 0.20907559696161182, 2.945954549975112, 0.35000507487863, 0.1753420630845171, 0.6972571418365948], BATTLES: 224-179-194-297-249-238-230-194-212-
95, 8, 1997, [0.6661600806893845, 0.6548804977731264, 0.44541291268282696, 1, 1, 1, 0.5224677956675557, 0, 1, 0.9375809426357941, 0.6285266606346499, 0.02586707190037348, 0.613666867058501, 0.7061674241723894, 1, 0.7758925168999203, 0, 0.01338248801356029, 0.0718194308142926, 0.7170482593623267, 0.2293870563357871, 0.21818601428832757, 0.6315026374679612, 0.3241789526274611, 0, 0.6686782570830117, 0, 0, 0.09696414556074637, 0.0469257871972419, 0.014490390394296082, 0.5275869380200425, 1.4929595195780374, 0.8120230646368376, 0.27100614839065174, 0.4089590296413, 0.392790991936679, 0.14493794976343083, 0.13300041069767923, 0.3418093898472383, 0.06151885088569736, 0.2652425914938214, 0.650102670755429, 0.3394901841328553, 1.707495670446914, 0.33727934539617344, 0.1933090434060608, 0.4312714939383564, 0.3403222708373709, 0.19768526290629815, 0.2945727664648825, 1.076250202352981, 1.0006287469702213, 0.3139739757758152, 0.35078678926350093, 0.5472835228636417], BATTLES: 230-175-211-294-234-240-217-167-229-
95, 9, 1929, [0.7283084793574186, 0.5435502343735588, 0.34997130581065816, 1, 1, 0.7390017576963048, 0.2445183140862342, 0.1302767360074853, 0.6275503887383974, 0.9802407129999078, 0.2551889643519294, 0.40241813135262655, 0.3458045758355947, 0, 1, 0.8217255136299967, 0.799276512681476, 0.48355723289708963, 0, 1, 0.27581817215702564, 0, 0, 0, 0, 0.3982508209733121, 0, 0.11413462535543345, 0.21150835039110616, 0.05244302797187191, 0.030979199134150422, 0.7753683436921842, 0.354440031187033, 0.5025185370557401, 0.12723945658538713, 0.704730294770795, 0.2810580141331548, 0.1978030891045616, 0.39182730254674014, 0.6907507862799285, 0.3211878715707149, 0.6892271444097076, 0.4997897346229066, 0.18590790051131947, 1.693564175418114, 0.5673060811525447, 0.2320268418386028, 1.008584912665514, 0.3104679082213771, 0.19720681629633685, 0.6212887472804479, 0.638155431627367, 7.411401985480326, 0.21348140311806593, 0.8464604033907395, 0.25494851058704443], BATTLES: 185-147-176-269-233-263-243-202-211-
96, 0, 2159, [0.991141726967632, 0.559762514510126, 0.43105050918045607, 0, 1, 1, 0.7987749776512878, 0, 0.9417035563670666, 1, 0.36961416066156544, 0.5680410566315238, 1, 1, 0, 0.9740653908113752, 0, 0, 0.5183369692567431, 0.780323300560543, 0.23368231726287578, 0.5985110853599466, 0.7752536794024333, 0.2831692015212526, 0, 0.9132195339428401, 0, 1, 0.1815576431862026, 0.04388394318870292, 0.09572133369911207, 2.8355776698400006, 0.5771272984798453, 0.38016266822182515, 0.25583778555564474, 1.137742717151054, 0.2047639256146938, 0.19073650779642648, 0.309487997750702, 0.9582498991535994, 0.202829256039583, 1.7518252736193871, 1.4579307726007142, 0.43923503714591006, 1.7342563687440065, 0.7511414496604172, 0.6276436633948411, 0.7382965278787832, 0.7860843505494618, 0.1885594107811581, 0.1956826740523582, 0.4883327583873811, 2.9040755210303693, 0.2678361981475497, 0.45380483836796864, 0.8949324469089176], BATTLES: 246-220-237-306-241-250-253-188-218-
96, 1, 2156, [1, 0.5085883698912451, 1, 0.9977473616639708, 0.997967050950247, 1, 0.36492103352277133, 0.15369319050124852, 0.9277197855895655, 1, 0, 0.30150839696200893, 0.9634415060103421, 0.3118228630600524, 0.9168022209584797, 0.6281857083367246, 0, 0, 0, 0.9437028132323755, 0, 0.49640875741120455, 0, 0.49686139880511915, 0.431513263092063, 0.7059060304042125, 0.23943440096497612, 0.06447434849795075, 0.12897928825212854, 0.10570660140580374, 0.6989936574334813, 2.5354701467455243, 0.35488847353812764, 0.895838551432455, 0.23561441937394947, 0.48998775780251785, 0.02634872933861376, 0.0857390495472926, 0.3576835257133983, 0.47286384927731084, 0.13573840868921466, 1.4798582767742703, 0.3066051149482279, 0.40910410102822564, 0.8182916515534714, 0.26400430947678943, 1.135577761302543, 0.28957602253562925, 1.5384613272047303, 0.07254199430324493, 0.31959031692747353, 0.3403455457990716, 0.8975659267122299, 0.2023855583773634, 0.29690683945808855, 0.5977365655413969], BATTLES: 231-186-200-283-267-278-248-231-232-
96, 2, 2150, [0.9746441880619154, 0.4204622108198336, 1, 1, 1, 1, 0.2083433914177475, 0, 0.9662577938577901, 0.9865836134580701, 0.16767954916532157, 0.38107071709126505, 0.7550650087848205, 0.4960022898905984, 0.46544290693925355, 0.5374128786220297, 0, 0.05155296438309594, 0, 0.4345992439465133, 0.7157232560616632, 0.4641479442097386, 0, 0.09123066697024815, 0, 0.9054148351166849, 0.019173738858599992, 0.6632512208244481, 0.09310687013599661, 0.06828308971081842, 0.4682459134394395, 1.8500800328325007, 0.1692375390263631, 0.8050279718741191, 0.1407885555687684, 0.5869203688847114, 0.03555324625866087, 0.10022118436100391, 0.1454401208486261, 0.4720473704392568, 0.09245725680048565, 1.217685262102894, 0.3925577190418768, 0.4084458223657097, 1.472623994496159, 0.20781735455504097, 0.8918926662356585, 0.38087525720087717, 1.749912041258482, 0.13381893040477477, 0.2679827532780703, 0.4398383852576438, 2.800789797255599, 0.21710393041589304, 0.1567278124344956, 0.7400228584660445], BATTLES: 245-172-217-277-238-260-248-228-265-
96, 3, 2146, [1, 0.656691011971283, 0.5885338587763717, 0, 1, 1, 0.38389980359807474, 0.0027912529026350367, 0.6331691196060095, 1, 0, 0, 0.6838667333700458, 1, 1, 1, 1, 1, 0, 1, 0.5885680991925052, 0.3862229818281938, 0.26165587737837825, 0, 0.39089899785731663, 0.34748961186359634, 0.12504381784025936, 0, 0.17054684652162155, 0.05331410466839053, 0.09580999715405827, 3.004063771147375, 0.47679598025575753, 0.745543480648171, 0.15490915527116933, 1.0861018632603985, 0.0832181873366845, 0.14600834535142818, 0.4999921157721643, 0.4808079396778812, 0.13401735381155155, 0.8083587426137384, 0.6963031272162197, 0.3619040941971171, 1.976328171012268, 1.1930933931588914, 1.465946787538234, 0.3165044433621946, 1.4495009951032778, 0.18373570100601622, 0.3143940949708822, 0.20907559696161182, 2.945954549975112, 0.35000507487863, 0.1753420630845171, 0.6972571418365948], BATTLES: 258-210-189-301-252-259-249-223-205-
96, 4, 2141, [0.9378507505429319, 0.5838762207151562, 0.44737695197191896, 0, 1, 1, 0.13250679720947156, 0, 0.8211814264680204, 1, 0.3245318762991777, 0.13827643795496417, 0.6800517445681565, 0.387248717499183, 0.2520819225219475, 0.8159024897533563, 1, 0.923698864810811, 0, 1, 1, 0.369879721882048, 0.26542505472076217, 0, 0, 0.626308169543464, 0, 0, 0.11481686092496537, 0.05539602779626678, 0.2010320897168012, 2.7150108486038955, 0.3307311369755463, 1.2500213213749827, 0.20059831403207284, 0.9366498128485274, 0.07390220288101115, 0.13012458783736852, 0.34148252625857556, 0.4977863394727763, 0.08361123077209212, 1.1181314448768878, 0.5388368353871243, 0.3227308045186745, 1.9850476725408164, 0.48038736329516574, 1.1082362376436043, 0.2630255203316817, 1.682919931658242, 0.12773829621560234, 0.2221791777545127, 0.24289920376079452, 2.5981232839936275, 0.3828261958291933, 0.186401889916259, 0.5674933277994951], BATTLES: 237-199-205-305-246-241-240-224-244-
96, 5, 2139, [1, 0.48893825295400767, 0.9160691226134496, 1, 1, 1, 0.0862332048068401, 0, 0.984107620964714, 1, 0.34141477762256955, 0.42733778552956403, 0.7959704981782086, 0, 0.7874841003596191, 1, 0, 0.11031351034900883, 0.02629405921274915, 1, 1, 0.45470325057788286, 0, 0.2010752860204343, 0.7555150954522946, 0.6828622770482986, 0, 0.869597609444154, 0.11814026653814054, 0.09178731708394818, 0.32616329216858697, 1.9500228331874678, 0.1842326271035333, 1.0749200041724236, 0.1588486253027117, 0.8822901301627579, 0.04859294918038306, 0.06882426261665328, 0.20244419434143268, 0.31984948843748745, 0.08742894437515676, 1.1533420461296782, 0.4451538163028706, 0.355908626729386, 1.415159478857515, 0.3303589674307547, 1.1579693942173916, 0.353188074009389, 2.000887675817467, 0.10265598198579494, 0.3591478884995927, 0.26831291810264934, 1.4601773654350756, 0.2642449212678847, 0.20933295530286095, 0.749048583490717], BATTLES: 243-179-213-285-231-269-254-220-245-
96, 6, 2116, [0.9527258138670912, 0.36546580844012566, 1, 1, 1, 1, 0.10774719459742813, 0, 0.9608264865272873, 0.8533555049089753, 0.27724070380509164, 0.838909807317282, 0.7518650715755754, 0, 0.6480867409375868, 0.049826746699707214, 0, 0, 0.12336131420264027, 1, 0.46325974614385335, 0.44011688533630744, 0.17414118236398346, 0.4769575923398809, 0, 1, 0.11613768348689472, 0, 0.11878002224983017, 0.052119656136560596, 0.548758076629134, 1.9273887845510147, 0.15514923302022632, 0.7389939852383566, 0.10913134601664957, 0.44149459743508374, 0.03838880621318915, 0.10204903144933554, 0.24079511317523503, 0.5877091882321103, 0.07149548491343038, 1.4285308428918402, 0.3717622669335702, 0.5877555862874198, 1.1464661504292615, 0.20473671472104407, 0.7479824973817215, 0.5841777655517767, 1.1175339879008233, 0.13781040150287968, 0.21547081012144959, 0.38445509599594185, 3.2030526576808485, 0.19214463441212873, 0.08006350390764753, 0.8821602433949565], BATTLES: 271-191-202-278-244-269-231-200-230-
96, 7, 2104, [0.6661600806893845, 0.6548804977731264, 0.44541291268282696, 1, 1, 1, 0.5224677956675557, 0, 1, 0.9375809426357941, 0.6285266606346499, 0.02586707190037348, 0.613666867058501, 0.7061674241723894, 1, 0.7758925168999203, 0, 0.01338248801356029, 0.0718194308142926, 0.7170482593623267, 0.2293870563357871, 0.21818601428832757, 0.6315026374679612, 0.3241789526274611, 0, 0.6686782570830117, 0, 0, 0.09696414556074637, 0.0469257871972419, 0.014490390394296082, 0.5275869380200425, 1.4929595195780374, 0.8120230646368376, 0.27100614839065174, 0.4089590296413, 0.392790991936679, 0.14493794976343083, 0.13300041069767923, 0.3418093898472383, 0.06151885088569736, 0.2652425914938214, 0.650102670755429, 0.3394901841328553, 1.707495670446914, 0.33727934539617344, 0.1933090434060608, 0.4312714939383564, 0.3403222708373709, 0.19768526290629815, 0.2945727664648825, 1.076250202352981, 1.0006287469702213, 0.3139739757758152, 0.35078678926350093, 0.5472835228636417], BATTLES: 234-196-222-297-251-255-234-191-224-
96, 8, 2098, [0.5266133269879709, 0.6052290414988846, 0.3972162747027166, 0.5983392470572841, 1, 0.8934132872218196, 0.22131733443235008, 0, 0.5670334376452806, 0.6905070684820614, 0.3436947841387525, 0, 0.4842269368064397, 1, 0.24288665370933957, 0.659853440618592, 1, 1, 0, 1, 0.2410650447542615, 0.42354027501751756, 0.36849351717057854, 0.18113551035985517, 0, 1, 0, 0, 0.15178819048762987, 0.05396858656398218, 0.04082539959795616, 0.8545916670533913, 0.43321717686828437, 0.32641961214979404, 0.1942469868957687, 0.6651680689161912, 0.19725584097210247, 0.23404446133628742, 0.24712426788487923, 0.5144219550610369, 0.20360170686824275, 0.6110553357599384, 0.5441706748674122, 0.2960741947423325, 1.1345644691943135, 0.3200264301291692, 0.4110506799464032, 0.6163784645928855, 0.3892098587105834, 0.2687472058268254, 0.41486967741235986, 0.48495806063182956, 4.773160599045052, 0.3110925248041542, 1.1507001203475875, 0.5164216575416974], BATTLES: 240-189-217-290-258-253-221-198-232-
96, 9, 2062, [0.4946687556394017, 0.6000347685948523, 0.35326311955341033, 1, 1, 1, 0.23522585584534866, 0, 0.5763148733367636, 0.7721978379965558, 0.4206095495898384, 0, 0.3770792739314572, 0.5309508909527225, 0.20587911748044785, 0.8568251275252624, 0, 1, 0.06689589320113508, 0.980338044987749, 0.07780608878364254, 0.2671984470562667, 0.3704544837921628, 0, 0, 0.8993467308500369, 0, 0, 0.2769669956688656, 0.049505285741671755, 0.03348462700471625, 1.2369560507241277, 0.24539349817154998, 0.32476870387422463, 0.19798398711038329, 0.826572965285798, 0.23099048227328858, 0.19059602818366117, 0.2983518450715481, 1.0133713885622404, 0.24244499543588863, 0.9309580413336576, 0.5493909972709765, 0.21027774535357738, 1.9498014684079739, 0.3621506708069617, 0.242178931262328, 0.6383587504250743, 0.35997216182011427, 0.14614547746550868, 0.6880269346829103, 0.7320461884762994, 5.70960722840283, 0.2973394818389023, 1.0591670040987973, 0.29278683451060117], BATTLES: 229-189-206-292-253-271-210-186-226-
97, 0, 2148, [1, 0.5085883698912451, 1, 0.9977473616639708, 0.997967050950247, 1, 0.36492103352277133, 0.15369319050124852, 0.9277197855895655, 1, 0, 0.30150839696200893, 0.9634415060103421, 0.3118228630600524, 0.9168022209584797, 0.6281857083367246, 0, 0, 0, 0.9437028132323755, 0, 0.49640875741120455, 0, 0.49686139880511915, 0.431513263092063, 0.7059060304042125, 0.23943440096497612, 0.06447434849795075, 0.12897928825212854, 0.10570660140580374, 0.6989936574334813, 2.5354701467455243, 0.35488847353812764, 0.895838551432455, 0.23561441937394947, 0.48998775780251785, 0.02634872933861376, 0.0857390495472926, 0.3576835257133983, 0.47286384927731084, 0.13573840868921466, 1.4798582767742703, 0.3066051149482279, 0.40910410102822564, 0.8182916515534714, 0.26400430947678943, 1.135577761302543, 0.28957602253562925, 1.5384613272047303, 0.07254199430324493, 0.31959031692747353, 0.3403455457990716, 0.8975659267122299, 0.2023855583773634, 0.29690683945808855, 0.5977365655413969], BATTLES: 230-190-204-263-267-292-244-216-242-
97, 1, 2071, [1, 0.39619365125060324, 1, 1, 1, 0.8679173036280906, 0.22117590254591568, 0.13563197507765712, 0.9817544059012482, 0.9894884835479375, 0.16075624076979664, 0.4011450437474325, 0.6310885244209391, 0, 1, 0, 0, 0, 0.3955781133366609, 0.7831970262356944, 1, 0.288202844484415, 0.020442637891427626, 0, 0, 0.8649253907636885, 0, 0, 0.0829619376646854, 0.05368190924273401, 0.3181637318960526, 2.107827004240575, 0.16614257671500196, 0.7906452349489407, 0.13116228313858716, 1.0444456217303504, 0.022682244819543014, 0.11040273472460763, 0.1223719410048796, 0.3076265989841352, 0.07938863290371077, 0.5342159767926106, 0.41963151280039745, 0.3671509744078319, 2.0812360000384698, 0.2288068717546168, 0.4864429862234354, 0.3207751222583095, 1.345341177267773, 0.10385230680855659, 0.39930877099906875, 0.32722008322581586, 2.09213789253006, 0.09998600832728777, 0.13646534253259374, 0.7172985601983008], BATTLES: 243-191-203-281-234-253-239-203-224-
97, 2, 2070, [0.9746441880619154, 0.4204622108198336, 1, 1, 1, 1, 0.2083433914177475, 0, 0.9662577938577901, 0.9865836134580701, 0.16767954916532157, 0.38107071709126505, 0.7550650087848205, 0.4960022898905984, 0.46544290693925355, 0.5374128786220297, 0, 0.05155296438309594, 0, 0.4345992439465133, 0.7157232560616632, 0.4641479442097386, 0, 0.09123066697024815, 0, 0.9054148351166849, 0.019173738858599992, 0.6632512208244481, 0.09310687013599661, 0.06828308971081842, 0.4682459134394395, 1.8500800328325007, 0.1692375390263631, 0.8050279718741191, 0.1407885555687684, 0.5869203688847114, 0.03555324625866087, 0.10022118436100391, 0.1454401208486261, 0.4720473704392568, 0.09245725680048565, 1.217685262102894, 0.3925577190418768, 0.4084458223657097, 1.472623994496159, 0.20781735455504097, 0.8918926662356585, 0.38087525720087717, 1.749912041258482, 0.13381893040477477, 0.2679827532780703, 0.4398383852576438, 2.800789797255599, 0.21710393041589304, 0.1567278124344956, 0.7400228584660445], BATTLES: 203-199-203-268-230-275-239-204-249-
97, 3, 2069, [0.991141726967632, 0.559762514510126, 0.43105050918045607, 0, 1, 1, 0.7987749776512878, 0, 0.9417035563670666, 1, 0.36961416066156544, 0.5680410566315238, 1, 1, 0, 0.9740653908113752, 0, 0, 0.5183369692567431, 0.780323300560543, 0.23368231726287578, 0.5985110853599466, 0.7752536794024333, 0.2831692015212526, 0, 0.9132195339428401, 0, 1, 0.1815576431862026, 0.04388394318870292, 0.09572133369911207, 2.8355776698400006, 0.5771272984798453, 0.38016266822182515, 0.25583778555564474, 1.137742717151054, 0.2047639256146938, 0.19073650779642648, 0.309487997750702, 0.9582498991535994, 0.202829256039583, 1.7518252736193871, 1.4579307726007142, 0.43923503714591006, 1.7342563687440065, 0.7511414496604172, 0.6276436633948411, 0.7382965278787832, 0.7860843505494618, 0.1885594107811581, 0.1956826740523582, 0.4883327583873811, 2.9040755210303693, 0.2678361981475497, 0.45380483836796864, 0.8949324469089176], BATTLES: 218-194-230-284-259-254-227-181-222-
97, 4, 2063, [0.4946687556394017, 0.6000347685948523, 0.35326311955341033, 1, 1, 1, 0.23522585584534866, 0, 0.5763148733367636, 0.7721978379965558, 0.4206095495898384, 0, 0.3770792739314572, 0.5309508909527225, 0.20587911748044785, 0.8568251275252624, 0, 1, 0.06689589320113508, 0.980338044987749, 0.07780608878364254, 0.2671984470562667, 0.3704544837921628, 0, 0, 0.8993467308500369, 0, 0, 0.2769669956688656, 0.049505285741671755, 0.03348462700471625, 1.2369560507241277, 0.24539349817154998, 0.32476870387422463, 0.19798398711038329, 0.826572965285798, 0.23099048227328858, 0.19059602818366117, 0.2983518450715481, 1.0133713885622404, 0.24244499543588863, 0.9309580413336576, 0.5493909972709765, 0.21027774535357738, 1.9498014684079739, 0.3621506708069617, 0.242178931262328, 0.6383587504250743, 0.35997216182011427, 0.14614547746550868, 0.6880269346829103, 0.7320461884762994, 5.70960722840283, 0.2973394818389023, 1.0591670040987973, 0.29278683451060117], BATTLES: 223-197-212-277-257-278-219-180-220-
97, 5, 2053, [1, 0.656691011971283, 0.5885338587763717, 0, 1, 1, 0.38389980359807474, 0.0027912529026350367, 0.6331691196060095, 1, 0, 0, 0.6838667333700458, 1, 1, 1, 1, 1, 0, 1, 0.5885680991925052, 0.3862229818281938, 0.26165587737837825, 0, 0.39089899785731663, 0.34748961186359634, 0.12504381784025936, 0, 0.17054684652162155, 0.05331410466839053, 0.09580999715405827, 3.004063771147375, 0.47679598025575753, 0.745543480648171, 0.15490915527116933, 1.0861018632603985, 0.0832181873366845, 0.14600834535142818, 0.4999921157721643, 0.4808079396778812, 0.13401735381155155, 0.8083587426137384, 0.6963031272162197, 0.3619040941971171, 1.976328171012268, 1.1930933931588914, 1.465946787538234, 0.3165044433621946, 1.4495009951032778, 0.18373570100601622, 0.3143940949708822, 0.20907559696161182, 2.945954549975112, 0.35000507487863, 0.1753420630845171, 0.6972571418365948], BATTLES: 236-200-203-272-246-248-235-198-215-
97, 6, 2046, [0.9527258138670912, 0.36546580844012566, 1, 1, 1, 1, 0.10774719459742813, 0, 0.9608264865272873, 0.8533555049089753, 0.27724070380509164, 0.838909807317282, 0.7518650715755754, 0, 0.6480867409375868, 0.049826746699707214, 0, 0, 0.12336131420264027, 1, 0.46325974614385335, 0.44011688533630744, 0.17414118236398346, 0.4769575923398809, 0, 1, 0.11613768348689472, 0, 0.11878002224983017, 0.052119656136560596, 0.548758076629134, 1.9273887845510147, 0.15514923302022632, 0.7389939852383566, 0.10913134601664957, 0.44149459743508374, 0.03838880621318915, 0.10204903144933554, 0.24079511317523503, 0.5877091882321103, 0.07149548491343038, 1.4285308428918402, 0.3717622669335702, 0.5877555862874198, 1.1464661504292615, 0.20473671472104407, 0.7479824973817215, 0.5841777655517767, 1.1175339879008233, 0.13781040150287968, 0.21547081012144959, 0.38445509599594185, 3.2030526576808485, 0.19214463441212873, 0.08006350390764753, 0.8821602433949565], BATTLES: 244-190-212-275-256-252-204-201-212-
97, 7, 2037, [0.6661600806893845, 0.6548804977731264, 0.44541291268282696, 1, 1, 1, 0.5224677956675557, 0, 1, 0.9375809426357941, 0.6285266606346499, 0.02586707190037348, 0.613666867058501, 0.7061674241723894, 1, 0.7758925168999203, 0, 0.01338248801356029, 0.0718194308142926, 0.7170482593623267, 0.2293870563357871, 0.21818601428832757, 0.6315026374679612, 0.3241789526274611, 0, 0.6686782570830117, 0, 0, 0.09696414556074637, 0.0469257871972419, 0.014490390394296082, 0.5275869380200425, 1.4929595195780374, 0.8120230646368376, 0.27100614839065174, 0.4089590296413, 0.392790991936679, 0.14493794976343083, 0.13300041069767923, 0.3418093898472383, 0.06151885088569736, 0.2652425914938214, 0.650102670755429, 0.3394901841328553, 1.707495670446914, 0.33727934539617344, 0.1933090434060608, 0.4312714939383564, 0.3403222708373709, 0.19768526290629815, 0.2945727664648825, 1.076250202352981, 1.0006287469702213, 0.3139739757758152, 0.35078678926350093, 0.5472835228636417], BATTLES: 218-193-228-279-240-275-204-190-210-
97, 8, 2028, [0.9378507505429319, 0.5838762207151562, 0.44737695197191896, 0, 1, 1, 0.13250679720947156, 0, 0.8211814264680204, 1, 0.3245318762991777, 0.13827643795496417, 0.6800517445681565, 0.387248717499183, 0.2520819225219475, 0.8159024897533563, 1, 0.923698864810811, 0, 1, 1, 0.369879721882048, 0.26542505472076217, 0, 0, 0.626308169543464, 0, 0, 0.11481686092496537, 0.05539602779626678, 0.2010320897168012, 2.7150108486038955, 0.3307311369755463, 1.2500213213749827, 0.20059831403207284, 0.9366498128485274, 0.07390220288101115, 0.13012458783736852, 0.34148252625857556, 0.4977863394727763, 0.08361123077209212, 1.1181314448768878, 0.5388368353871243, 0.3227308045186745, 1.9850476725408164, 0.48038736329516574, 1.1082362376436043, 0.2630255203316817, 1.682919931658242, 0.12773829621560234, 0.2221791777545127, 0.24289920376079452, 2.5981232839936275, 0.3828261958291933, 0.186401889916259, 0.5674933277994951], BATTLES: 219-183-223-278-236-261-225-203-200-
97, 9, 2010, [1, 0.48893825295400767, 0.9160691226134496, 1, 1, 1, 0.0862332048068401, 0, 0.984107620964714, 1, 0.34141477762256955, 0.42733778552956403, 0.7959704981782086, 0, 0.7874841003596191, 1, 0, 0.11031351034900883, 0.02629405921274915, 1, 1, 0.45470325057788286, 0, 0.2010752860204343, 0.7555150954522946, 0.6828622770482986, 0, 0.869597609444154, 0.11814026653814054, 0.09178731708394818, 0.32616329216858697, 1.9500228331874678, 0.1842326271035333, 1.0749200041724236, 0.1588486253027117, 0.8822901301627579, 0.04859294918038306, 0.06882426261665328, 0.20244419434143268, 0.31984948843748745, 0.08742894437515676, 1.1533420461296782, 0.4451538163028706, 0.355908626729386, 1.415159478857515, 0.3303589674307547, 1.1579693942173916, 0.353188074009389, 2.000887675817467, 0.10265598198579494, 0.3591478884995927, 0.26831291810264934, 1.4601773654350756, 0.2642449212678847, 0.20933295530286095, 0.749048583490717], BATTLES: 203-179-205-260-243-252-242-197-229-
98, 0, 2223, [1, 0.5085883698912451, 1, 0.9977473616639708, 0.997967050950247, 1, 0.36492103352277133, 0.15369319050124852, 0.9277197855895655, 1, 0, 0.30150839696200893, 0.9634415060103421, 0.3118228630600524, 0.9168022209584797, 0.6281857083367246, 0, 0, 0, 0.9437028132323755, 0, 0.49640875741120455, 0, 0.49686139880511915, 0.431513263092063, 0.7059060304042125, 0.23943440096497612, 0.06447434849795075, 0.12897928825212854, 0.10570660140580374, 0.6989936574334813, 2.5354701467455243, 0.35488847353812764, 0.895838551432455, 0.23561441937394947, 0.48998775780251785, 0.02634872933861376, 0.0857390495472926, 0.3576835257133983, 0.47286384927731084, 0.13573840868921466, 1.4798582767742703, 0.3066051149482279, 0.40910410102822564, 0.8182916515534714, 0.26400430947678943, 1.135577761302543, 0.28957602253562925, 1.5384613272047303, 0.07254199430324493, 0.31959031692747353, 0.3403455457990716, 0.8975659267122299, 0.2023855583773634, 0.29690683945808855, 0.5977365655413969], BATTLES: 239-205-182-287-268-270-266-238-268-
98, 1, 2200, [1, 0.48893825295400767, 0.9160691226134496, 1, 1, 1, 0.0862332048068401, 0, 0.984107620964714, 1, 0.34141477762256955, 0.42733778552956403, 0.7959704981782086, 0, 0.7874841003596191, 1, 0, 0.11031351034900883, 0.02629405921274915, 1, 1, 0.45470325057788286, 0, 0.2010752860204343, 0.7555150954522946, 0.6828622770482986, 0, 0.869597609444154, 0.11814026653814054, 0.09178731708394818, 0.32616329216858697, 1.9500228331874678, 0.1842326271035333, 1.0749200041724236, 0.1588486253027117, 0.8822901301627579, 0.04859294918038306, 0.06882426261665328, 0.20244419434143268, 0.31984948843748745, 0.08742894437515676, 1.1533420461296782, 0.4451538163028706, 0.355908626729386, 1.415159478857515, 0.3303589674307547, 1.1579693942173916, 0.353188074009389, 2.000887675817467, 0.10265598198579494, 0.3591478884995927, 0.26831291810264934, 1.4601773654350756, 0.2642449212678847, 0.20933295530286095, 0.749048583490717], BATTLES: 233-191-229-300-252-261-285-211-238-
98, 2, 2197, [0.9378507505429319, 0.5838762207151562, 0.44737695197191896, 0, 1, 1, 0.13250679720947156, 0, 0.8211814264680204, 1, 0.3245318762991777, 0.13827643795496417, 0.6800517445681565, 0.387248717499183, 0.2520819225219475, 0.8159024897533563, 1, 0.923698864810811, 0, 1, 1, 0.369879721882048, 0.26542505472076217, 0, 0, 0.626308169543464, 0, 0, 0.11481686092496537, 0.05539602779626678, 0.2010320897168012, 2.7150108486038955, 0.3307311369755463, 1.2500213213749827, 0.20059831403207284, 0.9366498128485274, 0.07390220288101115, 0.13012458783736852, 0.34148252625857556, 0.4977863394727763, 0.08361123077209212, 1.1181314448768878, 0.5388368353871243, 0.3227308045186745, 1.9850476725408164, 0.48038736329516574, 1.1082362376436043, 0.2630255203316817, 1.682919931658242, 0.12773829621560234, 0.2221791777545127, 0.24289920376079452, 2.5981232839936275, 0.3828261958291933, 0.186401889916259, 0.5674933277994951], BATTLES: 260-209-212-309-272-249-252-215-219-
98, 3, 2195, [0.6661600806893845, 0.6548804977731264, 0.44541291268282696, 1, 1, 1, 0.5224677956675557, 0, 1, 0.9375809426357941, 0.6285266606346499, 0.02586707190037348, 0.613666867058501, 0.7061674241723894, 1, 0.7758925168999203, 0, 0.01338248801356029, 0.0718194308142926, 0.7170482593623267, 0.2293870563357871, 0.21818601428832757, 0.6315026374679612, 0.3241789526274611, 0, 0.6686782570830117, 0, 0, 0.09696414556074637, 0.0469257871972419, 0.014490390394296082, 0.5275869380200425, 1.4929595195780374, 0.8120230646368376, 0.27100614839065174, 0.4089590296413, 0.392790991936679, 0.14493794976343083, 0.13300041069767923, 0.3418093898472383, 0.06151885088569736, 0.2652425914938214, 0.650102670755429, 0.3394901841328553, 1.707495670446914, 0.33727934539617344, 0.1933090434060608, 0.4312714939383564, 0.3403222708373709, 0.19768526290629815, 0.2945727664648825, 1.076250202352981, 1.0006287469702213, 0.3139739757758152, 0.35078678926350093, 0.5472835228636417], BATTLES: 261-197-227-299-254-260-257-209-231-
98, 4, 2185, [0.9746441880619154, 0.4204622108198336, 1, 1, 1, 1, 0.2083433914177475, 0, 0.9662577938577901, 0.9865836134580701, 0.16767954916532157, 0.38107071709126505, 0.7550650087848205, 0.4960022898905984, 0.46544290693925355, 0.5374128786220297, 0, 0.05155296438309594, 0, 0.4345992439465133, 0.7157232560616632, 0.4641479442097386, 0, 0.09123066697024815, 0, 0.9054148351166849, 0.019173738858599992, 0.6632512208244481, 0.09310687013599661, 0.06828308971081842, 0.4682459134394395, 1.8500800328325007, 0.1692375390263631, 0.8050279718741191, 0.1407885555687684, 0.5869203688847114, 0.03555324625866087, 0.10022118436100391, 0.1454401208486261, 0.4720473704392568, 0.09245725680048565, 1.217685262102894, 0.3925577190418768, 0.4084458223657097, 1.472623994496159, 0.20781735455504097, 0.8918926662356585, 0.38087525720087717, 1.749912041258482, 0.13381893040477477, 0.2679827532780703, 0.4398383852576438, 2.800789797255599, 0.21710393041589304, 0.1567278124344956, 0.7400228584660445], BATTLES: 234-203-232-298-234-267-260-216-241-
98, 5, 2168, [0.991141726967632, 0.559762514510126, 0.43105050918045607, 0, 1, 1, 0.7987749776512878, 0, 0.9417035563670666, 1, 0.36961416066156544, 0.5680410566315238, 1, 1, 0, 0.9740653908113752, 0, 0, 0.5183369692567431, 0.780323300560543, 0.23368231726287578, 0.5985110853599466, 0.7752536794024333, 0.2831692015212526, 0, 0.9132195339428401, 0, 1, 0.1815576431862026, 0.04388394318870292, 0.09572133369911207, 2.8355776698400006, 0.5771272984798453, 0.38016266822182515, 0.25583778555564474, 1.137742717151054, 0.2047639256146938, 0.19073650779642648, 0.309487997750702, 0.9582498991535994, 0.202829256039583, 1.7518252736193871, 1.4579307726007142, 0.43923503714591006, 1.7342563687440065, 0.7511414496604172, 0.6276436633948411, 0.7382965278787832, 0.7860843505494618, 0.1885594107811581, 0.1956826740523582, 0.4883327583873811, 2.9040755210303693, 0.2678361981475497, 0.45380483836796864, 0.8949324469089176], BATTLES: 252-221-230-295-229-268-254-197-222-
98, 6, 2153, [1, 0.656691011971283, 0.5885338587763717, 0, 1, 1, 0.38389980359807474, 0.0027912529026350367, 0.6331691196060095, 1, 0, 0, 0.6838667333700458, 1, 1, 1, 1, 1, 0, 1, 0.5885680991925052, 0.3862229818281938, 0.26165587737837825, 0, 0.39089899785731663, 0.34748961186359634, 0.12504381784025936, 0, 0.17054684652162155, 0.05331410466839053, 0.09580999715405827, 3.004063771147375, 0.47679598025575753, 0.745543480648171, 0.15490915527116933, 1.0861018632603985, 0.0832181873366845, 0.14600834535142818, 0.4999921157721643, 0.4808079396778812, 0.13401735381155155, 0.8083587426137384, 0.6963031272162197, 0.3619040941971171, 1.976328171012268, 1.1930933931588914, 1.465946787538234, 0.3165044433621946, 1.4495009951032778, 0.18373570100601622, 0.3143940949708822, 0.20907559696161182, 2.945954549975112, 0.35000507487863, 0.1753420630845171, 0.6972571418365948], BATTLES: 251-207-201-287-265-255-255-209-223-
98, 7, 2151, [0.4946687556394017, 0.6000347685948523, 0.35326311955341033, 1, 1, 1, 0.23522585584534866, 0, 0.5763148733367636, 0.7721978379965558, 0.4206095495898384, 0, 0.3770792739314572, 0.5309508909527225, 0.20587911748044785, 0.8568251275252624, 0, 1, 0.06689589320113508, 0.980338044987749, 0.07780608878364254, 0.2671984470562667, 0.3704544837921628, 0, 0, 0.8993467308500369, 0, 0, 0.2769669956688656, 0.049505285741671755, 0.03348462700471625, 1.2369560507241277, 0.24539349817154998, 0.32476870387422463, 0.19798398711038329, 0.826572965285798, 0.23099048227328858, 0.19059602818366117, 0.2983518450715481, 1.0133713885622404, 0.24244499543588863, 0.9309580413336576, 0.5493909972709765, 0.21027774535357738, 1.9498014684079739, 0.3621506708069617, 0.242178931262328, 0.6383587504250743, 0.35997216182011427, 0.14614547746550868, 0.6880269346829103, 0.7320461884762994, 5.70960722840283, 0.2973394818389023, 1.0591670040987973, 0.29278683451060117], BATTLES: 251-199-215-298-239-280-236-201-232-
98, 8, 2148, [1, 0.39619365125060324, 1, 1, 1, 0.8679173036280906, 0.22117590254591568, 0.13563197507765712, 0.9817544059012482, 0.9894884835479375, 0.16075624076979664, 0.4011450437474325, 0.6310885244209391, 0, 1, 0, 0, 0, 0.3955781133366609, 0.7831970262356944, 1, 0.288202844484415, 0.020442637891427626, 0, 0, 0.8649253907636885, 0, 0, 0.0829619376646854, 0.05368190924273401, 0.3181637318960526, 2.107827004240575, 0.16614257671500196, 0.7906452349489407, 0.13116228313858716, 1.0444456217303504, 0.022682244819543014, 0.11040273472460763, 0.1223719410048796, 0.3076265989841352, 0.07938863290371077, 0.5342159767926106, 0.41963151280039745, 0.3671509744078319, 2.0812360000384698, 0.2288068717546168, 0.4864429862234354, 0.3207751222583095, 1.345341177267773, 0.10385230680855659, 0.39930877099906875, 0.32722008322581586, 2.09213789253006, 0.09998600832728777, 0.13646534253259374, 0.7172985601983008], BATTLES: 249-199-201-277-257-254-241-226-244-
98, 9, 2122, [0.9527258138670912, 0.36546580844012566, 1, 1, 1, 1, 0.10774719459742813, 0, 0.9608264865272873, 0.8533555049089753, 0.27724070380509164, 0.838909807317282, 0.7518650715755754, 0, 0.6480867409375868, 0.049826746699707214, 0, 0, 0.12336131420264027, 1, 0.46325974614385335, 0.44011688533630744, 0.17414118236398346, 0.4769575923398809, 0, 1, 0.11613768348689472, 0, 0.11878002224983017, 0.052119656136560596, 0.548758076629134, 1.9273887845510147, 0.15514923302022632, 0.7389939852383566, 0.10913134601664957, 0.44149459743508374, 0.03838880621318915, 0.10204903144933554, 0.24079511317523503, 0.5877091882321103, 0.07149548491343038, 1.4285308428918402, 0.3717622669335702, 0.5877555862874198, 1.1464661504292615, 0.20473671472104407, 0.7479824973817215, 0.5841777655517767, 1.1175339879008233, 0.13781040150287968, 0.21547081012144959, 0.38445509599594185, 3.2030526576808485, 0.19214463441212873, 0.08006350390764753, 0.8821602433949565], BATTLES: 259-190-211-297-247-258-222-210-228-
99, 0, 2035, [1, 0.6170494037371308, 0.8959519467352431, 1, 1, 1, 0, 0, 0.9637936106468138, 1, 0.5259864598374802, 0, 0.582902554578242, 0.721701175457687, 1, 0.9181312693793902, 0, 0.018158256642722043, 0, 0.901735906637875, 1, 0.3709088625749877, 0, 0, 0.35149468141469903, 0.7365861105765011, 0.07727582249331019, 0, 0.15738886243743283, 0.10463171782909327, 0.4150087638169831, 3.1443090801561766, 0.32249907023272034, 0.9219422964151963, 0.24640847089771375, 0.8657608926856667, 0.021824344485675707, 0.09538840924184323, 0.6474200987293659, 0.41002732571009737, 0.19060982041079222, 1.1460148915729227, 0.4689997536715374, 0.4111954303070778, 0.6942812756001706, 0.11166895548856935, 0.8235426740879165, 0.4536444610386953, 1.6179878374195091, 0.10657221358439896, 0.3044105833894303, 0.4773713597191494, 0.7567473924931734, 0.1961981014780296, 0.2704625297944445, 0.7746383882077262], BATTLES: 200-181-197-260-245-286-222-210-234-
99, 1, 2008, [1, 0.5085883698912451, 1, 0.9977473616639708, 0.997967050950247, 1, 0.36492103352277133, 0.15369319050124852, 0.9277197855895655, 1, 0, 0.30150839696200893, 0.9634415060103421, 0.3118228630600524, 0.9168022209584797, 0.6281857083367246, 0, 0, 0, 0.9437028132323755, 0, 0.49640875741120455, 0, 0.49686139880511915, 0.431513263092063, 0.7059060304042125, 0.23943440096497612, 0.06447434849795075, 0.12897928825212854, 0.10570660140580374, 0.6989936574334813, 2.5354701467455243, 0.35488847353812764, 0.895838551432455, 0.23561441937394947, 0.48998775780251785, 0.02634872933861376, 0.0857390495472926, 0.3576835257133983, 0.47286384927731084, 0.13573840868921466, 1.4798582767742703, 0.3066051149482279, 0.40910410102822564, 0.8182916515534714, 0.26400430947678943, 1.135577761302543, 0.28957602253562925, 1.5384613272047303, 0.07254199430324493, 0.31959031692747353, 0.3403455457990716, 0.8975659267122299, 0.2023855583773634, 0.29690683945808855, 0.5977365655413969], BATTLES: 200-157-199-283-241-289-216-194-229-
99, 2, 1991, [0.9378507505429319, 0.5838762207151562, 0.44737695197191896, 0, 1, 1, 0.13250679720947156, 0, 0.8211814264680204, 1, 0.3245318762991777, 0.13827643795496417, 0.6800517445681565, 0.387248717499183, 0.2520819225219475, 0.8159024897533563, 1, 0.923698864810811, 0, 1, 1, 0.369879721882048, 0.26542505472076217, 0, 0, 0.626308169543464, 0, 0, 0.11481686092496537, 0.05539602779626678, 0.2010320897168012, 2.7150108486038955, 0.3307311369755463, 1.2500213213749827, 0.20059831403207284, 0.9366498128485274, 0.07390220288101115, 0.13012458783736852, 0.34148252625857556, 0.4977863394727763, 0.08361123077209212, 1.1181314448768878, 0.5388368353871243, 0.3227308045186745, 1.9850476725408164, 0.48038736329516574, 1.1082362376436043, 0.2630255203316817, 1.682919931658242, 0.12773829621560234, 0.2221791777545127, 0.24289920376079452, 2.5981232839936275, 0.3828261958291933, 0.186401889916259, 0.5674933277994951], BATTLES: 220-177-194-272-241-258-211-190-228-
99, 3, 1990, [0.4946687556394017, 0.6000347685948523, 0.35326311955341033, 1, 1, 1, 0.23522585584534866, 0, 0.5763148733367636, 0.7721978379965558, 0.4206095495898384, 0, 0.3770792739314572, 0.5309508909527225, 0.20587911748044785, 0.8568251275252624, 0, 1, 0.06689589320113508, 0.980338044987749, 0.07780608878364254, 0.2671984470562667, 0.3704544837921628, 0, 0, 0.8993467308500369, 0, 0, 0.2769669956688656, 0.049505285741671755, 0.03348462700471625, 1.2369560507241277, 0.24539349817154998, 0.32476870387422463, 0.19798398711038329, 0.826572965285798, 0.23099048227328858, 0.19059602818366117, 0.2983518450715481, 1.0133713885622404, 0.24244499543588863, 0.9309580413336576, 0.5493909972709765, 0.21027774535357738, 1.9498014684079739, 0.3621506708069617, 0.242178931262328, 0.6383587504250743, 0.35997216182011427, 0.14614547746550868, 0.6880269346829103, 0.7320461884762994, 5.70960722840283, 0.2973394818389023, 1.0591670040987973, 0.29278683451060117], BATTLES: 219-171-212-286-242-271-213-156-220-
99, 4, 1973, [0.991141726967632, 0.559762514510126, 0.43105050918045607, 0, 1, 1, 0.7987749776512878, 0, 0.9417035563670666, 1, 0.36961416066156544, 0.5680410566315238, 1, 1, 0, 0.9740653908113752, 0, 0, 0.5183369692567431, 0.780323300560543, 0.23368231726287578, 0.5985110853599466, 0.7752536794024333, 0.2831692015212526, 0, 0.9132195339428401, 0, 1, 0.1815576431862026, 0.04388394318870292, 0.09572133369911207, 2.8355776698400006, 0.5771272984798453, 0.38016266822182515, 0.25583778555564474, 1.137742717151054, 0.2047639256146938, 0.19073650779642648, 0.309487997750702, 0.9582498991535994, 0.202829256039583, 1.7518252736193871, 1.4579307726007142, 0.43923503714591006, 1.7342563687440065, 0.7511414496604172, 0.6276436633948411, 0.7382965278787832, 0.7860843505494618, 0.1885594107811581, 0.1956826740523582, 0.4883327583873811, 2.9040755210303693, 0.2678361981475497, 0.45380483836796864, 0.8949324469089176], BATTLES: 236-182-229-272-236-258-202-147-211-
99, 5, 1965, [1, 0.656691011971283, 0.5885338587763717, 0, 1, 1, 0.38389980359807474, 0.0027912529026350367, 0.6331691196060095, 1, 0, 0, 0.6838667333700458, 1, 1, 1, 1, 1, 0, 1, 0.5885680991925052, 0.3862229818281938, 0.26165587737837825, 0, 0.39089899785731663, 0.34748961186359634, 0.12504381784025936, 0, 0.17054684652162155, 0.05331410466839053, 0.09580999715405827, 3.004063771147375, 0.47679598025575753, 0.745543480648171, 0.15490915527116933, 1.0861018632603985, 0.0832181873366845, 0.14600834535142818, 0.4999921157721643, 0.4808079396778812, 0.13401735381155155, 0.8083587426137384, 0.6963031272162197, 0.3619040941971171, 1.976328171012268, 1.1930933931588914, 1.465946787538234, 0.3165044433621946, 1.4495009951032778, 0.18373570100601622, 0.3143940949708822, 0.20907559696161182, 2.945954549975112, 0.35000507487863, 0.1753420630845171, 0.6972571418365948], BATTLES: 218-170-193-287-221-258-216-195-207-
99, 6, 1959, [1, 0.39619365125060324, 1, 1, 1, 0.8679173036280906, 0.22117590254591568, 0.13563197507765712, 0.9817544059012482, 0.9894884835479375, 0.16075624076979664, 0.4011450437474325, 0.6310885244209391, 0, 1, 0, 0, 0, 0.3955781133366609, 0.7831970262356944, 1, 0.288202844484415, 0.020442637891427626, 0, 0, 0.8649253907636885, 0, 0, 0.0829619376646854, 0.05368190924273401, 0.3181637318960526, 2.107827004240575, 0.16614257671500196, 0.7906452349489407, 0.13116228313858716, 1.0444456217303504, 0.022682244819543014, 0.11040273472460763, 0.1223719410048796, 0.3076265989841352, 0.07938863290371077, 0.5342159767926106, 0.41963151280039745, 0.3671509744078319, 2.0812360000384698, 0.2288068717546168, 0.4864429862234354, 0.3207751222583095, 1.345341177267773, 0.10385230680855659, 0.39930877099906875, 0.32722008322581586, 2.09213789253006, 0.09998600832728777, 0.13646534253259374, 0.7172985601983008], BATTLES: 203-161-210-261-225-257-219-205-218-
99, 7, 1957, [0.9527258138670912, 0.36546580844012566, 1, 1, 1, 1, 0.10774719459742813, 0, 0.9608264865272873, 0.8533555049089753, 0.27724070380509164, 0.838909807317282, 0.7518650715755754, 0, 0.6480867409375868, 0.049826746699707214, 0, 0, 0.12336131420264027, 1, 0.46325974614385335, 0.44011688533630744, 0.17414118236398346, 0.4769575923398809, 0, 1, 0.11613768348689472, 0, 0.11878002224983017, 0.052119656136560596, 0.548758076629134, 1.9273887845510147, 0.15514923302022632, 0.7389939852383566, 0.10913134601664957, 0.44149459743508374, 0.03838880621318915, 0.10204903144933554, 0.24079511317523503, 0.5877091882321103, 0.07149548491343038, 1.4285308428918402, 0.3717622669335702, 0.5877555862874198, 1.1464661504292615, 0.20473671472104407, 0.7479824973817215, 0.5841777655517767, 1.1175339879008233, 0.13781040150287968, 0.21547081012144959, 0.38445509599594185, 3.2030526576808485, 0.19214463441212873, 0.08006350390764753, 0.8821602433949565], BATTLES: 231-169-204-258-231-255-189-187-233-
99, 8, 1940, [0.6661600806893845, 0.6548804977731264, 0.44541291268282696, 1, 1, 1, 0.5224677956675557, 0, 1, 0.9375809426357941, 0.6285266606346499, 0.02586707190037348, 0.613666867058501, 0.7061674241723894, 1, 0.7758925168999203, 0, 0.01338248801356029, 0.0718194308142926, 0.7170482593623267, 0.2293870563357871, 0.21818601428832757, 0.6315026374679612, 0.3241789526274611, 0, 0.6686782570830117, 0, 0, 0.09696414556074637, 0.0469257871972419, 0.014490390394296082, 0.5275869380200425, 1.4929595195780374, 0.8120230646368376, 0.27100614839065174, 0.4089590296413, 0.392790991936679, 0.14493794976343083, 0.13300041069767923, 0.3418093898472383, 0.06151885088569736, 0.2652425914938214, 0.650102670755429, 0.3394901841328553, 1.707495670446914, 0.33727934539617344, 0.1933090434060608, 0.4312714939383564, 0.3403222708373709, 0.19768526290629815, 0.2945727664648825, 1.076250202352981, 1.0006287469702213, 0.3139739757758152, 0.35078678926350093, 0.5472835228636417], BATTLES: 216-158-220-269-225-258-207-168-219-
99, 9, 1931, [1, 0.48893825295400767, 0.9160691226134496, 1, 1, 1, 0.0862332048068401, 0, 0.984107620964714, 1, 0.34141477762256955, 0.42733778552956403, 0.7959704981782086, 0, 0.7874841003596191, 1, 0, 0.11031351034900883, 0.02629405921274915, 1, 1, 0.45470325057788286, 0, 0.2010752860204343, 0.7555150954522946, 0.6828622770482986, 0, 0.869597609444154, 0.11814026653814054, 0.09178731708394818, 0.32616329216858697, 1.9500228331874678, 0.1842326271035333, 1.0749200041724236, 0.1588486253027117, 0.8822901301627579, 0.04859294918038306, 0.06882426261665328, 0.20244419434143268, 0.31984948843748745, 0.08742894437515676, 1.1533420461296782, 0.4451538163028706, 0.355908626729386, 1.415159478857515, 0.3303589674307547, 1.1579693942173916, 0.353188074009389, 2.000887675817467, 0.10265598198579494, 0.3591478884995927, 0.26831291810264934, 1.4601773654350756, 0.2642449212678847, 0.20933295530286095, 0.749048583490717], BATTLES: 207-147-230-250-221-249-210-196-221-
