0, 0, -1537.0, [0.7809259263719968, 0.9295798566970279, 0.31328194163599365, 0.5527190205273244, 0.29447665728769346, 0.5030636855412683, 0.42379893027634996, 0.37754310264808977, 0.592259023857385, 0.7692893432176426, 0.6221498012078309, 0.40393100016288963, 0.49835939795723927, 0.8754999572318135, 0.3740264094239314, 0.9527834706222121, 0.4955210767693039, 0.7217789870876741, 0.5009656549942682, 0.6051092289649644, 0.47352653772675024, 0.5175343564389334, 0.10246146367842457, 0.49082100335372525, 0.16126897391198625, 0.8678620412538263, 0.03110570772656085, 0.007705413525988969, 0.31087185262609374, 0.8462569276037407, 0.42694500824029347, 0.7918764048229614, 0.6841556844806731, 0.03130597945705049, 0.5784092760300223, 0.31337440033233666, 0.46686545235480226, 0.8706845432560795, 0.024637472896434254, 0.09330416092297356, 0.6203736765125117, 0.9221841383611878, 0.9788335632688068, 0.8234369247690733, 0.5474859166603631, 0.36189372470797443, 0.6850523973305801, 0.36686075178255506, 0.3186456000252449, 0.12404858860035428, 0.7845018612834707, 0.4354868925640063, 0.4196219885333381, 0.5472968319195062, 0.012805140978150997, 0.14834335339740112, 0.8525644267017636, 0.5549286087488036, 0.8062739397659399, 0.9275711786182324, 0.5563085953380856, 0.28194398684876, 0.32157674482970255], BATTLES: 166-149-149-193-161-153-204-186-176-
0, 1, -387.0, [0.8420125762845234, 0.2618566972392107, 0.5146035925299643, 0.2838754159019551, 0.9718278415620024, 0.11982257563660725, 0.7994793117349739, 0.7231987853208176, 0.8007551776131611, 0.7033825295884931, 0.6678240253676017, 0.7686592795671952, 0.6896457694070666, 0.40721807651137565, 0.9991365129316161, 0.08447799847411541, 0.7587375238767777, 0.7323513497194464, 0.6375915621582711, 0.9203219868098258, 0.9172226537866648, 0.8454599375635163, 0.6510422380081818, 0.038269123532163496, 0.3953654859299852, 0.9639599999158639, 0.19967760052283412, 0.021227808038640883, 0.8736070948784108, 0.9488523916089717, 0.2601435828336518, 0.6414257388475976, 0.9575327737971416, 0.16737679890042334, 0.553094920577323, 0.48370417142071653, 0.25217375133106756, 0.38217173583571695, 0.8957599778554876, 0.9217409031904975, 0.9377796927545118, 0.8924529556048144, 0.002117928578063588, 0.7107472552663873, 0.38637965637452787, 0.5175122810756115, 0.31395168940240925, 0.984177027483185, 0.5417436429016614, 0.9602613618740051, 0.33556666302592697, 0.34423404776196087, 0.3353826743309287, 0.727698696064139, 0.8308110732810002, 0.538049413321344, 0.7685909658575811, 0.751361957926015, 0.2059218672051778, 0.5669187829728195, 0.7009343885096619, 0.03267298800897689, 0.8623962350853778], BATTLES: 35-5-7-77-45-47-76-42-53-
0, 2, -351.0, [0.4586011044403785, 0.48419644486820024, 0.848633992155543, 0.24889805970743384, 0.18005147033545932, 0.8028225623138486, 0.4617744597409782, 0.4361387904514008, 0.2544400012568665, 0.08986414327753789, 0.5393463805411293, 0.4186676904418235, 0.9798098021531654, 0.7701476871960441, 0.2147356031053934, 0.7852333580881022, 0.3906051383888599, 0.6537847616666556, 0.6250425762673542, 0.8712933874176647, 0.7297695922072707, 0.5988436659137597, 0.8987032782734479, 0.8468467536850366, 0.6286218497227803, 0.6241508177186095, 0.20532388578703975, 0.3241463782248485, 0.2226222807979279, 0.7559960048658821, 0.3590290230324924, 0.621937751348665, 0.045149468541549, 0.48757500601922354, 0.5329221138460248, 0.45758879858787904, 0.4016252521957271, 0.20093119739326815, 0.2856121952916312, 0.512062651091898, 0.06561471630665405, 0.4898703524257976, 0.3598659781032537, 0.04294775125295136, 0.4681054862543206, 0.26448151705975986, 0.3266621495518167, 0.3901663367918372, 0.37688353171844624, 0.8053720461161609, 0.1362728136230521, 0.8465078254428672, 0.44282839022060994, 0.3039471171479885, 0.7384234816720221, 0.4122798450933661, 0.9342860925057812, 0.29934181994727826, 0.09726927510066652, 0.8799053386729423, 0.42831126430951816, 0.06852006239684538, 0.9115371431831774], BATTLES: 50-12-31-68-15-34-74-30-37-
0, 3, -651.0, [0.7522176660173621, 0.22887123402756682, 0.38182183788945345, 0.32751760517415385, 0.1836096725897165, 0.31504274539122035, 0.8066394709727044, 0.4623142471007009, 0.005796840289542526, 0.37877185928445, 0.057635323744838485, 0.06906794091786206, 0.9653353410925519, 0.7879936397848223, 0.43188392067943027, 0.8110873843626212, 0.6236215153201209, 0.3051512700505957, 0.28388217984953545, 0.15013342610948555, 0.8523067728126401, 0.3437640166928273, 0.6740015052134005, 0.04114822167657284, 0.3451132168821248, 0.3971805901343194, 0.3764914785390512, 0.9127508161067405, 0.31585965999720256, 0.48629410610563917, 0.1403578066659532, 0.4030073589037724, 0.41288784017084246, 0.9778736050150009, 0.3596512748325129, 0.2911149504528703, 0.03917259650671101, 0.11617503832847587, 0.2577828069195971, 0.2263175276578515, 0.045299394884446675, 0.4701280330836741, 0.6554757464535899, 0.2628611288766449, 0.05202884548906972, 0.16612291918534894, 0.33706751701124105, 0.17975049623698347, 0.15973498857624602, 0.6255942185481942, 0.05408440838043771, 0.348716743581617, 0.23664675316593742, 0.6822740997525897, 0.0037012894710858335, 0.1069307127713105, 0.563912213478284, 0.6438384065536304, 0.22511546175791963, 0.5493799983089415, 0.5365656004088436, 0.8444367876226532, 0.3155808233616463], BATTLES: 60-33-35-124-87-79-109-69-55-
0, 4, -639.0, [0.007528352799334281, 0.35360485676239806, 0.641897940495153, 0.5101896422832272, 0.3591667805314983, 0.497224461774765, 0.23968127704321207, 0.41385227403051517, 0.2666502038576696, 0.3702885229084141, 0.30846572151146967, 0.2343638965801751, 0.03290994238607803, 0.9537821933746684, 0.652844939014228, 0.10645028797872136, 0.06284887957832919, 0.1355260569057234, 0.4424842085212094, 0.8829005721047596, 0.2985636321172006, 0.2540207942124144, 0.3896082298428062, 0.5584003305730567, 0.4007867209489737, 0.6129354463864775, 0.6397679558697186, 0.26431783010841503, 0.5085511808872621, 0.9611647293469684, 0.18028645329355075, 0.28811558878277255, 0.7521037049577904, 0.9133776240511488, 0.8345271823038607, 0.4154100278707703, 0.9501971069419795, 0.7192465147672846, 0.8068778981860067, 0.16588694763674727, 0.5213456329705716, 0.39985025869233726, 0.06525157912804158, 0.9445605802313218, 0.3940056639699092, 0.23040403674113052, 0.26380782225397326, 0.8903936957219784, 0.01998110398529751, 0.6817824073568716, 0.7857001380337207, 0.06856461481285958, 0.12324935929813585, 0.4132450290372437, 0.31202980588740903, 0.9352036189606896, 0.3648276874434717, 0.6809434734422404, 0.23512814888329514, 0.12507731715377524, 0.13563138563107413, 0.3912429915008965, 0.7254625235414037], BATTLES: 41-7-26-86-71-91-121-87-109-
0, 5, -1421.0, [0.017586218251768315, 0.055922579751298995, 0.7588226370893415, 0.007539964487922934, 0.6374540277786791, 0.5643613429212593, 0.8440463751352725, 0.9736225590472881, 0.3370562964546636, 0.884683245723009, 0.2271557952405645, 0.7124716573810423, 0.3696544085662681, 0.5325734492949665, 0.019614633740134058, 0.2608073133087814, 0.7669575610833451, 0.27967769170643875, 0.9417447346413746, 0.5468627298556565, 0.4277820391759616, 0.8790467039161446, 0.02004416102851725, 0.2530103224794562, 0.2857604591804771, 0.378372331270442, 0.8903507183996813, 0.6335261557084221, 0.6192557288634556, 0.20877387712064877, 0.9920132179071923, 0.11946322982995372, 0.22294092442809288, 0.47204955267730275, 0.3282406160271658, 0.12356310609974064, 0.7958615575292187, 0.9223284315913943, 0.28801318865715086, 0.5301409060407207, 0.9664026251670821, 0.8823612923697692, 0.9004849274909452, 0.13474999761282236, 0.882569810948547, 0.9667132744719072, 0.8609975252783241, 0.27246873185145193, 0.4888323385699701, 0.41155766749264266, 0.9224054912291266, 0.7764401515747252, 0.8906797507828638, 0.21155454434689602, 0.46958514705679655, 0.1378960392461559, 0.4672144444132087, 0.3836937455968429, 0.7080191144660251, 0.9662090435090586, 0.7312230224280309, 0.19924068707720477, 0.16462833280508837], BATTLES: 158-138-158-172-155-182-149-145-164-
0, 6, -1716.0, [0.18986905498021178, 0.2750492081677781, 0.009312838313922933, 0.519671180894069, 0.23291508845347497, 0.9601414617582762, 0.23428706657668763, 0.7421559571835684, 0.5389411197820505, 0.8480708486751526, 0.725722113128191, 0.6165423289322849, 0.05467107480020905, 0.3029458764554328, 0.012214702590485738, 0.3747457921189733, 0.5620854860526011, 0.4707419618774634, 0.8289260111999861, 0.9424415196396393, 0.5073122587171929, 0.529550424563745, 0.8245701683235568, 0.05110863440761537, 0.5829558295035454, 0.8412255706016398, 0.59760761516797, 0.05772471149890834, 0.33610725906254757, 0.9706995553671053, 0.3848556691814504, 0.325037565155086, 0.17093536753617455, 0.5722480801416939, 0.23002664334841694, 0.5867231954920312, 0.7477368544800084, 0.9531073967510902, 0.7733014160991006, 0.2597925474339008, 0.1779175370031293, 0.6336009768556101, 0.5953322012163994, 0.9566477180077045, 0.7173635775482633, 0.41841017781493695, 0.8971897545942183, 0.5451226653715969, 0.343131083640807, 0.8923195150610888, 0.6574800006965416, 0.7427444724089066, 0.9835086488969149, 0.9667062038478187, 0.9334392324181331, 0.37666205697100574, 0.9672004045615692, 0.8457317799251827, 0.37142561478660197, 0.46049895144311337, 0.8954064870192704, 0.5028121002526393, 0.03834434964836819], BATTLES: 170-165-209-201-191-206-193-192-189-
0, 7, -1328.0, [0.4776240964218752, 0.6505467768684484, 0.2606940723750104, 0.998920227975271, 0.919478914978704, 0.3668497477594016, 0.4406156225091231, 0.47096931262125374, 0.5758737815510081, 0.45450922759928114, 0.3178382993528345, 0.9142460346228396, 0.6285283039409867, 0.7485110950641926, 0.29999437857972067, 0.5112933174365408, 0.22895745800370026, 0.03275638464663366, 0.004820975021450402, 0.5041932672819227, 0.18739172287374917, 0.23728843558120505, 0.26221677113435227, 0.49190259760512867, 0.6185980584724992, 0.9172373581180053, 0.6619900212803689, 0.9357842982051993, 0.8819973101614046, 0.8456129843194601, 0.9454747798218253, 0.570438612682429, 0.10505820958361067, 0.19130230525280323, 0.9924886869110899, 0.19584810263372932, 0.6925333119122336, 0.5176100584357397, 0.9659067903489865, 0.5864375190304042, 0.7857349428071663, 0.2858232553975788, 0.9617991593759486, 0.7554709759387479, 0.8505076611564542, 0.33083653558306014, 0.40182088873497335, 0.46231574366492867, 0.9490366379111917, 0.9305453235885901, 0.979046591182462, 0.830795715087665, 0.4822077311230276, 0.9884952622428875, 0.6933303204727366, 0.8448090194740596, 0.26362790809733727, 0.5217392573102994, 0.699119200886303, 0.7809354134668111, 0.5732282801616859, 0.6377174186873692, 0.2664276907178853], BATTLES: 137-121-141-164-132-157-159-157-160-
0, 8, -1758.0, [0.93098810883764, 0.9888895610161132, 0.8377772988499999, 0.1792757166430473, 0.6532751519037465, 0.23515716243145213, 0.50734292216192, 0.28922418241965997, 0.7748832568211704, 0.09967202233569705, 0.3316772277459564, 0.6509036672945845, 0.7782192322178051, 0.23910787169456216, 0.8975428993454024, 0.46388904342755766, 0.2531715520334159, 0.14365839255107227, 0.23741672097246314, 0.0021909616091362327, 0.5729868905023876, 0.45098837659103286, 0.817460081629464, 0.6893330347253375, 0.5578879226804503, 0.5751858282365186, 0.00869521239186366, 0.07656879135337435, 0.3619687972373007, 0.707593639196432, 0.4277127504535514, 0.215427250001462, 0.5931244357335376, 0.7657003365950542, 0.23888271078141998, 0.8623128144776828, 0.4860477299034871, 0.2781737159186787, 0.0946273271312622, 0.8260765595724807, 0.38436133963736585, 0.7043155978782981, 0.14265165837555893, 0.773614946769047, 0.46284473280355876, 0.024412743984530638, 0.4864359763949718, 0.9442338446583007, 0.4061004625176379, 0.3406552737938857, 0.562806157497624, 0.4141372871194564, 0.3230093906885311, 0.7006545929012956, 0.08058956158055575, 0.4333124954355968, 0.8446280404126377, 0.3284636331900159, 0.3917425647016465, 0.44859468513552403, 0.5407372556395051, 0.9093168353478199, 0.4347774864222007], BATTLES: 205-180-198-219-192-211-187-185-181-
0, 9, -1621.0, [0.1938430638320302, 0.09060250877880593, 0.05381615172033816, 0.454584546186539, 0.4393562271383684, 0.20568904973594082, 0.6601731141674414, 0.8674396082737932, 0.7841459484908545, 0.7981573330549564, 0.5907267227895837, 0.9328873838704904, 0.44083309241900304, 0.8108679168802525, 0.8462787094403663, 0.6907635057911912, 0.03730138708599762, 0.8966111925261661, 0.5701352730583854, 0.7784371396294546, 0.9991414677568621, 0.2975651449498382, 0.4627904339893807, 0.740735271601419, 0.47781451696115373, 0.07505655215262685, 0.9677489006700286, 0.14032457962825362, 0.5208525324355543, 0.30917777565349025, 0.06313471378178592, 0.6100625136053383, 0.17018174253863327, 0.3596255569915411, 0.3813290282970664, 0.7470010557519287, 0.21967020782083346, 0.044706414884318146, 0.309619859276121, 0.8472895639866301, 0.8341910967244215, 0.47728435668579416, 0.15071722794280518, 0.26469146860723314, 0.3661682374839479, 0.31975738031652023, 0.5274125155756637, 0.641271946032351, 0.07155988069191488, 0.8241793947632878, 0.8422488774901097, 0.7947356798632924, 0.15428611045975826, 0.3105965401637337, 0.9872770887907639, 0.5178514964768203, 0.9844333263445247, 0.68227301825917, 0.0018851074555538139, 0.43567343069358644, 0.9433007075714075, 0.5187372048957529, 0.4436024847813176], BATTLES: 211-181-202-211-195-201-138-135-147-
0, 10, -1958.0, [0.5796111240088708, 0.5665033520496376, 0.5008381901061655, 0.6515593001742975, 0.8265726811447356, 0.35073077310626455, 0.7415767603159419, 0.8590246103744474, 0.31762023911326287, 0.4731332210614043, 0.6639496639554742, 0.6616469225545781, 0.10848059173357827, 0.03266480861721743, 0.8751822636185104, 0.8294300870806394, 0.6181025123746232, 0.6844143036842169, 0.6999371947680624, 0.20617872045187824, 0.05513931292214569, 0.25796604777210097, 0.7781167282552918, 0.27553834761674056, 0.2347405584992408, 0.5528331361871295, 0.8900597069345082, 0.6719139171548579, 0.3590202188548358, 0.8276224682183873, 0.623871613229, 0.4642126537021991, 0.966069004378399, 0.607832862267037, 0.40065458606754734, 0.18798885892021622, 0.6443633327963694, 0.4192313229086313, 0.4894496774040379, 0.4441555991411118, 0.843662840357505, 0.838090297717034, 0.7276845126646433, 0.27032901640705376, 0.24613442230986515, 0.9341220528278142, 0.7367407026222391, 0.7753106398546356, 0.4914843522302048, 0.5633300945829857, 0.49445654148250673, 0.21703981079458212, 0.7027779401641149, 0.767105714465586, 0.5975360583622444, 0.859995557352443, 0.932233390653058, 0.6405194402017561, 0.16044504262650638, 0.7096879614577514, 0.5931798121135955, 0.8044068360620787, 0.4140383278252079], BATTLES: 213-210-223-244-227-224-193-198-226-
0, 11, -1659.0, [0.1857685804442416, 0.1373028220731506, 0.7880663648965157, 0.0587896620990177, 0.09888106210767234, 0.37177520646259155, 0.8226475788811752, 0.18912537986712397, 0.9500367204136736, 0.5030718173973211, 0.6622387676579122, 0.09388965710325026, 0.29894623229127193, 0.45602571025613525, 0.03895019249090792, 0.40404841220871845, 0.030574671940857612, 0.42478424788944424, 0.7021266582999897, 0.12319089803032301, 0.6942653094020897, 0.8940348639866249, 0.5360152721159682, 0.6163542821770746, 0.16608460717076, 0.7754894440883155, 0.8683514368757613, 0.25788270669042623, 0.22929746441579568, 0.9782336520328999, 0.23516211869688575, 0.22496677517896502, 0.7144349444816692, 0.3394898606889173, 0.556207198049452, 0.8571155815629784, 0.08379674109303303, 0.9429056152446947, 0.5679665118400665, 0.702079922678993, 0.2829998963575103, 0.7373588480340747, 0.017696434115859305, 0.6934781674742304, 0.5329901463959028, 0.2193976933073154, 0.6566803034134391, 0.9011451236789528, 0.39229148387903046, 0.9683093593019418, 0.14334151963525965, 0.931733239251593, 0.13349278034937617, 0.37030749184062584, 0.441110428048729, 0.15958289235737577, 0.2934398761534772, 0.07302590017053046, 0.05899796439524696, 0.5685485782630025, 0.9412301571420202, 0.6650963710959504, 0.732029904188212], BATTLES: 207-163-216-192-172-211-163-159-176-
0, 12, -1728.0, [0.4916146309313084, 0.6705786414759068, 0.3347669214831498, 0.6598118843200008, 0.6767957816427849, 0.48550283642221925, 0.28506440921767473, 0.4194265213273918, 0.7061029344676173, 0.9373043292588512, 0.11518825024429402, 0.47832408936666637, 0.13801016053650728, 0.2507697315852905, 0.18936204589460948, 0.6647783003865338, 0.636435710655898, 0.6502819446863803, 0.44148704526874416, 0.03561999005495986, 0.9717561693718374, 0.25782355695502424, 0.12546594848076076, 0.20925091235983784, 0.46231439050805856, 0.6439959388530052, 0.14658033888717437, 0.8600874603840633, 0.19239924157098998, 0.13554281730444662, 0.5046065461639941, 0.586436277592301, 0.9224148026634701, 0.13641263865375197, 0.6377439421237987, 0.5151215754010777, 0.30915819324268734, 0.4640493349338164, 0.1512520169905528, 0.4539601258181001, 0.862135990856503, 0.09806691224450381, 0.1526189686695143, 0.8851143624693739, 0.4181483591096319, 0.2915940203769297, 0.5365003646409476, 0.45064886441880325, 0.4691953831064717, 0.2890974611439123, 0.0862520390228998, 0.762931176578669, 0.1708947600690306, 0.6624468613559769, 0.08004618195738478, 0.17789775707073563, 0.922537986743749, 0.08930292261552608, 0.7498165709766121, 0.30428921820472543, 0.6875017592614826, 0.21170162364556144, 0.13686643955566424], BATTLES: 194-163-197-201-191-207-193-191-191-
0, 13, -1941.0, [0.3569327809025361, 0.7512676179408834, 0.3303314615615699, 0.5993544971173727, 0.49172242234487207, 0.4079555911061914, 0.04159688294149455, 0.814823308695701, 0.26034510003915323, 0.32319887368531397, 0.5226203922978685, 0.6496246757214578, 0.7557992722923988, 0.29304142425529045, 0.4538822674098758, 0.09065069449139973, 0.5140653875475828, 0.20152913597266497, 0.8614209780987432, 0.9584494299288762, 0.6004513487643626, 0.4541388297120481, 0.747621072892177, 0.0012199385114398664, 0.8287961795128811, 0.9770059915116411, 0.29562768067719125, 0.6725501311348772, 0.18838839379880368, 0.38888935437049255, 0.9510700461655863, 0.18619131352808949, 0.04868170216723022, 0.9550033344085839, 0.6344594558010273, 0.15136890658302293, 0.47149249623412925, 0.7870895646476871, 0.47374822766922187, 0.011252130138617145, 0.4953971607605362, 0.4326545663453151, 0.14464588374677434, 0.1750283166945933, 0.07670541773881234, 0.14231500813061138, 0.9936765684406821, 0.6396914673265468, 0.9958750089587652, 0.6099220406377062, 0.2865310617456759, 0.7457469099122376, 0.5675351390122134, 0.6802565530937589, 0.08812410508381863, 0.31894358077178964, 0.6518752490630618, 0.2464071659407019, 0.009761918838977923, 0.6644380664768931, 0.9171439438169883, 0.2989267948573958, 0.18018804855303194], BATTLES: 230-215-217-242-244-229-181-162-221-
0, 14, -205.0, [0.2426005707944473, 0.8129559849564745, 0.6612059113048597, 0.10411575438195542, 0.32340959567605787, 0.56793054258166, 0.9915318256135552, 0.3795091431067247, 0.1590131256888917, 0.7302108819472718, 0.32850185739099724, 0.9377062747706639, 0.08871875518479733, 0.16806715401506656, 0.4616716266302364, 0.12442396035867043, 0.4954944443396133, 0.33993322141803617, 0.9342406675495802, 0.38528826803487404, 0.2857963440246435, 0.9033292917274315, 0.8378974397029124, 0.7600149532682131, 0.6291849823709587, 0.08455054746060031, 0.9141854973419606, 0.8586721749703856, 0.13028177186789724, 0.36938346918746723, 0.2594970269709552, 0.032746638403629014, 0.07863285641494144, 0.7406609541981938, 0.8332892387586361, 0.9002441719660722, 0.1931055766972084, 0.9574356042527288, 0.35973347301207625, 0.92815201607994, 0.6158874160286579, 0.03235724407079399, 0.413678578491363, 0.8192972005161416, 0.3367913953441287, 0.5637046914147286, 0.12667372648090747, 0.6529283320541894, 0.024925211900545086, 0.8531703653629966, 0.15758130610508592, 0.5428808201889229, 0.6952025668314391, 0.807215101492397, 0.6416511463932831, 0.8309850105091507, 0.5190264351533109, 0.5628659336602176, 0.8054170384623657, 0.7462111311040636, 0.03483044166230087, 0.2768020571954485, 0.870231102413472], BATTLES: 23-2-1-62-22-21-50-9-15-
1, 0, -3228.0, [0.7809259263719968, 0.8575269830488178, 0.31328194163599365, 0.619711759924801, 0.29447665728769346, 0.5030636855412683, 0.42379893027634996, 0.37754310264808977, 0.592259023857385, 0.7692893432176426, 0.6221498012078309, 0.3927321840438601, 0.49835939795723927, 0.8754999572318135, 0.7347961039545754, 0.9527834706222121, 0.44941879486515246, 0.7217789870876741, 0.5009656549942682, 0.6051092289649644, 0.47352653772675024, 0.5175343564389334, 0.10246146367842457, 0.3807202931963041, 0.16126897391198625, 0.8678620412538263, 0.013188529974029028, 0.0038527067629944844, 0.41861273423607753, 0.9692984364246469, 0.5675303579272812, 0.7918764048229614, 0.6841556844806731, 0.26291814041375106, 0.28111546379725794, 0.25049491046917477, 0.46686545235480226, 0.8706845432560795, 0.024637472896434254, 0.18908669736278316, 0.6203736765125117, 0.961092069180594, 0.9788335632688068, 0.5928936057250477, 0.47999346025523804, 0.36189372470797443, 0.8434671185837146, 0.36686075178255506, 0.5319494167706305, 0.12404858860035428, 0.8288477326410213, 0.4354868925640063, 0.4196219885333381, 0.5472968319195062, 0.012805140978150997, 0.14834335339740112, 0.9262822133508818, 0.5549286087488036, 0.3983490286329744, 0.7290959683956151, 0.7652863919557736, 0.28194398684876, 0.32157674482970255], BATTLES: 335-290-342-388-327-338-396-382-350-
1, 1, -776.0, [0.8420125762845234, 0.2618566972392107, 0.5146035925299643, 0.2838754159019551, 0.9718278415620024, 0.11982257563660725, 0.7994793117349739, 0.7231987853208176, 0.8007551776131611, 0.7033825295884931, 0.6678240253676017, 0.7686592795671952, 0.6896457694070666, 0.40721807651137565, 0.9991365129316161, 0.08447799847411541, 0.7587375238767777, 0.7323513497194464, 0.6375915621582711, 0.9203219868098258, 0.9172226537866648, 0.8454599375635163, 0.6510422380081818, 0.038269123532163496, 0.3953654859299852, 0.9639599999158639, 0.19967760052283412, 0.021227808038640883, 0.8736070948784108, 0.9488523916089717, 0.2601435828336518, 0.6414257388475976, 0.9575327737971416, 0.16737679890042334, 0.553094920577323, 0.48370417142071653, 0.25217375133106756, 0.38217173583571695, 0.8957599778554876, 0.9217409031904975, 0.9377796927545118, 0.8924529556048144, 0.002117928578063588, 0.7107472552663873, 0.38637965637452787, 0.5175122810756115, 0.31395168940240925, 0.984177027483185, 0.5417436429016614, 0.9602613618740051, 0.33556666302592697, 0.34423404776196087, 0.3353826743309287, 0.727698696064139, 0.8308110732810002, 0.538049413321344, 0.7685909658575811, 0.751361957926015, 0.2059218672051778, 0.5669187829728195, 0.7009343885096619, 0.03267298800897689, 0.8623962350853778], BATTLES: 55-14-24-155-79-123-144-72-110-
1, 2, -1269.0, [0.4586011044403785, 0.4607374468912917, 0.5653403771082781, 0.47095825658458457, 0.18005147033545932, 0.8028225623138486, 0.5176684200011616, 0.4361387904514008, 0.2544400012568665, 0.42633411783086883, 0.815049686081882, 0.4186676904418235, 0.9798098021531654, 0.7701476871960441, 0.2147356031053934, 0.7852333580881022, 0.24018789755057235, 0.6537847616666556, 0.6250425762673542, 0.8712933874176647, 0.7297695922072707, 0.4365825581315066, 0.8987032782734479, 0.9006207115484344, 0.6286218497227803, 0.4592214279874304, 0.20532388578703975, 0.3241463782248485, 0.36573211191722454, 0.711775022339943, 0.4376784586634763, 0.621937751348665, 0.045149468541549, 0.2788192631780774, 0.4865632680920131, 0.45758879858787904, 0.4016252521957271, 0.20093119739326815, 0.3927900639526903, 0.512062651091898, 0.06561471630665405, 0.6388428386838605, 0.3024612168325948, 0.04294775125295136, 0.4681054862543206, 0.6095955100230344, 0.578357597797352, 0.3901663367918372, 0.387961097824669, 0.8053720461161609, 0.1362728136230521, 0.7696066148158147, 0.5172730376512912, 0.3422956475052812, 0.869211740836011, 0.7722172545159987, 0.9671430462528906, 0.45847393697118294, 0.09726927510066652, 0.8799053386729423, 0.42831126430951816, 0.06852006239684538, 0.7566536153405835], BATTLES: 85-12-65-145-58-75-126-54-72-
1, 3, -1373.0, [0.7522176660173621, 0.22887123402756682, 0.38182183788945345, 0.32751760517415385, 0.1836096725897165, 0.31504274539122035, 0.8066394709727044, 0.4623142471007009, 0.005796840289542526, 0.37877185928445, 0.057635323744838485, 0.06906794091786206, 0.9653353410925519, 0.7879936397848223, 0.43188392067943027, 0.8110873843626212, 0.6236215153201209, 0.3051512700505957, 0.28388217984953545, 0.15013342610948555, 0.8523067728126401, 0.3437640166928273, 0.6740015052134005, 0.04114822167657284, 0.3451132168821248, 0.3971805901343194, 0.3764914785390512, 0.9127508161067405, 0.31585965999720256, 0.48629410610563917, 0.1403578066659532, 0.4030073589037724, 0.41288784017084246, 0.9778736050150009, 0.3596512748325129, 0.2911149504528703, 0.03917259650671101, 0.11617503832847587, 0.2577828069195971, 0.2263175276578515, 0.045299394884446675, 0.4701280330836741, 0.6554757464535899, 0.2628611288766449, 0.05202884548906972, 0.16612291918534894, 0.33706751701124105, 0.17975049623698347, 0.15973498857624602, 0.6255942185481942, 0.05408440838043771, 0.348716743581617, 0.23664675316593742, 0.6822740997525897, 0.0037012894710858335, 0.1069307127713105, 0.563912213478284, 0.6438384065536304, 0.22511546175791963, 0.5493799983089415, 0.5365656004088436, 0.8444367876226532, 0.3155808233616463], BATTLES: 120-70-76-243-183-186-231-135-129-
1, 4, -1910.0, [0.007528352799334281, 0.35360485676239806, 0.8886827503151846, 0.5101896422832272, 0.5665687873878226, 0.666207461223687, 0.23076735946897325, 0.41385227403051517, 0.1333251019288348, 0.395024875630777, 0.30846572151146967, 0.3565802408170181, 0.4416947258684953, 0.36477337750960737, 0.652844939014228, 0.10645028797872136, 0.06284887957832919, 0.0677630284528617, 0.4424842085212094, 0.7850337168405433, 0.1295377982068363, 0.7442782772356911, 0.3364592794461235, 0.27920016528652836, 0.5487894856801626, 0.6129354463864775, 0.6397679558697186, 0.8297412346640178, 0.5085511808872621, 0.5392273974347839, 0.5901432266467754, 0.14405779439138627, 0.7521037049577904, 0.9133776240511488, 0.6757352736521983, 0.4154100278707703, 0.9501971069419795, 0.8596232573836423, 0.584369919710232, 0.16588694763674727, 0.5213456329705716, 0.674510785311677, 0.5853425311443952, 0.3803666729429019, 0.5188917517407035, 0.5809526613656721, 0.26380782225397326, 0.8903936957219784, 0.8938431675281722, 0.37789154859614393, 0.5228750333392439, 0.06856461481285958, 0.12324935929813585, 0.5186037302474962, 0.15601490294370451, 0.9352036189606896, 0.220452980804485, 0.22109753488098616, 0.5366892063902075, 0.796168629523542, 0.4928087812952412, 0.1329339208480389, 0.20845348195256988], BATTLES: 76-15-46-176-130-199-225-168-227-
1, 5, -2945.0, [0.008793109125884158, 0.6334581997450418, 0.7588226370893415, 0.4498203985771798, 0.33237586266434477, 0.6285747248535066, 0.8440463751352725, 0.9736225590472881, 0.3370562964546636, 0.884683245723009, 0.2271557952405645, 0.7124716573810423, 0.3696544085662681, 0.5325734492949665, 0.019614633740134058, 0.2608073133087814, 0.7669575610833451, 0.13983884585321937, 0.9708723673206874, 0.5468627298556565, 0.3575363192446282, 0.8790467039161446, 0.02004416102851725, 0.11220905593782192, 0.7617607118328473, 0.378372331270442, 0.8903507183996813, 0.9700507999067154, 0.6192557288634556, 0.023608742972306918, 0.9920132179071923, 0.11946322982995372, 0.22294092442809288, 0.7360247763386514, 0.3282406160271658, 0.12356310609974064, 0.7446524463593653, 0.9223284315913943, 0.1728348552172632, 0.5301409060407207, 0.9664026251670821, 0.8823612923697692, 0.6015128082699127, 0.13474999761282236, 0.882569810948547, 0.9667132744719072, 0.8609975252783241, 0.28355247322949934, 0.4888323385699701, 0.33747410183450643, 0.9224054912291266, 0.7764401515747252, 0.8463236066424298, 0.41690702722225964, 0.23479257352839827, 0.1378960392461559, 0.4672144444132087, 0.3836937455968429, 0.2720156017488673, 0.9662090435090586, 0.9272504594999758, 0.377626230436932, 0.08231416640254419], BATTLES: 319-302-342-366-322-356-317-255-333-
1, 6, -3439.0, [0.18986905498021178, 0.2750492081677781, 0.009312838313922933, 0.519671180894069, 0.23291508845347497, 0.9601414617582762, 0.23428706657668763, 0.7421559571835684, 0.5389411197820505, 0.8480708486751526, 0.725722113128191, 0.6165423289322849, 0.05467107480020905, 0.3029458764554328, 0.012214702590485738, 0.3747457921189733, 0.5620854860526011, 0.4707419618774634, 0.8289260111999861, 0.9424415196396393, 0.5073122587171929, 0.529550424563745, 0.8245701683235568, 0.05110863440761537, 0.5829558295035454, 0.8412255706016398, 0.59760761516797, 0.05772471149890834, 0.33610725906254757, 0.9706995553671053, 0.3848556691814504, 0.325037565155086, 0.17093536753617455, 0.5722480801416939, 0.23002664334841694, 0.5867231954920312, 0.7477368544800084, 0.9531073967510902, 0.7733014160991006, 0.2597925474339008, 0.1779175370031293, 0.6336009768556101, 0.5953322012163994, 0.9566477180077045, 0.7173635775482633, 0.41841017781493695, 0.8971897545942183, 0.5451226653715969, 0.343131083640807, 0.8923195150610888, 0.6574800006965416, 0.7427444724089066, 0.9835086488969149, 0.9667062038478187, 0.9334392324181331, 0.37666205697100574, 0.9672004045615692, 0.8457317799251827, 0.37142561478660197, 0.46049895144311337, 0.8954064870192704, 0.5028121002526393, 0.03834434964836819], BATTLES: 336-335-413-418-372-421-386-364-394-
1, 7, -3012.0, [0.08372821057561441, 0.6505467768684484, 0.1550493224224331, 0.7219363123566731, 0.919478914978704, 0.22422908406552344, 0.3500994334162329, 0.934974503291585, 0.5758737815510081, 0.3974972215145135, 0.3178382993528345, 0.9142460346228396, 0.6285283039409867, 0.4590601224256562, 0.29999437857972067, 0.13137272541451783, 0.13261598041900924, 0.22398203686954826, 0.5200373481433554, 0.5041932672819227, 0.7097900487628837, 0.23728843558120505, 0.26221677113435227, 0.49190259760512867, 0.911745461432816, 0.5092820941542862, 0.9793670724320103, 0.8630934412821706, 0.8819973101614046, 0.8456129843194601, 0.9454747798218253, 0.570438612682429, 0.05252910479180534, 0.19130230525280323, 0.9924886869110899, 0.19584810263372932, 0.4319470070711669, 0.5176100584357397, 0.8506075239732042, 0.6859446671502543, 0.7431492471933345, 0.11993991582444022, 0.04616116218298055, 0.12148131401895762, 0.8505076611564542, 0.33083653558306014, 0.6434739776499195, 0.46231574366492867, 0.9490366379111917, 0.965272661794295, 0.6257803749555795, 0.9833955812679428, 0.38202804384264355, 0.6852216516088098, 0.8988369033556063, 0.8448090194740596, 0.553086966775146, 0.5217392573102994, 0.699119200886303, 0.44234673322844864, 0.5732282801616859, 0.5809530441872004, 0.2664276907178853], BATTLES: 332-218-313-333-249-337-333-306-344-
1, 8, -3599.0, [0.96549405441882, 0.8417802818202935, 0.9103257489563961, 0.3559333979358956, 0.8266375759518733, 0.23515716243145213, 0.7261569359823927, 0.28922418241965997, 0.7748832568211704, 0.2629222309138486, 0.5714797311314599, 0.6509036672945845, 0.7782192322178051, 0.11955393584728108, 0.9739861352506642, 0.46388904342755766, 0.2531715520334159, 0.36420400485470744, 0.5478689660624274, 0.2047978201973262, 0.22165295320095135, 0.6588672135871607, 0.904688364173259, 0.03544458781751686, 0.5578879226804503, 0.7875929141182594, 0.07506062502112909, 0.07656879135337435, 0.566879768246928, 0.853796819598216, 0.6580243670909582, 0.37953401260565606, 0.7965622178667688, 0.5606076268635609, 0.4342640105153083, 0.8623128144776828, 0.5978266541026234, 0.5584850950342052, 0.6692600697826594, 0.6459655794503897, 0.7140937100157969, 0.7043155978782981, 0.14265165837555893, 0.7400904078773833, 0.34773870113041827, 0.024412743984530638, 0.4864359763949718, 0.9442338446583007, 0.7315434572186259, 0.5508094881716332, 0.22596134604747398, 0.4141372871194564, 0.6515555569012471, 0.7006545929012956, 0.2917534890526924, 0.6950885068714557, 0.7695087700560447, 0.5517323698496032, 0.37577362896834643, 0.6784206258416476, 0.4294828335227025, 0.563133219298938, 0.4347774864222007], BATTLES: 410-346-391-455-407-453-362-363-356-
1, 9, -3323.0, [0.7213907531970002, 0.09060250877880593, 0.6985008123870993, 0.454584546186539, 0.4393562271383684, 0.20568904973594082, 0.45858418729747297, 0.8674396082737932, 0.7841459484908545, 0.08440700227534814, 0.32109119843904055, 0.9328873838704904, 0.7204165462095016, 0.8108679168802525, 0.9231393547201832, 0.39264561601164066, 0.03730138708599762, 0.3002432613371715, 0.5701352730583854, 0.7784371396294546, 0.9991414677568621, 0.34307991991673453, 0.4627904339893807, 0.740735271601419, 0.47781451696115373, 0.4460689799016205, 0.2320168492981064, 0.14032457962825362, 0.5208525324355543, 0.30917777565349025, 0.06313471378178592, 0.2988103451596059, 0.17018174253863327, 0.3596255569915411, 0.3813290282970664, 0.5602768138233455, 0.21967020782083346, 0.044706414884318146, 0.009415509695142654, 0.8472895639866301, 0.7569733022613697, 0.49250317848482816, 0.15071722794280518, 0.26469146860723314, 0.3661682374839479, 0.31975738031652023, 0.5274125155756637, 0.8732055539400383, 0.6475769214854656, 0.8241793947632878, 0.8422488774901097, 0.7947356798632924, 0.15428611045975826, 0.3105965401637337, 0.49363854439538196, 0.5178514964768203, 0.7188939725403581, 0.68227301825917, 0.018334354693280583, 0.43567343069358644, 0.721113221403828, 0.5187372048957529, 0.5212103452349595], BATTLES: 418-353-443-439-387-426-256-236-302-
1, 10, -4006.0, [0.5796111240088708, 0.9105093231581269, 0.5008381901061655, 0.6515593001742975, 0.8485911709732742, 0.30659585148481017, 0.7415767603159419, 0.8590246103744474, 0.31762023911326287, 0.4731332210614043, 0.6639496639554742, 0.6616469225545781, 0.054240295866789134, 0.03266480861721743, 0.8751822636185104, 0.8294300870806394, 0.5450530482870337, 0.6844143036842169, 0.4199568237061315, 0.10308936022593912, 0.05513931292214569, 0.25796604777210097, 0.8371183823945955, 0.27553834761674056, 0.2347405584992408, 0.701495311289407, 0.4737920287666054, 0.6719139171548579, 0.12012046730435927, 0.8276224682183873, 0.623871613229, 0.4642126537021991, 0.9830345021891995, 0.607832862267037, 0.40065458606754734, 0.18798885892021622, 0.6443633327963694, 0.1627452073368213, 0.41290823805485305, 0.4441555991411118, 0.843662840357505, 0.3991424589648874, 0.7276845126646433, 0.27032901640705376, 0.24613442230986515, 0.556276507845558, 0.7367407026222391, 0.7753106398546356, 0.4914843522302048, 0.5633300945829857, 0.49445654148250673, 0.21703981079458212, 0.7027779401641149, 0.767105714465586, 0.3795218902474289, 0.8823834107279422, 0.932233390653058, 0.6405194402017561, 0.16044504262650638, 0.7096879614577514, 0.5931798121135955, 0.8113808770779459, 0.39850076520802297], BATTLES: 435-429-444-500-468-485-375-378-459-
1, 11, -3403.0, [0.1857685804442416, 0.1373028220731506, 0.7880663648965157, 0.0587896620990177, 0.09888106210767234, 0.37177520646259155, 0.8226475788811752, 0.18912537986712397, 0.9500367204136736, 0.5030718173973211, 0.6622387676579122, 0.09388965710325026, 0.29894623229127193, 0.45602571025613525, 0.03895019249090792, 0.40404841220871845, 0.030574671940857612, 0.42478424788944424, 0.7021266582999897, 0.12319089803032301, 0.6942653094020897, 0.8940348639866249, 0.5360152721159682, 0.6163542821770746, 0.16608460717076, 0.7754894440883155, 0.8683514368757613, 0.25788270669042623, 0.22929746441579568, 0.9782336520328999, 0.23516211869688575, 0.22496677517896502, 0.7144349444816692, 0.3394898606889173, 0.556207198049452, 0.8571155815629784, 0.08379674109303303, 0.9429056152446947, 0.5679665118400665, 0.702079922678993, 0.2829998963575103, 0.7373588480340747, 0.017696434115859305, 0.6934781674742304, 0.5329901463959028, 0.2193976933073154, 0.6566803034134391, 0.9011451236789528, 0.39229148387903046, 0.9683093593019418, 0.14334151963525965, 0.931733239251593, 0.13349278034937617, 0.37030749184062584, 0.441110428048729, 0.15958289235737577, 0.2934398761534772, 0.07302590017053046, 0.05899796439524696, 0.5685485782630025, 0.9412301571420202, 0.6650963710959504, 0.732029904188212], BATTLES: 432-325-442-413-373-446-322-292-358-
1, 12, -3593.0, [0.5952762422198628, 0.6705786414759068, 0.3347669214831498, 0.9093156328233092, 0.6767957816427849, 0.48550283642221925, 0.28506440921767473, 0.8676813295858821, 0.5589833911043531, 0.9373043292588512, 0.4957972852216258, 0.47832408936666637, 0.13801016053650728, 0.20305493200361505, 0.18936204589460948, 0.731832940377596, 0.636435710655898, 0.5968590985691253, 0.5365934354639335, 0.03561999005495986, 0.9717561693718374, 0.027757157539807675, 0.12546594848076076, 0.20925091235983784, 0.46231439050805856, 0.6439959388530052, 0.14658033888717437, 0.6683198908676327, 0.19239924157098998, 0.13554281730444662, 0.5046065461639941, 0.586436277592301, 0.9224148026634701, 0.13641263865375197, 0.6377439421237987, 0.25756078770053886, 0.6235275363844299, 0.4640493349338164, 0.3829396957668906, 0.22698006290905004, 0.862135990856503, 0.6823017740787151, 0.1526189686695143, 0.8851143624693739, 0.4181483591096319, 0.4048926143548886, 0.7682501823204738, 0.45064886441880325, 0.4691953831064717, 0.2890974611439123, 0.0862520390228998, 0.5871847191097389, 0.1708947600690306, 0.6624468613559769, 0.08004618195738478, 0.17789775707073563, 0.922537986743749, 0.2095793155864708, 0.7498165709766121, 0.30428921820472543, 0.8437508796307414, 0.5267051910589022, 0.13686643955566424], BATTLES: 381-328-396-419-379-447-407-360-393-
1, 13, -4103.0, [0.3569327809025361, 0.47372206227570157, 0.1434643393590927, 0.681859802118455, 0.49172242234487207, 0.06424454542755043, 0.700535736343801, 0.814823308695701, 0.13965749721956183, 0.32319887368531397, 0.3079562008335067, 0.43672902490934884, 0.33843472499585825, 0.1400877382418628, 0.4538822674098758, 0.5728721933890051, 0.7266305734481678, 0.20152913597266497, 0.5444248544782729, 0.029219907573495296, 0.33382538217833213, 0.16955327751509375, 0.6251436047871817, 0.0012199385114398664, 0.8287961795128811, 0.9770059915116411, 0.7784585205621735, 0.6725501311348772, 0.18838839379880368, 0.495490091258471, 0.6068134730212658, 0.22345743959881023, 0.8591553401518695, 0.977501667204292, 0.37773426750297817, 0.06947562448927587, 0.3519313748814961, 0.7870895646476871, 0.47374822766922187, 0.10405858644124569, 0.702221384475532, 0.6758948572813599, 0.6987717389366681, 0.3738203143979393, 0.03835270886940617, 0.14231500813061138, 0.9936765684406821, 0.5925204171493116, 0.9958750089587652, 0.6099220406377062, 0.36582804123122004, 0.7457469099122376, 0.5227970580767519, 0.9736231937162114, 0.04406205254190931, 0.46759125434811527, 0.6518752490630618, 0.7122160924139981, 0.18541840762962902, 0.4845270797510405, 0.781105028440176, 0.6494633974286979, 0.09009402427651597], BATTLES: 432-418-418-525-486-491-367-336-436-
1, 14, -595.0, [0.2426005707944473, 0.36262516979060894, 0.4443190813200071, 0.30401960347454254, 0.5472038416170435, 0.35969009380936884, 0.9957659128067776, 0.6436813902427784, 0.49778869968045647, 0.7302108819472718, 0.5288428440964101, 0.9377062747706639, 0.04435937759239866, 0.35791833867728134, 0.861757277049463, 0.12442396035867043, 0.31967677222382473, 0.8560154167164362, 0.6733164325643264, 0.38528826803487404, 0.3692149278919991, 0.5052145883402885, 0.6668180934156659, 0.886626739919303, 0.2591246014777927, 0.042275273730300156, 0.9570927486709804, 0.5017388355290919, 0.13028177186789724, 0.5573001572282228, 0.1297485134854776, 0.4573714556444226, 0.5795105650869227, 0.7406609541981938, 0.49284705219950636, 0.8423476035050186, 0.2921136024151513, 0.32169896831558736, 0.35973347301207625, 0.96407600803997, 0.8971559107741236, 0.03235724407079399, 0.413678578491363, 0.5912791605568958, 0.43548685113452557, 0.5637046914147286, 0.12667372648090747, 0.6529283320541894, 0.024925211900545086, 0.8531703653629966, 0.6007014631492138, 0.40543990277875636, 0.49380936353042737, 0.6037886008798992, 0.6416511463932831, 0.8309850105091507, 0.5190264351533109, 0.8177982106449522, 0.4813158530257482, 0.6145112776757664, 0.03483044166230087, 0.6478499109385207, 0.870231102413472], BATTLES: 45-3-5-138-55-72-97-35-30-
2, 0, -3175.0, [0.7809259263719968, 0.667417422046191, 0.31328194163599365, 0.619711759924801, 0.29447665728769346, 0.5030636855412683, 0.42379893027634996, 0.37754310264808977, 0.15642842529045306, 0.7692893432176426, 0.18785137704385857, 0.3927321840438601, 0.49835939795723927, 0.8754999572318135, 0.7347961039545754, 0.9777331663910107, 0.44941879486515246, 0.7217789870876741, 0.5009656549942682, 0.6051092289649644, 0.5642934745789652, 0.2815382184705124, 0.10246146367842457, 0.2085268957447413, 0.16126897391198625, 0.8678620412538263, 0.013188529974029028, 0.6775409269469558, 0.41861273423607753, 0.9692984364246469, 0.5675303579272812, 0.7918764048229614, 0.8685039155592993, 0.7581993563930757, 0.3811451176567028, 0.25049491046917477, 0.10276978973616535, 0.46368917203519144, 0.012318736448217127, 0.18908669736278316, 0.6203736765125117, 0.961092069180594, 0.9788335632688068, 0.18928826889927886, 0.23999673012761902, 0.36189372470797443, 0.8434671185837146, 0.36686075178255506, 0.5319494167706305, 0.12404858860035428, 0.8288477326410213, 0.4354868925640063, 0.4196219885333381, 0.5472968319195062, 0.006402570489075499, 0.1702362495513176, 0.6266509256756417, 0.5352068797904538, 0.3983490286329744, 0.7290959683956151, 0.7652863919557736, 0.28194398684876, 0.32157674482970255], BATTLES: 308-273-343-375-313-341-340-350-340-
2, 1, -3220.0, [0.8420125762845234, 0.5702373928165425, 0.38421258779903933, 0.6601502586717032, 0.9718278415620024, 0.11982257563660725, 0.5298897935212041, 0.7231987853208176, 0.5141111388981804, 0.47222021662854374, 0.6678240253676017, 0.7686592795671952, 0.4556235204353192, 0.2091677434388664, 0.9991365129316161, 0.40593012413250107, 0.469948769945985, 0.7323513497194464, 0.8099400494884991, 0.9203219868098258, 0.9172226537866648, 0.4402304507403227, 0.6510422380081818, 0.6098296872611544, 0.3953654859299852, 0.9639599999158639, 0.482957149817664, 0.0648149360024931, 0.8736070948784108, 0.9488523916089717, 0.2601435828336518, 0.5031001131689042, 0.9575327737971416, 0.24456762307413, 0.5194244942258969, 0.3115217752321426, 0.25217375133106756, 0.7224810861464118, 0.8957599778554876, 0.9217409031904975, 0.9377796927545118, 0.8592032419862152, 0.002117928578063588, 0.32375923526857475, 0.4336722377154523, 0.5649616650526168, 0.9540306202096317, 0.984177027483185, 0.7708718214508308, 0.9602613618740051, 0.41371603116709654, 0.9157803149127619, 0.3353826743309287, 0.6623339003533409, 0.8855480042787811, 0.538049413321344, 0.9677107381700853, 0.751361957926015, 0.2059218672051778, 0.5669187829728195, 0.681417026684969, 0.03267298800897689, 0.8623962350853778], BATTLES: 31-3-7-105-31-69-80-44-74-
2, 2, -2723.0, [0.40684994218040355, 0.4607374468912917, 0.2401976024126087, 0.6800662254660984, 0.18005147033545932, 0.8028225623138486, 0.5176684200011616, 0.7633654390027393, 0.3684568484413109, 0.37383626433265416, 0.815049686081882, 0.42786126242309724, 0.63075757231288, 0.7701476871960441, 0.2147356031053934, 0.7852333580881022, 0.3983020909722254, 0.6862737321262296, 0.6250425762673542, 0.4426615405079743, 0.7297695922072707, 0.09801128003226817, 0.8987032782734479, 0.9006207115484344, 0.5421465318419982, 0.7012649431742487, 0.20532388578703975, 0.31980465209787345, 0.36573211191722454, 0.6973350326013095, 0.4376784586634763, 0.6352458152449363, 0.045149468541549, 0.2788192631780774, 0.2578754595812124, 0.23056112906854076, 0.4016252521957271, 0.17569489037170893, 0.43399935039483745, 0.512062651091898, 0.06561471630665405, 0.6577030397747645, 0.5041910125158032, 0.09530271230014964, 0.4681054862543206, 0.6095955100230344, 0.789763065021454, 0.49316851566272035, 0.387961097824669, 0.7058841761950675, 0.4786777217405208, 0.7696066148158147, 0.5172730376512912, 0.5601056366090649, 0.4491944343464304, 0.6171566710941876, 0.9671430462528906, 0.45847393697118294, 0.04863463755033326, 0.6116122856674642, 0.6078901803033213, 0.06852006239684538, 0.7566536153405835], BATTLES: 66-20-68-130-98-176-121-57-96-
2, 3, -2992.0, [0.7522176660173621, 0.22887123402756682, 0.7023215768530021, 0.38447586132805683, 0.7194359255319522, 0.19135034771245452, 0.9128499326324284, 0.600346472016704, 0.2271055317568642, 0.1943631420326856, 0.057635323744838485, 0.4448409548090866, 0.9653353410925519, 0.11156556416301389, 0.8988334280046292, 0.6004742077252009, 0.4799825609379204, 0.3051512700505957, 0.28388217984953545, 0.07506671305474277, 0.38276887656267594, 0.3437640166928273, 0.8370007526067003, 0.04114822167657284, 0.3451132168821248, 0.3971805901343194, 0.439715692126468, 0.8357775787398223, 0.3428352006816251, 0.48629410610563917, 0.46020093706477505, 0.24584270372184183, 0.7183902732307627, 0.9778736050150009, 0.3134862019925483, 0.4906550744509229, 0.03917259650671101, 0.05808751916423793, 0.6157402086876145, 0.2263175276578515, 0.4445850112360616, 0.3408404765908934, 0.3135307460766835, 0.2628611288766449, 0.05202884548906972, 0.1896985320293528, 0.4270580572431866, 0.7047410170904475, 0.4930299453237095, 0.6255942185481942, 0.05408440838043771, 0.28022394321492333, 0.5490919700861339, 0.6822740997525897, 0.2967678347789575, 0.6987302432962811, 0.6915935593081718, 0.6409222806465373, 0.0034831204372869073, 0.5096151455862958, 0.5051397723091069, 0.9554982170844881, 0.3155808233616463], BATTLES: 62-39-46-181-154-136-163-104-86-
2, 4, -1499.0, [0.007528352799334281, 0.35360485676239806, 0.8886827503151846, 0.5101896422832272, 0.5665687873878226, 0.666207461223687, 0.23076735946897325, 0.41385227403051517, 0.1333251019288348, 0.395024875630777, 0.30846572151146967, 0.3565802408170181, 0.4416947258684953, 0.36477337750960737, 0.652844939014228, 0.10645028797872136, 0.06284887957832919, 0.0677630284528617, 0.4424842085212094, 0.7850337168405433, 0.1295377982068363, 0.7442782772356911, 0.3364592794461235, 0.27920016528652836, 0.5487894856801626, 0.6129354463864775, 0.6397679558697186, 0.8297412346640178, 0.5085511808872621, 0.5392273974347839, 0.5901432266467754, 0.14405779439138627, 0.7521037049577904, 0.9133776240511488, 0.6757352736521983, 0.4154100278707703, 0.9501971069419795, 0.8596232573836423, 0.584369919710232, 0.16588694763674727, 0.5213456329705716, 0.674510785311677, 0.5853425311443952, 0.3803666729429019, 0.5188917517407035, 0.5809526613656721, 0.26380782225397326, 0.8903936957219784, 0.8938431675281722, 0.37789154859614393, 0.5228750333392439, 0.06856461481285958, 0.12324935929813585, 0.5186037302474962, 0.15601490294370451, 0.9352036189606896, 0.220452980804485, 0.22109753488098616, 0.5366892063902075, 0.796168629523542, 0.4928087812952412, 0.1329339208480389, 0.20845348195256988], BATTLES: 148-88-281-161-120-214-184-129-174-
2, 5, -2927.0, [0.26585453695054423, 0.9131442280689338, 0.7588226370893415, 0.4498203985771798, 0.5747633575318114, 0.4636995239442192, 0.7979003446889493, 0.9736225590472881, 0.3370562964546636, 0.884683245723009, 0.42386096681775964, 0.6895833137011764, 0.2031847324345428, 0.5325734492949665, 0.40490982555740773, 0.5168801391627034, 0.7669575610833451, 0.13983884585321937, 0.9708723673206874, 0.30058929332159107, 0.3575363192446282, 0.5993500648824364, 0.02004416102851725, 0.18576255255123897, 0.5244231548952306, 0.378372331270442, 0.515296796387722, 0.9700507999067154, 0.6192557288634556, 0.023608742972306918, 0.9920132179071923, 0.11946322982995372, 0.5728806780141329, 0.7360247763386514, 0.3282406160271658, 0.1525765141858625, 0.6994883799571198, 0.9223284315913943, 0.1728348552172632, 0.5301409060407207, 0.9111281532489012, 0.8823612923697692, 0.6015128082699127, 0.19580647313673513, 0.5959583420460819, 0.6117192636529412, 0.8050398725481863, 0.5050101938359663, 0.4888323385699701, 0.33747410183450643, 0.9224054912291266, 0.7764401515747252, 0.7816794415655404, 0.41690702722225964, 0.23479257352839827, 0.48324961100681946, 0.4672144444132087, 0.3836937455968429, 0.22177106411445324, 0.9662090435090586, 0.9272504594999758, 0.5761034031582433, 0.08231416640254419], BATTLES: 259-238-355-350-286-352-236-212-303-
2, 6, -3165.0, [0.18986905498021178, 0.2750492081677781, 0.009312838313922933, 0.519671180894069, 0.23291508845347497, 0.9601414617582762, 0.23428706657668763, 0.7421559571835684, 0.5389411197820505, 0.8480708486751526, 0.725722113128191, 0.6165423289322849, 0.05467107480020905, 0.3029458764554328, 0.012214702590485738, 0.3747457921189733, 0.5620854860526011, 0.4707419618774634, 0.8289260111999861, 0.9424415196396393, 0.5073122587171929, 0.529550424563745, 0.8245701683235568, 0.05110863440761537, 0.5829558295035454, 0.8412255706016398, 0.59760761516797, 0.05772471149890834, 0.33610725906254757, 0.9706995553671053, 0.3848556691814504, 0.325037565155086, 0.17093536753617455, 0.5722480801416939, 0.23002664334841694, 0.5867231954920312, 0.7477368544800084, 0.9531073967510902, 0.7733014160991006, 0.2597925474339008, 0.1779175370031293, 0.6336009768556101, 0.5953322012163994, 0.9566477180077045, 0.7173635775482633, 0.41841017781493695, 0.8971897545942183, 0.5451226653715969, 0.343131083640807, 0.8923195150610888, 0.6574800006965416, 0.7427444724089066, 0.9835086488969149, 0.9667062038478187, 0.9334392324181331, 0.37666205697100574, 0.9672004045615692, 0.8457317799251827, 0.37142561478660197, 0.46049895144311337, 0.8954064870192704, 0.5028121002526393, 0.03834434964836819], BATTLES: 302-269-388-412-337-403-341-337-376-
2, 7, -2911.0, [0.08372821057561441, 0.6505467768684484, 0.3040497519638146, 0.7219363123566731, 0.919478914978704, 0.22422908406552344, 0.3500994334162329, 0.934974503291585, 0.5758737815510081, 0.5734899544738993, 0.3178382993528345, 0.9818873064819444, 0.2673485824898234, 0.22484820117763693, 0.19463785703994546, 0.13137272541451783, 0.43327500241827266, 0.22398203686954826, 0.5200373481433554, 0.5041932672819227, 0.7097900487628837, 0.23728843558120505, 0.143547383647524, 0.49190259760512867, 0.911745461432816, 0.6923300630970889, 0.9896835362160051, 0.808762698105323, 0.8819973101614046, 0.5141856788782542, 0.9454747798218253, 0.570438612682429, 0.05252910479180534, 0.19130230525280323, 0.7290111088840115, 0.19584810263372932, 0.6869836885149827, 0.5176100584357397, 0.6623029260886072, 0.6859446671502543, 0.8715746235966673, 0.11993991582444022, 0.29026322715089015, 0.12148131401895762, 0.8505076611564542, 0.5804111687239896, 0.6434739776499195, 0.46231574366492867, 0.9490366379111917, 0.7028937167511673, 0.6257803749555795, 0.9916977906339715, 0.6880267217834223, 0.6946140908784856, 0.8988369033556063, 0.7036225688320712, 0.553086966775146, 0.49333179512906356, 0.50877851289375, 0.6295104889008498, 0.5732282801616859, 0.41854381378888456, 0.2664276907178853], BATTLES: 282-221-327-339-289-399-213-234-296-
2, 8, -3388.0, [0.96549405441882, 0.8417802818202935, 0.9103257489563961, 0.3559333979358956, 0.8266375759518733, 0.23515716243145213, 0.7261569359823927, 0.28922418241965997, 0.7748832568211704, 0.2629222309138486, 0.5714797311314599, 0.6509036672945845, 0.7782192322178051, 0.11955393584728108, 0.9739861352506642, 0.46388904342755766, 0.2531715520334159, 0.36420400485470744, 0.5478689660624274, 0.2047978201973262, 0.22165295320095135, 0.6588672135871607, 0.904688364173259, 0.03544458781751686, 0.5578879226804503, 0.7875929141182594, 0.07506062502112909, 0.07656879135337435, 0.566879768246928, 0.853796819598216, 0.6580243670909582, 0.37953401260565606, 0.7965622178667688, 0.5606076268635609, 0.4342640105153083, 0.8623128144776828, 0.5978266541026234, 0.5584850950342052, 0.6692600697826594, 0.6459655794503897, 0.7140937100157969, 0.7043155978782981, 0.14265165837555893, 0.7400904078773833, 0.34773870113041827, 0.024412743984530638, 0.4864359763949718, 0.9442338446583007, 0.7315434572186259, 0.5508094881716332, 0.22596134604747398, 0.4141372871194564, 0.6515555569012471, 0.7006545929012956, 0.2917534890526924, 0.6950885068714557, 0.7695087700560447, 0.5517323698496032, 0.37577362896834643, 0.6784206258416476, 0.4294828335227025, 0.563133219298938, 0.4347774864222007], BATTLES: 405-299-404-389-359-424-356-350-402-
2, 9, -3062.0, [0.7213907531970002, 0.09060250877880593, 0.6985008123870993, 0.454584546186539, 0.4393562271383684, 0.20568904973594082, 0.45858418729747297, 0.8674396082737932, 0.7841459484908545, 0.08440700227534814, 0.32109119843904055, 0.9328873838704904, 0.7204165462095016, 0.8108679168802525, 0.9231393547201832, 0.39264561601164066, 0.03730138708599762, 0.3002432613371715, 0.5701352730583854, 0.7784371396294546, 0.9991414677568621, 0.34307991991673453, 0.4627904339893807, 0.740735271601419, 0.47781451696115373, 0.4460689799016205, 0.2320168492981064, 0.14032457962825362, 0.5208525324355543, 0.30917777565349025, 0.06313471378178592, 0.2988103451596059, 0.17018174253863327, 0.3596255569915411, 0.3813290282970664, 0.5602768138233455, 0.21967020782083346, 0.044706414884318146, 0.009415509695142654, 0.8472895639866301, 0.7569733022613697, 0.49250317848482816, 0.15071722794280518, 0.26469146860723314, 0.3661682374839479, 0.31975738031652023, 0.5274125155756637, 0.8732055539400383, 0.6475769214854656, 0.8241793947632878, 0.8422488774901097, 0.7947356798632924, 0.15428611045975826, 0.3105965401637337, 0.49363854439538196, 0.5178514964768203, 0.7188939725403581, 0.68227301825917, 0.018334354693280583, 0.43567343069358644, 0.721113221403828, 0.5187372048957529, 0.5212103452349595], BATTLES: 411-344-423-383-322-404-243-219-313-
2, 10, -4106.0, [0.5796111240088708, 0.9105093231581269, 0.4547577615506534, 0.6515593001742975, 0.9058909628955829, 0.045270840153359554, 0.9723438450029613, 0.771558877266822, 0.31762023911326287, 0.339833037881742, 0.6639496639554742, 0.6616469225545781, 0.054240295866789134, 0.016332404308608717, 0.8232928224729092, 0.8816936080126081, 0.7377240209983772, 0.6844143036842169, 0.5390370516506457, 0.05154468011296956, 0.1596734351818083, 0.25796604777210097, 0.8371183823945955, 0.13776917380837028, 0.6238936609302663, 0.701495311289407, 0.33907222564156864, 0.6719139171548579, 0.1857065401875661, 0.8276224682183873, 0.8625367730081258, 0.4642126537021991, 0.941888910390626, 0.607832862267037, 0.40065458606754734, 0.18798885892021622, 0.6443633327963694, 0.4029144142584752, 0.41290823805485305, 0.4441555991411118, 0.8702433495086652, 0.7002549282764546, 0.7528044141287528, 0.27032901640705376, 0.11451898922155468, 0.23509650222515582, 0.7367407026222391, 0.7085052541529815, 0.4914843522302048, 0.5196146992280102, 0.49445654148250673, 0.6699794302459019, 0.7027779401641149, 0.767105714465586, 0.3795218902474289, 0.5430944798253701, 0.9966415897631681, 0.6107228298115263, 0.24624748152544174, 0.8797099938162303, 0.8427746741747819, 0.8113808770779459, 0.39850076520802297], BATTLES: 424-417-452-483-455-475-321-351-426-
2, 11, -3169.0, [0.12152967207997928, 0.6769794177803486, 0.3895542482032636, 0.47626969429426147, 0.6293451724847333, 0.37177520646259155, 0.8226475788811752, 0.6586702624946055, 0.9500367204136736, 0.5030718173973211, 0.6622387676579122, 0.6103401387054501, 0.47228601071568144, 0.45602571025613525, 0.20328900830245722, 0.40404841220871845, 0.04882631526118314, 0.29837040942868875, 0.7021266582999897, 0.12319089803032301, 0.7040388167939295, 0.8940348639866249, 0.5360152721159682, 0.6163542821770746, 0.635510966066045, 0.7754894440883155, 0.8683514368757613, 0.25788270669042623, 0.22929746441579568, 0.8947430989173111, 0.6823352326980083, 0.22496677517896502, 0.3084165855152624, 0.3394898606889173, 0.556207198049452, 0.4408185705085013, 0.08379674109303303, 0.9429056152446947, 0.5679665118400665, 0.6919220684622838, 0.5726841852352748, 0.07232942599030556, 0.017696434115859305, 0.6934781674742304, 0.5329901463959028, 0.2193976933073154, 0.6483663395220541, 0.9011451236789528, 0.39229148387903046, 0.9683093593019418, 0.14334151963525965, 0.9642569596079991, 0.13349278034937617, 0.37030749184062584, 0.5920198862888566, 0.15958289235737577, 0.45689915881745424, 0.3555107271878469, 0.05899796439524696, 0.48909895681403026, 0.9412301571420202, 0.6650963710959504, 0.4291312178518138], BATTLES: 387-311-397-356-317-423-250-255-335-
2, 12, -3285.0, [0.5952762422198628, 0.6705786414759068, 0.3347669214831498, 0.9093156328233092, 0.6767957816427849, 0.48550283642221925, 0.28506440921767473, 0.8676813295858821, 0.5589833911043531, 0.9373043292588512, 0.4957972852216258, 0.47832408936666637, 0.13801016053650728, 0.20305493200361505, 0.18936204589460948, 0.731832940377596, 0.636435710655898, 0.5968590985691253, 0.5365934354639335, 0.03561999005495986, 0.9717561693718374, 0.027757157539807675, 0.12546594848076076, 0.20925091235983784, 0.46231439050805856, 0.6439959388530052, 0.14658033888717437, 0.6683198908676327, 0.19239924157098998, 0.13554281730444662, 0.5046065461639941, 0.586436277592301, 0.9224148026634701, 0.13641263865375197, 0.6377439421237987, 0.25756078770053886, 0.6235275363844299, 0.4640493349338164, 0.3829396957668906, 0.22698006290905004, 0.862135990856503, 0.6823017740787151, 0.1526189686695143, 0.8851143624693739, 0.4181483591096319, 0.4048926143548886, 0.7682501823204738, 0.45064886441880325, 0.4691953831064717, 0.2890974611439123, 0.0862520390228998, 0.5871847191097389, 0.1708947600690306, 0.6624468613559769, 0.08004618195738478, 0.17789775707073563, 0.922537986743749, 0.2095793155864708, 0.7498165709766121, 0.30428921820472543, 0.8437508796307414, 0.5267051910589022, 0.13686643955566424], BATTLES: 309-301-422-389-377-429-354-314-390-
2, 13, -3917.0, [0.3569327809025361, 0.47372206227570157, 0.1434643393590927, 0.681859802118455, 0.49172242234487207, 0.06424454542755043, 0.700535736343801, 0.814823308695701, 0.13965749721956183, 0.32319887368531397, 0.3079562008335067, 0.43672902490934884, 0.33843472499585825, 0.1400877382418628, 0.4538822674098758, 0.5728721933890051, 0.7266305734481678, 0.20152913597266497, 0.5444248544782729, 0.029219907573495296, 0.33382538217833213, 0.16955327751509375, 0.6251436047871817, 0.0012199385114398664, 0.8287961795128811, 0.9770059915116411, 0.7784585205621735, 0.6725501311348772, 0.18838839379880368, 0.495490091258471, 0.6068134730212658, 0.22345743959881023, 0.8591553401518695, 0.977501667204292, 0.37773426750297817, 0.06947562448927587, 0.3519313748814961, 0.7870895646476871, 0.47374822766922187, 0.10405858644124569, 0.702221384475532, 0.6758948572813599, 0.6987717389366681, 0.3738203143979393, 0.03835270886940617, 0.14231500813061138, 0.9936765684406821, 0.5925204171493116, 0.9958750089587652, 0.6099220406377062, 0.36582804123122004, 0.7457469099122376, 0.5227970580767519, 0.9736231937162114, 0.04406205254190931, 0.46759125434811527, 0.6518752490630618, 0.7122160924139981, 0.18541840762962902, 0.4845270797510405, 0.781105028440176, 0.6494633974286979, 0.09009402427651597], BATTLES: 412-406-425-526-468-453-389-372-466-
2, 14, -1576.0, [0.2426005707944473, 0.36262516979060894, 0.8020947003725052, 0.28218702972558934, 0.5472038416170435, 0.35969009380936884, 0.9957659128067776, 0.6436813902427784, 0.49778869968045647, 0.7302108819472718, 0.6223254694116195, 0.43320992465665287, 0.02217968879619933, 0.05021586913365758, 0.5025636169502615, 0.3136755273696631, 0.31967677222382473, 0.5649028694099837, 0.6184046016020778, 0.19264413401743702, 0.08917642903454484, 0.6632161949311888, 0.6668180934156659, 0.5538710221222043, 0.10705322720434907, 0.042275273730300156, 0.6934568214751633, 0.631920829191704, 0.13028177186789724, 0.9823123613897933, 0.4311416031856927, 0.4573714556444226, 0.5795105650869227, 0.7406609541981938, 0.5302573664061551, 0.5961097856236657, 0.3900108646467724, 0.6561631253850102, 0.35973347301207625, 0.6631446126837117, 0.6235725998105377, 0.03235724407079399, 0.49556348326489086, 0.6400687241488132, 0.43548685113452557, 0.5637046914147286, 0.4611782975652375, 0.8258759782813463, 0.38112698315417476, 0.787245204168752, 0.23641841974218153, 0.3821833443746977, 0.49380936353042737, 0.704695403785944, 0.6416511463932831, 0.8309850105091507, 0.5190264351533109, 0.8177982106449522, 0.3619812222324906, 0.6145112776757664, 0.2865131937261328, 0.6478499109385207, 0.7872975425647368], BATTLES: 32-4-22-81-20-47-48-10-21-
3, 0, -2713.0, [0.8542923909555764, 0.8734708120579875, 0.5322917763391389, 0.619711759924801, 0.29447665728769346, 0.2751485506948744, 0.42379893027634996, 0.3076680994186874, 0.40226634418905716, 0.5150193970682433, 0.3403449649199014, 0.3927321840438601, 0.5880439390971445, 0.8754999572318135, 0.8092487316058307, 0.794253292320775, 0.4189598024353514, 0.7217789870876741, 0.45565152286490956, 0.6051092289649644, 0.5642934745789652, 0.2815382184705124, 0.44480277103515015, 0.2085268957447413, 0.16126897391198625, 0.8950485126371184, 0.013188529974029028, 0.6775409269469558, 0.41861273423607753, 0.9692984364246469, 0.5675303579272812, 0.6279688882053319, 0.8302951733476746, 0.6796559655056862, 0.4022600599431693, 0.493694627890878, 0.10276978973616535, 0.46368917203519144, 0.24302968701699645, 0.18908669736278316, 0.6203736765125117, 0.8042325076490457, 0.6564336322548495, 0.40823401023358585, 0.23999673012761902, 0.18094686235398721, 0.8434671185837146, 0.36686075178255506, 0.6112887331227284, 0.12404858860035428, 0.5891983240566928, 0.6070454049265601, 0.4196219885333381, 0.5472968319195062, 0.033169159982371035, 0.1702362495513176, 0.6266509256756417, 0.5352068797904538, 0.42348199380847645, 0.7765366873505628, 0.731018139164263, 0.3964898774137419, 0.32157674482970255], BATTLES: 283-246-263-355-308-287-287-268-308-
3, 1, -2941.0, [0.5957232518598922, 0.4661506060656263, 0.38421258779903933, 0.6601502586717032, 0.9718278415620024, 0.09296625616872638, 0.5416075467249619, 0.9368198637464233, 0.5141111388981804, 0.47222021662854374, 0.6678240253676017, 0.6782047707244548, 0.4556235204353192, 0.1045838717194332, 0.9991365129316161, 0.40593012413250107, 0.469948769945985, 0.49156533346160625, 0.8099400494884991, 0.9203219868098258, 0.9172226537866648, 0.4402304507403227, 0.6499795176707479, 0.6098296872611544, 0.6650623316801602, 0.9639599999158639, 0.6404451009087448, 0.0648149360024931, 0.5389326454831672, 0.4762275666773739, 0.3643340681121668, 0.5031001131689042, 0.9575327737971416, 0.46724588691889535, 0.5983490061129199, 0.3115217752321426, 0.25217375133106756, 0.7224810861464118, 0.8957599778554876, 0.9217409031904975, 0.9377796927545118, 0.6895223570098082, 0.002117928578063588, 0.44944382897199686, 0.4336722377154523, 0.4255564428660987, 0.9409690881331678, 0.984177027483185, 0.7708718214508308, 0.9602613618740051, 0.41371603116709654, 0.9090475599521448, 0.3353826743309287, 0.8189208045002967, 0.6012482055847431, 0.523029709302611, 0.9677107381700853, 0.751361957926015, 0.32745062483543436, 0.5669187829728195, 0.7468339460319467, 0.3490314773141354, 0.5109848639679357], BATTLES: 340-260-387-364-312-400-191-157-274-
3, 2, -2809.0, [0.40684994218040355, 0.5331553707766261, 0.6592656398638619, 0.5829281993809972, 0.5157594501991729, 0.4882542676840508, 0.5176684200011616, 0.7647937454632138, 0.028385220478400086, 0.05957575972564233, 0.8380500414772543, 0.4889602984724966, 0.481975475553933, 0.4212433476488115, 0.7993443001132376, 0.7852333580881022, 0.2706064608422637, 0.3675984711345721, 0.5786855166824978, 0.4426615405079743, 0.36488479610363533, 0.450513582999693, 0.980179213306573, 0.5227647925765909, 0.6338820687749017, 0.7012649431742487, 0.5472068140140243, 0.31980465209787345, 0.36573211191722454, 0.6973350326013095, 0.7160088582537907, 0.3007380126114516, 0.44128793648934606, 0.8819354074939072, 0.3564538436235105, 0.15297041554064097, 0.4016252521957271, 0.17569489037170893, 0.6586872536276451, 0.3179382558626105, 0.06561471630665405, 0.9952559926998299, 0.5041910125158032, 0.04765135615007482, 0.330224192364334, 0.6095955100230344, 0.6121430638058993, 0.8503999088634016, 0.387961097824669, 0.6527285528272169, 0.4786777217405208, 0.33662314332908516, 0.5172730376512912, 0.5601056366090649, 0.45262788774369794, 0.989745520492743, 0.9671430462528906, 0.613369543468778, 0.040174204425094145, 0.6116122856674642, 0.6298075595789986, 0.4306656615288017, 0.6003825378725264], BATTLES: 234-213-330-274-200-304-176-172-214-
3, 3, -2986.0, [0.3995699888804609, 0.29999062724358927, 0.7023215768530021, 0.38447586132805683, 0.7998775513698665, 0.09567517385622726, 0.9128499326324284, 0.600346472016704, 0.2271055317568642, 0.6381008840575212, 0.24991450328683712, 0.4485505670628805, 0.05122703105519677, 0.11156556416301389, 0.8988334280046292, 0.6004742077252009, 0.4799825609379204, 0.3051512700505957, 0.43035860462305, 0.037533356527371387, 0.38276887656267594, 0.3437640166928273, 0.5810078922122917, 0.04114822167657284, 0.3232571582454372, 0.3971805901343194, 0.439715692126468, 0.8357775787398223, 0.2004647612808544, 0.48629410610563917, 0.46020093706477505, 0.13799122994734425, 0.8591951366153814, 0.9778736050150009, 0.34901332794950746, 0.4906550744509229, 0.21290137630130904, 0.05808751916423793, 0.5765859198249901, 0.2263175276578515, 0.9150974941116067, 0.27019461374079173, 0.3135307460766835, 0.2628611288766449, 0.05202884548906972, 0.3349836394745806, 0.4270580572431866, 0.7047410170904475, 0.4930299453237095, 0.6255942185481942, 0.05408440838043771, 0.28022394321492333, 0.5490919700861339, 0.8411370498762949, 0.2967678347789575, 0.6987302432962811, 0.6915935593081718, 0.9811463929964885, 0.0034831204372869073, 0.34203737563897213, 0.5825401893308383, 0.9777491085422441, 0.11382531160914977], BATTLES: 274-165-322-311-221-379-258-204-295-
3, 4, -1203.0, [0.007528352799334281, 0.35360485676239806, 0.7170701316638676, 0.5101896422832272, 0.6318087440640933, 0.666207461223687, 0.6874930744107669, 0.6099071927774692, 0.24633820904504644, 0.395024875630777, 0.6685871874352116, 0.2682412886610558, 0.4416947258684953, 0.18238668875480368, 0.652844939014228, 0.10645028797872136, 0.8585728502764538, 0.0677630284528617, 0.4424842085212094, 0.3925168584202717, 0.32673248869178195, 0.2745219627808548, 0.5821297652768694, 0.27920016528652836, 0.5487894856801626, 0.6129354463864775, 0.3198839779348593, 0.5917042588167932, 0.5085511808872621, 0.5392273974347839, 0.5901432266467754, 0.14405779439138627, 0.7521037049577904, 0.6700522975175865, 0.6757352736521983, 0.3035420491894164, 0.8730659953801393, 0.5151458735869839, 0.15290060258104587, 0.16588694763674727, 0.5213456329705716, 0.8372553926558385, 0.7702627070095653, 0.3803666729429019, 0.2594458758703517, 0.5809526613656721, 0.26380782225397326, 0.759726623070469, 0.8938431675281722, 0.37789154859614393, 0.13946036358785624, 0.06856461481285958, 0.12324935929813585, 0.5186037302474962, 0.07800745147185226, 0.2202705695124869, 0.9938617199446297, 0.22109753488098616, 0.3748404238758513, 0.759365374525159, 0.4928087812952412, 0.5543238842471361, 0.24928693833415433], BATTLES: 68-38-202-84-50-159-130-62-113-
3, 5, -2538.0, [0.15881803528034594, 0.4889194686642467, 0.2808118082441844, 0.4498203985771798, 0.5747633575318114, 0.501899060920314, 0.7226319296305515, 0.9868112795236441, 0.15182922593300352, 0.55406453109841, 0.42386096681775964, 0.6895833137011764, 0.22955978457172502, 0.35966792519936636, 0.33978633002955844, 0.3979681502360689, 0.7669575610833451, 0.07996141393870423, 0.9708723673206874, 0.30058929332159107, 0.10951311281023007, 0.5993500648824364, 0.68268794301722, 0.011650165661507006, 0.5244231548952306, 0.7827369841758167, 0.515296796387722, 0.41122883437513963, 0.4733549454655051, 0.6876926471301812, 0.9920132179071923, 0.0394886692140245, 0.33651801566602507, 0.7360247763386514, 0.1462332508669718, 0.1525765141858625, 0.6994883799571198, 0.9611642157956972, 0.6417766000155826, 0.5301409060407207, 0.45734636147214, 0.9411806461848846, 0.6015128082699127, 0.32259717529999327, 0.5959583420460819, 0.4376560561075564, 0.8050398725481863, 0.5050101938359663, 0.6824009932287587, 0.7823871870714494, 0.929849167961387, 0.7764401515747252, 0.8908397207827702, 0.8543540942689403, 0.5714801760616226, 0.5762826380718908, 0.4672144444132087, 0.3836937455968429, 0.22177106411445324, 0.8008421182481187, 0.9272504594999758, 0.5761034031582433, 0.08231416640254419], BATTLES: 262-226-348-343-282-359-210-180-259-
3, 6, -2682.0, [0.18986905498021178, 0.2750492081677781, 0.009312838313922933, 0.519671180894069, 0.23291508845347497, 0.9601414617582762, 0.23428706657668763, 0.7421559571835684, 0.5389411197820505, 0.8480708486751526, 0.725722113128191, 0.6165423289322849, 0.05467107480020905, 0.3029458764554328, 0.012214702590485738, 0.3747457921189733, 0.5620854860526011, 0.4707419618774634, 0.8289260111999861, 0.9424415196396393, 0.5073122587171929, 0.529550424563745, 0.8245701683235568, 0.05110863440761537, 0.5829558295035454, 0.8412255706016398, 0.59760761516797, 0.05772471149890834, 0.33610725906254757, 0.9706995553671053, 0.3848556691814504, 0.325037565155086, 0.17093536753617455, 0.5722480801416939, 0.23002664334841694, 0.5867231954920312, 0.7477368544800084, 0.9531073967510902, 0.7733014160991006, 0.2597925474339008, 0.1779175370031293, 0.6336009768556101, 0.5953322012163994, 0.9566477180077045, 0.7173635775482633, 0.41841017781493695, 0.8971897545942183, 0.5451226653715969, 0.343131083640807, 0.8923195150610888, 0.6574800006965416, 0.7427444724089066, 0.9835086488969149, 0.9667062038478187, 0.9334392324181331, 0.37666205697100574, 0.9672004045615692, 0.8457317799251827, 0.37142561478660197, 0.46049895144311337, 0.8954064870192704, 0.5028121002526393, 0.03834434964836819], BATTLES: 250-202-324-337-283-362-313-294-317-
3, 7, -2364.0, [0.08372821057561441, 0.6505467768684484, 0.3040497519638146, 0.7219363123566731, 0.919478914978704, 0.22422908406552344, 0.3500994334162329, 0.934974503291585, 0.5758737815510081, 0.5734899544738993, 0.3178382993528345, 0.9818873064819444, 0.2673485824898234, 0.22484820117763693, 0.19463785703994546, 0.13137272541451783, 0.43327500241827266, 0.22398203686954826, 0.5200373481433554, 0.5041932672819227, 0.7097900487628837, 0.23728843558120505, 0.143547383647524, 0.49190259760512867, 0.911745461432816, 0.6923300630970889, 0.9896835362160051, 0.808762698105323, 0.8819973101614046, 0.5141856788782542, 0.9454747798218253, 0.570438612682429, 0.05252910479180534, 0.19130230525280323, 0.7290111088840115, 0.19584810263372932, 0.6869836885149827, 0.5176100584357397, 0.6623029260886072, 0.6859446671502543, 0.8715746235966673, 0.11993991582444022, 0.29026322715089015, 0.12148131401895762, 0.8505076611564542, 0.5804111687239896, 0.6434739776499195, 0.46231574366492867, 0.9490366379111917, 0.7028937167511673, 0.6257803749555795, 0.9916977906339715, 0.6880267217834223, 0.6946140908784856, 0.8988369033556063, 0.7036225688320712, 0.553086966775146, 0.49333179512906356, 0.50877851289375, 0.6295104889008498, 0.5732282801616859, 0.41854381378888456, 0.2664276907178853], BATTLES: 245-179-299-342-278-388-170-187-276-
3, 8, -3408.0, [0.96549405441882, 0.8417802818202935, 0.32177022213321527, 0.3559333979358956, 0.8266375759518733, 0.23515716243145213, 0.5097118689019385, 0.28922418241965997, 0.7748832568211704, 0.2361657878949865, 0.5714797311314599, 0.6509036672945845, 0.6272069824549577, 0.2959942220652714, 0.9869930676253321, 0.46388904342755766, 0.3288623872417413, 0.5677345762881258, 0.3180827900253646, 0.14783977665197656, 0.3764759848767658, 0.6588672135871607, 0.904688364173259, 0.06558746722618354, 0.5578879226804503, 0.7875929141182594, 0.037530312510564545, 0.07656879135337435, 0.566879768246928, 0.853796819598216, 0.6580243670909582, 0.6301874546725195, 0.7965622178667688, 0.5606076268635609, 0.4325041522611675, 0.5390518324860735, 0.16685857135500637, 0.5584850950342052, 0.4964277864930995, 0.6459655794503897, 0.7140937100157969, 0.7043155978782981, 0.5957866046468177, 0.5887614996925209, 0.17386935056520914, 0.012206371992265319, 0.4864359763949718, 0.813937688632397, 0.8807931076539597, 0.5508094881716332, 0.22596134604747398, 0.4141372871194564, 0.38190976827284895, 0.7006545929012956, 0.2917534890526924, 0.6003503376473308, 0.7898018421330903, 0.703189937954628, 0.37577362896834643, 0.6784206258416476, 0.5215515775536363, 0.5585932982695773, 0.38360135970924814], BATTLES: 365-256-334-362-275-370-345-279-346-
3, 9, -2821.0, [0.5534071114379865, 0.23576292189178386, 0.2289185943387726, 0.720334897836696, 0.46049142924119807, 0.14860149214074792, 0.45858418729747297, 0.8674396082737932, 0.5700455251552415, 0.29539660328152223, 0.4270647990056834, 0.9328873838704904, 0.7204165462095016, 0.8108679168802525, 0.9231393547201832, 0.39264561601164066, 0.03730138708599762, 0.27351452865595666, 0.559758447117601, 0.30305262424883284, 0.7306172819626771, 0.34307991991673453, 0.4627904339893807, 0.740735271601419, 0.5845703167677978, 0.4460689799016205, 0.2320168492981064, 0.3533805653117059, 0.5208525324355543, 0.3606983592963926, 0.06313471378178592, 0.27376880332433184, 0.44825419312715525, 0.5247481444677625, 0.26886825855305974, 0.2705582664421118, 0.21967020782083346, 0.33414969788365106, 0.009415509695142654, 0.8472895639866301, 0.7348752131533515, 0.6342587124251942, 0.15071722794280518, 0.26469146860723314, 0.2338606023313028, 0.38743030515025945, 0.5274125155756637, 0.8014920141066523, 0.7926223470560516, 0.6975505898085888, 0.7881595224186255, 0.7439259891506635, 0.333064728745722, 0.3105965401637337, 0.49363854439538196, 0.5802553571296645, 0.7051061480747731, 0.68227301825917, 0.06614100406456302, 0.34710682520551084, 0.8178049063581403, 0.5714988097521254, 0.5212103452349595], BATTLES: 343-258-347-323-267-376-169-130-235-
3, 10, -3726.0, [0.4703375030384014, 0.9105093231581269, 0.20277691194489045, 0.8036124522238858, 0.9058909628955829, 0.045270840153359554, 0.5878939437717399, 0.7989658805550836, 0.35108666323112747, 0.5760690677961272, 0.6639496639554742, 0.6616469225545781, 0.054240295866789134, 0.016332404308608717, 0.8232928224729092, 0.8816936080126081, 0.7415455825324632, 0.3833026953895033, 0.45565871035497557, 0.05154468011296956, 0.1596734351818083, 0.08977900281933811, 0.380718722486389, 0.13776917380837028, 0.8521798336475497, 0.701495311289407, 0.33907222564156864, 0.6703526117787264, 0.1857065401875661, 0.8276224682183873, 0.6645961017767261, 0.4016447860283251, 0.941888910390626, 0.5541225451448666, 0.5137054611423544, 0.16215479113942965, 0.4790023909247354, 0.6293619576571794, 0.38880095988195146, 0.4441555991411118, 0.8702433495086652, 0.7002549282764546, 0.7528044141287528, 0.27032901640705376, 0.16511295724876562, 0.23509650222515582, 0.7367407026222391, 0.7085052541529815, 0.7459656642680559, 0.5196146992280102, 0.21108485789888023, 0.9053579250013002, 0.3270146827550785, 0.8208726219234707, 0.18976094512371444, 0.14318859276198687, 0.8095360637825815, 0.4368216138496053, 0.5252429315216384, 0.8797099938162303, 0.8427746741747819, 0.5793243327536644, 0.08939830468612889], BATTLES: 399-377-431-493-440-460-363-317-418-
3, 11, -2748.0, [0.12152967207997928, 0.6769794177803486, 0.3895542482032636, 0.47626969429426147, 0.6293451724847333, 0.37177520646259155, 0.8226475788811752, 0.6586702624946055, 0.9500367204136736, 0.5030718173973211, 0.6622387676579122, 0.6103401387054501, 0.47228601071568144, 0.45602571025613525, 0.20328900830245722, 0.40404841220871845, 0.04882631526118314, 0.29837040942868875, 0.7021266582999897, 0.12319089803032301, 0.7040388167939295, 0.8940348639866249, 0.5360152721159682, 0.6163542821770746, 0.635510966066045, 0.7754894440883155, 0.8683514368757613, 0.25788270669042623, 0.22929746441579568, 0.8947430989173111, 0.6823352326980083, 0.22496677517896502, 0.3084165855152624, 0.3394898606889173, 0.556207198049452, 0.4408185705085013, 0.08379674109303303, 0.9429056152446947, 0.5679665118400665, 0.6919220684622838, 0.5726841852352748, 0.07232942599030556, 0.017696434115859305, 0.6934781674742304, 0.5329901463959028, 0.2193976933073154, 0.6483663395220541, 0.9011451236789528, 0.39229148387903046, 0.9683093593019418, 0.14334151963525965, 0.9642569596079991, 0.13349278034937617, 0.37030749184062584, 0.5920198862888566, 0.15958289235737577, 0.45689915881745424, 0.3555107271878469, 0.05899796439524696, 0.48909895681403026, 0.9412301571420202, 0.6650963710959504, 0.4291312178518138], BATTLES: 352-245-405-331-289-390-229-193-314-
3, 12, -2861.0, [0.5952762422198628, 0.6705786414759068, 0.3347669214831498, 0.9093156328233092, 0.6767957816427849, 0.48550283642221925, 0.28506440921767473, 0.8676813295858821, 0.5589833911043531, 0.9373043292588512, 0.4957972852216258, 0.47832408936666637, 0.13801016053650728, 0.20305493200361505, 0.18936204589460948, 0.731832940377596, 0.636435710655898, 0.5968590985691253, 0.5365934354639335, 0.03561999005495986, 0.9717561693718374, 0.027757157539807675, 0.12546594848076076, 0.20925091235983784, 0.46231439050805856, 0.6439959388530052, 0.14658033888717437, 0.6683198908676327, 0.19239924157098998, 0.13554281730444662, 0.5046065461639941, 0.586436277592301, 0.9224148026634701, 0.13641263865375197, 0.6377439421237987, 0.25756078770053886, 0.6235275363844299, 0.4640493349338164, 0.3829396957668906, 0.22698006290905004, 0.862135990856503, 0.6823017740787151, 0.1526189686695143, 0.8851143624693739, 0.4181483591096319, 0.4048926143548886, 0.7682501823204738, 0.45064886441880325, 0.4691953831064717, 0.2890974611439123, 0.0862520390228998, 0.5871847191097389, 0.1708947600690306, 0.6624468613559769, 0.08004618195738478, 0.17789775707073563, 0.922537986743749, 0.2095793155864708, 0.7498165709766121, 0.30428921820472543, 0.8437508796307414, 0.5267051910589022, 0.13686643955566424], BATTLES: 271-222-376-377-323-405-289-268-330-
3, 13, -3478.0, [0.3569327809025361, 0.47372206227570157, 0.1434643393590927, 0.681859802118455, 0.49172242234487207, 0.06424454542755043, 0.700535736343801, 0.814823308695701, 0.13965749721956183, 0.32319887368531397, 0.3079562008335067, 0.43672902490934884, 0.33843472499585825, 0.1400877382418628, 0.4538822674098758, 0.5728721933890051, 0.7266305734481678, 0.20152913597266497, 0.5444248544782729, 0.029219907573495296, 0.33382538217833213, 0.16955327751509375, 0.6251436047871817, 0.0012199385114398664, 0.8287961795128811, 0.9770059915116411, 0.7784585205621735, 0.6725501311348772, 0.18838839379880368, 0.495490091258471, 0.6068134730212658, 0.22345743959881023, 0.8591553401518695, 0.977501667204292, 0.37773426750297817, 0.06947562448927587, 0.3519313748814961, 0.7870895646476871, 0.47374822766922187, 0.10405858644124569, 0.702221384475532, 0.6758948572813599, 0.6987717389366681, 0.3738203143979393, 0.03835270886940617, 0.14231500813061138, 0.9936765684406821, 0.5925204171493116, 0.9958750089587652, 0.6099220406377062, 0.36582804123122004, 0.7457469099122376, 0.5227970580767519, 0.9736231937162114, 0.04406205254190931, 0.46759125434811527, 0.6518752490630618, 0.7122160924139981, 0.18541840762962902, 0.4845270797510405, 0.781105028440176, 0.6494633974286979, 0.09009402427651597], BATTLES: 364-335-368-485-412-408-342-340-424-
3, 14, -2476.0, [0.2426005707944473, 0.36637691267135597, 0.8020947003725052, 0.28218702972558934, 0.5472038416170435, 0.35969009380936884, 0.9957659128067776, 0.6436813902427784, 0.49778869968045647, 0.7302108819472718, 0.6223254694116195, 0.27115721776594903, 0.6123061196817081, 0.05021586913365758, 0.5025636169502615, 0.3136755273696631, 0.31967677222382473, 0.3104830711768388, 0.513632575873337, 0.24405994907416895, 0.08917642903454484, 0.20322532518913097, 0.7223533529047268, 0.6048453583251894, 0.8313284727425819, 0.8045632031356762, 0.6934568214751633, 0.631920829191704, 0.13028177186789724, 0.9823123613897933, 0.4311416031856927, 0.4573714556444226, 0.1282061685715088, 0.7406609541981938, 0.5302573664061551, 0.5961097856236657, 0.1923823099655223, 0.6561631253850102, 0.35973347301207625, 0.3174718306971875, 0.6235725998105377, 0.03235724407079399, 0.4812875120636092, 0.6400687241488132, 0.31221384525770823, 0.5637046914147286, 0.4611782975652375, 0.46308862719305277, 0.38112698315417476, 0.762776067859777, 0.31638738709447195, 0.6910916721873488, 0.383658600695831, 0.7482777345350617, 0.6416511463932831, 0.8309850105091507, 0.6370883634775126, 0.8177982106449522, 0.15903529352979376, 0.4540115512364392, 0.6449404036927082, 0.6478499109385207, 0.7872975425647368], BATTLES: 60-47-207-121-109-257-88-72-79-
4, 0, -2627.0, [0.8542923909555764, 0.9713977195159781, 0.26614588816956947, 0.6898993638615302, 0.6465235478752455, 0.05118146425288811, 0.7964994205611533, 0.3076680994186874, 0.40226634418905716, 0.6400688693577085, 0.5897741958780938, 0.7347274365064591, 0.5880439390971445, 0.38444078100233015, 0.6393558597258171, 0.794253292320775, 0.7094799012176757, 0.7217789870876741, 0.7558730754313356, 0.015337446432418356, 0.5642934745789652, 0.09024050346433708, 0.605110568908612, 0.016308568831779113, 0.5399835760397673, 0.8815533875199065, 0.013188529974029028, 0.6775409269469558, 0.2662833691354835, 0.9731559432020864, 0.5675303579272812, 0.6279688882053319, 0.657574242868799, 0.5075632582353357, 0.16473032226743106, 0.15598595705347473, 0.17408944208022767, 0.46368917203519144, 0.3584705230811214, 0.18908669736278316, 0.6203736765125117, 0.8966703568573624, 0.6564336322548495, 0.2970564610005716, 0.2412369545947007, 0.18094686235398721, 0.8434671185837146, 0.36686075178255506, 0.5676725645764026, 0.12404858860035428, 0.5891983240566928, 0.8035227024632801, 0.8031311590118297, 0.8935013268406179, 0.3581982492678542, 0.1702362495513176, 0.8707658118640668, 0.5716899973415053, 0.42348199380847645, 0.7765366873505628, 0.731018139164263, 0.7521702886697339, 0.11798919682828199], BATTLES: 263-198-264-339-251-306-320-274-241-
4, 1, -2714.0, [0.5957232518598922, 0.4661506060656263, 0.38421258779903933, 0.6601502586717032, 0.9718278415620024, 0.09296625616872638, 0.5416075467249619, 0.9368198637464233, 0.5141111388981804, 0.47222021662854374, 0.6678240253676017, 0.6782047707244548, 0.4556235204353192, 0.1045838717194332, 0.9991365129316161, 0.40593012413250107, 0.469948769945985, 0.49156533346160625, 0.8099400494884991, 0.9203219868098258, 0.9172226537866648, 0.4402304507403227, 0.6499795176707479, 0.6098296872611544, 0.6650623316801602, 0.9639599999158639, 0.6404451009087448, 0.0648149360024931, 0.5389326454831672, 0.4762275666773739, 0.3643340681121668, 0.5031001131689042, 0.9575327737971416, 0.46724588691889535, 0.5983490061129199, 0.3115217752321426, 0.25217375133106756, 0.7224810861464118, 0.8957599778554876, 0.9217409031904975, 0.9377796927545118, 0.6895223570098082, 0.002117928578063588, 0.44944382897199686, 0.4336722377154523, 0.4255564428660987, 0.9409690881331678, 0.984177027483185, 0.7708718214508308, 0.9602613618740051, 0.41371603116709654, 0.9090475599521448, 0.3353826743309287, 0.8189208045002967, 0.6012482055847431, 0.523029709302611, 0.9677107381700853, 0.751361957926015, 0.32745062483543436, 0.5669187829728195, 0.7468339460319467, 0.3490314773141354, 0.5109848639679357], BATTLES: 352-246-386-389-313-426-190-130-282-
4, 2, -2854.0, [0.2287522302695108, 0.5331553707766261, 0.2862954137243803, 0.5829281993809972, 0.5157594501991729, 0.11585548267480655, 0.49841019579565776, 0.7647937454632138, 0.028385220478400086, 0.3069823805874703, 0.8380500414772543, 0.4889602984724966, 0.2409877377769665, 0.21062167382440575, 0.8240070434694352, 0.7852333580881022, 0.5786826570864766, 0.3675984711345721, 0.6524994377282523, 0.16782074991169227, 0.18244239805181767, 0.450513582999693, 0.980179213306573, 0.2946798469246476, 0.8169410343874508, 0.7012649431742487, 0.6512495954516972, 0.31980465209787345, 0.20067808871952353, 0.7722050700383699, 0.9387900176851378, 0.3007380126114516, 0.9495352801251422, 0.7057767777541976, 0.4505676010609671, 0.15297041554064097, 0.6110371705289216, 0.7793326958504176, 0.6586872536276451, 0.32006299376285124, 0.06561471630665405, 0.9952559926998299, 0.5041910125158032, 0.2267364617197743, 0.330224192364334, 0.6095955100230344, 0.6121430638058993, 0.8503999088634016, 0.387961097824669, 0.5728651849247456, 0.5023763786156077, 0.33662314332908516, 0.5172730376512912, 0.8564630911149874, 0.45262788774369794, 0.7289325835782602, 0.9297605037126861, 0.5553073726738902, 0.2792348300140301, 0.6116122856674642, 0.875381777540691, 0.4058054686545317, 0.6003825378725264], BATTLES: 342-289-369-329-237-348-189-158-248-
4, 3, -3085.0, [0.37772000909047454, 0.29999062724358927, 0.7023215768530021, 0.38447586132805683, 0.7998775513698665, 0.09567517385622726, 0.9128499326324284, 0.6788532007998545, 0.18716095954228673, 0.9503200905002032, 0.48233875568780427, 0.4485505670628805, 0.05122703105519677, 0.11156556416301389, 0.5793295508539313, 0.8453994100723277, 0.8197700955456717, 0.45310251553319825, 0.42710491996118904, 0.018766678263685693, 0.38276887656267594, 0.3437640166928273, 0.36876787600926897, 0.04114822167657284, 0.5259469691290564, 0.5954563989530721, 0.3662547282411644, 0.9789137044596753, 0.0649711476983976, 0.5524963879588088, 0.7151773882645949, 0.13799122994734425, 0.8591951366153814, 0.9778736050150009, 0.34901332794950746, 0.4906550744509229, 0.4773886493251606, 0.44916509351700695, 0.5765859198249901, 0.06742918487368388, 0.9150974941116067, 0.27019461374079173, 0.4876987103683211, 0.2628611288766449, 0.11719317907164965, 0.3291598585009105, 0.6443933849968905, 0.5394094336566816, 0.5224625691738065, 0.6255942185481942, 0.05408440838043771, 0.44507806529158744, 0.5490919700861339, 0.8411370498762949, 0.2967678347789575, 0.3452050784866772, 0.6915935593081718, 0.9811463929964885, 0.0034831204372869073, 0.5024325906168904, 0.5825401893308383, 0.9777491085422441, 0.056912655804574885], BATTLES: 318-253-345-411-320-407-258-195-293-
4, 4, -1286.0, [0.007528352799334281, 0.4582343983235638, 0.7170701316638676, 0.5364986316776513, 0.6318087440640933, 0.666207461223687, 0.6874930744107669, 0.6554254641914449, 0.24633820904504644, 0.19176786227636614, 0.6685871874352116, 0.2682412886610558, 0.4416947258684953, 0.18238668875480368, 0.652844939014228, 0.6056923770616871, 0.8585728502764538, 0.0677630284528617, 0.4424842085212094, 0.3925168584202717, 0.32673248869178195, 0.2745219627808548, 0.5821297652768694, 0.27920016528652836, 0.5634374881551201, 0.6129354463864775, 0.3198839779348593, 0.5917042588167932, 0.17978273894038277, 0.15828255849928224, 0.5901432266467754, 0.0664131603186918, 0.7521037049577904, 0.8350261487587933, 0.6757352736521983, 0.3035420491894164, 0.8730659953801393, 0.5151458735869839, 0.15290060258104587, 0.16588694763674727, 0.5213456329705716, 0.8372553926558385, 0.7702627070095653, 0.3803666729429019, 0.2594458758703517, 0.5809526613656721, 0.26380782225397326, 0.759726623070469, 0.8938431675281722, 0.3528664837530695, 0.13946036358785624, 0.2233983051295203, 0.09809866311716131, 0.5186037302474962, 0.03900372573592613, 0.2202705695124869, 0.5483969589111065, 0.6730105362545882, 0.3748404238758513, 0.759365374525159, 0.4750866146072379, 0.5543238842471361, 0.24928693833415433], BATTLES: 90-37-175-99-67-126-176-85-138-
4, 5, -2285.0, [0.15881803528034594, 0.4889194686642467, 0.2808118082441844, 0.4498203985771798, 0.5747633575318114, 0.501899060920314, 0.7226319296305515, 0.9868112795236441, 0.15182922593300352, 0.55406453109841, 0.42386096681775964, 0.6895833137011764, 0.22955978457172502, 0.35966792519936636, 0.33978633002955844, 0.3979681502360689, 0.7669575610833451, 0.07996141393870423, 0.9708723673206874, 0.30058929332159107, 0.10951311281023007, 0.5993500648824364, 0.68268794301722, 0.011650165661507006, 0.5244231548952306, 0.7827369841758167, 0.515296796387722, 0.41122883437513963, 0.4733549454655051, 0.6876926471301812, 0.9920132179071923, 0.0394886692140245, 0.33651801566602507, 0.7360247763386514, 0.1462332508669718, 0.1525765141858625, 0.6994883799571198, 0.9611642157956972, 0.6417766000155826, 0.5301409060407207, 0.45734636147214, 0.9411806461848846, 0.6015128082699127, 0.32259717529999327, 0.5959583420460819, 0.4376560561075564, 0.8050398725481863, 0.5050101938359663, 0.6824009932287587, 0.7823871870714494, 0.929849167961387, 0.7764401515747252, 0.8908397207827702, 0.8543540942689403, 0.5714801760616226, 0.5762826380718908, 0.4672144444132087, 0.3836937455968429, 0.22177106411445324, 0.8008421182481187, 0.9272504594999758, 0.5761034031582433, 0.08231416640254419], BATTLES: 238-207-338-332-241-339-195-154-241-
4, 6, -2723.0, [0.3043632764142946, 0.2750492081677781, 0.009312838313922933, 0.8482804711990112, 0.7810109814808068, 0.9601414617582762, 0.4222575840355478, 0.7421559571835684, 0.5032032956211088, 0.8480708486751526, 0.725722113128191, 0.7294218164313162, 0.027335537400104526, 0.1514729382277164, 0.5684684565843918, 0.3747457921189733, 0.5620854860526011, 0.4707419618774634, 0.6162997541095889, 0.27216163799013376, 0.14771742897858303, 0.15776929209677143, 0.44769529641973127, 0.05110863440761537, 0.776041915194158, 0.8167810421864816, 0.5487124778670929, 0.43342336569293927, 0.26271130948818644, 0.9706995553671053, 0.3848556691814504, 0.26873737838575873, 0.824385206098778, 0.5722480801416939, 0.3336504881863042, 0.30460564503671067, 0.7477368544800084, 0.9941261015401925, 0.7733014160991006, 0.2597925474339008, 0.764467129677145, 0.7421526003148684, 0.5953322012163994, 0.7768228962287457, 0.38225483572879143, 0.33506874375295936, 0.9950017371889879, 0.5451226653715969, 0.6455901430934461, 0.8923195150610888, 0.511883108481486, 0.8295202301339922, 0.6808963999588346, 0.9667062038478187, 0.42706311256054585, 0.17974281829652958, 0.9672004045615692, 0.7393775921313612, 0.37142561478660197, 0.6246812934021562, 0.8954064870192704, 0.7329395142897244, 0.019172174824184096], BATTLES: 219-186-319-316-240-318-277-230-275-
4, 7, -2328.0, [0.08372821057561441, 0.794500780491782, 0.3040497519638146, 0.7219363123566731, 0.919478914978704, 0.22422908406552344, 0.37176539667265335, 0.934974503291585, 0.5758737815510081, 0.5734899544738993, 0.3178382993528345, 0.9818873064819444, 0.27043671184324514, 0.15485860498917864, 0.19463785703994546, 0.13137272541451783, 0.43327500241827266, 0.22398203686954826, 0.41464412844210496, 0.05870399158716855, 0.7097900487628837, 0.14646328180661017, 0.143547383647524, 0.49190259760512867, 0.911745461432816, 0.6923300630970889, 0.9896835362160051, 0.7798819715308822, 0.5247588809078344, 0.5141856788782542, 0.9454747798218253, 0.570438612682429, 0.2831045961563362, 0.6124984694527972, 0.7290111088840115, 0.1704838370989569, 0.5368627425050088, 0.6768108712894375, 0.4523577296056587, 0.6859446671502543, 0.8715746235966673, 0.11993991582444022, 0.29026322715089015, 0.12148131401895762, 0.48458089415515593, 0.24350497754455683, 0.8301350533817045, 0.46231574366492867, 0.9745183189555959, 0.7028937167511673, 0.49380455624429737, 0.9288279473035741, 0.645635855843986, 0.6946140908784856, 0.8988369033556063, 0.7036225688320712, 0.553086966775146, 0.49333179512906356, 0.4539578664424527, 0.6295104889008498, 0.5732282801616859, 0.6888252284501961, 0.2664276907178853], BATTLES: 233-136-264-321-247-390-189-140-215-
4, 8, -3222.0, [0.93256680271466, 0.8417802818202935, 0.16088511106660763, 0.6375329238332512, 0.5949833185802837, 0.23515716243145213, 0.5097118689019385, 0.28922418241965997, 0.7748832568211704, 0.2295495109492342, 0.49535062327941887, 0.8411326015203078, 0.6272069824549577, 0.2959942220652714, 0.9869930676253321, 0.6714770963062523, 0.5243906696558647, 0.4834477973782796, 0.4985851282331566, 0.14783977665197656, 0.6698198043030551, 0.19107930674619486, 0.8242049480083226, 0.06558746722618354, 0.5578879226804503, 0.7994366943799489, 0.21254891704344023, 0.139405771202246, 0.3745194093954411, 0.853796819598216, 0.35428454443807755, 0.6301874546725195, 0.6698297490226145, 0.5754550577329425, 0.4325041522611675, 0.5390518324860735, 0.08342928567750318, 0.4025391623453071, 0.1824894552482077, 0.6459655794503897, 0.7140937100157969, 0.7043155978782981, 0.42157535389714806, 0.4150880422677825, 0.17386935056520914, 0.012206371992265319, 0.4864359763949718, 0.650926515625216, 0.8880743614192326, 0.5508094881716332, 0.22596134604747398, 0.943101186319037, 0.38190976827284895, 0.7006545929012956, 0.3389950580002658, 0.34415668392394294, 0.7898018421330903, 0.9501878082699806, 0.028599725278926263, 0.3406748812943682, 0.8286166507789562, 0.5585932982695773, 0.38360135970924814], BATTLES: 338-249-344-384-316-381-399-349-376-
4, 9, -2796.0, [0.7548677451871885, 0.23576292189178386, 0.2289185943387726, 0.720334897836696, 0.6394925745519141, 0.022883641138423727, 0.45858418729747297, 0.5847622555444776, 0.5700455251552415, 0.26643990419530905, 0.3927214145626056, 0.6909512762563486, 0.47080760872595917, 0.48438116531380326, 0.9231393547201832, 0.6632229704080979, 0.03730138708599762, 0.41735251786507865, 0.28663557118747984, 0.15152631212441642, 0.4271372312590952, 0.34307991991673453, 0.4627904339893807, 0.740735271601419, 0.5845703167677978, 0.6130328437166527, 0.2320168492981064, 0.3533805653117059, 0.5208525324355543, 0.3606983592963926, 0.06313471378178592, 0.27376880332433184, 0.7241270965635777, 0.5532780521315599, 0.26886825855305974, 0.2705582664421118, 0.21967020782083346, 0.33414969788365106, 0.009415509695142654, 0.7942376282647619, 0.8258275838371765, 0.6342587124251942, 0.15071722794280518, 0.5203077104643573, 0.18578230969790607, 0.20399122109417084, 0.5274125155756637, 0.8014920141066523, 0.7926223470560516, 0.6258119534931641, 0.5520792902736641, 0.5826992333744585, 0.33507253436720985, 0.3105965401637337, 0.37340017948917037, 0.66275008940241, 0.7051061480747731, 0.9202230409460924, 0.06614100406456302, 0.34710682520551084, 0.6064663260875118, 0.5714988097521254, 0.5212103452349595], BATTLES: 388-264-368-398-322-384-171-133-242-
4, 10, -3510.0, [0.4703375030384014, 0.9105093231581269, 0.20277691194489045, 0.8036124522238858, 0.9058909628955829, 0.045270840153359554, 0.5878939437717399, 0.7989658805550836, 0.35108666323112747, 0.5760690677961272, 0.6639496639554742, 0.6616469225545781, 0.054240295866789134, 0.016332404308608717, 0.8232928224729092, 0.8816936080126081, 0.7415455825324632, 0.3833026953895033, 0.45565871035497557, 0.05154468011296956, 0.1596734351818083, 0.08977900281933811, 0.380718722486389, 0.13776917380837028, 0.8521798336475497, 0.701495311289407, 0.33907222564156864, 0.6703526117787264, 0.1857065401875661, 0.8276224682183873, 0.6645961017767261, 0.4016447860283251, 0.941888910390626, 0.5541225451448666, 0.5137054611423544, 0.16215479113942965, 0.4790023909247354, 0.6293619576571794, 0.38880095988195146, 0.4441555991411118, 0.8702433495086652, 0.7002549282764546, 0.7528044141287528, 0.27032901640705376, 0.16511295724876562, 0.23509650222515582, 0.7367407026222391, 0.7085052541529815, 0.7459656642680559, 0.5196146992280102, 0.21108485789888023, 0.9053579250013002, 0.3270146827550785, 0.8208726219234707, 0.18976094512371444, 0.14318859276198687, 0.8095360637825815, 0.4368216138496053, 0.5252429315216384, 0.8797099938162303, 0.8427746741747819, 0.5793243327536644, 0.08939830468612889], BATTLES: 390-349-399-458-445-456-314-304-395-
4, 11, -2805.0, [0.10713467509917177, 0.6769794177803486, 0.3895542482032636, 0.47626969429426147, 0.8146725862423667, 0.37177520646259155, 0.8226475788811752, 0.8293351312473027, 0.7967723303645123, 0.8104789899754735, 0.54085099950784, 0.6103401387054501, 0.23614300535784072, 0.22801285512806763, 0.20328900830245722, 0.30672961076075655, 0.04882631526118314, 0.29837040942868875, 0.508017964738493, 0.12319089803032301, 0.7040388167939295, 0.25019037365743113, 0.03319813972232538, 0.15601964618304265, 0.9115322155172213, 0.7754894440883155, 0.9341757184378807, 0.7533180542417064, 0.5693776079436426, 0.7241292697943873, 0.6823352326980083, 0.2940995255433818, 0.3084165855152624, 0.3394898606889173, 0.6410290964284777, 0.14236846437812728, 0.08379674109303303, 0.9446370994321867, 0.5679665118400665, 0.6511177747811792, 0.5726841852352748, 0.07232942599030556, 0.3852361480026426, 0.5031567256668701, 0.5329901463959028, 0.2193976933073154, 0.8721392120419622, 0.9011451236789528, 0.39229148387903046, 0.6639121074178692, 0.4510954293826652, 0.9821284798039995, 0.37578555616536385, 0.8348961881374222, 0.5920198862888566, 0.15958289235737577, 0.45689915881745424, 0.5075516061717713, 0.05899796439524696, 0.48909895681403026, 0.9412301571420202, 0.6650963710959504, 0.4291312178518138], BATTLES: 328-222-383-307-241-383-196-185-266-
4, 12, -3384.0, [0.5910538355921887, 0.6705786414759068, 0.3347669214831498, 0.9093156328233092, 0.7459105593585938, 0.19263325402864376, 0.2880896759894818, 0.8676813295858821, 0.5589833911043531, 0.9373043292588512, 0.43758906644568024, 0.5527049365438653, 0.13801016053650728, 0.16449916509037105, 0.4223469406205453, 0.731832940377596, 0.636435710655898, 0.5968590985691253, 0.4749227522693373, 0.03561999005495986, 0.9717561693718374, 0.027757157539807675, 0.21049040478170844, 0.10462545617991892, 0.46231439050805856, 0.6439959388530052, 0.25704915935505623, 0.6853034306103429, 0.19239924157098998, 0.13554281730444662, 0.5046065461639941, 0.586436277592301, 0.9612074013317351, 0.3969859944418898, 0.5276461486056125, 0.25756078770053886, 0.5508335366146503, 0.4640493349338164, 0.3829396957668906, 0.22698006290905004, 0.8966731812983255, 0.6823017740787151, 0.4724460171620602, 0.8851143624693739, 0.15931908770158112, 0.16954448081619233, 0.7682501823204738, 0.45064886441880325, 0.8241044001832243, 0.2890974611439123, 0.18746469377612107, 0.5871847191097389, 0.1708947600690306, 0.6624468613559769, 0.04002309097869239, 0.17789775707073563, 0.9304389356121591, 0.25801162995984256, 0.7498165709766121, 0.481615310918204, 0.8437508796307414, 0.5267051910589022, 0.06843321977783212], BATTLES: 263-189-356-325-257-373-268-233-292-
4, 13, -3252.0, [0.3569327809025361, 0.47372206227570157, 0.1434643393590927, 0.681859802118455, 0.49172242234487207, 0.06424454542755043, 0.700535736343801, 0.814823308695701, 0.13965749721956183, 0.32319887368531397, 0.3079562008335067, 0.43672902490934884, 0.33843472499585825, 0.1400877382418628, 0.4538822674098758, 0.5728721933890051, 0.7266305734481678, 0.20152913597266497, 0.5444248544782729, 0.029219907573495296, 0.33382538217833213, 0.16955327751509375, 0.6251436047871817, 0.0012199385114398664, 0.8287961795128811, 0.9770059915116411, 0.7784585205621735, 0.6725501311348772, 0.18838839379880368, 0.495490091258471, 0.6068134730212658, 0.22345743959881023, 0.8591553401518695, 0.977501667204292, 0.37773426750297817, 0.06947562448927587, 0.3519313748814961, 0.7870895646476871, 0.47374822766922187, 0.10405858644124569, 0.702221384475532, 0.6758948572813599, 0.6987717389366681, 0.3738203143979393, 0.03835270886940617, 0.14231500813061138, 0.9936765684406821, 0.5925204171493116, 0.9958750089587652, 0.6099220406377062, 0.36582804123122004, 0.7457469099122376, 0.5227970580767519, 0.9736231937162114, 0.04406205254190931, 0.46759125434811527, 0.6518752490630618, 0.7122160924139981, 0.18541840762962902, 0.4845270797510405, 0.781105028440176, 0.6494633974286979, 0.09009402427651597], BATTLES: 352-293-350-482-383-379-323-275-415-
4, 14, -2225.0, [0.2426005707944473, 0.36637691267135597, 0.8020947003725052, 0.28218702972558934, 0.5472038416170435, 0.35969009380936884, 0.9957659128067776, 0.6436813902427784, 0.49778869968045647, 0.7302108819472718, 0.6223254694116195, 0.27115721776594903, 0.6123061196817081, 0.05021586913365758, 0.5025636169502615, 0.3136755273696631, 0.31967677222382473, 0.3104830711768388, 0.513632575873337, 0.24405994907416895, 0.08917642903454484, 0.20322532518913097, 0.7223533529047268, 0.6048453583251894, 0.8313284727425819, 0.8045632031356762, 0.6934568214751633, 0.631920829191704, 0.13028177186789724, 0.9823123613897933, 0.4311416031856927, 0.4573714556444226, 0.1282061685715088, 0.7406609541981938, 0.5302573664061551, 0.5961097856236657, 0.1923823099655223, 0.6561631253850102, 0.35973347301207625, 0.3174718306971875, 0.6235725998105377, 0.03235724407079399, 0.4812875120636092, 0.6400687241488132, 0.31221384525770823, 0.5637046914147286, 0.4611782975652375, 0.46308862719305277, 0.38112698315417476, 0.762776067859777, 0.31638738709447195, 0.6910916721873488, 0.383658600695831, 0.7482777345350617, 0.6416511463932831, 0.8309850105091507, 0.6370883634775126, 0.8177982106449522, 0.15903529352979376, 0.4540115512364392, 0.6449404036927082, 0.6478499109385207, 0.7872975425647368], BATTLES: 298-179-335-260-192-331-203-171-256-
5, 0, -2412.0, [0.8542923909555764, 0.9713977195159781, 0.26614588816956947, 0.6898993638615302, 0.6465235478752455, 0.05118146425288811, 0.7964994205611533, 0.3076680994186874, 0.40226634418905716, 0.6400688693577085, 0.5897741958780938, 0.7347274365064591, 0.5880439390971445, 0.38444078100233015, 0.6393558597258171, 0.794253292320775, 0.7094799012176757, 0.7217789870876741, 0.7558730754313356, 0.015337446432418356, 0.5642934745789652, 0.09024050346433708, 0.605110568908612, 0.016308568831779113, 0.5399835760397673, 0.8815533875199065, 0.013188529974029028, 0.6775409269469558, 0.2662833691354835, 0.9731559432020864, 0.5675303579272812, 0.6279688882053319, 0.657574242868799, 0.5075632582353357, 0.16473032226743106, 0.15598595705347473, 0.17408944208022767, 0.46368917203519144, 0.3584705230811214, 0.18908669736278316, 0.6203736765125117, 0.8966703568573624, 0.6564336322548495, 0.2970564610005716, 0.2412369545947007, 0.18094686235398721, 0.8434671185837146, 0.36686075178255506, 0.5676725645764026, 0.12404858860035428, 0.5891983240566928, 0.8035227024632801, 0.8031311590118297, 0.8935013268406179, 0.3581982492678542, 0.1702362495513176, 0.8707658118640668, 0.5716899973415053, 0.42348199380847645, 0.7765366873505628, 0.731018139164263, 0.7521702886697339, 0.11798919682828199], BATTLES: 254-196-249-333-271-311-279-263-256-
5, 1, -2744.0, [0.6633928297219382, 0.6058072958932081, 0.3995353729747994, 0.6601502586717032, 0.9718278415620024, 0.046582310435819244, 0.2889711718610137, 0.9684099318732117, 0.5141111388981804, 0.47222021662854374, 0.5990818736161981, 0.6782047707244548, 0.2278117602176596, 0.1045838717194332, 0.7163903806181393, 0.745921107965321, 0.469948769945985, 0.9080570829285779, 0.8939882528709335, 0.07832773672381904, 0.9586113268933324, 0.4402304507403227, 0.6499795176707479, 0.6098296872611544, 0.6650623316801602, 0.9639599999158639, 0.6404451009087448, 0.0648149360024931, 0.5389326454831672, 0.4762275666773739, 0.3643340681121668, 0.5031001131689042, 0.9787663868985708, 0.5515052097253206, 0.2651380529506632, 0.31634480339096255, 0.34983268920022154, 0.7224810861464118, 0.21397210497224922, 0.9217409031904975, 0.9377796927545118, 0.9317147254091185, 0.001058964289031794, 0.44944382897199686, 0.4336722377154523, 0.4255564428660987, 0.9704845440665839, 0.984177027483185, 0.7262610155282723, 0.14356753879359302, 0.20685801558354827, 0.9090475599521448, 0.3353826743309287, 0.8189208045002967, 0.30062410279237156, 0.523029709302611, 0.9677107381700853, 0.2803156767301376, 0.32745062483543436, 0.32760986741822395, 0.9754511239599098, 0.3905075827978053, 0.5109848639679357], BATTLES: 344-243-361-348-277-396-171-124-232-
5, 2, -2788.0, [0.20919798666519088, 0.5331553707766261, 0.15887902915216767, 0.9210601110618, 0.5157594501991729, 0.05792774133740328, 0.49841019579565776, 0.944746545101646, 0.35254701535730104, 0.5333084547497974, 0.8380500414772543, 0.8603272385043399, 0.2409877377769665, 0.21062167382440575, 0.8240070434694352, 0.8663071246465699, 0.5786826570864766, 0.3675984711345721, 0.6403363220392604, 0.16782074991169227, 0.18244239805181767, 0.450513582999693, 0.980179213306573, 0.26542254197057247, 0.8169410343874508, 0.7012649431742487, 0.6512495954516972, 0.31980465209787345, 0.20067808871952353, 0.7722050700383699, 0.9693950088425689, 0.3007380126114516, 0.9747676400625711, 0.4265449644473449, 0.5559662300661273, 0.09484580369917928, 0.6110371705289216, 0.9555936969333468, 0.6586872536276451, 0.4859945974049733, 0.8564112462674858, 0.9952559926998299, 0.6720692586302875, 0.2267364617197743, 0.330224192364334, 0.4613305922658045, 0.6121430638058993, 0.9251999544317008, 0.387961097824669, 0.5728651849247456, 0.5023763786156077, 0.33662314332908516, 0.468798362574364, 0.8564630911149874, 0.45262788774369794, 0.7289325835782602, 0.9297605037126861, 0.5553073726738902, 0.2792348300140301, 0.9020163799796476, 0.875381777540691, 0.3613570689400548, 0.24265136730066178], BATTLES: 337-269-372-379-311-365-194-139-279-
5, 3, -2978.0, [0.37772000909047454, 0.29999062724358927, 0.7023215768530021, 0.38447586132805683, 0.7998775513698665, 0.09567517385622726, 0.9128499326324284, 0.6788532007998545, 0.18716095954228673, 0.9503200905002032, 0.48233875568780427, 0.4485505670628805, 0.05122703105519677, 0.11156556416301389, 0.5793295508539313, 0.8453994100723277, 0.8197700955456717, 0.45310251553319825, 0.42710491996118904, 0.018766678263685693, 0.38276887656267594, 0.3437640166928273, 0.36876787600926897, 0.04114822167657284, 0.5259469691290564, 0.5954563989530721, 0.3662547282411644, 0.9789137044596753, 0.0649711476983976, 0.5524963879588088, 0.7151773882645949, 0.13799122994734425, 0.8591951366153814, 0.9778736050150009, 0.34901332794950746, 0.4906550744509229, 0.4773886493251606, 0.44916509351700695, 0.5765859198249901, 0.06742918487368388, 0.9150974941116067, 0.27019461374079173, 0.4876987103683211, 0.2628611288766449, 0.11719317907164965, 0.3291598585009105, 0.6443933849968905, 0.5394094336566816, 0.5224625691738065, 0.6255942185481942, 0.05408440838043771, 0.44507806529158744, 0.5490919700861339, 0.8411370498762949, 0.2967678347789575, 0.3452050784866772, 0.6915935593081718, 0.9811463929964885, 0.0034831204372869073, 0.5024325906168904, 0.5825401893308383, 0.9777491085422441, 0.056912655804574885], BATTLES: 376-306-344-417-355-379-264-235-302-
5, 4, -1229.0, [0.21399282888770815, 0.43516470346840974, 0.7170701316638676, 0.5364986316776513, 0.6318087440640933, 0.666207461223687, 0.6874930744107669, 0.6554254641914449, 0.24633820904504644, 0.19176786227636614, 0.6685871874352116, 0.2935636601009024, 0.4416947258684953, 0.18238668875480368, 0.652844939014228, 0.6056923770616871, 0.8551860771736286, 0.0677630284528617, 0.4424842085212094, 0.3925168584202717, 0.32673248869178195, 0.2745219627808548, 0.5821297652768694, 0.27920016528652836, 0.5634374881551201, 0.6129354463864775, 0.3198839779348593, 0.5917042588167932, 0.18424674211163863, 0.15828255849928224, 0.5901432266467754, 0.2635946631830982, 0.7521037049577904, 0.6879980805713439, 0.6757352736521983, 0.3035420491894164, 0.8730659953801393, 0.5151458735869839, 0.23429362183213528, 0.22034008696386578, 0.5213456329705716, 0.8372553926558385, 0.86095067025975, 0.3803666729429019, 0.21044870668396637, 0.435387168580205, 0.26380782225397326, 0.759726623070469, 0.8938431675281722, 0.3528664837530695, 0.13946036358785624, 0.2233983051295203, 0.10802622197745412, 0.6732984078973993, 0.03900372573592613, 0.2202705695124869, 0.6835720264776938, 0.6909882673144127, 0.3748404238758513, 0.759365374525159, 0.4750866146072379, 0.5543238842471361, 0.24928693833415433], BATTLES: 99-43-172-116-130-211-180-111-150-
5, 5, -2067.0, [0.15881803528034594, 0.4889194686642467, 0.2808118082441844, 0.4498203985771798, 0.5747633575318114, 0.501899060920314, 0.7226319296305515, 0.9868112795236441, 0.15182922593300352, 0.55406453109841, 0.42386096681775964, 0.6895833137011764, 0.22955978457172502, 0.35966792519936636, 0.33978633002955844, 0.3979681502360689, 0.7669575610833451, 0.07996141393870423, 0.9708723673206874, 0.30058929332159107, 0.10951311281023007, 0.5993500648824364, 0.68268794301722, 0.011650165661507006, 0.5244231548952306, 0.7827369841758167, 0.515296796387722, 0.41122883437513963, 0.4733549454655051, 0.6876926471301812, 0.9920132179071923, 0.0394886692140245, 0.33651801566602507, 0.7360247763386514, 0.1462332508669718, 0.1525765141858625, 0.6994883799571198, 0.9611642157956972, 0.6417766000155826, 0.5301409060407207, 0.45734636147214, 0.9411806461848846, 0.6015128082699127, 0.32259717529999327, 0.5959583420460819, 0.4376560561075564, 0.8050398725481863, 0.5050101938359663, 0.6824009932287587, 0.7823871870714494, 0.929849167961387, 0.7764401515747252, 0.8908397207827702, 0.8543540942689403, 0.5714801760616226, 0.5762826380718908, 0.4672144444132087, 0.3836937455968429, 0.22177106411445324, 0.8008421182481187, 0.9272504594999758, 0.5761034031582433, 0.08231416640254419], BATTLES: 204-181-294-320-214-313-171-154-216-
5, 6, -2809.0, [0.17023957973085924, 0.2750492081677781, 0.2722000686344301, 0.8737338227461652, 0.7810109814808068, 0.7338406415282579, 0.4488997885917338, 0.7421559571835684, 0.3971870572885746, 0.897848829244354, 0.5826302196747981, 0.7294218164313162, 0.027335537400104526, 0.003944424846085731, 0.5684684565843918, 0.3747457921189733, 0.5620854860526011, 0.4707419618774634, 0.5024992968330657, 0.13608081899506688, 0.14599865137969859, 0.07888464604838571, 0.44769529641973127, 0.05110863440761537, 0.8284677153417036, 0.8167810421864816, 0.6353983521922546, 0.8033739793387913, 0.26271130948818644, 0.6268583015959058, 0.5095555174874028, 0.326056472268165, 0.5273756708298794, 0.7429565236002815, 0.4070588143438266, 0.33263834452815555, 0.6376425503210806, 0.9941261015401925, 0.7733014160991006, 0.1298962737169504, 0.6864083564452024, 0.7421526003148684, 0.5953322012163994, 0.7929547796070995, 0.38225483572879143, 0.33506874375295936, 0.9608941313419875, 0.5451226653715969, 0.6455901430934461, 0.5489026156683267, 0.3645168405661841, 0.8743489184118365, 0.4828659793335246, 0.8450380179902237, 0.17993561929487764, 0.30458919264404666, 0.8950333065519698, 0.561417598815111, 0.37142561478660197, 0.5148964540569868, 0.8954064870192704, 0.908331684701256, 0.019172174824184096], BATTLES: 228-219-359-346-284-397-231-211-282-
5, 7, -2384.0, [0.08372821057561441, 0.794500780491782, 0.3040497519638146, 0.7219363123566731, 0.90710770109237, 0.20373047873979894, 0.37176539667265335, 0.934974503291585, 0.47764262173309147, 0.5734899544738993, 0.47057621742429856, 0.807207521704461, 0.13521835592162257, 0.15485860498917864, 0.19463785703994546, 0.41854620335611037, 0.43327500241827266, 0.22398203686954826, 0.41464412844210496, 0.05870399158716855, 0.6769988499418418, 0.07323164090330508, 0.143547383647524, 0.49190259760512867, 0.955872730716408, 0.6909075509224143, 0.9896835362160051, 0.8899409857654411, 0.3618192182122447, 0.6031558094597937, 0.9454747798218253, 0.4473563910552216, 0.36571769205682725, 0.6124984694527972, 0.7290111088840115, 0.08524191854947845, 0.25998750676230653, 0.8407907532861972, 0.4523577296056587, 0.6859446671502543, 0.8715746235966673, 0.09492381512163284, 0.29026322715089015, 0.12148131401895762, 0.4196012554647076, 0.33383420401036545, 0.9716536215828293, 0.5606450604178201, 0.9745183189555959, 0.7028937167511673, 0.4659250280925475, 0.964413973651787, 0.35786701876796956, 0.6946140908784856, 0.8988369033556063, 0.7036225688320712, 0.553086966775146, 0.44458323120273285, 0.4539578664424527, 0.6295104889008498, 0.5732282801616859, 0.6851759013880467, 0.2664276907178853], BATTLES: 202-169-313-299-245-379-161-155-201-
5, 8, -3022.0, [0.93256680271466, 0.8417802818202935, 0.16088511106660763, 0.6375329238332512, 0.5949833185802837, 0.23515716243145213, 0.5097118689019385, 0.28922418241965997, 0.7748832568211704, 0.2295495109492342, 0.49535062327941887, 0.8411326015203078, 0.6272069824549577, 0.2959942220652714, 0.9869930676253321, 0.6714770963062523, 0.5243906696558647, 0.4834477973782796, 0.4985851282331566, 0.14783977665197656, 0.6698198043030551, 0.19107930674619486, 0.8242049480083226, 0.06558746722618354, 0.5578879226804503, 0.7994366943799489, 0.21254891704344023, 0.139405771202246, 0.3745194093954411, 0.853796819598216, 0.35428454443807755, 0.6301874546725195, 0.6698297490226145, 0.5754550577329425, 0.4325041522611675, 0.5390518324860735, 0.08342928567750318, 0.4025391623453071, 0.1824894552482077, 0.6459655794503897, 0.7140937100157969, 0.7043155978782981, 0.42157535389714806, 0.4150880422677825, 0.17386935056520914, 0.012206371992265319, 0.4864359763949718, 0.650926515625216, 0.8880743614192326, 0.5508094881716332, 0.22596134604747398, 0.943101186319037, 0.38190976827284895, 0.7006545929012956, 0.3389950580002658, 0.34415668392394294, 0.7898018421330903, 0.9501878082699806, 0.028599725278926263, 0.3406748812943682, 0.8286166507789562, 0.5585932982695773, 0.38360135970924814], BATTLES: 352-277-401-382-325-407-289-263-326-
5, 9, -3174.0, [0.7874644564086245, 0.23576292189178386, 0.1144592971693863, 0.860167448918348, 0.6394925745519141, 0.022883641138423727, 0.16365374817487222, 0.5847622555444776, 0.5700455251552415, 0.5299358565378159, 0.4368268029524885, 0.7369428254339779, 0.3174507811329701, 0.3039830829573053, 0.8313184712831988, 0.987863136991632, 0.03730138708599762, 0.41735251786507865, 0.29966001863169245, 0.020469570523350758, 0.4271372312590952, 0.17153995995836727, 0.4627904339893807, 0.740735271601419, 0.9021950918310878, 0.6130328437166527, 0.2320168492981064, 0.3533805653117059, 0.38162520031319147, 0.3606983592963926, 0.407304588652964, 0.27376880332433184, 0.8620635482817889, 0.5532780521315599, 0.26886825855305974, 0.2705582664421118, 0.21967020782083346, 0.33414969788365106, 0.009415509695142654, 0.7942376282647619, 0.8258275838371765, 0.9993433529402809, 0.44595528129874606, 0.5203077104643573, 0.18578230969790607, 0.01885609758220133, 0.5274125155756637, 0.8014920141066523, 0.9947209336023879, 0.31763410866617675, 0.5520792902736641, 0.8517725983925536, 0.16629745000473753, 0.5492610762103775, 0.37340017948917037, 0.66275008940241, 0.7051061480747731, 0.38826292970316617, 0.06614100406456302, 0.55093229671814, 0.8032331630437559, 0.5137131640894474, 0.5212103452349595], BATTLES: 375-244-343-365-288-373-183-152-289-
5, 10, -3293.0, [0.4703375030384014, 0.9105093231581269, 0.20277691194489045, 0.8036124522238858, 0.9058909628955829, 0.045270840153359554, 0.5878939437717399, 0.7989658805550836, 0.35108666323112747, 0.5760690677961272, 0.6639496639554742, 0.6616469225545781, 0.054240295866789134, 0.016332404308608717, 0.8232928224729092, 0.8816936080126081, 0.7415455825324632, 0.3833026953895033, 0.45565871035497557, 0.05154468011296956, 0.1596734351818083, 0.08977900281933811, 0.380718722486389, 0.13776917380837028, 0.8521798336475497, 0.701495311289407, 0.33907222564156864, 0.6703526117787264, 0.1857065401875661, 0.8276224682183873, 0.6645961017767261, 0.4016447860283251, 0.941888910390626, 0.5541225451448666, 0.5137054611423544, 0.16215479113942965, 0.4790023909247354, 0.6293619576571794, 0.38880095988195146, 0.4441555991411118, 0.8702433495086652, 0.7002549282764546, 0.7528044141287528, 0.27032901640705376, 0.16511295724876562, 0.23509650222515582, 0.7367407026222391, 0.7085052541529815, 0.7459656642680559, 0.5196146992280102, 0.21108485789888023, 0.9053579250013002, 0.3270146827550785, 0.8208726219234707, 0.18976094512371444, 0.14318859276198687, 0.8095360637825815, 0.4368216138496053, 0.5252429315216384, 0.8797099938162303, 0.8427746741747819, 0.5793243327536644, 0.08939830468612889], BATTLES: 367-341-397-446-408-423-281-275-355-
5, 11, -3383.0, [0.12439449840791972, 0.6599737047154985, 0.2916321715724203, 0.47626969429426147, 0.8146725862423667, 0.37177520646259155, 0.8226475788811752, 0.9647136400712659, 0.6675639716184618, 0.930669393417099, 0.54085099950784, 0.5010098756144817, 0.11807150267892036, 0.22801285512806763, 0.5486111098754577, 0.43576541394559487, 0.04882631526118314, 0.29837040942868875, 0.508017964738493, 0.12319089803032301, 0.7040388167939295, 0.12509518682871557, 0.01659906986116269, 0.15601964618304265, 0.9115322155172213, 0.7754894440883155, 0.9341757184378807, 0.7533180542417064, 0.5693776079436426, 0.10076350893679903, 0.6823352326980083, 0.15580204473517584, 0.3084165855152624, 0.5522777631082769, 0.656493808600213, 0.14236846437812728, 0.5769391290567588, 0.8572129271152003, 0.5679665118400665, 0.6511177747811792, 0.5726841852352748, 0.07232942599030556, 0.6467138029446926, 0.5031567256668701, 0.2269924800801651, 0.2193976933073154, 0.8721392120419622, 0.9011451236789528, 0.39229148387903046, 0.22917963224275437, 0.4510954293826652, 0.447171376022255, 0.37578555616536385, 0.8348961881374222, 0.2960099431444283, 0.15958289235737577, 0.5029569979361366, 0.5075516061717713, 0.05899796439524696, 0.48909895681403026, 0.9412301571420202, 0.8476515125101924, 0.4291312178518138], BATTLES: 299-227-415-351-300-413-185-160-237-
5, 12, -3421.0, [0.44889138157287883, 0.6705786414759068, 0.0689416300880541, 0.9093156328233092, 0.7459105593585938, 0.19263325402864376, 0.37841094339507775, 0.7880828384381816, 0.45116372482236305, 0.9373043292588512, 0.43758906644568024, 0.6200446609087682, 0.13801016053650728, 0.06281818018200942, 0.4223469406205453, 0.8567708788528657, 0.636435710655898, 0.5968590985691253, 0.312020626732766, 0.01780999502747993, 0.9717561693718374, 0.013878578769903838, 0.21049040478170844, 0.03995388520254438, 0.7311571952540292, 0.7714294683329185, 0.25704915935505623, 0.6750968800090031, 0.08113286521407582, 0.13554281730444662, 0.5046065461639941, 0.586436277592301, 0.9612074013317351, 0.3969859944418898, 0.5889085962615531, 0.25756078770053886, 0.5508335366146503, 0.4640493349338164, 0.3829396957668906, 0.22698006290905004, 0.896766318686058, 0.6823017740787151, 0.4724460171620602, 0.8851143624693739, 0.15931908770158112, 0.16954448081619233, 0.748773396964716, 0.5687421948444391, 0.8241044001832243, 0.4045642803278223, 0.02690588294133911, 0.5871847191097389, 0.1708947600690306, 0.7936083749314427, 0.020011545489346194, 0.17789775707073563, 0.7798636538829998, 0.24262784164438506, 0.8364926327260931, 0.481615310918204, 0.8437508796307414, 0.5267051910589022, 0.06843321977783212], BATTLES: 348-285-331-411-349-385-377-342-405-
5, 13, -3275.0, [0.3740948968256747, 0.47372206227570157, 0.07173216967954635, 0.681859802118455, 0.8773040490213463, 0.014995349516270455, 0.4794830918478985, 0.814823308695701, 0.13965749721956183, 0.32319887368531397, 0.5694549642839023, 0.4232847780826037, 0.33843472499585825, 0.1400877382418628, 0.5972902215179855, 0.5728721933890051, 0.8925485948308547, 0.15622365547687886, 0.5444248544782729, 0.029219907573495296, 0.33382538217833213, 0.08477663875754687, 0.3936086534139957, 0.0012199385114398664, 0.8287961795128811, 0.9885029957558206, 0.7784585205621735, 0.41204307739172324, 0.18838839379880368, 0.87233443124598, 0.6068134730212658, 0.33059940890411926, 0.8591553401518695, 0.977501667204292, 0.37773426750297817, 0.06947562448927587, 0.3519313748814961, 0.7870895646476871, 0.5879390545325703, 0.07050507248857704, 0.7077143106640742, 0.83794742864068, 0.8389014300387759, 0.3738203143979393, 0.03835270886940617, 0.14231500813061138, 0.9936765684406821, 0.5925204171493116, 0.9979375044793826, 0.6099220406377062, 0.7236014309390734, 0.7457469099122376, 0.5227970580767519, 0.9736231937162114, 0.04406205254190931, 0.1320769369047031, 0.6518752490630618, 0.7122160924139981, 0.18541840762962902, 0.4845270797510405, 0.8905525142200881, 0.7822324494534351, 0.09009402427651597], BATTLES: 333-296-314-463-356-359-331-273-358-
5, 14, -2032.0, [0.2426005707944473, 0.36637691267135597, 0.8020947003725052, 0.28218702972558934, 0.5472038416170435, 0.35969009380936884, 0.9957659128067776, 0.6436813902427784, 0.49778869968045647, 0.7302108819472718, 0.6223254694116195, 0.27115721776594903, 0.6123061196817081, 0.05021586913365758, 0.5025636169502615, 0.3136755273696631, 0.31967677222382473, 0.3104830711768388, 0.513632575873337, 0.24405994907416895, 0.08917642903454484, 0.20322532518913097, 0.7223533529047268, 0.6048453583251894, 0.8313284727425819, 0.8045632031356762, 0.6934568214751633, 0.631920829191704, 0.13028177186789724, 0.9823123613897933, 0.4311416031856927, 0.4573714556444226, 0.1282061685715088, 0.7406609541981938, 0.5302573664061551, 0.5961097856236657, 0.1923823099655223, 0.6561631253850102, 0.35973347301207625, 0.3174718306971875, 0.6235725998105377, 0.03235724407079399, 0.4812875120636092, 0.6400687241488132, 0.31221384525770823, 0.5637046914147286, 0.4611782975652375, 0.46308862719305277, 0.38112698315417476, 0.762776067859777, 0.31638738709447195, 0.6910916721873488, 0.383658600695831, 0.7482777345350617, 0.6416511463932831, 0.8309850105091507, 0.6370883634775126, 0.8177982106449522, 0.15903529352979376, 0.4540115512364392, 0.6449404036927082, 0.6478499109385207, 0.7872975425647368], BATTLES: 298-192-276-250-160-289-196-162-209-
6, 0, -2762.0, [0.06647460321879878, 0.9713977195159781, 0.14393863265105794, 0.925030134973454, 0.6465235478752455, 0.05118146425288811, 0.6219174002085355, 0.3076680994186874, 0.40226634418905716, 0.6400688693577085, 0.7948870979390469, 0.8673637182532296, 0.29402196954857224, 0.19222039050116507, 0.6393558597258171, 0.6065584730203408, 0.27278369189752955, 0.7217789870876741, 0.7558730754313356, 0.015337446432418356, 0.5642934745789652, 0.17788038618166435, 0.605110568908612, 0.016308568831779113, 0.7699917880198837, 0.9407766937599533, 0.7532438501094658, 0.6775409269469558, 0.38258386281209167, 0.6101783673513481, 0.5675303579272812, 0.2724462226338398, 0.657574242868799, 0.5075632582353357, 0.16473032226743106, 0.026085615035488827, 0.7773470682825521, 0.46368917203519144, 0.7362517174953465, 0.18908669736278316, 0.6203736765125117, 0.711485309312443, 0.6564336322548495, 0.2970564610005716, 0.40459803698125607, 0.3874504964542981, 0.9217335592918573, 0.6834303758912775, 0.5676725645764026, 0.12404858860035428, 0.7811765610480872, 0.8035227024632801, 0.6823242006631044, 0.9650369997783091, 0.3581982492678542, 0.1702362495513176, 0.8695524297306616, 0.5716899973415053, 0.2313950856361397, 0.7765366873505628, 0.731018139164263, 0.7521702886697339, 0.2654206567144104], BATTLES: 236-168-239-303-242-305-271-261-222-
6, 1, -2589.0, [0.6633928297219382, 0.6058072958932081, 0.3995353729747994, 0.6601502586717032, 0.9718278415620024, 0.046582310435819244, 0.2889711718610137, 0.9684099318732117, 0.5141111388981804, 0.47222021662854374, 0.5990818736161981, 0.6782047707244548, 0.2278117602176596, 0.1045838717194332, 0.7163903806181393, 0.745921107965321, 0.469948769945985, 0.9080570829285779, 0.8939882528709335, 0.07832773672381904, 0.9586113268933324, 0.4402304507403227, 0.6499795176707479, 0.6098296872611544, 0.6650623316801602, 0.9639599999158639, 0.6404451009087448, 0.0648149360024931, 0.5389326454831672, 0.4762275666773739, 0.3643340681121668, 0.5031001131689042, 0.9787663868985708, 0.5515052097253206, 0.2651380529506632, 0.31634480339096255, 0.34983268920022154, 0.7224810861464118, 0.21397210497224922, 0.9217409031904975, 0.9377796927545118, 0.9317147254091185, 0.001058964289031794, 0.44944382897199686, 0.4336722377154523, 0.4255564428660987, 0.9704845440665839, 0.984177027483185, 0.7262610155282723, 0.14356753879359302, 0.20685801558354827, 0.9090475599521448, 0.3353826743309287, 0.8189208045002967, 0.30062410279237156, 0.523029709302611, 0.9677107381700853, 0.2803156767301376, 0.32745062483543436, 0.32760986741822395, 0.9754511239599098, 0.3905075827978053, 0.5109848639679357], BATTLES: 304-223-348-355-293-395-243-172-256-
6, 2, -2961.0, [0.06533650907702643, 0.5331553707766261, 0.15887902915216767, 0.9210601110618, 0.5157594501991729, 0.3516742875481304, 0.33198403981549035, 0.8957931517238938, 0.35254701535730104, 0.7267422928610964, 0.8380500414772543, 0.6716356173652567, 0.2409877377769665, 0.21062167382440575, 0.8240070434694352, 0.8663071246465699, 0.5786826570864766, 0.36368179631439584, 0.5585517747658879, 0.24850932978728785, 0.5358067441314491, 0.20673282570138274, 0.4864466770885193, 0.26542254197057247, 0.8169410343874508, 0.8390487034867465, 0.6512495954516972, 0.3734007367173748, 0.06664623541591665, 0.3073314296787172, 0.9693950088425689, 0.4469698377678885, 0.9747676400625711, 0.4265449644473449, 0.5559662300661273, 0.09484580369917928, 0.9838761316561936, 0.9389749851179795, 0.6586872536276451, 0.4859945974049733, 0.9128489758554422, 0.997627996349915, 0.6720692586302875, 0.6006325511119662, 0.330224192364334, 0.4613305922658045, 0.5993150066268322, 0.7799213561479839, 0.7912881356887937, 0.36033470153779557, 0.5023763786156077, 0.33662314332908516, 0.468798362574364, 0.821848215846573, 0.45262788774369794, 0.23282202691978107, 0.8536600712130746, 0.4287546308744564, 0.726731885222675, 0.8197802113906034, 0.845656401486839, 0.24771306924786562, 0.24265136730066178], BATTLES: 309-220-364-371-303-383-202-190-303-
6, 3, -2710.0, [0.37772000909047454, 0.29999062724358927, 0.7023215768530021, 0.38447586132805683, 0.7998775513698665, 0.09567517385622726, 0.9128499326324284, 0.6788532007998545, 0.18716095954228673, 0.9503200905002032, 0.48233875568780427, 0.4485505670628805, 0.05122703105519677, 0.11156556416301389, 0.5793295508539313, 0.8453994100723277, 0.8197700955456717, 0.45310251553319825, 0.42710491996118904, 0.018766678263685693, 0.38276887656267594, 0.3437640166928273, 0.36876787600926897, 0.04114822167657284, 0.5259469691290564, 0.5954563989530721, 0.3662547282411644, 0.9789137044596753, 0.0649711476983976, 0.5524963879588088, 0.7151773882645949, 0.13799122994734425, 0.8591951366153814, 0.9778736050150009, 0.34901332794950746, 0.4906550744509229, 0.4773886493251606, 0.44916509351700695, 0.5765859198249901, 0.06742918487368388, 0.9150974941116067, 0.27019461374079173, 0.4876987103683211, 0.2628611288766449, 0.11719317907164965, 0.3291598585009105, 0.6443933849968905, 0.5394094336566816, 0.5224625691738065, 0.6255942185481942, 0.05408440838043771, 0.44507806529158744, 0.5490919700861339, 0.8411370498762949, 0.2967678347789575, 0.3452050784866772, 0.6915935593081718, 0.9811463929964885, 0.0034831204372869073, 0.5024325906168904, 0.5825401893308383, 0.9777491085422441, 0.056912655804574885], BATTLES: 317-263-305-413-342-361-238-198-273-
6, 4, -2290.0, [0.21399282888770815, 0.43516470346840974, 0.7170701316638676, 0.5364986316776513, 0.5691011682482204, 0.5338220610346742, 0.7546155012790441, 0.8401797134826036, 0.24633820904504644, 0.19176786227636614, 0.6685871874352116, 0.2935636601009024, 0.4416947258684953, 0.18238668875480368, 0.652844939014228, 0.6056923770616871, 0.7687338486730604, 0.0677630284528617, 0.4424842085212094, 0.3925168584202717, 0.32673248869178195, 0.2745219627808548, 0.5821297652768694, 0.27920016528652836, 0.5634374881551201, 0.6794860655688633, 0.3198839779348593, 0.8339692090190045, 0.18424674211163863, 0.15828255849928224, 0.47164786223660676, 0.3204968191941154, 0.5779171237664927, 0.6879980805713439, 0.6798795226024613, 0.3035420491894164, 0.7605294405978165, 0.5151458735869839, 0.2388267206380757, 0.09826644276295167, 0.6294031806898337, 0.5236217912173083, 0.86095067025975, 0.591268813792409, 0.24352782088410962, 0.5437314754958217, 0.43816718311690456, 0.759726623070469, 0.8938431675281722, 0.4528698827362831, 0.13946036358785624, 0.46642035718004693, 0.1325344880405585, 0.6732984078973993, 0.16451052692232412, 0.2202705695124869, 0.6621721810305162, 0.6909882673144127, 0.4677320770694269, 0.759365374525159, 0.6617139561309593, 0.5543238842471361, 0.24928693833415433], BATTLES: 77-33-133-156-113-158-218-87-134-
6, 5, -1889.0, [0.15881803528034594, 0.4889194686642467, 0.2808118082441844, 0.4498203985771798, 0.5747633575318114, 0.501899060920314, 0.7226319296305515, 0.9868112795236441, 0.15182922593300352, 0.55406453109841, 0.42386096681775964, 0.6895833137011764, 0.22955978457172502, 0.35966792519936636, 0.33978633002955844, 0.3979681502360689, 0.7669575610833451, 0.07996141393870423, 0.9708723673206874, 0.30058929332159107, 0.10951311281023007, 0.5993500648824364, 0.68268794301722, 0.011650165661507006, 0.5244231548952306, 0.7827369841758167, 0.515296796387722, 0.41122883437513963, 0.4733549454655051, 0.6876926471301812, 0.9920132179071923, 0.0394886692140245, 0.33651801566602507, 0.7360247763386514, 0.1462332508669718, 0.1525765141858625, 0.6994883799571198, 0.9611642157956972, 0.6417766000155826, 0.5301409060407207, 0.45734636147214, 0.9411806461848846, 0.6015128082699127, 0.32259717529999327, 0.5959583420460819, 0.4376560561075564, 0.8050398725481863, 0.5050101938359663, 0.6824009932287587, 0.7823871870714494, 0.929849167961387, 0.7764401515747252, 0.8908397207827702, 0.8543540942689403, 0.5714801760616226, 0.5762826380718908, 0.4672144444132087, 0.3836937455968429, 0.22177106411445324, 0.8008421182481187, 0.9272504594999758, 0.5761034031582433, 0.08231416640254419], BATTLES: 208-149-272-289-188-297-167-122-197-
6, 6, -2701.0, [0.17023957973085924, 0.2750492081677781, 0.2722000686344301, 0.8737338227461652, 0.7810109814808068, 0.7338406415282579, 0.4488997885917338, 0.7421559571835684, 0.3971870572885746, 0.897848829244354, 0.5826302196747981, 0.7294218164313162, 0.027335537400104526, 0.003944424846085731, 0.5684684565843918, 0.3747457921189733, 0.5620854860526011, 0.4707419618774634, 0.5024992968330657, 0.13608081899506688, 0.14599865137969859, 0.07888464604838571, 0.44769529641973127, 0.05110863440761537, 0.8284677153417036, 0.8167810421864816, 0.6353983521922546, 0.8033739793387913, 0.26271130948818644, 0.6268583015959058, 0.5095555174874028, 0.326056472268165, 0.5273756708298794, 0.7429565236002815, 0.4070588143438266, 0.33263834452815555, 0.6376425503210806, 0.9941261015401925, 0.7733014160991006, 0.1298962737169504, 0.6864083564452024, 0.7421526003148684, 0.5953322012163994, 0.7929547796070995, 0.38225483572879143, 0.33506874375295936, 0.9608941313419875, 0.5451226653715969, 0.6455901430934461, 0.5489026156683267, 0.3645168405661841, 0.8743489184118365, 0.4828659793335246, 0.8450380179902237, 0.17993561929487764, 0.30458919264404666, 0.8950333065519698, 0.561417598815111, 0.37142561478660197, 0.5148964540569868, 0.8954064870192704, 0.908331684701256, 0.019172174824184096], BATTLES: 246-197-350-332-299-385-298-263-331-
6, 7, -2283.0, [0.14026269696909965, 0.6637746613520856, 0.20772268364374466, 0.7219363123566731, 0.90710770109237, 0.20373047873979894, 0.6044983246484371, 0.934974503291585, 0.4319561088066181, 0.5734899544738993, 0.47057621742429856, 0.807207521704461, 0.13521835592162257, 0.15485860498917864, 0.19463785703994546, 0.41854620335611037, 0.5876177648923117, 0.22398203686954826, 0.41464412844210496, 0.029351995793584273, 0.6106050043788402, 0.10228877032209764, 0.14422759460905835, 0.49190259760512867, 0.955872730716408, 0.6524119273136144, 0.9896835362160051, 0.8899409857654411, 0.36326777322163345, 0.6031558094597937, 0.8101274521199852, 0.44477660800814284, 0.36571769205682725, 0.6124984694527972, 0.7290111088840115, 0.14396878303159408, 0.4355800694430641, 0.8407907532861972, 0.4523577296056587, 0.7062249078038096, 0.8672226948087198, 0.09492381512163284, 0.5065379230061873, 0.4298609452576215, 0.4196012554647076, 0.37818612963399567, 0.9716536215828293, 0.5606450604178201, 0.8175239260881259, 0.7028937167511673, 0.4659250280925475, 0.8471351937949648, 0.35786701876796956, 0.6946140908784856, 0.7649975512728971, 0.6127923155703249, 0.553086966775146, 0.4226972544550303, 0.4539578664424527, 0.625621527260016, 0.5732282801616859, 0.6851759013880467, 0.16629645425454584], BATTLES: 226-185-335-306-251-354-171-141-203-
6, 8, -3057.0, [0.6891870799026737, 0.8417802818202935, 0.14480617735297188, 0.6375329238332512, 0.8179548560459484, 0.23515716243145213, 0.5097118689019385, 0.28922418241965997, 0.5567947035602175, 0.2295495109492342, 0.5567263763030325, 0.7845749875587154, 0.3908926370743527, 0.2959942220652714, 0.8268827476267027, 0.6714770963062523, 0.49217846186041725, 0.7346808111215637, 0.4985851282331566, 0.09617303559220657, 0.6698198043030551, 0.33028548434023935, 0.7211191667407237, 0.06558746722618354, 0.780369957443888, 0.9721818463116029, 0.46572672426545514, 0.139405771202246, 0.3745194093954411, 0.853796819598216, 0.36023065114192365, 0.6301874546725195, 0.852621518375242, 0.5754550577329425, 0.4325041522611675, 0.4072804369809931, 0.24105497172847973, 0.4025391623453071, 0.20111712364821535, 0.8091364474860816, 0.7140937100157969, 0.8388632163038351, 0.42157535389714806, 0.4354156896531546, 0.17386935056520914, 0.2567775285133625, 0.7613140182635949, 0.650926515625216, 0.7923325678798288, 0.5508094881716332, 0.22596134604747398, 0.9229523212984472, 0.38190976827284895, 0.8482361019243474, 0.30445127363382707, 0.34415668392394294, 0.8059746073851604, 0.5447352762850672, 0.028599725278926263, 0.3329445679865762, 0.9154957381518313, 0.45914026626524745, 0.38360135970924814], BATTLES: 363-262-344-376-336-384-278-258-289-
6, 9, -3007.0, [0.7874644564086245, 0.23576292189178386, 0.1144592971693863, 0.860167448918348, 0.6394925745519141, 0.022883641138423727, 0.16365374817487222, 0.5847622555444776, 0.5700455251552415, 0.5299358565378159, 0.4368268029524885, 0.7369428254339779, 0.3174507811329701, 0.3039830829573053, 0.8313184712831988, 0.987863136991632, 0.03730138708599762, 0.41735251786507865, 0.29966001863169245, 0.020469570523350758, 0.4271372312590952, 0.17153995995836727, 0.4627904339893807, 0.740735271601419, 0.9021950918310878, 0.6130328437166527, 0.2320168492981064, 0.3533805653117059, 0.38162520031319147, 0.3606983592963926, 0.407304588652964, 0.27376880332433184, 0.8620635482817889, 0.5532780521315599, 0.26886825855305974, 0.2705582664421118, 0.21967020782083346, 0.33414969788365106, 0.009415509695142654, 0.7942376282647619, 0.8258275838371765, 0.9993433529402809, 0.44595528129874606, 0.5203077104643573, 0.18578230969790607, 0.01885609758220133, 0.5274125155756637, 0.8014920141066523, 0.9947209336023879, 0.31763410866617675, 0.5520792902736641, 0.8517725983925536, 0.16629745000473753, 0.5492610762103775, 0.37340017948917037, 0.66275008940241, 0.7051061480747731, 0.38826292970316617, 0.06614100406456302, 0.55093229671814, 0.8032331630437559, 0.5137131640894474, 0.5212103452349595], BATTLES: 369-273-324-400-345-379-307-276-334-
6, 10, -3263.0, [0.31761663292162784, 0.9105093231581269, 0.20277691194489045, 0.71222243884908, 0.9058909628955829, 0.20440478227591286, 0.5878939437717399, 0.8797491627756046, 0.5053335489475452, 0.5760690677961272, 0.6639496639554742, 0.6057702118944062, 0.054240295866789134, 0.016332404308608717, 0.6446642682382875, 0.8225794155627754, 0.40392330497700224, 0.3833026953895033, 0.45565871035497557, 0.022588770750335344, 0.1596734351818083, 0.023385322628699662, 0.380718722486389, 0.13776917380837028, 0.9260899168237748, 0.701495311289407, 0.33907222564156864, 0.6703526117787264, 0.3048452081271998, 0.47336095292818564, 0.6645961017767261, 0.281824261095003, 0.7003712307037511, 0.5532234225966512, 0.583298627313411, 0.1525111952107035, 0.5267354714765969, 0.6293619576571794, 0.38880095988195146, 0.4441555991411118, 0.8702433495086652, 0.7002549282764546, 0.7528044141287528, 0.27032901640705376, 0.16511295724876562, 0.23509650222515582, 0.8027321587397709, 0.7085052541529815, 0.7459656642680559, 0.22785862399095713, 0.3280628598258996, 0.8131866416238789, 0.3270146827550785, 0.8208726219234707, 0.24154531203044724, 0.15117895917712246, 0.8095360637825815, 0.21202410844656866, 0.5252429315216384, 0.7886731611271561, 0.986662157527745, 0.5793243327536644, 0.254979666895636], BATTLES: 366-305-359-421-372-398-283-261-352-
6, 11, -3210.0, [0.12439449840791972, 0.6599737047154985, 0.2916321715724203, 0.47626969429426147, 0.8146725862423667, 0.37177520646259155, 0.8226475788811752, 0.9647136400712659, 0.6675639716184618, 0.930669393417099, 0.54085099950784, 0.5010098756144817, 0.11807150267892036, 0.22801285512806763, 0.5486111098754577, 0.43576541394559487, 0.04882631526118314, 0.29837040942868875, 0.508017964738493, 0.12319089803032301, 0.7040388167939295, 0.12509518682871557, 0.01659906986116269, 0.15601964618304265, 0.9115322155172213, 0.7754894440883155, 0.9341757184378807, 0.7533180542417064, 0.5693776079436426, 0.10076350893679903, 0.6823352326980083, 0.15580204473517584, 0.3084165855152624, 0.5522777631082769, 0.656493808600213, 0.14236846437812728, 0.5769391290567588, 0.8572129271152003, 0.5679665118400665, 0.6511177747811792, 0.5726841852352748, 0.07232942599030556, 0.6467138029446926, 0.5031567256668701, 0.2269924800801651, 0.2193976933073154, 0.8721392120419622, 0.9011451236789528, 0.39229148387903046, 0.22917963224275437, 0.4510954293826652, 0.447171376022255, 0.37578555616536385, 0.8348961881374222, 0.2960099431444283, 0.15958289235737577, 0.5029569979361366, 0.5075516061717713, 0.05899796439524696, 0.48909895681403026, 0.9412301571420202, 0.8476515125101924, 0.4291312178518138], BATTLES: 376-301-372-424-372-407-288-289-381-
6, 12, -3519.0, [0.6730782839492246, 0.9466123786830501, 0.03447081504402705, 0.9546578164116546, 0.7459105593585938, 0.19263325402864376, 0.5680561407285716, 0.7152951697421555, 0.5349177296261013, 0.9686521646294256, 0.43758906644568024, 0.6200446609087682, 0.06900508026825364, 0.06281818018200942, 0.66292413618213, 0.8567708788528657, 0.8171006577012719, 0.6353826023613466, 0.312020626732766, 0.008904997513739965, 0.8780023276962543, 0.013878578769903838, 0.044149516529034566, 0.01997694260127219, 0.6809373883333676, 0.9172661009655845, 0.1481909870257005, 0.8753197100147705, 0.10586993798355829, 0.25857917305690514, 0.6227371949914114, 0.589853340175639, 0.9612074013317351, 0.4083107430551631, 0.5889085962615531, 0.08668159703909636, 0.42191852082360387, 0.4640493349338164, 0.4242190551465136, 0.04399150320065934, 0.896766318686058, 0.6823017740787151, 0.640472420560539, 0.9425571812346869, 0.030782132017350722, 0.12221623246254679, 0.8743866984823581, 0.5555379442345413, 0.8241044001832243, 0.018546693733976993, 0.2835199926064585, 0.5871847191097389, 0.3750315818936927, 0.7936083749314427, 0.020011545489346194, 0.04076306198434085, 0.7438749540039714, 0.24262784164438506, 0.9182463163630465, 0.4230497105814507, 0.8437508796307414, 0.5267051910589022, 0.06843321977783212], BATTLES: 330-273-363-417-369-384-363-361-404-
6, 13, -3225.0, [0.3740948968256747, 0.5700920449485526, 0.07173216967954635, 0.6595590590824326, 0.8773040490213463, 0.47122806844983434, 0.4794830918478985, 0.814823308695701, 0.13965749721956183, 0.8525590185934848, 0.6383788244822844, 0.47293395086799506, 0.33843472499585825, 0.1400877382418628, 0.42494300845825433, 0.3910246484281288, 0.8925485948308547, 0.23977421443173394, 0.5444248544782729, 0.029219907573495296, 0.3718861299044124, 0.08477663875754687, 0.2260664338162725, 0.0006099692557199332, 0.9683632075950871, 0.9885029957558206, 0.7784585205621735, 0.41204307739172324, 0.18838839379880368, 0.87233443124598, 0.829834035796611, 0.2782523058100865, 0.8591553401518695, 0.977501667204292, 0.5558926546147729, 0.06947562448927587, 0.6266700014549897, 0.7870895646476871, 0.5879390545325703, 0.03472870080244855, 0.7077143106640742, 0.5569088383515999, 0.8389014300387759, 0.5455836238449367, 0.03835270886940617, 0.23125967360886163, 0.996838284220341, 0.5925204171493116, 0.9979375044793826, 0.6099220406377062, 0.7236014309390734, 0.7427875676068404, 0.5231311741125049, 0.9868115968581057, 0.06905136396364171, 0.06603846845235155, 0.6518752490630618, 0.7122160924139981, 0.18541840762962902, 0.4845270797510405, 0.945276257110044, 0.9541104680043523, 0.09009402427651597], BATTLES: 327-261-324-463-362-383-339-260-360-
6, 14, -1889.0, [0.2426005707944473, 0.36637691267135597, 0.8020947003725052, 0.28218702972558934, 0.5472038416170435, 0.35969009380936884, 0.9957659128067776, 0.6436813902427784, 0.49778869968045647, 0.7302108819472718, 0.6223254694116195, 0.27115721776594903, 0.6123061196817081, 0.05021586913365758, 0.5025636169502615, 0.3136755273696631, 0.31967677222382473, 0.3104830711768388, 0.513632575873337, 0.24405994907416895, 0.08917642903454484, 0.20322532518913097, 0.7223533529047268, 0.6048453583251894, 0.8313284727425819, 0.8045632031356762, 0.6934568214751633, 0.631920829191704, 0.13028177186789724, 0.9823123613897933, 0.4311416031856927, 0.4573714556444226, 0.1282061685715088, 0.7406609541981938, 0.5302573664061551, 0.5961097856236657, 0.1923823099655223, 0.6561631253850102, 0.35973347301207625, 0.3174718306971875, 0.6235725998105377, 0.03235724407079399, 0.4812875120636092, 0.6400687241488132, 0.31221384525770823, 0.5637046914147286, 0.4611782975652375, 0.46308862719305277, 0.38112698315417476, 0.762776067859777, 0.31638738709447195, 0.6910916721873488, 0.383658600695831, 0.7482777345350617, 0.6416511463932831, 0.8309850105091507, 0.6370883634775126, 0.8177982106449522, 0.15903529352979376, 0.4540115512364392, 0.6449404036927082, 0.6478499109385207, 0.7872975425647368], BATTLES: 276-158-270-231-148-267-193-136-210-
7, 0, -3191.0, [0.20507993438670638, 0.985698859757989, 0.0882466947160045, 0.903690538051433, 0.6465235478752455, 0.06775398849705308, 0.8329909807026812, 0.3076680994186874, 0.40226634418905716, 0.8200344346788542, 0.6915389162421766, 0.8673637182532296, 0.29402196954857224, 0.19222039050116507, 0.4705402540040331, 0.9771277299081351, 0.9721999389885768, 0.7568149477835914, 0.4464972849954352, 0.007668723216209178, 0.40474401612267563, 0.17788038618166435, 0.2598353767278986, 0.016308568831779113, 0.7699917880198837, 0.9703883468799767, 0.5050533128814109, 0.6775409269469558, 0.19129193140604583, 0.6101783673513481, 0.5675303579272812, 0.3549917271966705, 0.8287871214343995, 0.5075632582353357, 0.3713010261510669, 0.021327679018765082, 0.7258390991091666, 0.46368917203519144, 0.8707478079383842, 0.09454334868139158, 0.6203736765125117, 0.711485309312443, 0.8256597532103843, 0.2970564610005716, 0.07629322726236454, 0.25258854324899066, 0.9217335592918573, 0.440050845506983, 0.6368966925763777, 0.12404858860035428, 0.7811765610480872, 0.8035227024632801, 0.7284568833399302, 0.9650369997783091, 0.3581982492678542, 0.1702362495513176, 0.7889099996389075, 0.5716899973415053, 0.5856404808751366, 0.7765366873505628, 0.7173964064837394, 0.875284694987277, 0.1327103283572052], BATTLES: 253-193-317-342-281-354-231-209-326-
7, 1, -2341.0, [0.6633928297219382, 0.6058072958932081, 0.3995353729747994, 0.6601502586717032, 0.9718278415620024, 0.046582310435819244, 0.2889711718610137, 0.9684099318732117, 0.5141111388981804, 0.47222021662854374, 0.5990818736161981, 0.6782047707244548, 0.2278117602176596, 0.1045838717194332, 0.7163903806181393, 0.745921107965321, 0.469948769945985, 0.9080570829285779, 0.8939882528709335, 0.07832773672381904, 0.9586113268933324, 0.4402304507403227, 0.6499795176707479, 0.6098296872611544, 0.6650623316801602, 0.9639599999158639, 0.6404451009087448, 0.0648149360024931, 0.5389326454831672, 0.4762275666773739, 0.3643340681121668, 0.5031001131689042, 0.9787663868985708, 0.5515052097253206, 0.2651380529506632, 0.31634480339096255, 0.34983268920022154, 0.7224810861464118, 0.21397210497224922, 0.9217409031904975, 0.9377796927545118, 0.9317147254091185, 0.001058964289031794, 0.44944382897199686, 0.4336722377154523, 0.4255564428660987, 0.9704845440665839, 0.984177027483185, 0.7262610155282723, 0.14356753879359302, 0.20685801558354827, 0.9090475599521448, 0.3353826743309287, 0.8189208045002967, 0.30062410279237156, 0.523029709302611, 0.9677107381700853, 0.2803156767301376, 0.32745062483543436, 0.32760986741822395, 0.9754511239599098, 0.3905075827978053, 0.5109848639679357], BATTLES: 284-172-302-320-255-354-236-169-249-
7, 2, -2721.0, [0.06533650907702643, 0.5331553707766261, 0.15887902915216767, 0.9210601110618, 0.5157594501991729, 0.3516742875481304, 0.33198403981549035, 0.8957931517238938, 0.35254701535730104, 0.7267422928610964, 0.8380500414772543, 0.6716356173652567, 0.2409877377769665, 0.21062167382440575, 0.8240070434694352, 0.8663071246465699, 0.5786826570864766, 0.36368179631439584, 0.5585517747658879, 0.24850932978728785, 0.5358067441314491, 0.20673282570138274, 0.4864466770885193, 0.26542254197057247, 0.8169410343874508, 0.8390487034867465, 0.6512495954516972, 0.3734007367173748, 0.06664623541591665, 0.3073314296787172, 0.9693950088425689, 0.4469698377678885, 0.9747676400625711, 0.4265449644473449, 0.5559662300661273, 0.09484580369917928, 0.9838761316561936, 0.9389749851179795, 0.6586872536276451, 0.4859945974049733, 0.9128489758554422, 0.997627996349915, 0.6720692586302875, 0.6006325511119662, 0.330224192364334, 0.4613305922658045, 0.5993150066268322, 0.7799213561479839, 0.7912881356887937, 0.36033470153779557, 0.5023763786156077, 0.33662314332908516, 0.468798362574364, 0.821848215846573, 0.45262788774369794, 0.23282202691978107, 0.8536600712130746, 0.4287546308744564, 0.726731885222675, 0.8197802113906034, 0.845656401486839, 0.24771306924786562, 0.24265136730066178], BATTLES: 279-199-310-364-288-338-326-276-341-
7, 3, -2872.0, [0.2902944209998461, 0.29999062724358927, 0.2971545621705637, 0.7294353247317363, 0.7998775513698665, 0.09567517385622726, 0.9128499326324284, 0.9592422160626446, 0.18716095954228673, 0.9503200905002032, 0.48233875568780427, 0.4485505670628805, 0.025613515527598385, 0.11156556416301389, 0.5793295508539313, 0.7835420374473694, 0.8197700955456717, 0.45310251553319825, 0.34361451655217595, 0.009383339131842847, 0.38276887656267594, 0.3437640166928273, 0.36876787600926897, 0.02057411083828642, 0.5259469691290564, 0.6763710213222502, 0.4223795615700876, 0.9894568522298377, 0.02703989764566933, 0.14134370729820483, 0.7151773882645949, 0.13799122994734425, 0.8591951366153814, 0.9778736050150009, 0.6311880125166832, 0.22936518687823987, 0.4773886493251606, 0.44916509351700695, 0.5765859198249901, 0.1880030034052409, 0.9575487470558033, 0.3489370382903938, 0.4495661650312528, 0.2628611288766449, 0.11719317907164965, 0.3291598585009105, 0.7429103395645006, 0.5394094336566816, 0.790884345624967, 0.3636378825221, 0.027042204190218855, 0.44507806529158744, 0.5490919700861339, 0.9588041062356604, 0.2717734202768718, 0.18820622221035047, 0.6915935593081718, 0.9811463929964885, 0.5457095696502203, 0.5024325906168904, 0.5825401893308383, 0.8977607391592812, 0.02824300757389872], BATTLES: 332-235-281-393-309-377-237-186-292-
7, 4, -2530.0, [0.21399282888770815, 0.5047028624001889, 0.6129087443779014, 0.5364986316776513, 0.6723584417686866, 0.5338220610346742, 0.7546155012790441, 0.7933611876744291, 0.24633820904504644, 0.47863158444711973, 0.6065690122189188, 0.32656599715307555, 0.29361305974479035, 0.15336575807983494, 0.5516059891067704, 0.6056923770616871, 0.7144094787107579, 0.09580975773597233, 0.35602172875999266, 0.3925168584202717, 0.380200267928452, 0.2194664512457756, 0.5821297652768694, 0.27920016528652836, 0.5634374881551201, 0.6794860655688633, 0.3198839779348593, 0.8817138462278352, 0.18424674211163863, 0.15828255849928224, 0.47164786223660676, 0.1989921241495884, 0.583105129882594, 0.7663384624528309, 0.6305235769190951, 0.3035420491894164, 0.6270789718637579, 0.5151458735869839, 0.2388267206380757, 0.0879980585138948, 0.7333864168452412, 0.5236217912173083, 0.86095067025975, 0.48191355557952215, 0.17448107913385713, 0.23951613963722218, 0.43816718311690456, 0.759726623070469, 0.85491730730257, 0.4528698827362831, 0.055624525043175804, 0.46642035718004693, 0.1325344880405585, 0.7470900187309998, 0.16451052692232412, 0.025845835977865217, 0.6621721810305162, 0.6449238736189523, 0.4677320770694269, 0.759365374525159, 0.7663744051751974, 0.6203692920265241, 0.24928693833415433], BATTLES: 272-162-205-297-209-278-276-192-215-
7, 5, -1649.0, [0.15881803528034594, 0.4889194686642467, 0.2808118082441844, 0.4498203985771798, 0.5747633575318114, 0.501899060920314, 0.7226319296305515, 0.9868112795236441, 0.15182922593300352, 0.55406453109841, 0.42386096681775964, 0.6895833137011764, 0.22955978457172502, 0.35966792519936636, 0.33978633002955844, 0.3979681502360689, 0.7669575610833451, 0.07996141393870423, 0.9708723673206874, 0.30058929332159107, 0.10951311281023007, 0.5993500648824364, 0.68268794301722, 0.011650165661507006, 0.5244231548952306, 0.7827369841758167, 0.515296796387722, 0.41122883437513963, 0.4733549454655051, 0.6876926471301812, 0.9920132179071923, 0.0394886692140245, 0.33651801566602507, 0.7360247763386514, 0.1462332508669718, 0.1525765141858625, 0.6994883799571198, 0.9611642157956972, 0.6417766000155826, 0.5301409060407207, 0.45734636147214, 0.9411806461848846, 0.6015128082699127, 0.32259717529999327, 0.5959583420460819, 0.4376560561075564, 0.8050398725481863, 0.5050101938359663, 0.6824009932287587, 0.7823871870714494, 0.929849167961387, 0.7764401515747252, 0.8908397207827702, 0.8543540942689403, 0.5714801760616226, 0.5762826380718908, 0.4672144444132087, 0.3836937455968429, 0.22177106411445324, 0.8008421182481187, 0.9272504594999758, 0.5761034031582433, 0.08231416640254419], BATTLES: 179-127-252-240-152-249-164-108-178-
7, 6, -2470.0, [0.17023957973085924, 0.2750492081677781, 0.2722000686344301, 0.8737338227461652, 0.7810109814808068, 0.7338406415282579, 0.4488997885917338, 0.7421559571835684, 0.3971870572885746, 0.897848829244354, 0.5826302196747981, 0.7294218164313162, 0.027335537400104526, 0.003944424846085731, 0.5684684565843918, 0.3747457921189733, 0.5620854860526011, 0.4707419618774634, 0.5024992968330657, 0.13608081899506688, 0.14599865137969859, 0.07888464604838571, 0.44769529641973127, 0.05110863440761537, 0.8284677153417036, 0.8167810421864816, 0.6353983521922546, 0.8033739793387913, 0.26271130948818644, 0.6268583015959058, 0.5095555174874028, 0.326056472268165, 0.5273756708298794, 0.7429565236002815, 0.4070588143438266, 0.33263834452815555, 0.6376425503210806, 0.9941261015401925, 0.7733014160991006, 0.1298962737169504, 0.6864083564452024, 0.7421526003148684, 0.5953322012163994, 0.7929547796070995, 0.38225483572879143, 0.33506874375295936, 0.9608941313419875, 0.5451226653715969, 0.6455901430934461, 0.5489026156683267, 0.3645168405661841, 0.8743489184118365, 0.4828659793335246, 0.8450380179902237, 0.17993561929487764, 0.30458919264404666, 0.8950333065519698, 0.561417598815111, 0.37142561478660197, 0.5148964540569868, 0.8954064870192704, 0.908331684701256, 0.019172174824184096], BATTLES: 225-196-306-322-246-364-272-249-290-
7, 7, -2269.0, [0.15046454944276305, 0.8690446944113565, 0.40627661347135213, 0.6199464651414984, 0.7812573227952746, 0.3654382252056595, 0.8531049218393916, 0.855160462895932, 0.447200390621991, 0.9999321251526032, 0.47057621742429856, 0.5058662418321813, 0.1725958837833842, 0.07742930249458932, 0.2183251322709908, 0.4625725747103619, 0.5876177648923117, 0.37517529982656284, 0.4763929435198303, 0.06514148804293718, 0.5755717287534011, 0.10228877032209764, 0.22340844670984775, 0.49190259760512867, 0.9418833533064744, 0.878997200402332, 0.9896835362160051, 0.9449704928827205, 0.36326777322163345, 0.7406990051907476, 0.8101274521199852, 0.44477660800814284, 0.365503601079354, 0.6041552294121552, 0.7892273395205123, 0.14396878303159408, 0.4355800694430641, 0.8407907532861972, 0.6123129359272872, 0.14073588140085072, 0.7814751554659138, 0.08771319972050584, 0.5065379230061873, 0.7438626001059968, 0.289331364729074, 0.4296926206515902, 0.8904787612963901, 0.3900993571502177, 0.8175239260881259, 0.43112967381548317, 0.2583487362590708, 0.7718898327923804, 0.35786701876796956, 0.9610621210527875, 0.7649975512728971, 0.41231696536328066, 0.553086966775146, 0.28244483443816376, 0.4539578664424527, 0.5781248390744285, 0.7266385984019943, 0.6851759013880467, 0.24981609569953397], BATTLES: 193-157-273-298-219-306-182-139-215-
7, 8, -2906.0, [0.6891870799026737, 0.8417802818202935, 0.16132148244549338, 0.6375329238332512, 0.8179548560459484, 0.3133873299697732, 0.5097118689019385, 0.28922418241965997, 0.4965153497448952, 0.2295495109492342, 0.7530954845676698, 0.7845749875587154, 6.565576188252709e-05, 0.2959942220652714, 0.8268827476267027, 0.8325664426366638, 0.6366160642449764, 0.5346918214691062, 0.4985851282331566, 0.04808651779610328, 0.26633719221031715, 0.005161017866450679, 0.7211191667407237, 0.06558746722618354, 0.780369957443888, 0.9721818463116029, 0.455557226223449, 0.139405771202246, 0.22628635725053511, 0.7148559151586431, 0.8302417123537104, 0.6301874546725195, 0.852621518375242, 0.5754550577329425, 0.4325041522611675, 0.4072804369809931, 0.24105497172847973, 0.4025391623453071, 0.4953553000024432, 0.43810807038413546, 0.8181621201175244, 0.8388632163038351, 0.42157535389714806, 0.4354156896531546, 0.15860106152317563, 0.261667540412861, 0.7613140182635949, 0.650926515625216, 0.7923325678798288, 0.5508094881716332, 0.22596134604747398, 0.9855918295786608, 0.3492450518778445, 0.8482361019243474, 0.20339471398447967, 0.17207834196197147, 0.8059746073851604, 0.5447352762850672, 0.5245121506799728, 0.3329445679865762, 0.9577478690759156, 0.45914026626524745, 0.38360135970924814], BATTLES: 313-248-326-398-378-398-241-224-285-
7, 9, -2803.0, [0.7874644564086245, 0.23576292189178386, 0.1144592971693863, 0.860167448918348, 0.6394925745519141, 0.022883641138423727, 0.16365374817487222, 0.5847622555444776, 0.5700455251552415, 0.5299358565378159, 0.4368268029524885, 0.7369428254339779, 0.3174507811329701, 0.3039830829573053, 0.8313184712831988, 0.987863136991632, 0.03730138708599762, 0.41735251786507865, 0.29966001863169245, 0.020469570523350758, 0.4271372312590952, 0.17153995995836727, 0.4627904339893807, 0.740735271601419, 0.9021950918310878, 0.6130328437166527, 0.2320168492981064, 0.3533805653117059, 0.38162520031319147, 0.3606983592963926, 0.407304588652964, 0.27376880332433184, 0.8620635482817889, 0.5532780521315599, 0.26886825855305974, 0.2705582664421118, 0.21967020782083346, 0.33414969788365106, 0.009415509695142654, 0.7942376282647619, 0.8258275838371765, 0.9993433529402809, 0.44595528129874606, 0.5203077104643573, 0.18578230969790607, 0.01885609758220133, 0.5274125155756637, 0.8014920141066523, 0.9947209336023879, 0.31763410866617675, 0.5520792902736641, 0.8517725983925536, 0.16629745000473753, 0.5492610762103775, 0.37340017948917037, 0.66275008940241, 0.7051061480747731, 0.38826292970316617, 0.06614100406456302, 0.55093229671814, 0.8032331630437559, 0.5137131640894474, 0.5212103452349595], BATTLES: 355-229-292-365-334-363-274-274-317-
7, 10, -3157.0, [0.31761663292162784, 0.9105093231581269, 0.20277691194489045, 0.71222243884908, 0.9058909628955829, 0.20440478227591286, 0.5878939437717399, 0.8797491627756046, 0.5053335489475452, 0.5760690677961272, 0.6639496639554742, 0.6057702118944062, 0.054240295866789134, 0.016332404308608717, 0.6446642682382875, 0.8225794155627754, 0.40392330497700224, 0.3833026953895033, 0.45565871035497557, 0.022588770750335344, 0.1596734351818083, 0.023385322628699662, 0.380718722486389, 0.13776917380837028, 0.9260899168237748, 0.701495311289407, 0.33907222564156864, 0.6703526117787264, 0.3048452081271998, 0.47336095292818564, 0.6645961017767261, 0.281824261095003, 0.7003712307037511, 0.5532234225966512, 0.583298627313411, 0.1525111952107035, 0.5267354714765969, 0.6293619576571794, 0.38880095988195146, 0.4441555991411118, 0.8702433495086652, 0.7002549282764546, 0.7528044141287528, 0.27032901640705376, 0.16511295724876562, 0.23509650222515582, 0.8027321587397709, 0.7085052541529815, 0.7459656642680559, 0.22785862399095713, 0.3280628598258996, 0.8131866416238789, 0.3270146827550785, 0.8208726219234707, 0.24154531203044724, 0.15117895917712246, 0.8095360637825815, 0.21202410844656866, 0.5252429315216384, 0.7886731611271561, 0.986662157527745, 0.5793243327536644, 0.254979666895636], BATTLES: 365-289-341-437-379-405-328-275-338-
7, 11, -3430.0, [0.12439449840791972, 0.7667092439075545, 0.14581608578621014, 0.47626969429426147, 0.8505841003228324, 0.4287993073717618, 0.8226475788811752, 0.7913948959614195, 0.3510751934539235, 0.930669393417099, 0.5967713261999769, 0.5235228815429106, 0.20485695855364255, 0.22801285512806763, 0.5486111098754577, 0.43576541394559487, 0.6361875979164222, 0.28686116629675995, 0.4354883567767755, 0.12319089803032301, 0.4598333069928536, 0.09401973692995996, 0.04132684996896937, 0.15601964618304265, 0.9557661077586106, 0.8877447220441578, 0.9341757184378807, 0.6665896177324441, 0.5693776079436426, 0.6137118010111773, 0.83464136414971, 0.22797162157828207, 0.3084165855152624, 0.8025852346725442, 0.656493808600213, 0.14236846437812728, 0.5315366691072672, 0.8572129271152003, 0.6030870159145256, 0.1927720827913867, 0.6501609156185053, 0.07232942599030556, 0.8532526678226249, 0.5031567256668701, 0.04513026597092956, 0.2193976933073154, 0.8721392120419622, 0.9011451236789528, 0.739555696329568, 0.22917963224275437, 0.6624204366726987, 0.447171376022255, 0.5773179174554757, 0.8348961881374222, 0.15440266277730808, 0.15958289235737577, 0.4813717575431723, 0.6160810280814072, 0.2280586286439848, 0.48909895681403026, 0.9435501025740056, 0.9086927545567265, 0.4291312178518138], BATTLES: 333-291-331-400-363-401-289-265-377-
7, 12, -3392.0, [0.6730782839492246, 0.9466123786830501, 0.03447081504402705, 0.9546578164116546, 0.7459105593585938, 0.19263325402864376, 0.5680561407285716, 0.7152951697421555, 0.5349177296261013, 0.9686521646294256, 0.43758906644568024, 0.6200446609087682, 0.06900508026825364, 0.06281818018200942, 0.66292413618213, 0.8567708788528657, 0.8171006577012719, 0.6353826023613466, 0.312020626732766, 0.008904997513739965, 0.8780023276962543, 0.013878578769903838, 0.044149516529034566, 0.01997694260127219, 0.6809373883333676, 0.9172661009655845, 0.1481909870257005, 0.8753197100147705, 0.10586993798355829, 0.25857917305690514, 0.6227371949914114, 0.589853340175639, 0.9612074013317351, 0.4083107430551631, 0.5889085962615531, 0.08668159703909636, 0.42191852082360387, 0.4640493349338164, 0.4242190551465136, 0.04399150320065934, 0.896766318686058, 0.6823017740787151, 0.640472420560539, 0.9425571812346869, 0.030782132017350722, 0.12221623246254679, 0.8743866984823581, 0.5555379442345413, 0.8241044001832243, 0.018546693733976993, 0.2835199926064585, 0.5871847191097389, 0.3750315818936927, 0.7936083749314427, 0.020011545489346194, 0.04076306198434085, 0.7438749540039714, 0.24262784164438506, 0.9182463163630465, 0.4230497105814507, 0.8437508796307414, 0.5267051910589022, 0.06843321977783212], BATTLES: 396-289-286-460-373-385-454-358-391-
7, 13, -3444.0, [0.19023889126927873, 0.8130128057975451, 0.07173216967954635, 0.7913433259349614, 0.9386520245106731, 0.47122806844983434, 0.7003277751997257, 0.814823308695701, 0.13965749721956183, 0.9262795092967424, 0.6383788244822844, 0.47293395086799506, 0.33843472499585825, 0.0700438691209314, 0.42494300845825433, 0.4296546455063428, 0.8925485948308547, 0.14006088298446026, 0.447579879855152, 0.014609953786747648, 0.3718861299044124, 0.08477663875754687, 0.11303321690813625, 0.0003049846278599666, 0.9841816037975435, 0.9246572391916794, 0.7784585205621735, 0.7355712172464157, 0.406375678718476, 0.87233443124598, 0.904220847269797, 0.06057015280458361, 0.9083249648043336, 0.8082857135844207, 0.5558926546147729, 0.034737812244637935, 0.6266700014549897, 0.8935447823238436, 0.5879390545325703, 0.2928439272916185, 0.8538571553320371, 0.5569088383515999, 0.9333746095308404, 0.6326230096495424, 0.019176354434703086, 0.23125967360886163, 0.996838284220341, 0.8875690263684409, 0.8866107169255963, 0.15896756848423982, 0.6856165631391355, 0.5879898864738737, 0.3992885937659636, 0.9934057984290529, 0.06905136396364171, 0.033019234226175774, 0.6518752490630618, 0.5748094900561476, 0.18541840762962902, 0.44374480761013724, 0.9726381285550221, 0.9541104680043523, 0.09009402427651597], BATTLES: 317-273-318-460-357-379-342-256-354-
7, 14, -1818.0, [0.13256627248161829, 0.5226780927112562, 0.6570421936535372, 0.4014497904210925, 0.5855283525193833, 0.37021861270614265, 0.9957659128067776, 0.6436813902427784, 0.47365510685278117, 0.7302108819472718, 0.6398421127939755, 0.2584839583365083, 0.5271677584121119, 0.09407719330610148, 0.4721826183035897, 0.4216515053746038, 0.4086114691256278, 0.3104830711768388, 0.39419862677588174, 0.23075709381638704, 0.21870624282545809, 0.14139906248532225, 0.518787075461626, 0.42937707592849844, 0.9916677259506443, 0.8134934960283338, 0.3433791722335143, 0.7078337164766518, 0.13020224165567373, 0.9823123613897933, 0.4618990004064773, 0.4573714556444226, 0.1282061685715088, 0.7000431186074407, 0.6560674041059624, 0.4718979203269611, 0.3629679629540812, 0.6823323757676939, 0.35973347301207625, 0.23447139811539588, 0.6235725998105377, 0.16618048132361316, 0.6345555013689701, 0.6400687241488132, 0.31221384525770823, 0.2914613437057371, 0.4611782975652375, 0.550112975662597, 0.6716204088766986, 0.762776067859777, 0.18639164514956, 0.831748016437518, 0.146292524132925, 0.7402458153171086, 0.32619236861983936, 0.3313547409774843, 0.6370883634775126, 0.8177982106449522, 0.15903529352979376, 0.5995385634335936, 0.8002806410467115, 0.6478499109385207, 0.5233576317212943], BATTLES: 241-140-231-186-115-254-180-157-169-
8, 0, -3048.0, [0.0012880881942222977, 0.9899334120611321, 0.04412334735800225, 0.9518452690257164, 0.6465235478752455, 0.4031962614513743, 0.7817371291252299, 0.3076680994186874, 0.40226634418905716, 0.8200344346788542, 0.7665680871410842, 0.8673637182532296, 0.06046168895485432, 0.19222039050116507, 0.3264192191507885, 0.773558872611791, 0.9860999694942885, 0.7568149477835914, 0.4225339935199488, 0.003834361608104589, 0.40474401612267563, 0.04923086581991511, 0.20154243883607442, 0.016308568831779113, 0.7699917880198837, 0.9703883468799767, 0.5050533128814109, 0.6775409269469558, 0.19129193140604583, 0.8189550354230704, 0.8494983629782813, 0.3549917271966705, 0.8287871214343995, 0.7538643656896792, 0.44702961057511453, 0.010663839509382541, 0.8406277833626408, 0.46368917203519144, 0.8707478079383842, 0.09454334868139158, 0.679034321742115, 0.711485309312443, 0.9128298766051921, 0.6080880913587577, 0.07629322726236454, 0.2504218726432941, 0.9217335592918573, 0.440050845506983, 0.6368966925763777, 0.12404858860035428, 0.7811765610480872, 0.8035227024632801, 0.728245015866636, 0.9825184998891545, 0.3581982492678542, 0.1702362495513176, 0.7889099996389075, 0.5292978563043004, 0.5686705029436134, 0.6852363763853131, 0.7173964064837394, 0.875284694987277, 0.0663551641786026], BATTLES: 303-207-230-416-340-354-374-309-302-
8, 1, -2594.0, [0.6633928297219382, 0.4060142223419125, 0.3995353729747994, 0.9347557560240798, 0.9859139207810013, 0.023291155217909622, 0.14777321242406244, 0.9684099318732117, 0.5141111388981804, 0.47222021662854374, 0.6499619949552585, 0.6782047707244548, 0.3265716487192766, 0.2290528197108071, 0.8132738873367509, 0.745921107965321, 0.469948769945985, 0.6470791318163783, 0.3693795984184573, 0.07832773672381904, 0.9586113268933324, 0.22011522537016134, 0.17783788004849388, 0.3827769197253778, 0.9356088932652558, 0.981979999957932, 0.45401972406311575, 0.11112063126687374, 0.6741730257716803, 0.5380428973745389, 0.3643340681121668, 0.5031001131689042, 0.9893831934492854, 0.5820757491785792, 0.2651380529506632, 0.15817240169548127, 0.34983268920022154, 0.4880064245613332, 0.21397210497224922, 0.9217409031904975, 0.9004989352613997, 0.9317147254091185, 0.42554811277027293, 0.3317267730818124, 0.1747222861150875, 0.4255564428660987, 0.9704845440665839, 0.9920885137415925, 0.7262610155282723, 0.14356753879359302, 0.6148325673588424, 0.8356248432031426, 0.3353826743309287, 0.7027865542121199, 0.30062410279237156, 0.523029709302611, 0.823605519998714, 0.3576632817174275, 0.16372531241771718, 0.32760986741822395, 0.987725561979955, 0.7529054358506332, 0.5109848639679357], BATTLES: 252-174-276-292-224-294-216-111-188-
8, 2, -2515.0, [0.06533650907702643, 0.5331553707766261, 0.30116430016067913, 0.6827204271504718, 0.7763661782049314, 0.5179425484911737, 0.33198403981549035, 0.8878924646196945, 0.22921995098028508, 0.8758389775684646, 0.7432546245916605, 0.49369660462084924, 0.3160764737927391, 0.13898276762104603, 0.8240070434694352, 0.39379137522105345, 0.5786826570864766, 0.36368179631439584, 0.5889212958281864, 0.24850932978728785, 0.21726764532762957, 0.18765477766719957, 0.4864466770885193, 0.26542254197057247, 0.9084705171937254, 0.9489105833515913, 0.6512495954516972, 0.3734007367173748, 0.4203086570114456, 0.9728163247728733, 0.9846975044212845, 0.4469698377678885, 0.5981962455346851, 0.4265449644473449, 0.6698482861937084, 0.04742290184958964, 0.9838761316561936, 0.9694874925589898, 0.7488993972095428, 0.4859945974049733, 0.9128489758554422, 0.40883489549054547, 0.8400655570720696, 0.5384942130382222, 0.330224192364334, 0.4784359028603526, 0.9059814152980474, 0.7395454722474926, 0.7912881356887937, 0.2609226571204818, 0.7382120669752279, 0.584622933878807, 0.5356008228437285, 0.9109241079232865, 0.658166205422887, 0.2525088369803453, 0.6099315139361398, 0.5344623935683636, 0.20132725891170522, 0.6608101757813736, 0.8512692849203841, 0.7395749185009605, 0.25904482633534337], BATTLES: 243-173-262-334-250-320-287-277-300-
8, 3, -2865.0, [0.2902944209998461, 0.6971659635059798, 0.11231685247575042, 0.9517956683626242, 0.7998775513698665, 0.09567517385622726, 0.9128499326324284, 0.9592422160626446, 0.3425820384100193, 0.9751600452501016, 0.48233875568780427, 0.4485505670628805, 0.025613515527598385, 0.05578278208150694, 0.6040661901556602, 0.7835420374473694, 0.9056931697606982, 0.45864974354566734, 0.34361451655217595, 0.004691669565921423, 0.38754906620348534, 0.3437640166928273, 0.08298329989232678, 0.02057411083828642, 0.7821949149244379, 0.6763710213222502, 0.4223795615700876, 0.9894568522298377, 0.02703989764566933, 0.14134370729820483, 0.9318499118391596, 0.13799122994734425, 0.9295975683076907, 0.9778736050150009, 0.6808725403884158, 0.22936518687823987, 0.4773886493251606, 0.44916509351700695, 0.6339597110481101, 0.1880030034052409, 0.9575487470558033, 0.3489370382903938, 0.4495661650312528, 0.6015280355225007, 0.11719317907164965, 0.3291598585009105, 0.7429103395645006, 0.5394094336566816, 0.790884345624967, 0.10169125190951961, 0.31360879350418547, 0.44507806529158744, 0.5454071304470883, 0.9794020531178302, 0.21161711884243822, 0.18820622221035047, 0.7368513499046316, 0.7205455682541497, 0.5457095696502203, 0.5024325906168904, 0.8075580230068234, 0.8977607391592812, 0.01412150378694936], BATTLES: 305-239-265-397-325-328-248-176-257-
8, 4, -2722.0, [0.17294654039403365, 0.5047028624001889, 0.6129087443779014, 0.893270947261444, 0.6723584417686866, 0.23387028233791068, 0.3204104511046779, 0.8843489921614676, 0.24633820904504644, 0.9341696486458894, 0.8855352416633959, 0.9796870352541173, 0.14680652987239518, 0.07668287903991747, 0.8509972684520736, 0.6108645835846639, 0.7144094787107579, 0.3248261940647053, 0.42795035958237476, 0.09119970961606087, 0.11925106679884534, 0.1097332256228878, 0.014208727672568866, 0.7145024348302444, 0.78171874407756, 0.9997746671280161, 0.6746899072004959, 0.2968155382510178, 0.5247637529887349, 0.4073728473381466, 0.9473788274426843, 0.12327647343836957, 0.7148778533380494, 0.4730574245774168, 0.6305235769190951, 0.16629933205659486, 0.6912372293564805, 0.5151458735869839, 0.32634912432141294, 0.596016728693842, 0.7333864168452412, 0.5824692143224623, 0.6969072618777293, 0.6923800838297478, 0.17448107913385713, 0.11310676860595727, 0.9096514645210358, 0.759726623070469, 0.85491730730257, 0.4528698827362831, 0.055624525043175804, 0.46642035718004693, 0.41530717751824914, 0.7129497979805519, 0.4360737055126996, 0.5465989229358877, 0.6322613566713967, 0.4301311281951721, 0.16667313862352579, 0.5564324448376864, 0.8831872025875986, 0.6203692920265241, 0.54039679157615], BATTLES: 274-180-202-330-211-284-315-200-196-
8, 5, -1815.0, [0.18391359022989567, 0.429008380083005, 0.09901197750527145, 0.4498203985771798, 0.5747633575318114, 0.3423684661663212, 0.6905986829198903, 0.9934056397618221, 0.15689692122892826, 0.55406453109841, 0.5407048187869389, 0.4656986431580824, 0.22955978457172502, 0.35966792519936636, 0.4041200708758189, 0.3979681502360689, 0.9096573782891748, 0.1349230762656116, 0.9708723673206874, 0.09063650669270885, 0.10951311281023007, 0.5993500648824364, 0.3531807062534296, 0.011650165661507006, 0.5244231548952306, 0.8913684920879084, 0.515296796387722, 0.41122883437513963, 0.4193600031563456, 0.6876926471301812, 0.9960066089535962, 0.0394886692140245, 0.33651801566602507, 0.8341912463699229, 0.2120716758499569, 0.1525765141858625, 0.7665659702889224, 0.9611642157956972, 0.6934856893961494, 0.5301409060407207, 0.6914980130857553, 0.9411806461848846, 0.6015128082699127, 0.32259717529999327, 0.34334281544335654, 0.29778743959869813, 0.8050398725481863, 0.5903509196692002, 0.9901430938181622, 0.42935357345983705, 0.8109698291838924, 0.6856393543728295, 0.8908397207827702, 0.8543540942689403, 0.5714801760616226, 0.5762826380718908, 0.4672144444132087, 0.3836937455968429, 0.1278594072284291, 0.8008421182481187, 0.9636252297499879, 0.5761034031582433, 0.04115708320127209], BATTLES: 146-107-207-210-141-216-169-112-157-
8, 6, -2926.0, [0.23218165832864718, 0.3773485293855807, 0.3168812481898256, 0.7633291897959563, 0.7492252881413715, 0.7616569650913676, 0.7103630913147592, 0.7137349227287781, 0.3971870572885746, 0.897848829244354, 0.6616702185382578, 0.4255609586416403, 0.22087118865309097, 0.03057667741615182, 0.6564541995230303, 0.3747457921189733, 0.5620854860526011, 0.28159257122851244, 0.5024992968330657, 0.22361283660793546, 0.14599865137969859, 0.14159464172618202, 0.49053351799484457, 0.025554317203807686, 0.7308859953882748, 0.8565417840770801, 0.6353983521922546, 0.8033739793387913, 0.2487336461663712, 0.5446624467911568, 0.4769233794986898, 0.11423602114549261, 0.5273756708298794, 0.7429565236002815, 0.4070588143438266, 0.299825317876136, 0.6376425503210806, 0.9941261015401925, 0.6088688437955473, 0.0649481368584752, 0.6984702125384936, 0.84250975243883, 0.9699305225634833, 0.7929547796070995, 0.13154204596513147, 0.33506874375295936, 0.7557963185119372, 0.5451226653715969, 0.695641942426063, 0.5489026156683267, 0.32774632777079027, 0.5510216006416299, 0.35552655506973213, 0.9278301875896073, 0.08996780964743882, 0.15229459632202333, 0.8397655480043097, 0.6495228241467836, 0.37142561478660197, 0.5148964540569868, 0.9477032435096352, 0.9004879986055402, 0.04134191938638623], BATTLES: 167-163-241-279-211-308-253-240-262-
8, 7, -2300.0, [0.08420762426442481, 0.8267182466960173, 0.40627661347135213, 0.6199464651414984, 0.7812573227952746, 0.3654382252056595, 0.8531049218393916, 0.8287867095034814, 0.3635936946168571, 0.99187313584414, 0.47057621742429856, 0.5058662418321813, 0.1725958837833842, 0.0786928818165647, 0.2183251322709908, 0.4625725747103619, 0.6077064876947914, 0.37517529982656284, 0.4763929435198303, 0.03286731191669689, 0.5269908510321226, 0.10228877032209764, 0.22340844670984775, 0.49190259760512867, 0.9418833533064744, 0.8826152185533126, 0.9896835362160051, 0.9449704928827205, 0.44851581874281077, 0.5459620297805832, 0.8101274521199852, 0.37881245522422335, 0.365503601079354, 0.7568327148046162, 0.7892273395205123, 0.14396878303159408, 0.4355800694430641, 0.847583045483315, 0.6123129359272872, 0.14073588140085072, 0.6948774432608269, 0.08135039493242571, 0.6499408537243636, 0.7438626001059968, 0.18832858428759888, 0.4296926206515902, 0.8904787612963901, 0.3900993571502177, 0.7852758812113357, 0.20556321371969585, 0.2583487362590708, 0.6561260422992047, 0.35786701876796956, 0.8585567055913965, 0.7649975512728971, 0.35942198162059236, 0.4935765339325551, 0.28244483443816376, 0.3605248260782382, 0.5781248390744285, 0.8163542677520901, 0.6851759013880467, 0.3239817157753076], BATTLES: 180-134-203-253-187-258-264-207-237-
8, 8, -3010.0, [0.5055254493397786, 0.9208901409101468, 0.03318951815570295, 0.6375329238332512, 0.9089774280229742, 0.3133873299697732, 0.516637898365584, 0.28922418241965997, 0.4965153497448952, 0.2295495109492342, 0.7530954845676698, 0.5978209682845961, 6.565576188252709e-05, 0.1479971110326357, 0.6261581907009527, 0.8325664426366638, 0.8636859852424634, 0.6049921881800998, 0.4985851282331566, 0.02404325889805164, 0.26633719221031715, 0.06345240180185897, 0.5823218880533879, 0.06558746722618354, 0.780369957443888, 0.9721818463116029, 0.6967245024961765, 0.3111001085092925, 0.22628635725053511, 0.7148559151586431, 0.8302417123537104, 0.6301874546725195, 0.852621518375242, 0.7155098782906069, 0.4348776485787175, 0.20398835138383603, 0.24105497172847973, 0.787962616055004, 0.593341945326216, 0.41475644848720905, 0.8895568277924315, 0.8907212101800684, 0.5409969705216018, 0.5613728265812429, 0.15860106152317563, 0.2865289581329708, 0.7613140182635949, 0.7655576258394606, 0.7923325678798288, 0.1971511990512715, 0.16800978776737774, 0.9855918295786608, 0.3492450518778445, 0.9241180509621737, 0.20339471398447967, 0.12792903752153967, 0.8059746073851604, 0.5447352762850672, 0.5245121506799728, 0.33384702951652606, 0.9788739345379578, 0.45914026626524745, 0.38360135970924814], BATTLES: 283-232-312-401-339-378-242-185-268-
8, 9, -2817.0, [0.43005948896832036, 0.5270465112049186, 0.013463789410066665, 0.833709317525212, 0.8197462872759571, 0.1570694600288221, 0.4866249647396005, 0.6582919496021219, 0.5700455251552415, 0.5299358565378159, 0.4368268029524885, 0.8032575442262875, 0.3174507811329701, 0.3039830829573053, 0.6682790119388652, 0.635925291419907, 0.5780765390784545, 0.1764528614011818, 0.3751595367756635, 0.010234785261675379, 0.4271372312590952, 0.08576997997918363, 0.4627904339893807, 0.19315473818613543, 0.951097545915544, 0.8288067225173025, 0.7449689426879855, 0.3533805653117059, 0.2946940648775986, 0.3606983592963926, 0.801366571727776, 0.27376880332433184, 0.9734547676985987, 0.8476956566974126, 0.49629802351642605, 0.22955836096051624, 0.3136633944426097, 0.33414969788365106, 0.009415509695142654, 0.6633177692203203, 0.8258275838371765, 0.9993433529402809, 0.44595528129874606, 0.49687929624449323, 0.18578230969790607, 0.07704888136582064, 0.7283128423282114, 0.9935060929369179, 0.997360466801194, 0.4567098782908372, 0.3086012500677222, 0.9258862991962769, 0.16629745000473753, 0.9357784572158191, 0.3143867998667377, 0.3483856181380782, 0.6150818700771924, 0.4797473643266905, 0.1934649435697821, 0.28982182948916246, 0.9909538376783669, 0.8340940296649426, 0.3297415161185108], BATTLES: 308-184-258-351-286-312-300-241-276-
8, 10, -3262.0, [0.31761663292162784, 0.9552546615790635, 0.20277691194489045, 0.8561112194245399, 0.9529454814477915, 0.2828493928940977, 0.5878939437717399, 0.8797491627756046, 0.5941156951442181, 0.5760690677961272, 0.856448094522657, 0.8329013217030528, 0.027120147933394567, 0.008166202154304358, 0.6446642682382875, 0.6339602695321942, 0.7744378853708793, 0.43055482269341117, 0.45565871035497557, 0.011294385375167672, 0.28890361037105294, 0.023385322628699662, 0.380718722486389, 0.13776917380837028, 0.9630449584118874, 0.8507476556447036, 0.45373262686528865, 0.6703526117787264, 0.24593086578973844, 0.47336095292818564, 0.8322980508883631, 0.281824261095003, 0.7003712307037511, 0.3823888090382336, 0.6929429343174393, 0.07625559760535175, 0.7889242764980668, 0.9618273057009092, 0.5873785058600884, 0.4441555991411118, 0.9351216747543326, 0.7002549282764546, 0.8427392339073956, 0.8363310628316181, 0.07430009435691176, 0.20916254297139253, 0.8027321587397709, 0.8542526270764907, 0.7459656642680559, 0.22785862399095713, 0.3280628598258996, 0.8131866416238789, 0.4414431058409942, 0.8208726219234707, 0.24154531203044724, 0.05105355748040869, 0.8095360637825815, 0.19115180503668747, 0.7171565750758131, 0.7886731611271561, 0.986662157527745, 0.6103159778187612, 0.031165954345810154], BATTLES: 363-244-304-391-325-360-315-242-318-
8, 11, -3064.0, [0.12439449840791972, 0.7667092439075545, 0.14581608578621014, 0.47626969429426147, 0.8505841003228324, 0.4287993073717618, 0.8226475788811752, 0.7913948959614195, 0.3510751934539235, 0.930669393417099, 0.5967713261999769, 0.5235228815429106, 0.20485695855364255, 0.22801285512806763, 0.5486111098754577, 0.43576541394559487, 0.6361875979164222, 0.28686116629675995, 0.4354883567767755, 0.12319089803032301, 0.4598333069928536, 0.09401973692995996, 0.04132684996896937, 0.15601964618304265, 0.9557661077586106, 0.8877447220441578, 0.9341757184378807, 0.6665896177324441, 0.5693776079436426, 0.6137118010111773, 0.83464136414971, 0.22797162157828207, 0.3084165855152624, 0.8025852346725442, 0.656493808600213, 0.14236846437812728, 0.5315366691072672, 0.8572129271152003, 0.6030870159145256, 0.1927720827913867, 0.6501609156185053, 0.07232942599030556, 0.8532526678226249, 0.5031567256668701, 0.04513026597092956, 0.2193976933073154, 0.8721392120419622, 0.9011451236789528, 0.739555696329568, 0.22917963224275437, 0.6624204366726987, 0.447171376022255, 0.5773179174554757, 0.8348961881374222, 0.15440266277730808, 0.15958289235737577, 0.4813717575431723, 0.6160810280814072, 0.2280586286439848, 0.48909895681403026, 0.9435501025740056, 0.9086927545567265, 0.4291312178518138], BATTLES: 351-258-328-437-336-394-346-258-356-
8, 12, -3018.0, [0.6730782839492246, 0.9466123786830501, 0.03447081504402705, 0.9546578164116546, 0.7459105593585938, 0.19263325402864376, 0.5680561407285716, 0.7152951697421555, 0.5349177296261013, 0.9686521646294256, 0.43758906644568024, 0.6200446609087682, 0.06900508026825364, 0.06281818018200942, 0.66292413618213, 0.8567708788528657, 0.8171006577012719, 0.6353826023613466, 0.312020626732766, 0.008904997513739965, 0.8780023276962543, 0.013878578769903838, 0.044149516529034566, 0.01997694260127219, 0.6809373883333676, 0.9172661009655845, 0.1481909870257005, 0.8753197100147705, 0.10586993798355829, 0.25857917305690514, 0.6227371949914114, 0.589853340175639, 0.9612074013317351, 0.4083107430551631, 0.5889085962615531, 0.08668159703909636, 0.42191852082360387, 0.4640493349338164, 0.4242190551465136, 0.04399150320065934, 0.896766318686058, 0.6823017740787151, 0.640472420560539, 0.9425571812346869, 0.030782132017350722, 0.12221623246254679, 0.8743866984823581, 0.5555379442345413, 0.8241044001832243, 0.018546693733976993, 0.2835199926064585, 0.5871847191097389, 0.3750315818936927, 0.7936083749314427, 0.020011545489346194, 0.04076306198434085, 0.7438749540039714, 0.24262784164438506, 0.9182463163630465, 0.4230497105814507, 0.8437508796307414, 0.5267051910589022, 0.06843321977783212], BATTLES: 316-211-239-465-319-333-430-351-354-
8, 13, -3189.0, [0.19023889126927873, 0.8130128057975451, 0.07173216967954635, 0.7913433259349614, 0.9386520245106731, 0.47122806844983434, 0.7003277751997257, 0.814823308695701, 0.13965749721956183, 0.9262795092967424, 0.6383788244822844, 0.47293395086799506, 0.33843472499585825, 0.0700438691209314, 0.42494300845825433, 0.4296546455063428, 0.8925485948308547, 0.14006088298446026, 0.447579879855152, 0.014609953786747648, 0.3718861299044124, 0.08477663875754687, 0.11303321690813625, 0.0003049846278599666, 0.9841816037975435, 0.9246572391916794, 0.7784585205621735, 0.7355712172464157, 0.406375678718476, 0.87233443124598, 0.904220847269797, 0.06057015280458361, 0.9083249648043336, 0.8082857135844207, 0.5558926546147729, 0.034737812244637935, 0.6266700014549897, 0.8935447823238436, 0.5879390545325703, 0.2928439272916185, 0.8538571553320371, 0.5569088383515999, 0.9333746095308404, 0.6326230096495424, 0.019176354434703086, 0.23125967360886163, 0.996838284220341, 0.8875690263684409, 0.8866107169255963, 0.15896756848423982, 0.6856165631391355, 0.5879898864738737, 0.3992885937659636, 0.9934057984290529, 0.06905136396364171, 0.033019234226175774, 0.6518752490630618, 0.5748094900561476, 0.18541840762962902, 0.44374480761013724, 0.9726381285550221, 0.9541104680043523, 0.09009402427651597], BATTLES: 350-266-329-473-348-389-406-278-350-
8, 14, -2876.0, [0.024661646253498898, 0.8576803793434296, 0.6570421936535372, 0.4014497904210925, 0.5855283525193833, 0.34628645250495843, 0.7585802011476229, 0.7450081820845352, 0.47365510685278117, 0.7302108819472718, 0.6390693341552526, 0.2584839583365083, 0.5271677584121119, 0.09407719330610148, 0.32549577446957967, 0.42226013671504825, 0.5510735903829087, 0.0614608911663547, 0.39419862677588174, 0.01965154367873015, 0.35480784339546395, 0.07069953124266112, 0.518787075461626, 0.42937707592849844, 0.9916677259506443, 0.8134934960283338, 0.2821668134020932, 0.7078337164766518, 0.2474420503326607, 0.9823123613897933, 0.4618990004064773, 0.4573714556444226, 0.3998775639943103, 0.7283673773451801, 0.6560674041059624, 0.4718979203269611, 0.4401113412567221, 0.6823323757676939, 0.42709765472042566, 0.23447139811539588, 0.6235725998105377, 0.29973604732449977, 0.8056312523935457, 0.6361365604944635, 0.11466919980352999, 0.2914613437057371, 0.4611782975652375, 0.550112975662597, 0.9195535308671523, 0.2667319931740123, 0.3621634788223332, 0.831748016437518, 0.146292524132925, 0.7402458153171086, 0.32619236861983936, 0.16567737048874215, 0.580099673515389, 0.8177982106449522, 0.36562228023194643, 0.558975120814135, 0.8002806410467115, 0.6478499109385207, 0.5233576317212943], BATTLES: 215-118-220-187-115-209-183-147-170-
9, 0, -2795.0, [0.0012880881942222977, 0.9899334120611321, 0.04412334735800225, 0.9518452690257164, 0.6465235478752455, 0.4031962614513743, 0.7817371291252299, 0.3076680994186874, 0.40226634418905716, 0.8200344346788542, 0.7665680871410842, 0.8673637182532296, 0.06046168895485432, 0.19222039050116507, 0.3264192191507885, 0.773558872611791, 0.9860999694942885, 0.7568149477835914, 0.4225339935199488, 0.003834361608104589, 0.40474401612267563, 0.04923086581991511, 0.20154243883607442, 0.016308568831779113, 0.7699917880198837, 0.9703883468799767, 0.5050533128814109, 0.6775409269469558, 0.19129193140604583, 0.8189550354230704, 0.8494983629782813, 0.3549917271966705, 0.8287871214343995, 0.7538643656896792, 0.44702961057511453, 0.010663839509382541, 0.8406277833626408, 0.46368917203519144, 0.8707478079383842, 0.09454334868139158, 0.679034321742115, 0.711485309312443, 0.9128298766051921, 0.6080880913587577, 0.07629322726236454, 0.2504218726432941, 0.9217335592918573, 0.440050845506983, 0.6368966925763777, 0.12404858860035428, 0.7811765610480872, 0.8035227024632801, 0.728245015866636, 0.9825184998891545, 0.3581982492678542, 0.1702362495513176, 0.7889099996389075, 0.5292978563043004, 0.5686705029436134, 0.6852363763853131, 0.7173964064837394, 0.875284694987277, 0.0663551641786026], BATTLES: 265-182-209-427-348-328-396-336-304-
9, 1, -2366.0, [0.6633928297219382, 0.4060142223419125, 0.07080972321215326, 0.9347557560240798, 0.9859139207810013, 0.2636739868830978, 0.14777321242406244, 0.9684099318732117, 0.33957508803481623, 0.9395272743983825, 0.625435972342613, 0.4622575436870208, 0.29666398425774376, 0.2290528197108071, 0.8572715048320647, 0.8130319071102419, 0.9137061609150401, 0.5944629202345169, 0.35594006212677776, 0.07832773672381904, 0.7463575378241023, 0.22011522537016134, 0.08748100491228765, 0.1913884598626889, 0.9356088932652558, 0.990989999978966, 0.16949693810493366, 0.4466956723572046, 0.3859673048871254, 0.5323832420468646, 0.4838262745161843, 0.3379988489498368, 0.9893831934492854, 0.5941940801616074, 0.3480384319952893, 0.15817240169548127, 0.34983268920022154, 0.5038527178826615, 0.40427344943160437, 0.9217409031904975, 0.8886954470052134, 0.9317147254091185, 0.42554811277027293, 0.9491222122876374, 0.1747222861150875, 0.2021908985407438, 0.9314626507563744, 0.9317635156216499, 0.7262610155282723, 0.14356753879359302, 0.5534100769053086, 0.4917764419274604, 0.379993895963305, 0.7027865542121199, 0.15031205139618578, 0.2615148546513055, 0.823605519998714, 0.3660224398472754, 0.16372531241771718, 0.32760986741822395, 0.9938627809899775, 0.7764211501033098, 0.17042651417754165], BATTLES: 320-199-270-354-265-307-245-142-257-
9, 2, -2882.0, [0.06533650907702643, 0.5331553707766261, 0.12990064678533292, 0.6827204271504718, 0.9380904240430255, 0.5179425484911737, 0.33198403981549035, 0.8878924646196945, 0.22921995098028508, 0.7121770822788925, 0.7432546245916605, 0.49369660462084924, 0.27916798833556977, 0.13898276762104603, 0.8240070434694352, 0.39379137522105345, 0.7893413285432382, 0.3144817665938427, 0.48469509806649935, 0.24850932978728785, 0.21726764532762957, 0.18765477766719957, 0.4814458775434285, 0.11294825135351483, 0.9769269452943607, 0.9489105833515913, 0.6512495954516972, 0.5236350103518765, 0.23877182805080616, 0.9864081623864367, 0.9846975044212845, 0.30686627754066087, 0.9759723237202053, 0.4265449644473449, 0.6698482861937084, 0.04742290184958964, 0.90573581938769, 0.9849151055360772, 0.6727352509894853, 0.2707024122425537, 0.9128489758554422, 0.8263836395604244, 0.995750269122123, 0.5384942130382222, 0.08069547276039785, 0.4784359028603526, 0.9175231034122769, 0.7939619364825827, 0.7912881356887937, 0.20535199296896336, 0.6437103480278782, 0.7833796240469507, 0.49758304740392145, 0.9109241079232865, 0.3118698231733743, 0.07600884552347562, 0.6099315139361398, 0.3859243232857128, 0.5469081508737487, 0.6608101757813736, 0.8512692849203841, 0.7273067329505548, 0.25904482633534337], BATTLES: 225-147-261-278-215-297-260-216-251-
9, 3, -2905.0, [0.2902944209998461, 0.6971659635059798, 0.11231685247575042, 0.975897834181312, 0.7998775513698665, 0.26178096013359814, 0.9128499326324284, 0.9796211080313223, 0.7112708248138953, 0.9647975237910859, 0.48233875568780427, 0.9089533869428286, 0.012806757763799193, 0.05578278208150694, 0.4767651641726378, 0.7835420374473694, 0.9528465848803491, 0.45864974354566734, 0.34361451655217595, 0.0023458347829607117, 0.2728012631152013, 0.3437640166928273, 0.04149164994616339, 0.14802113165911346, 0.7821949149244379, 0.8381855106611251, 0.4223795615700876, 0.7006487198926119, 0.09975116289184639, 0.33153674290882007, 0.9318499118391596, 0.2451713847930032, 0.9295975683076907, 0.9778736050150009, 0.6808725403884158, 0.11468259343911993, 0.4773886493251606, 0.44916509351700695, 0.5892892949724959, 0.1880030034052409, 0.9575487470558033, 0.3489370382903938, 0.9993602550873772, 0.8007640177612503, 0.10490134236666428, 0.2692360489731641, 0.8714551697822503, 0.8161924251913321, 0.9148748320619176, 0.050845625954759804, 0.4855316734613352, 0.9821699639422907, 0.5454071304470883, 0.9675220497603505, 0.19654019888108729, 0.09410311110517523, 0.7368513499046316, 0.7205455682541497, 0.5457095696502203, 0.8393840609364214, 0.9037790115034117, 0.5206775422824523, 0.00706075189347468], BATTLES: 288-198-264-376-291-318-304-248-299-
9, 4, -2519.0, [0.08647327019701682, 0.5047028624001889, 0.6129087443779014, 0.893270947261444, 0.6723584417686866, 0.23387028233791068, 0.7791535806060208, 0.9421744960807338, 0.24633820904504644, 0.9341696486458894, 0.8855352416633959, 0.9796870352541173, 0.14680652987239518, 0.07668287903991747, 0.8509972684520736, 0.3056018495587708, 0.857204739355379, 0.3248261940647053, 0.42795035958237476, 0.09119970961606087, 0.11925106679884534, 0.01097945811543314, 0.014208727672568866, 0.3572512174151222, 0.9319292453075048, 0.999887333564008, 0.8603671214802902, 0.2968155382510178, 0.5247637529887349, 0.4073728473381466, 0.9473788274426843, 0.12327647343836957, 0.7329928285366214, 0.4730574245774168, 0.6305235769190951, 0.16629933205659486, 0.9791430377164017, 0.757572936793492, 0.32634912432141294, 0.22335819105793336, 0.7333864168452412, 0.5824692143224623, 0.6969072618777293, 0.8385708382061176, 0.17448107913385713, 0.11310676860595727, 0.9096514645210358, 0.759726623070469, 0.7310912727496696, 0.4528698827362831, 0.055624525043175804, 0.46642035718004693, 0.41530717751824914, 0.7129497979805519, 0.4360737055126996, 0.5465989229358877, 0.7030239166541937, 0.40022011062859725, 0.16667313862352579, 0.6277708423365331, 0.8831872025875986, 0.8658651603931863, 0.0039623398651418285], BATTLES: 269-175-229-378-268-310-313-251-256-
9, 5, -1960.0, [0.09195679511494784, 0.429008380083005, 0.09901197750527145, 0.4498203985771798, 0.5747633575318114, 0.3423684661663212, 0.6905986829198903, 0.9934056397618221, 0.5684141153801693, 0.55406453109841, 0.7703524093934695, 0.4656986431580824, 0.22955978457172502, 0.35966792519936636, 0.4041200708758189, 0.3979681502360689, 0.9096573782891748, 0.5037958604179462, 0.7849975298053112, 0.09063650669270885, 0.10951311281023007, 0.1696632622408122, 0.3531807062534296, 0.06164270751251845, 0.5244231548952306, 0.9456842460439542, 0.515296796387722, 0.4230329780259658, 0.2722656545753239, 0.7461011867685226, 0.9980033044767981, 0.13540702012083464, 0.33651801566602507, 0.5006035825473091, 0.2120716758499569, 0.1525765141858625, 0.7665659702889224, 0.9611642157956972, 0.6934856893961494, 0.4226525617612261, 0.8457490065428777, 0.9413936678547634, 0.6015128082699127, 0.746589173616107, 0.34334281544335654, 0.29778743959869813, 0.9025199362740932, 0.5903509196692002, 0.9950715469090812, 0.42935357345983705, 0.8109698291838924, 0.9730949660572681, 0.9116708925006105, 0.986031046517689, 0.5714801760616226, 0.5762826380718908, 0.4672144444132087, 0.3836937455968429, 0.1278594072284291, 0.8008421182481187, 0.9818126148749939, 0.5761034031582433, 0.020578541600636047], BATTLES: 153-134-199-251-162-244-174-126-149-
9, 6, -2728.0, [0.23218165832864718, 0.969015805474399, 0.1584406240949128, 0.7633291897959563, 0.7492252881413715, 0.7616569650913676, 0.41807010950760437, 0.5623377843678506, 0.3971870572885746, 0.6156737189383478, 0.6616702185382578, 0.6490615933234247, 0.11043559432654548, 0.03057667741615182, 0.5919700734839676, 0.7176121413801289, 0.5620854860526011, 0.28159257122851244, 0.5024992968330657, 0.11180641830396773, 0.38683471782156853, 0.02412437265376663, 0.18128935843377458, 0.025554317203807686, 0.7308859953882748, 0.9974015300940368, 0.6353983521922546, 0.5711572339597811, 0.2487336461663712, 0.5806434333432487, 0.4769233794986898, 0.11423602114549261, 0.7636878354149397, 0.7429565236002815, 0.43899960765948987, 0.149912658938068, 0.6601697467087602, 0.9941261015401925, 0.6088688437955473, 0.0649481368584752, 0.6984702125384936, 0.84250975243883, 0.9837656128268671, 0.7929547796070995, 0.13154204596513147, 0.1074163886797988, 0.7557963185119372, 0.5451226653715969, 0.8478209712130316, 0.5489026156683267, 0.32774632777079027, 0.7490861193671441, 0.36111261970544206, 0.9639150937948037, 0.08996780964743882, 0.07614729816101166, 0.8397655480043097, 0.6495228241467836, 0.478665294998835, 0.4005780459338858, 0.9477032435096352, 0.9004879986055402, 0.04134191938638623], BATTLES: 254-177-196-408-301-307-397-315-320-
9, 7, -2732.0, [0.05806497591832782, 0.9133591233480087, 0.40627661347135213, 0.5009779328791191, 0.7678199660489275, 0.3654382252056595, 0.8531049218393916, 0.8287867095034814, 0.3635936946168571, 0.99187313584414, 0.6395530307188763, 0.42460059722307686, 0.37271021474713417, 0.006451758871802979, 0.3218769417351467, 0.4625725747103619, 0.6956453438096174, 0.37517529982656284, 0.33925749451487597, 0.016433655958348444, 0.5269908510321226, 0.10228877032209764, 0.22340844670984775, 0.5055322703411962, 0.9709416766532373, 0.8627622133863966, 0.5364928322377538, 0.9448532951089057, 0.3254878744854501, 0.5115203657366949, 0.8661561408960262, 0.4305672709422013, 0.365503601079354, 0.7568327148046162, 0.7892273395205123, 0.14396878303159408, 0.4613986058936878, 0.7360217201312726, 0.6123129359272872, 0.29778538181073194, 0.7509828058123966, 0.08135039493242571, 0.8775804657183885, 0.7166327121212701, 0.09416429214379944, 0.28052731155979355, 0.5394619791958352, 0.6550369485652396, 0.9177906347307572, 0.20556321371969585, 0.21316754444946842, 0.6561260422992047, 0.35786701876796956, 0.8585567055913965, 0.41242611172984206, 0.17733518127483783, 0.4534012458330111, 0.28244483443816376, 0.3605248260782382, 0.5781248390744285, 0.8163542677520901, 0.5948482400979554, 0.4433476846954856], BATTLES: 192-134-155-263-237-241-278-224-229-
9, 8, -2857.0, [0.5055254493397786, 0.9208901409101468, 0.03318951815570295, 0.94165621779787, 0.9089774280229742, 0.3133873299697732, 0.516637898365584, 0.28922418241965997, 0.17765322192172667, 0.49302144322450614, 0.7530954845676698, 0.5978209682845961, 0.07377886467203937, 0.07399855551631784, 0.7630231961093992, 0.789436462373911, 0.9318429926212317, 0.41536281430073274, 0.4396786548284735, 0.01202162944902582, 0.26633719221031715, 0.06345240180185897, 0.5823218880533879, 0.017982809349735975, 0.780369957443888, 0.9721818463116029, 0.6967245024961765, 0.3111001085092925, 0.1445882900863671, 0.6616909211646502, 0.9578641586715969, 0.2985722669984908, 0.926310759187621, 0.7155098782906069, 0.4348776485787175, 0.20398835138383603, 0.8626590639236116, 0.8579294548100773, 0.6013256035897488, 0.22733380275244386, 0.8895568277924315, 0.9453606050900343, 0.7704984852608009, 0.5613728265812429, 0.07930053076158781, 0.24919858700088354, 0.8559826802110335, 0.8083671939031267, 0.8961662839399144, 0.1971511990512715, 0.16800978776737774, 0.6627237724290518, 0.3492450518778445, 0.9241180509621737, 0.20339471398447967, 0.12792903752153967, 0.8059746073851604, 0.5447352762850672, 0.5245121506799728, 0.33384702951652606, 0.9894369672689789, 0.45914026626524745, 0.38360135970924814], BATTLES: 326-223-286-389-327-372-303-266-308-
9, 9, -2492.0, [0.43005948896832036, 0.5270465112049186, 0.013463789410066665, 0.833709317525212, 0.8197462872759571, 0.1570694600288221, 0.4866249647396005, 0.6582919496021219, 0.5700455251552415, 0.5299358565378159, 0.4368268029524885, 0.8032575442262875, 0.3174507811329701, 0.3039830829573053, 0.6682790119388652, 0.635925291419907, 0.5780765390784545, 0.1764528614011818, 0.3751595367756635, 0.010234785261675379, 0.4271372312590952, 0.08576997997918363, 0.4627904339893807, 0.19315473818613543, 0.951097545915544, 0.8288067225173025, 0.7449689426879855, 0.3533805653117059, 0.2946940648775986, 0.3606983592963926, 0.801366571727776, 0.27376880332433184, 0.9734547676985987, 0.8476956566974126, 0.49629802351642605, 0.22955836096051624, 0.3136633944426097, 0.33414969788365106, 0.009415509695142654, 0.6633177692203203, 0.8258275838371765, 0.9993433529402809, 0.44595528129874606, 0.49687929624449323, 0.18578230969790607, 0.07704888136582064, 0.7283128423282114, 0.9935060929369179, 0.997360466801194, 0.4567098782908372, 0.3086012500677222, 0.9258862991962769, 0.16629745000473753, 0.9357784572158191, 0.3143867998667377, 0.3483856181380782, 0.6150818700771924, 0.4797473643266905, 0.1934649435697821, 0.28982182948916246, 0.9909538376783669, 0.8340940296649426, 0.3297415161185108], BATTLES: 286-178-277-382-289-349-233-207-291-
9, 10, -2964.0, [0.31761663292162784, 0.9552546615790635, 0.20277691194489045, 0.8561112194245399, 0.9529454814477915, 0.2828493928940977, 0.5878939437717399, 0.8797491627756046, 0.5941156951442181, 0.5760690677961272, 0.856448094522657, 0.8329013217030528, 0.027120147933394567, 0.008166202154304358, 0.6446642682382875, 0.6339602695321942, 0.7744378853708793, 0.43055482269341117, 0.45565871035497557, 0.011294385375167672, 0.28890361037105294, 0.023385322628699662, 0.380718722486389, 0.13776917380837028, 0.9630449584118874, 0.8507476556447036, 0.45373262686528865, 0.6703526117787264, 0.24593086578973844, 0.47336095292818564, 0.8322980508883631, 0.281824261095003, 0.7003712307037511, 0.3823888090382336, 0.6929429343174393, 0.07625559760535175, 0.7889242764980668, 0.9618273057009092, 0.5873785058600884, 0.4441555991411118, 0.9351216747543326, 0.7002549282764546, 0.8427392339073956, 0.8363310628316181, 0.07430009435691176, 0.20916254297139253, 0.8027321587397709, 0.8542526270764907, 0.7459656642680559, 0.22785862399095713, 0.3280628598258996, 0.8131866416238789, 0.4414431058409942, 0.8208726219234707, 0.24154531203044724, 0.05105355748040869, 0.8095360637825815, 0.19115180503668747, 0.7171565750758131, 0.7886731611271561, 0.986662157527745, 0.6103159778187612, 0.031165954345810154], BATTLES: 341-226-266-432-317-356-397-292-337-
9, 11, -2888.0, [0.12439449840791972, 0.7667092439075545, 0.14581608578621014, 0.47626969429426147, 0.8505841003228324, 0.4287993073717618, 0.8226475788811752, 0.7913948959614195, 0.3510751934539235, 0.930669393417099, 0.5967713261999769, 0.5235228815429106, 0.20485695855364255, 0.22801285512806763, 0.5486111098754577, 0.43576541394559487, 0.6361875979164222, 0.28686116629675995, 0.4354883567767755, 0.12319089803032301, 0.4598333069928536, 0.09401973692995996, 0.04132684996896937, 0.15601964618304265, 0.9557661077586106, 0.8877447220441578, 0.9341757184378807, 0.6665896177324441, 0.5693776079436426, 0.6137118010111773, 0.83464136414971, 0.22797162157828207, 0.3084165855152624, 0.8025852346725442, 0.656493808600213, 0.14236846437812728, 0.5315366691072672, 0.8572129271152003, 0.6030870159145256, 0.1927720827913867, 0.6501609156185053, 0.07232942599030556, 0.8532526678226249, 0.5031567256668701, 0.04513026597092956, 0.2193976933073154, 0.8721392120419622, 0.9011451236789528, 0.739555696329568, 0.22917963224275437, 0.6624204366726987, 0.447171376022255, 0.5773179174554757, 0.8348961881374222, 0.15440266277730808, 0.15958289235737577, 0.4813717575431723, 0.6160810280814072, 0.2280586286439848, 0.48909895681403026, 0.9435501025740056, 0.9086927545567265, 0.4291312178518138], BATTLES: 318-217-278-440-344-389-353-225-324-
9, 12, -2836.0, [0.2216805019040991, 0.9733061893415251, 0.11862071881943642, 0.9546578164116546, 0.7459105593585938, 0.19263325402864376, 0.5680561407285716, 0.7152951697421555, 0.4308640033856828, 0.9843260823147129, 0.5141028237318048, 0.38069702175546793, 0.36830912110500147, 0.06281818018200942, 0.66292413618213, 0.49388884798220184, 0.8207626017329553, 0.6353826023613466, 0.312020626732766, 0.0044524987568699825, 0.7882056245413231, 0.013878578769903838, 0.044149516529034566, 0.07833426775690137, 0.8404686941666838, 0.9586330504827922, 0.1579230849115193, 0.8753197100147705, 0.18804608141071757, 0.59282291648995, 0.6227371949914114, 0.35666009116597525, 0.9612074013317351, 0.634712118161521, 0.6856425848375126, 0.1875774674393526, 0.4221357791452045, 0.4640493349338164, 0.46831018115241474, 0.06102815634079484, 0.896766318686058, 0.6823017740787151, 0.640472420560539, 0.9668599244432591, 0.030782132017350722, 0.06110811623127339, 0.8743866984823581, 0.5555379442345413, 0.8241044001832243, 0.009273346866988497, 0.2835199926064585, 0.5871847191097389, 0.3750315818936927, 0.7936083749314427, 0.020011545489346194, 0.020381530992170424, 0.5506941950175247, 0.24262784164438506, 0.9182463163630465, 0.4230497105814507, 0.9898926214233814, 0.6445136863761586, 0.06843321977783212], BATTLES: 290-196-212-428-322-302-419-304-324-
9, 13, -2860.0, [0.19023889126927873, 0.8130128057975451, 0.07173216967954635, 0.7913433259349614, 0.9386520245106731, 0.47122806844983434, 0.7003277751997257, 0.814823308695701, 0.13965749721956183, 0.9262795092967424, 0.6383788244822844, 0.47293395086799506, 0.33843472499585825, 0.0700438691209314, 0.42494300845825433, 0.4296546455063428, 0.8925485948308547, 0.14006088298446026, 0.447579879855152, 0.014609953786747648, 0.3718861299044124, 0.08477663875754687, 0.11303321690813625, 0.0003049846278599666, 0.9841816037975435, 0.9246572391916794, 0.7784585205621735, 0.7355712172464157, 0.406375678718476, 0.87233443124598, 0.904220847269797, 0.06057015280458361, 0.9083249648043336, 0.8082857135844207, 0.5558926546147729, 0.034737812244637935, 0.6266700014549897, 0.8935447823238436, 0.5879390545325703, 0.2928439272916185, 0.8538571553320371, 0.5569088383515999, 0.9333746095308404, 0.6326230096495424, 0.019176354434703086, 0.23125967360886163, 0.996838284220341, 0.8875690263684409, 0.8866107169255963, 0.15896756848423982, 0.6856165631391355, 0.5879898864738737, 0.3992885937659636, 0.9934057984290529, 0.06905136396364171, 0.033019234226175774, 0.6518752490630618, 0.5748094900561476, 0.18541840762962902, 0.44374480761013724, 0.9726381285550221, 0.9541104680043523, 0.09009402427651597], BATTLES: 296-217-276-452-325-369-377-239-309-
9, 14, -2663.0, [0.024661646253498898, 0.8576803793434296, 0.6570421936535372, 0.4014497904210925, 0.5855283525193833, 0.34628645250495843, 0.7585802011476229, 0.7450081820845352, 0.47365510685278117, 0.7302108819472718, 0.6390693341552526, 0.2584839583365083, 0.5271677584121119, 0.09407719330610148, 0.32549577446957967, 0.42226013671504825, 0.5510735903829087, 0.0614608911663547, 0.39419862677588174, 0.01965154367873015, 0.35480784339546395, 0.07069953124266112, 0.518787075461626, 0.42937707592849844, 0.9916677259506443, 0.8134934960283338, 0.2821668134020932, 0.7078337164766518, 0.2474420503326607, 0.9823123613897933, 0.4618990004064773, 0.4573714556444226, 0.3998775639943103, 0.7283673773451801, 0.6560674041059624, 0.4718979203269611, 0.4401113412567221, 0.6823323757676939, 0.42709765472042566, 0.23447139811539588, 0.6235725998105377, 0.29973604732449977, 0.8056312523935457, 0.6361365604944635, 0.11466919980352999, 0.2914613437057371, 0.4611782975652375, 0.550112975662597, 0.9195535308671523, 0.2667319931740123, 0.3621634788223332, 0.831748016437518, 0.146292524132925, 0.7402458153171086, 0.32619236861983936, 0.16567737048874215, 0.580099673515389, 0.8177982106449522, 0.36562228023194643, 0.558975120814135, 0.8002806410467115, 0.6478499109385207, 0.5233576317212943], BATTLES: 312-187-214-400-281-281-377-328-283-
10, 0, -2807.0, [0.0006440440971111488, 0.9700811889909918, 0.04412334735800225, 0.7992272022657483, 0.6465235478752455, 0.41566260557053014, 0.8908685645626149, 0.3076680994186874, 0.40226634418905716, 0.8200344346788542, 0.7338965623702125, 0.8673637182532296, 0.13474628257524407, 0.19222039050116507, 0.346227350634607, 0.773558872611791, 0.9860999694942885, 0.7568149477835914, 0.4225339935199488, 0.003834361608104589, 0.17570556793420303, 0.04923086581991511, 0.20154243883607442, 0.22783728091589042, 0.9768385368361615, 0.9703883468799767, 0.5050533128814109, 0.6775409269469558, 0.19129193140604583, 0.7746965685181666, 0.8494983629782813, 0.3549917271966705, 0.8287871214343995, 0.9857415833262548, 0.6437863016019233, 0.010663839509382541, 0.8406277833626408, 0.5659342481493976, 0.8707478079383842, 0.09454334868139158, 0.7317851254261922, 0.32883336516817613, 0.956414938302596, 0.6080880913587577, 0.07629322726236454, 0.2504218726432941, 0.8109028244819867, 0.6706070314479496, 0.6368966925763777, 0.06180072152278678, 0.7811765610480872, 0.8035227024632801, 0.728245015866636, 0.9912592499445773, 0.3581982492678542, 0.13977670121923227, 0.7889099996389075, 0.5292978563043004, 0.5686705029436134, 0.6852363763853131, 0.7805373732256471, 0.7615160535808161, 0.0663551641786026], BATTLES: 237-166-185-395-344-290-389-318-310-
10, 1, -2323.0, [0.35490424080458277, 0.6065379366155446, 0.14904632552259336, 0.793075711863134, 0.9859139207810013, 0.20978713796935688, 0.14777321242406244, 0.9842049659366059, 0.33957508803481623, 0.6143159310409294, 0.625435972342613, 0.6407968228070978, 0.1107502779831937, 0.2290528197108071, 0.7425893814704695, 0.8130319071102419, 0.8536903125328912, 0.6436477968404082, 0.5231220971167467, 0.07556827739367412, 0.39271310113165814, 0.16516763860542985, 0.2939961178101286, 0.1913884598626889, 0.7309842690077344, 0.9010537479747206, 0.16949693810493366, 0.5619755326094182, 0.3859673048871254, 0.5323832420468646, 0.4838262745161843, 0.3379988489498368, 0.5906272741980148, 0.5941940801616074, 0.3480384319952893, 0.15875413219398954, 0.6342840141904914, 0.8143727654709105, 0.5460854023469137, 0.8776910509655934, 0.8886954470052134, 0.9317147254091185, 0.5138834468205663, 0.9491222122876374, 0.1747222861150875, 0.23830049098136652, 0.8218807825572326, 0.8926172660337472, 0.7262610155282723, 0.14356753879359302, 0.5534100769053086, 0.4917764419274604, 0.6010693673107823, 0.7604176889255521, 0.15031205139618578, 0.408795455718312, 0.823605519998714, 0.11871004237284027, 0.4073428488070367, 0.7095287778902778, 0.9969313904949888, 0.7764211501033098, 0.17042651417754165], BATTLES: 306-152-217-365-273-288-237-187-240-
10, 2, -2865.0, [0.1436713807060775, 0.5331553707766261, 0.1475088531506166, 0.8799604025345059, 0.9690452120215127, 0.5020948081226605, 0.52955959613151, 0.8878924646196945, 0.6243967493357502, 0.9254779215426585, 0.7432546245916605, 0.8360936568730327, 0.27916798833556977, 0.04820838354129893, 0.7579859917692747, 0.5840308663014617, 0.8785084564391888, 0.47195752590473583, 0.38770715006997725, 0.1370722327573036, 0.21726764532762957, 0.18765477766719957, 0.4814458775434285, 0.1853672809347948, 0.9514049526183787, 0.848911184006474, 0.4176498655181017, 0.5974018369861797, 0.20439064319855804, 0.9864081623864367, 0.9923487522106422, 0.30686627754066087, 0.8894018613351987, 0.4265449644473449, 0.8075081179351264, 0.04742290184958964, 0.90573581938769, 0.8325795033411376, 0.6854720670619745, 0.2707024122425537, 0.9564244879277211, 0.8263836395604244, 0.995750269122123, 0.8443283657913102, 0.08069547276039785, 0.4784359028603526, 0.8175114945205455, 0.7939619364825827, 0.7379840287374281, 0.10267599648448168, 0.6437103480278782, 0.7833796240469507, 0.48343451776722646, 0.8703507812944227, 0.3118698231733743, 0.07600884552347562, 0.7300154232160188, 0.3859243232857128, 0.5469081508737487, 0.6608101757813736, 0.8512692849203841, 0.7273067329505548, 0.25904482633534337], BATTLES: 311-202-231-449-305-350-337-246-292-
10, 3, -2789.0, [0.2902944209998461, 0.6971659635059798, 0.11231685247575042, 0.975897834181312, 0.7998775513698665, 0.26178096013359814, 0.9128499326324284, 0.9796211080313223, 0.7112708248138953, 0.9647975237910859, 0.48233875568780427, 0.9089533869428286, 0.012806757763799193, 0.05578278208150694, 0.4767651641726378, 0.7835420374473694, 0.9528465848803491, 0.45864974354566734, 0.34361451655217595, 0.0023458347829607117, 0.2728012631152013, 0.3437640166928273, 0.04149164994616339, 0.14802113165911346, 0.7821949149244379, 0.8381855106611251, 0.4223795615700876, 0.7006487198926119, 0.09975116289184639, 0.33153674290882007, 0.9318499118391596, 0.2451713847930032, 0.9295975683076907, 0.9778736050150009, 0.6808725403884158, 0.11468259343911993, 0.4773886493251606, 0.44916509351700695, 0.5892892949724959, 0.1880030034052409, 0.9575487470558033, 0.3489370382903938, 0.9993602550873772, 0.8007640177612503, 0.10490134236666428, 0.2692360489731641, 0.8714551697822503, 0.8161924251913321, 0.9148748320619176, 0.050845625954759804, 0.4855316734613352, 0.9821699639422907, 0.5454071304470883, 0.9675220497603505, 0.19654019888108729, 0.09410311110517523, 0.7368513499046316, 0.7205455682541497, 0.5457095696502203, 0.8393840609364214, 0.9037790115034117, 0.5206775422824523, 0.00706075189347468], BATTLES: 306-184-225-455-329-349-386-282-273-
10, 4, -2670.0, [0.04323663509850841, 0.8257242948987056, 0.6129087443779014, 0.8955099925476894, 0.6723584417686866, 0.3420893647297132, 0.7791535806060208, 0.9421744960807338, 0.3260030648721586, 0.9341696486458894, 0.942767620831698, 0.9796870352541173, 0.14680652987239518, 0.07668287903991747, 0.8509972684520736, 0.3056018495587708, 0.857204739355379, 0.3248261940647053, 0.4176595785519131, 0.09119970961606087, 0.11925106679884534, 0.025105937116513904, 0.16329834350674902, 0.3572512174151222, 0.9659646226537524, 0.9999436667820041, 0.8603671214802902, 0.2968155382510178, 0.40803945591042196, 0.4073728473381466, 0.9736894137213421, 0.12327647343836957, 0.7329928285366214, 0.5840566554955808, 0.622936052376009, 0.025808024595699877, 0.9791430377164017, 0.757572936793492, 0.32634912432141294, 0.22335819105793336, 0.7333864168452412, 0.6437497394671295, 0.9413367204162734, 0.8385708382061176, 0.0980908699778984, 0.11310676860595727, 0.9290668915656379, 0.759726623070469, 0.7310912727496696, 0.29022980792138203, 0.055624525043175804, 0.7012131824312052, 0.6585984780806026, 0.7129497979805519, 0.4876296515468831, 0.3367810079452459, 0.7030239166541937, 0.4261625909651165, 0.16667313862352579, 0.7797630756661947, 0.8831872025875986, 0.8658651603931863, 0.0039623398651418285], BATTLES: 282-173-224-351-283-313-307-242-271-
10, 5, -1922.0, [0.09195679511494784, 0.7725114862559787, 0.049505988752635725, 0.9089589954683229, 0.7073440232919641, 0.3423684661663212, 0.8162492184305632, 0.9934056397618221, 0.7440545892399582, 0.8562722165377384, 0.7947778788959747, 0.4656986431580824, 0.22955978457172502, 0.14917620361934983, 0.4041200708758189, 0.737895459796132, 0.9548286891445874, 0.7859090853051911, 0.3429994073521241, 0.04531825334635443, 0.3142824180499468, 0.1696632622408122, 0.1765903531267148, 0.06164270751251845, 0.7492091518828305, 0.9456842460439542, 0.46922641293785516, 0.6659448567795182, 0.2722656545753239, 0.6195817659642474, 0.9048144789684822, 0.13540702012083464, 0.33651801566602507, 0.5006035825473091, 0.5557648935692849, 0.07227696865584542, 0.7665659702889224, 0.5103447307459777, 0.6934856893961494, 0.4226525617612261, 0.9946807559577753, 0.5742301102216638, 0.6015128082699127, 0.746589173616107, 0.34334281544335654, 0.29778743959869813, 0.9025199362740932, 0.6621990300018098, 0.9389349274846558, 0.21467678672991852, 0.5992374470599819, 0.9730949660572681, 0.6754888189375837, 0.9930155232588445, 0.3087870782430454, 0.1796112191301531, 0.4672144444132087, 0.5991529844321235, 0.4693877325947523, 0.8008421182481187, 0.9818126148749939, 0.684961758881778, 0.007414547308996507], BATTLES: 151-98-184-245-183-255-235-181-231-
10, 6, -2632.0, [0.23218165832864718, 0.969015805474399, 0.10592025927923221, 0.8816645948979782, 0.8128723909441167, 0.7616569650913676, 0.41807010950760437, 0.5623377843678506, 0.3971870572885746, 0.6156737189383478, 0.6616702185382578, 0.9930313186602006, 0.05521779716327274, 0.03057667741615182, 0.5919700734839676, 0.9471762696332936, 0.8050032646090992, 0.28159257122851244, 0.5024992968330657, 0.11180641830396773, 0.38683471782156853, 0.02412437265376663, 0.02976020451527696, 0.025554317203807686, 0.8852444414668637, 0.9974015300940368, 0.5193154170104988, 0.5711572339597811, 0.2487336461663712, 0.5806434333432487, 0.6372823119907591, 0.11423602114549261, 0.7636878354149397, 0.7429565236002815, 0.43899960765948987, 0.0578091035748832, 0.6601697467087602, 0.4521221418354013, 0.6908542826318074, 0.0649481368584752, 0.8266950770694079, 0.84250975243883, 0.9837656128268671, 0.7929547796070995, 0.06577102298256574, 0.1074163886797988, 0.8766056433962318, 0.6079156278048075, 0.6990180879421528, 0.5489026156683267, 0.32774632777079027, 0.7490861193671441, 0.3723952117283561, 0.9639150937948037, 0.08996780964743882, 0.07614729816101166, 0.8397655480043097, 0.7621557409450149, 0.742719498827485, 0.5686227212112459, 0.7968411310481258, 0.8585656894637086, 0.04134191938638623], BATTLES: 242-163-213-378-282-274-388-315-261-
10, 7, -2669.0, [0.05806497591832782, 0.9133591233480087, 0.40627661347135213, 0.5009779328791191, 0.7678199660489275, 0.3654382252056595, 0.8531049218393916, 0.8287867095034814, 0.3635936946168571, 0.99187313584414, 0.6395530307188763, 0.42460059722307686, 0.37271021474713417, 0.006451758871802979, 0.3218769417351467, 0.4625725747103619, 0.6956453438096174, 0.37517529982656284, 0.33925749451487597, 0.016433655958348444, 0.5269908510321226, 0.10228877032209764, 0.22340844670984775, 0.5055322703411962, 0.9709416766532373, 0.8627622133863966, 0.5364928322377538, 0.9448532951089057, 0.3254878744854501, 0.5115203657366949, 0.8661561408960262, 0.4305672709422013, 0.365503601079354, 0.7568327148046162, 0.7892273395205123, 0.14396878303159408, 0.4613986058936878, 0.7360217201312726, 0.6123129359272872, 0.29778538181073194, 0.7509828058123966, 0.08135039493242571, 0.8775804657183885, 0.7166327121212701, 0.09416429214379944, 0.28052731155979355, 0.5394619791958352, 0.6550369485652396, 0.9177906347307572, 0.20556321371969585, 0.21316754444946842, 0.6561260422992047, 0.35786701876796956, 0.8585567055913965, 0.41242611172984206, 0.17733518127483783, 0.4534012458330111, 0.28244483443816376, 0.3605248260782382, 0.5781248390744285, 0.8163542677520901, 0.5948482400979554, 0.4433476846954856], BATTLES: 302-173-195-393-284-317-414-311-280-
10, 8, -2814.0, [0.1414900718910289, 0.9208901409101468, 0.03318951815570295, 0.94165621779787, 0.9089774280229742, 0.3133873299697732, 0.516637898365584, 0.8617716697398552, 0.17765322192172667, 0.49302144322450614, 0.7530954845676698, 0.5978209682845961, 0.036889432336019684, 0.03699927775815892, 0.7196291707454484, 0.5493846831517685, 0.9659214963106159, 0.23364381592808217, 0.414513362988679, 0.009396851076567228, 0.26633719221031715, 0.06345240180185897, 0.5823218880533879, 0.2074314702379274, 0.9342652565041484, 0.9721818463116029, 0.7665497578964845, 0.3111001085092925, 0.26042931980284734, 0.6616909211646502, 0.9789320793357985, 0.057457997385837345, 0.926310759187621, 0.7155098782906069, 0.4348776485787175, 0.03421723139761161, 0.9313295319618058, 0.9289647274050387, 0.6525657784959679, 0.22733380275244386, 0.8895568277924315, 0.9453606050900343, 0.7704984852608009, 0.5613728265812429, 0.07930053076158781, 0.24919858700088354, 0.8997646356107728, 0.8795908185558118, 0.7988096757173394, 0.16619472070782343, 0.16800978776737774, 0.6627237724290518, 0.3492450518778445, 0.9241180509621737, 0.20339471398447967, 0.12792903752153967, 0.7602116906162079, 0.5447352762850672, 0.6767883301274636, 0.33384702951652606, 0.9894369672689789, 0.716020794164951, 0.38360135970924814], BATTLES: 312-206-220-415-266-298-387-265-294-
10, 9, -2611.0, [0.3441215766584265, 0.5270465112049186, 0.013463789410066665, 0.833709317525212, 0.8573535518261921, 0.2627912139784007, 0.4866249647396005, 0.647617235511301, 0.6233730403218221, 0.5561834352293047, 0.4368268029524885, 0.8032575442262875, 0.3174507811329701, 0.3039830829573053, 0.6850070643888198, 0.635925291419907, 0.630966735778356, 0.3809469763623827, 0.39837224441359936, 0.010234785261675379, 0.5516952842174742, 0.04288498998959182, 0.40540309895356774, 0.19315473818613543, 0.9844277685110784, 0.9731955059635145, 0.7449689426879855, 0.3533805653117059, 0.2946940648775986, 0.3606983592963926, 0.6693289012688297, 0.27376880332433184, 0.8588401890358422, 0.46395922495098624, 0.5918988688787042, 0.136959402486522, 0.513018605898318, 0.33414969788365106, 0.20511853423293952, 0.49902514552204746, 0.8258275838371765, 0.9996716764701404, 0.44595528129874606, 0.831402187955304, 0.18578230969790607, 0.07704888136582064, 0.8260404444989975, 0.9935060929369179, 0.997360466801194, 0.30422068907534966, 0.3086012500677222, 0.9398442185432705, 0.21602618445993452, 0.9357784572158191, 0.18886800424462719, 0.3483856181380782, 0.6150818700771924, 0.4797473643266905, 0.1934649435697821, 0.48892094070567255, 0.9954769188391834, 0.8340940296649426, 0.2138026072168085], BATTLES: 287-182-269-372-291-334-241-199-250-
10, 10, -2942.0, [0.31761663292162784, 0.9552546615790635, 0.20277691194489045, 0.8561112194245399, 0.9529454814477915, 0.2828493928940977, 0.5878939437717399, 0.8797491627756046, 0.5941156951442181, 0.5760690677961272, 0.856448094522657, 0.8329013217030528, 0.027120147933394567, 0.008166202154304358, 0.6446642682382875, 0.6339602695321942, 0.7744378853708793, 0.43055482269341117, 0.45565871035497557, 0.011294385375167672, 0.28890361037105294, 0.023385322628699662, 0.380718722486389, 0.13776917380837028, 0.9630449584118874, 0.8507476556447036, 0.45373262686528865, 0.6703526117787264, 0.24593086578973844, 0.47336095292818564, 0.8322980508883631, 0.281824261095003, 0.7003712307037511, 0.3823888090382336, 0.6929429343174393, 0.07625559760535175, 0.7889242764980668, 0.9618273057009092, 0.5873785058600884, 0.4441555991411118, 0.9351216747543326, 0.7002549282764546, 0.8427392339073956, 0.8363310628316181, 0.07430009435691176, 0.20916254297139253, 0.8027321587397709, 0.8542526270764907, 0.7459656642680559, 0.22785862399095713, 0.3280628598258996, 0.8131866416238789, 0.4414431058409942, 0.8208726219234707, 0.24154531203044724, 0.05105355748040869, 0.8095360637825815, 0.19115180503668747, 0.7171565750758131, 0.7886731611271561, 0.986662157527745, 0.6103159778187612, 0.031165954345810154], BATTLES: 327-210-261-435-311-368-394-299-337-
10, 11, -2850.0, [0.06219724920395986, 0.9132770638776502, 0.14581608578621014, 0.7771296854736944, 0.8505841003228324, 0.4287993073717618, 0.8226475788811752, 0.7913948959614195, 0.47249161312085475, 0.930669393417099, 0.5967713261999769, 0.5235228815429106, 0.0504227814725128, 0.22801285512806763, 0.45065495451999016, 0.5952111820265648, 0.8402168429842648, 0.28686116629675995, 0.4354883567767755, 0.12319089803032301, 0.4598333069928536, 0.01098884432232991, 0.020663424984484684, 0.15601964618304265, 0.9019894979254064, 0.8877447220441578, 0.6762202970551012, 0.6665896177324441, 0.5693776079436426, 0.6137118010111773, 0.83464136414971, 0.04247458270065471, 0.5111016231949546, 0.985624391750931, 0.656493808600213, 0.04548449070376823, 0.659400185209248, 0.8572129271152003, 0.7932928921758857, 0.09638604139569334, 0.6501609156185053, 0.07232942599030556, 0.9266263339113124, 0.8231377579546428, 0.04513026597092956, 0.2193976933073154, 0.7646472768756819, 0.9011451236789528, 0.8877275495151364, 0.3424754832351318, 0.6624204366726987, 0.447171376022255, 0.574233069833617, 0.8348961881374222, 0.15440266277730808, 0.15958289235737577, 0.5450239623112682, 0.6160810280814072, 0.2280586286439848, 0.48909895681403026, 0.9098514979074522, 0.9086927545567265, 0.2145656089259069], BATTLES: 317-208-271-438-303-331-347-232-308-
10, 12, -2795.0, [0.3299799718790362, 0.9753864884268348, 0.05931035940971821, 0.9773289082058273, 0.7459105593585938, 0.19263325402864376, 0.5680561407285716, 0.8223301224639635, 0.5376681523309005, 0.9921630411573564, 0.5141028237318048, 0.38069702175546793, 0.18186833792709955, 0.02029992203630277, 0.66292413618213, 0.6760608914971665, 0.8207626017329553, 0.41132860258326365, 0.25060151715703355, 0.0022262493784349913, 0.586295403143094, 0.013878578769903838, 0.044149516529034566, 0.03916713387845069, 0.850227309500272, 0.8776526424458094, 0.1579230849115193, 0.9802519317267582, 0.13083525747657138, 0.59282291648995, 0.750691087854486, 0.35666009116597525, 0.9612074013317351, 0.634712118161521, 0.6191989431356373, 0.13968349345768558, 0.4221357791452045, 0.4640493349338164, 0.46831018115241474, 0.06102815634079484, 0.896766318686058, 0.5786056279055076, 0.8935399030356962, 0.926584248314641, 0.030782132017350722, 0.039255126135517876, 0.9235932391202823, 0.7842505348263221, 0.8241044001832243, 0.004636673433494248, 0.2835199926064585, 0.8101185575389769, 0.39409477925869185, 0.7936083749314427, 0.020011545489346194, 0.020381530992170424, 0.5506941950175247, 0.5326695863167744, 0.7008566076049335, 0.5345686111045971, 0.9949463107116907, 0.6952727049577112, 0.03421660988891606], BATTLES: 298-168-223-418-317-295-408-291-276-
10, 13, -2801.0, [0.19023889126927873, 0.9065064028987726, 0.07173216967954635, 0.8662593574614149, 0.9386520245106731, 0.47122806844983434, 0.7003277751997257, 0.814823308695701, 0.5191132062848615, 0.9262795092967424, 0.5473053034990114, 0.3309922004447407, 0.33843472499585825, 0.02506485011868435, 0.42494300845825433, 0.4296546455063428, 0.8855664429261928, 0.14006088298446026, 0.38353345440498343, 0.007304976893373824, 0.719861099453829, 0.08477663875754687, 0.28977629335177135, 0.0003049846278599666, 0.9841816037975435, 0.9246572391916794, 0.7784585205621735, 0.7355712172464157, 0.11113957677736078, 0.87233443124598, 0.904220847269797, 0.06057015280458361, 0.9083249648043336, 0.8082857135844207, 0.6700109019848215, 0.034737812244637935, 0.6266700014549897, 0.9037505466283188, 0.5879390545325703, 0.2928439272916185, 0.8538571553320371, 0.7013186014462219, 0.8460380969935648, 0.6326230096495424, 0.019176354434703086, 0.1872584650935286, 0.996838284220341, 0.7465284699248825, 0.7847917316465158, 0.15896756848423982, 0.6086200211628106, 0.5879898864738737, 0.40040437378959387, 0.9388467770120628, 0.06905136396364171, 0.016509617113087887, 0.6518752490630618, 0.235629958047415, 0.18541840762962902, 0.5693695398850125, 0.9726381285550221, 0.9541104680043523, 0.09009402427651597], BATTLES: 296-200-262-436-301-343-344-239-329-
10, 14, -2548.0, [0.3074857813810154, 0.9288401896717148, 0.1895443070621043, 0.628893496867239, 0.5855283525193833, 0.34628645250495843, 0.7701282003687847, 0.5368537412285543, 0.49706453314247817, 0.46106098277127516, 0.6774730086920747, 0.34554263613641734, 0.2680618644815542, 0.09407719330610148, 0.4300262607383628, 0.42226013671504825, 0.5510735903829087, 0.26927475096208314, 0.39419862677588174, 0.01965154367873015, 0.35480784339546395, 0.07069953124266112, 0.713224261956857, 0.42937707592849844, 0.978116615536514, 0.8178617002286674, 0.36969982888134, 0.7078337164766518, 0.07486915426681687, 0.8671843832773767, 0.6341091661485272, 0.4573714556444226, 0.6313361486497591, 0.6815598677467475, 0.5842821645697567, 0.3100556378249091, 0.6753263309895366, 0.9636846461406796, 0.6238915916976493, 0.16258292464342633, 0.8350437287244841, 0.6448985578782265, 0.8556819484530306, 0.6674183549603729, 0.053382810885246004, 0.3157829093354027, 0.5913404653570027, 0.550112975662597, 0.9195535308671523, 0.13353738429340814, 0.3621634788223332, 0.9121109499482587, 0.24987083525138373, 0.7402458153171086, 0.32619236861983936, 0.16567737048874215, 0.7623766841408686, 0.5862873210723647, 0.6863529287441896, 0.558975120814135, 0.8002806410467115, 0.5579827393350569, 0.22992953906732705], BATTLES: 295-173-189-388-267-261-378-302-273-
11, 0, -2782.0, [0.0006440440971111488, 0.9700811889909918, 0.04412334735800225, 0.7992272022657483, 0.6465235478752455, 0.41566260557053014, 0.8908685645626149, 0.3076680994186874, 0.40226634418905716, 0.8200344346788542, 0.7338965623702125, 0.8673637182532296, 0.13474628257524407, 0.19222039050116507, 0.346227350634607, 0.773558872611791, 0.9860999694942885, 0.7568149477835914, 0.4225339935199488, 0.003834361608104589, 0.17570556793420303, 0.04923086581991511, 0.20154243883607442, 0.22783728091589042, 0.9768385368361615, 0.9703883468799767, 0.5050533128814109, 0.6775409269469558, 0.19129193140604583, 0.7746965685181666, 0.8494983629782813, 0.3549917271966705, 0.8287871214343995, 0.9857415833262548, 0.6437863016019233, 0.010663839509382541, 0.8406277833626408, 0.5659342481493976, 0.8707478079383842, 0.09454334868139158, 0.7317851254261922, 0.32883336516817613, 0.956414938302596, 0.6080880913587577, 0.07629322726236454, 0.2504218726432941, 0.8109028244819867, 0.6706070314479496, 0.6368966925763777, 0.06180072152278678, 0.7811765610480872, 0.8035227024632801, 0.728245015866636, 0.9912592499445773, 0.3581982492678542, 0.13977670121923227, 0.7889099996389075, 0.5292978563043004, 0.5686705029436134, 0.6852363763853131, 0.7805373732256471, 0.7615160535808161, 0.0663551641786026], BATTLES: 294-214-242-424-320-349-366-272-301-
11, 1, -2691.0, [0.23509935135658305, 0.6065379366155446, 0.07452316276129668, 0.9898694917583976, 0.9929569603905006, 0.3590693133998596, 0.14777321242406244, 0.992102482968303, 0.33957508803481623, 0.6143159310409294, 0.6572367531964639, 0.8366423684681104, 0.1107502779831937, 0.2290528197108071, 0.7425893814704695, 0.8130319071102419, 0.8536903125328912, 0.5605540570155311, 0.4830774032132377, 0.055971527700898215, 0.39271310113165814, 0.16516763860542985, 0.2939961178101286, 0.07252944185840869, 0.7866074248253615, 0.9104596716166269, 0.4166754276924859, 0.5595004063685469, 0.49556026625682736, 0.5687262376212854, 0.8587521650572572, 0.3379988489498368, 0.8806374226175631, 0.6443672143529701, 0.5436969255090685, 0.07937706609699477, 0.6342840141904914, 0.8143727654709105, 0.7898399590132865, 0.8776910509655934, 0.8886954470052134, 0.8469745449876354, 0.5138834468205663, 0.9491222122876374, 0.021091244481944535, 0.23830049098136652, 0.8218807825572326, 0.8926172660337472, 0.7262610155282723, 0.14356753879359302, 0.794349483730318, 0.4917764419274604, 0.6010693673107823, 0.7604176889255521, 0.14595897067513058, 0.408795455718312, 0.823605519998714, 0.11871004237284027, 0.4073428488070367, 0.6418164054698676, 0.9969313904949888, 0.8664990303418032, 0.07675566671713507], BATTLES: 302-174-200-350-247-285-258-158-239-
11, 2, -2748.0, [0.1436713807060775, 0.5331553707766261, 0.1475088531506166, 0.8799604025345059, 0.9690452120215127, 0.5020948081226605, 0.52955959613151, 0.8878924646196945, 0.6243967493357502, 0.9254779215426585, 0.7432546245916605, 0.8360936568730327, 0.27916798833556977, 0.04820838354129893, 0.7579859917692747, 0.5840308663014617, 0.8785084564391888, 0.47195752590473583, 0.38770715006997725, 0.1370722327573036, 0.21726764532762957, 0.18765477766719957, 0.4814458775434285, 0.1853672809347948, 0.9514049526183787, 0.848911184006474, 0.4176498655181017, 0.5974018369861797, 0.20439064319855804, 0.9864081623864367, 0.9923487522106422, 0.30686627754066087, 0.8894018613351987, 0.4265449644473449, 0.8075081179351264, 0.04742290184958964, 0.90573581938769, 0.8325795033411376, 0.6854720670619745, 0.2707024122425537, 0.9564244879277211, 0.8263836395604244, 0.995750269122123, 0.8443283657913102, 0.08069547276039785, 0.4784359028603526, 0.8175114945205455, 0.7939619364825827, 0.7379840287374281, 0.10267599648448168, 0.6437103480278782, 0.7833796240469507, 0.48343451776722646, 0.8703507812944227, 0.3118698231733743, 0.07600884552347562, 0.7300154232160188, 0.3859243232857128, 0.5469081508737487, 0.6608101757813736, 0.8512692849203841, 0.7273067329505548, 0.25904482633534337], BATTLES: 341-175-209-426-331-332-376-253-305-
11, 3, -2630.0, [0.2902944209998461, 0.6971659635059798, 0.11231685247575042, 0.975897834181312, 0.7998775513698665, 0.26178096013359814, 0.9128499326324284, 0.9796211080313223, 0.7112708248138953, 0.9647975237910859, 0.48233875568780427, 0.9089533869428286, 0.012806757763799193, 0.05578278208150694, 0.4767651641726378, 0.7835420374473694, 0.9528465848803491, 0.45864974354566734, 0.34361451655217595, 0.0023458347829607117, 0.2728012631152013, 0.3437640166928273, 0.04149164994616339, 0.14802113165911346, 0.7821949149244379, 0.8381855106611251, 0.4223795615700876, 0.7006487198926119, 0.09975116289184639, 0.33153674290882007, 0.9318499118391596, 0.2451713847930032, 0.9295975683076907, 0.9778736050150009, 0.6808725403884158, 0.11468259343911993, 0.4773886493251606, 0.44916509351700695, 0.5892892949724959, 0.1880030034052409, 0.9575487470558033, 0.3489370382903938, 0.9993602550873772, 0.8007640177612503, 0.10490134236666428, 0.2692360489731641, 0.8714551697822503, 0.8161924251913321, 0.9148748320619176, 0.050845625954759804, 0.4855316734613352, 0.9821699639422907, 0.5454071304470883, 0.9675220497603505, 0.19654019888108729, 0.09410311110517523, 0.7368513499046316, 0.7205455682541497, 0.5457095696502203, 0.8393840609364214, 0.9037790115034117, 0.5206775422824523, 0.00706075189347468], BATTLES: 262-197-218-417-281-340-380-255-280-
11, 4, -2743.0, [0.0749670848797509, 0.9158053300382937, 0.4738791877006471, 0.9231099581245281, 0.7840620953990108, 0.42831689438342246, 0.6364550581279912, 0.9089493497507956, 0.3260030648721586, 0.8390597937555199, 0.942767620831698, 0.9796870352541173, 0.14680652987239518, 0.04392993239798078, 0.8509972684520736, 0.3056018495587708, 0.8512368851728215, 0.3248261940647053, 0.4380483596198153, 0.10306751061920551, 0.12028211051018516, 0.025105937116513904, 0.16329834350674902, 0.34366837552480217, 0.9659646226537524, 0.9999436667820041, 0.7581983547361263, 0.29221631617315236, 0.40803945591042196, 0.6336470799413525, 0.986844706860671, 0.20459708432364165, 0.7323930568175414, 0.3970381347116171, 0.622936052376009, 0.012904012297849939, 0.9895715188582008, 0.757572936793492, 0.41822346397466625, 0.22335819105793336, 0.7832113136296163, 0.7763650645998148, 0.9706683602081367, 0.9824310884480222, 0.08311727726457202, 0.17403878439853904, 0.9290668915656379, 0.8464257605964761, 0.7216469361073072, 0.29022980792138203, 0.27644810299633776, 0.7012131824312052, 0.5883574649828721, 0.7177853542765514, 0.4876296515468831, 0.23795011850624043, 0.7390205578369079, 0.21996120325169088, 0.30369204464322624, 0.7797630756661947, 0.9756299326126476, 0.8658651603931863, 0.0680420471554143], BATTLES: 268-175-211-388-292-306-378-289-263-
11, 5, -2011.0, [0.036265725692226566, 0.7725114862559787, 0.049505988752635725, 0.8497909745995176, 0.9601723627497863, 0.6745756964283902, 0.423113532950651, 0.889624732638051, 0.8392061707268265, 0.8562722165377384, 0.9176467916056447, 0.9104470449078848, 0.22955978457172502, 0.08548501560765029, 0.7020822494047, 0.5305390730277946, 0.8940933083732969, 0.6094951555749091, 0.3429994073521241, 0.17683754118224876, 0.15743642450021633, 0.08861754552807717, 0.5892884354128041, 0.06164270751251845, 0.7492091518828305, 0.9456842460439542, 0.43618662819009973, 0.6659448567795182, 0.2722656545753239, 0.8097908829821236, 0.9916784199413798, 0.3351108448939244, 0.637356869420629, 0.13363432414281667, 0.7777927433685518, 0.03613848432792271, 0.7665659702889224, 0.5103447307459777, 0.7190101909249758, 0.4226525617612261, 0.9946807559577753, 0.7871150551108319, 0.8007564041349564, 0.9464134173574028, 0.34334281544335654, 0.49138292817504653, 0.8964130732621747, 0.6621990300018098, 0.9389349274846558, 0.14953398858994946, 0.8190329549535487, 0.986547483028634, 0.5264290693210005, 0.8570475249319742, 0.3694230004764013, 0.052982681001926976, 0.4672144444132087, 0.5991529844321235, 0.5155790364139722, 0.8116071071448957, 0.9308606660255089, 0.6097890145257877, 0.29878586068717394], BATTLES: 187-98-204-269-210-262-220-183-205-
11, 6, -2857.0, [0.23218165832864718, 0.969015805474399, 0.10592025927923221, 0.9408322974489891, 0.8128723909441167, 0.48352753943556087, 0.41807010950760437, 0.5623377843678506, 0.6106685705451418, 0.6156737189383478, 0.6616702185382578, 0.9930313186602006, 0.05521779716327274, 0.03057667741615182, 0.5919700734839676, 0.6143685147900226, 0.8050032646090992, 0.28159257122851244, 0.5024992968330657, 0.11180641830396773, 0.38683471782156853, 0.02412437265376663, 0.02976020451527696, 0.18677072727512015, 0.8852444414668637, 0.9974015300940368, 0.5193154170104988, 0.28029692652670574, 0.2487336461663712, 0.5806434333432487, 0.6372823119907591, 0.011218253270794093, 0.7636878354149397, 0.3823552526332178, 0.6295486865187222, 0.0289045517874416, 0.6601697467087602, 0.7260610709177007, 0.6908542826318074, 0.28505127159016563, 0.8266950770694079, 0.84250975243883, 0.9837656128268671, 0.9908661905270575, 0.06577102298256574, 0.1074163886797988, 0.938302821698116, 0.8039578139024037, 0.6990180879421528, 0.09712109432325411, 0.32774632777079027, 0.9679642405434224, 0.4775461860692703, 0.9639150937948037, 0.29331080102227175, 0.0737765522141034, 0.9358998037923949, 0.37424554131153176, 0.9893851467896249, 0.5712377855999129, 0.8984205655240629, 0.6405222211339989, 0.04134191938638623], BATTLES: 243-178-164-420-292-308-377-277-304-
11, 7, -2583.0, [0.05806497591832782, 0.9133591233480087, 0.40627661347135213, 0.5009779328791191, 0.7678199660489275, 0.3654382252056595, 0.8531049218393916, 0.8287867095034814, 0.3635936946168571, 0.99187313584414, 0.6395530307188763, 0.42460059722307686, 0.37271021474713417, 0.006451758871802979, 0.3218769417351467, 0.4625725747103619, 0.6956453438096174, 0.37517529982656284, 0.33925749451487597, 0.016433655958348444, 0.5269908510321226, 0.10228877032209764, 0.22340844670984775, 0.5055322703411962, 0.9709416766532373, 0.8627622133863966, 0.5364928322377538, 0.9448532951089057, 0.3254878744854501, 0.5115203657366949, 0.8661561408960262, 0.4305672709422013, 0.365503601079354, 0.7568327148046162, 0.7892273395205123, 0.14396878303159408, 0.4613986058936878, 0.7360217201312726, 0.6123129359272872, 0.29778538181073194, 0.7509828058123966, 0.08135039493242571, 0.8775804657183885, 0.7166327121212701, 0.09416429214379944, 0.28052731155979355, 0.5394619791958352, 0.6550369485652396, 0.9177906347307572, 0.20556321371969585, 0.21316754444946842, 0.6561260422992047, 0.35786701876796956, 0.8585567055913965, 0.41242611172984206, 0.17733518127483783, 0.4534012458330111, 0.28244483443816376, 0.3605248260782382, 0.5781248390744285, 0.8163542677520901, 0.5948482400979554, 0.4433476846954856], BATTLES: 306-177-174-406-273-282-381-304-280-
11, 8, -2763.0, [0.1414900718910289, 0.9208901409101468, 0.03318951815570295, 0.94165621779787, 0.9089774280229742, 0.3133873299697732, 0.516637898365584, 0.8617716697398552, 0.17765322192172667, 0.49302144322450614, 0.7530954845676698, 0.5978209682845961, 0.036889432336019684, 0.03699927775815892, 0.7196291707454484, 0.5493846831517685, 0.9659214963106159, 0.23364381592808217, 0.414513362988679, 0.009396851076567228, 0.26633719221031715, 0.06345240180185897, 0.5823218880533879, 0.2074314702379274, 0.9342652565041484, 0.9721818463116029, 0.7665497578964845, 0.3111001085092925, 0.26042931980284734, 0.6616909211646502, 0.9789320793357985, 0.057457997385837345, 0.926310759187621, 0.7155098782906069, 0.4348776485787175, 0.03421723139761161, 0.9313295319618058, 0.9289647274050387, 0.6525657784959679, 0.22733380275244386, 0.8895568277924315, 0.9453606050900343, 0.7704984852608009, 0.5613728265812429, 0.07930053076158781, 0.24919858700088354, 0.8997646356107728, 0.8795908185558118, 0.7988096757173394, 0.16619472070782343, 0.16800978776737774, 0.6627237724290518, 0.3492450518778445, 0.9241180509621737, 0.20339471398447967, 0.12792903752153967, 0.7602116906162079, 0.5447352762850672, 0.6767883301274636, 0.33384702951652606, 0.9894369672689789, 0.716020794164951, 0.38360135970924814], BATTLES: 315-178-237-422-315-365-377-245-309-
11, 9, -2604.0, [0.3441215766584265, 0.5270465112049186, 0.013463789410066665, 0.833709317525212, 0.8573535518261921, 0.4119503142991022, 0.5115268003388987, 0.647617235511301, 0.6233730403218221, 0.5561834352293047, 0.7940564055504564, 0.8032575442262875, 0.15872539056648505, 0.3039830829573053, 0.7237691320783505, 0.5227988873481179, 0.630966735778356, 0.3809469763623827, 0.39837224441359936, 0.05243789441540837, 0.24459771764220054, 0.02144249499479591, 0.16151024863315006, 0.19315473818613543, 0.9922138842555392, 0.9865977529817572, 0.7449689426879855, 0.35247649971336364, 0.363648126883704, 0.3606983592963926, 0.6693289012688297, 0.27376880332433184, 0.9132446034853944, 0.45142714795837735, 0.5918988688787042, 0.068479701243261, 0.9409624923675355, 0.8577938501416289, 0.20511853423293952, 0.34767168309951685, 0.9129137919185882, 0.9996716764701404, 0.44595528129874606, 0.831402187955304, 0.13847126743558089, 0.07704888136582064, 0.8260404444989975, 0.996753046468459, 0.997360466801194, 0.09946249246099319, 0.707183258806249, 0.9398442185432705, 0.21602618445993452, 0.9726159193038405, 0.3045007688045594, 0.3483856181380782, 0.6150818700771924, 0.4283826728524361, 0.1934649435697821, 0.5360726157223367, 0.9977384594195917, 0.8340940296649426, 0.1902399093043194], BATTLES: 287-165-240-320-279-357-264-219-298-
11, 10, -2889.0, [0.3265254715043812, 0.9552546615790635, 0.20277691194489045, 0.842195130448084, 0.9529454814477915, 0.4051336455145994, 0.7836233815776565, 0.8439302567274505, 0.5941156951442181, 0.5720041504020668, 0.856448094522657, 0.4987005172852046, 0.12584499284174194, 0.008166202154304358, 0.42516556287642504, 0.5406028018531437, 0.8626161659013911, 0.3353656639733835, 0.45565871035497557, 0.005647192687583836, 0.28890361037105294, 0.023385322628699662, 0.380718722486389, 0.13776917380837028, 0.9630449584118874, 0.8120479412412421, 0.45373262686528865, 0.8963949555662334, 0.03283600978224166, 0.47336095292818564, 0.8100635102124427, 0.24951861956164167, 0.7003712307037511, 0.3823888090382336, 0.713286391815683, 0.008476476526777174, 0.7889242764980668, 0.9618273057009092, 0.7221469060584152, 0.2879641379650576, 0.9351216747543326, 0.7002549282764546, 0.8427392339073956, 0.8055448422714525, 0.07430009435691176, 0.20916254297139253, 0.8027321587397709, 0.8474530764073674, 0.7098377000282838, 0.07644322098075224, 0.6129603643619687, 0.8131866416238789, 0.4414431058409942, 0.8208726219234707, 0.24154531203044724, 0.025526778740204346, 0.8196409363101789, 0.19115180503668747, 0.7171565750758131, 0.7953382173903482, 0.986662157527745, 0.7822559463432903, 0.015582977172905077], BATTLES: 316-197-257-429-288-347-377-259-316-
11, 11, -2867.0, [0.06219724920395986, 0.9132770638776502, 0.14581608578621014, 0.7771296854736944, 0.8505841003228324, 0.4287993073717618, 0.8226475788811752, 0.7913948959614195, 0.47249161312085475, 0.930669393417099, 0.5967713261999769, 0.5235228815429106, 0.0504227814725128, 0.22801285512806763, 0.45065495451999016, 0.5952111820265648, 0.8402168429842648, 0.28686116629675995, 0.4354883567767755, 0.12319089803032301, 0.4598333069928536, 0.01098884432232991, 0.020663424984484684, 0.15601964618304265, 0.9019894979254064, 0.8877447220441578, 0.6762202970551012, 0.6665896177324441, 0.5693776079436426, 0.6137118010111773, 0.83464136414971, 0.04247458270065471, 0.5111016231949546, 0.985624391750931, 0.656493808600213, 0.04548449070376823, 0.659400185209248, 0.8572129271152003, 0.7932928921758857, 0.09638604139569334, 0.6501609156185053, 0.07232942599030556, 0.9266263339113124, 0.8231377579546428, 0.04513026597092956, 0.2193976933073154, 0.7646472768756819, 0.9011451236789528, 0.8877275495151364, 0.3424754832351318, 0.6624204366726987, 0.447171376022255, 0.574233069833617, 0.8348961881374222, 0.15440266277730808, 0.15958289235737577, 0.5450239623112682, 0.6160810280814072, 0.2280586286439848, 0.48909895681403026, 0.9098514979074522, 0.9086927545567265, 0.2145656089259069], BATTLES: 306-195-275-433-341-372-364-237-344-
11, 12, -2727.0, [0.3299799718790362, 0.702577488322645, 0.1194126892097289, 0.9773289082058273, 0.872955279679297, 0.38854687379910136, 0.5680561407285716, 0.8223301224639635, 0.5376681523309005, 0.9921630411573564, 0.5192350812991998, 0.38069702175546793, 0.37662945952809523, 0.010149961018151386, 0.7633922988993297, 0.44981729054195774, 0.7985564160354155, 0.41132860258326365, 0.25060151715703355, 0.07401057279065655, 0.586295403143094, 0.12251366861887261, 0.3168921325191116, 0.03916713387845069, 0.925113654750136, 0.8776526424458094, 0.1579230849115193, 0.8116751295360509, 0.13083525747657138, 0.59282291648995, 0.9045081181239195, 0.17801726033043808, 0.9612074013317351, 0.634712118161521, 0.6191989431356373, 0.13968349345768558, 0.5620762292780931, 0.8836967047485927, 0.46831018115241474, 0.06102815634079484, 0.896766318686058, 0.7019224737671154, 0.8935399030356962, 0.8966278988659709, 0.027043602572103878, 0.23440272735016723, 0.9235932391202823, 0.7842505348263221, 0.8561645633325224, 0.004636673433494248, 0.38089924157296623, 0.6843830074576039, 0.27031624391861064, 0.8107715835538487, 0.021418719099526806, 0.010190765496085212, 0.5506941950175247, 0.5326695863167744, 0.4220572549771803, 0.5399529456669472, 0.9974731553558454, 0.752807345673062, 0.03421660988891606], BATTLES: 268-162-237-440-302-334-405-277-266-
11, 13, -2751.0, [0.23657566167275024, 0.9448967083122085, 0.07173216967954635, 0.8662593574614149, 0.9693260122553365, 0.39353311447600803, 0.7003277751997257, 0.814823308695701, 0.745188054159792, 0.9350335559932172, 0.8068087073810661, 0.3309922004447407, 0.33843472499585825, 0.012532425059342175, 0.6883209730276152, 0.5908257489726035, 0.8857408132384242, 0.14006088298446026, 0.17254074311353992, 0.007304976893373824, 0.5864205208940411, 0.04238831937877344, 0.24423695966360207, 0.12878219209085834, 0.9920908018987717, 0.9246572391916794, 0.7784585205621735, 0.7855095745735842, 0.055743658664284226, 0.8309409961786512, 0.904220847269797, 0.06057015280458361, 0.9083249648043336, 0.5046712431488231, 0.9524989258595957, 0.034737812244637935, 0.6266700014549897, 0.8746399772438664, 0.5879390545325703, 0.2928439272916185, 0.8538571553320371, 0.6534832836373493, 0.9230190484967824, 0.9321346026574222, 0.009588177217351543, 0.2131387332012291, 0.9218469738309732, 0.9103037711545063, 0.7917101693550235, 0.07948378424211991, 0.6086200211628106, 0.6838318083664764, 0.24914290523779214, 0.9388467770120628, 0.06905136396364171, 0.016509617113087887, 0.6518752490630618, 0.235629958047415, 0.5391958943513997, 0.6020983824414237, 0.9726381285550221, 0.9541104680043523, 0.09009402427651597], BATTLES: 289-162-260-422-288-337-379-257-340-
11, 14, -2597.0, [0.3074857813810154, 0.9644200948358574, 0.1895443070621043, 0.628893496867239, 0.5855283525193833, 0.6538874211016925, 0.784115005028195, 0.5368537412285543, 0.49706453314247817, 0.5271943660371261, 0.725470246295528, 0.8260636833851389, 0.15968963179261972, 0.09407719330610148, 0.4595062380275518, 0.5614846327367289, 0.6539843545322929, 0.26927475096208314, 0.39419862677588174, 0.09064788482572962, 0.12094566459093462, 0.07069953124266112, 0.5770183732453378, 0.42937707592849844, 0.9418532294745817, 0.8178617002286674, 0.5568451370671982, 0.714434513372403, 0.07124067102706451, 0.8671843832773767, 0.8748558100440736, 0.4573714556444226, 0.6465660116493606, 0.6315693617887022, 0.7321034344611193, 0.139270364439198, 0.9297410848726343, 0.8776626368212248, 0.7876973049297891, 0.16258292464342633, 0.8629814885406382, 0.6883152404700318, 0.9278409742265152, 0.6674183549603729, 0.053382810885246004, 0.3157829093354027, 0.5913404653570027, 0.550112975662597, 0.9195535308671523, 0.13353738429340814, 0.3884558154941297, 0.9726055197406193, 0.3561846524343198, 0.9243164798110869, 0.32619236861983936, 0.03627619816102812, 0.7623766841408686, 0.6783948969996348, 0.8931556451729883, 0.558975120814135, 0.8002806410467115, 0.5579827393350569, 0.18289518080486702], BATTLES: 285-162-156-409-254-258-374-294-272-
12, 0, -2767.0, [0.0006440440971111488, 0.9850405944954959, 0.04412334735800225, 0.7992272022657483, 0.8157735163182587, 0.41566260557053014, 0.7460861978952746, 0.5340705998363733, 0.40226634418905716, 0.8200344346788542, 0.7313273354184454, 0.8673637182532296, 0.13474628257524407, 0.35984939037015296, 0.4393358073468546, 0.773558872611791, 0.9860999694942885, 0.7568149477835914, 0.4225339935199488, 0.0019171808040522945, 0.17570556793420303, 0.04923086581991511, 0.20154243883607442, 0.22783728091589042, 0.9768385368361615, 0.9960924635004136, 0.6572523129679974, 0.6775409269469558, 0.4585669161140444, 0.5876860806128641, 0.8494983629782813, 0.3549917271966705, 0.8287871214343995, 0.9857415833262548, 0.6437863016019233, 0.010663839509382541, 0.9068188968273527, 0.5659342481493976, 0.6098673247427762, 0.24881801988778007, 0.8037917859697803, 0.32883336516817613, 0.956414938302596, 0.7455189335849778, 0.06315515348134088, 0.09371960653927691, 0.8109028244819867, 0.8353035157239748, 0.6368966925763777, 0.03090036076139339, 0.9225019898302751, 0.8035227024632801, 0.728245015866636, 0.9307687434903893, 0.36401940585985665, 0.13977670121923227, 0.7889099996389075, 0.5292978563043004, 0.5686705029436134, 0.5903829228049333, 0.7805373732256471, 0.805311584173809, 0.0663551641786026], BATTLES: 316-175-234-420-311-365-356-256-295-
12, 1, -2618.0, [0.3764820256184389, 0.8388396013497808, 0.07452316276129668, 0.9898694917583976, 0.9929569603905006, 0.3590693133998596, 0.42432950831259497, 0.992102482968303, 0.33957508803481623, 0.5937375307841603, 0.6572367531964639, 0.3467884140914406, 0.21338586446870644, 0.08753513785412866, 0.7425893814704695, 0.8130319071102419, 0.8722897356673398, 0.5605540570155311, 0.3477656031884061, 0.027985763850449107, 0.5731172128261256, 0.10335482978175332, 0.2939961178101286, 0.07252944185840869, 0.7866074248253615, 0.8242205009518218, 0.3944072140570053, 0.5595004063685469, 0.49556026625682736, 0.5687262376212854, 0.8587521650572572, 0.26293643699183167, 0.8781877198002329, 0.6443672143529701, 0.5436969255090685, 0.04860926391811901, 0.5360622796832964, 0.8143727654709105, 0.886107565330555, 0.6193971913443962, 0.8886954470052134, 0.8469745449876354, 0.5138834468205663, 0.9242910228473704, 0.021091244481944535, 0.27349856830709146, 0.8218807825572326, 0.8926172660337472, 0.7262610155282723, 0.14356753879359302, 0.794349483730318, 0.4917764419274604, 0.6010693673107823, 0.9025881742140278, 0.14595897067513058, 0.408795455718312, 0.7962424141450652, 0.11871004237284027, 0.4073428488070367, 0.6418164054698676, 0.9969313904949888, 0.8664990303418032, 0.07675566671713507], BATTLES: 293-162-238-447-299-362-315-172-311-
12, 2, -2682.0, [0.1436713807060775, 0.9156761060167454, 0.007388508659746829, 0.8768744090724642, 0.9845226060107564, 0.5156301095095794, 0.8041076889765066, 0.8595213798720411, 0.3902395494747123, 0.9254779215426585, 0.9871332160069836, 0.6698231927298638, 0.13442016203949742, 0.024104191770649465, 0.7579859917692747, 0.5840308663014617, 0.8785084564391888, 0.18762747172341782, 0.3919977367764627, 0.04738941053857621, 0.21726764532762957, 0.11451154089401536, 0.6356715807314172, 0.21677392915812912, 0.9757024763091893, 0.848911184006474, 0.7280210716165492, 0.5546162916526726, 0.20439064319855804, 0.9938609930543891, 0.9961743761053211, 0.30686627754066087, 0.8894018613351987, 0.4265449644473449, 0.7011332057136301, 0.02371145092479482, 0.952867909693845, 0.9162897516705688, 0.6854720670619745, 0.28072349003860225, 0.9402574057051942, 0.9042803819017942, 0.9978751345610615, 0.6380952798842547, 0.0315363537180859, 0.4784359028603526, 0.8839197134641583, 0.7939619364825827, 0.7075825074511276, 0.017835854065538476, 0.6151498139171189, 0.8433088474904115, 0.561006293453403, 0.8703507812944227, 0.3118698231733743, 0.07600884552347562, 0.6841627477438601, 0.4382334379349375, 0.6022147232195714, 0.6532780743728318, 0.925634642460192, 0.8662639872913422, 0.25904482633534337], BATTLES: 295-183-209-448-288-342-373-252-283-
12, 3, -2667.0, [0.37190465194894295, 0.7390759115405136, 0.1648559292353659, 0.9518787807659167, 0.7998775513698665, 0.33460107005855105, 0.9128499326324284, 0.9796211080313223, 0.47394091062544785, 0.6760032736434738, 0.48233875568780427, 0.891068769429627, 0.012806757763799193, 0.05578278208150694, 0.4767651641726378, 0.7071962218401631, 0.8657788613288894, 0.45864974354566734, 0.4583234221660353, 0.0023458347829607117, 0.2728012631152013, 0.19595482347966045, 0.24924747300600286, 0.14830993811904777, 0.8814921071435077, 0.8381855106611251, 0.4127350705317725, 0.7006487198926119, 0.09975116289184639, 0.3729250789935806, 0.8554832005484352, 0.2451713847930032, 0.9647987841538453, 0.9778736050150009, 0.6808725403884158, 0.06959198460202873, 0.4773886493251606, 0.44916509351700695, 0.6935746179906365, 0.4405131039360927, 0.899124521324005, 0.3489370382903938, 0.9993602550873772, 0.8007640177612503, 0.05245067118333214, 0.2692360489731641, 0.8034993485096369, 0.8161924251913321, 0.9148748320619176, 0.050845625954759804, 0.6322791450935773, 0.6862998811693888, 0.5454071304470883, 0.9675220497603505, 0.14293386314397238, 0.09410311110517523, 0.7368513499046316, 0.2610966658571985, 0.5954846317407247, 0.8393840609364214, 0.9037790115034117, 0.722283415478704, 0.00706075189347468], BATTLES: 315-172-205-408-282-339-366-228-253-
12, 4, -2578.0, [0.0749670848797509, 0.9158053300382937, 0.4738791877006471, 0.9231099581245281, 0.7840620953990108, 0.42831689438342246, 0.6364550581279912, 0.9089493497507956, 0.3260030648721586, 0.8390597937555199, 0.942767620831698, 0.9796870352541173, 0.14680652987239518, 0.04392993239798078, 0.8509972684520736, 0.3056018495587708, 0.8512368851728215, 0.3248261940647053, 0.4380483596198153, 0.10306751061920551, 0.12028211051018516, 0.025105937116513904, 0.16329834350674902, 0.34366837552480217, 0.9659646226537524, 0.9999436667820041, 0.7581983547361263, 0.29221631617315236, 0.40803945591042196, 0.6336470799413525, 0.986844706860671, 0.20459708432364165, 0.7323930568175414, 0.3970381347116171, 0.622936052376009, 0.012904012297849939, 0.9895715188582008, 0.757572936793492, 0.41822346397466625, 0.22335819105793336, 0.7832113136296163, 0.7763650645998148, 0.9706683602081367, 0.9824310884480222, 0.08311727726457202, 0.17403878439853904, 0.9290668915656379, 0.8464257605964761, 0.7216469361073072, 0.29022980792138203, 0.27644810299633776, 0.7012131824312052, 0.5883574649828721, 0.7177853542765514, 0.4876296515468831, 0.23795011850624043, 0.7390205578369079, 0.21996120325169088, 0.30369204464322624, 0.7797630756661947, 0.9756299326126476, 0.8658651603931863, 0.0680420471554143], BATTLES: 306-156-227-385-286-340-370-242-266-
12, 5, -2507.0, [0.036265725692226566, 0.9663158203762993, 0.024752994376317863, 0.9248954872997588, 0.9800861813748931, 0.3515521514809469, 0.5751220005235864, 0.9448123663190255, 0.8392061707268265, 0.8407992819594484, 0.9176467916056447, 0.27741614497750916, 0.3529532312612471, 0.042742507803825144, 0.4168570285654536, 0.5305390730277946, 0.8940933083732969, 0.6094951555749091, 0.3429994073521241, 0.08841877059112438, 0.4125110899370648, 0.08861754552807717, 0.5892884354128041, 0.06164270751251845, 0.8746045759414153, 0.972842123021977, 0.189678086520446, 0.8826685066143505, 0.2722656545753239, 0.6768036952324377, 0.9958392099706899, 0.5488209149923542, 0.8768417106222848, 0.3149676211470984, 0.7777927433685518, 0.03613848432792271, 0.9655072447857641, 0.5103447307459777, 0.8940394998371944, 0.21132628088061306, 0.9973403779788876, 0.761196356162327, 0.9003782020674782, 0.9464134173574028, 0.17167140772167827, 0.10438676377949438, 0.8964130732621747, 0.6621990300018098, 0.969467463742328, 0.14953398858994946, 0.8190329549535487, 0.986547483028634, 0.23736389218482803, 0.8570475249319742, 0.3694230004764013, 0.026491340500963488, 0.6635204981333154, 0.5991529844321235, 0.5155790364139722, 0.6854220518687568, 0.9654303330127545, 0.9455291000259285, 0.29878586068717394], BATTLES: 185-128-199-251-190-281-254-188-262-
12, 6, -2738.0, [0.23218165832864718, 0.969015805474399, 0.10592025927923221, 0.9408322974489891, 0.8128723909441167, 0.48352753943556087, 0.41807010950760437, 0.5623377843678506, 0.6106685705451418, 0.6156737189383478, 0.6616702185382578, 0.9930313186602006, 0.05521779716327274, 0.03057667741615182, 0.5919700734839676, 0.6143685147900226, 0.8050032646090992, 0.28159257122851244, 0.5024992968330657, 0.11180641830396773, 0.38683471782156853, 0.02412437265376663, 0.02976020451527696, 0.18677072727512015, 0.8852444414668637, 0.9974015300940368, 0.5193154170104988, 0.28029692652670574, 0.2487336461663712, 0.5806434333432487, 0.6372823119907591, 0.011218253270794093, 0.7636878354149397, 0.3823552526332178, 0.6295486865187222, 0.0289045517874416, 0.6601697467087602, 0.7260610709177007, 0.6908542826318074, 0.28505127159016563, 0.8266950770694079, 0.84250975243883, 0.9837656128268671, 0.9908661905270575, 0.06577102298256574, 0.1074163886797988, 0.938302821698116, 0.8039578139024037, 0.6990180879421528, 0.09712109432325411, 0.32774632777079027, 0.9679642405434224, 0.4775461860692703, 0.9639150937948037, 0.29331080102227175, 0.0737765522141034, 0.9358998037923949, 0.37424554131153176, 0.9893851467896249, 0.5712377855999129, 0.8984205655240629, 0.6405222211339989, 0.04134191938638623], BATTLES: 319-186-254-401-277-327-396-282-296-
12, 7, -2603.0, [0.05806497591832782, 0.9133591233480087, 0.05538953473114644, 0.5009779328791191, 0.7678199660489275, 0.3654382252056595, 0.9265524609196958, 0.8287867095034814, 0.3635936946168571, 0.99187313584414, 0.737939369201934, 0.42460059722307686, 0.37271021474713417, 0.006451758871802979, 0.3218769417351467, 0.4491775894702655, 0.6956453438096174, 0.37517529982656284, 0.16962874725743798, 0.016433655958348444, 0.26492869935495666, 0.05114438516104882, 0.11170422335492387, 0.5055322703411962, 0.9709416766532373, 0.8542204809120243, 0.7021594923873653, 0.9724266475544528, 0.3254878744854501, 0.7840546132521142, 0.8661561408960262, 0.4305672709422013, 0.365503601079354, 0.8653667040402188, 0.8946136697602561, 0.14396878303159408, 0.4613986058936878, 0.8990693675347151, 0.6123129359272872, 0.29778538181073194, 0.6407865977072289, 0.08135039493242571, 0.9387902328591943, 0.7166327121212701, 0.04708214607189972, 0.28052731155979355, 0.644769026152287, 0.6550369485652396, 0.938897688572691, 0.24900390795067157, 0.720780228571011, 0.6561260422992047, 0.35786701876796956, 0.8585567055913965, 0.12039217007139535, 0.08866759063741891, 0.31966299093017436, 0.28244483443816376, 0.3605248260782382, 0.5781248390744285, 0.8704455274093091, 0.5948482400979554, 0.4433476846954856], BATTLES: 302-166-155-416-247-298-382-321-270-
12, 8, -2649.0, [0.1414900718910289, 0.9208901409101468, 0.03318951815570295, 0.94165621779787, 0.9089774280229742, 0.3133873299697732, 0.516637898365584, 0.8617716697398552, 0.17765322192172667, 0.49302144322450614, 0.7530954845676698, 0.5978209682845961, 0.036889432336019684, 0.03699927775815892, 0.7196291707454484, 0.5493846831517685, 0.9659214963106159, 0.23364381592808217, 0.414513362988679, 0.009396851076567228, 0.26633719221031715, 0.06345240180185897, 0.5823218880533879, 0.2074314702379274, 0.9342652565041484, 0.9721818463116029, 0.7665497578964845, 0.3111001085092925, 0.26042931980284734, 0.6616909211646502, 0.9789320793357985, 0.057457997385837345, 0.926310759187621, 0.7155098782906069, 0.4348776485787175, 0.03421723139761161, 0.9313295319618058, 0.9289647274050387, 0.6525657784959679, 0.22733380275244386, 0.8895568277924315, 0.9453606050900343, 0.7704984852608009, 0.5613728265812429, 0.07930053076158781, 0.24919858700088354, 0.8997646356107728, 0.8795908185558118, 0.7988096757173394, 0.16619472070782343, 0.16800978776737774, 0.6627237724290518, 0.3492450518778445, 0.9241180509621737, 0.20339471398447967, 0.12792903752153967, 0.7602116906162079, 0.5447352762850672, 0.6767883301274636, 0.33384702951652606, 0.9894369672689789, 0.716020794164951, 0.38360135970924814], BATTLES: 286-178-248-433-297-348-338-236-285-
12, 9, -2563.0, [0.1794217792704052, 0.5270465112049186, 0.013463789410066665, 0.833709317525212, 0.8573535518261921, 0.4119503142991022, 0.5115268003388987, 0.647617235511301, 0.6992346214105623, 0.5561834352293047, 0.7940564055504564, 0.8032575442262875, 0.16106475687524185, 0.3039830829573053, 0.5413339173433404, 0.5227988873481179, 0.718740814842628, 0.3809469763623827, 0.39837224441359936, 0.05243789441540837, 0.34219872840946575, 0.02144249499479591, 0.16151024863315006, 0.19315473818613543, 0.9791009835090195, 0.8514902929646958, 0.7449689426879855, 0.35247649971336364, 0.37517614336253396, 0.3606983592963926, 0.6693289012688297, 0.28244712631306523, 0.9132446034853944, 0.45142714795837735, 0.7235380719766256, 0.068479701243261, 0.7234306941727704, 0.8577938501416289, 0.20511853423293952, 0.6854230278387347, 0.9129137919185882, 0.9996716764701404, 0.44595528129874606, 0.831402187955304, 0.06849042345542841, 0.07704888136582064, 0.8260404444989975, 0.9595555495652253, 0.997360466801194, 0.05565862179011967, 0.8535916294031245, 0.9398442185432705, 0.21602618445993452, 0.9726159193038405, 0.23565744337662808, 0.3483856181380782, 0.6150818700771924, 0.4283826728524361, 0.425926693375834, 0.8604347130468958, 0.9977384594195917, 0.9170470148324713, 0.0951199546521597], BATTLES: 308-180-261-345-300-359-261-209-288-
12, 10, -2836.0, [0.3265254715043812, 0.9552546615790635, 0.20277691194489045, 0.842195130448084, 0.9529454814477915, 0.7064680177716922, 0.927064379748344, 0.7387891538041474, 0.5941156951442181, 0.5720041504020668, 0.8889737099864181, 0.4987005172852046, 0.12584499284174194, 0.004083101077152179, 0.12069101915780223, 0.6283710206378792, 0.9664542069654658, 0.3353656639733835, 0.45565871035497557, 0.002823596343791918, 0.28890361037105294, 0.023385322628699662, 0.3389523807963071, 0.13776917380837028, 0.9815224792059437, 0.8120479412412421, 0.45373262686528865, 0.9481974777831167, 0.03283600978224166, 0.47336095292818564, 0.9050317551062214, 0.24951861956164167, 0.5249150574313459, 0.3823888090382336, 0.8332858179008703, 0.008476476526777174, 0.8944621382490334, 0.9809136528504546, 0.6611749136365367, 0.2879641379650576, 0.892918429017165, 0.7002549282764546, 0.9213696169536978, 0.9994469610536242, 0.03715004717845588, 0.20916254297139253, 0.5980921958881256, 0.602541958056519, 0.7098377000282838, 0.07644322098075224, 0.5987078418499063, 0.8131866416238789, 0.4531801656132629, 0.9686905447722324, 0.24154531203044724, 0.025526778740204346, 0.7037857011279878, 0.19115180503668747, 0.8585782875379065, 0.7953382173903482, 0.986662157527745, 0.7822559463432903, 0.0077914885864525385], BATTLES: 280-194-249-435-322-345-343-260-298-
12, 11, -2726.0, [0.06219724920395986, 0.9132770638776502, 0.14581608578621014, 0.7771296854736944, 0.8505841003228324, 0.4287993073717618, 0.8226475788811752, 0.7913948959614195, 0.47249161312085475, 0.930669393417099, 0.5967713261999769, 0.5235228815429106, 0.0504227814725128, 0.22801285512806763, 0.45065495451999016, 0.5952111820265648, 0.8402168429842648, 0.28686116629675995, 0.4354883567767755, 0.12319089803032301, 0.4598333069928536, 0.01098884432232991, 0.020663424984484684, 0.15601964618304265, 0.9019894979254064, 0.8877447220441578, 0.6762202970551012, 0.6665896177324441, 0.5693776079436426, 0.6137118010111773, 0.83464136414971, 0.04247458270065471, 0.5111016231949546, 0.985624391750931, 0.656493808600213, 0.04548449070376823, 0.659400185209248, 0.8572129271152003, 0.7932928921758857, 0.09638604139569334, 0.6501609156185053, 0.07232942599030556, 0.9266263339113124, 0.8231377579546428, 0.04513026597092956, 0.2193976933073154, 0.7646472768756819, 0.9011451236789528, 0.8877275495151364, 0.3424754832351318, 0.6624204366726987, 0.447171376022255, 0.574233069833617, 0.8348961881374222, 0.15440266277730808, 0.15958289235737577, 0.5450239623112682, 0.6160810280814072, 0.2280586286439848, 0.48909895681403026, 0.9098514979074522, 0.9086927545567265, 0.2145656089259069], BATTLES: 283-182-269-430-304-363-328-253-314-
12, 12, -2696.0, [0.3299799718790362, 0.702577488322645, 0.1194126892097289, 0.9773289082058273, 0.872955279679297, 0.38854687379910136, 0.5680561407285716, 0.8223301224639635, 0.5376681523309005, 0.9921630411573564, 0.5192350812991998, 0.38069702175546793, 0.37662945952809523, 0.010149961018151386, 0.7633922988993297, 0.44981729054195774, 0.7985564160354155, 0.41132860258326365, 0.25060151715703355, 0.07401057279065655, 0.586295403143094, 0.12251366861887261, 0.3168921325191116, 0.03916713387845069, 0.925113654750136, 0.8776526424458094, 0.1579230849115193, 0.8116751295360509, 0.13083525747657138, 0.59282291648995, 0.9045081181239195, 0.17801726033043808, 0.9612074013317351, 0.634712118161521, 0.6191989431356373, 0.13968349345768558, 0.5620762292780931, 0.8836967047485927, 0.46831018115241474, 0.06102815634079484, 0.896766318686058, 0.7019224737671154, 0.8935399030356962, 0.8966278988659709, 0.027043602572103878, 0.23440272735016723, 0.9235932391202823, 0.7842505348263221, 0.8561645633325224, 0.004636673433494248, 0.38089924157296623, 0.6843830074576039, 0.27031624391861064, 0.8107715835538487, 0.021418719099526806, 0.010190765496085212, 0.5506941950175247, 0.5326695863167744, 0.4220572549771803, 0.5399529456669472, 0.9974731553558454, 0.752807345673062, 0.03421660988891606], BATTLES: 295-189-233-414-296-340-395-257-277-
12, 13, -2711.0, [0.23657566167275024, 0.9448967083122085, 0.07173216967954635, 0.8662593574614149, 0.9693260122553365, 0.39353311447600803, 0.7003277751997257, 0.814823308695701, 0.745188054159792, 0.9350335559932172, 0.8068087073810661, 0.3309922004447407, 0.33843472499585825, 0.012532425059342175, 0.6883209730276152, 0.5908257489726035, 0.8857408132384242, 0.14006088298446026, 0.17254074311353992, 0.007304976893373824, 0.5864205208940411, 0.04238831937877344, 0.24423695966360207, 0.12878219209085834, 0.9920908018987717, 0.9246572391916794, 0.7784585205621735, 0.7855095745735842, 0.055743658664284226, 0.8309409961786512, 0.904220847269797, 0.06057015280458361, 0.9083249648043336, 0.5046712431488231, 0.9524989258595957, 0.034737812244637935, 0.6266700014549897, 0.8746399772438664, 0.5879390545325703, 0.2928439272916185, 0.8538571553320371, 0.6534832836373493, 0.9230190484967824, 0.9321346026574222, 0.009588177217351543, 0.2131387332012291, 0.9218469738309732, 0.9103037711545063, 0.7917101693550235, 0.07948378424211991, 0.6086200211628106, 0.6838318083664764, 0.24914290523779214, 0.9388467770120628, 0.06905136396364171, 0.016509617113087887, 0.6518752490630618, 0.235629958047415, 0.5391958943513997, 0.6020983824414237, 0.9726381285550221, 0.9541104680043523, 0.09009402427651597], BATTLES: 289-179-260-420-292-343-359-238-331-
12, 14, -2573.0, [0.3074857813810154, 0.9644200948358574, 0.16450404324572515, 0.7454772929961343, 0.7748909137147315, 0.6538874211016925, 0.784115005028195, 0.5368537412285543, 0.5270669774185847, 0.7805912004086009, 0.7071003957470274, 0.8260636833851389, 0.13102982352591439, 0.09407719330610148, 0.5526757494152296, 0.6185636166742755, 0.6539843545322929, 0.26927475096208314, 0.4043586093203788, 0.09064788482572962, 0.12094566459093462, 0.07069953124266112, 0.3469085216149394, 0.42937707592849844, 0.9224153329817057, 0.8178617002286674, 0.5568451370671982, 0.714434513372403, 0.25449695680861784, 0.8671843832773767, 0.8748558100440736, 0.4573714556444226, 0.6465660116493606, 0.6315693617887022, 0.7752027043587859, 0.139270364439198, 0.9180823835581543, 0.8776626368212248, 0.7876973049297891, 0.17482299097144963, 0.8629814885406382, 0.6883152404700318, 0.9278409742265152, 0.6674183549603729, 0.053382810885246004, 0.3157829093354027, 0.5913404653570027, 0.550112975662597, 0.9195535308671523, 0.13353738429340814, 0.3884558154941297, 0.7816100207364888, 0.4880410135316794, 0.9243164798110869, 0.32619236861983936, 0.03627619816102812, 0.6894681480601974, 0.6017016113355222, 0.8931556451729883, 0.558975120814135, 0.8002806410467115, 0.5579827393350569, 0.18289518080486702], BATTLES: 301-167-179-434-279-297-386-245-275-
13, 0, -2727.0, [0.0006440440971111488, 0.9850405944954959, 0.04412334735800225, 0.7992272022657483, 0.8157735163182587, 0.41566260557053014, 0.7460861978952746, 0.5340705998363733, 0.40226634418905716, 0.8200344346788542, 0.7313273354184454, 0.8673637182532296, 0.13474628257524407, 0.35984939037015296, 0.4393358073468546, 0.773558872611791, 0.9860999694942885, 0.7568149477835914, 0.4225339935199488, 0.0019171808040522945, 0.17570556793420303, 0.04923086581991511, 0.20154243883607442, 0.22783728091589042, 0.9768385368361615, 0.9960924635004136, 0.6572523129679974, 0.6775409269469558, 0.4585669161140444, 0.5876860806128641, 0.8494983629782813, 0.3549917271966705, 0.8287871214343995, 0.9857415833262548, 0.6437863016019233, 0.010663839509382541, 0.9068188968273527, 0.5659342481493976, 0.6098673247427762, 0.24881801988778007, 0.8037917859697803, 0.32883336516817613, 0.956414938302596, 0.7455189335849778, 0.06315515348134088, 0.09371960653927691, 0.8109028244819867, 0.8353035157239748, 0.6368966925763777, 0.03090036076139339, 0.9225019898302751, 0.8035227024632801, 0.728245015866636, 0.9307687434903893, 0.36401940585985665, 0.13977670121923227, 0.7889099996389075, 0.5292978563043004, 0.5686705029436134, 0.5903829228049333, 0.7805373732256471, 0.805311584173809, 0.0663551641786026], BATTLES: 318-165-245-428-322-349-349-250-301-
13, 1, -2625.0, [0.18824101280921945, 0.9194198006748904, 0.03726158138064834, 0.9898694917583976, 0.9929569603905006, 0.5368489205671365, 0.8428231502153594, 0.8322533454386949, 0.33957508803481623, 0.5937375307841603, 0.843708791805304, 0.7991983392455475, 0.10669293223435322, 0.33959918828913066, 0.7425893814704695, 0.8599767274154217, 0.8722897356673398, 0.7243093892954976, 0.3468037853534416, 0.027985763850449107, 0.5731172128261256, 0.05167741489087666, 0.2939961178101286, 0.07252944185840869, 0.8933037124126808, 0.8242205009518218, 0.3944072140570053, 0.7797502031842735, 0.49556026625682736, 0.38340939422517073, 0.9293760825286286, 0.1256154388348886, 0.8781877198002329, 0.6443672143529701, 0.7771672027855203, 0.04860926391811901, 0.5360622796832964, 0.8143727654709105, 0.886107565330555, 0.3096985956721981, 0.8886954470052134, 0.07603900311231121, 0.7569417234102831, 0.9242910228473704, 0.021091244481944535, 0.27349856830709146, 0.8508316810355242, 0.8926172660337472, 0.5427067547961297, 0.14356753879359302, 0.794349483730318, 0.4917764419274604, 0.6010693673107823, 0.9856023290810998, 0.14595897067513058, 0.05383514172243012, 0.7962424141450652, 0.4149987666326891, 0.4073428488070367, 0.7962814438351516, 0.9969313904949888, 0.8664990303418032, 0.03837783335856754], BATTLES: 272-171-223-428-271-345-313-168-287-
13, 2, -2693.0, [0.07183569035303874, 0.9156761060167454, 0.0036942543298734143, 0.8768744090724642, 0.9845226060107564, 0.5156301095095794, 0.5782082514987131, 0.8595213798720411, 0.7465004254786374, 0.9254779215426585, 0.9935666080034917, 0.6698231927298638, 0.13442016203949742, 0.1764671726093971, 0.7579859917692747, 0.5840308663014617, 0.8785084564391888, 0.18762747172341782, 0.44317322932894426, 0.04738941053857621, 0.21726764532762957, 0.11451154089401536, 0.2464667126214281, 0.2347875947320901, 0.9757024763091893, 0.924455592003237, 0.5449002052859423, 0.6515494466920034, 0.20439064319855804, 0.8707561384028027, 0.9980871880526605, 0.5072812746374515, 0.8894018613351987, 0.4265449644473449, 0.9334315939036177, 0.02371145092479482, 0.952867909693845, 0.9744567057582132, 0.8011730179098715, 0.2539541725037639, 0.9402574057051942, 0.8157521400655403, 0.9978751345610615, 0.8190476399421274, 0.0315363537180859, 0.2101371532893308, 0.8839197134641583, 0.7932767264947808, 0.7075825074511276, 0.008917927032769238, 0.8075749069585594, 0.8433088474904115, 0.561006293453403, 0.8703507812944227, 0.3831101606253522, 0.07600884552347562, 0.7279294737017582, 0.4382334379349375, 0.8753788834890283, 0.6532780743728318, 0.962817321230096, 0.8257809680522855, 0.13946800287933242], BATTLES: 281-178-242-438-302-313-326-230-300-
13, 3, -2542.0, [0.4245279525429765, 0.7390759115405136, 0.1648559292353659, 0.9759393903829583, 0.7998775513698665, 0.33460107005855105, 0.9128499326324284, 0.9796211080313223, 0.6856401325890791, 0.6760032736434738, 0.692362569245944, 0.891068769429627, 0.1216272126109576, 0.05578278208150694, 0.5050182218654348, 0.7071962218401631, 0.8657788613288894, 0.54570476072015, 0.15587134883656067, 0.0011729173914803558, 0.2728012631152013, 0.19595482347966045, 0.13374026829291888, 0.14830993811904777, 0.8814921071435077, 0.8381855106611251, 0.2803738628280906, 0.7006487198926119, 0.049875581445923196, 0.37525376728667525, 0.8396034508117998, 0.30494585438688726, 0.9823993920769227, 0.9778736050150009, 0.9425101965998368, 0.06959198460202873, 0.4773886493251606, 0.6392210987205489, 0.6935746179906365, 0.4405131039360927, 0.9495622606620024, 0.3958190782645604, 0.9996801275436886, 0.8007640177612503, 0.02622533559166607, 0.15906890362116677, 0.8034993485096369, 0.8161924251913321, 0.9148748320619176, 0.025422812977379902, 0.38857173474097434, 0.6862998811693888, 0.2472161709800887, 0.9497774433771424, 0.07146693157198619, 0.09410311110517523, 0.7368513499046316, 0.29416058605300127, 0.7893472700352917, 0.8393840609364214, 0.9678333778276149, 0.8213009404796571, 0.00353037594673734], BATTLES: 303-147-204-404-255-324-350-248-263-
13, 4, -2633.0, [0.19893267705642678, 0.9158053300382937, 0.4738791877006471, 0.9231099581245281, 0.7840620953990108, 0.42831689438342246, 0.6364550581279912, 0.9089493497507956, 0.3260030648721586, 0.8390597937555199, 0.942767620831698, 0.9796870352541173, 0.14639238512462252, 0.04392993239798078, 0.8509972684520736, 0.3056018495587708, 0.7999304897835308, 0.10388536530457818, 0.4380483596198153, 0.10306751061920551, 0.057645921223498375, 0.012552968558256952, 0.3020971302530157, 0.34366837552480217, 0.9659646226537524, 0.9999436667820041, 0.7581983547361263, 0.29221631617315236, 0.100357770115698, 0.6336470799413525, 0.986844706860671, 0.20459708432364165, 0.6403696364051908, 0.41083865196568714, 0.8114680261880045, 0.012904012297849939, 0.9895715188582008, 0.757572936793492, 0.41822346397466625, 0.22335819105793336, 0.8342168252877523, 0.7763650645998148, 0.9853341801040684, 0.9824310884480222, 0.04155863863228601, 0.24241977971330925, 0.9290668915656379, 0.8464257605964761, 0.7216469361073072, 0.29022980792138203, 0.27644810299633776, 0.7012131824312052, 0.4376326107319273, 0.9696783665559127, 0.4876296515468831, 0.23795011850624043, 0.7390205578369079, 0.21996120325169088, 0.30369204464322624, 0.7797630756661947, 0.8629116093125074, 0.6824443412054675, 0.03902611376560338], BATTLES: 287-161-215-386-292-337-350-239-271-
13, 5, -2562.0, [0.06137276025310675, 0.9628874031476666, 0.0639244604393249, 0.9248954872997588, 0.9900430906874466, 0.3515521514809469, 0.6526564814982138, 0.9507741526147651, 0.8392061707268265, 0.8407992819594484, 0.9208984884969262, 0.3421509946237315, 0.3529532312612471, 0.042742507803825144, 0.4168570285654536, 0.4996066448621109, 0.9193282050687133, 0.5293009184611164, 0.3429994073521241, 0.08841877059112438, 0.3093475412712956, 0.03189910053231167, 0.49900166451191813, 0.14579376855758527, 0.8746045759414153, 0.972842123021977, 0.189678086520446, 0.8826685066143505, 0.2722656545753239, 0.6107083357528303, 0.9958392099706899, 0.46126258951541954, 0.7738885795754369, 0.4745780901179212, 0.7777927433685518, 0.024926585641461205, 0.9655072447857641, 0.5103447307459777, 0.7495986046325069, 0.27887776517409424, 0.9973403779788876, 0.761196356162327, 0.9003782020674782, 0.9732067086787014, 0.1284749036932106, 0.10438676377949438, 0.7767192701209105, 0.7603746506725927, 0.969467463742328, 0.10090219293511771, 0.8190329549535487, 0.986547483028634, 0.3004371162765943, 0.8796828499336324, 0.33371640648829015, 0.017298485981178308, 0.6752997387306149, 0.46739427243718745, 0.610956110539346, 0.6854220518687568, 0.9901128711390922, 0.9455291000259285, 0.19424631159500866], BATTLES: 239-125-220-334-292-319-301-293-288-
13, 6, -2710.0, [0.11609082916432359, 0.9845079027371995, 0.14675611796472648, 0.8733261392622645, 0.8345552855702533, 0.48352753943556087, 0.41807010950760437, 0.5692044707014082, 0.3775423602626403, 0.6717213873459015, 0.9652827215510171, 0.9965156593301003, 0.05521779716327274, 0.1408081560753067, 0.7377542193741713, 0.4733248924048491, 0.9025016323045496, 0.3889117013361719, 0.5024992968330657, 0.08938986248617417, 0.19341735891078427, 0.03598463447133055, 0.0955653314064403, 0.18677072727512015, 0.9426222207334318, 0.9974015300940368, 0.8568632372502185, 0.28029692652670574, 0.473457121042977, 0.8474482357801782, 0.8186411559953796, 0.011218253270794093, 0.7636878354149397, 0.7010749733137951, 0.6295486865187222, 0.0144522758937208, 0.8300848733543801, 0.7965176066169541, 0.6908542826318074, 0.26400088375792224, 0.7546707242901354, 0.6208815742145377, 0.9837656128268671, 0.9908661905270575, 0.024141676920943538, 0.1025558908216641, 0.9559526163937785, 0.9019789069512019, 0.6990180879421528, 0.06274318596356226, 0.6888786325590125, 0.9413374312183574, 0.4775461860692703, 0.9639150937948037, 0.5670707163937093, 0.1403540457813032, 0.9358998037923949, 0.43604274342507465, 0.5315443701587147, 0.5712377855999129, 0.9058127969152923, 0.906694495823701, 0.04134191938638623], BATTLES: 293-182-221-419-275-328-379-283-268-
13, 7, -2584.0, [0.05806497591832782, 0.9845303744726186, 0.14853182563875422, 0.5009779328791191, 0.9044948188523904, 0.3654382252056595, 0.9632762304598479, 0.9143933547517407, 0.45536871732184037, 0.99187313584414, 0.737939369201934, 0.42460059722307686, 0.37271021474713417, 0.006451758871802979, 0.16093847086757335, 0.5137805549394516, 0.6956453438096174, 0.06911236802859266, 0.3095538685173923, 0.016433655958348444, 0.1481776064541987, 0.05114438516104882, 0.05585211167746194, 0.5055322703411962, 0.9854708383266186, 0.8542204809120243, 0.7021594923873653, 0.9862133237772264, 0.26410719584150505, 0.4383556490616837, 0.933078070448013, 0.21528363547110066, 0.25120233800621544, 0.8196680503339229, 0.9967091565230154, 0.14396878303159408, 0.4613986058936878, 0.8990693675347151, 0.6123129359272872, 0.14889269090536597, 0.6407865977072289, 0.08135039493242571, 0.9387902328591943, 0.858316356060635, 0.02354107303594986, 0.28052731155979355, 0.6175642188528055, 0.6550369485652396, 0.8550021853401631, 0.009933469134778466, 0.9181065995006061, 0.6561260422992047, 0.5384034594195934, 0.9193098919978909, 0.12039217007139535, 0.08866759063741891, 0.31966299093017436, 0.28244483443816376, 0.7983219145688478, 0.8124709663042783, 0.8704455274093091, 0.5948482400979554, 0.06387255647913843], BATTLES: 297-166-212-428-273-301-370-259-263-
13, 8, -2660.0, [0.1414900718910289, 0.9604450704550733, 0.18101438174213877, 0.7500629190033541, 0.9089774280229742, 0.5974077381310577, 0.516637898365584, 0.8617716697398552, 0.5147993887664273, 0.7356336919462048, 0.7993752586350774, 0.34483511458525334, 0.036889432336019684, 0.016160871297124298, 0.17291319520590806, 0.5493846831517685, 0.9659214963106159, 0.23364381592808217, 0.41055895546946936, 0.009396851076567228, 0.3213766123543953, 0.06345240180185897, 0.2652290128352466, 0.2159174628890126, 0.9671326282520742, 0.9721818463116029, 0.7338573199328782, 0.3111001085092925, 0.1660591701680892, 0.6616909211646502, 0.9187840299020626, 0.057457997385837345, 0.926310759187621, 0.7155098782906069, 0.4348776485787175, 0.03421723139761161, 0.9241179718198563, 0.9871354573917998, 0.6599681002176806, 0.22733380275244386, 0.7452345071470063, 0.3195538796727643, 0.8852492426304004, 0.5613728265812429, 0.07930053076158781, 0.2130286485434686, 0.6795091032308413, 0.8795908185558118, 0.8432985668516154, 0.23318249605996835, 0.16800978776737774, 0.7276872179185591, 0.3965595113853337, 0.9241180509621737, 0.23198897472007973, 0.12792903752153967, 0.7602116906162079, 0.5447352762850672, 0.6783260658448443, 0.523337131832351, 0.93429439983122, 0.716020794164951, 0.23754414967805704], BATTLES: 302-171-220-413-304-347-354-233-306-
13, 9, -2658.0, [0.1794217792704052, 0.9403391869940495, 0.013463789410066665, 0.7831070006994622, 0.928676775913096, 0.447929029028831, 0.5893088550121166, 0.647617235511301, 0.6992346214105623, 0.7808087823868071, 0.7608173512694283, 0.8032575442262875, 0.21519087189636768, 0.251023322205765, 0.5413339173433404, 0.5907808636173104, 0.718740814842628, 0.20394108309746345, 0.3024562728678134, 0.05243789441540837, 0.34219872840946575, 0.02144249499479591, 0.2321072013771288, 0.2599118442070646, 0.9791009835090195, 0.8514902929646958, 0.8902001135326907, 0.6439866548273812, 0.2878919337065539, 0.6480897488702215, 0.6693289012688297, 0.2809442582469117, 0.9132446034853944, 0.8044041177809123, 0.9313596899986812, 0.068479701243261, 0.7519453067866692, 0.9052844975761657, 0.40128306320789786, 0.6854230278387347, 0.9129137919185882, 0.6118134417211585, 0.9914132443304173, 0.896743239755975, 0.034245211727714206, 0.07704888136582064, 0.8260404444989975, 0.9797777747826126, 0.997360466801194, 0.027829310895059835, 0.9049224648744388, 0.660820102260133, 0.2723266493322438, 0.909665443280833, 0.16263798429525475, 0.10468276544771069, 0.6150818700771924, 0.4283826728524361, 0.425926693375834, 0.8604347130468958, 0.8493208871674367, 0.9170470148324713, 0.0951199546521597], BATTLES: 288-168-263-408-290-364-290-166-301-
13, 10, -2710.0, [0.3265254715043812, 0.9552546615790635, 0.20277691194489045, 0.842195130448084, 0.9529454814477915, 0.7064680177716922, 0.927064379748344, 0.7387891538041474, 0.5941156951442181, 0.5720041504020668, 0.8889737099864181, 0.4987005172852046, 0.12584499284174194, 0.004083101077152179, 0.12069101915780223, 0.6283710206378792, 0.9664542069654658, 0.3353656639733835, 0.45565871035497557, 0.002823596343791918, 0.28890361037105294, 0.023385322628699662, 0.3389523807963071, 0.13776917380837028, 0.9815224792059437, 0.8120479412412421, 0.45373262686528865, 0.9481974777831167, 0.03283600978224166, 0.47336095292818564, 0.9050317551062214, 0.24951861956164167, 0.5249150574313459, 0.3823888090382336, 0.8332858179008703, 0.008476476526777174, 0.8944621382490334, 0.9809136528504546, 0.6611749136365367, 0.2879641379650576, 0.892918429017165, 0.7002549282764546, 0.9213696169536978, 0.9994469610536242, 0.03715004717845588, 0.20916254297139253, 0.5980921958881256, 0.602541958056519, 0.7098377000282838, 0.07644322098075224, 0.5987078418499063, 0.8131866416238789, 0.4531801656132629, 0.9686905447722324, 0.24154531203044724, 0.025526778740204346, 0.7037857011279878, 0.19115180503668747, 0.8585782875379065, 0.7953382173903482, 0.986662157527745, 0.7822559463432903, 0.0077914885864525385], BATTLES: 300-154-235-421-292-336-371-299-302-
13, 11, -2702.0, [0.03109862460197993, 0.9132770638776502, 0.14581608578621014, 0.8885648427368472, 0.8505841003228324, 0.4287993073717618, 0.8226475788811752, 0.7913948959614195, 0.47249161312085475, 0.930669393417099, 0.7983856630999884, 0.5235228815429106, 0.0252113907362564, 0.22801285512806763, 0.3656234465529295, 0.5952111820265648, 0.9201084214921325, 0.28686116629675995, 0.4886649453316493, 0.12319089803032301, 0.20857821199532323, 0.005494422161164955, 0.020663424984484684, 0.2942923211265105, 0.9019894979254064, 0.8877447220441578, 0.8267274870703686, 0.6665896177324441, 0.5693776079436426, 0.6137118010111773, 0.83464136414971, 0.25121115188643084, 0.5111016231949546, 0.6776044594724786, 0.8660120227087846, 0.04548449070376823, 0.8297000926046241, 0.8572129271152003, 0.7932928921758857, 0.09638604139569334, 0.6501609156185053, 0.07232942599030556, 0.9633131669556563, 0.9894468085442732, 0.04513026597092956, 0.2193976933073154, 0.7646472768756819, 0.9142096090751737, 0.8877275495151364, 0.1712377416175659, 0.8312102183363493, 0.447171376022255, 0.666953564586265, 0.8348961881374222, 0.15440266277730808, 0.15958289235737577, 0.5450239623112682, 0.6160810280814072, 0.2280586286439848, 0.48909895681403026, 0.9098514979074522, 0.9086927545567265, 0.2145656089259069], BATTLES: 292-135-244-430-301-352-336-216-308-
13, 12, -2586.0, [0.3299799718790362, 0.702577488322645, 0.1194126892097289, 0.9773289082058273, 0.872955279679297, 0.38854687379910136, 0.5680561407285716, 0.8223301224639635, 0.5376681523309005, 0.9921630411573564, 0.5192350812991998, 0.38069702175546793, 0.37662945952809523, 0.010149961018151386, 0.7633922988993297, 0.44981729054195774, 0.7985564160354155, 0.41132860258326365, 0.25060151715703355, 0.07401057279065655, 0.586295403143094, 0.12251366861887261, 0.3168921325191116, 0.03916713387845069, 0.925113654750136, 0.8776526424458094, 0.1579230849115193, 0.8116751295360509, 0.13083525747657138, 0.59282291648995, 0.9045081181239195, 0.17801726033043808, 0.9612074013317351, 0.634712118161521, 0.6191989431356373, 0.13968349345768558, 0.5620762292780931, 0.8836967047485927, 0.46831018115241474, 0.06102815634079484, 0.896766318686058, 0.7019224737671154, 0.8935399030356962, 0.8966278988659709, 0.027043602572103878, 0.23440272735016723, 0.9235932391202823, 0.7842505348263221, 0.8561645633325224, 0.004636673433494248, 0.38089924157296623, 0.6843830074576039, 0.27031624391861064, 0.8107715835538487, 0.021418719099526806, 0.010190765496085212, 0.5506941950175247, 0.5326695863167744, 0.4220572549771803, 0.5399529456669472, 0.9974731553558454, 0.752807345673062, 0.03421660988891606], BATTLES: 273-162-191-416-273-341-364-275-291-
13, 13, -2673.0, [0.23657566167275024, 0.9724483541561042, 0.07173216967954635, 0.8662593574614149, 0.9693260122553365, 0.6806011544555485, 0.632985583436281, 0.9776899224046552, 0.745188054159792, 0.9675167779966086, 0.8068087073810661, 0.3309922004447407, 0.16921736249792912, 0.0062662125296710875, 0.6883209730276152, 0.5908257489726035, 0.9428704066192122, 0.14006088298446026, 0.17254074311353992, 0.007304976893373824, 0.5864205208940411, 0.02119415968938672, 0.15140856901142166, 0.12878219209085834, 0.9920908018987717, 0.9246572391916794, 0.7784585205621735, 0.7855095745735842, 0.055743658664284226, 0.8309409961786512, 0.904220847269797, 0.06057015280458361, 0.7718350537697705, 0.02827087767654929, 0.9524989258595957, 0.017368906122318967, 0.8133350007274949, 0.9373199886219332, 0.5879390545325703, 0.28078749771954853, 0.9269285776660185, 0.9369053491703574, 0.9230190484967824, 0.9321346026574222, 0.009588177217351543, 0.2131387332012291, 0.9218469738309732, 0.697762609550406, 0.8958550846775117, 0.07948378424211991, 0.8043100105814053, 0.6838318083664764, 0.24914290523779214, 0.9694233885060314, 0.06905136396364171, 0.008254808556543944, 0.6663382002119994, 0.235629958047415, 0.5391958943513997, 0.6020983824414237, 0.986319064277511, 0.9541104680043523, 0.029968220893173046], BATTLES: 286-169-229-430-304-366-334-214-328-
13, 14, -2622.0, [0.24178849175800596, 0.9822100474179287, 0.16450404324572515, 0.9561311686666503, 0.7748909137147315, 0.6538874211016925, 0.862688500163639, 0.5368537412285543, 0.6769793912432465, 0.8076865889786541, 0.7071003957470274, 0.8260636833851389, 0.13102982352591439, 0.05166891492545608, 0.39570442798739214, 0.8005432732607913, 0.9050043000221577, 0.6200828272387949, 0.16966402206984413, 0.04532394241286481, 0.23150824036382467, 0.03534976562133056, 0.11596150005471181, 0.39376442512586135, 0.9224153329817057, 0.9158600256306956, 0.5568451370671982, 0.9505630280633091, 0.14284902553770415, 0.6340046994644786, 0.8748558100440736, 0.5082023992166584, 0.6465660116493606, 0.6318225736110942, 0.887601352179393, 0.01050210321230513, 0.9180823835581543, 0.8776626368212248, 0.7128880666286769, 0.17482299097144963, 0.8629814885406382, 0.4048110920140945, 0.9278409742265152, 0.8337091774801865, 0.026691405442623002, 0.3157829093354027, 0.5913404653570027, 0.7308291461400427, 0.7990421201763531, 0.13353738429340814, 0.3884558154941297, 0.8093080690815324, 0.39480523670723555, 0.9243164798110869, 0.1882630991898021, 0.01813809908051406, 0.848128883224175, 0.4765979239985903, 0.9465778225864941, 0.558975120814135, 0.8002806410467115, 0.772110368975603, 0.09267802315708602], BATTLES: 260-145-164-428-229-277-404-288-271-
14, 0, -2682.0, [0.0006440440971111488, 0.9829101100895091, 0.2193013579558306, 0.8615701442889214, 0.8157735163182587, 0.40188015190475923, 0.7460861978952746, 0.5100949424041238, 0.44407186987414016, 0.7160283088343861, 0.7313273354184454, 0.8549020364000015, 0.13474628257524407, 0.34885258522581103, 0.3710668178006914, 0.5635042270589442, 0.9555798472574525, 0.7568149477835914, 0.4225339935199488, 0.0019171808040522945, 0.17570556793420303, 0.024615432909957553, 0.10077121941803721, 0.22783728091589042, 0.8984065621411733, 0.9980462317502068, 0.6572523129679974, 0.6775409269469558, 0.7346227978913459, 0.5876860806128641, 0.7096888251216769, 0.06472786543635459, 0.8287871214343995, 0.9613193687199423, 0.6437863016019233, 0.010663839509382541, 0.9068188968273527, 0.5659342481493976, 0.6098673247427762, 0.24881801988778007, 0.8037917859697803, 0.32883336516817613, 0.956414938302596, 0.7455189335849778, 0.06315515348134088, 0.09371960653927691, 0.8109028244819867, 0.8353035157239748, 0.8129511658344447, 0.03090036076139339, 0.9097390316342313, 0.8035227024632801, 0.728245015866636, 0.9290913486193745, 0.3971453048765151, 0.13977670121923227, 0.7946153172227642, 0.5907710185998248, 0.2697926366302458, 0.5903829228049333, 0.7805373732256471, 0.805311584173809, 0.01585514874883826], BATTLES: 311-189-256-402-304-352-343-229-288-
14, 1, -2672.0, [0.18824101280921945, 0.9270943629162453, 0.18411012654938763, 0.8924998048060407, 0.8095830765319714, 0.5520879098211425, 0.8428231502153594, 0.5669943842798539, 0.13018682790223085, 0.7006483765406597, 0.8451818790343922, 0.8995991696227738, 0.05334646611717661, 0.33959918828913066, 0.7068776439172266, 0.6548989134647205, 0.9081022769990007, 0.30519077102191056, 0.5387489925827504, 0.0892430685937633, 0.20138534547576004, 0.02583870744543833, 0.2939961178101286, 0.07252944185840869, 0.9421582536729584, 0.8803234057295547, 0.6972036070285026, 0.7797502031842735, 0.670721000418825, 0.6387836206955597, 0.9293760825286286, 0.1256154388348886, 0.5723095677470532, 0.6443672143529701, 0.7393341820232341, 0.032806461855141786, 0.5360622796832964, 0.9071863827354553, 0.6975770289623662, 0.2073838309554331, 0.5822031607934203, 0.038019501556155605, 0.9414971708905452, 0.9941037527389922, 0.021091244481944535, 0.23787408740059163, 0.8338608303537919, 0.9463086330168736, 0.5902033588975798, 0.10591198974051703, 0.7349282112288839, 0.43457070345142723, 0.796011600811342, 0.9576803271575033, 0.277224302049159, 0.19371112949866887, 0.8097203486025292, 0.4149987666326891, 0.30332052225128936, 0.7962814438351516, 0.9034957311770921, 0.8686385470049625, 0.01918891667928377], BATTLES: 271-143-230-420-316-320-335-223-317-
14, 2, -2666.0, [0.07183569035303874, 0.9156761060167454, 0.0036942543298734143, 0.8768744090724642, 0.9845226060107564, 0.5156301095095794, 0.5782082514987131, 0.8595213798720411, 0.7465004254786374, 0.9254779215426585, 0.9935666080034917, 0.6698231927298638, 0.13442016203949742, 0.1764671726093971, 0.7579859917692747, 0.5840308663014617, 0.8785084564391888, 0.18762747172341782, 0.44317322932894426, 0.04738941053857621, 0.21726764532762957, 0.11451154089401536, 0.2464667126214281, 0.2347875947320901, 0.9757024763091893, 0.924455592003237, 0.5449002052859423, 0.6515494466920034, 0.20439064319855804, 0.8707561384028027, 0.9980871880526605, 0.5072812746374515, 0.8894018613351987, 0.4265449644473449, 0.9334315939036177, 0.02371145092479482, 0.952867909693845, 0.9744567057582132, 0.8011730179098715, 0.2539541725037639, 0.9402574057051942, 0.8157521400655403, 0.9978751345610615, 0.8190476399421274, 0.0315363537180859, 0.2101371532893308, 0.8839197134641583, 0.7932767264947808, 0.7075825074511276, 0.008917927032769238, 0.8075749069585594, 0.8433088474904115, 0.561006293453403, 0.8703507812944227, 0.3831101606253522, 0.07600884552347562, 0.7279294737017582, 0.4382334379349375, 0.8753788834890283, 0.6532780743728318, 0.962817321230096, 0.8257809680522855, 0.13946800287933242], BATTLES: 287-166-234-440-286-341-366-229-317-
14, 3, -2503.0, [0.4245279525429765, 0.7390759115405136, 0.1648559292353659, 0.9759393903829583, 0.7998775513698665, 0.33460107005855105, 0.9128499326324284, 0.9796211080313223, 0.6856401325890791, 0.6760032736434738, 0.692362569245944, 0.891068769429627, 0.1216272126109576, 0.05578278208150694, 0.5050182218654348, 0.7071962218401631, 0.8657788613288894, 0.54570476072015, 0.15587134883656067, 0.0011729173914803558, 0.2728012631152013, 0.19595482347966045, 0.13374026829291888, 0.14830993811904777, 0.8814921071435077, 0.8381855106611251, 0.2803738628280906, 0.7006487198926119, 0.049875581445923196, 0.37525376728667525, 0.8396034508117998, 0.30494585438688726, 0.9823993920769227, 0.9778736050150009, 0.9425101965998368, 0.06959198460202873, 0.4773886493251606, 0.6392210987205489, 0.6935746179906365, 0.4405131039360927, 0.9495622606620024, 0.3958190782645604, 0.9996801275436886, 0.8007640177612503, 0.02622533559166607, 0.15906890362116677, 0.8034993485096369, 0.8161924251913321, 0.9148748320619176, 0.025422812977379902, 0.38857173474097434, 0.6862998811693888, 0.2472161709800887, 0.9497774433771424, 0.07146693157198619, 0.09410311110517523, 0.7368513499046316, 0.29416058605300127, 0.7893472700352917, 0.8393840609364214, 0.9678333778276149, 0.8213009404796571, 0.00353037594673734], BATTLES: 300-153-200-413-301-320-367-233-216-
14, 4, -2624.0, [0.19893267705642678, 0.9158053300382937, 0.4738791877006471, 0.9231099581245281, 0.7840620953990108, 0.42831689438342246, 0.6364550581279912, 0.9089493497507956, 0.3260030648721586, 0.8390597937555199, 0.942767620831698, 0.9796870352541173, 0.14639238512462252, 0.04392993239798078, 0.8509972684520736, 0.3056018495587708, 0.7999304897835308, 0.10388536530457818, 0.4380483596198153, 0.10306751061920551, 0.057645921223498375, 0.012552968558256952, 0.3020971302530157, 0.34366837552480217, 0.9659646226537524, 0.9999436667820041, 0.7581983547361263, 0.29221631617315236, 0.100357770115698, 0.6336470799413525, 0.986844706860671, 0.20459708432364165, 0.6403696364051908, 0.41083865196568714, 0.8114680261880045, 0.012904012297849939, 0.9895715188582008, 0.757572936793492, 0.41822346397466625, 0.22335819105793336, 0.8342168252877523, 0.7763650645998148, 0.9853341801040684, 0.9824310884480222, 0.04155863863228601, 0.24241977971330925, 0.9290668915656379, 0.8464257605964761, 0.7216469361073072, 0.29022980792138203, 0.27644810299633776, 0.7012131824312052, 0.4376326107319273, 0.9696783665559127, 0.4876296515468831, 0.23795011850624043, 0.7390205578369079, 0.21996120325169088, 0.30369204464322624, 0.7797630756661947, 0.8629116093125074, 0.6824443412054675, 0.03902611376560338], BATTLES: 289-155-219-442-289-312-381-252-285-
14, 5, -2536.0, [0.06137276025310675, 0.9628874031476666, 0.0639244604393249, 0.9248954872997588, 0.9900430906874466, 0.3515521514809469, 0.6526564814982138, 0.9507741526147651, 0.8392061707268265, 0.8407992819594484, 0.9208984884969262, 0.3421509946237315, 0.3529532312612471, 0.042742507803825144, 0.4168570285654536, 0.4996066448621109, 0.9193282050687133, 0.5293009184611164, 0.3429994073521241, 0.08841877059112438, 0.3093475412712956, 0.03189910053231167, 0.49900166451191813, 0.14579376855758527, 0.8746045759414153, 0.972842123021977, 0.189678086520446, 0.8826685066143505, 0.2722656545753239, 0.6107083357528303, 0.9958392099706899, 0.46126258951541954, 0.7738885795754369, 0.4745780901179212, 0.7777927433685518, 0.024926585641461205, 0.9655072447857641, 0.5103447307459777, 0.7495986046325069, 0.27887776517409424, 0.9973403779788876, 0.761196356162327, 0.9003782020674782, 0.9732067086787014, 0.1284749036932106, 0.10438676377949438, 0.7767192701209105, 0.7603746506725927, 0.969467463742328, 0.10090219293511771, 0.8190329549535487, 0.986547483028634, 0.3004371162765943, 0.8796828499336324, 0.33371640648829015, 0.017298485981178308, 0.6752997387306149, 0.46739427243718745, 0.610956110539346, 0.6854220518687568, 0.9901128711390922, 0.9455291000259285, 0.19424631159500866], BATTLES: 297-141-190-387-285-361-319-260-296-
14, 6, -2719.0, [0.11609082916432359, 0.9845079027371995, 0.025218394481219972, 0.8733261392622645, 0.9172776427851266, 0.48352753943556087, 0.41807010950760437, 0.5692044707014082, 0.5749109965278569, 0.8353235423139848, 0.9283058914759982, 0.9347777708569042, 0.04247130437606765, 0.1408081560753067, 0.565953876246701, 0.4733248924048491, 0.9025016323045496, 0.47935116765099084, 0.5024992968330657, 0.08938986248617417, 0.19341735891078427, 0.017992317235665276, 0.032395068275135164, 0.18677072727512015, 0.9713111103667159, 0.9987007650470183, 0.8568632372502185, 0.598683684658915, 0.473457121042977, 0.8474482357801782, 0.8467133216065023, 0.011218253270794093, 0.7541340116725872, 0.8352696095830588, 0.8142013185205876, 0.0072261379468604, 0.8516404653557398, 0.7045447780416981, 0.7198454240746605, 0.14745739693131277, 0.79074747835416, 0.3974691144127883, 0.9918828064134335, 0.9781701019216416, 0.024141676920943538, 0.05127794541083205, 0.9779763081968893, 0.9019789069512019, 0.6302737965416383, 0.03137159298178113, 0.9428845623403573, 0.9706687156091787, 0.6391958014605081, 0.9639150937948037, 0.4385789945707704, 0.06615860578119928, 0.9358998037923949, 0.484472522450515, 0.6191196490048494, 0.5712377855999129, 0.9058127969152923, 0.9533472479118505, 0.004491757120096869], BATTLES: 290-163-252-409-278-359-344-246-314-
14, 7, -2584.0, [0.05806497591832782, 0.9845303744726186, 0.14853182563875422, 0.5009779328791191, 0.9044948188523904, 0.3654382252056595, 0.9632762304598479, 0.9143933547517407, 0.45536871732184037, 0.99187313584414, 0.737939369201934, 0.42460059722307686, 0.37271021474713417, 0.006451758871802979, 0.16093847086757335, 0.5137805549394516, 0.6956453438096174, 0.06911236802859266, 0.3095538685173923, 0.016433655958348444, 0.1481776064541987, 0.05114438516104882, 0.05585211167746194, 0.5055322703411962, 0.9854708383266186, 0.8542204809120243, 0.7021594923873653, 0.9862133237772264, 0.26410719584150505, 0.4383556490616837, 0.933078070448013, 0.21528363547110066, 0.25120233800621544, 0.8196680503339229, 0.9967091565230154, 0.14396878303159408, 0.4613986058936878, 0.8990693675347151, 0.6123129359272872, 0.14889269090536597, 0.6407865977072289, 0.08135039493242571, 0.9387902328591943, 0.858316356060635, 0.02354107303594986, 0.28052731155979355, 0.6175642188528055, 0.6550369485652396, 0.8550021853401631, 0.009933469134778466, 0.9181065995006061, 0.6561260422992047, 0.5384034594195934, 0.9193098919978909, 0.12039217007139535, 0.08866759063741891, 0.31966299093017436, 0.28244483443816376, 0.7983219145688478, 0.8124709663042783, 0.8704455274093091, 0.5948482400979554, 0.06387255647913843], BATTLES: 301-156-204-420-284-319-348-261-291-
14, 8, -2569.0, [0.1414900718910289, 0.9604450704550733, 0.18101438174213877, 0.7500629190033541, 0.9089774280229742, 0.5974077381310577, 0.516637898365584, 0.8617716697398552, 0.5147993887664273, 0.7356336919462048, 0.7993752586350774, 0.34483511458525334, 0.036889432336019684, 0.016160871297124298, 0.17291319520590806, 0.5493846831517685, 0.9659214963106159, 0.23364381592808217, 0.41055895546946936, 0.009396851076567228, 0.3213766123543953, 0.06345240180185897, 0.2652290128352466, 0.2159174628890126, 0.9671326282520742, 0.9721818463116029, 0.7338573199328782, 0.3111001085092925, 0.1660591701680892, 0.6616909211646502, 0.9187840299020626, 0.057457997385837345, 0.926310759187621, 0.7155098782906069, 0.4348776485787175, 0.03421723139761161, 0.9241179718198563, 0.9871354573917998, 0.6599681002176806, 0.22733380275244386, 0.7452345071470063, 0.3195538796727643, 0.8852492426304004, 0.5613728265812429, 0.07930053076158781, 0.2130286485434686, 0.6795091032308413, 0.8795908185558118, 0.8432985668516154, 0.23318249605996835, 0.16800978776737774, 0.7276872179185591, 0.3965595113853337, 0.9241180509621737, 0.23198897472007973, 0.12792903752153967, 0.7602116906162079, 0.5447352762850672, 0.6783260658448443, 0.523337131832351, 0.93429439983122, 0.716020794164951, 0.23754414967805704], BATTLES: 289-160-224-401-283-332-327-245-308-
14, 9, -2634.0, [0.1794217792704052, 0.9403391869940495, 0.013463789410066665, 0.7831070006994622, 0.928676775913096, 0.447929029028831, 0.5893088550121166, 0.647617235511301, 0.6992346214105623, 0.7808087823868071, 0.7608173512694283, 0.8032575442262875, 0.21519087189636768, 0.251023322205765, 0.5413339173433404, 0.5907808636173104, 0.718740814842628, 0.20394108309746345, 0.3024562728678134, 0.05243789441540837, 0.34219872840946575, 0.02144249499479591, 0.2321072013771288, 0.2599118442070646, 0.9791009835090195, 0.8514902929646958, 0.8902001135326907, 0.6439866548273812, 0.2878919337065539, 0.6480897488702215, 0.6693289012688297, 0.2809442582469117, 0.9132446034853944, 0.8044041177809123, 0.9313596899986812, 0.068479701243261, 0.7519453067866692, 0.9052844975761657, 0.40128306320789786, 0.6854230278387347, 0.9129137919185882, 0.6118134417211585, 0.9914132443304173, 0.896743239755975, 0.034245211727714206, 0.07704888136582064, 0.8260404444989975, 0.9797777747826126, 0.997360466801194, 0.027829310895059835, 0.9049224648744388, 0.660820102260133, 0.2723266493322438, 0.909665443280833, 0.16263798429525475, 0.10468276544771069, 0.6150818700771924, 0.4283826728524361, 0.425926693375834, 0.8604347130468958, 0.8493208871674367, 0.9170470148324713, 0.0951199546521597], BATTLES: 283-168-231-418-293-362-332-224-323-
14, 10, -2763.0, [0.3265254715043812, 0.9552546615790635, 0.20277691194489045, 0.842195130448084, 0.9529454814477915, 0.7064680177716922, 0.927064379748344, 0.7387891538041474, 0.5941156951442181, 0.5720041504020668, 0.8889737099864181, 0.4987005172852046, 0.12584499284174194, 0.004083101077152179, 0.12069101915780223, 0.6283710206378792, 0.9664542069654658, 0.3353656639733835, 0.45565871035497557, 0.002823596343791918, 0.28890361037105294, 0.023385322628699662, 0.3389523807963071, 0.13776917380837028, 0.9815224792059437, 0.8120479412412421, 0.45373262686528865, 0.9481974777831167, 0.03283600978224166, 0.47336095292818564, 0.9050317551062214, 0.24951861956164167, 0.5249150574313459, 0.3823888090382336, 0.8332858179008703, 0.008476476526777174, 0.8944621382490334, 0.9809136528504546, 0.6611749136365367, 0.2879641379650576, 0.892918429017165, 0.7002549282764546, 0.9213696169536978, 0.9994469610536242, 0.03715004717845588, 0.20916254297139253, 0.5980921958881256, 0.602541958056519, 0.7098377000282838, 0.07644322098075224, 0.5987078418499063, 0.8131866416238789, 0.4531801656132629, 0.9686905447722324, 0.24154531203044724, 0.025526778740204346, 0.7037857011279878, 0.19115180503668747, 0.8585782875379065, 0.7953382173903482, 0.986662157527745, 0.7822559463432903, 0.0077914885864525385], BATTLES: 302-182-227-416-290-352-375-306-313-
14, 11, -2680.0, [0.03109862460197993, 0.9132770638776502, 0.14581608578621014, 0.8885648427368472, 0.8505841003228324, 0.4287993073717618, 0.8226475788811752, 0.7913948959614195, 0.47249161312085475, 0.930669393417099, 0.7983856630999884, 0.5235228815429106, 0.0252113907362564, 0.22801285512806763, 0.3656234465529295, 0.5952111820265648, 0.9201084214921325, 0.28686116629675995, 0.4886649453316493, 0.12319089803032301, 0.20857821199532323, 0.005494422161164955, 0.020663424984484684, 0.2942923211265105, 0.9019894979254064, 0.8877447220441578, 0.8267274870703686, 0.6665896177324441, 0.5693776079436426, 0.6137118010111773, 0.83464136414971, 0.25121115188643084, 0.5111016231949546, 0.6776044594724786, 0.8660120227087846, 0.04548449070376823, 0.8297000926046241, 0.8572129271152003, 0.7932928921758857, 0.09638604139569334, 0.6501609156185053, 0.07232942599030556, 0.9633131669556563, 0.9894468085442732, 0.04513026597092956, 0.2193976933073154, 0.7646472768756819, 0.9142096090751737, 0.8877275495151364, 0.1712377416175659, 0.8312102183363493, 0.447171376022255, 0.666953564586265, 0.8348961881374222, 0.15440266277730808, 0.15958289235737577, 0.5450239623112682, 0.6160810280814072, 0.2280586286439848, 0.48909895681403026, 0.9098514979074522, 0.9086927545567265, 0.2145656089259069], BATTLES: 317-173-259-413-310-325-340-249-294-
14, 12, -2586.0, [0.3299799718790362, 0.702577488322645, 0.1194126892097289, 0.9773289082058273, 0.872955279679297, 0.38854687379910136, 0.5680561407285716, 0.8223301224639635, 0.5376681523309005, 0.9921630411573564, 0.5192350812991998, 0.38069702175546793, 0.37662945952809523, 0.010149961018151386, 0.7633922988993297, 0.44981729054195774, 0.7985564160354155, 0.41132860258326365, 0.25060151715703355, 0.07401057279065655, 0.586295403143094, 0.12251366861887261, 0.3168921325191116, 0.03916713387845069, 0.925113654750136, 0.8776526424458094, 0.1579230849115193, 0.8116751295360509, 0.13083525747657138, 0.59282291648995, 0.9045081181239195, 0.17801726033043808, 0.9612074013317351, 0.634712118161521, 0.6191989431356373, 0.13968349345768558, 0.5620762292780931, 0.8836967047485927, 0.46831018115241474, 0.06102815634079484, 0.896766318686058, 0.7019224737671154, 0.8935399030356962, 0.8966278988659709, 0.027043602572103878, 0.23440272735016723, 0.9235932391202823, 0.7842505348263221, 0.8561645633325224, 0.004636673433494248, 0.38089924157296623, 0.6843830074576039, 0.27031624391861064, 0.8107715835538487, 0.021418719099526806, 0.010190765496085212, 0.5506941950175247, 0.5326695863167744, 0.4220572549771803, 0.5399529456669472, 0.9974731553558454, 0.752807345673062, 0.03421660988891606], BATTLES: 289-148-223-429-274-301-374-259-289-
14, 13, -2668.0, [0.12725065858963205, 0.992794609104128, 0.05997205296983882, 0.7784418645430836, 0.8549672689505813, 0.49893661726475, 0.5774451175729631, 0.619688780254441, 0.745188054159792, 0.8079640393335488, 0.6419881313266315, 0.6967933934263486, 0.19450298724485413, 0.3232960365832496, 0.6883209730276152, 0.6943081979501855, 0.9428704066192122, 0.14006088298446026, 0.26016830448116357, 0.007119668257230273, 0.5864205208940411, 0.02119415968938672, 0.07570428450571083, 0.12878219209085834, 0.9920908018987717, 0.9650786995692769, 0.7784585205621735, 0.7855095745735842, 0.3213401665058789, 0.8309409961786512, 0.904220847269797, 0.2072058603595615, 0.7718350537697705, 0.7575347999932432, 0.9524989258595957, 0.017368906122318967, 0.7546594815605716, 0.728484729917544, 0.44471055559642936, 0.4843466285734259, 0.8447466883029049, 0.44509387380317356, 0.9377285182519333, 0.9321346026574222, 0.009588177217351543, 0.2131387332012291, 0.9218469738309732, 0.697762609550406, 0.8958550846775117, 0.05840863921124644, 0.8043100105814053, 0.6838318083664764, 0.24914290523779214, 0.9697838436861952, 0.14864230123021382, 0.09574257484883741, 0.6663382002119994, 0.3906310571144459, 0.5391958943513997, 0.708834706689922, 0.8322582303307637, 0.9005810517885924, 0.014984110446586523], BATTLES: 253-162-241-410-288-346-344-232-299-
14, 14, -2774.0, [0.24178849175800596, 0.9869407458507534, 0.16450404324572515, 0.9780655843333251, 0.9164303050430143, 0.6183380480120714, 0.862688500163639, 0.5372174039162209, 0.518035099500374, 0.8076865889786541, 0.7762667511680591, 0.9130318416925695, 0.06551491176295719, 0.05166891492545608, 0.6427649538902627, 0.9002716366303957, 0.9525021500110789, 0.8785946377296413, 0.16966402206984413, 0.028375235062680026, 0.3657936040405073, 0.043019002023546866, 0.25848693128266353, 0.07509548209798042, 0.9100635999040907, 0.9425868968803491, 0.4465243188650826, 0.9505630280633091, 0.14284902553770415, 0.6340046994644786, 0.8950010718845488, 0.26443072709807036, 0.8232830058246803, 0.7025442353850602, 0.887601352179393, 0.005251051606152565, 0.9518153265046649, 0.666739259219006, 0.8037506661196501, 0.17482299097144963, 0.9633921104139691, 0.4048110920140945, 0.8462891408002476, 0.8337091774801865, 0.032263627673071504, 0.19389133018759344, 0.5913404653570027, 0.7308291461400427, 0.5019715672802363, 0.022829069225541662, 0.3884558154941297, 0.7187854160591265, 0.7016156247631987, 0.9953458697902482, 0.1882630991898021, 0.06432450877337564, 0.9240644416120876, 0.5751647947242338, 0.9465778225864941, 0.6917593015078007, 0.8570745093784226, 0.9343110782127476, 0.09267802315708602], BATTLES: 300-172-239-432-280-301-364-251-263-
15, 0, -2678.0, [0.0006440440971111488, 0.9829101100895091, 0.2193013579558306, 0.8615701442889214, 0.8157735163182587, 0.40188015190475923, 0.7460861978952746, 0.5100949424041238, 0.44407186987414016, 0.7160283088343861, 0.7313273354184454, 0.8549020364000015, 0.13474628257524407, 0.34885258522581103, 0.3710668178006914, 0.5635042270589442, 0.9555798472574525, 0.7568149477835914, 0.4225339935199488, 0.0019171808040522945, 0.17570556793420303, 0.024615432909957553, 0.10077121941803721, 0.22783728091589042, 0.8984065621411733, 0.9980462317502068, 0.6572523129679974, 0.6775409269469558, 0.7346227978913459, 0.5876860806128641, 0.7096888251216769, 0.06472786543635459, 0.8287871214343995, 0.9613193687199423, 0.6437863016019233, 0.010663839509382541, 0.9068188968273527, 0.5659342481493976, 0.6098673247427762, 0.24881801988778007, 0.8037917859697803, 0.32883336516817613, 0.956414938302596, 0.7455189335849778, 0.06315515348134088, 0.09371960653927691, 0.8109028244819867, 0.8353035157239748, 0.8129511658344447, 0.03090036076139339, 0.9097390316342313, 0.8035227024632801, 0.728245015866636, 0.9290913486193745, 0.3971453048765151, 0.13977670121923227, 0.7946153172227642, 0.5907710185998248, 0.2697926366302458, 0.5903829228049333, 0.7805373732256471, 0.805311584173809, 0.01585514874883826], BATTLES: 290-193-249-427-311-342-343-243-280-
15, 1, -2657.0, [0.18824101280921945, 0.9144544019338827, 0.18411012654938763, 0.8417409440711434, 0.8095830765319714, 0.5520879098211425, 0.7873943605554237, 0.5669943842798539, 0.7116297233839171, 0.7006483765406597, 0.9011805241882395, 0.8995991696227738, 0.05334646611717661, 0.33959918828913066, 0.7068776439172266, 0.6548989134647205, 0.9081022769990007, 0.15259538551095528, 0.38349727068672423, 0.0892430685937633, 0.20138534547576004, 0.002729337022909263, 0.2939961178101286, 0.14689258805823055, 0.9421582536729584, 0.7176520257772219, 0.6891622731110887, 0.7797502031842735, 0.670721000418825, 0.5585328908827293, 0.9293760825286286, 0.1256154388348886, 0.5723095677470532, 0.6443672143529701, 0.7393341820232341, 0.05839484141029469, 0.5360622796832964, 0.9071863827354553, 0.6975770289623662, 0.6025932613224242, 0.9030236581526925, 0.7603100806132113, 0.9414971708905452, 0.9941037527389922, 0.021091244481944535, 0.23787408740059163, 0.6652646714543639, 0.9463086330168736, 0.9570724427662574, 0.0810465443934353, 0.7349282112288839, 0.43457070345142723, 0.796011600811342, 0.9499676537548319, 0.277224302049159, 0.19371112949866887, 0.8097203486025292, 0.16683034684893663, 0.30332052225128936, 0.8981407219175759, 0.9517478655885461, 0.8686385470049625, 0.03246026293548392], BATTLES: 291-162-238-426-289-335-355-205-320-
15, 2, -2670.0, [0.07183569035303874, 0.9156761060167454, 0.0036942543298734143, 0.8768744090724642, 0.9845226060107564, 0.5156301095095794, 0.5782082514987131, 0.8595213798720411, 0.7465004254786374, 0.9254779215426585, 0.9935666080034917, 0.6698231927298638, 0.13442016203949742, 0.1764671726093971, 0.7579859917692747, 0.5840308663014617, 0.8785084564391888, 0.18762747172341782, 0.44317322932894426, 0.04738941053857621, 0.21726764532762957, 0.11451154089401536, 0.2464667126214281, 0.2347875947320901, 0.9757024763091893, 0.924455592003237, 0.5449002052859423, 0.6515494466920034, 0.20439064319855804, 0.8707561384028027, 0.9980871880526605, 0.5072812746374515, 0.8894018613351987, 0.4265449644473449, 0.9334315939036177, 0.02371145092479482, 0.952867909693845, 0.9744567057582132, 0.8011730179098715, 0.2539541725037639, 0.9402574057051942, 0.8157521400655403, 0.9978751345610615, 0.8190476399421274, 0.0315363537180859, 0.2101371532893308, 0.8839197134641583, 0.7932767264947808, 0.7075825074511276, 0.008917927032769238, 0.8075749069585594, 0.8433088474904115, 0.561006293453403, 0.8703507812944227, 0.3831101606253522, 0.07600884552347562, 0.7279294737017582, 0.4382334379349375, 0.8753788834890283, 0.6532780743728318, 0.962817321230096, 0.8257809680522855, 0.13946800287933242], BATTLES: 281-167-254-430-288-340-344-246-320-
15, 3, -2498.0, [0.4245279525429765, 0.7390759115405136, 0.1648559292353659, 0.9759393903829583, 0.7998775513698665, 0.33460107005855105, 0.9128499326324284, 0.9796211080313223, 0.6856401325890791, 0.6760032736434738, 0.692362569245944, 0.891068769429627, 0.1216272126109576, 0.05578278208150694, 0.5050182218654348, 0.7071962218401631, 0.8657788613288894, 0.54570476072015, 0.15587134883656067, 0.0011729173914803558, 0.2728012631152013, 0.19595482347966045, 0.13374026829291888, 0.14830993811904777, 0.8814921071435077, 0.8381855106611251, 0.2803738628280906, 0.7006487198926119, 0.049875581445923196, 0.37525376728667525, 0.8396034508117998, 0.30494585438688726, 0.9823993920769227, 0.9778736050150009, 0.9425101965998368, 0.06959198460202873, 0.4773886493251606, 0.6392210987205489, 0.6935746179906365, 0.4405131039360927, 0.9495622606620024, 0.3958190782645604, 0.9996801275436886, 0.8007640177612503, 0.02622533559166607, 0.15906890362116677, 0.8034993485096369, 0.8161924251913321, 0.9148748320619176, 0.025422812977379902, 0.38857173474097434, 0.6862998811693888, 0.2472161709800887, 0.9497774433771424, 0.07146693157198619, 0.09410311110517523, 0.7368513499046316, 0.29416058605300127, 0.7893472700352917, 0.8393840609364214, 0.9678333778276149, 0.8213009404796571, 0.00353037594673734], BATTLES: 304-146-204-418-286-296-356-243-245-
15, 4, -2609.0, [0.19893267705642678, 0.9368973165677238, 0.4738791877006471, 0.8661312172602704, 0.8889774642662144, 0.42831689438342246, 0.7480198286558556, 0.9089493497507956, 0.3260030648721586, 0.8390597937555199, 0.971383810415849, 0.9796870352541173, 0.13361087960678622, 0.04392993239798078, 0.8509972684520736, 0.3056018495587708, 0.7999304897835308, 0.10388536530457818, 0.4380483596198153, 0.05597821863611508, 0.057645921223498375, 0.014357410816464846, 0.3020971302530157, 0.26462377687502714, 0.9659646226537524, 0.9999436667820041, 0.7581983547361263, 0.29221631617315236, 0.16070742824712192, 0.6745395451737956, 0.986844706860671, 0.20459708432364165, 0.5923789742842183, 0.5737903626681858, 0.8907319166719349, 0.0028819515408277964, 0.9947857594291004, 0.835053230039273, 0.41822346397466625, 0.22335819105793336, 0.8429520762213458, 0.7763650645998148, 0.9638944033782887, 0.9824310884480222, 0.04155863863228601, 0.20810082369707483, 0.9290668915656379, 0.7904291407281959, 0.7216469361073072, 0.18291604603114578, 0.27644810299633776, 0.7452379829737877, 0.4376326107319273, 0.9696783665559127, 0.44892638446754907, 0.23795011850624043, 0.7390205578369079, 0.2512173718604649, 0.30369204464322624, 0.7857423646398092, 0.8629116093125074, 0.8408553339925583, 0.012888398549048604], BATTLES: 290-143-188-424-291-303-367-270-266-
15, 5, -2510.0, [0.06137276025310675, 0.9628874031476666, 0.0639244604393249, 0.9248954872997588, 0.9900430906874466, 0.3515521514809469, 0.6526564814982138, 0.9507741526147651, 0.8392061707268265, 0.8407992819594484, 0.9208984884969262, 0.3421509946237315, 0.3529532312612471, 0.042742507803825144, 0.4168570285654536, 0.4996066448621109, 0.9193282050687133, 0.5293009184611164, 0.3429994073521241, 0.08841877059112438, 0.3093475412712956, 0.03189910053231167, 0.49900166451191813, 0.14579376855758527, 0.8746045759414153, 0.972842123021977, 0.189678086520446, 0.8826685066143505, 0.2722656545753239, 0.6107083357528303, 0.9958392099706899, 0.46126258951541954, 0.7738885795754369, 0.4745780901179212, 0.7777927433685518, 0.024926585641461205, 0.9655072447857641, 0.5103447307459777, 0.7495986046325069, 0.27887776517409424, 0.9973403779788876, 0.761196356162327, 0.9003782020674782, 0.9732067086787014, 0.1284749036932106, 0.10438676377949438, 0.7767192701209105, 0.7603746506725927, 0.969467463742328, 0.10090219293511771, 0.8190329549535487, 0.986547483028634, 0.3004371162765943, 0.8796828499336324, 0.33371640648829015, 0.017298485981178308, 0.6752997387306149, 0.46739427243718745, 0.610956110539346, 0.6854220518687568, 0.9901128711390922, 0.9455291000259285, 0.19424631159500866], BATTLES: 296-149-207-389-295-326-298-277-273-
15, 6, -2818.0, [0.11609082916432359, 0.9895624469329983, 0.2886918241523842, 0.736007412168588, 0.9139418192928388, 0.7850049569434855, 0.8736623752152298, 0.6276633916324706, 0.5749109965278569, 0.6164090666543124, 0.9283058914759982, 0.9347777708569042, 0.12120890239807523, 0.07040407803765335, 0.565953876246701, 0.41452876192375093, 0.9512508161522748, 0.07007283721660035, 0.5501249918648566, 0.08938986248617417, 0.04847876121473074, 0.0004063048117160864, 0.30235002942204314, 0.18677072727512015, 0.9713111103667159, 0.8460070928191172, 0.5928281466567745, 0.9964667851009681, 0.2367285605214885, 0.6292380336211952, 0.8728047135900528, 0.011218253270794093, 0.7541340116725872, 0.8352696095830588, 0.8719557134184042, 0.0036130689734302, 0.8516404653557398, 0.852272389020849, 0.502044218234968, 0.2386719882439961, 0.79074747835416, 0.3974691144127883, 0.9959414032067168, 0.9890850509608208, 0.046464648470842716, 0.05127794541083205, 0.4921348199260491, 0.9019789069512019, 0.6302737965416383, 0.014435595521951831, 0.5283155237765352, 0.9853343578045893, 0.3827639771246748, 0.9639150937948037, 0.3606695909054121, 0.013214003876941282, 0.6866363100276051, 0.484472522450515, 0.6191196490048494, 0.7426177802751766, 0.9058127969152923, 0.7572558621503139, 0.004491757120096869], BATTLES: 278-152-262-429-314-359-344-228-312-
15, 7, -2486.0, [0.0696589999920927, 0.9845303744726186, 0.22624125878651125, 0.7241218022225938, 0.8895728477017597, 0.3654382252056595, 0.9632762304598479, 0.7237623349546426, 0.45536871732184037, 0.99187313584414, 0.737939369201934, 0.42460059722307686, 0.13481656300032172, 0.006451758871802979, 0.16093847086757335, 0.6826192448090881, 0.9180039548267598, 0.06911236802859266, 0.3097566182216533, 0.05430589360593462, 0.092922806290587, 0.05114438516104882, 0.05585211167746194, 0.5055322703411962, 0.9364693132479066, 0.8542204809120243, 0.5758211354254388, 0.9862133237772264, 0.37019491234573815, 0.4383556490616837, 0.9665390352240065, 0.1740566451931264, 0.3701076220027826, 0.8196680503339229, 0.9983545782615078, 0.14396878303159408, 0.4613986058936878, 0.8990693675347151, 0.6123129359272872, 0.14889269090536597, 0.6407865977072289, 0.040675197466212856, 0.9387902328591943, 0.858316356060635, 0.01177053651797493, 0.28052731155979355, 0.6099009119038433, 0.6669440220991711, 0.8550021853401631, 0.009933469134778466, 0.9181065995006061, 0.47181803459415494, 0.8478767744863571, 0.9193098919978909, 0.12039217007139535, 0.08866759063741891, 0.6523894984606539, 0.28244483443816376, 0.7983219145688478, 0.8124709663042783, 0.8704455274093091, 0.7505878428668094, 0.03193627823956922], BATTLES: 272-141-189-424-275-317-368-239-249-
15, 8, -2670.0, [0.1414900718910289, 0.9802225352275367, 0.12295743147535731, 0.6932748203338164, 0.9781653365111632, 0.5974077381310577, 0.5690375448700232, 0.8617716697398552, 0.5147993887664273, 0.7356336919462048, 0.9734649405411305, 0.34483511458525334, 0.036889432336019684, 0.1945723854239304, 0.17291319520590806, 0.5955517231112835, 0.9659214963106159, 0.08217084350253176, 0.41055895546946936, 0.008140026981885701, 0.3213766123543953, 0.03172620090092949, 0.2652290128352466, 0.147694641902847, 0.9835663141260371, 0.9721818463116029, 0.7936446430608637, 0.8153591789914094, 0.1660591701680892, 0.8500558173964113, 0.9432199190467214, 0.1650872869696069, 0.5111743637025861, 0.7155098782906069, 0.9028701037933282, 0.017108615698805806, 0.9241179718198563, 0.9871354573917998, 0.6599681002176806, 0.30029764902370204, 0.8104050946854539, 0.3195538796727643, 0.8674305717983982, 0.5613728265812429, 0.07930053076158781, 0.17114658652577522, 0.7053037391283645, 0.6033647115470893, 0.736796929726764, 0.12898881749410662, 0.5889919369426304, 0.7856813101495024, 0.3965595113853337, 0.9568299359671394, 0.24265081247912196, 0.12792903752153967, 0.6715497567157991, 0.38824591572370637, 0.7649096233065305, 0.622135533433062, 0.9209167756217663, 0.716020794164951, 0.08260521527406249], BATTLES: 313-152-218-411-306-311-340-267-308-
15, 9, -2690.0, [0.3401995502411719, 0.9403391869940495, 0.013463789410066665, 0.7831070006994622, 0.964338387956548, 0.447929029028831, 0.7946544275060583, 0.647617235511301, 0.6992346214105623, 0.6431863084976222, 0.7608173512694283, 0.8032575442262875, 0.046287758921166336, 0.08492941907308539, 0.5413339173433404, 0.861134425332108, 0.859370407421314, 0.5251120533741508, 0.17025119396472843, 0.026218947207704187, 0.38951980319925916, 0.02144249499479591, 0.1719242667991488, 0.10464278041438382, 0.9810958641980416, 0.8287487304529574, 0.5715855713347716, 0.8219933274136906, 0.0232800890011175, 0.3929068216854808, 0.741880825973313, 0.2809442582469117, 0.9132446034853944, 0.8044041177809123, 0.990829374867995, 0.017707972992335, 0.8068319154212181, 0.9052844975761657, 0.40128306320789786, 0.33329805995453327, 0.9280932587489691, 0.6537613597093093, 0.9914132443304173, 0.9483716198779875, 0.017122605863857103, 0.0013045690002063681, 0.8260404444989975, 0.7879946288295145, 0.7107237309655077, 0.027829310895059835, 0.5789645441781608, 0.8031989908838548, 0.2723266493322438, 0.909665443280833, 0.16263798429525475, 0.05234138272385534, 0.8152551359307365, 0.4283826728524361, 0.425926693375834, 0.8604347130468958, 0.9204516882736805, 0.9170470148324713, 0.04755997732607985], BATTLES: 288-169-265-416-304-351-362-239-296-
15, 10, -2648.0, [0.3265254715043812, 0.9552546615790635, 0.20277691194489045, 0.842195130448084, 0.9529454814477915, 0.7064680177716922, 0.927064379748344, 0.7387891538041474, 0.5941156951442181, 0.5720041504020668, 0.8889737099864181, 0.4987005172852046, 0.12584499284174194, 0.004083101077152179, 0.12069101915780223, 0.6283710206378792, 0.9664542069654658, 0.3353656639733835, 0.45565871035497557, 0.002823596343791918, 0.28890361037105294, 0.023385322628699662, 0.3389523807963071, 0.13776917380837028, 0.9815224792059437, 0.8120479412412421, 0.45373262686528865, 0.9481974777831167, 0.03283600978224166, 0.47336095292818564, 0.9050317551062214, 0.24951861956164167, 0.5249150574313459, 0.3823888090382336, 0.8332858179008703, 0.008476476526777174, 0.8944621382490334, 0.9809136528504546, 0.6611749136365367, 0.2879641379650576, 0.892918429017165, 0.7002549282764546, 0.9213696169536978, 0.9994469610536242, 0.03715004717845588, 0.20916254297139253, 0.5980921958881256, 0.602541958056519, 0.7098377000282838, 0.07644322098075224, 0.5987078418499063, 0.8131866416238789, 0.4531801656132629, 0.9686905447722324, 0.24154531203044724, 0.025526778740204346, 0.7037857011279878, 0.19115180503668747, 0.8585782875379065, 0.7953382173903482, 0.986662157527745, 0.7822559463432903, 0.0077914885864525385], BATTLES: 289-156-229-429-286-318-360-287-294-
15, 11, -2631.0, [0.015549312300989965, 0.9132770638776502, 0.0691382260423692, 0.6188592681902062, 0.9252920501614161, 0.6959936830060149, 0.9113237894405877, 0.7913948959614195, 0.47249161312085475, 0.7502973521914948, 0.7983856630999884, 0.43281579530999204, 0.22411150542193592, 0.0014465694186187733, 0.0652919390651506, 0.48554384599955813, 0.9827176600077683, 0.002602985576018013, 0.4886649453316493, 0.04041592558346431, 0.10428910599766161, 0.005494422161164955, 0.1177313302419275, 0.2942923211265105, 0.9019894979254064, 0.8877447220441578, 0.8267274870703686, 0.833294808866222, 0.29366575099688996, 0.7100746520886991, 0.917320682074855, 0.25121115188643084, 0.5111016231949546, 0.7532100009580773, 0.9330060113543923, 0.04548449070376823, 0.8150655947577189, 0.9286064635576001, 0.7932928921758857, 0.16370203460633376, 0.6423735267960414, 0.08832888230794433, 0.9633131669556563, 0.9894468085442732, 0.04513026597092956, 0.2193976933073154, 0.5764786307029682, 0.8505777076766472, 0.8877275495151364, 0.08561887080878294, 0.8312102183363493, 0.7051619289069486, 0.666953564586265, 0.9174480940687111, 0.15440266277730808, 0.15958289235737577, 0.27691583867751857, 0.37853044965416455, 0.2280586286439848, 0.48909895681403026, 0.9098514979074522, 0.8741163403887608, 0.08921430012952469], BATTLES: 307-178-239-437-274-320-343-235-285-
15, 12, -2613.0, [0.3299799718790362, 0.702577488322645, 0.23795101819481007, 0.9463692823993128, 0.8131826675671355, 0.5271084578658962, 0.5680561407285716, 0.46626451243216227, 0.5376681523309005, 0.8391931019369199, 0.5192350812991998, 0.9296723498297417, 0.11479938265464408, 0.010149961018151386, 0.7633922988993297, 0.68894184098447, 0.9051204776540905, 0.41132860258326365, 0.25060151715703355, 0.008648742369925973, 0.36008730118121973, 0.051532661831030765, 0.04635572032433341, 0.03916713387845069, 0.9294428174130873, 0.9222397879035104, 0.5319669887659259, 0.8116751295360509, 0.13083525747657138, 0.59282291648995, 0.9045081181239195, 0.17801726033043808, 0.8692124754010869, 0.634712118161521, 0.6191989431356373, 0.13968349345768558, 0.7258312320713661, 0.8038756936816753, 0.46831018115241474, 0.06102815634079484, 0.896766318686058, 0.34108632338561534, 0.8978859049705599, 0.8966278988659709, 0.027043602572103878, 0.2090871395204713, 0.9235932391202823, 0.7842505348263221, 0.8561645633325224, 0.004636673433494248, 0.38089924157296623, 0.6108666146088269, 0.7264749187696927, 0.8107715835538487, 0.11766157018092704, 0.010190765496085212, 0.800228982124376, 0.5495437790063613, 0.4220572549771803, 0.5680329829421655, 0.8365669259382819, 0.7732296662506227, 0.01710830494445803], BATTLES: 288-149-201-421-279-300-333-249-271-
15, 13, -2597.0, [0.12725065858963205, 0.992794609104128, 0.05997205296983882, 0.7784418645430836, 0.8549672689505813, 0.49893661726475, 0.5774451175729631, 0.619688780254441, 0.745188054159792, 0.8079640393335488, 0.6419881313266315, 0.6967933934263486, 0.19450298724485413, 0.3232960365832496, 0.6883209730276152, 0.6943081979501855, 0.9428704066192122, 0.14006088298446026, 0.26016830448116357, 0.007119668257230273, 0.5864205208940411, 0.02119415968938672, 0.07570428450571083, 0.12878219209085834, 0.9920908018987717, 0.9650786995692769, 0.7784585205621735, 0.7855095745735842, 0.3213401665058789, 0.8309409961786512, 0.904220847269797, 0.2072058603595615, 0.7718350537697705, 0.7575347999932432, 0.9524989258595957, 0.017368906122318967, 0.7546594815605716, 0.728484729917544, 0.44471055559642936, 0.4843466285734259, 0.8447466883029049, 0.44509387380317356, 0.9377285182519333, 0.9321346026574222, 0.009588177217351543, 0.2131387332012291, 0.9218469738309732, 0.697762609550406, 0.8958550846775117, 0.05840863921124644, 0.8043100105814053, 0.6838318083664764, 0.24914290523779214, 0.9697838436861952, 0.14864230123021382, 0.09574257484883741, 0.6663382002119994, 0.3906310571144459, 0.5391958943513997, 0.708834706689922, 0.8322582303307637, 0.9005810517885924, 0.014984110446586523], BATTLES: 292-145-233-430-313-331-338-239-276-
15, 14, -2798.0, [0.24178849175800596, 0.9869407458507534, 0.16450404324572515, 0.9780655843333251, 0.9164303050430143, 0.6183380480120714, 0.862688500163639, 0.5372174039162209, 0.518035099500374, 0.8076865889786541, 0.7762667511680591, 0.9130318416925695, 0.06551491176295719, 0.05166891492545608, 0.6427649538902627, 0.9002716366303957, 0.9525021500110789, 0.8785946377296413, 0.16966402206984413, 0.028375235062680026, 0.3657936040405073, 0.043019002023546866, 0.25848693128266353, 0.07509548209798042, 0.9100635999040907, 0.9425868968803491, 0.4465243188650826, 0.9505630280633091, 0.14284902553770415, 0.6340046994644786, 0.8950010718845488, 0.26443072709807036, 0.8232830058246803, 0.7025442353850602, 0.887601352179393, 0.005251051606152565, 0.9518153265046649, 0.666739259219006, 0.8037506661196501, 0.17482299097144963, 0.9633921104139691, 0.4048110920140945, 0.8462891408002476, 0.8337091774801865, 0.032263627673071504, 0.19389133018759344, 0.5913404653570027, 0.7308291461400427, 0.5019715672802363, 0.022829069225541662, 0.3884558154941297, 0.7187854160591265, 0.7016156247631987, 0.9953458697902482, 0.1882630991898021, 0.06432450877337564, 0.9240644416120876, 0.5751647947242338, 0.9465778225864941, 0.6917593015078007, 0.8570745093784226, 0.9343110782127476, 0.09267802315708602], BATTLES: 326-176-266-415-306-343-378-282-306-
16, 0, -2665.0, [0.0006440440971111488, 0.9829101100895091, 0.2193013579558306, 0.8615701442889214, 0.8157735163182587, 0.40188015190475923, 0.7460861978952746, 0.5100949424041238, 0.44407186987414016, 0.7160283088343861, 0.7313273354184454, 0.8549020364000015, 0.13474628257524407, 0.34885258522581103, 0.3710668178006914, 0.5635042270589442, 0.9555798472574525, 0.7568149477835914, 0.4225339935199488, 0.0019171808040522945, 0.17570556793420303, 0.024615432909957553, 0.10077121941803721, 0.22783728091589042, 0.8984065621411733, 0.9980462317502068, 0.6572523129679974, 0.6775409269469558, 0.7346227978913459, 0.5876860806128641, 0.7096888251216769, 0.06472786543635459, 0.8287871214343995, 0.9613193687199423, 0.6437863016019233, 0.010663839509382541, 0.9068188968273527, 0.5659342481493976, 0.6098673247427762, 0.24881801988778007, 0.8037917859697803, 0.32883336516817613, 0.956414938302596, 0.7455189335849778, 0.06315515348134088, 0.09371960653927691, 0.8109028244819867, 0.8353035157239748, 0.8129511658344447, 0.03090036076139339, 0.9097390316342313, 0.8035227024632801, 0.728245015866636, 0.9290913486193745, 0.3971453048765151, 0.13977670121923227, 0.7946153172227642, 0.5907710185998248, 0.2697926366302458, 0.5903829228049333, 0.7805373732256471, 0.805311584173809, 0.01585514874883826], BATTLES: 285-187-247-434-302-323-338-253-296-
16, 1, -2627.0, [0.18824101280921945, 0.9144544019338827, 0.18411012654938763, 0.8417409440711434, 0.8095830765319714, 0.5520879098211425, 0.7873943605554237, 0.5669943842798539, 0.7116297233839171, 0.7006483765406597, 0.9011805241882395, 0.8995991696227738, 0.05334646611717661, 0.33959918828913066, 0.7068776439172266, 0.6548989134647205, 0.9081022769990007, 0.15259538551095528, 0.38349727068672423, 0.0892430685937633, 0.20138534547576004, 0.002729337022909263, 0.2939961178101286, 0.14689258805823055, 0.9421582536729584, 0.7176520257772219, 0.6891622731110887, 0.7797502031842735, 0.670721000418825, 0.5585328908827293, 0.9293760825286286, 0.1256154388348886, 0.5723095677470532, 0.6443672143529701, 0.7393341820232341, 0.05839484141029469, 0.5360622796832964, 0.9071863827354553, 0.6975770289623662, 0.6025932613224242, 0.9030236581526925, 0.7603100806132113, 0.9414971708905452, 0.9941037527389922, 0.021091244481944535, 0.23787408740059163, 0.6652646714543639, 0.9463086330168736, 0.9570724427662574, 0.0810465443934353, 0.7349282112288839, 0.43457070345142723, 0.796011600811342, 0.9499676537548319, 0.277224302049159, 0.19371112949866887, 0.8097203486025292, 0.16683034684893663, 0.30332052225128936, 0.8981407219175759, 0.9517478655885461, 0.8686385470049625, 0.03246026293548392], BATTLES: 281-171-272-418-275-354-329-213-314-
16, 2, -2724.0, [0.03591784517651937, 0.9578380530083728, 0.0018471271649367071, 0.7710650096982934, 0.9164935562537425, 0.5156301095095794, 0.7891041257493565, 0.622020901706183, 0.6226545718612014, 0.9254779215426585, 0.9935666080034917, 0.6698231927298638, 0.13442016203949742, 0.1764671726093971, 0.2682400348739545, 0.5840308663014617, 0.8785084564391888, 0.09381373586170891, 0.44317322932894426, 0.04738941053857621, 0.21726764532762957, 0.11451154089401536, 0.2464667126214281, 0.023611265610249593, 0.9878512381545946, 0.8346166473041168, 0.5449002052859423, 0.6515494466920034, 0.20439064319855804, 0.8707561384028027, 0.9990435940263303, 0.5072812746374515, 0.8894018613351987, 0.781122729329083, 0.9667157969518089, 0.01185572546239741, 0.952867909693845, 0.9872283528791066, 0.9639270444305388, 0.12697708625188195, 0.9402574057051942, 0.08289146715133228, 0.9989375672805307, 0.9095238199710637, 0.0315363537180859, 0.2101371532893308, 0.8839197134641583, 0.7932767264947808, 0.7075825074511276, 0.004458963516384619, 0.9037874534792797, 0.8433088474904115, 0.561006293453403, 0.9819302806699934, 0.3831101606253522, 0.07600884552347562, 0.7279294737017582, 0.5221417864644511, 0.6687931408344375, 0.7989760179941352, 0.8916007267927878, 0.9128904840261427, 0.13946800287933242], BATTLES: 283-166-246-425-309-334-337-238-308-
16, 3, -2477.0, [0.4245279525429765, 0.7390759115405136, 0.1648559292353659, 0.9759393903829583, 0.7998775513698665, 0.33460107005855105, 0.9128499326324284, 0.9796211080313223, 0.6856401325890791, 0.6760032736434738, 0.692362569245944, 0.891068769429627, 0.1216272126109576, 0.05578278208150694, 0.5050182218654348, 0.7071962218401631, 0.8657788613288894, 0.54570476072015, 0.15587134883656067, 0.0011729173914803558, 0.2728012631152013, 0.19595482347966045, 0.13374026829291888, 0.14830993811904777, 0.8814921071435077, 0.8381855106611251, 0.2803738628280906, 0.7006487198926119, 0.049875581445923196, 0.37525376728667525, 0.8396034508117998, 0.30494585438688726, 0.9823993920769227, 0.9778736050150009, 0.9425101965998368, 0.06959198460202873, 0.4773886493251606, 0.6392210987205489, 0.6935746179906365, 0.4405131039360927, 0.9495622606620024, 0.3958190782645604, 0.9996801275436886, 0.8007640177612503, 0.02622533559166607, 0.15906890362116677, 0.8034993485096369, 0.8161924251913321, 0.9148748320619176, 0.025422812977379902, 0.38857173474097434, 0.6862998811693888, 0.2472161709800887, 0.9497774433771424, 0.07146693157198619, 0.09410311110517523, 0.7368513499046316, 0.29416058605300127, 0.7893472700352917, 0.8393840609364214, 0.9678333778276149, 0.8213009404796571, 0.00353037594673734], BATTLES: 300-168-210-432-267-289-347-236-228-
16, 4, -2673.0, [0.19893267705642678, 0.9611172230270353, 0.4738791877006471, 0.8661312172602704, 0.8885795951645827, 0.46282317897722214, 0.7480198286558556, 0.7190585998819552, 0.3260030648721586, 0.8390597937555199, 0.971383810415849, 0.9583227619330833, 0.08975290142022578, 0.02196496619899039, 0.7112373729079702, 0.5089602680465881, 0.7999304897835308, 0.10388536530457818, 0.4380483596198153, 0.05597821863611508, 0.057645921223498375, 0.014357410816464846, 0.24554915201283073, 0.26462377687502714, 0.9659646226537524, 0.9999436667820041, 0.7581983547361263, 0.29221631617315236, 0.16070742824712192, 0.6745395451737956, 0.986844706860671, 0.20459708432364165, 0.5923789742842183, 0.5737903626681858, 0.8907319166719349, 0.0014409757704138982, 0.9973928797145502, 0.8086355214758453, 0.38433287921259174, 0.21484751989099118, 0.8975054031205894, 0.7763650645998148, 0.9638944033782887, 0.9824310884480222, 0.03703169942693928, 0.20810082369707483, 0.8053380935038931, 0.7904291407281959, 0.7040157101280338, 0.18291604603114578, 0.24116502201888984, 0.8424994325117281, 0.4376326107319273, 0.9696783665559127, 0.44892638446754907, 0.17818114381298825, 0.8086659327723409, 0.3663499686559332, 0.30369204464322624, 0.7857423646398092, 0.8629116093125074, 0.8408553339925583, 0.04325483615630806], BATTLES: 279-163-221-419-276-315-371-251-315-
16, 5, -2528.0, [0.06137276025310675, 0.9628874031476666, 0.0639244604393249, 0.9248954872997588, 0.9900430906874466, 0.3515521514809469, 0.6526564814982138, 0.9507741526147651, 0.8392061707268265, 0.8407992819594484, 0.9208984884969262, 0.3421509946237315, 0.3529532312612471, 0.042742507803825144, 0.4168570285654536, 0.4996066448621109, 0.9193282050687133, 0.5293009184611164, 0.3429994073521241, 0.08841877059112438, 0.3093475412712956, 0.03189910053231167, 0.49900166451191813, 0.14579376855758527, 0.8746045759414153, 0.972842123021977, 0.189678086520446, 0.8826685066143505, 0.2722656545753239, 0.6107083357528303, 0.9958392099706899, 0.46126258951541954, 0.7738885795754369, 0.4745780901179212, 0.7777927433685518, 0.024926585641461205, 0.9655072447857641, 0.5103447307459777, 0.7495986046325069, 0.27887776517409424, 0.9973403779788876, 0.761196356162327, 0.9003782020674782, 0.9732067086787014, 0.1284749036932106, 0.10438676377949438, 0.7767192701209105, 0.7603746506725927, 0.969467463742328, 0.10090219293511771, 0.8190329549535487, 0.986547483028634, 0.3004371162765943, 0.8796828499336324, 0.33371640648829015, 0.017298485981178308, 0.6752997387306149, 0.46739427243718745, 0.610956110539346, 0.6854220518687568, 0.9901128711390922, 0.9455291000259285, 0.19424631159500866], BATTLES: 281-138-213-381-321-329-319-277-269-
16, 6, -2742.0, [0.11609082916432359, 0.9895624469329983, 0.2886918241523842, 0.736007412168588, 0.9139418192928388, 0.7850049569434855, 0.8736623752152298, 0.6276633916324706, 0.5749109965278569, 0.6164090666543124, 0.9283058914759982, 0.9347777708569042, 0.12120890239807523, 0.07040407803765335, 0.565953876246701, 0.41452876192375093, 0.9512508161522748, 0.07007283721660035, 0.5501249918648566, 0.08938986248617417, 0.04847876121473074, 0.0004063048117160864, 0.30235002942204314, 0.18677072727512015, 0.9713111103667159, 0.8460070928191172, 0.5928281466567745, 0.9964667851009681, 0.2367285605214885, 0.6292380336211952, 0.8728047135900528, 0.011218253270794093, 0.7541340116725872, 0.8352696095830588, 0.8719557134184042, 0.0036130689734302, 0.8516404653557398, 0.852272389020849, 0.502044218234968, 0.2386719882439961, 0.79074747835416, 0.3974691144127883, 0.9959414032067168, 0.9890850509608208, 0.046464648470842716, 0.05127794541083205, 0.4921348199260491, 0.9019789069512019, 0.6302737965416383, 0.014435595521951831, 0.5283155237765352, 0.9853343578045893, 0.3827639771246748, 0.9639150937948037, 0.3606695909054121, 0.013214003876941282, 0.6866363100276051, 0.484472522450515, 0.6191196490048494, 0.7426177802751766, 0.9058127969152923, 0.7572558621503139, 0.004491757120096869], BATTLES: 303-133-257-418-266-344-393-300-328-
16, 7, -2568.0, [0.0696589999920927, 0.8114558389602754, 0.23405316839557505, 0.862060901111297, 0.9330357175354453, 0.44957699530582257, 0.7520323877172349, 0.7237623349546426, 0.5042475638731196, 0.9080920893296405, 0.6381784116159528, 0.8195670613283373, 0.07775570043868482, 0.0032258794359014895, 0.6229533920704622, 0.6826192448090881, 0.9590019774133799, 0.7039088578915994, 0.1137212323756647, 0.02715294680296731, 0.43450069156700866, 0.032936956425112345, 0.02792605583873097, 0.2527661351705981, 0.9235415521070246, 0.9828057564589485, 0.47296668321303403, 0.9931066618886132, 0.13602788641361946, 0.3858443838454271, 0.9385959373860954, 0.047982700171183085, 0.820967370780715, 0.8196680503339229, 0.8203934947111465, 0.051701895656015365, 0.6603132371270561, 0.8990693675347151, 0.5269542993943914, 0.09027579042708289, 0.6407865977072289, 0.051954317309910514, 0.9387902328591943, 0.858316356060635, 0.007870427454224019, 0.1515502666714481, 0.6099009119038433, 0.8657633301197096, 0.577196976139791, 0.004966734567389233, 0.9181065995006061, 0.5226691908490448, 0.8478767744863571, 0.894286638285801, 0.12039217007139535, 0.08866759063741891, 0.6523894984606539, 0.442930591099532, 0.5829446210819971, 0.7379835764663627, 0.8704455274093091, 0.8752939214334047, 0.01596813911978461], BATTLES: 292-144-213-442-239-297-349-232-265-
16, 8, -2657.0, [0.04032576163454425, 0.9802225352275367, 0.12295743147535731, 0.6932748203338164, 0.9781653365111632, 0.5974077381310577, 0.5690375448700232, 0.8617716697398552, 0.6497974482051079, 0.703696762032756, 0.9734649405411305, 0.34483511458525334, 0.11646184586647294, 0.10029637394206117, 0.17291319520590806, 0.5955517231112835, 0.982960748155308, 0.04108542175126588, 0.4540239319630704, 0.06001947604744977, 0.0899880762979774, 0.015863100450464743, 0.15182797818226854, 0.36316656821154125, 0.9917831570630186, 0.9934294051746128, 0.7741650653040071, 0.8153591789914094, 0.33621511433097206, 0.8500558173964113, 0.9432199190467214, 0.1650872869696069, 0.4099717303587256, 0.699701759441343, 0.9514350518966641, 0.008554307849402903, 0.9241179718198563, 0.9935677286958999, 0.6097233035509863, 0.2588771227443509, 0.6720763200523636, 0.3195538796727643, 0.8674305717983982, 0.9820778928642122, 0.07930053076158781, 0.17114658652577522, 0.5629624399205415, 0.7785881826227355, 0.7193607595546647, 0.06449440874705331, 0.9304301155464686, 0.8787693858692899, 0.3965595113853337, 0.9568299359671394, 0.24265081247912196, 0.039832409458396154, 0.6616331418050272, 0.14052081055468274, 0.8088327489319885, 0.622135533433062, 0.9209167756217663, 0.6724613738455224, 0.052005189968127495], BATTLES: 283-152-193-411-293-307-355-276-299-
16, 9, -2697.0, [0.17009977512058594, 0.9403391869940495, 0.0067318947050333325, 0.8554718216777171, 0.964338387956548, 0.447929029028831, 0.7946544275060583, 0.5122684283428234, 0.6992346214105623, 0.8516039379016678, 0.8619484732279744, 0.7393941642486158, 0.046287758921166336, 0.020697249863006736, 0.28248569472943974, 0.7569485242495193, 0.929685203710657, 0.5251120533741508, 0.08512559698236422, 0.009381031102876913, 0.38951980319925916, 0.010721247497397954, 0.1719242667991488, 0.05232139020719191, 0.9905479320990208, 0.8464660222980734, 0.6004156993326113, 0.9109966637068453, 0.01164004450055875, 0.6165669085699901, 0.741880825973313, 0.1545487189112293, 0.6506483658201456, 0.8044041177809123, 0.9954146874339975, 0.017707972992335, 0.8068319154212181, 0.9052844975761657, 0.40128306320789786, 0.16664902997726663, 0.9280932587489691, 0.6537613597093093, 0.9957066221652087, 0.9741858099389937, 0.008561302931928551, 0.0013045690002063681, 0.8260404444989975, 0.6981600677591907, 0.7107237309655077, 0.027829310895059835, 0.5789645441781608, 0.8031989908838548, 0.6306291830052637, 0.9964121549545696, 0.10584701556231854, 0.02617069136192767, 0.8152551359307365, 0.4283826728524361, 0.6243051616073493, 0.8570505452811162, 0.8597142015406488, 0.9170470148324713, 0.04755997732607985], BATTLES: 307-162-236-423-271-315-356-257-285-
16, 10, -2661.0, [0.3265254715043812, 0.9552546615790635, 0.20277691194489045, 0.842195130448084, 0.9529454814477915, 0.7064680177716922, 0.927064379748344, 0.7387891538041474, 0.5941156951442181, 0.5720041504020668, 0.8889737099864181, 0.4987005172852046, 0.12584499284174194, 0.004083101077152179, 0.12069101915780223, 0.6283710206378792, 0.9664542069654658, 0.3353656639733835, 0.45565871035497557, 0.002823596343791918, 0.28890361037105294, 0.023385322628699662, 0.3389523807963071, 0.13776917380837028, 0.9815224792059437, 0.8120479412412421, 0.45373262686528865, 0.9481974777831167, 0.03283600978224166, 0.47336095292818564, 0.9050317551062214, 0.24951861956164167, 0.5249150574313459, 0.3823888090382336, 0.8332858179008703, 0.008476476526777174, 0.8944621382490334, 0.9809136528504546, 0.6611749136365367, 0.2879641379650576, 0.892918429017165, 0.7002549282764546, 0.9213696169536978, 0.9994469610536242, 0.03715004717845588, 0.20916254297139253, 0.5980921958881256, 0.602541958056519, 0.7098377000282838, 0.07644322098075224, 0.5987078418499063, 0.8131866416238789, 0.4531801656132629, 0.9686905447722324, 0.24154531203044724, 0.025526778740204346, 0.7037857011279878, 0.19115180503668747, 0.8585782875379065, 0.7953382173903482, 0.986662157527745, 0.7822559463432903, 0.0077914885864525385], BATTLES: 270-165-200-453-301-326-377-277-292-
16, 11, -2643.0, [0.1028397368644722, 0.9132770638776502, 0.0691382260423692, 0.6840173985766579, 0.9252920501614161, 0.8046395173051224, 0.737024946339714, 0.7323243513092678, 0.7050716434263561, 0.6643654943827096, 0.7983856630999884, 0.8333513130815887, 0.22800783631858945, 0.0014465694186187733, 0.0652919390651506, 0.48554384599955813, 0.9827176600077683, 0.0013014927880090066, 0.4985311424988593, 0.023840247674045863, 0.07517496647114967, 0.005494422161164955, 0.3713147737935427, 0.2942923211265105, 0.9019894979254064, 0.8846388871583294, 0.5080804920532365, 0.9248195674494717, 0.03297557445888705, 0.8189464025806409, 0.917320682074855, 0.25121115188643084, 0.5111016231949546, 0.6487916838851064, 0.9369413323113055, 0.006161105917091875, 0.9137642564451032, 0.9538829447773249, 0.6182107217351356, 0.3073780806779213, 0.6423735267960414, 0.7386657185899417, 0.9633131669556563, 0.8839404149369817, 0.04513026597092956, 0.1098014590110827, 0.5764786307029682, 0.8076168423843739, 0.8877275495151364, 0.04280943540439147, 0.6294602975517806, 0.8525809644534743, 0.4259034960311204, 0.9680641923572952, 0.15440266277730808, 0.15958289235737577, 0.643075894104815, 0.33410288659543574, 0.2280586286439848, 0.48909895681403026, 0.9400816233933111, 0.8741163403887608, 0.08921430012952469], BATTLES: 314-143-255-410-288-338-346-258-282-
16, 12, -2657.0, [0.18404667246327738, 0.702577488322645, 0.23795101819481007, 0.9731846411996564, 0.9065913337835678, 0.5271084578658962, 0.8320191178630175, 0.5716140255832861, 0.5376681523309005, 0.9195965509684599, 0.5192350812991998, 0.9296723498297417, 0.05739969132732204, 0.010149961018151386, 0.40283934650983333, 0.735364583979743, 0.9941733453596268, 0.41132860258326365, 0.25060151715703355, 0.008648742369925973, 0.36008730118121973, 0.025766330915515383, 0.04635572032433341, 0.06514299370289205, 0.9647214087065437, 0.9611198939517551, 0.5319669887659259, 0.8116751295360509, 0.13083525747657138, 0.8947212724766747, 0.9522540590619597, 0.17801726033043808, 0.7231281923429675, 0.634712118161521, 0.886832754777686, 0.13968349345768558, 0.7258312320713661, 0.8038756936816753, 0.9236926226560332, 0.0901281543065334, 0.9923056694104, 0.17054316169280767, 0.923732054009616, 0.9483139494329855, 0.027043602572103878, 0.09138472444067701, 0.9136235534915865, 0.7842505348263221, 0.8561645633325224, 0.002318336716747124, 0.38089924157296623, 0.9110892074860999, 0.7264749187696927, 0.9053857917769244, 0.2123592240450795, 0.006853988040685124, 0.800228982124376, 0.5495437790063613, 0.4220572549771803, 0.4934256237200172, 0.8365669259382819, 0.8866148331253114, 0.01710830494445803], BATTLES: 292-172-219-411-280-295-334-261-281-
16, 13, -2611.0, [0.3397702147013975, 0.992794609104128, 0.16106936312787773, 0.9107736981039105, 0.8549672689505813, 0.6108514927100991, 0.5774451175729631, 0.619688780254441, 0.745188054159792, 0.8079640393335488, 0.5675161994354407, 0.8483966967131743, 0.19450298724485413, 0.3232960365832496, 0.6883209730276152, 0.8483669828637107, 0.9428704066192122, 0.5836896228130597, 0.09126693921033072, 0.007119668257230273, 0.5508902631069942, 0.056079411138855007, 0.18287154779367223, 0.12878219209085834, 0.9920908018987717, 0.9712490184164163, 0.4563039477665316, 0.9449375797427857, 0.3213401665058789, 0.8309409961786512, 0.904220847269797, 0.1989969280548413, 0.7718350537697705, 0.7072177544840031, 0.7922629890718142, 0.059563003575263285, 0.7546594815605716, 0.6693260687931699, 0.44471055559642936, 0.4843466285734259, 0.9223733441514524, 0.5625417812257307, 0.9377285182519333, 0.8338247924821938, 0.011947059036457928, 0.2131387332012291, 0.9218469738309732, 0.647954666262209, 0.8958550846775117, 0.05840863921124644, 0.35905481549625484, 0.6838318083664764, 0.5123352253406529, 0.9705227551782761, 0.14864230123021382, 0.002796471327466507, 0.9300122847850181, 0.3906310571144459, 0.8483376433466913, 0.7406333442155656, 0.8322582303307637, 0.9005810517885924, 0.0074920552232932616], BATTLES: 273-139-219-425-309-333-327-247-286-
16, 14, -2670.0, [0.24178849175800596, 0.9854152840234297, 0.16450404324572515, 0.9780655843333251, 0.9164303050430143, 0.8354233805687147, 0.9053772350835773, 0.5372174039162209, 0.518035099500374, 0.8076865889786541, 0.7762667511680591, 0.9130318416925695, 0.1556801755391555, 0.14476368723081812, 0.6427649538902627, 0.6348232671184578, 0.9003274968136601, 0.3757406788186326, 0.16966402206984413, 0.028375235062680026, 0.15019428645947927, 0.047989320510191565, 0.25848693128266353, 0.1569086522697225, 0.9100635999040907, 0.9425868968803491, 0.40218704001289685, 0.9505630280633091, 0.1651165223865498, 0.7542244181554816, 0.8950010718845488, 0.26443072709807036, 0.8232830058246803, 0.6106048977034074, 0.887601352179393, 0.005251051606152565, 0.9518153265046649, 0.666739259219006, 0.8037506661196501, 0.22805979455867018, 0.9633921104139691, 0.3242224457673569, 0.9231445704001238, 0.9168545887400932, 0.032263627673071504, 0.19389133018759344, 0.5236388258936755, 0.7807507934668072, 0.5237884297732001, 0.022829069225541662, 0.8471092560589142, 0.9819019450343995, 0.7016156247631987, 0.9953458697902482, 0.1882630991898021, 0.06432450877337564, 0.9240644416120876, 0.5751647947242338, 0.9465778225864941, 0.9096565996546857, 0.8570745093784226, 0.8947112328670366, 0.09267802315708602], BATTLES: 300-160-254-438-283-329-357-241-306-
17, 0, -2669.0, [0.0006440440971111488, 0.9829101100895091, 0.2193013579558306, 0.8615701442889214, 0.8157735163182587, 0.40188015190475923, 0.7460861978952746, 0.5100949424041238, 0.44407186987414016, 0.7160283088343861, 0.7313273354184454, 0.8549020364000015, 0.13474628257524407, 0.34885258522581103, 0.3710668178006914, 0.5635042270589442, 0.9555798472574525, 0.7568149477835914, 0.4225339935199488, 0.0019171808040522945, 0.17570556793420303, 0.024615432909957553, 0.10077121941803721, 0.22783728091589042, 0.8984065621411733, 0.9980462317502068, 0.6572523129679974, 0.6775409269469558, 0.7346227978913459, 0.5876860806128641, 0.7096888251216769, 0.06472786543635459, 0.8287871214343995, 0.9613193687199423, 0.6437863016019233, 0.010663839509382541, 0.9068188968273527, 0.5659342481493976, 0.6098673247427762, 0.24881801988778007, 0.8037917859697803, 0.32883336516817613, 0.956414938302596, 0.7455189335849778, 0.06315515348134088, 0.09371960653927691, 0.8109028244819867, 0.8353035157239748, 0.8129511658344447, 0.03090036076139339, 0.9097390316342313, 0.8035227024632801, 0.728245015866636, 0.9290913486193745, 0.3971453048765151, 0.13977670121923227, 0.7946153172227642, 0.5907710185998248, 0.2697926366302458, 0.5903829228049333, 0.7805373732256471, 0.805311584173809, 0.01585514874883826], BATTLES: 297-186-248-426-302-357-344-247-262-
17, 1, -2652.0, [0.18824101280921945, 0.9435732149948269, 0.18411012654938763, 0.8417409440711434, 0.8095830765319714, 0.5520879098211425, 0.7873943605554237, 0.5669943842798539, 0.7116297233839171, 0.7006483765406597, 0.9505902620941198, 0.9471430403857839, 0.05334646611717661, 0.33959918828913066, 0.7068776439172266, 0.6548989134647205, 0.9081022769990007, 0.15259538551095528, 0.38349727068672423, 0.0892430685937633, 0.20138534547576004, 0.0013646685114546316, 0.291287827670843, 0.14689258805823055, 0.9421582536729584, 0.8273762966937266, 0.6891622731110887, 0.5188215255963786, 0.42485619941604874, 0.6242569008870215, 0.9293760825286286, 0.022674501276696617, 0.5723095677470532, 0.6810864748671678, 0.7393341820232341, 0.05839484141029469, 0.7494442093888348, 0.9071863827354553, 0.6975770289623662, 0.4112250928202401, 0.7977595392237428, 0.7654579930395377, 0.9414971708905452, 0.9941037527389922, 0.03889975633909552, 0.13602274808080567, 0.6652646714543639, 0.9463086330168736, 0.883363641260335, 0.0810465443934353, 0.5258311388037361, 0.43457070345142723, 0.796011600811342, 0.9499676537548319, 0.277224302049159, 0.19371112949866887, 0.8097203486025292, 0.23112889550280707, 0.30332052225128936, 0.8617810670190278, 0.9517478655885461, 0.7476136965924896, 0.03246026293548392], BATTLES: 278-167-256-436-276-320-317-223-294-
17, 2, -2638.0, [0.010822222573768105, 0.9578380530083728, 0.11471880949831086, 0.764976337978768, 0.9250105305778222, 0.4972804115151804, 0.7891041257493565, 0.7055568274005803, 0.5844621751942447, 0.9648080971099744, 0.8367575855924284, 0.6075537422759653, 0.15349078456588752, 0.10210626646110409, 0.2990473143448255, 0.5840308663014617, 0.909045942535567, 0.21518338998238182, 0.23304522541894301, 0.04738941053857621, 0.34756913118364025, 0.11451154089401536, 0.2440512865761825, 0.023611265610249593, 0.9878512381545946, 0.8346166473041168, 0.5449002052859423, 0.8647284309980935, 0.022015818033195994, 0.6212670214188248, 0.9995217970131651, 0.5271518397446052, 0.9255241676787707, 0.7726903490005272, 0.9700625640195372, 0.03589412434391042, 0.952867909693845, 0.9936141764395533, 0.859672636308032, 0.09607138983130234, 0.8592060723206734, 0.04144573357566614, 0.9702419243847119, 0.8447448864834997, 0.022742017092290814, 0.2643326561743047, 0.684981153441786, 0.7737028164269082, 0.6788953788691809, 0.0022294817581923095, 0.9037874534792797, 0.8433088474904115, 0.561006293453403, 0.9819302806699934, 0.3831101606253522, 0.08817457319764105, 0.5746969228107568, 0.49968907137742274, 0.6687931408344375, 0.889099313000664, 0.8724853125643351, 0.8707039740584525, 0.14567079429728108], BATTLES: 265-171-242-415-296-327-329-238-319-
17, 3, -2458.0, [0.4245279525429765, 0.7390759115405136, 0.1648559292353659, 0.9759393903829583, 0.7998775513698665, 0.33460107005855105, 0.9128499326324284, 0.9796211080313223, 0.6856401325890791, 0.6760032736434738, 0.692362569245944, 0.891068769429627, 0.1216272126109576, 0.05578278208150694, 0.5050182218654348, 0.7071962218401631, 0.8657788613288894, 0.54570476072015, 0.15587134883656067, 0.0011729173914803558, 0.2728012631152013, 0.19595482347966045, 0.13374026829291888, 0.14830993811904777, 0.8814921071435077, 0.8381855106611251, 0.2803738628280906, 0.7006487198926119, 0.049875581445923196, 0.37525376728667525, 0.8396034508117998, 0.30494585438688726, 0.9823993920769227, 0.9778736050150009, 0.9425101965998368, 0.06959198460202873, 0.4773886493251606, 0.6392210987205489, 0.6935746179906365, 0.4405131039360927, 0.9495622606620024, 0.3958190782645604, 0.9996801275436886, 0.8007640177612503, 0.02622533559166607, 0.15906890362116677, 0.8034993485096369, 0.8161924251913321, 0.9148748320619176, 0.025422812977379902, 0.38857173474097434, 0.6862998811693888, 0.2472161709800887, 0.9497774433771424, 0.07146693157198619, 0.09410311110517523, 0.7368513499046316, 0.29416058605300127, 0.7893472700352917, 0.8393840609364214, 0.9678333778276149, 0.8213009404796571, 0.00353037594673734], BATTLES: 293-149-206-414-262-300-345-246-243-
17, 4, -2582.0, [0.19893267705642678, 0.9611172230270353, 0.4738791877006471, 0.8661312172602704, 0.8885795951645827, 0.46282317897722214, 0.7480198286558556, 0.7190585998819552, 0.3260030648721586, 0.8390597937555199, 0.971383810415849, 0.9583227619330833, 0.08975290142022578, 0.02196496619899039, 0.7112373729079702, 0.5089602680465881, 0.7999304897835308, 0.10388536530457818, 0.4380483596198153, 0.05597821863611508, 0.057645921223498375, 0.014357410816464846, 0.24554915201283073, 0.26462377687502714, 0.9659646226537524, 0.9999436667820041, 0.7581983547361263, 0.29221631617315236, 0.16070742824712192, 0.6745395451737956, 0.986844706860671, 0.20459708432364165, 0.5923789742842183, 0.5737903626681858, 0.8907319166719349, 0.0014409757704138982, 0.9973928797145502, 0.8086355214758453, 0.38433287921259174, 0.21484751989099118, 0.8975054031205894, 0.7763650645998148, 0.9638944033782887, 0.9824310884480222, 0.03703169942693928, 0.20810082369707483, 0.8053380935038931, 0.7904291407281959, 0.7040157101280338, 0.18291604603114578, 0.24116502201888984, 0.8424994325117281, 0.4376326107319273, 0.9696783665559127, 0.44892638446754907, 0.17818114381298825, 0.8086659327723409, 0.3663499686559332, 0.30369204464322624, 0.7857423646398092, 0.8629116093125074, 0.8408553339925583, 0.04325483615630806], BATTLES: 299-158-218-427-268-310-352-264-286-
17, 5, -2542.0, [0.030686380126553375, 0.9628874031476666, 0.039778098289256186, 0.9248954872997588, 0.9950215453437232, 0.2858604917958748, 0.6526564814982138, 0.6851724291996626, 0.8392061707268265, 0.8407992819594484, 0.9208984884969262, 0.3421509946237315, 0.3529532312612471, 0.042742507803825144, 0.23975306786818695, 0.5641884964817454, 0.9193282050687133, 0.5681895308069527, 0.4390081418649976, 0.04420938529556219, 0.3093475412712956, 0.05918928831549619, 0.49900166451191813, 0.14579376855758527, 0.8746045759414153, 0.972842123021977, 0.189678086520446, 0.8826685066143505, 0.2722656545753239, 0.6107083357528303, 0.9958392099706899, 0.46126258951541954, 0.7738885795754369, 0.4745780901179212, 0.8529550506662684, 0.024926585641461205, 0.9655072447857641, 0.6337315882977486, 0.7495986046325069, 0.22981925307303927, 0.9973403779788876, 0.3805981780811635, 0.9003782020674782, 0.9839781109208668, 0.06335335599654272, 0.10438676377949438, 0.8883596350604552, 0.9980204549364474, 0.969467463742328, 0.050451096467558854, 0.8190329549535487, 0.753213293119687, 0.7730722812316944, 0.9596388098631291, 0.4236269690132045, 0.13848561506920504, 0.6752997387306149, 0.46739427243718745, 0.1884537661845186, 0.6854220518687568, 0.9901128711390922, 0.9727645500129642, 0.028526658384130446], BATTLES: 279-154-198-390-302-321-314-279-284-
17, 6, -2708.0, [0.11609082916432359, 0.9895624469329983, 0.2886918241523842, 0.736007412168588, 0.9139418192928388, 0.7850049569434855, 0.8736623752152298, 0.6276633916324706, 0.5749109965278569, 0.6164090666543124, 0.9283058914759982, 0.9347777708569042, 0.12120890239807523, 0.07040407803765335, 0.565953876246701, 0.41452876192375093, 0.9512508161522748, 0.07007283721660035, 0.5501249918648566, 0.08938986248617417, 0.04847876121473074, 0.0004063048117160864, 0.30235002942204314, 0.18677072727512015, 0.9713111103667159, 0.8460070928191172, 0.5928281466567745, 0.9964667851009681, 0.2367285605214885, 0.6292380336211952, 0.8728047135900528, 0.011218253270794093, 0.7541340116725872, 0.8352696095830588, 0.8719557134184042, 0.0036130689734302, 0.8516404653557398, 0.852272389020849, 0.502044218234968, 0.2386719882439961, 0.79074747835416, 0.3974691144127883, 0.9959414032067168, 0.9890850509608208, 0.046464648470842716, 0.05127794541083205, 0.4921348199260491, 0.9019789069512019, 0.6302737965416383, 0.014435595521951831, 0.5283155237765352, 0.9853343578045893, 0.3827639771246748, 0.9639150937948037, 0.3606695909054121, 0.013214003876941282, 0.6866363100276051, 0.484472522450515, 0.6191196490048494, 0.7426177802751766, 0.9058127969152923, 0.7572558621503139, 0.004491757120096869], BATTLES: 298-135-248-411-274-355-371-296-320-
17, 7, -2546.0, [0.0696589999920927, 0.8114558389602754, 0.23405316839557505, 0.862060901111297, 0.9330357175354453, 0.44957699530582257, 0.7520323877172349, 0.7237623349546426, 0.5042475638731196, 0.9080920893296405, 0.6381784116159528, 0.8195670613283373, 0.07775570043868482, 0.0032258794359014895, 0.6229533920704622, 0.6826192448090881, 0.9590019774133799, 0.7039088578915994, 0.1137212323756647, 0.02715294680296731, 0.43450069156700866, 0.032936956425112345, 0.02792605583873097, 0.2527661351705981, 0.9235415521070246, 0.9828057564589485, 0.47296668321303403, 0.9931066618886132, 0.13602788641361946, 0.3858443838454271, 0.9385959373860954, 0.047982700171183085, 0.820967370780715, 0.8196680503339229, 0.8203934947111465, 0.051701895656015365, 0.6603132371270561, 0.8990693675347151, 0.5269542993943914, 0.09027579042708289, 0.6407865977072289, 0.051954317309910514, 0.9387902328591943, 0.858316356060635, 0.007870427454224019, 0.1515502666714481, 0.6099009119038433, 0.8657633301197096, 0.577196976139791, 0.004966734567389233, 0.9181065995006061, 0.5226691908490448, 0.8478767744863571, 0.894286638285801, 0.12039217007139535, 0.08866759063741891, 0.6523894984606539, 0.442930591099532, 0.5829446210819971, 0.7379835764663627, 0.8704455274093091, 0.8752939214334047, 0.01596813911978461], BATTLES: 299-155-222-430-286-318-339-215-282-
17, 8, -2594.0, [0.04032576163454425, 0.9802225352275367, 0.056181555595795185, 0.6932748203338164, 0.9890826682555816, 0.5974077381310577, 0.844878199478259, 0.6658457323805689, 0.6752447121454035, 0.9738469492523243, 0.9734649405411305, 0.4812285008706052, 0.11646184586647294, 0.10029637394206117, 0.17291319520590806, 0.5955517231112835, 0.982960748155308, 0.1439288392482812, 0.4540239319630704, 0.06001947604744977, 0.0717608781928297, 0.015863100450464743, 0.0793075647073743, 0.36316656821154125, 0.9917831570630186, 0.8442819919885273, 0.5789084797271224, 0.9076795894957047, 0.11951143692640595, 0.8500558173964113, 0.9432199190467214, 0.281553350622973, 0.4099717303587256, 0.9200551537321744, 0.975717525948332, 0.004277153924701451, 0.9620589859099282, 0.9935677286958999, 0.8971974205396307, 0.01637154210636102, 0.8655719505558633, 0.015258392259663744, 0.933715285899199, 0.9820778928642122, 0.07930053076158781, 0.1519489853163702, 0.5629624399205415, 0.7785881826227355, 0.5634895186913736, 0.06449440874705331, 0.9652150577732344, 0.8787693858692899, 0.3965595113853337, 0.9568299359671394, 0.24265081247912196, 0.039832409458396154, 0.8008183320010928, 0.14052081055468274, 0.960726768157269, 0.622135533433062, 0.8346911061466225, 0.6724613738455224, 0.052005189968127495], BATTLES: 298-163-235-396-299-325-305-243-293-
17, 9, -2694.0, [0.17009977512058594, 0.9403391869940495, 0.0067318947050333325, 0.8554718216777171, 0.964338387956548, 0.447929029028831, 0.7946544275060583, 0.5122684283428234, 0.6992346214105623, 0.8516039379016678, 0.8619484732279744, 0.7393941642486158, 0.046287758921166336, 0.020697249863006736, 0.28248569472943974, 0.7569485242495193, 0.929685203710657, 0.5251120533741508, 0.08512559698236422, 0.009381031102876913, 0.38951980319925916, 0.010721247497397954, 0.1719242667991488, 0.05232139020719191, 0.9905479320990208, 0.8464660222980734, 0.6004156993326113, 0.9109966637068453, 0.01164004450055875, 0.6165669085699901, 0.741880825973313, 0.1545487189112293, 0.6506483658201456, 0.8044041177809123, 0.9954146874339975, 0.017707972992335, 0.8068319154212181, 0.9052844975761657, 0.40128306320789786, 0.16664902997726663, 0.9280932587489691, 0.6537613597093093, 0.9957066221652087, 0.9741858099389937, 0.008561302931928551, 0.0013045690002063681, 0.8260404444989975, 0.6981600677591907, 0.7107237309655077, 0.027829310895059835, 0.5789645441781608, 0.8031989908838548, 0.6306291830052637, 0.9964121549545696, 0.10584701556231854, 0.02617069136192767, 0.8152551359307365, 0.4283826728524361, 0.6243051616073493, 0.8570505452811162, 0.8597142015406488, 0.9170470148324713, 0.04755997732607985], BATTLES: 308-162-234-425-305-338-368-265-289-
17, 10, -2660.0, [0.3265254715043812, 0.9552546615790635, 0.20277691194489045, 0.842195130448084, 0.9529454814477915, 0.7064680177716922, 0.927064379748344, 0.7387891538041474, 0.5941156951442181, 0.5720041504020668, 0.8889737099864181, 0.4987005172852046, 0.12584499284174194, 0.004083101077152179, 0.12069101915780223, 0.6283710206378792, 0.9664542069654658, 0.3353656639733835, 0.45565871035497557, 0.002823596343791918, 0.28890361037105294, 0.023385322628699662, 0.3389523807963071, 0.13776917380837028, 0.9815224792059437, 0.8120479412412421, 0.45373262686528865, 0.9481974777831167, 0.03283600978224166, 0.47336095292818564, 0.9050317551062214, 0.24951861956164167, 0.5249150574313459, 0.3823888090382336, 0.8332858179008703, 0.008476476526777174, 0.8944621382490334, 0.9809136528504546, 0.6611749136365367, 0.2879641379650576, 0.892918429017165, 0.7002549282764546, 0.9213696169536978, 0.9994469610536242, 0.03715004717845588, 0.20916254297139253, 0.5980921958881256, 0.602541958056519, 0.7098377000282838, 0.07644322098075224, 0.5987078418499063, 0.8131866416238789, 0.4531801656132629, 0.9686905447722324, 0.24154531203044724, 0.025526778740204346, 0.7037857011279878, 0.19115180503668747, 0.8585782875379065, 0.7953382173903482, 0.986662157527745, 0.7822559463432903, 0.0077914885864525385], BATTLES: 287-174-206-424-309-313-368-282-297-
17, 11, -2752.0, [0.09526320938800385, 0.9566385319388251, 0.0691382260423692, 0.9057875749944311, 0.9626460250807081, 0.8046395173051224, 0.8646221066485689, 0.7323243513092678, 0.7050716434263561, 0.9729040436954022, 0.7895671192076487, 0.9166756565407943, 0.005140351784648306, 0.0007232847093093867, 0.17904440317228892, 0.5121635282953919, 0.9827176600077683, 0.18842757806162336, 0.4348654831093717, 0.023840247674045863, 0.07819676502667029, 0.0027472110805824776, 0.09687317721086477, 0.14835395671015755, 0.9509947489627032, 0.9423194435791646, 0.6427877130463349, 0.9248195674494717, 0.03297557445888705, 0.9094732012903204, 0.917320682074855, 0.10346135492907545, 0.6082445745127537, 0.7092366490536783, 0.9369413323113055, 0.0030805529585459374, 0.9137642564451032, 0.9769414723886625, 0.8783541829383569, 0.21710541856517834, 0.6423735267960414, 0.28125813235779257, 0.9816565834778281, 0.9419702074684908, 0.04513026597092956, 0.05490072950554135, 0.8331001992439462, 0.8076168423843739, 0.7537910520808535, 0.021404717702195736, 0.6931283450298151, 0.9262904822267372, 0.6869893931076576, 0.9840320961786476, 0.3266823092119051, 0.07979144617868789, 0.643075894104815, 0.33815328287525803, 0.42695718687366035, 0.48346211130072375, 0.9700408116966556, 0.8741163403887608, 0.08921430012952469], BATTLES: 308-167-257-414-281-329-352-247-280-
17, 12, -2707.0, [0.18404667246327738, 0.702577488322645, 0.23795101819481007, 0.9731846411996564, 0.9065913337835678, 0.5271084578658962, 0.8320191178630175, 0.5716140255832861, 0.5376681523309005, 0.9195965509684599, 0.5192350812991998, 0.9296723498297417, 0.05739969132732204, 0.010149961018151386, 0.40283934650983333, 0.735364583979743, 0.9941733453596268, 0.41132860258326365, 0.25060151715703355, 0.008648742369925973, 0.36008730118121973, 0.025766330915515383, 0.04635572032433341, 0.06514299370289205, 0.9647214087065437, 0.9611198939517551, 0.5319669887659259, 0.8116751295360509, 0.13083525747657138, 0.8947212724766747, 0.9522540590619597, 0.17801726033043808, 0.7231281923429675, 0.634712118161521, 0.886832754777686, 0.13968349345768558, 0.7258312320713661, 0.8038756936816753, 0.9236926226560332, 0.0901281543065334, 0.9923056694104, 0.17054316169280767, 0.923732054009616, 0.9483139494329855, 0.027043602572103878, 0.09138472444067701, 0.9136235534915865, 0.7842505348263221, 0.8561645633325224, 0.002318336716747124, 0.38089924157296623, 0.9110892074860999, 0.7264749187696927, 0.9053857917769244, 0.2123592240450795, 0.006853988040685124, 0.800228982124376, 0.5495437790063613, 0.4220572549771803, 0.4934256237200172, 0.8365669259382819, 0.8866148331253114, 0.01710830494445803], BATTLES: 275-177-261-435-310-365-353-236-295-
17, 13, -2556.0, [0.3397702147013975, 0.992794609104128, 0.22600076519958712, 0.9804055227182908, 0.9205972150877253, 0.6108514927100991, 0.5973633993040232, 0.7084612425046657, 0.8493878599730906, 0.7543606924695827, 0.5675161994354407, 0.8461244041318292, 0.19450298724485413, 0.3232960365832496, 0.8098985044934235, 0.6256981061398543, 0.9428704066192122, 0.590628486357299, 0.2573991655705069, 0.07622269284752753, 0.39316003438923275, 0.040554042968938366, 0.4484925691604934, 0.08077136810416162, 0.9665419969297204, 0.9499544505748898, 0.19080154204209454, 0.9449375797427857, 0.2651065104773819, 0.8309409961786512, 0.9292062005313015, 0.1989969280548413, 0.7718350537697705, 0.6273429211672883, 0.7922629890718142, 0.018979601540254337, 0.8859042306619463, 0.5445035664737861, 0.45194552975624225, 0.4151237914989855, 0.9223733441514524, 0.8319003318777853, 0.9352237021543979, 0.9075677057931907, 0.011947059036457928, 0.06627278762787384, 0.9218469738309732, 0.647954666262209, 0.8958550846775117, 0.04319024447453301, 0.35905481549625484, 0.6838318083664764, 0.5123352253406529, 0.9705227551782761, 0.35622822393339043, 0.002796471327466507, 0.965006142392509, 0.3906310571144459, 0.9298565629149024, 0.8458251036105884, 0.9138495306779642, 0.8624352739067288, 0.06161453550609933], BATTLES: 271-134-206-408-285-307-331-270-281-
17, 14, -2708.0, [0.05495632315424423, 0.9927076420117149, 0.1686303068744689, 0.8753049052134473, 0.8917911500752325, 0.7426373483599852, 0.9053772350835773, 0.5393765653514052, 0.518035099500374, 0.943133014492309, 0.9438206753485755, 0.9130318416925695, 0.0902754810295967, 0.17953196100374627, 0.4406117224111295, 0.6348232671184578, 0.95016374840683, 0.3757406788186326, 0.30323978721646827, 0.05720402635694825, 0.16251767270384967, 0.047989320510191565, 0.3207033332715413, 0.0641722724479888, 0.9243862365199171, 0.9425868968803491, 0.4470712825212594, 0.9505630280633091, 0.3439929384909438, 0.9165838709296448, 0.8950010718845488, 0.31333859405122577, 0.6813498168293024, 0.7983185122686345, 0.9438006760896964, 0.005251051606152565, 0.7432417924611463, 0.8577705104411687, 0.8037506661196501, 0.22805979455867018, 0.9633921104139691, 0.0759611171775158, 0.9615722852000619, 0.9970983085124498, 0.016131813836535752, 0.19389133018759344, 0.6266764167009837, 0.7807507934668072, 0.5979044145627643, 0.0038303264340645796, 0.8471092560589142, 0.9819019450343995, 0.7016156247631987, 0.9953458697902482, 0.1882630991898021, 0.03216225438668782, 0.9240644416120876, 0.4126973580024919, 0.8598481653145766, 0.9096565996546857, 0.8570745093784226, 0.8947112328670366, 0.09267802315708602], BATTLES: 300-171-248-428-278-329-343-239-307-
18, 0, -2620.0, [0.0003220220485555744, 0.9914550550447545, 0.19328069845758158, 0.781477789485913, 0.9426368890077699, 0.40188015190475923, 0.8730430989476373, 0.5053880257531731, 0.44407186987414016, 0.7160283088343861, 0.8656636677092227, 0.8549020364000015, 0.13474628257524407, 0.34885258522581103, 0.3266863625886053, 0.5635042270589442, 0.9555798472574525, 0.7568149477835914, 0.4225339935199488, 0.02464439247322348, 0.08785278396710151, 0.024615432909957553, 0.23795878429605558, 0.22783728091589042, 0.8984065621411733, 0.9980462317502068, 0.6572523129679974, 0.6775409269469558, 0.46133842509370726, 0.5876860806128641, 0.9439351187239735, 0.06472786543635459, 0.6164031811978117, 0.902856861519506, 0.6437863016019233, 0.010663839509382541, 0.9534094484136764, 0.8998002250016146, 0.6098673247427762, 0.2699497941239885, 0.7968089456145601, 0.3648256464616902, 0.9782074691512981, 0.7455189335849778, 0.06315515348134088, 0.09254592533458582, 0.607671681693853, 0.9261555542232688, 0.8129511658344447, 0.015450180380696696, 0.9097390316342313, 0.9730379685765643, 0.728245015866636, 0.9290913486193745, 0.46574994211289866, 0.13977670121923227, 0.7946153172227642, 0.5907710185998248, 0.46020570035758745, 0.5903829228049333, 0.8920141424067329, 0.805311584173809, 0.01585514874883826], BATTLES: 266-163-234-430-313-328-346-231-273-
18, 1, -2653.0, [0.09412050640460973, 0.9717866074974135, 0.26243427458132285, 0.8417409440711434, 0.8095830765319714, 0.5520879098211425, 0.8936971802777118, 0.608946877799373, 0.6665136508096848, 0.8779413961519766, 0.9505902620941198, 0.769334180871032, 0.05334646611717661, 0.08815179899664785, 0.3390347842729593, 0.5657710706605754, 0.9540511384995003, 0.07629769275547764, 0.5016908123726816, 0.0892430685937633, 0.20138534547576004, 0.0013646685114546316, 0.291287827670843, 0.25849824227114304, 0.9421582536729584, 0.761608783028311, 0.6891622731110887, 0.7594107627981893, 0.19500651489527174, 0.6242569008870215, 0.9293760825286286, 0.022674501276696617, 0.40138447606107863, 0.6810864748671678, 0.7393341820232341, 0.05839484141029469, 0.8150031687729742, 0.9071863827354553, 0.9616075103233307, 0.4112250928202401, 0.7688577158561926, 0.7654579930395377, 0.9707485854452726, 0.9941037527389922, 0.011459168958292763, 0.13602274808080567, 0.43331807901188013, 0.806731308096727, 0.883363641260335, 0.027033508768451144, 0.5258311388037361, 0.6949549490709279, 0.6722694733123522, 0.9499676537548319, 0.277224302049159, 0.19371112949866887, 0.8097203486025292, 0.23112889550280707, 0.879220964102986, 0.8441804720312497, 0.9517478655885461, 0.7476136965924896, 0.01623013146774196], BATTLES: 317-157-254-433-266-312-361-264-289-
18, 2, -2627.0, [0.010822222573768105, 0.9578380530083728, 0.11471880949831086, 0.764976337978768, 0.9250105305778222, 0.4972804115151804, 0.7891041257493565, 0.7055568274005803, 0.5844621751942447, 0.9648080971099744, 0.8367575855924284, 0.6075537422759653, 0.15349078456588752, 0.10210626646110409, 0.2990473143448255, 0.5840308663014617, 0.909045942535567, 0.21518338998238182, 0.23304522541894301, 0.04738941053857621, 0.34756913118364025, 0.11451154089401536, 0.2440512865761825, 0.023611265610249593, 0.9878512381545946, 0.8346166473041168, 0.5449002052859423, 0.8647284309980935, 0.022015818033195994, 0.6212670214188248, 0.9995217970131651, 0.5271518397446052, 0.9255241676787707, 0.7726903490005272, 0.9700625640195372, 0.03589412434391042, 0.952867909693845, 0.9936141764395533, 0.859672636308032, 0.09607138983130234, 0.8592060723206734, 0.04144573357566614, 0.9702419243847119, 0.8447448864834997, 0.022742017092290814, 0.2643326561743047, 0.684981153441786, 0.7737028164269082, 0.6788953788691809, 0.0022294817581923095, 0.9037874534792797, 0.8433088474904115, 0.561006293453403, 0.9819302806699934, 0.3831101606253522, 0.08817457319764105, 0.5746969228107568, 0.49968907137742274, 0.6687931408344375, 0.889099313000664, 0.8724853125643351, 0.8707039740584525, 0.14567079429728108], BATTLES: 285-147-243-438-287-344-330-234-319-
18, 3, -2547.0, [0.4245279525429765, 0.7390759115405136, 0.1648559292353659, 0.8570342536611828, 0.7998775513698665, 0.8296733410043428, 0.9128499326324284, 0.9796211080313223, 0.6856401325890791, 0.3915966684088909, 0.692362569245944, 0.9039112392450518, 0.17262810429915, 0.05578278208150694, 0.3220853076058472, 0.7071962218401631, 0.8657788613288894, 0.25526814014695276, 0.15587134883656067, 0.0005864586957401779, 0.2728012631152013, 0.19595482347966045, 0.13374026829291888, 0.16205247899040373, 0.9966474802067273, 0.8381855106611251, 0.34154904767860905, 0.7006487198926119, 0.024937790722961598, 0.37525376728667525, 0.8396034508117998, 0.24600306603104397, 0.836577104033071, 0.4707202042548184, 0.9425101965998368, 0.06959198460202873, 0.891707705552709, 0.6392210987205489, 0.6935746179906365, 0.43353449190921645, 0.9747811303310012, 0.3958190782645604, 0.9996801275436886, 0.9003820088806251, 0.03456123172602856, 0.15906890362116677, 0.47852523559526383, 0.8161924251913321, 0.9148748320619176, 0.012711406488689951, 0.4402711615866032, 0.8431499405846944, 0.2472161709800887, 0.9497774433771424, 0.07146693157198619, 0.09410311110517523, 0.8106605564976898, 0.13462633996720008, 0.7893472700352917, 0.8393840609364214, 0.9678333778276149, 0.8213009404796571, 0.00176518797336867], BATTLES: 282-153-205-421-284-288-329-226-246-
18, 4, -2645.0, [0.10697213856838597, 0.9611172230270353, 0.4738791877006471, 0.9218067611466936, 0.8885795951645827, 0.46282317897722214, 0.8693377119356553, 0.616770084820032, 0.3260030648721586, 0.8390597937555199, 0.971383810415849, 0.7238034370400848, 0.1747929996364918, 0.02196496619899039, 0.7112373729079702, 0.4983943628625724, 0.7999304897835308, 0.10388536530457818, 0.43338237131568796, 0.05597821863611508, 0.057645921223498375, 0.007178705408232423, 0.3115000431797805, 0.1342804904326734, 0.8922610936037885, 0.9940776930458287, 0.7581983547361263, 0.29221631617315236, 0.12269807931899497, 0.6745395451737956, 0.986844706860671, 0.20459708432364165, 0.5923789742842183, 0.5737903626681858, 0.8689721452379066, 0.0014409757704138982, 0.9973928797145502, 0.8086355214758453, 0.38433287921259174, 0.21484751989099118, 0.8975054031205894, 0.7763650645998148, 0.9638944033782887, 0.9912155442240111, 0.03703169942693928, 0.20810082369707483, 0.8053380935038931, 0.9313565405853407, 0.9019213220139574, 0.18291604603114578, 0.24116502201888984, 0.8424994325117281, 0.7306380277835735, 0.9696783665559127, 0.39702922320458156, 0.17818114381298825, 0.8086659327723409, 0.3663499686559332, 0.30369204464322624, 0.6142046831816895, 0.9482718974373645, 0.8408553339925583, 0.04325483615630806], BATTLES: 270-153-202-433-285-333-336-242-298-
18, 5, -2681.0, [0.030686380126553375, 0.9565474967504028, 0.21235447648489303, 0.8837425015544922, 0.9975107726718616, 0.8240567785166457, 0.6526564814982138, 0.6851724291996626, 0.6356480903606944, 0.8407992819594484, 0.9604492442484631, 0.3421509946237315, 0.3529532312612471, 0.042742507803825144, 0.1173314767974568, 0.5641884964817454, 0.967320254528085, 0.26744458260682313, 0.6301301552475005, 0.04420938529556219, 0.1546737706356478, 0.00754612653788128, 0.38165747675654693, 0.14579376855758527, 0.8746045759414153, 0.972842123021977, 0.3685397524234856, 0.8826685066143505, 0.055674668182088306, 0.6107083357528303, 0.922326604722784, 0.09094753214136828, 0.7738885795754369, 0.4745780901179212, 0.8552574090270981, 0.024926585641461205, 0.9655072447857641, 0.9460098593412879, 0.7495986046325069, 0.22981925307303927, 0.7238673879238927, 0.3805981780811635, 0.9003782020674782, 0.9939700951166536, 0.06335335599654272, 0.10438676377949438, 0.8883596350604552, 0.9980204549364474, 0.969467463742328, 0.050451096467558854, 0.5502855988070245, 0.8766066465598434, 0.8048607607437539, 0.9720260489197671, 0.5005819877448954, 0.044050871934111224, 0.6673250761189481, 0.46739427243718745, 0.1884537661845186, 0.6854220518687568, 0.9901128711390922, 0.8109584851600918, 0.06209192678955395], BATTLES: 289-153-253-402-292-356-308-230-306-
18, 6, -2688.0, [0.11609082916432359, 0.9895624469329983, 0.2886918241523842, 0.736007412168588, 0.9139418192928388, 0.7850049569434855, 0.8736623752152298, 0.6276633916324706, 0.5749109965278569, 0.6164090666543124, 0.9283058914759982, 0.9347777708569042, 0.12120890239807523, 0.07040407803765335, 0.565953876246701, 0.41452876192375093, 0.9512508161522748, 0.07007283721660035, 0.5501249918648566, 0.08938986248617417, 0.04847876121473074, 0.0004063048117160864, 0.30235002942204314, 0.18677072727512015, 0.9713111103667159, 0.8460070928191172, 0.5928281466567745, 0.9964667851009681, 0.2367285605214885, 0.6292380336211952, 0.8728047135900528, 0.011218253270794093, 0.7541340116725872, 0.8352696095830588, 0.8719557134184042, 0.0036130689734302, 0.8516404653557398, 0.852272389020849, 0.502044218234968, 0.2386719882439961, 0.79074747835416, 0.3974691144127883, 0.9959414032067168, 0.9890850509608208, 0.046464648470842716, 0.05127794541083205, 0.4921348199260491, 0.9019789069512019, 0.6302737965416383, 0.014435595521951831, 0.5283155237765352, 0.9853343578045893, 0.3827639771246748, 0.9639150937948037, 0.3606695909054121, 0.013214003876941282, 0.6866363100276051, 0.484472522450515, 0.6191196490048494, 0.7426177802751766, 0.9058127969152923, 0.7572558621503139, 0.004491757120096869], BATTLES: 292-156-242-416-290-337-364-269-322-
18, 7, -2584.0, [0.19042865489482005, 0.7706913499503676, 0.23405316839557505, 0.862060901111297, 0.9330357175354453, 0.5654161816842936, 0.7520323877172349, 0.7237623349546426, 0.6697526806275793, 0.9540460446648202, 0.6381784116159528, 0.8195670613283373, 0.07775570043868482, 0.007084004335001797, 0.6229533920704622, 0.7320000214595391, 0.9590019774133799, 0.7039088578915994, 0.16541397392502005, 0.005326305760495639, 0.3719662024367435, 0.032936956425112345, 0.02792605583873097, 0.2527661351705981, 0.9235415521070246, 0.9914028782294743, 0.47296668321303403, 0.9931066618886132, 0.06801394320680973, 0.8265321144900074, 0.9470939966504694, 0.03696031101948076, 0.820967370780715, 0.6772286527648377, 0.8641804351437846, 0.051701895656015365, 0.7624885518132309, 0.8699139886432017, 0.5269542993943914, 0.12341142298614431, 0.6407865977072289, 0.24578032730164062, 0.9408343019560884, 0.8847728426179904, 0.019799943262088872, 0.011765650890702889, 0.9585460930737789, 0.8657633301197096, 0.6674350648897255, 0.004966734567389233, 0.4979428285362177, 0.5226691908490448, 0.8478767744863571, 0.894286638285801, 0.2848060019127904, 0.08866759063741891, 0.6523894984606539, 0.4841425268502654, 0.606595117911102, 0.5823128134063255, 0.8704455274093091, 0.8823377727599437, 0.01596813911978461], BATTLES: 277-149-214-417-290-330-312-219-286-
18, 8, -2579.0, [0.04032576163454425, 0.9802225352275367, 0.056181555595795185, 0.6932748203338164, 0.9890826682555816, 0.5974077381310577, 0.844878199478259, 0.6658457323805689, 0.6752447121454035, 0.9738469492523243, 0.9734649405411305, 0.4812285008706052, 0.11646184586647294, 0.10029637394206117, 0.17291319520590806, 0.5955517231112835, 0.982960748155308, 0.1439288392482812, 0.4540239319630704, 0.06001947604744977, 0.0717608781928297, 0.015863100450464743, 0.0793075647073743, 0.36316656821154125, 0.9917831570630186, 0.8442819919885273, 0.5789084797271224, 0.9076795894957047, 0.11951143692640595, 0.8500558173964113, 0.9432199190467214, 0.281553350622973, 0.4099717303587256, 0.9200551537321744, 0.975717525948332, 0.004277153924701451, 0.9620589859099282, 0.9935677286958999, 0.8971974205396307, 0.01637154210636102, 0.8655719505558633, 0.015258392259663744, 0.933715285899199, 0.9820778928642122, 0.07930053076158781, 0.1519489853163702, 0.5629624399205415, 0.7785881826227355, 0.5634895186913736, 0.06449440874705331, 0.9652150577732344, 0.8787693858692899, 0.3965595113853337, 0.9568299359671394, 0.24265081247912196, 0.039832409458396154, 0.8008183320010928, 0.14052081055468274, 0.960726768157269, 0.622135533433062, 0.8346911061466225, 0.6724613738455224, 0.052005189968127495], BATTLES: 304-165-231-412-287-317-351-255-257-
18, 9, -2604.0, [0.17009977512058594, 0.9403391869940495, 0.0067318947050333325, 0.8554718216777171, 0.964338387956548, 0.447929029028831, 0.7946544275060583, 0.5122684283428234, 0.6992346214105623, 0.8516039379016678, 0.8619484732279744, 0.7393941642486158, 0.046287758921166336, 0.020697249863006736, 0.28248569472943974, 0.7569485242495193, 0.929685203710657, 0.5251120533741508, 0.08512559698236422, 0.009381031102876913, 0.38951980319925916, 0.010721247497397954, 0.1719242667991488, 0.05232139020719191, 0.9905479320990208, 0.8464660222980734, 0.6004156993326113, 0.9109966637068453, 0.01164004450055875, 0.6165669085699901, 0.741880825973313, 0.1545487189112293, 0.6506483658201456, 0.8044041177809123, 0.9954146874339975, 0.017707972992335, 0.8068319154212181, 0.9052844975761657, 0.40128306320789786, 0.16664902997726663, 0.9280932587489691, 0.6537613597093093, 0.9957066221652087, 0.9741858099389937, 0.008561302931928551, 0.0013045690002063681, 0.8260404444989975, 0.6981600677591907, 0.7107237309655077, 0.027829310895059835, 0.5789645441781608, 0.8031989908838548, 0.6306291830052637, 0.9964121549545696, 0.10584701556231854, 0.02617069136192767, 0.8152551359307365, 0.4283826728524361, 0.6243051616073493, 0.8570505452811162, 0.8597142015406488, 0.9170470148324713, 0.04755997732607985], BATTLES: 276-154-208-435-294-307-386-278-266-
18, 10, -2653.0, [0.3265254715043812, 0.9552546615790635, 0.20277691194489045, 0.842195130448084, 0.9529454814477915, 0.7064680177716922, 0.927064379748344, 0.7387891538041474, 0.5941156951442181, 0.5720041504020668, 0.8889737099864181, 0.4987005172852046, 0.12584499284174194, 0.004083101077152179, 0.12069101915780223, 0.6283710206378792, 0.9664542069654658, 0.3353656639733835, 0.45565871035497557, 0.002823596343791918, 0.28890361037105294, 0.023385322628699662, 0.3389523807963071, 0.13776917380837028, 0.9815224792059437, 0.8120479412412421, 0.45373262686528865, 0.9481974777831167, 0.03283600978224166, 0.47336095292818564, 0.9050317551062214, 0.24951861956164167, 0.5249150574313459, 0.3823888090382336, 0.8332858179008703, 0.008476476526777174, 0.8944621382490334, 0.9809136528504546, 0.6611749136365367, 0.2879641379650576, 0.892918429017165, 0.7002549282764546, 0.9213696169536978, 0.9994469610536242, 0.03715004717845588, 0.20916254297139253, 0.5980921958881256, 0.602541958056519, 0.7098377000282838, 0.07644322098075224, 0.5987078418499063, 0.8131866416238789, 0.4531801656132629, 0.9686905447722324, 0.24154531203044724, 0.025526778740204346, 0.7037857011279878, 0.19115180503668747, 0.8585782875379065, 0.7953382173903482, 0.986662157527745, 0.7822559463432903, 0.0077914885864525385], BATTLES: 311-175-203-433-307-300-369-264-291-
18, 11, -2693.0, [0.09526320938800385, 0.9566385319388251, 0.0691382260423692, 0.9057875749944311, 0.9626460250807081, 0.8046395173051224, 0.8646221066485689, 0.7323243513092678, 0.7050716434263561, 0.9729040436954022, 0.7895671192076487, 0.9166756565407943, 0.005140351784648306, 0.0007232847093093867, 0.17904440317228892, 0.5121635282953919, 0.9827176600077683, 0.18842757806162336, 0.4348654831093717, 0.023840247674045863, 0.07819676502667029, 0.0027472110805824776, 0.09687317721086477, 0.14835395671015755, 0.9509947489627032, 0.9423194435791646, 0.6427877130463349, 0.9248195674494717, 0.03297557445888705, 0.9094732012903204, 0.917320682074855, 0.10346135492907545, 0.6082445745127537, 0.7092366490536783, 0.9369413323113055, 0.0030805529585459374, 0.9137642564451032, 0.9769414723886625, 0.8783541829383569, 0.21710541856517834, 0.6423735267960414, 0.28125813235779257, 0.9816565834778281, 0.9419702074684908, 0.04513026597092956, 0.05490072950554135, 0.8331001992439462, 0.8076168423843739, 0.7537910520808535, 0.021404717702195736, 0.6931283450298151, 0.9262904822267372, 0.6869893931076576, 0.9840320961786476, 0.3266823092119051, 0.07979144617868789, 0.643075894104815, 0.33815328287525803, 0.42695718687366035, 0.48346211130072375, 0.9700408116966556, 0.8741163403887608, 0.08921430012952469], BATTLES: 283-176-221-424-316-331-348-263-331-
18, 12, -2656.0, [0.18404667246327738, 0.702577488322645, 0.23795101819481007, 0.9731846411996564, 0.9065913337835678, 0.5271084578658962, 0.8320191178630175, 0.5716140255832861, 0.5376681523309005, 0.9195965509684599, 0.5192350812991998, 0.9296723498297417, 0.05739969132732204, 0.010149961018151386, 0.40283934650983333, 0.735364583979743, 0.9941733453596268, 0.41132860258326365, 0.25060151715703355, 0.008648742369925973, 0.36008730118121973, 0.025766330915515383, 0.04635572032433341, 0.06514299370289205, 0.9647214087065437, 0.9611198939517551, 0.5319669887659259, 0.8116751295360509, 0.13083525747657138, 0.8947212724766747, 0.9522540590619597, 0.17801726033043808, 0.7231281923429675, 0.634712118161521, 0.886832754777686, 0.13968349345768558, 0.7258312320713661, 0.8038756936816753, 0.9236926226560332, 0.0901281543065334, 0.9923056694104, 0.17054316169280767, 0.923732054009616, 0.9483139494329855, 0.027043602572103878, 0.09138472444067701, 0.9136235534915865, 0.7842505348263221, 0.8561645633325224, 0.002318336716747124, 0.38089924157296623, 0.9110892074860999, 0.7264749187696927, 0.9053857917769244, 0.2123592240450795, 0.006853988040685124, 0.800228982124376, 0.5495437790063613, 0.4220572549771803, 0.4934256237200172, 0.8365669259382819, 0.8866148331253114, 0.01710830494445803], BATTLES: 282-181-255-417-286-347-330-261-297-
18, 13, -2568.0, [0.3397702147013975, 0.992794609104128, 0.22600076519958712, 0.9804055227182908, 0.9205972150877253, 0.6108514927100991, 0.5973633993040232, 0.7084612425046657, 0.8493878599730906, 0.7543606924695827, 0.5675161994354407, 0.8461244041318292, 0.19450298724485413, 0.3232960365832496, 0.8098985044934235, 0.6256981061398543, 0.9428704066192122, 0.590628486357299, 0.2573991655705069, 0.07622269284752753, 0.39316003438923275, 0.040554042968938366, 0.4484925691604934, 0.08077136810416162, 0.9665419969297204, 0.9499544505748898, 0.19080154204209454, 0.9449375797427857, 0.2651065104773819, 0.8309409961786512, 0.9292062005313015, 0.1989969280548413, 0.7718350537697705, 0.6273429211672883, 0.7922629890718142, 0.018979601540254337, 0.8859042306619463, 0.5445035664737861, 0.45194552975624225, 0.4151237914989855, 0.9223733441514524, 0.8319003318777853, 0.9352237021543979, 0.9075677057931907, 0.011947059036457928, 0.06627278762787384, 0.9218469738309732, 0.647954666262209, 0.8958550846775117, 0.04319024447453301, 0.35905481549625484, 0.6838318083664764, 0.5123352253406529, 0.9705227551782761, 0.35622822393339043, 0.002796471327466507, 0.965006142392509, 0.3906310571144459, 0.9298565629149024, 0.8458251036105884, 0.9138495306779642, 0.8624352739067288, 0.06161453550609933], BATTLES: 254-143-200-420-285-294-375-309-288-
18, 14, -2711.0, [0.05495632315424423, 0.9927076420117149, 0.1686303068744689, 0.8753049052134473, 0.8917911500752325, 0.7426373483599852, 0.9053772350835773, 0.5393765653514052, 0.518035099500374, 0.943133014492309, 0.9438206753485755, 0.9130318416925695, 0.0902754810295967, 0.17953196100374627, 0.4406117224111295, 0.6348232671184578, 0.95016374840683, 0.3757406788186326, 0.30323978721646827, 0.05720402635694825, 0.16251767270384967, 0.047989320510191565, 0.3207033332715413, 0.0641722724479888, 0.9243862365199171, 0.9425868968803491, 0.4470712825212594, 0.9505630280633091, 0.3439929384909438, 0.9165838709296448, 0.8950010718845488, 0.31333859405122577, 0.6813498168293024, 0.7983185122686345, 0.9438006760896964, 0.005251051606152565, 0.7432417924611463, 0.8577705104411687, 0.8037506661196501, 0.22805979455867018, 0.9633921104139691, 0.0759611171775158, 0.9615722852000619, 0.9970983085124498, 0.016131813836535752, 0.19389133018759344, 0.6266764167009837, 0.7807507934668072, 0.5979044145627643, 0.0038303264340645796, 0.8471092560589142, 0.9819019450343995, 0.7016156247631987, 0.9953458697902482, 0.1882630991898021, 0.03216225438668782, 0.9240644416120876, 0.4126973580024919, 0.8598481653145766, 0.9096565996546857, 0.8570745093784226, 0.8947112328670366, 0.09267802315708602], BATTLES: 305-185-255-432-327-329-336-234-308-
19, 0, -2671.0, [0.0003220220485555744, 0.9914550550447545, 0.20707262134247556, 0.7824618498190574, 0.9426368890077699, 0.9030248626544137, 0.7354994763050249, 0.5053880257531731, 0.458541692860179, 0.7160283088343861, 0.9328318338546113, 0.5586457465187378, 0.13474628257524407, 0.2387733523087508, 0.16143469110611783, 0.5635042270589442, 0.9777899236287262, 0.7568149477835914, 0.4225339935199488, 0.07027676742192072, 0.08785278396710151, 0.024615432909957553, 0.43755745327253726, 0.1275246768805947, 0.8984065621411733, 0.9980462317502068, 0.6572523129679974, 0.6775409269469558, 0.46133842509370726, 0.9283483347519852, 0.9439351187239735, 0.08562108966313231, 0.6164031811978117, 0.902856861519506, 0.7722164227216434, 0.010663839509382541, 0.9767047242068382, 0.9499001125008073, 0.6098673247427762, 0.2699497941239885, 0.7968089456145601, 0.3648256464616902, 0.9782074691512981, 0.7455189335849778, 0.0571820026559063, 0.09254592533458582, 0.6703681368773574, 0.9481418766399042, 0.8129511658344447, 0.015450180380696696, 0.9097390316342313, 0.9865189842882822, 0.728245015866636, 0.9290913486193745, 0.46574994211289866, 0.13977670121923227, 0.8307867853550154, 0.5907710185998248, 0.46020570035758745, 0.5903829228049333, 0.8920141424067329, 0.805311584173809, 0.01585514874883826], BATTLES: 311-158-266-395-316-346-328-212-257-
19, 1, -2630.0, [0.09412050640460973, 0.9717866074974135, 0.26243427458132285, 0.8417409440711434, 0.8095830765319714, 0.5520879098211425, 0.8936971802777118, 0.608946877799373, 0.6665136508096848, 0.8779413961519766, 0.9505902620941198, 0.769334180871032, 0.05334646611717661, 0.08815179899664785, 0.3390347842729593, 0.5657710706605754, 0.9540511384995003, 0.07629769275547764, 0.5016908123726816, 0.0892430685937633, 0.20138534547576004, 0.0013646685114546316, 0.291287827670843, 0.25849824227114304, 0.9421582536729584, 0.761608783028311, 0.6891622731110887, 0.7594107627981893, 0.19500651489527174, 0.6242569008870215, 0.9293760825286286, 0.022674501276696617, 0.40138447606107863, 0.6810864748671678, 0.7393341820232341, 0.05839484141029469, 0.8150031687729742, 0.9071863827354553, 0.9616075103233307, 0.4112250928202401, 0.7688577158561926, 0.7654579930395377, 0.9707485854452726, 0.9941037527389922, 0.011459168958292763, 0.13602274808080567, 0.43331807901188013, 0.806731308096727, 0.883363641260335, 0.027033508768451144, 0.5258311388037361, 0.6949549490709279, 0.6722694733123522, 0.9499676537548319, 0.277224302049159, 0.19371112949866887, 0.8097203486025292, 0.23112889550280707, 0.879220964102986, 0.8441804720312497, 0.9517478655885461, 0.7476136965924896, 0.01623013146774196], BATTLES: 288-140-239-409-273-339-379-270-293-
19, 2, -2625.0, [0.05161924056204807, 0.9578380530083728, 0.05735940474915543, 0.9103597268997768, 0.9576500496773286, 0.4972804115151804, 0.8826679328291338, 0.6347744960949142, 0.77935563347275, 0.9824040485549872, 0.8367575855924284, 0.7720624597465768, 0.04750024969016764, 0.03571073070424643, 0.2990473143448255, 0.6746735157137764, 0.9545229712677835, 0.21518338998238182, 0.23304522541894301, 0.005816010283660543, 0.34756913118364025, 0.11451154089401536, 0.2440512865761825, 0.011805632805124797, 0.9655041075152201, 0.8346166473041168, 0.5449002052859423, 0.8647284309980935, 0.022015818033195994, 0.6212670214188248, 0.9995217970131651, 0.5271518397446052, 0.8161160012813852, 0.7712052536109979, 0.9700625640195372, 0.03589412434391042, 0.7706492178891913, 0.981043065653585, 0.929836318154016, 0.09390977970669397, 0.8592060723206734, 0.02072286678783307, 0.9533801554669158, 0.8447448864834997, 0.030015244818300434, 0.2643326561743047, 0.8353735322613937, 0.7899708448957221, 0.6788953788691809, 0.0011147408790961547, 0.9037874534792797, 0.8433088474904115, 0.8043194117834991, 0.9819302806699934, 0.3831101606253522, 0.08817457319764105, 0.5746969228107568, 0.5123924418437629, 0.6687931408344375, 0.47971901208217993, 0.9142535488383191, 0.8707039740584525, 0.09722053229323861], BATTLES: 302-154-241-428-294-316-329-249-312-
19, 3, -2664.0, [0.22735365589273887, 0.9870866559855602, 0.26218184019192314, 0.9303109523947353, 0.7998775513698665, 0.8217123652974071, 0.9128499326324284, 0.7403462260224167, 0.6856401325890791, 0.7375700316294861, 0.9830469757961489, 0.8478563657502042, 0.12504823707610097, 0.05578278208150694, 0.3220853076058472, 0.45105840816147114, 0.8373238599533036, 0.12763407007347638, 0.5601829901513644, 0.035758905172005195, 0.2728012631152013, 0.04807264221280523, 0.3003578103298259, 0.07277973737379972, 0.9966474802067273, 0.9161267543195729, 0.7376313927287507, 0.3786884008715024, 0.02136373609457915, 0.37525376728667525, 0.8396034508117998, 0.25550727620561536, 0.5279880748953291, 0.4657486683496033, 0.9425101965998368, 0.034795992301014364, 0.9458538527763545, 0.6392210987205489, 0.7220468113676698, 0.43353449190921645, 0.9236634611698226, 0.8076911274815437, 0.9998400637718443, 0.9003820088806251, 0.061393744585350365, 0.12690956621512572, 0.47852523559526383, 0.854700213653355, 0.9148748320619176, 0.012711406488689951, 0.4402711615866032, 0.9215749702923473, 0.2472161709800887, 0.9748887216885712, 0.4306621793965103, 0.09410311110517523, 0.8106605564976898, 0.2203616161477761, 0.3560033934360387, 0.5154102419130695, 0.9839166889138075, 0.833712021687212, 0.00176518797336867], BATTLES: 282-132-193-455-280-286-365-264-256-
19, 4, -2666.0, [0.10697213856838597, 0.9611172230270353, 0.4738791877006471, 0.8888970485620306, 0.8885795951645827, 0.7314115894886111, 0.9346688559678277, 0.4768226572404055, 0.5484188282788822, 0.9309367490960021, 0.971383810415849, 0.8619017185200424, 0.031795462264345695, 0.0178807568845627, 0.3731750481387019, 0.4983943628625724, 0.7999304897835308, 0.014045439946551025, 0.43338237131568796, 0.05597821863611508, 0.057645921223498375, 0.017572396393795098, 0.3115000431797805, 0.1342804904326734, 0.9461305468018942, 0.9940776930458287, 0.8072778399133229, 0.29221631617315236, 0.12269807931899497, 0.6745395451737956, 0.986844706860671, 0.10229854216182083, 0.41872486069895615, 0.5737903626681858, 0.8689721452379066, 0.0014409757704138982, 0.9986964398572751, 0.9043177607379227, 0.38433287921259174, 0.2170430154737461, 0.8975054031205894, 0.7763650645998148, 0.9638944033782887, 0.9912155442240111, 0.03703169942693928, 0.20810082369707483, 0.8053380935038931, 0.9313565405853407, 0.9019213220139574, 0.18291604603114578, 0.24116502201888984, 0.921249716255864, 0.7306380277835735, 0.9696783665559127, 0.39702922320458156, 0.17818114381298825, 0.8086659327723409, 0.3663499686559332, 0.30369204464322624, 0.6142046831816895, 0.9482718974373645, 0.9204276669962792, 0.08943525277209188], BATTLES: 296-142-234-407-278-321-333-246-279-
19, 5, -2676.0, [0.030686380126553375, 0.9565474967504028, 0.21235447648489303, 0.8837425015544922, 0.9975107726718616, 0.8240567785166457, 0.6526564814982138, 0.6851724291996626, 0.6356480903606944, 0.8407992819594484, 0.9604492442484631, 0.3421509946237315, 0.3529532312612471, 0.042742507803825144, 0.1173314767974568, 0.5641884964817454, 0.967320254528085, 0.26744458260682313, 0.6301301552475005, 0.04420938529556219, 0.1546737706356478, 0.00754612653788128, 0.38165747675654693, 0.14579376855758527, 0.8746045759414153, 0.972842123021977, 0.3685397524234856, 0.8826685066143505, 0.055674668182088306, 0.6107083357528303, 0.922326604722784, 0.09094753214136828, 0.7738885795754369, 0.4745780901179212, 0.8552574090270981, 0.024926585641461205, 0.9655072447857641, 0.9460098593412879, 0.7495986046325069, 0.22981925307303927, 0.7238673879238927, 0.3805981780811635, 0.9003782020674782, 0.9939700951166536, 0.06335335599654272, 0.10438676377949438, 0.8883596350604552, 0.9980204549364474, 0.969467463742328, 0.050451096467558854, 0.5502855988070245, 0.8766066465598434, 0.8048607607437539, 0.9720260489197671, 0.5005819877448954, 0.044050871934111224, 0.6673250761189481, 0.46739427243718745, 0.1884537661845186, 0.6854220518687568, 0.9901128711390922, 0.8109584851600918, 0.06209192678955395], BATTLES: 308-180-251-411-302-346-337-239-302-
19, 6, -2613.0, [0.11609082916432359, 0.9895624469329983, 0.2886918241523842, 0.736007412168588, 0.9139418192928388, 0.7850049569434855, 0.8736623752152298, 0.6276633916324706, 0.5749109965278569, 0.6164090666543124, 0.9283058914759982, 0.9347777708569042, 0.12120890239807523, 0.07040407803765335, 0.565953876246701, 0.41452876192375093, 0.9512508161522748, 0.07007283721660035, 0.5501249918648566, 0.08938986248617417, 0.04847876121473074, 0.0004063048117160864, 0.30235002942204314, 0.18677072727512015, 0.9713111103667159, 0.8460070928191172, 0.5928281466567745, 0.9964667851009681, 0.2367285605214885, 0.6292380336211952, 0.8728047135900528, 0.011218253270794093, 0.7541340116725872, 0.8352696095830588, 0.8719557134184042, 0.0036130689734302, 0.8516404653557398, 0.852272389020849, 0.502044218234968, 0.2386719882439961, 0.79074747835416, 0.3974691144127883, 0.9959414032067168, 0.9890850509608208, 0.046464648470842716, 0.05127794541083205, 0.4921348199260491, 0.9019789069512019, 0.6302737965416383, 0.014435595521951831, 0.5283155237765352, 0.9853343578045893, 0.3827639771246748, 0.9639150937948037, 0.3606695909054121, 0.013214003876941282, 0.6866363100276051, 0.484472522450515, 0.6191196490048494, 0.7426177802751766, 0.9058127969152923, 0.7572558621503139, 0.004491757120096869], BATTLES: 267-157-252-406-277-309-372-269-304-
19, 7, -2480.0, [0.19042865489482005, 0.7706913499503676, 0.23405316839557505, 0.862060901111297, 0.9330357175354453, 0.5654161816842936, 0.7520323877172349, 0.7237623349546426, 0.6697526806275793, 0.9540460446648202, 0.6381784116159528, 0.8195670613283373, 0.07775570043868482, 0.007084004335001797, 0.6229533920704622, 0.7320000214595391, 0.9590019774133799, 0.7039088578915994, 0.16541397392502005, 0.005326305760495639, 0.3719662024367435, 0.032936956425112345, 0.02792605583873097, 0.2527661351705981, 0.9235415521070246, 0.9914028782294743, 0.47296668321303403, 0.9931066618886132, 0.06801394320680973, 0.8265321144900074, 0.9470939966504694, 0.03696031101948076, 0.820967370780715, 0.6772286527648377, 0.8641804351437846, 0.051701895656015365, 0.7624885518132309, 0.8699139886432017, 0.5269542993943914, 0.12341142298614431, 0.6407865977072289, 0.24578032730164062, 0.9408343019560884, 0.8847728426179904, 0.019799943262088872, 0.011765650890702889, 0.9585460930737789, 0.8657633301197096, 0.6674350648897255, 0.004966734567389233, 0.4979428285362177, 0.5226691908490448, 0.8478767744863571, 0.894286638285801, 0.2848060019127904, 0.08866759063741891, 0.6523894984606539, 0.4841425268502654, 0.606595117911102, 0.5823128134063255, 0.8704455274093091, 0.8823377727599437, 0.01596813911978461], BATTLES: 281-173-215-416-263-302-327-238-265-
19, 8, -2625.0, [0.05300992327712222, 0.9901112676137683, 0.056181555595795185, 0.8837072092579528, 0.9890826682555816, 0.5974077381310577, 0.7604375351042386, 0.5666944609895457, 0.6777787060658531, 0.999322964966253, 0.9867324702705653, 0.6265896357935936, 0.16020389792340872, 0.10029637394206117, 0.17291319520590806, 0.6457965059199191, 0.9624248291174968, 0.1439288392482812, 0.450053079116211, 0.06001947604744977, 0.1319020826384627, 0.03042651472613469, 0.0793075647073743, 0.17248723811399858, 0.9917831570630186, 0.8442819919885273, 0.3274953919743978, 0.9469908969611851, 0.11951143692640595, 0.8360632408086368, 0.9248066381895275, 0.22680796012254723, 0.6375825914303859, 0.7494557628595158, 0.975717525948332, 0.004277153924701451, 0.9329237653961141, 0.9935677286958999, 0.8971974205396307, 0.13474608438041585, 0.8655719505558633, 0.015258392259663744, 0.933715285899199, 0.9820778928642122, 0.07930053076158781, 0.1519489853163702, 0.5629624399205415, 0.7785881826227355, 0.5634895186913736, 0.02365989195662524, 0.9652150577732344, 0.9957683756827875, 0.5853087784065506, 0.9964977885254808, 0.3669849314493452, 0.019916204729198077, 0.9004091660005464, 0.14052081055468274, 0.960726768157269, 0.8283043714101894, 0.8346911061466225, 0.7402514107592671, 0.052005189968127495], BATTLES: 295-173-214-405-287-298-324-244-279-
19, 9, -2703.0, [0.17009977512058594, 0.984966740271992, 0.08360097797503499, 0.8554718216777171, 0.9124997413301941, 0.447929029028831, 0.7946544275060583, 0.5122684283428234, 0.6118652122236954, 0.8831431829381322, 0.9309742366139873, 0.869697082124308, 0.04587988375354773, 0.26534790147482873, 0.6051824903676898, 0.7569485242495193, 0.9684843153024479, 0.641024326013275, 0.24109156821357122, 0.009381031102876913, 0.38951980319925916, 0.03586555222868564, 0.4768063780127292, 0.05232139020719191, 0.9905479320990208, 0.8464660222980734, 0.3924872690569663, 0.9138831527040073, 0.2373003541390035, 0.6165669085699901, 0.8020141848343774, 0.37425402003564306, 0.9026910804525329, 0.8044041177809123, 0.9954146874339975, 0.0088539864961675, 0.8068319154212181, 0.8398215751730324, 0.40128306320789786, 0.16664902997726663, 0.9640466293744845, 0.6537613597093093, 0.9957066221652087, 0.9741858099389937, 0.017356086314542437, 0.0013045690002063681, 0.6914565516315352, 0.6981600677591907, 0.4380621155875364, 0.027829310895059835, 0.5789645441781608, 0.8031989908838548, 0.5751450645846733, 0.9964121549545696, 0.10584701556231854, 0.013085345680963836, 0.8152551359307365, 0.4283826728524361, 0.6243051616073493, 0.8570505452811162, 0.8597142015406488, 0.9585235074162357, 0.1255880072532569], BATTLES: 281-160-214-432-285-286-348-272-280-
19, 10, -2636.0, [0.3265254715043812, 0.9552546615790635, 0.20277691194489045, 0.842195130448084, 0.949038172862885, 0.9817648073954, 0.927064379748344, 0.7387891538041474, 0.8296992848778605, 0.5720041504020668, 0.8889737099864181, 0.4987005172852046, 0.09070688844163621, 0.004083101077152179, 0.12069101915780223, 0.6283710206378792, 0.9664542069654658, 0.3328387038280366, 0.45565871035497557, 0.002823596343791918, 0.12473113057475103, 0.023385322628699662, 0.0760386180718059, 0.13776917380837028, 0.9815224792059437, 0.8645978104894663, 0.45373262686528865, 0.9481974777831167, 0.03283600978224166, 0.47336095292818564, 0.9050317551062214, 0.24951861956164167, 0.5249150574313459, 0.3823888090382336, 0.8332858179008703, 0.008476476526777174, 0.8944621382490334, 0.9809136528504546, 0.6611749136365367, 0.2879641379650576, 0.892918429017165, 0.027754189022979492, 0.9213696169536978, 0.9994469610536242, 0.03715004717845588, 0.20916254297139253, 0.5980921958881256, 0.602541958056519, 0.7098377000282838, 0.07644322098075224, 0.5987078418499063, 0.8131866416238789, 0.4531801656132629, 0.9843452723861161, 0.24154531203044724, 0.025526778740204346, 0.7037857011279878, 0.19115180503668747, 0.8585782875379065, 0.7953382173903482, 0.986662157527745, 0.7822559463432903, 0.0077914885864525385], BATTLES: 312-172-209-417-263-310-367-259-287-
19, 11, -2768.0, [0.09526320938800385, 0.9566385319388251, 0.0691382260423692, 0.9057875749944311, 0.9626460250807081, 0.8046395173051224, 0.8646221066485689, 0.7323243513092678, 0.7050716434263561, 0.9729040436954022, 0.7895671192076487, 0.9166756565407943, 0.005140351784648306, 0.0007232847093093867, 0.17904440317228892, 0.5121635282953919, 0.9827176600077683, 0.18842757806162336, 0.4348654831093717, 0.023840247674045863, 0.07819676502667029, 0.0027472110805824776, 0.09687317721086477, 0.14835395671015755, 0.9509947489627032, 0.9423194435791646, 0.6427877130463349, 0.9248195674494717, 0.03297557445888705, 0.9094732012903204, 0.917320682074855, 0.10346135492907545, 0.6082445745127537, 0.7092366490536783, 0.9369413323113055, 0.0030805529585459374, 0.9137642564451032, 0.9769414723886625, 0.8783541829383569, 0.21710541856517834, 0.6423735267960414, 0.28125813235779257, 0.9816565834778281, 0.9419702074684908, 0.04513026597092956, 0.05490072950554135, 0.8331001992439462, 0.8076168423843739, 0.7537910520808535, 0.021404717702195736, 0.6931283450298151, 0.9262904822267372, 0.6869893931076576, 0.9840320961786476, 0.3266823092119051, 0.07979144617868789, 0.643075894104815, 0.33815328287525803, 0.42695718687366035, 0.48346211130072375, 0.9700408116966556, 0.8741163403887608, 0.08921430012952469], BATTLES: 295-182-237-424-321-390-356-269-294-
19, 12, -2660.0, [0.18404667246327738, 0.702577488322645, 0.23795101819481007, 0.9731846411996564, 0.9065913337835678, 0.5271084578658962, 0.8320191178630175, 0.5716140255832861, 0.5376681523309005, 0.9195965509684599, 0.5192350812991998, 0.9296723498297417, 0.05739969132732204, 0.010149961018151386, 0.40283934650983333, 0.735364583979743, 0.9941733453596268, 0.41132860258326365, 0.25060151715703355, 0.008648742369925973, 0.36008730118121973, 0.025766330915515383, 0.04635572032433341, 0.06514299370289205, 0.9647214087065437, 0.9611198939517551, 0.5319669887659259, 0.8116751295360509, 0.13083525747657138, 0.8947212724766747, 0.9522540590619597, 0.17801726033043808, 0.7231281923429675, 0.634712118161521, 0.886832754777686, 0.13968349345768558, 0.7258312320713661, 0.8038756936816753, 0.9236926226560332, 0.0901281543065334, 0.9923056694104, 0.17054316169280767, 0.923732054009616, 0.9483139494329855, 0.027043602572103878, 0.09138472444067701, 0.9136235534915865, 0.7842505348263221, 0.8561645633325224, 0.002318336716747124, 0.38089924157296623, 0.9110892074860999, 0.7264749187696927, 0.9053857917769244, 0.2123592240450795, 0.006853988040685124, 0.800228982124376, 0.5495437790063613, 0.4220572549771803, 0.4934256237200172, 0.8365669259382819, 0.8866148331253114, 0.01710830494445803], BATTLES: 284-161-264-440-308-344-327-259-273-
19, 13, -2635.0, [0.3397702147013975, 0.992794609104128, 0.22600076519958712, 0.9804055227182908, 0.9205972150877253, 0.6108514927100991, 0.7232608893203804, 0.7084612425046657, 0.8959927889732158, 0.8949361377410977, 0.6032119976247248, 0.731710543441766, 0.19450298724485413, 0.2243104561755599, 0.8098985044934235, 0.6256981061398543, 0.9428704066192122, 0.4718518565688027, 0.24615579033290225, 0.05132792423112, 0.39316003438923275, 0.06601065537247384, 0.30431360045836875, 0.08077136810416162, 0.9691303821024416, 0.9499544505748898, 0.2882586673152695, 0.9724687898713928, 0.11369841254689494, 0.8309409961786512, 0.9292062005313015, 0.1989969280548413, 0.7718350537697705, 0.7419919429504677, 0.8837266164286637, 0.026555303225900904, 0.8790998776506186, 0.7965968333562626, 0.8201324509646163, 0.28577552608090606, 0.9223733441514524, 0.30700121749034304, 0.9567741186702269, 0.8653966221660042, 0.019661348935835106, 0.06627278762787384, 0.8364692209761586, 0.647954666262209, 0.8275931443174563, 0.04319024447453301, 0.35905481549625484, 0.7831589905794035, 0.5123352253406529, 0.9810411626397699, 0.31729154071062604, 0.0013982356637332535, 0.965006142392509, 0.42364701061033716, 0.8735930598939472, 0.8458251036105884, 0.9407015958503626, 0.8624352739067288, 0.06161453550609933], BATTLES: 251-147-181-437-283-293-372-280-274-
19, 14, -2717.0, [0.027478161577122115, 0.9927076420117149, 0.3124787430149186, 0.8753049052134473, 0.8917911500752325, 0.7523725642131627, 0.9378774000041508, 0.5393765653514052, 0.518035099500374, 0.943133014492309, 0.9438206753485755, 0.9130318416925695, 0.056195834801195346, 0.17953196100374627, 0.18280649354878248, 0.44687408453199756, 0.95016374840683, 0.1878703394093163, 0.4021872053001745, 0.09633740156444566, 0.08125883635192484, 0.047989320510191565, 0.31897317986966484, 0.18297584818373042, 0.95559627917099, 0.9425868968803491, 0.6353714431079107, 0.9375694601047705, 0.15198836415752365, 0.9165838709296448, 0.8950010718845488, 0.31333859405122577, 0.3767507112110837, 0.7983185122686345, 0.9438006760896964, 0.01150243137592848, 0.9214392910158093, 0.8577705104411687, 0.8519827535078921, 0.2929185819807674, 0.9633921104139691, 0.0759611171775158, 0.9807861426000309, 0.9970983085124498, 0.016131813836535752, 0.19389133018759344, 0.6266764167009837, 0.7258837464903144, 0.5979044145627643, 0.0019151632170322898, 0.8471092560589142, 0.9909509725171998, 0.7016156247631987, 0.9725811542059832, 0.27212012629736493, 0.12152007930412025, 0.932674632157625, 0.29523465397999404, 0.8598481653145766, 0.9096565996546857, 0.8282096443509727, 0.8187629946646657, 0.09267802315708602], BATTLES: 280-165-265-419-293-346-325-233-295-
20, 0, -2688.0, [0.0003220220485555744, 0.9724533540157622, 0.14970743087016108, 0.8343155837859736, 0.9426368890077699, 0.956901750661019, 0.9066774261099391, 0.5053880257531731, 0.458541692860179, 0.9059603669630183, 0.824441042300986, 0.9342107403363645, 0.13474628257524407, 0.12195735001127886, 0.19809025410326322, 0.5916948222628159, 0.9777899236287262, 0.7568149477835914, 0.4225339935199488, 0.02984337998221873, 0.08785278396710151, 0.024615432909957553, 0.15365368555255596, 0.1275246768805947, 0.8984065621411733, 0.9980462317502068, 0.6572523129679974, 0.6775409269469558, 0.13788394268719006, 0.9243843765648787, 0.9439351187239735, 0.12552999146880034, 0.6164031811978117, 0.9519541752867987, 0.7722164227216434, 0.010663839509382541, 0.9767047242068382, 0.9749500562504037, 0.8237477558494106, 0.2699497941239885, 0.7968089456145601, 0.3648256464616902, 0.9782074691512981, 0.7727913894609578, 0.035547350041049045, 0.1508394250777189, 0.6703681368773574, 0.7819969853324387, 0.8129511658344447, 0.007725090190348348, 0.9097390316342313, 0.9865189842882822, 0.728245015866636, 0.9290913486193745, 0.3801526734455639, 0.08720498792357577, 0.6933647142891987, 0.491811065993839, 0.46020570035758745, 0.4413736456164176, 0.8930471883721526, 0.805311584173809, 0.01585514874883826], BATTLES: 319-169-236-419-296-326-319-209-284-
20, 1, -2559.0, [0.29204999273525245, 0.9613618174443143, 0.16835117677977907, 0.958818950439852, 0.8095830765319714, 0.5520879098211425, 0.8936971802777118, 0.8113792901273551, 0.6665136508096848, 0.9103110815091392, 0.9505902620941198, 0.7458144965633027, 0.05334646611717661, 0.058630897793489414, 0.4839026765667307, 0.522349614444982, 0.9540511384995003, 0.07629769275547764, 0.4159249662795351, 0.039906208054604944, 0.27576121975591344, 0.01479537641006714, 0.291287827670843, 0.19374942465090772, 0.9792449616837505, 0.8917901638658099, 0.6891622731110887, 0.8890635724576945, 0.19500651489527174, 0.6242569008870215, 0.9293760825286286, 0.022674501276696617, 0.6071968637543883, 0.6810864748671678, 0.8345299372600223, 0.05839484141029469, 0.8150031687729742, 0.9071863827354553, 0.9153212895533197, 0.4112250928202401, 0.7688577158561926, 0.7654579930395377, 0.9749776042335456, 0.9941037527389922, 0.03720818872536153, 0.06801137404040283, 0.8552452315779306, 0.7154272556740662, 0.883363641260335, 0.027033508768451144, 0.3038138262346605, 0.7175144300685025, 0.6722694733123522, 0.9499676537548319, 0.4007665870694324, 0.09356596280724352, 0.8097203486025292, 0.23112889550280707, 0.879220964102986, 0.8441804720312497, 0.9517478655885461, 0.7476136965924896, 0.01623013146774196], BATTLES: 271-127-217-410-257-319-363-273-299-
20, 2, -2666.0, [0.05161924056204807, 0.9578380530083728, 0.07052699584399015, 0.9551798634498885, 0.9576500496773286, 0.4972804115151804, 0.7989693870523223, 0.6041668519854003, 0.7838490553211269, 0.9365604657328592, 0.8367575855924284, 0.7720624597465768, 0.02375012484508382, 0.03571073070424643, 0.2990473143448255, 0.6131399550801451, 0.9545229712677835, 0.21518338998238182, 0.23304522541894301, 0.005816010283660543, 0.34756913118364025, 0.11451154089401536, 0.2440512865761825, 0.011805632805124797, 0.9655041075152201, 0.9549216659944612, 0.5751910608083499, 0.8647284309980935, 0.011007909016597997, 0.6212670214188248, 0.9454321348878305, 0.5271518397446052, 0.8161160012813852, 0.6327804857522449, 0.9700625640195372, 0.015096672279709025, 0.7706492178891913, 0.9253785922791884, 0.964918159077008, 0.13002956144769723, 0.9347107239315962, 0.02072286678783307, 0.9533801554669158, 0.9497011974317375, 0.04705066775754174, 0.0408936035948787, 0.8353735322613937, 0.7899708448957221, 0.6788953788691809, 0.008220200780547094, 0.9037874534792797, 0.8433088474904115, 0.8043194117834991, 0.9819302806699934, 0.3831101606253522, 0.08817457319764105, 0.5746969228107568, 0.5123924418437629, 0.6687931408344375, 0.47971901208217993, 0.9265354443793598, 0.9488730406964407, 0.09722053229323861], BATTLES: 299-154-250-434-294-342-334-223-317-
20, 3, -2679.0, [0.24144049203726997, 0.9870866559855602, 0.26218184019192314, 0.9303109523947353, 0.9266920896189481, 0.8835340555233127, 0.9128499326324284, 0.7403462260224167, 0.6856401325890791, 0.8713611626281025, 0.9830469757961489, 0.923928182875102, 0.12504823707610097, 0.05578278208150694, 0.3220853076058472, 0.45105840816147114, 0.8373238599533036, 0.12763407007347638, 0.32820768888899043, 0.017879452586002598, 0.2566577775300296, 0.04807264221280523, 0.19888242746946502, 0.09038753457822334, 0.9966474802067273, 0.9161267543195729, 0.5056374715849923, 0.3786884008715024, 0.02136373609457915, 0.37525376728667525, 0.8396034508117998, 0.25550727620561536, 0.5279880748953291, 0.4657486683496033, 0.9386830840614393, 0.034795992301014364, 0.8945006875263354, 0.6392210987205489, 0.7220468113676698, 0.33558516964140883, 0.7733476660804629, 0.6251479228507764, 0.9998400637718443, 0.8677574697371028, 0.03988368523837808, 0.12690956621512572, 0.47852523559526383, 0.854700213653355, 0.7176477014744547, 0.012711406488689951, 0.4402711615866032, 0.9215749702923473, 0.2472161709800887, 0.9874443608442856, 0.4306621793965103, 0.09410311110517523, 0.8106605564976898, 0.21304564020750205, 0.3560033934360387, 0.5470935543259471, 0.9563622055530531, 0.833712021687212, 0.000882593986684335], BATTLES: 293-154-239-390-265-307-388-286-307-
20, 4, -2641.0, [0.10697213856838597, 0.9611172230270353, 0.4738791877006471, 0.8888970485620306, 0.8885795951645827, 0.7314115894886111, 0.9346688559678277, 0.4768226572404055, 0.5484188282788822, 0.9309367490960021, 0.971383810415849, 0.8619017185200424, 0.031795462264345695, 0.0178807568845627, 0.3731750481387019, 0.4983943628625724, 0.7999304897835308, 0.014045439946551025, 0.43338237131568796, 0.05597821863611508, 0.057645921223498375, 0.017572396393795098, 0.3115000431797805, 0.1342804904326734, 0.9461305468018942, 0.9940776930458287, 0.8072778399133229, 0.29221631617315236, 0.12269807931899497, 0.6745395451737956, 0.986844706860671, 0.10229854216182083, 0.41872486069895615, 0.5737903626681858, 0.8689721452379066, 0.0014409757704138982, 0.9986964398572751, 0.9043177607379227, 0.38433287921259174, 0.2170430154737461, 0.8975054031205894, 0.7763650645998148, 0.9638944033782887, 0.9912155442240111, 0.03703169942693928, 0.20810082369707483, 0.8053380935038931, 0.9313565405853407, 0.9019213220139574, 0.18291604603114578, 0.24116502201888984, 0.921249716255864, 0.7306380277835735, 0.9696783665559127, 0.39702922320458156, 0.17818114381298825, 0.8086659327723409, 0.3663499686559332, 0.30369204464322624, 0.6142046831816895, 0.9482718974373645, 0.9204276669962792, 0.08943525277209188], BATTLES: 298-183-242-427-314-318-336-226-297-
20, 5, -2587.0, [0.12934083725281129, 0.9565474967504028, 0.21235447648489303, 0.8649050425595135, 0.9975107726718616, 0.9120283892583229, 0.8263282407491068, 0.6964975923052942, 0.7009532491210019, 0.8407992819594484, 0.9338079629433872, 0.3421509946237315, 0.3529532312612471, 0.04277316590967371, 0.0586657383987284, 0.5821514662530627, 0.967320254528085, 0.15981129464783927, 0.4993137269300758, 0.027814338836230662, 0.1546737706356478, 0.00754612653788128, 0.37259273234267287, 0.14016686174747212, 0.9180236988438377, 0.972842123021977, 0.3685397524234856, 0.9413342533071752, 0.055674668182088306, 0.5782347119097286, 0.922326604722784, 0.09094753214136828, 0.47569836246337627, 0.41309812202069174, 0.9064958499358796, 0.01913098701243207, 0.9655072447857641, 0.9460098593412879, 0.7704093930935324, 0.3267501653102822, 0.8865387332122118, 0.3805981780811635, 0.9003782020674782, 0.9939700951166536, 0.06335335599654272, 0.10438676377949438, 0.5829281386362036, 0.9980204549364474, 0.8304551859028405, 0.04880184176509311, 0.5277421863328237, 0.8560700227282905, 0.8048607607437539, 0.9820165305905301, 0.5005819877448954, 0.06158807443867312, 0.683147506241549, 0.46739427243718745, 0.6220843346647642, 0.6854220518687568, 0.9901128711390922, 0.8109584851600918, 0.06209192678955395], BATTLES: 295-180-239-407-282-331-338-210-280-
20, 6, -2670.0, [0.11609082916432359, 0.9895624469329983, 0.2886918241523842, 0.736007412168588, 0.9139418192928388, 0.7850049569434855, 0.8736623752152298, 0.6276633916324706, 0.5749109965278569, 0.6164090666543124, 0.9283058914759982, 0.9347777708569042, 0.12120890239807523, 0.07040407803765335, 0.565953876246701, 0.41452876192375093, 0.9512508161522748, 0.07007283721660035, 0.5501249918648566, 0.08938986248617417, 0.04847876121473074, 0.0004063048117160864, 0.30235002942204314, 0.18677072727512015, 0.9713111103667159, 0.8460070928191172, 0.5928281466567745, 0.9964667851009681, 0.2367285605214885, 0.6292380336211952, 0.8728047135900528, 0.011218253270794093, 0.7541340116725872, 0.8352696095830588, 0.8719557134184042, 0.0036130689734302, 0.8516404653557398, 0.852272389020849, 0.502044218234968, 0.2386719882439961, 0.79074747835416, 0.3974691144127883, 0.9959414032067168, 0.9890850509608208, 0.046464648470842716, 0.05127794541083205, 0.4921348199260491, 0.9019789069512019, 0.6302737965416383, 0.014435595521951831, 0.5283155237765352, 0.9853343578045893, 0.3827639771246748, 0.9639150937948037, 0.3606695909054121, 0.013214003876941282, 0.6866363100276051, 0.484472522450515, 0.6191196490048494, 0.7426177802751766, 0.9058127969152923, 0.7572558621503139, 0.004491757120096869], BATTLES: 297-158-227-426-276-330-368-281-307-
20, 7, -2522.0, [0.03293563763102538, 0.9675868415167199, 0.4956605942053699, 0.7849544511752586, 0.8665125043397572, 0.9458164536966741, 0.9442917885555615, 0.673681221700708, 0.4693716206049217, 0.7753938684940858, 0.9082166848174442, 0.9097835306641686, 0.07775570043868482, 0.16834837467841307, 0.5092187513255289, 0.27645834981315687, 0.9682409117771943, 0.3519544289457997, 0.6748377109715203, 0.005326305760495639, 0.3719662024367435, 0.032936956425112345, 0.02792605583873097, 0.2527661351705981, 0.9328461972169144, 0.9556337298223399, 0.5853500354694535, 0.9965533309443066, 0.29236580653648336, 0.9010996769899983, 0.9470939966504694, 0.03696031101948076, 0.5736273352180757, 0.7875345553180495, 0.8323574623002384, 0.012289073091322177, 0.9103994486569774, 0.8699139886432017, 0.8360392163149377, 0.29874054005459016, 0.7752684820489664, 0.12289016365082031, 0.9408343019560884, 0.8847728426179904, 0.04465162752350945, 0.011765650890702889, 0.4752531729014834, 0.9121774723845301, 0.5585626650418909, 0.004966734567389233, 0.7146395867440768, 0.5226691908490448, 0.5617765285835395, 0.894286638285801, 0.4605754432333593, 0.10311015082044081, 0.7624855814503837, 0.38772860126974756, 0.606595117911102, 0.7368670437103731, 0.8732495087412715, 0.720194219523464, 0.01596813911978461], BATTLES: 277-174-213-420-274-313-342-219-244-
20, 8, -2623.0, [0.006516338675411765, 0.9901112676137683, 0.028090777797897593, 0.8837072092579528, 0.9890826682555816, 0.5974077381310577, 0.9275786990054514, 0.5666944609895457, 0.6777787060658531, 0.999322964966253, 0.6998335912128915, 0.6265896357935936, 0.16020389792340872, 0.10029637394206117, 0.17291319520590806, 0.7010053555920728, 0.9624248291174968, 0.1439288392482812, 0.450053079116211, 0.06001947604744977, 0.1319020826384627, 0.03042651472613469, 0.03965378235368715, 0.17248723811399858, 0.9495727440095145, 0.8442819919885273, 0.47881081952143384, 0.9469908969611851, 0.11951143692640595, 0.9180316204043184, 0.9248066381895275, 0.22680796012254723, 0.6375825914303859, 0.7494557628595158, 0.981344660805381, 0.0035216433204762637, 0.9329237653961141, 0.9935677286958999, 0.9485987102698153, 0.1923606539455626, 0.544762189099436, 0.015258392259663744, 0.9834544608297418, 0.9210854742213053, 0.07930053076158781, 0.1519489853163702, 0.6948142912315416, 0.8135751234430352, 0.7318864355243178, 0.01182994597831262, 0.9652150577732344, 0.9978841878413938, 0.8510528625460848, 0.9979270799368343, 0.2439330184198324, 0.019916204729198077, 0.6329689381732757, 0.14052081055468274, 0.6499646467998087, 0.33841645321548786, 0.9173455530733112, 0.7402514107592671, 0.1379540317848622], BATTLES: 297-162-239-393-303-304-331-253-295-
20, 9, -2696.0, [0.17009977512058594, 0.9924833701359961, 0.011294207156818309, 0.8606871767520191, 0.9124997413301941, 0.447929029028831, 0.7946544275060583, 0.5122684283428234, 0.8481982676133437, 0.9415715914690661, 0.9654871183069936, 0.8269935412424556, 0.04587988375354773, 0.09655797962085033, 0.24717058567587874, 0.5925393456348894, 0.9842421576512239, 0.2283449740679906, 0.22241342453723428, 0.009381031102876913, 0.24927183705162076, 0.01793277611434282, 0.4768063780127292, 0.028326653367594795, 0.9952739660495105, 0.9011793542873432, 0.3924872690569663, 0.9569415763520037, 0.07007357663718441, 0.6165669085699901, 0.955773757734475, 0.37425402003564306, 0.9026910804525329, 0.6254527980305444, 0.9977073437169988, 0.0088539864961675, 0.9034159577106091, 0.9199107875865162, 0.8242012227747492, 0.16664902997726663, 0.7496675495886349, 0.23832258493943223, 0.9957066221652087, 0.9811611580671551, 0.020521306886753778, 0.0013045690002063681, 0.6914565516315352, 0.7475082460783815, 0.4853436982699487, 0.013914655447529917, 0.5789645441781608, 0.969263928239017, 0.7949578906821969, 0.9976146102491482, 0.37916988564855736, 0.04911892523423265, 0.6170366101634286, 0.4283826728524361, 0.5507650957935801, 0.42232189575317425, 0.8597142015406488, 0.9964755334381827, 0.1255880072532569], BATTLES: 285-150-221-430-317-337-361-301-277-
20, 10, -2618.0, [0.28683517269006203, 0.9552546615790635, 0.19432342628224616, 0.9979353304457688, 0.949038172862885, 0.9817648073954, 0.927064379748344, 0.6043037549673566, 0.8296992848778605, 0.5720041504020668, 0.8889737099864181, 0.4987005172852046, 0.09070688844163621, 0.0020415505385760896, 0.12069101915780223, 0.6390734385996432, 0.9789115500208907, 0.3328387038280366, 0.35400177108026615, 0.001411798171895959, 0.22609301202706766, 0.018518244023491632, 0.0760386180718059, 0.13776917380837028, 0.9554120344782513, 0.885187173803779, 0.45373262686528865, 0.9359278788481248, 0.03283600978224166, 0.6913403470340683, 0.9050317551062214, 0.24951861956164167, 0.7046774983045273, 0.3823888090382336, 0.8332858179008703, 0.06548257327837131, 0.8944621382490334, 0.9809136528504546, 0.6611749136365367, 0.1793286121409483, 0.9245126012442628, 0.027754189022979492, 0.9742295545779075, 0.9580794190253208, 0.017075467558274163, 0.10305874772927523, 0.8636282187530896, 0.602541958056519, 0.7098377000282838, 0.07644322098075224, 0.3923657378659249, 0.8791201521680085, 0.4531801656132629, 0.9608790649059209, 0.2664116252613882, 0.025526778740204346, 0.7037857011279878, 0.19115180503668747, 0.48752615147570993, 0.7953382173903482, 0.986662157527745, 0.7822559463432903, 0.0077914885864525385], BATTLES: 294-169-204-412-290-295-371-262-269-
20, 11, -2654.0, [0.09526320938800385, 0.9559456833042405, 0.0593481481169173, 0.9057875749944311, 0.9626460250807081, 0.8046395173051224, 0.9360693107888698, 0.6272901423779815, 0.7050716434263561, 0.9530776399185789, 0.9785168944919195, 0.9166756565407943, 0.002570175892324153, 0.0007232847093093867, 0.17904440317228892, 0.5121635282953919, 0.9827176600077683, 0.18842757806162336, 0.5202770715902845, 0.023840247674045863, 0.039098382513335146, 0.0013736055402912388, 0.09121727996731568, 0.14835395671015755, 0.9509947489627032, 0.9671936356200942, 0.8840469421722787, 0.9248195674494717, 0.13447130219938908, 0.9598545510065276, 0.917320682074855, 0.10346135492907545, 0.6082445745127537, 0.7092366490536783, 0.9265727801602092, 0.0030805529585459374, 0.9137642564451032, 0.9769414723886625, 0.9600350223654373, 0.21710541856517834, 0.6423735267960414, 0.039676200090752956, 0.9816565834778281, 0.8581547990682555, 0.04513026597092956, 0.05490072950554135, 0.7030294733997473, 0.8076168423843739, 0.7109112096659818, 0.0070569088950657825, 0.9779550786496374, 0.9262904822267372, 0.798662977695467, 0.9840320961786476, 0.3266823092119051, 0.15064081920809108, 0.5736545089747871, 0.4416703436990871, 0.42695718687366035, 0.48346211130072375, 0.958747039083683, 0.8445706343704443, 0.08921430012952469], BATTLES: 298-166-225-412-263-354-345-255-291-
20, 12, -2620.0, [0.18404667246327738, 0.702577488322645, 0.23795101819481007, 0.9731846411996564, 0.9065913337835678, 0.5271084578658962, 0.8320191178630175, 0.5716140255832861, 0.5376681523309005, 0.9195965509684599, 0.5192350812991998, 0.9296723498297417, 0.05739969132732204, 0.010149961018151386, 0.40283934650983333, 0.735364583979743, 0.9941733453596268, 0.41132860258326365, 0.25060151715703355, 0.008648742369925973, 0.36008730118121973, 0.025766330915515383, 0.04635572032433341, 0.06514299370289205, 0.9647214087065437, 0.9611198939517551, 0.5319669887659259, 0.8116751295360509, 0.13083525747657138, 0.8947212724766747, 0.9522540590619597, 0.17801726033043808, 0.7231281923429675, 0.634712118161521, 0.886832754777686, 0.13968349345768558, 0.7258312320713661, 0.8038756936816753, 0.9236926226560332, 0.0901281543065334, 0.9923056694104, 0.17054316169280767, 0.923732054009616, 0.9483139494329855, 0.027043602572103878, 0.09138472444067701, 0.9136235534915865, 0.7842505348263221, 0.8561645633325224, 0.002318336716747124, 0.38089924157296623, 0.9110892074860999, 0.7264749187696927, 0.9053857917769244, 0.2123592240450795, 0.006853988040685124, 0.800228982124376, 0.5495437790063613, 0.4220572549771803, 0.4934256237200172, 0.8365669259382819, 0.8866148331253114, 0.01710830494445803], BATTLES: 300-169-233-403-310-331-347-244-283-
20, 13, -2583.0, [0.3397702147013975, 0.992794609104128, 0.22600076519958712, 0.9804055227182908, 0.9205972150877253, 0.6108514927100991, 0.7232608893203804, 0.7084612425046657, 0.8959927889732158, 0.8949361377410977, 0.6032119976247248, 0.731710543441766, 0.19450298724485413, 0.2243104561755599, 0.8098985044934235, 0.6256981061398543, 0.9428704066192122, 0.4718518565688027, 0.24615579033290225, 0.05132792423112, 0.39316003438923275, 0.06601065537247384, 0.30431360045836875, 0.08077136810416162, 0.9691303821024416, 0.9499544505748898, 0.2882586673152695, 0.9724687898713928, 0.11369841254689494, 0.8309409961786512, 0.9292062005313015, 0.1989969280548413, 0.7718350537697705, 0.7419919429504677, 0.8837266164286637, 0.026555303225900904, 0.8790998776506186, 0.7965968333562626, 0.8201324509646163, 0.28577552608090606, 0.9223733441514524, 0.30700121749034304, 0.9567741186702269, 0.8653966221660042, 0.019661348935835106, 0.06627278762787384, 0.8364692209761586, 0.647954666262209, 0.8275931443174563, 0.04319024447453301, 0.35905481549625484, 0.7831589905794035, 0.5123352253406529, 0.9810411626397699, 0.31729154071062604, 0.0013982356637332535, 0.965006142392509, 0.42364701061033716, 0.8735930598939472, 0.8458251036105884, 0.9407015958503626, 0.8624352739067288, 0.06161453550609933], BATTLES: 254-149-203-404-292-311-365-302-303-
20, 14, -2676.0, [0.027478161577122115, 0.9963538210058575, 0.30255622197507404, 0.8852196105542425, 0.9212747287983023, 0.9236171509007408, 0.8924341297659834, 0.5393765653514052, 0.5781227994449849, 0.9123609154317093, 0.9719103376742877, 0.9130318416925695, 0.056195834801195346, 0.1976023856182095, 0.09140324677439124, 0.3927172903399894, 0.9539675850632363, 0.09393516970465815, 0.4021872053001745, 0.1041370823242002, 0.04062941817596242, 0.047989320510191565, 0.4807298185167746, 0.18297584818373042, 0.95559627917099, 0.9425868968803491, 0.6353714431079107, 0.8870675716120806, 0.11524391422461835, 0.9582919354648224, 0.8950010718845488, 0.31333859405122577, 0.3767507112110837, 0.6405134978015303, 0.9597434769163706, 0.01150243137592848, 0.9214392910158093, 0.879235768323469, 0.8519827535078921, 0.2929185819807674, 0.9633921104139691, 0.0759611171775158, 0.9632208356551304, 0.9970983085124498, 0.041503413566118155, 0.19389133018759344, 0.6266764167009837, 0.7258837464903144, 0.5979044145627643, 0.022714552405841394, 0.6789096413861953, 0.9909509725171998, 0.6819449781100194, 0.9862905771029916, 0.27212012629736493, 0.10111745172247984, 0.932674632157625, 0.30642156763286, 0.679452783700834, 0.9096565996546857, 0.8282096443509727, 0.8187629946646657, 0.09267802315708602], BATTLES: 287-154-245-428-306-319-341-254-283-
21, 0, -2670.0, [0.12833128256834098, 0.9707888518145307, 0.01478950140211062, 0.8343155837859736, 0.9068278838238365, 0.956901750661019, 0.9066774261099391, 0.5053880257531731, 0.458541692860179, 0.9529801834815091, 0.8275083239890497, 0.9342107403363645, 0.13474628257524407, 0.12195735001127886, 0.3219590322646744, 0.6047259556708069, 0.9622471283806916, 0.5062897932902539, 0.4225339935199488, 0.02984337998221873, 0.38406711567889573, 0.024615432909957553, 0.4473059356633534, 0.06376233844029736, 0.9483093707939823, 0.9980462317502068, 0.6572523129679974, 0.9099665392109009, 0.06894197134359503, 0.9243843765648787, 0.9439351187239735, 0.12552999146880034, 0.8082015905989058, 0.9519541752867987, 0.7722164227216434, 0.014009513364988879, 0.816397301616255, 0.8878330866732562, 0.9118738779247053, 0.2699497941239885, 0.7968089456145601, 0.06413348383879636, 0.9782074691512981, 0.7727913894609578, 0.035547350041049045, 0.07541971253885946, 0.6703681368773574, 0.7819969853324387, 0.8129511658344447, 0.003862545095174174, 0.6570610965347466, 0.9865189842882822, 0.728245015866636, 0.9952790498985374, 0.4787563619110694, 0.08720498792357577, 0.6933647142891987, 0.491811065993839, 0.46020570035758745, 0.32722280140290094, 0.8734544053371285, 0.805311584173809, 0.01585514874883826], BATTLES: 282-160-246-431-300-338-332-244-304-
21, 1, -2578.0, [0.29204999273525245, 0.9588613191165904, 0.04072004923066903, 0.9049580415794184, 0.8095830765319714, 0.5520879098211425, 0.8936971802777118, 0.8113792901273551, 0.6665136508096848, 0.9103110815091392, 0.9505902620941198, 0.5027905725136973, 0.19691258837798872, 0.058630897793489414, 0.30481259623653545, 0.522349614444982, 0.9775482572148622, 0.07629769275547764, 0.36809204899597636, 0.019953104027302472, 0.29904892592194143, 0.01479537641006714, 0.291287827670843, 0.19374942465090772, 0.9792449616837505, 0.9114644669474429, 0.4095112538268894, 0.9246176864008534, 0.19500651489527174, 0.6242569008870215, 0.9560372562627137, 0.022674501276696617, 0.8029462158927553, 0.6810864748671678, 0.8969966225902524, 0.05839484141029469, 0.8807492816046854, 0.9572915845208156, 0.8296188597701355, 0.4112250928202401, 0.7688577158561926, 0.6550389152122399, 0.9453607927724769, 0.9861283055991501, 0.05236160032118646, 0.06801137404040283, 0.8552452315779306, 0.7154272556740662, 0.80124638703039, 0.027033508768451144, 0.2818706124973912, 0.7755126916372393, 0.6722694733123522, 0.9782958576994195, 0.5034273955318485, 0.09356596280724352, 0.590264714605405, 0.23112889550280707, 0.879220964102986, 0.5235443511403657, 0.9864219779277261, 0.7476136965924896, 0.055322139798343446], BATTLES: 295-174-184-417-285-294-353-275-277-
21, 2, -2682.0, [0.05161924056204807, 0.9991313304615739, 0.035263497921995075, 0.9220913391590605, 0.9520099430827714, 0.4972804115151804, 0.8604470597046506, 0.4016664294295521, 0.7838490553211269, 0.9709250434485424, 0.8367575855924284, 0.766917745177138, 0.02375012484508382, 0.1298451633020711, 0.2990473143448255, 0.6423276513373264, 0.9772614856338917, 0.21518338998238182, 0.21264342589153415, 0.0285132193108506, 0.34756913118364025, 0.08688952562777463, 0.42457435664396453, 0.005902816402562398, 0.9740177805845067, 0.9549216659944612, 0.4411196486379773, 0.9323642154990468, 0.016976736114107476, 0.743719306875552, 0.9454321348878305, 0.5077753948572291, 0.7594855467331714, 0.6327804857522449, 0.9700625640195372, 0.016140083638425305, 0.7967237158401763, 0.9423671925966056, 0.982459079538504, 0.17662286137915661, 0.9063619061702757, 0.010361433393916535, 0.9716580664094632, 0.9497011974317375, 0.03538495645878562, 0.017286010132659797, 0.8353735322613937, 0.7430141476350663, 0.6788953788691809, 0.008220200780547094, 0.9378564374660262, 0.9216544237452058, 0.9074193339926812, 0.9961024823343266, 0.3037958963767379, 0.010992167365512472, 0.6782544917914404, 0.49975212832659405, 0.7818900763210448, 0.5089077120624859, 0.8819855523806691, 0.9600672750403073, 0.1446814745649706], BATTLES: 283-173-238-417-294-324-339-253-299-
21, 3, -2647.0, [0.12072024601863499, 0.9935433279927801, 0.26218184019192314, 0.8364062057900385, 0.9633460448094741, 0.7657754635472045, 0.9128499326324284, 0.30351464064078015, 0.9353315606287601, 0.9356805813140512, 0.9915234878980744, 0.923928182875102, 0.12504823707610097, 0.05578278208150694, 0.06396345613244367, 0.5432558598116598, 0.9186619299766519, 0.06381703503673819, 0.2504749622324304, 0.05139137187998004, 0.15560446189584348, 0.04807264221280523, 0.19888242746946502, 0.06457063895658399, 0.9983237401033637, 0.91009503194736, 0.5056374715849923, 0.9406334827170995, 0.06802473657329872, 0.9111829010010172, 0.8396034508117998, 0.25550727620561536, 0.5603493789482245, 0.4189216608227517, 0.9693415420307196, 0.034795992301014364, 0.8945006875263354, 0.8196105493602744, 0.9654567491838268, 0.05134771799216406, 0.5157193710284329, 0.1341390068111827, 0.9861837291792953, 0.9338787348685513, 0.03988368523837808, 0.06345478310756286, 0.47852523559526383, 0.7798674139698302, 0.4346343169804604, 0.012711406488689951, 0.7616770027821382, 0.9607874851461736, 0.2472161709800887, 0.9874443608442856, 0.46440010584397073, 0.01289041814091426, 0.8106605564976898, 0.21304564020750205, 0.3560033934360387, 0.12066487979555801, 0.899743866548618, 0.9568768942479863, 0.1750679421119995], BATTLES: 281-138-231-407-284-334-371-275-309-
21, 4, -2596.0, [0.10697213856838597, 0.9611172230270353, 0.4738791877006471, 0.8888970485620306, 0.8885795951645827, 0.7314115894886111, 0.9346688559678277, 0.4768226572404055, 0.5484188282788822, 0.9309367490960021, 0.971383810415849, 0.8619017185200424, 0.031795462264345695, 0.0178807568845627, 0.3731750481387019, 0.4983943628625724, 0.7999304897835308, 0.014045439946551025, 0.43338237131568796, 0.05597821863611508, 0.057645921223498375, 0.017572396393795098, 0.3115000431797805, 0.1342804904326734, 0.9461305468018942, 0.9940776930458287, 0.8072778399133229, 0.29221631617315236, 0.12269807931899497, 0.6745395451737956, 0.986844706860671, 0.10229854216182083, 0.41872486069895615, 0.5737903626681858, 0.8689721452379066, 0.0014409757704138982, 0.9986964398572751, 0.9043177607379227, 0.38433287921259174, 0.2170430154737461, 0.8975054031205894, 0.7763650645998148, 0.9638944033782887, 0.9912155442240111, 0.03703169942693928, 0.20810082369707483, 0.8053380935038931, 0.9313565405853407, 0.9019213220139574, 0.18291604603114578, 0.24116502201888984, 0.921249716255864, 0.7306380277835735, 0.9696783665559127, 0.39702922320458156, 0.17818114381298825, 0.8086659327723409, 0.3663499686559332, 0.30369204464322624, 0.6142046831816895, 0.9482718974373645, 0.9204276669962792, 0.08943525277209188], BATTLES: 295-170-256-415-283-338-321-225-293-
21, 5, -2612.0, [0.12934083725281129, 0.9565474967504028, 0.21235447648489303, 0.8649050425595135, 0.9975107726718616, 0.9120283892583229, 0.8263282407491068, 0.6964975923052942, 0.7009532491210019, 0.8407992819594484, 0.9338079629433872, 0.3421509946237315, 0.3529532312612471, 0.04277316590967371, 0.0586657383987284, 0.5821514662530627, 0.967320254528085, 0.15981129464783927, 0.4993137269300758, 0.027814338836230662, 0.1546737706356478, 0.00754612653788128, 0.37259273234267287, 0.14016686174747212, 0.9180236988438377, 0.972842123021977, 0.3685397524234856, 0.9413342533071752, 0.055674668182088306, 0.5782347119097286, 0.922326604722784, 0.09094753214136828, 0.47569836246337627, 0.41309812202069174, 0.9064958499358796, 0.01913098701243207, 0.9655072447857641, 0.9460098593412879, 0.7704093930935324, 0.3267501653102822, 0.8865387332122118, 0.3805981780811635, 0.9003782020674782, 0.9939700951166536, 0.06335335599654272, 0.10438676377949438, 0.5829281386362036, 0.9980204549364474, 0.8304551859028405, 0.04880184176509311, 0.5277421863328237, 0.8560700227282905, 0.8048607607437539, 0.9820165305905301, 0.5005819877448954, 0.06158807443867312, 0.683147506241549, 0.46739427243718745, 0.6220843346647642, 0.6854220518687568, 0.9901128711390922, 0.8109584851600918, 0.06209192678955395], BATTLES: 308-175-261-385-266-336-358-214-309-
21, 6, -2644.0, [0.1600022778732238, 0.972974436198727, 0.2886918241523842, 0.736007412168588, 0.9139418192928388, 0.9326693027870233, 0.8736623752152298, 0.6276633916324706, 0.6139435410514311, 0.6164090666543124, 0.97310850690563, 0.967388885428452, 0.12120890239807523, 0.11312539737355937, 0.547462429924801, 0.41452876192375093, 0.9770264527846193, 0.07007283721660035, 0.5413022538600771, 0.05893575627298117, 0.13999508061895782, 0.0004063048117160864, 0.30235002942204314, 0.18677072727512015, 0.9713111103667159, 0.9240958883916375, 0.6660392891854018, 0.8251095513609747, 0.12387037228968734, 0.827353432024855, 0.8728047135900528, 0.0056091266353970465, 0.7541340116725872, 0.8262515106252383, 0.8719557134184042, 0.0018065344867151, 0.92582023267787, 0.9061390768507718, 0.7593265465668191, 0.3595928782457256, 0.8459888533994891, 0.6825208642475622, 0.9979707016033583, 0.9890850509608208, 0.05244473381975956, 0.004758603744311113, 0.6665817003334118, 0.9019789069512019, 0.6302737965416383, 0.014435595521951831, 0.5283155237765352, 0.9853343578045893, 0.4527250445170894, 0.9621993686281637, 0.4841633753694171, 0.04570392048100727, 0.7542027315239167, 0.46636080272966024, 0.6191196490048494, 0.6316122145576228, 0.9340390714976629, 0.7758223292469868, 0.004491757120096869], BATTLES: 282-148-222-402-275-307-387-273-297-
21, 7, -2602.0, [0.03293563763102538, 0.9675868415167199, 0.4956605942053699, 0.7849544511752586, 0.8665125043397572, 0.7398759156674731, 0.7702230386406543, 0.6326403835060032, 0.7346858103024608, 0.7753938684940858, 0.7252081670278683, 0.8657045836357184, 0.07059442520721594, 0.24519812833559732, 0.5092187513255289, 0.27645834981315687, 0.9682409117771943, 0.3519544289457997, 0.2983145916087562, 0.005326305760495639, 0.4972400969597449, 0.032936956425112345, 0.2879240731422716, 0.08915488912833093, 0.9328461972169144, 0.897607149821246, 0.5853500354694535, 0.9965533309443066, 0.1562184942226519, 0.8256766520576223, 0.9182749948811, 0.03696031101948076, 0.5736273352180757, 0.7875345553180495, 0.9383738160783961, 0.012289073091322177, 0.9103994486569774, 0.8699139886432017, 0.9180196081574689, 0.26273734761331774, 0.7748370150823006, 0.12289016365082031, 0.9408343019560884, 0.8847728426179904, 0.04465162752350945, 0.011765650890702889, 0.6208437826311247, 0.9121774723845301, 0.4717107370320705, 0.0024833672836946166, 0.7041705046141551, 0.5226691908490448, 0.5705346214410143, 0.9617980385620514, 0.4605754432333593, 0.10311015082044081, 0.7624855814503837, 0.38772860126974756, 0.606595117911102, 0.6880543574908695, 0.8732495087412715, 0.8955268175731297, 0.09130183820171864], BATTLES: 280-147-239-397-270-311-372-257-263-
21, 8, -2632.0, [0.006516338675411765, 0.9901112676137683, 0.028090777797897593, 0.8837072092579528, 0.9890826682555816, 0.5974077381310577, 0.9275786990054514, 0.5666944609895457, 0.6777787060658531, 0.999322964966253, 0.6998335912128915, 0.6265896357935936, 0.16020389792340872, 0.10029637394206117, 0.17291319520590806, 0.7010053555920728, 0.9624248291174968, 0.1439288392482812, 0.450053079116211, 0.06001947604744977, 0.1319020826384627, 0.03042651472613469, 0.03965378235368715, 0.17248723811399858, 0.9495727440095145, 0.8442819919885273, 0.47881081952143384, 0.9469908969611851, 0.11951143692640595, 0.9180316204043184, 0.9248066381895275, 0.22680796012254723, 0.6375825914303859, 0.7494557628595158, 0.981344660805381, 0.0035216433204762637, 0.9329237653961141, 0.9935677286958999, 0.9485987102698153, 0.1923606539455626, 0.544762189099436, 0.015258392259663744, 0.9834544608297418, 0.9210854742213053, 0.07930053076158781, 0.1519489853163702, 0.6948142912315416, 0.8135751234430352, 0.7318864355243178, 0.01182994597831262, 0.9652150577732344, 0.9978841878413938, 0.8510528625460848, 0.9979270799368343, 0.2439330184198324, 0.019916204729198077, 0.6329689381732757, 0.14052081055468274, 0.6499646467998087, 0.33841645321548786, 0.9173455530733112, 0.7402514107592671, 0.1379540317848622], BATTLES: 299-187-238-412-303-340-307-260-286-
21, 9, -2726.0, [0.16999076922343068, 0.996241685067998, 0.011294207156818309, 0.8606871767520191, 0.8950454696972149, 0.447929029028831, 0.7946544275060583, 0.43281951962964554, 0.8481982676133437, 0.9415715914690661, 0.9654871183069936, 0.8269935412424556, 0.04587988375354773, 0.09655797962085033, 0.24717058567587874, 0.5925393456348894, 0.9842421576512239, 0.5236112317377759, 0.22241342453723428, 0.003678603636476461, 0.24927183705162076, 0.00896638805717141, 0.2431423561883886, 0.028326653367594795, 0.9474224313918602, 0.9011793542873432, 0.3924872690569663, 0.9569415763520037, 0.07007357663718441, 0.6165669085699901, 0.8484248450419607, 0.05880563218691409, 0.4944647907616803, 0.6254527980305444, 0.9977073437169988, 0.01698092347297115, 0.9128205444398197, 0.9199107875865162, 0.7740446220556616, 0.16664902997726663, 0.6741812761858912, 0.19792161404310787, 0.9957066221652087, 0.8805324490909265, 0.020521306886753778, 0.043095984713021056, 0.6914565516315352, 0.8079587485074885, 0.6981683069047184, 0.013914655447529917, 0.5559412855491972, 0.9846319641195085, 0.7949578906821969, 0.998807305124574, 0.37916988564855736, 0.04911892523423265, 0.7172866838507577, 0.4283826728524361, 0.5507650957935801, 0.3674048123671572, 0.8766544903472278, 0.9964755334381827, 0.06279400362662844], BATTLES: 288-176-247-426-284-345-357-260-287-
21, 10, -2600.0, [0.28683517269006203, 0.9552546615790635, 0.19432342628224616, 0.905486773876806, 0.9349775701709463, 0.9908824036977, 0.972912437910815, 0.5513710121134491, 0.8296992848778605, 0.7662877510138328, 0.8379202148486793, 0.8140705199863558, 0.15699927637069638, 0.0020415505385760896, 0.11719062316093326, 0.6390734385996432, 0.9894557750104453, 0.6608931859153315, 0.5571051363159794, 0.025874789551501416, 0.22609301202706766, 0.028520483774833707, 0.0760386180718059, 0.13776917380837028, 0.9554120344782513, 0.9425935869018895, 0.5839961140973617, 0.6898453225242003, 0.14855773618789775, 0.6913403470340683, 0.9050317551062214, 0.24951861956164167, 0.7046774983045273, 0.7411815708808713, 0.8332858179008703, 0.06548257327837131, 0.8944621382490334, 0.9904568264252274, 0.6611749136365367, 0.2763531472841511, 0.9245126012442628, 0.05183783864140712, 0.9674645034816587, 0.7646114505350826, 0.0398193321659179, 0.20178118884161877, 0.6890476539276129, 0.7342742300647961, 0.7098377000282838, 0.07644322098075224, 0.3923657378659249, 0.9395600760840043, 0.6396426612601644, 0.9608790649059209, 0.460562168928319, 0.08692325326919442, 0.7037857011279878, 0.19115180503668747, 0.3917534533086911, 0.41026521516657866, 0.986662157527745, 0.7378869832245479, 0.0038957442932262693], BATTLES: 249-151-171-404-273-301-369-274-297-
21, 11, -2565.0, [0.09526320938800385, 0.9592063321746961, 0.0593481481169173, 0.9057875749944311, 0.9626460250807081, 0.9023197586525612, 0.9680346553944349, 0.44817081954937066, 0.5189049685871232, 0.9302812353278147, 0.9117906459948826, 0.9564797150261657, 0.06651997213833646, 0.0593939064152603, 0.014958152781217093, 0.5756138165917649, 0.9827176600077683, 0.24585902608672552, 0.5202770715902845, 0.011920123837022931, 0.039098382513335146, 0.0013736055402912388, 0.016583135485538997, 0.17626804462859666, 0.9509947489627032, 0.9821208209162561, 0.8608558881042736, 0.9248195674494717, 0.03133078666416998, 0.895003368420398, 0.8946302851379997, 0.051730677464537723, 0.6082445745127537, 0.8741466500466665, 0.9141611559458648, 0.0015402764792729687, 0.94421628132315, 0.9884707361943312, 0.9600350223654373, 0.29851741662582937, 0.6423735267960414, 0.012848846918101342, 0.9799878237908756, 0.8398630452930428, 0.02256513298546478, 0.05490072950554135, 0.5355560618522496, 0.8076168423843739, 0.7109112096659818, 0.0070569088950657825, 0.8040175328560135, 0.9262904822267372, 0.8993314888477335, 0.9920160480893239, 0.41601017417860553, 0.15064081920809108, 0.5736545089747871, 0.4416703436990871, 0.49457324857593576, 0.46309875764804376, 0.9389019335785362, 0.760467902483168, 0.08921430012952469], BATTLES: 283-155-254-422-300-315-334-226-271-
21, 12, -2627.0, [0.18404667246327738, 0.702577488322645, 0.23795101819481007, 0.9731846411996564, 0.9065913337835678, 0.5271084578658962, 0.8320191178630175, 0.5716140255832861, 0.5376681523309005, 0.9195965509684599, 0.5192350812991998, 0.9296723498297417, 0.05739969132732204, 0.010149961018151386, 0.40283934650983333, 0.735364583979743, 0.9941733453596268, 0.41132860258326365, 0.25060151715703355, 0.008648742369925973, 0.36008730118121973, 0.025766330915515383, 0.04635572032433341, 0.06514299370289205, 0.9647214087065437, 0.9611198939517551, 0.5319669887659259, 0.8116751295360509, 0.13083525747657138, 0.8947212724766747, 0.9522540590619597, 0.17801726033043808, 0.7231281923429675, 0.634712118161521, 0.886832754777686, 0.13968349345768558, 0.7258312320713661, 0.8038756936816753, 0.9236926226560332, 0.0901281543065334, 0.9923056694104, 0.17054316169280767, 0.923732054009616, 0.9483139494329855, 0.027043602572103878, 0.09138472444067701, 0.9136235534915865, 0.7842505348263221, 0.8561645633325224, 0.002318336716747124, 0.38089924157296623, 0.9110892074860999, 0.7264749187696927, 0.9053857917769244, 0.2123592240450795, 0.006853988040685124, 0.800228982124376, 0.5495437790063613, 0.4220572549771803, 0.4934256237200172, 0.8365669259382819, 0.8866148331253114, 0.01710830494445803], BATTLES: 262-166-228-438-294-347-347-246-299-
21, 13, -2609.0, [0.3397702147013975, 0.992794609104128, 0.22600076519958712, 0.9804055227182908, 0.9205972150877253, 0.6108514927100991, 0.7232608893203804, 0.7084612425046657, 0.8959927889732158, 0.8949361377410977, 0.6032119976247248, 0.731710543441766, 0.19450298724485413, 0.2243104561755599, 0.8098985044934235, 0.6256981061398543, 0.9428704066192122, 0.4718518565688027, 0.24615579033290225, 0.05132792423112, 0.39316003438923275, 0.06601065537247384, 0.30431360045836875, 0.08077136810416162, 0.9691303821024416, 0.9499544505748898, 0.2882586673152695, 0.9724687898713928, 0.11369841254689494, 0.8309409961786512, 0.9292062005313015, 0.1989969280548413, 0.7718350537697705, 0.7419919429504677, 0.8837266164286637, 0.026555303225900904, 0.8790998776506186, 0.7965968333562626, 0.8201324509646163, 0.28577552608090606, 0.9223733441514524, 0.30700121749034304, 0.9567741186702269, 0.8653966221660042, 0.019661348935835106, 0.06627278762787384, 0.8364692209761586, 0.647954666262209, 0.8275931443174563, 0.04319024447453301, 0.35905481549625484, 0.7831589905794035, 0.5123352253406529, 0.9810411626397699, 0.31729154071062604, 0.0013982356637332535, 0.965006142392509, 0.42364701061033716, 0.8735930598939472, 0.8458251036105884, 0.9407015958503626, 0.8624352739067288, 0.06161453550609933], BATTLES: 271-156-196-409-282-315-383-292-305-
21, 14, -2648.0, [0.1292332237522067, 0.9963538210058575, 0.2734934394175383, 0.8000213280468944, 0.8797640016709488, 0.9236171509007408, 0.8924341297659834, 0.5393765653514052, 0.6608356214496953, 0.9123609154317093, 0.9719103376742877, 0.9565159208462848, 0.03180314166193008, 0.1328318019623021, 0.3628826352912382, 0.3771620214118691, 0.9634160771739445, 0.12388937706317257, 0.3627610059628419, 0.07179269294225497, 0.04062941817596242, 0.047989320510191565, 0.4807298185167746, 0.11354101021622642, 0.9650967515826203, 0.9425868968803491, 0.6464761039755368, 0.9461064973587224, 0.150883366818656, 0.9582919354648224, 0.8993397127472503, 0.2368257194879793, 0.694572739676449, 0.6755130247259784, 0.9271951441239059, 0.009863819073821407, 0.8723151836473371, 0.8294618181164496, 0.8519827535078921, 0.28186582816915373, 0.9633921104139691, 0.3453451636004604, 0.9816104178275652, 0.9926809006499765, 0.01488121745034646, 0.19389133018759344, 0.6266764167009837, 0.797618566106534, 0.5752601399434359, 0.013798507408263626, 0.6789096413861953, 0.9750616159556046, 0.6819449781100194, 0.9757745346292334, 0.32195051766677485, 0.10111745172247984, 0.6707904464276105, 0.30642156763286, 0.4468116013496055, 0.6261996071712151, 0.8789758686573163, 0.9150838345628804, 0.08545412118530185], BATTLES: 307-177-243-414-301-336-332-244-270-
22, 0, -2698.0, [0.12833128256834098, 0.9771919918629286, 0.10712212486132916, 0.8851731318725918, 0.9068278838238365, 0.8028603831653568, 0.9066774261099391, 0.11861098431051731, 0.8261541338904796, 0.9529801834815091, 0.8275083239890497, 0.9342107403363645, 0.13474628257524407, 0.09899045362718173, 0.3219590322646744, 0.6326833609221101, 0.9622471283806916, 0.5062897932902539, 0.4225339935199488, 0.02984337998221873, 0.38406711567889573, 0.01816300053898601, 0.4473059356633534, 0.043257208631188475, 0.9483093707939823, 0.9980462317502068, 0.301222818614175, 0.9099665392109009, 0.06894197134359503, 0.9243843765648787, 0.9439351187239735, 0.12552999146880034, 0.5129021162108288, 0.9759770876433993, 0.7722164227216434, 0.014009513364988879, 0.816397301616255, 0.8878330866732562, 0.8617959603915855, 0.2699497941239885, 0.7968089456145601, 0.06413348383879636, 0.989103734575649, 0.7727913894609578, 0.047335557081540997, 0.07541971253885946, 0.6703681368773574, 0.7819969853324387, 0.8129511658344447, 0.003862545095174174, 0.6570610965347466, 0.9932594921441411, 0.728245015866636, 0.9952790498985374, 0.4787563619110694, 0.08720498792357577, 0.6933647142891987, 0.40815336427638227, 0.46020570035758745, 0.32722280140290094, 0.8734544053371285, 0.7858834473083005, 0.01585514874883826], BATTLES: 303-172-260-427-291-323-367-246-288-
22, 1, -2528.0, [0.19788729959458623, 0.9588613191165904, 0.176549535071533, 0.860282438349183, 0.8789239196238476, 0.5520879098211425, 0.8936971802777118, 0.8113792901273551, 0.6665136508096848, 0.9103110815091392, 0.9235381645358334, 0.7513952862568487, 0.19691258837798872, 0.11138221846094251, 0.19114203988689935, 0.522349614444982, 0.9775482572148622, 0.03814884637773882, 0.1527268659924257, 0.029809150546853614, 0.29904892592194143, 0.05297306782563742, 0.18683475364646007, 0.19374942465090772, 0.9896224808418752, 0.9114644669474429, 0.6271215981051397, 0.9246176864008534, 0.19500651489527174, 0.6242569008870215, 0.8515790655016718, 0.19757128807630142, 0.6420399599567723, 0.6159961558786967, 0.8969966225902524, 0.05839484141029469, 0.8807492816046854, 0.9572915845208156, 0.9148094298850677, 0.15260179759615208, 0.5534080013660552, 0.09710298125742503, 0.9453607927724769, 0.9319545325670844, 0.027038377171684454, 0.06801137404040283, 0.8552452315779306, 0.5961148001071807, 0.38978687182966254, 0.013516754384225572, 0.2818706124973912, 0.996972356440288, 0.49025983169459286, 0.9891479288497098, 0.40396701710077215, 0.09356596280724352, 0.590264714605405, 0.23112889550280707, 0.9231845446058375, 0.1607889577538209, 0.8644553309195677, 0.8706825786496534, 0.2030182663622264], BATTLES: 273-146-204-394-258-310-382-273-277-
22, 2, -2632.0, [0.11863934106877003, 0.9995656652307869, 0.030329353081598273, 0.8822461707290666, 0.9520099430827714, 0.6474889526901552, 0.9611212641233736, 0.2778800387061148, 0.7838490553211269, 0.9702155507665688, 0.8367575855924284, 0.766917745177138, 0.03235663297407129, 0.09619581769878831, 0.2990473143448255, 0.6423276513373264, 0.9772614856338917, 0.45552385857321637, 0.21264342589153415, 0.012270284929112482, 0.37382348198513055, 0.022570615087884584, 0.4320124273445778, 0.002951408201281199, 0.9533260024927603, 0.9549216659944612, 0.4411196486379773, 0.9661821077495234, 0.008488368057053738, 0.743719306875552, 0.9454321348878305, 0.5077753948572291, 0.7594855467331714, 0.6327804857522449, 0.9700625640195372, 0.016140083638425305, 0.7889151996281625, 0.9005608533518427, 0.982459079538504, 0.17893079087236183, 0.7623971674368617, 0.010361433393916535, 0.9733370996652557, 0.9054630640236131, 0.03538495645878562, 0.008643005066329899, 0.8353735322613937, 0.7635819037313368, 0.6788953788691809, 0.008465133723572313, 0.7337961064566124, 0.9608272118726029, 0.9284134393027347, 0.9980512411671634, 0.36934161075907523, 0.02989581098203011, 0.6799666935106181, 0.49975212832659405, 0.7818900763210448, 0.32970995568801714, 0.8456928526084537, 0.9600672750403073, 0.1446814745649706], BATTLES: 268-153-216-417-296-344-361-249-295-
22, 3, -2688.0, [0.12072024601863499, 0.9747947935290273, 0.26218184019192314, 0.9840802714016255, 0.9633460448094741, 0.9288851024586227, 0.9128499326324284, 0.3323009382652521, 0.8814296397677682, 0.9678402906570256, 0.9151256794203593, 0.923928182875102, 0.005834111088469457, 0.05578278208150694, 0.010065090082935102, 0.6214415923473718, 0.9186619299766519, 0.06381703503673819, 0.2504749622324304, 0.026354793313651807, 0.15560446189584348, 0.04807264221280523, 0.19888242746946502, 0.032285319478291996, 0.9983237401033637, 0.930419148149061, 0.5056374715849923, 0.9703167413585497, 0.06802473657329872, 0.9111829010010172, 0.8793525402207482, 0.42376901941836004, 0.5603493789482245, 0.5491231373043645, 0.9693415420307196, 0.034795992301014364, 0.8192764136409241, 0.9682918014692068, 0.9654567491838268, 0.15953408185834927, 0.6818265577180108, 0.06706950340559135, 0.9772208862727738, 0.9338787348685513, 0.008176066051968862, 0.004514549722490015, 0.678756899408369, 0.670591602426442, 0.4346343169804604, 0.0036506961598180548, 0.8112249152050028, 0.9607874851461736, 0.2472161709800887, 0.9874443608442856, 0.46440010584397073, 0.01919545671147578, 0.8106605564976898, 0.3098137429709467, 0.3560033934360387, 0.12066487979555801, 0.9202284969448751, 0.9275851746069756, 0.2052874872604143], BATTLES: 274-156-236-413-303-327-339-255-301-
22, 4, -2645.0, [0.0999510890583489, 0.9611172230270353, 0.4738791877006471, 0.8888970485620306, 0.8885795951645827, 0.7314115894886111, 0.9346688559678277, 0.27272437668511484, 0.6357160330742072, 0.9309367490960021, 0.971383810415849, 0.9309508592600212, 0.031795462264345695, 0.0178807568845627, 0.3731750481387019, 0.4558415193525339, 0.9130917270426152, 0.24173657422567332, 0.5151152802168456, 0.05563177721056779, 0.057645921223498375, 0.0023470531714557628, 0.3115000431797805, 0.1342804904326734, 0.9461305468018942, 0.9940776930458287, 0.8072778399133229, 0.29221631617315236, 0.12269807931899497, 0.6745395451737956, 0.986844706860671, 0.10229854216182083, 0.4487876660905432, 0.5737903626681858, 0.8939344825340944, 0.0014293606902680712, 0.9993482199286375, 0.9043177607379227, 0.38433287921259174, 0.2170430154737461, 0.8975054031205894, 0.7763650645998148, 0.9819472016891444, 0.9633832724241999, 0.03703169942693928, 0.014696021574584647, 0.8053380935038931, 0.9313565405853407, 0.9019213220139574, 0.06168376193276615, 0.24116502201888984, 0.960624858127932, 0.7306380277835735, 0.9696783665559127, 0.39702922320458156, 0.1307276674765377, 0.8086659327723409, 0.3663499686559332, 0.4730688483887926, 0.501655526492554, 0.9482718974373645, 0.8674695639460022, 0.062439479492374494], BATTLES: 299-173-248-411-286-332-328-228-295-
22, 5, -2651.0, [0.2605116040278961, 0.9565474967504028, 0.21235447648489303, 0.9116754740367456, 0.9039239576448924, 0.6513002283435328, 0.8263282407491068, 0.6964975923052942, 0.8504766245605009, 0.9203996409797242, 0.9669039814716935, 0.3421509946237315, 0.3529532312612471, 0.04277316590967371, 0.0586657383987284, 0.6067386540944063, 0.9957500462334424, 0.15981129464783927, 0.20180713493229507, 0.027814338836230662, 0.1546737706356478, 0.00377306326894064, 0.2950904768798883, 0.07008343087373606, 0.9180236988438377, 0.972842123021977, 0.3685397524234856, 0.9413342533071752, 0.027837334091044153, 0.6201538795849704, 0.8166683417125035, 0.09094753214136828, 0.4113524591974716, 0.3725283634592963, 0.9532479249679398, 0.021729858717128098, 0.9073334649306056, 0.9460098593412879, 0.7704093930935324, 0.16247265432006963, 0.6776164630939563, 0.162573059850047, 0.9707460806532302, 0.9969850475583268, 0.06335335599654272, 0.03532040612775242, 0.7028693672795542, 0.8057669396174376, 0.8304551859028405, 0.026085861509812465, 0.32467404067778666, 0.8560700227282905, 0.8402918119197832, 0.991008265295265, 0.3708622166220661, 0.03079403721933656, 0.683147506241549, 0.46739427243718745, 0.6340839635124366, 0.3480160964794472, 0.9097721224608302, 0.905479242580046, 0.06209192678955395], BATTLES: 285-161-260-383-293-335-327-211-317-
22, 6, -2631.0, [0.13015298098879605, 0.9962015213440787, 0.16260367464135211, 0.896224825642379, 0.9139418192928388, 0.9663346513935116, 0.8736623752152298, 0.37669158742933456, 0.8435045966024401, 0.7845891179883937, 0.97310850690563, 0.967388885428452, 0.060604451199037616, 0.20063886825612398, 0.5190428655747005, 0.36703638302782104, 0.9770264527846193, 0.07007283721660035, 0.5413022538600771, 0.05102483517657044, 0.13999508061895782, 0.0004063048117160864, 0.6369332706984098, 0.09338536363756007, 0.9713111103667159, 0.9969885262855983, 0.6660392891854018, 0.8661741787799947, 0.12387037228968734, 0.9136767160124275, 0.8728047135900528, 0.0056091266353970465, 0.9558351895673058, 0.8262515106252383, 0.8884355533441743, 0.00090326724335755, 0.92582023267787, 0.8857257016213137, 0.8796632732834095, 0.3595928782457256, 0.9229944266997445, 0.457780672133834, 0.9989853508016792, 0.9890850509608208, 0.04391408760498782, 0.0023793018721555564, 0.7800664200585905, 0.8846778710472557, 0.6302737965416383, 0.014435595521951831, 0.6324903014959116, 0.9853343578045893, 0.4527250445170894, 0.9810996843140818, 0.4841633753694171, 0.03208953864953081, 0.7542027315239167, 0.5014445528553058, 0.6191196490048494, 0.4426563364514362, 0.9340390714976629, 0.9890967569891066, 0.004491757120096869], BATTLES: 300-163-228-408-304-326-349-257-271-
22, 7, -2688.0, [0.1705239887579566, 0.9675868415167199, 0.2783119915970469, 0.7849544511752586, 0.8665125043397572, 0.46087861083674725, 0.7702230386406543, 0.6326403835060032, 0.7420445576025141, 0.7753938684940858, 0.7252081670278683, 0.8657045836357184, 0.03529721260360797, 0.24519812833559732, 0.5092187513255289, 0.5073031781003747, 0.9885437505389426, 0.3519544289457997, 0.2983145916087562, 0.0026631528802478193, 0.4972400969597449, 0.0302126414107725, 0.2879240731422716, 0.08915488912833093, 0.9328461972169144, 0.897607149821246, 0.5853500354694535, 0.9965533309443066, 0.1562184942226519, 0.8256766520576223, 0.9182749948811, 0.08856033229633459, 0.5120745371510897, 0.7875345553180495, 0.9814431607543801, 0.012289073091322177, 0.9103994486569774, 0.8262626281467067, 0.9322889189384969, 0.26273734761331774, 0.7748370150823006, 0.058920869054363334, 0.9408343019560884, 0.8611336623566135, 0.04465162752350945, 0.011765650890702889, 0.666266698386581, 0.7615259242974703, 0.4717107370320705, 0.0024833672836946166, 0.7041705046141551, 0.5226691908490448, 0.5705346214410143, 0.9617980385620514, 0.4605754432333593, 0.10311015082044081, 0.7624855814503837, 0.38772860126974756, 0.606595117911102, 0.4451811890477564, 0.8732495087412715, 0.9791959257917184, 0.09130183820171864], BATTLES: 288-177-244-431-277-338-317-245-283-
22, 8, -2635.0, [0.006516338675411765, 0.9942532105306676, 0.028090777797897593, 0.9489651075082475, 0.9890826682555816, 0.5974077381310577, 0.9275786990054514, 0.5666944609895457, 0.6777787060658531, 0.999322964966253, 0.6998335912128915, 0.6265896357935936, 0.16104682822944302, 0.10029637394206117, 0.17291319520590806, 0.7556487674858425, 0.9624248291174968, 0.1439288392482812, 0.27111324293336836, 0.06001947604744977, 0.1319020826384627, 0.03042651472613469, 0.2080511539677189, 0.17248723811399858, 0.9495727440095145, 0.8442819919885273, 0.30379920851406705, 0.9469908969611851, 0.11951143692640595, 0.79980212540161, 0.9248066381895275, 0.3025905618191367, 0.8727121441562071, 0.7494557628595158, 0.981344660805381, 0.0035216433204762637, 0.9329237653961141, 0.9424591258477947, 0.9495129031175901, 0.1923606539455626, 0.6905647182675263, 0.015258392259663744, 0.9671685338344327, 0.9210854742213053, 0.06093266877819425, 0.1519489853163702, 0.6948142912315416, 0.7460407747183792, 0.7318864355243178, 0.028960412544178474, 0.9652150577732344, 0.9978841878413938, 0.7906026492327375, 0.9979270799368343, 0.2439330184198324, 0.019916204729198077, 0.6329689381732757, 0.36230467163999186, 0.7162165610980566, 0.33841645321548786, 0.9173455530733112, 0.8600877192941528, 0.12688582301208423], BATTLES: 282-155-231-419-302-328-337-227-279-
22, 9, -2651.0, [0.16999076922343068, 0.996241685067998, 0.0056471035784091544, 0.8606871767520191, 0.8950454696972149, 0.5875119450942667, 0.88152192082772, 0.43281951962964554, 0.9240991338066719, 0.9415715914690661, 0.8839005362105761, 0.9123176145579106, 0.04587988375354773, 0.09655797962085033, 0.0876349164475636, 0.5925393456348894, 0.992121078825612, 0.4052843431023732, 0.22241342453723428, 0.003678603636476461, 0.18579530933563596, 0.02960648397740448, 0.2431423561883886, 0.014163326683797398, 0.9868143420713495, 0.8651986232289391, 0.10446357542816115, 0.9569415763520037, 0.03503678831859221, 0.8684988411317871, 0.9230683953178295, 0.03860338813323649, 0.4944647907616803, 0.6254527980305444, 0.9977073437169988, 0.01698092347297115, 0.9128205444398197, 0.9199107875865162, 0.9026149365639925, 0.16664902997726663, 0.6741812761858912, 0.19792161404310787, 0.9957066221652087, 0.8805324490909265, 0.020521306886753778, 0.043095984713021056, 0.6914565516315352, 0.8079587485074885, 0.6981683069047184, 0.013914655447529917, 0.5559412855491972, 0.9846319641195085, 0.7949578906821969, 0.999403652562287, 0.37916988564855736, 0.024559462617116324, 0.7172866838507577, 0.4283826728524361, 0.5507650957935801, 0.3674048123671572, 0.8828584628798893, 0.8570309407369148, 0.06279400362662844], BATTLES: 292-173-262-406-284-329-351-241-291-
22, 10, -2546.0, [0.28683517269006203, 0.9552546615790635, 0.19432342628224616, 0.905486773876806, 0.9349775701709463, 0.9908824036977, 0.972912437910815, 0.5513710121134491, 0.8296992848778605, 0.7662877510138328, 0.8379202148486793, 0.8140705199863558, 0.15699927637069638, 0.0020415505385760896, 0.11719062316093326, 0.6390734385996432, 0.9894557750104453, 0.6608931859153315, 0.5571051363159794, 0.025874789551501416, 0.22609301202706766, 0.028520483774833707, 0.0760386180718059, 0.13776917380837028, 0.9554120344782513, 0.9425935869018895, 0.5839961140973617, 0.6898453225242003, 0.14855773618789775, 0.6913403470340683, 0.9050317551062214, 0.24951861956164167, 0.7046774983045273, 0.7411815708808713, 0.8332858179008703, 0.06548257327837131, 0.8944621382490334, 0.9904568264252274, 0.6611749136365367, 0.2763531472841511, 0.9245126012442628, 0.05183783864140712, 0.9674645034816587, 0.7646114505350826, 0.0398193321659179, 0.20178118884161877, 0.6890476539276129, 0.7342742300647961, 0.7098377000282838, 0.07644322098075224, 0.3923657378659249, 0.9395600760840043, 0.6396426612601644, 0.9608790649059209, 0.460562168928319, 0.08692325326919442, 0.7037857011279878, 0.19115180503668747, 0.3917534533086911, 0.41026521516657866, 0.986662157527745, 0.7378869832245479, 0.0038957442932262693], BATTLES: 306-147-217-423-282-307-341-254-269-
22, 11, -2612.0, [0.09526320938800385, 0.9592063321746961, 0.0593481481169173, 0.9057875749944311, 0.9626460250807081, 0.9023197586525612, 0.9680346553944349, 0.44817081954937066, 0.5189049685871232, 0.9302812353278147, 0.9117906459948826, 0.9564797150261657, 0.06651997213833646, 0.0593939064152603, 0.014958152781217093, 0.5756138165917649, 0.9827176600077683, 0.24585902608672552, 0.5202770715902845, 0.011920123837022931, 0.039098382513335146, 0.0013736055402912388, 0.016583135485538997, 0.17626804462859666, 0.9509947489627032, 0.9821208209162561, 0.8608558881042736, 0.9248195674494717, 0.03133078666416998, 0.895003368420398, 0.8946302851379997, 0.051730677464537723, 0.6082445745127537, 0.8741466500466665, 0.9141611559458648, 0.0015402764792729687, 0.94421628132315, 0.9884707361943312, 0.9600350223654373, 0.29851741662582937, 0.6423735267960414, 0.012848846918101342, 0.9799878237908756, 0.8398630452930428, 0.02256513298546478, 0.05490072950554135, 0.5355560618522496, 0.8076168423843739, 0.7109112096659818, 0.0070569088950657825, 0.8040175328560135, 0.9262904822267372, 0.8993314888477335, 0.9920160480893239, 0.41601017417860553, 0.15064081920809108, 0.5736545089747871, 0.4416703436990871, 0.49457324857593576, 0.46309875764804376, 0.9389019335785362, 0.760467902483168, 0.08921430012952469], BATTLES: 307-173-243-429-266-341-332-241-280-
22, 12, -2599.0, [0.18404667246327738, 0.702577488322645, 0.23795101819481007, 0.9731846411996564, 0.9065913337835678, 0.5271084578658962, 0.8320191178630175, 0.5716140255832861, 0.5376681523309005, 0.9195965509684599, 0.5192350812991998, 0.9296723498297417, 0.05739969132732204, 0.010149961018151386, 0.40283934650983333, 0.735364583979743, 0.9941733453596268, 0.41132860258326365, 0.25060151715703355, 0.008648742369925973, 0.36008730118121973, 0.025766330915515383, 0.04635572032433341, 0.06514299370289205, 0.9647214087065437, 0.9611198939517551, 0.5319669887659259, 0.8116751295360509, 0.13083525747657138, 0.8947212724766747, 0.9522540590619597, 0.17801726033043808, 0.7231281923429675, 0.634712118161521, 0.886832754777686, 0.13968349345768558, 0.7258312320713661, 0.8038756936816753, 0.9236926226560332, 0.0901281543065334, 0.9923056694104, 0.17054316169280767, 0.923732054009616, 0.9483139494329855, 0.027043602572103878, 0.09138472444067701, 0.9136235534915865, 0.7842505348263221, 0.8561645633325224, 0.002318336716747124, 0.38089924157296623, 0.9110892074860999, 0.7264749187696927, 0.9053857917769244, 0.2123592240450795, 0.006853988040685124, 0.800228982124376, 0.5495437790063613, 0.4220572549771803, 0.4934256237200172, 0.8365669259382819, 0.8866148331253114, 0.01710830494445803], BATTLES: 309-161-251-425-290-333-316-217-297-
22, 13, -2567.0, [0.3397702147013975, 0.996397304552064, 0.11300038259979356, 0.9804055227182908, 0.8645240434887681, 0.7013627557071254, 0.7232608893203804, 0.7084612425046657, 0.8959927889732158, 0.8949361377410977, 0.9648199314167257, 0.731710543441766, 0.09725149362242706, 0.09260586427776962, 0.8098985044934235, 0.709780074717173, 0.9428704066192122, 0.4718518565688027, 0.12307789516645112, 0.05132792423112, 0.19658001719461637, 0.06601065537247384, 0.04728978034048678, 0.04038568405208081, 0.9845651910512208, 0.8888283625498838, 0.29579764984858287, 0.9724687898713928, 0.11369841254689494, 0.5314032004436654, 0.9292062005313015, 0.09949846402742064, 0.3661177627782222, 0.886838263037055, 0.8837266164286637, 0.013277651612950452, 0.8790998776506186, 0.9723457871368719, 0.7281860207476709, 0.14288776304045303, 0.6419417888529881, 0.30700121749034304, 0.9783870593351134, 0.8653966221660042, 0.019661348935835106, 0.03313639381393692, 0.6131352859212134, 0.6390702251785405, 0.8275931443174563, 0.021595122237266506, 0.35905481549625484, 0.9312812333392865, 0.9190166947934907, 0.9810411626397699, 0.31729154071062604, 0.0006991178318666268, 0.6920523374763825, 0.42364701061033716, 0.885656150254656, 0.8458251036105884, 0.9407015958503626, 0.9312176369533645, 0.06161453550609933], BATTLES: 272-158-189-410-282-301-366-295-283-
22, 14, -2683.0, [0.06100930859965064, 0.9981769105029288, 0.04963267009312629, 0.8000213280468944, 0.8797640016709488, 0.9236171509007408, 0.8924341297659834, 0.5393765653514052, 0.6608356214496953, 0.9712988331609163, 0.9020163816108386, 0.9565159208462848, 0.03180314166193008, 0.15012698067358937, 0.29937910779704147, 0.3771620214118691, 0.9634160771739445, 0.12388937706317257, 0.24563452072716033, 0.04548492993388204, 0.04062941817596242, 0.047989320510191565, 0.47528543593471667, 0.03587263871059602, 0.9466502893166547, 0.9425868968803491, 0.5007010405193585, 0.9461064973587224, 0.150883366818656, 0.9582919354648224, 0.9244728296488253, 0.2708077767364975, 0.7089391888007285, 0.7290489262113071, 0.9738292275423434, 0.004582705218985928, 0.8723151836473371, 0.9147309090582247, 0.9354980528034299, 0.1563787287485265, 0.9633921104139691, 0.3453451636004604, 0.9751635906693139, 0.9788567138417069, 0.015403598750908744, 0.07470204179385982, 0.8196485566958512, 0.7512342841755294, 0.6137768341733651, 0.011796118153424028, 0.6789096413861953, 0.9794781655261844, 0.6819449781100194, 0.9757745346292334, 0.32195051766677485, 0.03928015221988659, 0.6314709841355894, 0.30642156763286, 0.6893104112311882, 0.4902766361919275, 0.8789758686573163, 0.9575419172814402, 0.08545412118530185], BATTLES: 293-169-226-428-315-334-319-225-304-
23, 0, -2619.0, [0.12833128256834098, 0.9771919918629286, 0.10712212486132916, 0.8851731318725918, 0.9068278838238365, 0.8028603831653568, 0.9066774261099391, 0.11861098431051731, 0.8261541338904796, 0.9529801834815091, 0.8275083239890497, 0.9342107403363645, 0.13474628257524407, 0.09899045362718173, 0.3219590322646744, 0.6326833609221101, 0.9622471283806916, 0.5062897932902539, 0.4225339935199488, 0.02984337998221873, 0.38406711567889573, 0.01816300053898601, 0.4473059356633534, 0.043257208631188475, 0.9483093707939823, 0.9980462317502068, 0.301222818614175, 0.9099665392109009, 0.06894197134359503, 0.9243843765648787, 0.9439351187239735, 0.12552999146880034, 0.5129021162108288, 0.9759770876433993, 0.7722164227216434, 0.014009513364988879, 0.816397301616255, 0.8878330866732562, 0.8617959603915855, 0.2699497941239885, 0.7968089456145601, 0.06413348383879636, 0.989103734575649, 0.7727913894609578, 0.047335557081540997, 0.07541971253885946, 0.6703681368773574, 0.7819969853324387, 0.8129511658344447, 0.003862545095174174, 0.6570610965347466, 0.9932594921441411, 0.728245015866636, 0.9952790498985374, 0.4787563619110694, 0.08720498792357577, 0.6933647142891987, 0.40815336427638227, 0.46020570035758745, 0.32722280140290094, 0.8734544053371285, 0.7858834473083005, 0.01585514874883826], BATTLES: 290-174-242-395-283-328-350-262-295-
23, 1, -2596.0, [0.22864816299098042, 0.9549045987943647, 0.176549535071533, 0.8862668658401855, 0.8849024221858819, 0.7240621595640813, 0.8936971802777118, 0.8113792901273551, 0.8453336472935522, 0.9627997661705167, 0.8999402756979833, 0.7513952862568487, 0.2989419426424472, 0.06600943660777261, 0.036455404772736594, 0.6225019961332918, 0.9775482572148622, 0.03814884637773882, 0.1400366449753116, 0.029809150546853614, 0.3180625010142134, 0.03282761758895673, 0.40179645916133216, 0.08396916593746845, 0.9507524730394159, 0.9114644669474429, 0.29256925905394, 0.9623088432004268, 0.19500651489527174, 0.6541829930011133, 0.8515790655016718, 0.20073017056012854, 0.6420399599567723, 0.5737734053631863, 0.9028584859903812, 0.04611691430540202, 0.8771914298016718, 0.9786457922604078, 0.9148094298850677, 0.15260179759615208, 0.6069340609704199, 0.09710298125742503, 0.9546493651755045, 0.8742874558943928, 0.05148972030037601, 0.0644986291243562, 0.666244338595549, 0.6329590163040553, 0.6459107406387677, 0.007378145375450786, 0.2818706124973912, 0.9483598216018612, 0.49025983169459286, 0.9891479288497098, 0.40687303415574017, 0.09356596280724352, 0.5287747155106689, 0.2968485201724621, 0.7391017512186263, 0.1607889577538209, 0.8697797530190402, 0.816171540528603, 0.14978269520607074], BATTLES: 262-150-172-403-292-303-358-256-284-
23, 2, -2647.0, [0.11863934106877003, 0.9995656652307869, 0.030329353081598273, 0.8822461707290666, 0.9520099430827714, 0.6474889526901552, 0.9611212641233736, 0.2778800387061148, 0.7838490553211269, 0.9702155507665688, 0.8367575855924284, 0.766917745177138, 0.03235663297407129, 0.09619581769878831, 0.2990473143448255, 0.6423276513373264, 0.9772614856338917, 0.45552385857321637, 0.21264342589153415, 0.012270284929112482, 0.37382348198513055, 0.022570615087884584, 0.4320124273445778, 0.002951408201281199, 0.9533260024927603, 0.9549216659944612, 0.4411196486379773, 0.9661821077495234, 0.008488368057053738, 0.743719306875552, 0.9454321348878305, 0.5077753948572291, 0.7594855467331714, 0.6327804857522449, 0.9700625640195372, 0.016140083638425305, 0.7889151996281625, 0.9005608533518427, 0.982459079538504, 0.17893079087236183, 0.7623971674368617, 0.010361433393916535, 0.9733370996652557, 0.9054630640236131, 0.03538495645878562, 0.008643005066329899, 0.8353735322613937, 0.7635819037313368, 0.6788953788691809, 0.008465133723572313, 0.7337961064566124, 0.9608272118726029, 0.9284134393027347, 0.9980512411671634, 0.36934161075907523, 0.02989581098203011, 0.6799666935106181, 0.49975212832659405, 0.7818900763210448, 0.32970995568801714, 0.8456928526084537, 0.9600672750403073, 0.1446814745649706], BATTLES: 291-180-221-427-291-323-347-275-292-
23, 3, -2668.0, [0.1567688274594432, 0.9747947935290273, 0.3151104454483863, 0.9840802714016255, 0.9633460448094741, 0.9288851024586227, 0.9564249663162142, 0.11416751747955856, 0.8830800464683889, 0.9462580570800495, 0.9364205415879989, 0.961964091437551, 0.0029170555442347285, 0.05578278208150694, 0.010065090082935102, 0.6214415923473718, 0.9505046140663113, 0.031908517518369095, 0.2504749622324304, 0.011997164880209632, 0.15560446189584348, 0.014203401015862177, 0.2171759511176082, 0.044473104932841796, 0.9991618700516818, 0.9396903062184039, 0.5056374715849923, 0.9639836440881059, 0.011047467379436592, 0.9555914505005085, 0.8793525402207482, 0.21519955671186686, 0.5906794045736131, 0.5491231373043645, 0.9846707710153598, 0.034795992301014364, 0.8040383444951745, 0.9841459007346034, 0.9654567491838268, 0.15953408185834927, 0.6532809785441943, 0.06706950340559135, 0.9886104431363869, 0.9338787348685513, 0.004088033025984431, 0.0022572748612450077, 0.6340848958427464, 0.670591602426442, 0.4346343169804604, 0.0018253480799090274, 0.8112249152050028, 0.960321698354359, 0.3299053923713492, 0.9874443608442856, 0.46440010584397073, 0.021344918864171013, 0.8454785503275181, 0.3098137429709467, 0.3560033934360387, 0.02745351009885416, 0.9081756315833095, 0.9443132408952198, 0.09229148022542044], BATTLES: 268-147-236-421-307-322-341-262-263-
23, 4, -2575.0, [0.0999510890583489, 0.9611172230270353, 0.4738791877006471, 0.8888970485620306, 0.8885795951645827, 0.7314115894886111, 0.9346688559678277, 0.27272437668511484, 0.6357160330742072, 0.9309367490960021, 0.971383810415849, 0.9309508592600212, 0.031795462264345695, 0.0178807568845627, 0.3731750481387019, 0.4558415193525339, 0.9130917270426152, 0.24173657422567332, 0.5151152802168456, 0.05563177721056779, 0.057645921223498375, 0.0023470531714557628, 0.3115000431797805, 0.1342804904326734, 0.9461305468018942, 0.9940776930458287, 0.8072778399133229, 0.29221631617315236, 0.12269807931899497, 0.6745395451737956, 0.986844706860671, 0.10229854216182083, 0.4487876660905432, 0.5737903626681858, 0.8939344825340944, 0.0014293606902680712, 0.9993482199286375, 0.9043177607379227, 0.38433287921259174, 0.2170430154737461, 0.8975054031205894, 0.7763650645998148, 0.9819472016891444, 0.9633832724241999, 0.03703169942693928, 0.014696021574584647, 0.8053380935038931, 0.9313565405853407, 0.9019213220139574, 0.06168376193276615, 0.24116502201888984, 0.960624858127932, 0.7306380277835735, 0.9696783665559127, 0.39702922320458156, 0.1307276674765377, 0.8086659327723409, 0.3663499686559332, 0.4730688483887926, 0.501655526492554, 0.9482718974373645, 0.8674695639460022, 0.062439479492374494], BATTLES: 302-176-227-434-268-318-333-235-282-
23, 5, -2635.0, [0.2605116040278961, 0.9565474967504028, 0.21235447648489303, 0.9116754740367456, 0.9039239576448924, 0.6513002283435328, 0.8263282407491068, 0.6964975923052942, 0.8504766245605009, 0.9203996409797242, 0.9669039814716935, 0.3421509946237315, 0.3529532312612471, 0.04277316590967371, 0.0586657383987284, 0.6067386540944063, 0.9957500462334424, 0.15981129464783927, 0.20180713493229507, 0.027814338836230662, 0.1546737706356478, 0.00377306326894064, 0.2950904768798883, 0.07008343087373606, 0.9180236988438377, 0.972842123021977, 0.3685397524234856, 0.9413342533071752, 0.027837334091044153, 0.6201538795849704, 0.8166683417125035, 0.09094753214136828, 0.4113524591974716, 0.3725283634592963, 0.9532479249679398, 0.021729858717128098, 0.9073334649306056, 0.9460098593412879, 0.7704093930935324, 0.16247265432006963, 0.6776164630939563, 0.162573059850047, 0.9707460806532302, 0.9969850475583268, 0.06335335599654272, 0.03532040612775242, 0.7028693672795542, 0.8057669396174376, 0.8304551859028405, 0.026085861509812465, 0.32467404067778666, 0.8560700227282905, 0.8402918119197832, 0.991008265295265, 0.3708622166220661, 0.03079403721933656, 0.683147506241549, 0.46739427243718745, 0.6340839635124366, 0.3480160964794472, 0.9097721224608302, 0.905479242580046, 0.06209192678955395], BATTLES: 292-162-218-393-281-334-365-289-301-
23, 6, -2680.0, [0.13015298098879605, 0.9962015213440787, 0.16260367464135211, 0.896224825642379, 0.9139418192928388, 0.9663346513935116, 0.8736623752152298, 0.37669158742933456, 0.8435045966024401, 0.7845891179883937, 0.97310850690563, 0.967388885428452, 0.060604451199037616, 0.20063886825612398, 0.5190428655747005, 0.36703638302782104, 0.9770264527846193, 0.07007283721660035, 0.5413022538600771, 0.05102483517657044, 0.13999508061895782, 0.0004063048117160864, 0.6369332706984098, 0.09338536363756007, 0.9713111103667159, 0.9969885262855983, 0.6660392891854018, 0.8661741787799947, 0.12387037228968734, 0.9136767160124275, 0.8728047135900528, 0.0056091266353970465, 0.9558351895673058, 0.8262515106252383, 0.8884355533441743, 0.00090326724335755, 0.92582023267787, 0.8857257016213137, 0.8796632732834095, 0.3595928782457256, 0.9229944266997445, 0.457780672133834, 0.9989853508016792, 0.9890850509608208, 0.04391408760498782, 0.0023793018721555564, 0.7800664200585905, 0.8846778710472557, 0.6302737965416383, 0.014435595521951831, 0.6324903014959116, 0.9853343578045893, 0.4527250445170894, 0.9810996843140818, 0.4841633753694171, 0.03208953864953081, 0.7542027315239167, 0.5014445528553058, 0.6191196490048494, 0.4426563364514362, 0.9340390714976629, 0.9890967569891066, 0.004491757120096869], BATTLES: 309-183-255-406-298-315-331-260-323-
23, 7, -2641.0, [0.1705239887579566, 0.9675868415167199, 0.2783119915970469, 0.7849544511752586, 0.8665125043397572, 0.46087861083674725, 0.7702230386406543, 0.6326403835060032, 0.7420445576025141, 0.7753938684940858, 0.7252081670278683, 0.8657045836357184, 0.03529721260360797, 0.24519812833559732, 0.5092187513255289, 0.5073031781003747, 0.9885437505389426, 0.3519544289457997, 0.2983145916087562, 0.0026631528802478193, 0.4972400969597449, 0.0302126414107725, 0.2879240731422716, 0.08915488912833093, 0.9328461972169144, 0.897607149821246, 0.5853500354694535, 0.9965533309443066, 0.1562184942226519, 0.8256766520576223, 0.9182749948811, 0.08856033229633459, 0.5120745371510897, 0.7875345553180495, 0.9814431607543801, 0.012289073091322177, 0.9103994486569774, 0.8262626281467067, 0.9322889189384969, 0.26273734761331774, 0.7748370150823006, 0.058920869054363334, 0.9408343019560884, 0.8611336623566135, 0.04465162752350945, 0.011765650890702889, 0.666266698386581, 0.7615259242974703, 0.4717107370320705, 0.0024833672836946166, 0.7041705046141551, 0.5226691908490448, 0.5705346214410143, 0.9617980385620514, 0.4605754432333593, 0.10311015082044081, 0.7624855814503837, 0.38772860126974756, 0.606595117911102, 0.4451811890477564, 0.8732495087412715, 0.9791959257917184, 0.09130183820171864], BATTLES: 279-153-232-407-310-328-366-273-293-
23, 8, -2643.0, [0.006516338675411765, 0.9933550758549838, 0.12409196386889876, 0.9744825537541237, 0.9149540034986244, 0.5974077381310577, 0.9275786990054514, 0.5666944609895457, 0.8059797579882718, 0.9996614824831265, 0.7857293873613304, 0.6265896357935936, 0.017808221576317305, 0.10029637394206117, 0.1511876618513534, 0.5450964429729813, 0.9246208752990954, 0.14553645040242663, 0.27111324293336836, 0.06001947604744977, 0.11658150123755989, 0.03042651472613469, 0.2080511539677189, 0.08624361905699929, 0.9517333001119418, 0.8653581008234982, 0.2610280678304739, 0.9734954484805926, 0.11951143692640595, 0.79980212540161, 0.8864690631157859, 0.4380826887656324, 0.8647131709309377, 0.6473522328226582, 0.9875496538783742, 0.0035216433204762637, 0.8341256368784472, 0.9424591258477947, 0.9495129031175901, 0.11155169605309659, 0.6905647182675263, 0.015258392259663744, 0.9835842669172163, 0.9268014183175505, 0.06093266877819425, 0.006317275053004265, 0.6948142912315416, 0.6846521835734305, 0.491333920690206, 0.014480206272089237, 0.7230654286201472, 0.9989420939206969, 0.6365380041030012, 0.9989635399684171, 0.4229379930588925, 0.01915603289154466, 0.6329689381732757, 0.36230467163999186, 0.42974372925860993, 0.33841645321548786, 0.9173455530733112, 0.9300438596470764, 0.12688582301208423], BATTLES: 286-181-224-411-295-320-332-220-280-
23, 9, -2679.0, [0.16999076922343068, 0.996241685067998, 0.0056471035784091544, 0.8606871767520191, 0.8950454696972149, 0.5875119450942667, 0.88152192082772, 0.43281951962964554, 0.9240991338066719, 0.9415715914690661, 0.8839005362105761, 0.9123176145579106, 0.04587988375354773, 0.09655797962085033, 0.0876349164475636, 0.5925393456348894, 0.992121078825612, 0.4052843431023732, 0.22241342453723428, 0.003678603636476461, 0.18579530933563596, 0.02960648397740448, 0.2431423561883886, 0.014163326683797398, 0.9868143420713495, 0.8651986232289391, 0.10446357542816115, 0.9569415763520037, 0.03503678831859221, 0.8684988411317871, 0.9230683953178295, 0.03860338813323649, 0.4944647907616803, 0.6254527980305444, 0.9977073437169988, 0.01698092347297115, 0.9128205444398197, 0.9199107875865162, 0.9026149365639925, 0.16664902997726663, 0.6741812761858912, 0.19792161404310787, 0.9957066221652087, 0.8805324490909265, 0.020521306886753778, 0.043095984713021056, 0.6914565516315352, 0.8079587485074885, 0.6981683069047184, 0.013914655447529917, 0.5559412855491972, 0.9846319641195085, 0.7949578906821969, 0.999403652562287, 0.37916988564855736, 0.024559462617116324, 0.7172866838507577, 0.4283826728524361, 0.5507650957935801, 0.3674048123671572, 0.8828584628798893, 0.8570309407369148, 0.06279400362662844], BATTLES: 282-170-238-437-272-324-376-280-300-
23, 10, -2623.0, [0.25715054388375547, 0.9552546615790635, 0.13178174341011434, 0.905486773876806, 0.9349775701709463, 0.9856472633904727, 0.972912437910815, 0.5513710121134491, 0.8296992848778605, 0.8624438689009764, 0.8379202148486793, 0.8736730953151577, 0.15699927637069638, 0.0020415505385760896, 0.13175825217807957, 0.6390734385996432, 0.9894557750104453, 0.6608931859153315, 0.5571051363159794, 0.025874789551501416, 0.33176469630976047, 0.02384723472462274, 0.0760386180718059, 0.026237705479818477, 0.9716161353545257, 0.9425935869018895, 0.5839961140973617, 0.8048637076260987, 0.07415290637984653, 0.6913403470340683, 0.9050317551062214, 0.2433516094552185, 0.7009582826315962, 0.7411815708808713, 0.817125504966257, 0.052665000140505194, 0.8124847437352748, 0.9904568264252274, 0.6611749136365367, 0.21277000714461494, 0.7383546424753927, 0.05338617780022646, 0.9674645034816587, 0.7646114505350826, 0.0398193321659179, 0.20178118884161877, 0.6890476539276129, 0.7342742300647961, 0.7098377000282838, 0.07644322098075224, 0.3923657378659249, 0.9395600760840043, 0.4732581888370351, 0.9608790649059209, 0.460562168928319, 0.08692325326919442, 0.6435470112811502, 0.19115180503668747, 0.3917534533086911, 0.013616527726529326, 0.986662157527745, 0.7378869832245479, 0.06055646008943592], BATTLES: 278-163-225-404-296-310-329-229-278-
23, 11, -2710.0, [0.10996539605901347, 0.9592063321746961, 0.12129384557251793, 0.9057875749944311, 0.9626460250807081, 0.9023197586525612, 0.9840173276972175, 0.44817081954937066, 0.6653765017226657, 0.9755741831392407, 0.9117906459948826, 0.9564797150261657, 0.06651997213833646, 0.0681566127268181, 0.007479076390608547, 0.47659359201746687, 0.9913588300038841, 0.37587667326293217, 0.5202770715902845, 0.02250884318019763, 0.039098382513335146, 0.0013736055402912388, 0.4525527930763874, 0.17626804462859666, 0.9509947489627032, 0.991060410458128, 0.4617111443165778, 0.9624097837247358, 0.03133078666416998, 0.972287629861113, 0.8785612207446913, 0.051730677464537723, 0.6082445745127537, 0.9370733250233332, 0.9141611559458648, 0.0007701382396364843, 0.806478568118869, 0.9884707361943312, 0.9838885459076124, 0.29851741662582937, 0.6423735267960414, 0.006424423459050671, 0.9799878237908756, 0.9011642658541624, 0.028274798743241687, 0.05490072950554135, 0.5355560618522496, 0.8076168423843739, 0.7163542293463239, 0.006847912660868382, 0.8040175328560135, 0.9262904822267372, 0.8993314888477335, 0.9960080240446619, 0.41601017417860553, 0.08443013810301422, 0.5890243411871754, 0.33238478784374825, 0.34886079083863375, 0.26553504002211864, 0.8402190401905113, 0.760467902483168, 0.005018270557413475], BATTLES: 301-168-256-448-289-315-321-235-289-
23, 12, -2618.0, [0.18404667246327738, 0.702577488322645, 0.23795101819481007, 0.9731846411996564, 0.9065913337835678, 0.5271084578658962, 0.8320191178630175, 0.5716140255832861, 0.5376681523309005, 0.9195965509684599, 0.5192350812991998, 0.9296723498297417, 0.05739969132732204, 0.010149961018151386, 0.40283934650983333, 0.735364583979743, 0.9941733453596268, 0.41132860258326365, 0.25060151715703355, 0.008648742369925973, 0.36008730118121973, 0.025766330915515383, 0.04635572032433341, 0.06514299370289205, 0.9647214087065437, 0.9611198939517551, 0.5319669887659259, 0.8116751295360509, 0.13083525747657138, 0.8947212724766747, 0.9522540590619597, 0.17801726033043808, 0.7231281923429675, 0.634712118161521, 0.886832754777686, 0.13968349345768558, 0.7258312320713661, 0.8038756936816753, 0.9236926226560332, 0.0901281543065334, 0.9923056694104, 0.17054316169280767, 0.923732054009616, 0.9483139494329855, 0.027043602572103878, 0.09138472444067701, 0.9136235534915865, 0.7842505348263221, 0.8561645633325224, 0.002318336716747124, 0.38089924157296623, 0.9110892074860999, 0.7264749187696927, 0.9053857917769244, 0.2123592240450795, 0.006853988040685124, 0.800228982124376, 0.5495437790063613, 0.4220572549771803, 0.4934256237200172, 0.8365669259382819, 0.8866148331253114, 0.01710830494445803], BATTLES: 268-161-247-402-307-346-344-251-292-
23, 13, -2726.0, [0.24587398520764098, 0.996397304552064, 0.11300038259979356, 0.9804055227182908, 0.8645240434887681, 0.7013627557071254, 0.7232608893203804, 0.24029219884019143, 0.9479963944866079, 0.8949361377410977, 0.9648199314167257, 0.7655598657605951, 0.09725149362242706, 0.004384697396642115, 0.8098985044934235, 0.709780074717173, 0.9449917080767167, 0.3687835965034443, 0.07744964267210033, 0.02566396211556, 0.38129727907177113, 0.06601065537247384, 0.24158309771611908, 0.04038568405208081, 0.9845651910512208, 0.9284206230831388, 0.29579764984858287, 0.9918962197841058, 0.05684920627344747, 0.6833207474446641, 0.9296301308545898, 0.48033454251108293, 0.3661177627782222, 0.5173486949841338, 0.8837266164286637, 0.03248143899929286, 0.8790998776506186, 0.9723457871368719, 0.7281860207476709, 0.07141944060766206, 0.5236543456932838, 0.30700121749034304, 0.9783870593351134, 0.8483975420319678, 0.025364528591251344, 0.01656819690696846, 0.6131352859212134, 0.6390702251785405, 0.5985456551116451, 0.013229287968215781, 0.35905481549625484, 0.9308278569963971, 0.9190166947934907, 0.990520581319885, 0.31729154071062604, 0.0003495589159333134, 0.5935960292365206, 0.49022755405199014, 0.885656150254656, 0.4229125518052942, 0.9385064115795434, 0.9656088184766822, 0.06161453550609933], BATTLES: 275-152-213-431-267-288-339-266-282-
23, 14, -2612.0, [0.09833764784292817, 0.9779775709237977, 0.21301327217516916, 0.8895655622811566, 0.8797640016709488, 0.9618085754503705, 0.9606786617568637, 0.21943695671730057, 0.9237141116855891, 0.8702778127130382, 0.9020163816108386, 0.9809477138571707, 0.03180314166193008, 0.04674165940523854, 0.29937910779704147, 0.6244394027979558, 0.9634160771739445, 0.48317328700051865, 0.24563452072716033, 0.022770178147294852, 0.04062941817596242, 0.05744771405240327, 0.13851720968234504, 0.01793631935529801, 0.9466502893166547, 0.9425868968803491, 0.5007010405193585, 0.9461064973587224, 0.062311353606245005, 0.9582919354648224, 0.9244728296488253, 0.2708077767364975, 0.6739308115791935, 0.6469682024526848, 0.9738292275423434, 0.030132875700654323, 0.8904122925094864, 0.9573654545291124, 0.7819356678265935, 0.1563787287485265, 0.8771467716611491, 0.1726725818002302, 0.9714265144290232, 0.9788567138417069, 0.015403598750908744, 0.11825418141613286, 0.6093008898870386, 0.708905926868366, 0.37220865480759946, 0.04006102028124465, 0.8301975793807072, 0.9794781655261844, 0.6819449781100194, 0.9912420601990758, 0.32195051766677485, 0.020972615999948246, 0.6314709841355894, 0.2813619085434137, 0.12710246831888744, 0.4902766361919275, 0.9311481109078679, 0.9303598430184953, 0.08545412118530185], BATTLES: 260-169-241-417-300-327-327-252-303-
24, 0, -2628.0, [0.12833128256834098, 0.9771919918629286, 0.10712212486132916, 0.8851731318725918, 0.9068278838238365, 0.8028603831653568, 0.9066774261099391, 0.11861098431051731, 0.8261541338904796, 0.9529801834815091, 0.8275083239890497, 0.9342107403363645, 0.13474628257524407, 0.09899045362718173, 0.3219590322646744, 0.6326833609221101, 0.9622471283806916, 0.5062897932902539, 0.4225339935199488, 0.02984337998221873, 0.38406711567889573, 0.01816300053898601, 0.4473059356633534, 0.043257208631188475, 0.9483093707939823, 0.9980462317502068, 0.301222818614175, 0.9099665392109009, 0.06894197134359503, 0.9243843765648787, 0.9439351187239735, 0.12552999146880034, 0.5129021162108288, 0.9759770876433993, 0.7722164227216434, 0.014009513364988879, 0.816397301616255, 0.8878330866732562, 0.8617959603915855, 0.2699497941239885, 0.7968089456145601, 0.06413348383879636, 0.989103734575649, 0.7727913894609578, 0.047335557081540997, 0.07541971253885946, 0.6703681368773574, 0.7819969853324387, 0.8129511658344447, 0.003862545095174174, 0.6570610965347466, 0.9932594921441411, 0.728245015866636, 0.9952790498985374, 0.4787563619110694, 0.08720498792357577, 0.6933647142891987, 0.40815336427638227, 0.46020570035758745, 0.32722280140290094, 0.8734544053371285, 0.7858834473083005, 0.01585514874883826], BATTLES: 327-176-205-397-284-302-365-259-313-
24, 1, -2577.0, [0.2174112185975799, 0.9859463739129224, 0.17252502006599152, 0.9319938259554994, 0.859477814825067, 0.7240621595640813, 0.8768371847983302, 0.8113792901273551, 0.8453336472935522, 0.9608800097527156, 0.8999402756979833, 0.7513952862568487, 0.2152476237051265, 0.06600943660777261, 0.2886212160106738, 0.6225019961332918, 0.9523718639103465, 0.1433501640615472, 0.1400366449753116, 0.049987091904911435, 0.3180625010142134, 0.012309585579863162, 0.40179645916133216, 0.09640627749853208, 0.9588311469073991, 0.8821972184573899, 0.29256925905394, 0.9811544216002134, 0.18305340184111263, 0.6541829930011133, 0.8515790655016718, 0.2775328237932929, 0.5504077400896825, 0.5737734053631863, 0.9021954933713743, 0.04611691430540202, 0.8771914298016718, 0.9829913047783205, 0.8333738956597633, 0.11242985740692002, 0.47495235188386625, 0.1795079834888499, 0.9546493651755045, 0.8742874558943928, 0.04655462470955867, 0.0644986291243562, 0.666244338595549, 0.6329590163040553, 0.5512144331556568, 0.012260016043925915, 0.2818706124973912, 0.9741799108009306, 0.49025983169459286, 0.9891479288497098, 0.3868178802883393, 0.028170840068611067, 0.5287747155106689, 0.2968485201724621, 0.7391017512186263, 0.1607889577538209, 0.8697797530190402, 0.816171540528603, 0.14978269520607074], BATTLES: 262-162-180-399-283-300-379-303-301-
24, 2, -2659.0, [0.11863934106877003, 0.9995656652307869, 0.030329353081598273, 0.8822461707290666, 0.9520099430827714, 0.6474889526901552, 0.9611212641233736, 0.2778800387061148, 0.7838490553211269, 0.9702155507665688, 0.8367575855924284, 0.766917745177138, 0.03235663297407129, 0.09619581769878831, 0.2990473143448255, 0.6423276513373264, 0.9772614856338917, 0.45552385857321637, 0.21264342589153415, 0.012270284929112482, 0.37382348198513055, 0.022570615087884584, 0.4320124273445778, 0.002951408201281199, 0.9533260024927603, 0.9549216659944612, 0.4411196486379773, 0.9661821077495234, 0.008488368057053738, 0.743719306875552, 0.9454321348878305, 0.5077753948572291, 0.7594855467331714, 0.6327804857522449, 0.9700625640195372, 0.016140083638425305, 0.7889151996281625, 0.9005608533518427, 0.982459079538504, 0.17893079087236183, 0.7623971674368617, 0.010361433393916535, 0.9733370996652557, 0.9054630640236131, 0.03538495645878562, 0.008643005066329899, 0.8353735322613937, 0.7635819037313368, 0.6788953788691809, 0.008465133723572313, 0.7337961064566124, 0.9608272118726029, 0.9284134393027347, 0.9980512411671634, 0.36934161075907523, 0.02989581098203011, 0.6799666935106181, 0.49975212832659405, 0.7818900763210448, 0.32970995568801714, 0.8456928526084537, 0.9600672750403073, 0.1446814745649706], BATTLES: 297-174-207-427-312-313-363-260-306-
24, 3, -2657.0, [0.21391939653732175, 0.9747947935290273, 0.30085602812086043, 0.9840802714016255, 0.921201303219206, 0.9476864423655552, 0.9045504559868925, 0.3093658497538058, 0.8830800464683889, 0.9346186084235727, 0.9220529088934555, 0.961964091437551, 0.0029170555442347285, 0.05578278208150694, 0.010065090082935102, 0.6671972794048942, 0.9505046140663113, 0.015954258759184548, 0.15169231968334104, 0.011997164880209632, 0.15560446189584348, 0.04346992945030989, 0.2171759511176082, 0.044473104932841796, 0.9948042386375815, 0.9396903062184039, 0.5056374715849923, 0.9639836440881059, 0.011047467379436592, 0.9555914505005085, 0.9000185234454139, 0.3726392003589622, 0.5906794045736131, 0.5168454450721497, 0.9089433153075757, 0.034795992301014364, 0.8192897403005616, 0.9841459007346034, 0.9281308623100304, 0.12002062492201893, 0.5771354847223282, 0.12087469072040073, 0.9687764745576141, 0.9338787348685513, 0.02429495452900999, 0.016070319004598283, 0.6340848958427464, 0.670591602426442, 0.4346343169804604, 0.003707938635435514, 0.5303345744179422, 0.9348851898080304, 0.3299053923713492, 0.9848981737596897, 0.46440010584397073, 0.021344918864171013, 0.6751458413185916, 0.3098137429709467, 0.6337023305530243, 0.10049296088081346, 0.9172477961679268, 0.9443132408952198, 0.09229148022542044], BATTLES: 266-163-245-421-280-297-357-275-316-
24, 4, -2589.0, [0.0999510890583489, 0.9611172230270353, 0.4738791877006471, 0.8888970485620306, 0.8885795951645827, 0.7314115894886111, 0.9346688559678277, 0.27272437668511484, 0.6357160330742072, 0.9309367490960021, 0.971383810415849, 0.9309508592600212, 0.031795462264345695, 0.0178807568845627, 0.3731750481387019, 0.4558415193525339, 0.9130917270426152, 0.24173657422567332, 0.5151152802168456, 0.05563177721056779, 0.057645921223498375, 0.0023470531714557628, 0.3115000431797805, 0.1342804904326734, 0.9461305468018942, 0.9940776930458287, 0.8072778399133229, 0.29221631617315236, 0.12269807931899497, 0.6745395451737956, 0.986844706860671, 0.10229854216182083, 0.4487876660905432, 0.5737903626681858, 0.8939344825340944, 0.0014293606902680712, 0.9993482199286375, 0.9043177607379227, 0.38433287921259174, 0.2170430154737461, 0.8975054031205894, 0.7763650645998148, 0.9819472016891444, 0.9633832724241999, 0.03703169942693928, 0.014696021574584647, 0.8053380935038931, 0.9313565405853407, 0.9019213220139574, 0.06168376193276615, 0.24116502201888984, 0.960624858127932, 0.7306380277835735, 0.9696783665559127, 0.39702922320458156, 0.1307276674765377, 0.8086659327723409, 0.3663499686559332, 0.4730688483887926, 0.501655526492554, 0.9482718974373645, 0.8674695639460022, 0.062439479492374494], BATTLES: 298-184-229-429-278-303-348-254-266-
24, 5, -2628.0, [0.2605116040278961, 0.9565474967504028, 0.21235447648489303, 0.9116754740367456, 0.9039239576448924, 0.6513002283435328, 0.8263282407491068, 0.6964975923052942, 0.8504766245605009, 0.9203996409797242, 0.9669039814716935, 0.3421509946237315, 0.3529532312612471, 0.04277316590967371, 0.0586657383987284, 0.6067386540944063, 0.9957500462334424, 0.15981129464783927, 0.20180713493229507, 0.027814338836230662, 0.1546737706356478, 0.00377306326894064, 0.2950904768798883, 0.07008343087373606, 0.9180236988438377, 0.972842123021977, 0.3685397524234856, 0.9413342533071752, 0.027837334091044153, 0.6201538795849704, 0.8166683417125035, 0.09094753214136828, 0.4113524591974716, 0.3725283634592963, 0.9532479249679398, 0.021729858717128098, 0.9073334649306056, 0.9460098593412879, 0.7704093930935324, 0.16247265432006963, 0.6776164630939563, 0.162573059850047, 0.9707460806532302, 0.9969850475583268, 0.06335335599654272, 0.03532040612775242, 0.7028693672795542, 0.8057669396174376, 0.8304551859028405, 0.026085861509812465, 0.32467404067778666, 0.8560700227282905, 0.8402918119197832, 0.991008265295265, 0.3708622166220661, 0.03079403721933656, 0.683147506241549, 0.46739427243718745, 0.6340839635124366, 0.3480160964794472, 0.9097721224608302, 0.905479242580046, 0.06209192678955395], BATTLES: 287-177-209-399-297-300-375-298-286-
24, 6, -2648.0, [0.13015298098879605, 0.9962015213440787, 0.16260367464135211, 0.896224825642379, 0.9139418192928388, 0.9663346513935116, 0.8736623752152298, 0.37669158742933456, 0.8435045966024401, 0.7845891179883937, 0.97310850690563, 0.967388885428452, 0.060604451199037616, 0.20063886825612398, 0.5190428655747005, 0.36703638302782104, 0.9770264527846193, 0.07007283721660035, 0.5413022538600771, 0.05102483517657044, 0.13999508061895782, 0.0004063048117160864, 0.6369332706984098, 0.09338536363756007, 0.9713111103667159, 0.9969885262855983, 0.6660392891854018, 0.8661741787799947, 0.12387037228968734, 0.9136767160124275, 0.8728047135900528, 0.0056091266353970465, 0.9558351895673058, 0.8262515106252383, 0.8884355533441743, 0.00090326724335755, 0.92582023267787, 0.8857257016213137, 0.8796632732834095, 0.3595928782457256, 0.9229944266997445, 0.457780672133834, 0.9989853508016792, 0.9890850509608208, 0.04391408760498782, 0.0023793018721555564, 0.7800664200585905, 0.8846778710472557, 0.6302737965416383, 0.014435595521951831, 0.6324903014959116, 0.9853343578045893, 0.4527250445170894, 0.9810996843140818, 0.4841633753694171, 0.03208953864953081, 0.7542027315239167, 0.5014445528553058, 0.6191196490048494, 0.4426563364514362, 0.9340390714976629, 0.9890967569891066, 0.004491757120096869], BATTLES: 300-160-231-432-316-305-360-259-285-
24, 7, -2651.0, [0.1705239887579566, 0.9675868415167199, 0.2783119915970469, 0.7849544511752586, 0.8665125043397572, 0.46087861083674725, 0.7702230386406543, 0.6326403835060032, 0.7420445576025141, 0.7753938684940858, 0.7252081670278683, 0.8657045836357184, 0.03529721260360797, 0.24519812833559732, 0.5092187513255289, 0.5073031781003747, 0.9885437505389426, 0.3519544289457997, 0.2983145916087562, 0.0026631528802478193, 0.4972400969597449, 0.0302126414107725, 0.2879240731422716, 0.08915488912833093, 0.9328461972169144, 0.897607149821246, 0.5853500354694535, 0.9965533309443066, 0.1562184942226519, 0.8256766520576223, 0.9182749948811, 0.08856033229633459, 0.5120745371510897, 0.7875345553180495, 0.9814431607543801, 0.012289073091322177, 0.9103994486569774, 0.8262626281467067, 0.9322889189384969, 0.26273734761331774, 0.7748370150823006, 0.058920869054363334, 0.9408343019560884, 0.8611336623566135, 0.04465162752350945, 0.011765650890702889, 0.666266698386581, 0.7615259242974703, 0.4717107370320705, 0.0024833672836946166, 0.7041705046141551, 0.5226691908490448, 0.5705346214410143, 0.9617980385620514, 0.4605754432333593, 0.10311015082044081, 0.7624855814503837, 0.38772860126974756, 0.606595117911102, 0.4451811890477564, 0.8732495087412715, 0.9791959257917184, 0.09130183820171864], BATTLES: 286-153-212-416-323-316-381-291-273-
24, 8, -2728.0, [0.006516338675411765, 0.9933550758549838, 0.12409196386889876, 0.9744825537541237, 0.9149540034986244, 0.5974077381310577, 0.9275786990054514, 0.5666944609895457, 0.8059797579882718, 0.9996614824831265, 0.7857293873613304, 0.6265896357935936, 0.017808221576317305, 0.10029637394206117, 0.1511876618513534, 0.5450964429729813, 0.9246208752990954, 0.14553645040242663, 0.27111324293336836, 0.06001947604744977, 0.11658150123755989, 0.03042651472613469, 0.2080511539677189, 0.08624361905699929, 0.9517333001119418, 0.8653581008234982, 0.2610280678304739, 0.9734954484805926, 0.11951143692640595, 0.79980212540161, 0.8864690631157859, 0.4380826887656324, 0.8647131709309377, 0.6473522328226582, 0.9875496538783742, 0.0035216433204762637, 0.8341256368784472, 0.9424591258477947, 0.9495129031175901, 0.11155169605309659, 0.6905647182675263, 0.015258392259663744, 0.9835842669172163, 0.9268014183175505, 0.06093266877819425, 0.006317275053004265, 0.6948142912315416, 0.6846521835734305, 0.491333920690206, 0.014480206272089237, 0.7230654286201472, 0.9989420939206969, 0.6365380041030012, 0.9989635399684171, 0.4229379930588925, 0.01915603289154466, 0.6329689381732757, 0.36230467163999186, 0.42974372925860993, 0.33841645321548786, 0.9173455530733112, 0.9300438596470764, 0.12688582301208423], BATTLES: 307-163-216-425-321-316-382-293-305-
24, 9, -2705.0, [0.16999076922343068, 0.996241685067998, 0.0056471035784091544, 0.8606871767520191, 0.8950454696972149, 0.5875119450942667, 0.88152192082772, 0.43281951962964554, 0.9240991338066719, 0.9415715914690661, 0.8839005362105761, 0.9123176145579106, 0.04587988375354773, 0.09655797962085033, 0.0876349164475636, 0.5925393456348894, 0.992121078825612, 0.4052843431023732, 0.22241342453723428, 0.003678603636476461, 0.18579530933563596, 0.02960648397740448, 0.2431423561883886, 0.014163326683797398, 0.9868143420713495, 0.8651986232289391, 0.10446357542816115, 0.9569415763520037, 0.03503678831859221, 0.8684988411317871, 0.9230683953178295, 0.03860338813323649, 0.4944647907616803, 0.6254527980305444, 0.9977073437169988, 0.01698092347297115, 0.9128205444398197, 0.9199107875865162, 0.9026149365639925, 0.16664902997726663, 0.6741812761858912, 0.19792161404310787, 0.9957066221652087, 0.8805324490909265, 0.020521306886753778, 0.043095984713021056, 0.6914565516315352, 0.8079587485074885, 0.6981683069047184, 0.013914655447529917, 0.5559412855491972, 0.9846319641195085, 0.7949578906821969, 0.999403652562287, 0.37916988564855736, 0.024559462617116324, 0.7172866838507577, 0.4283826728524361, 0.5507650957935801, 0.3674048123671572, 0.8828584628798893, 0.8570309407369148, 0.06279400362662844], BATTLES: 304-170-242-439-312-311-369-240-318-
24, 10, -2564.0, [0.25715054388375547, 0.9552546615790635, 0.13178174341011434, 0.905486773876806, 0.9349775701709463, 0.9856472633904727, 0.972912437910815, 0.5513710121134491, 0.8296992848778605, 0.8624438689009764, 0.8379202148486793, 0.8736730953151577, 0.15699927637069638, 0.0020415505385760896, 0.13175825217807957, 0.6390734385996432, 0.9894557750104453, 0.6608931859153315, 0.5571051363159794, 0.025874789551501416, 0.33176469630976047, 0.02384723472462274, 0.0760386180718059, 0.026237705479818477, 0.9716161353545257, 0.9425935869018895, 0.5839961140973617, 0.8048637076260987, 0.07415290637984653, 0.6913403470340683, 0.9050317551062214, 0.2433516094552185, 0.7009582826315962, 0.7411815708808713, 0.817125504966257, 0.052665000140505194, 0.8124847437352748, 0.9904568264252274, 0.6611749136365367, 0.21277000714461494, 0.7383546424753927, 0.05338617780022646, 0.9674645034816587, 0.7646114505350826, 0.0398193321659179, 0.20178118884161877, 0.6890476539276129, 0.7342742300647961, 0.7098377000282838, 0.07644322098075224, 0.3923657378659249, 0.9395600760840043, 0.4732581888370351, 0.9608790649059209, 0.460562168928319, 0.08692325326919442, 0.6435470112811502, 0.19115180503668747, 0.3917534533086911, 0.013616527726529326, 0.986662157527745, 0.7378869832245479, 0.06055646008943592], BATTLES: 302-179-206-408-271-283-361-265-289-
24, 11, -2642.0, [0.08753826181424404, 0.9607710496193337, 0.12129384557251793, 0.94957492446578, 0.9268885430510556, 0.9023197586525612, 0.9920086638486088, 0.44817081954937066, 0.6653765017226657, 0.975737474007436, 0.8148326858239198, 0.9564797150261657, 0.03325998606916823, 0.0681566127268181, 0.0037395381953042733, 0.42801885101793935, 0.9731233174158278, 0.37665213747968956, 0.43396177105606787, 0.02250884318019763, 0.031708185807071194, 0.0013736055402912388, 0.5146549042435479, 0.17626804462859666, 0.93167587892891, 0.995530205229064, 0.4617111443165778, 0.9624097837247358, 0.03133078666416998, 0.972287629861113, 0.8785612207446913, 0.15364337665511352, 0.6082445745127537, 0.9370733250233332, 0.9198686255626208, 0.00040570220207439446, 0.7588212642052408, 0.9884707361943312, 0.9919442729538062, 0.2873291276350303, 0.6423735267960414, 0.006424423459050671, 0.9799878237908756, 0.8745005244830582, 0.01941468373985239, 0.027450364752770674, 0.5991575069786034, 0.7623048863555459, 0.7163542293463239, 0.006847912660868382, 0.6872116920747539, 0.9262904822267372, 0.8993314888477335, 0.9971974298325507, 0.4430002811981664, 0.08443013810301422, 0.5890243411871754, 0.43936678263923096, 0.09273023009374859, 0.029227553723481958, 0.8402190401905113, 0.760467902483168, 0.04113847991525149], BATTLES: 298-158-212-411-292-310-366-260-294-
24, 12, -2603.0, [0.18404667246327738, 0.702577488322645, 0.23795101819481007, 0.9731846411996564, 0.9065913337835678, 0.5271084578658962, 0.8320191178630175, 0.5716140255832861, 0.5376681523309005, 0.9195965509684599, 0.5192350812991998, 0.9296723498297417, 0.05739969132732204, 0.010149961018151386, 0.40283934650983333, 0.735364583979743, 0.9941733453596268, 0.41132860258326365, 0.25060151715703355, 0.008648742369925973, 0.36008730118121973, 0.025766330915515383, 0.04635572032433341, 0.06514299370289205, 0.9647214087065437, 0.9611198939517551, 0.5319669887659259, 0.8116751295360509, 0.13083525747657138, 0.8947212724766747, 0.9522540590619597, 0.17801726033043808, 0.7231281923429675, 0.634712118161521, 0.886832754777686, 0.13968349345768558, 0.7258312320713661, 0.8038756936816753, 0.9236926226560332, 0.0901281543065334, 0.9923056694104, 0.17054316169280767, 0.923732054009616, 0.9483139494329855, 0.027043602572103878, 0.09138472444067701, 0.9136235534915865, 0.7842505348263221, 0.8561645633325224, 0.002318336716747124, 0.38089924157296623, 0.9110892074860999, 0.7264749187696927, 0.9053857917769244, 0.2123592240450795, 0.006853988040685124, 0.800228982124376, 0.5495437790063613, 0.4220572549771803, 0.4934256237200172, 0.8365669259382819, 0.8866148331253114, 0.01710830494445803], BATTLES: 301-165-225-406-315-328-352-244-267-
24, 13, -2671.0, [0.2627998693317431, 0.996397304552064, 0.11300038259979356, 0.9315938482255478, 0.8645240434887681, 0.9502235453719559, 0.9171553862912728, 0.32626752268657233, 0.9479963944866079, 0.8884236410323212, 0.9648199314167257, 0.8619321440928326, 0.17784394951333324, 0.004384697396642115, 0.25629139301713866, 0.6405378951801478, 0.9449917080767167, 0.6812295833289155, 0.07744964267210033, 0.024933874608221707, 0.34902540662393167, 0.038539999548815804, 0.3691464692601405, 0.04038568405208081, 0.9845651910512208, 0.9284206230831388, 0.20840339985651637, 0.8945303558998783, 0.05684920627344747, 0.6833207474446641, 0.8883507159168822, 0.48033454251108293, 0.5842757901719406, 0.8116241265003833, 0.8322475942309636, 0.03248143899929286, 0.7657985951207108, 0.9916572792381738, 0.7281860207476709, 0.21655552417084542, 0.6635376347508367, 0.30700121749034304, 0.9701834627041263, 0.8483975420319678, 0.02380042862148584, 0.1372396765291049, 0.6131352859212134, 0.6390702251785405, 0.6746018368166176, 0.013229287968215781, 0.35905481549625484, 0.9365171436208366, 0.9190166947934907, 0.990520581319885, 0.46883600871610787, 0.0003495589159333134, 0.5935960292365206, 0.49022755405199014, 0.885656150254656, 0.4229125518052942, 0.9385064115795434, 0.9656088184766822, 0.06161453550609933], BATTLES: 296-151-209-411-278-280-379-304-299-
24, 14, -2617.0, [0.049168823921464086, 0.9779775709237977, 0.21301327217516916, 0.8895655622811566, 0.8797640016709488, 0.9618085754503705, 0.9606786617568637, 0.18903335844727862, 0.8533945378917395, 0.9351389063565191, 0.9020163816108386, 0.9904738569285854, 0.03180314166193008, 0.04674165940523854, 0.29937910779704147, 0.6244394027979558, 0.9817080385869723, 0.1785920314851911, 0.23576987273911978, 0.011385089073647426, 0.04062941817596242, 0.028723857026201637, 0.13851720968234504, 0.01793631935529801, 0.9733251446583273, 0.9922199836612685, 0.5007010405193585, 0.9730532486793613, 0.031155676803122503, 0.9828746569532472, 0.9622364148244127, 0.13540388836824874, 0.6739308115791935, 0.8234841012263424, 0.9738292275423434, 0.015066437850327161, 0.8904122925094864, 0.9573654545291124, 0.9724463202388128, 0.07818936437426326, 0.8771467716611491, 0.0863362909001151, 0.9857132572145115, 0.9788567138417069, 0.015403598750908744, 0.11825418141613286, 0.2860363802759203, 0.708905926868366, 0.5624214954628819, 0.020030510140622324, 0.8301975793807072, 0.9794781655261844, 0.6819449781100194, 0.9912420601990758, 0.32195051766677485, 0.020972615999948246, 0.6314709841355894, 0.2813619085434137, 0.12710246831888744, 0.4902766361919275, 0.9311481109078679, 0.9303598430184953, 0.08545412118530185], BATTLES: 283-165-236-410-299-313-349-250-297-
25, 0, -2708.0, [0.030278782858512328, 0.9720549149148326, 0.10712212486132916, 0.9597177456879709, 0.8922062058897413, 0.8330188758506922, 0.9533387130549695, 0.22636441611617442, 0.8261541338904796, 0.9764900917407546, 0.8284315870424764, 0.7128463355409264, 0.04404358343509452, 0.012546922487061907, 0.3219590322646744, 0.5580037315010999, 0.9430309420846541, 0.0809945426978089, 0.3238772897288432, 0.0272974497837651, 0.09744863459026376, 0.015759392200164726, 0.4473059356633534, 0.043257208631188475, 0.932845652482002, 0.9980462317502068, 0.301222818614175, 0.9099665392109009, 0.06894197134359503, 0.9243843765648787, 0.9439351187239735, 0.12552999146880034, 0.5129021162108288, 0.5565554298426412, 0.7722164227216434, 0.0024350576924367156, 0.933982451176521, 0.9439165433366281, 0.6856730662480542, 0.2699497941239885, 0.7968089456145601, 0.29869869905936125, 0.9781189065408558, 0.8717454975713648, 0.06616151966168846, 0.00030362726007888974, 0.6703681368773574, 0.7336887254048919, 0.8129511658344447, 0.003862545095174174, 0.6570610965347466, 0.9932594921441411, 0.7280568172960473, 0.9952790498985374, 0.40955110360622116, 0.08720498792357577, 0.5600052995302057, 0.29160936499310397, 0.46020570035758745, 0.28572258746400037, 0.9348286004485714, 0.7858834473083005, 0.01585514874883826], BATTLES: 291-170-236-427-300-308-356-238-317-
25, 1, -2642.0, [0.2174112185975799, 0.9859463739129224, 0.17252502006599152, 0.9319938259554994, 0.859477814825067, 0.7240621595640813, 0.8768371847983302, 0.8113792901273551, 0.8453336472935522, 0.9608800097527156, 0.8999402756979833, 0.7513952862568487, 0.2152476237051265, 0.06600943660777261, 0.2886212160106738, 0.6225019961332918, 0.9523718639103465, 0.1433501640615472, 0.1400366449753116, 0.049987091904911435, 0.3180625010142134, 0.012309585579863162, 0.40179645916133216, 0.09640627749853208, 0.9588311469073991, 0.8821972184573899, 0.29256925905394, 0.9811544216002134, 0.18305340184111263, 0.6541829930011133, 0.8515790655016718, 0.2775328237932929, 0.5504077400896825, 0.5737734053631863, 0.9021954933713743, 0.04611691430540202, 0.8771914298016718, 0.9829913047783205, 0.8333738956597633, 0.11242985740692002, 0.47495235188386625, 0.1795079834888499, 0.9546493651755045, 0.8742874558943928, 0.04655462470955867, 0.0644986291243562, 0.666244338595549, 0.6329590163040553, 0.5512144331556568, 0.012260016043925915, 0.2818706124973912, 0.9741799108009306, 0.49025983169459286, 0.9891479288497098, 0.3868178802883393, 0.028170840068611067, 0.5287747155106689, 0.2968485201724621, 0.7391017512186263, 0.1607889577538209, 0.8697797530190402, 0.816171540528603, 0.14978269520607074], BATTLES: 284-171-187-422-294-314-391-299-280-
25, 2, -2644.0, [0.04326249070302807, 0.9976390473803126, 0.015164676540799137, 0.867086664096264, 0.981706371779996, 0.79033599164593, 0.970330322685379, 0.17538180525095529, 0.8523125819257287, 0.9702155507665688, 0.7931464718942476, 0.9421528704811051, 0.029126582226229023, 0.10106207220927123, 0.14952365717241276, 0.5714003855092148, 0.9939607873631042, 0.5786162999960447, 0.2263283639782965, 0.006135142464556241, 0.16117751650086742, 0.019427834815698975, 0.4320124273445778, 0.0014757041006405996, 0.9463962559966733, 0.9618200410093622, 0.1634979451827127, 0.9977313026247165, 0.004244184028526869, 0.9764098136138943, 0.9094177605062068, 0.34133091567941654, 0.6295729233559939, 0.755156480970058, 0.9700625640195372, 0.008070041819212653, 0.822244851824705, 0.9500873658236265, 0.9808738067306677, 0.11191180555760125, 0.7623971674368617, 0.010361433393916535, 0.9733370996652557, 0.9054630640236131, 0.019312949496185557, 0.0056369778650315824, 0.6385138090363112, 0.8084922024023152, 0.6061878258170247, 0.00121287022101536, 0.8349527838839543, 0.9608272118726029, 0.9744812553259884, 0.9990256205835817, 0.3949635713947799, 0.022773424801035932, 0.5897193751775468, 0.5671110399170142, 0.2810770976376802, 0.16485497784400857, 0.8456928526084537, 0.9600672750403073, 0.1446814745649706], BATTLES: 308-159-211-420-284-313-366-265-303-
25, 3, -2685.0, [0.21391939653732175, 0.9747947935290273, 0.30085602812086043, 0.9840802714016255, 0.921201303219206, 0.9476864423655552, 0.9045504559868925, 0.3093658497538058, 0.8830800464683889, 0.9346186084235727, 0.9220529088934555, 0.961964091437551, 0.0029170555442347285, 0.05578278208150694, 0.010065090082935102, 0.6671972794048942, 0.9505046140663113, 0.015954258759184548, 0.15169231968334104, 0.011997164880209632, 0.15560446189584348, 0.04346992945030989, 0.2171759511176082, 0.044473104932841796, 0.9948042386375815, 0.9396903062184039, 0.5056374715849923, 0.9639836440881059, 0.011047467379436592, 0.9555914505005085, 0.9000185234454139, 0.3726392003589622, 0.5906794045736131, 0.5168454450721497, 0.9089433153075757, 0.034795992301014364, 0.8192897403005616, 0.9841459007346034, 0.9281308623100304, 0.12002062492201893, 0.5771354847223282, 0.12087469072040073, 0.9687764745576141, 0.9338787348685513, 0.02429495452900999, 0.016070319004598283, 0.6340848958427464, 0.670591602426442, 0.4346343169804604, 0.003707938635435514, 0.5303345744179422, 0.9348851898080304, 0.3299053923713492, 0.9848981737596897, 0.46440010584397073, 0.021344918864171013, 0.6751458413185916, 0.3098137429709467, 0.6337023305530243, 0.10049296088081346, 0.9172477961679268, 0.9443132408952198, 0.09229148022542044], BATTLES: 304-167-198-437-307-308-358-306-300-
25, 4, -2614.0, [0.0999510890583489, 0.9611172230270353, 0.4738791877006471, 0.8888970485620306, 0.8885795951645827, 0.7314115894886111, 0.9346688559678277, 0.27272437668511484, 0.6357160330742072, 0.9309367490960021, 0.971383810415849, 0.9309508592600212, 0.031795462264345695, 0.0178807568845627, 0.3731750481387019, 0.4558415193525339, 0.9130917270426152, 0.24173657422567332, 0.5151152802168456, 0.05563177721056779, 0.057645921223498375, 0.0023470531714557628, 0.3115000431797805, 0.1342804904326734, 0.9461305468018942, 0.9940776930458287, 0.8072778399133229, 0.29221631617315236, 0.12269807931899497, 0.6745395451737956, 0.986844706860671, 0.10229854216182083, 0.4487876660905432, 0.5737903626681858, 0.8939344825340944, 0.0014293606902680712, 0.9993482199286375, 0.9043177607379227, 0.38433287921259174, 0.2170430154737461, 0.8975054031205894, 0.7763650645998148, 0.9819472016891444, 0.9633832724241999, 0.03703169942693928, 0.014696021574584647, 0.8053380935038931, 0.9313565405853407, 0.9019213220139574, 0.06168376193276615, 0.24116502201888984, 0.960624858127932, 0.7306380277835735, 0.9696783665559127, 0.39702922320458156, 0.1307276674765377, 0.8086659327723409, 0.3663499686559332, 0.4730688483887926, 0.501655526492554, 0.9482718974373645, 0.8674695639460022, 0.062439479492374494], BATTLES: 306-174-232-419-267-323-343-263-287-
25, 5, -2665.0, [0.2605116040278961, 0.9565474967504028, 0.21235447648489303, 0.9116754740367456, 0.9039239576448924, 0.6513002283435328, 0.8263282407491068, 0.6964975923052942, 0.8504766245605009, 0.9203996409797242, 0.9669039814716935, 0.3421509946237315, 0.3529532312612471, 0.04277316590967371, 0.0586657383987284, 0.6067386540944063, 0.9957500462334424, 0.15981129464783927, 0.20180713493229507, 0.027814338836230662, 0.1546737706356478, 0.00377306326894064, 0.2950904768798883, 0.07008343087373606, 0.9180236988438377, 0.972842123021977, 0.3685397524234856, 0.9413342533071752, 0.027837334091044153, 0.6201538795849704, 0.8166683417125035, 0.09094753214136828, 0.4113524591974716, 0.3725283634592963, 0.9532479249679398, 0.021729858717128098, 0.9073334649306056, 0.9460098593412879, 0.7704093930935324, 0.16247265432006963, 0.6776164630939563, 0.162573059850047, 0.9707460806532302, 0.9969850475583268, 0.06335335599654272, 0.03532040612775242, 0.7028693672795542, 0.8057669396174376, 0.8304551859028405, 0.026085861509812465, 0.32467404067778666, 0.8560700227282905, 0.8402918119197832, 0.991008265295265, 0.3708622166220661, 0.03079403721933656, 0.683147506241549, 0.46739427243718745, 0.6340839635124366, 0.3480160964794472, 0.9097721224608302, 0.905479242580046, 0.06209192678955395], BATTLES: 309-147-228-394-315-330-352-308-282-
25, 6, -2608.0, [0.06507649049439802, 0.9981007606720393, 0.1497822291811323, 0.896224825642379, 0.9569709096464194, 0.9831673256967558, 0.936831187607615, 0.18834579371466728, 0.9565469294174168, 0.8928085558929284, 0.986554253452815, 0.967388885428452, 0.030302225599518808, 0.020507034082501513, 0.5190428655747005, 0.3307595416723507, 0.9885132263923097, 0.05576642184073216, 0.5413022538600771, 0.05102483517657044, 0.06999754030947891, 0.0004063048117160864, 0.4265647976221948, 0.057770604348142, 0.9713111103667159, 0.9984942631427991, 0.6660392891854018, 0.6489521690178538, 0.009960381407194588, 0.9568383580062138, 0.9364023567950264, 0.0056091266353970465, 0.9558351895673058, 0.8090111540892053, 0.9442177766720872, 0.000451633621678775, 0.962910116338935, 0.8857257016213137, 0.8971554719003889, 0.21381940252244805, 0.9229944266997445, 0.33865351028354834, 0.9989853508016792, 0.9673256880948446, 0.04391408760498782, 0.0023793018721555564, 0.7430469917017803, 0.9423389355236278, 0.7349700117758402, 0.007217797760975916, 0.6324903014959116, 0.9926671789022947, 0.7263625222585447, 0.9905498421570409, 0.6652388713974275, 0.016044769324765406, 0.7542027315239167, 0.526791306067733, 0.3711576215860536, 0.40298604461442494, 0.9340390714976629, 0.9890967569891066, 0.004491757120096869], BATTLES: 286-168-247-411-295-318-332-250-298-
25, 7, -2645.0, [0.1705239887579566, 0.9675868415167199, 0.2783119915970469, 0.7849544511752586, 0.8665125043397572, 0.46087861083674725, 0.7702230386406543, 0.6326403835060032, 0.7420445576025141, 0.7753938684940858, 0.7252081670278683, 0.8657045836357184, 0.03529721260360797, 0.24519812833559732, 0.5092187513255289, 0.5073031781003747, 0.9885437505389426, 0.3519544289457997, 0.2983145916087562, 0.0026631528802478193, 0.4972400969597449, 0.0302126414107725, 0.2879240731422716, 0.08915488912833093, 0.9328461972169144, 0.897607149821246, 0.5853500354694535, 0.9965533309443066, 0.1562184942226519, 0.8256766520576223, 0.9182749948811, 0.08856033229633459, 0.5120745371510897, 0.7875345553180495, 0.9814431607543801, 0.012289073091322177, 0.9103994486569774, 0.8262626281467067, 0.9322889189384969, 0.26273734761331774, 0.7748370150823006, 0.058920869054363334, 0.9408343019560884, 0.8611336623566135, 0.04465162752350945, 0.011765650890702889, 0.666266698386581, 0.7615259242974703, 0.4717107370320705, 0.0024833672836946166, 0.7041705046141551, 0.5226691908490448, 0.5705346214410143, 0.9617980385620514, 0.4605754432333593, 0.10311015082044081, 0.7624855814503837, 0.38772860126974756, 0.606595117911102, 0.4451811890477564, 0.8732495087412715, 0.9791959257917184, 0.09130183820171864], BATTLES: 306-150-209-422-307-326-355-275-295-
25, 8, -2612.0, [0.006516338675411765, 0.9933550758549838, 0.12409196386889876, 0.9744825537541237, 0.9149540034986244, 0.5974077381310577, 0.9275786990054514, 0.5666944609895457, 0.8059797579882718, 0.9996614824831265, 0.7857293873613304, 0.6265896357935936, 0.017808221576317305, 0.10029637394206117, 0.1511876618513534, 0.5450964429729813, 0.9246208752990954, 0.14553645040242663, 0.27111324293336836, 0.06001947604744977, 0.11658150123755989, 0.03042651472613469, 0.2080511539677189, 0.08624361905699929, 0.9517333001119418, 0.8653581008234982, 0.2610280678304739, 0.9734954484805926, 0.11951143692640595, 0.79980212540161, 0.8864690631157859, 0.4380826887656324, 0.8647131709309377, 0.6473522328226582, 0.9875496538783742, 0.0035216433204762637, 0.8341256368784472, 0.9424591258477947, 0.9495129031175901, 0.11155169605309659, 0.6905647182675263, 0.015258392259663744, 0.9835842669172163, 0.9268014183175505, 0.06093266877819425, 0.006317275053004265, 0.6948142912315416, 0.6846521835734305, 0.491333920690206, 0.014480206272089237, 0.7230654286201472, 0.9989420939206969, 0.6365380041030012, 0.9989635399684171, 0.4229379930588925, 0.01915603289154466, 0.6329689381732757, 0.36230467163999186, 0.42974372925860993, 0.33841645321548786, 0.9173455530733112, 0.9300438596470764, 0.12688582301208423], BATTLES: 279-167-236-407-280-327-345-296-275-
25, 9, -2608.0, [0.16999076922343068, 0.996241685067998, 0.0056471035784091544, 0.8606871767520191, 0.8950454696972149, 0.5875119450942667, 0.88152192082772, 0.43281951962964554, 0.9240991338066719, 0.9415715914690661, 0.8839005362105761, 0.9123176145579106, 0.04587988375354773, 0.09655797962085033, 0.0876349164475636, 0.5925393456348894, 0.992121078825612, 0.4052843431023732, 0.22241342453723428, 0.003678603636476461, 0.18579530933563596, 0.02960648397740448, 0.2431423561883886, 0.014163326683797398, 0.9868143420713495, 0.8651986232289391, 0.10446357542816115, 0.9569415763520037, 0.03503678831859221, 0.8684988411317871, 0.9230683953178295, 0.03860338813323649, 0.4944647907616803, 0.6254527980305444, 0.9977073437169988, 0.01698092347297115, 0.9128205444398197, 0.9199107875865162, 0.9026149365639925, 0.16664902997726663, 0.6741812761858912, 0.19792161404310787, 0.9957066221652087, 0.8805324490909265, 0.020521306886753778, 0.043095984713021056, 0.6914565516315352, 0.8079587485074885, 0.6981683069047184, 0.013914655447529917, 0.5559412855491972, 0.9846319641195085, 0.7949578906821969, 0.999403652562287, 0.37916988564855736, 0.024559462617116324, 0.7172866838507577, 0.4283826728524361, 0.5507650957935801, 0.3674048123671572, 0.8828584628798893, 0.8570309407369148, 0.06279400362662844], BATTLES: 298-169-242-432-263-301-358-249-296-
25, 10, -2602.0, [0.25715054388375547, 0.9552546615790635, 0.13178174341011434, 0.905486773876806, 0.9349775701709463, 0.9856472633904727, 0.972912437910815, 0.5513710121134491, 0.8296992848778605, 0.8624438689009764, 0.8379202148486793, 0.8736730953151577, 0.15699927637069638, 0.0020415505385760896, 0.13175825217807957, 0.6390734385996432, 0.9894557750104453, 0.6608931859153315, 0.5571051363159794, 0.025874789551501416, 0.33176469630976047, 0.02384723472462274, 0.0760386180718059, 0.026237705479818477, 0.9716161353545257, 0.9425935869018895, 0.5839961140973617, 0.8048637076260987, 0.07415290637984653, 0.6913403470340683, 0.9050317551062214, 0.2433516094552185, 0.7009582826315962, 0.7411815708808713, 0.817125504966257, 0.052665000140505194, 0.8124847437352748, 0.9904568264252274, 0.6611749136365367, 0.21277000714461494, 0.7383546424753927, 0.05338617780022646, 0.9674645034816587, 0.7646114505350826, 0.0398193321659179, 0.20178118884161877, 0.6890476539276129, 0.7342742300647961, 0.7098377000282838, 0.07644322098075224, 0.3923657378659249, 0.9395600760840043, 0.4732581888370351, 0.9608790649059209, 0.460562168928319, 0.08692325326919442, 0.6435470112811502, 0.19115180503668747, 0.3917534533086911, 0.013616527726529326, 0.986662157527745, 0.7378869832245479, 0.06055646008943592], BATTLES: 307-168-198-425-281-321-358-265-279-
25, 11, -2655.0, [0.08753826181424404, 0.9607710496193337, 0.12129384557251793, 0.94957492446578, 0.9268885430510556, 0.9023197586525612, 0.9920086638486088, 0.44817081954937066, 0.6653765017226657, 0.975737474007436, 0.8148326858239198, 0.9564797150261657, 0.03325998606916823, 0.0681566127268181, 0.0037395381953042733, 0.42801885101793935, 0.9731233174158278, 0.37665213747968956, 0.43396177105606787, 0.02250884318019763, 0.031708185807071194, 0.0013736055402912388, 0.5146549042435479, 0.17626804462859666, 0.93167587892891, 0.995530205229064, 0.4617111443165778, 0.9624097837247358, 0.03133078666416998, 0.972287629861113, 0.8785612207446913, 0.15364337665511352, 0.6082445745127537, 0.9370733250233332, 0.9198686255626208, 0.00040570220207439446, 0.7588212642052408, 0.9884707361943312, 0.9919442729538062, 0.2873291276350303, 0.6423735267960414, 0.006424423459050671, 0.9799878237908756, 0.8745005244830582, 0.01941468373985239, 0.027450364752770674, 0.5991575069786034, 0.7623048863555459, 0.7163542293463239, 0.006847912660868382, 0.6872116920747539, 0.9262904822267372, 0.8993314888477335, 0.9971974298325507, 0.4430002811981664, 0.08443013810301422, 0.5890243411871754, 0.43936678263923096, 0.09273023009374859, 0.029227553723481958, 0.8402190401905113, 0.760467902483168, 0.04113847991525149], BATTLES: 291-170-214-425-295-322-366-275-297-
25, 12, -2587.0, [0.18404667246327738, 0.8858545611491335, 0.13789480937914592, 0.9731846411996564, 0.8208520239985988, 0.5271084578658962, 0.8320191178630175, 0.5716140255832861, 0.7948198529075321, 0.8934734820036104, 0.6131074958027974, 0.9648361749148708, 0.05739969132732204, 0.18388100147816916, 0.40283934650983333, 0.735364583979743, 0.9970866726798133, 0.5232657886873818, 0.11274698465677144, 0.004324371184962986, 0.46130314954990764, 0.04170990835268219, 0.11379390785638097, 0.06514299370289205, 0.9869257855821109, 0.9611198939517551, 0.4052365280927225, 0.9322657858951842, 0.13083525747657138, 0.8947212724766747, 0.9322620688759582, 0.09272489622260724, 0.7231281923429675, 0.8543636260905758, 0.9986033422992782, 0.0617633823448047, 0.7258312320713661, 0.8016428687758066, 0.9618463113280167, 0.0976516646694366, 0.7337682361970966, 0.08527158084640384, 0.9913583232444254, 0.9483139494329855, 0.01187152649540991, 0.09138472444067701, 0.9136235534915865, 0.7842505348263221, 0.8561645633325224, 0.002318336716747124, 0.5923062336290938, 0.7547863724579801, 0.7264749187696927, 0.9497756016724759, 0.2123592240450795, 0.04247895031203647, 0.7980610668784617, 0.42874786140713267, 0.4901574743074714, 0.4934256237200172, 0.7941184610157261, 0.8866148331253114, 0.06215749642265429], BATTLES: 272-151-213-400-310-327-343-241-278-
25, 13, -2661.0, [0.15204214583010808, 0.998198652276032, 0.1821661174607278, 0.9772084772566131, 0.8895707501349204, 0.80076180220966, 0.9171553862912728, 0.37489963271522797, 0.9739981972433039, 0.863546979058759, 0.950242829120518, 0.7739375539209519, 0.17784394951333324, 0.08037858859806216, 0.2963268931604393, 0.49553841287677614, 0.9449917080767167, 0.6812295833289155, 0.21343955253612282, 0.04942482103470202, 0.1416158304516162, 0.024471174400109742, 0.3691464692601405, 0.07323972446456048, 0.9802864936235224, 0.9005114848412937, 0.2351335929364068, 0.9098397314082429, 0.108032012537915, 0.7293600926898383, 0.8565712963709443, 0.4097468203130631, 0.770599085870652, 0.6854090408317389, 0.9504306185867595, 0.014171663479703776, 0.7657985951207108, 0.9916572792381738, 0.8105012670629181, 0.2098695665113383, 0.6635376347508367, 0.3513563774320906, 0.9850601670226211, 0.8483975420319678, 0.04360443282011629, 0.1372396765291049, 0.696434665702432, 0.7036034989869563, 0.5153195335216475, 0.018375819563364752, 0.35905481549625484, 0.9365171436208366, 0.6761407358275743, 0.9880237378140466, 0.45121178905832776, 0.0001747794579666567, 0.6372140994013786, 0.4387406019600287, 0.7563838173795145, 0.43637846141946773, 0.9385064115795434, 0.9828044092383411, 0.06161453550609933], BATTLES: 293-164-217-440-272-306-382-266-296-
25, 14, -2675.0, [0.049168823921464086, 0.9779775709237977, 0.21301327217516916, 0.8895655622811566, 0.8797640016709488, 0.9618085754503705, 0.9606786617568637, 0.18903335844727862, 0.8533945378917395, 0.9351389063565191, 0.9020163816108386, 0.9904738569285854, 0.03180314166193008, 0.04674165940523854, 0.29937910779704147, 0.6244394027979558, 0.9817080385869723, 0.1785920314851911, 0.23576987273911978, 0.011385089073647426, 0.04062941817596242, 0.028723857026201637, 0.13851720968234504, 0.01793631935529801, 0.9733251446583273, 0.9922199836612685, 0.5007010405193585, 0.9730532486793613, 0.031155676803122503, 0.9828746569532472, 0.9622364148244127, 0.13540388836824874, 0.6739308115791935, 0.8234841012263424, 0.9738292275423434, 0.015066437850327161, 0.8904122925094864, 0.9573654545291124, 0.9724463202388128, 0.07818936437426326, 0.8771467716611491, 0.0863362909001151, 0.9857132572145115, 0.9788567138417069, 0.015403598750908744, 0.11825418141613286, 0.2860363802759203, 0.708905926868366, 0.5624214954628819, 0.020030510140622324, 0.8301975793807072, 0.9794781655261844, 0.6819449781100194, 0.9912420601990758, 0.32195051766677485, 0.020972615999948246, 0.6314709841355894, 0.2813619085434137, 0.12710246831888744, 0.4902766361919275, 0.9311481109078679, 0.9303598430184953, 0.08545412118530185], BATTLES: 274-153-229-413-294-337-384-270-321-
26, 0, -2726.0, [0.030278782858512328, 0.9720549149148326, 0.10712212486132916, 0.9597177456879709, 0.8922062058897413, 0.8330188758506922, 0.9533387130549695, 0.22636441611617442, 0.8261541338904796, 0.9764900917407546, 0.8284315870424764, 0.7128463355409264, 0.04404358343509452, 0.012546922487061907, 0.3219590322646744, 0.5580037315010999, 0.9430309420846541, 0.0809945426978089, 0.3238772897288432, 0.0272974497837651, 0.09744863459026376, 0.015759392200164726, 0.4473059356633534, 0.043257208631188475, 0.932845652482002, 0.9980462317502068, 0.301222818614175, 0.9099665392109009, 0.06894197134359503, 0.9243843765648787, 0.9439351187239735, 0.12552999146880034, 0.5129021162108288, 0.5565554298426412, 0.7722164227216434, 0.0024350576924367156, 0.933982451176521, 0.9439165433366281, 0.6856730662480542, 0.2699497941239885, 0.7968089456145601, 0.29869869905936125, 0.9781189065408558, 0.8717454975713648, 0.06616151966168846, 0.00030362726007888974, 0.6703681368773574, 0.7336887254048919, 0.8129511658344447, 0.003862545095174174, 0.6570610965347466, 0.9932594921441411, 0.7280568172960473, 0.9952790498985374, 0.40955110360622116, 0.08720498792357577, 0.5600052995302057, 0.29160936499310397, 0.46020570035758745, 0.28572258746400037, 0.9348286004485714, 0.7858834473083005, 0.01585514874883826], BATTLES: 296-147-228-414-318-304-388-318-313-
26, 1, -2653.0, [0.2174112185975799, 0.9832970828860929, 0.1282209401831235, 0.9366163201994083, 0.8700322557801141, 0.8497412066262231, 0.9960672502175373, 0.8113792901273551, 0.9100098987921177, 0.9552608765730937, 0.7895775515474392, 0.8667203097419358, 0.0894035553913135, 0.044070995604789664, 0.29276282706035395, 0.6225019961332918, 0.9616119762239829, 0.2983572543299041, 0.12343233386248983, 0.018108246454037174, 0.2384055645111736, 0.009166881250724833, 0.5675788056703648, 0.09640627749853208, 0.9588311469073991, 0.9793596032144078, 0.29256925905394, 0.972641843476793, 0.08755976277567895, 0.8251000014354798, 0.8515790655016718, 0.26192941299990713, 0.5504077400896825, 0.5689786057512335, 0.9021954933713743, 0.04611691430540202, 0.8547571266169035, 0.9829913047783205, 0.8067196007541587, 0.1685014304574717, 0.47495235188386625, 0.1795079834888499, 0.9546493651755045, 0.8742874558943928, 0.04655462470955867, 0.0322493145621781, 0.6994142546719573, 0.6329590163040553, 0.6779551109711415, 0.012260016043925915, 0.38383774279304095, 0.9675765062966992, 0.49025983169459286, 0.9891479288497098, 0.40792995703025314, 0.05393710510501877, 0.5287747155106689, 0.2968485201724621, 0.7391017512186263, 0.08039447887691045, 0.9014407071071541, 0.8950746726533619, 0.13260920265314954], BATTLES: 281-135-174-421-273-298-395-273-292-
26, 2, -2625.0, [0.04326249070302807, 0.9850065478992036, 0.015164676540799137, 0.9801693892307113, 0.9141176227088101, 0.728730761248109, 0.970330322685379, 0.17538180525095529, 0.7760882359364693, 0.9851077753832844, 0.7095703999629358, 0.6840144084110539, 0.014563291113114512, 0.10106207220927123, 0.14952365717241276, 0.5657361033241189, 0.9719180125440817, 0.5786162999960447, 0.2263283639782965, 0.0207371035729456, 0.16117751650086742, 0.019427834815698975, 0.4440027485115842, 0.0014757041006405996, 0.9463962559966733, 0.9576484470677349, 0.11110780765260042, 0.9708203445001444, 0.004244184028526869, 0.9764098136138943, 0.9493081450675355, 0.3250452182111108, 0.7215718427445679, 0.7697776117945435, 0.882011832635949, 0.004035020909606326, 0.822244851824705, 0.9500873658236265, 0.8283642935974288, 0.2188845041500849, 0.8649658885287375, 0.010361433393916535, 0.9744067898635931, 0.8854671906768783, 0.05259337058077477, 0.0028184889325157912, 0.7601428787274198, 0.8084922024023152, 0.7353258761432562, 0.0033786138911529183, 0.7288323227469994, 0.9954258279096351, 0.9872406276629941, 0.9995128102917908, 0.3949635713947799, 0.022773424801035932, 0.5897193751775468, 0.5671110399170142, 0.2810770976376802, 0.16485497784400857, 0.8980108901119364, 0.8615375717084731, 0.1446814745649706], BATTLES: 268-151-233-419-302-282-342-226-289-
26, 3, -2686.0, [0.21391939653732175, 0.9747947935290273, 0.22535042717611733, 0.9920401357008127, 0.921201303219206, 0.9738432211827777, 0.9989026957032997, 0.4650522714332668, 0.9415400232341944, 0.9673093042117864, 0.8322505569838434, 0.6972730237700243, 0.15455828482994244, 0.02789139104075347, 0.006702718291065363, 0.6671972794048942, 0.9505046140663113, 0.007977129379592274, 0.15169231968334104, 0.05227240408061026, 0.15560446189584348, 0.006537257828871032, 0.3289253003510899, 0.044473104932841796, 0.9948042386375815, 0.9698451531092019, 0.28639454588360996, 0.9735320168091159, 0.013675183678913086, 0.9555914505005085, 0.9673630933150434, 0.12494188377870942, 0.2808613602354416, 0.5168454450721497, 0.9089433153075757, 0.034795992301014364, 0.9526023820535574, 0.9920729503673017, 0.9281308623100304, 0.12002062492201893, 0.5771354847223282, 0.12087469072040073, 0.9459289400387122, 0.9338787348685513, 0.07549064631061315, 0.016070319004598283, 0.6340848958427464, 0.6690759207701007, 0.7886914099178118, 0.003707938635435514, 0.5303345744179422, 0.9674425949040152, 0.5555840815855384, 0.9848981737596897, 0.6272995403395545, 0.0796585483617837, 0.38581588929450183, 0.3098137429709467, 0.5914144981833284, 0.05024648044040673, 0.9371643830448119, 0.9443132408952198, 0.05465631265031187], BATTLES: 303-169-233-428-284-287-362-315-282-
26, 4, -2573.0, [0.04997554452917445, 0.9611172230270353, 0.27874647945662934, 0.9444485242810152, 0.8885795951645827, 0.8657057947443055, 0.9346688559678277, 0.24915814897004787, 0.6415043605753925, 0.9915224491746575, 0.7482461074094017, 0.9309508592600212, 0.03151291636278462, 0.00894037844228135, 0.14924664732381457, 0.4558415193525339, 0.9273949968095239, 0.007887235149569877, 0.5151152802168456, 0.048408779035624835, 0.028822960611749188, 0.006769849612421316, 0.3115000431797805, 0.1342804904326734, 0.9240669790289461, 0.9970388465229143, 0.8072778399133229, 0.7658552009165235, 0.12269807931899497, 0.6745395451737956, 0.986844706860671, 0.19202978009294522, 0.4487876660905432, 0.5737903626681858, 0.7422736118872884, 0.0014293606902680712, 0.8326332896829126, 0.9865171603772644, 0.7789492219789955, 0.3489670576533993, 0.8975054031205894, 0.2678084093915135, 0.9670916340032994, 0.9633832724241999, 0.05832900895433849, 0.007348010787292324, 0.6326162498449246, 0.7464348465820144, 0.848126113321309, 0.012369654181713537, 0.6570052943913157, 0.960624858127932, 0.7306380277835735, 0.9696783665559127, 0.39702922320458156, 0.1244870466402109, 0.8086659327723409, 0.3663499686559332, 0.4730688483887926, 0.08053810883604651, 0.9103646196393772, 0.8674695639460022, 0.01057796997670292], BATTLES: 302-144-230-416-283-292-352-252-280-
26, 5, -2617.0, [0.2605116040278961, 0.9565474967504028, 0.21235447648489303, 0.9116754740367456, 0.9039239576448924, 0.6513002283435328, 0.8263282407491068, 0.6964975923052942, 0.8504766245605009, 0.9203996409797242, 0.9669039814716935, 0.3421509946237315, 0.3529532312612471, 0.04277316590967371, 0.0586657383987284, 0.6067386540944063, 0.9957500462334424, 0.15981129464783927, 0.20180713493229507, 0.027814338836230662, 0.1546737706356478, 0.00377306326894064, 0.2950904768798883, 0.07008343087373606, 0.9180236988438377, 0.972842123021977, 0.3685397524234856, 0.9413342533071752, 0.027837334091044153, 0.6201538795849704, 0.8166683417125035, 0.09094753214136828, 0.4113524591974716, 0.3725283634592963, 0.9532479249679398, 0.021729858717128098, 0.9073334649306056, 0.9460098593412879, 0.7704093930935324, 0.16247265432006963, 0.6776164630939563, 0.162573059850047, 0.9707460806532302, 0.9969850475583268, 0.06335335599654272, 0.03532040612775242, 0.7028693672795542, 0.8057669396174376, 0.8304551859028405, 0.026085861509812465, 0.32467404067778666, 0.8560700227282905, 0.8402918119197832, 0.991008265295265, 0.3708622166220661, 0.03079403721933656, 0.683147506241549, 0.46739427243718745, 0.6340839635124366, 0.3480160964794472, 0.9097721224608302, 0.905479242580046, 0.06209192678955395], BATTLES: 277-185-225-396-291-322-346-281-294-
26, 6, -2600.0, [0.03253824524719901, 0.9981007606720393, 0.1497822291811323, 0.896224825642379, 0.932733449921267, 0.9831673256967558, 0.936831187607615, 0.14178425636896141, 0.9565469294174168, 0.8928085558929284, 0.9932771267264076, 0.967388885428452, 0.024634500674649368, 0.020507034082501513, 0.5190428655747005, 0.3307595416723507, 0.9522491135354926, 0.050616505800386694, 0.5413022538600771, 0.0456465714490309, 0.06999754030947891, 0.0002031524058580432, 0.4265647976221948, 0.057770604348142, 0.9323333198866753, 0.9984942631427991, 0.4288987029218021, 0.6489521690178538, 0.004980190703597294, 0.9814273169207461, 0.9364023567950264, 0.057687979610614254, 0.6517915338146351, 0.8090111540892053, 0.9442177766720872, 0.0002258168108393875, 0.962910116338935, 0.8857257016213137, 0.8971554719003889, 0.3519002371892689, 0.663481677861193, 0.22742114847017492, 0.9989853508016792, 0.8749959766978441, 0.051882056783132645, 0.0011896509360777782, 0.5320297292777756, 0.8166503196132153, 0.7012693889827446, 0.00785787459664061, 0.6324903014959116, 0.9963335894511474, 0.8215032449780793, 0.9952749210785204, 0.6515869072534496, 0.016044769324765406, 0.5332342122037008, 0.33854990787065475, 0.2401911404274427, 0.08605453075600533, 0.9340390714976629, 0.9890967569891066, 0.004491757120096869], BATTLES: 285-176-223-403-271-332-348-237-306-
26, 7, -2656.0, [0.1705239887579566, 0.9675868415167199, 0.2783119915970469, 0.7849544511752586, 0.8665125043397572, 0.46087861083674725, 0.7702230386406543, 0.6326403835060032, 0.7420445576025141, 0.7753938684940858, 0.7252081670278683, 0.8657045836357184, 0.03529721260360797, 0.24519812833559732, 0.5092187513255289, 0.5073031781003747, 0.9885437505389426, 0.3519544289457997, 0.2983145916087562, 0.0026631528802478193, 0.4972400969597449, 0.0302126414107725, 0.2879240731422716, 0.08915488912833093, 0.9328461972169144, 0.897607149821246, 0.5853500354694535, 0.9965533309443066, 0.1562184942226519, 0.8256766520576223, 0.9182749948811, 0.08856033229633459, 0.5120745371510897, 0.7875345553180495, 0.9814431607543801, 0.012289073091322177, 0.9103994486569774, 0.8262626281467067, 0.9322889189384969, 0.26273734761331774, 0.7748370150823006, 0.058920869054363334, 0.9408343019560884, 0.8611336623566135, 0.04465162752350945, 0.011765650890702889, 0.666266698386581, 0.7615259242974703, 0.4717107370320705, 0.0024833672836946166, 0.7041705046141551, 0.5226691908490448, 0.5705346214410143, 0.9617980385620514, 0.4605754432333593, 0.10311015082044081, 0.7624855814503837, 0.38772860126974756, 0.606595117911102, 0.4451811890477564, 0.8732495087412715, 0.9791959257917184, 0.09130183820171864], BATTLES: 285-152-211-420-308-323-374-285-298-
26, 8, -2660.0, [0.0032581693377058824, 0.9530457092110506, 0.1252613747850411, 0.9744825537541237, 0.9457499896447009, 0.5974077381310577, 0.9637893495027257, 0.5666944609895457, 0.8059797579882718, 0.9996614824831265, 0.7857293873613304, 0.6265896357935936, 0.017808221576317305, 0.05014818697103059, 0.1511876618513534, 0.5450964429729813, 0.9665780691234984, 0.14553645040242663, 0.27111324293336836, 0.06001947604744977, 0.11658150123755989, 0.015213257363067344, 0.2080511539677189, 0.04936104989332721, 0.9311814147591901, 0.9857213162610139, 0.2610280678304739, 0.9734954484805926, 0.06133856177132846, 0.79980212540161, 0.9079601499494945, 0.3291802746713821, 0.8647131709309377, 0.49471189586820086, 0.9875496538783742, 0.0035216433204762637, 0.8555844919976306, 0.9550913596594722, 0.9495129031175901, 0.11155169605309659, 0.6905647182675263, 0.015258392259663744, 0.973005201237263, 0.826199662195949, 0.06093266877819425, 0.006317275053004265, 0.7280378229417377, 0.7777653162036139, 0.491333920690206, 0.04303275056802175, 0.7019605044898242, 0.9994710469603485, 0.40786189155535457, 0.9835695987814682, 0.5067832229150967, 0.11874558008214232, 0.5545557867341411, 0.16658287898862964, 0.1305739136001216, 0.33841645321548786, 0.9173455530733112, 0.7121796660389292, 0.054527981525791136], BATTLES: 274-177-205-420-321-317-358-278-291-
26, 9, -2679.0, [0.16999076922343068, 0.996241685067998, 0.0056471035784091544, 0.9519485718177548, 0.8688872086163273, 0.5875119450942667, 0.88152192082772, 0.43281951962964554, 0.9240991338066719, 0.9091273567304518, 0.8839005362105761, 0.9123176145579106, 0.04587988375354773, 0.012983609285906306, 0.085219347590696, 0.5925393456348894, 0.992121078825612, 0.4052843431023732, 0.22241342453723428, 0.039946288264556644, 0.18579530933563596, 0.02960648397740448, 0.2431423561883886, 0.014163326683797398, 0.9873718595110206, 0.8651986232289391, 0.6429567899994814, 0.9569415763520037, 0.09835105446296251, 0.8684988411317871, 0.9230683953178295, 0.019301694066618243, 0.4944647907616803, 0.6254527980305444, 0.9977073437169988, 0.01698092347297115, 0.9948594050612052, 0.9199107875865162, 0.5007723021878598, 0.16067260143533407, 0.7008924854240552, 0.6814130754389349, 0.9957066221652087, 0.8805324490909265, 0.024325192599130952, 0.02837793828846914, 0.6301165815071516, 0.8292979153709162, 0.6981683069047184, 0.013914655447529917, 0.19225580827146022, 0.9846319641195085, 0.3298029235982758, 0.9693127665645227, 0.4584126120731964, 0.024559462617116324, 0.7780310604596122, 0.2515560755886167, 0.5507650957935801, 0.3674048123671572, 0.8828584628798893, 0.8570309407369148, 0.02577930585864853], BATTLES: 293-162-237-418-293-310-357-257-308-
26, 10, -2622.0, [0.25715054388375547, 0.9552546615790635, 0.22709000709546362, 0.9486733781310497, 0.9121419948185399, 0.7933333057574078, 0.972912437910815, 0.5020227160908627, 0.8674741557751525, 0.9777104152115913, 0.9464781019790277, 0.6782592711236942, 0.17832802294540118, 0.0020415505385760896, 0.03995825546131353, 0.6369284557603875, 0.9894557750104453, 0.07712974377843024, 0.1696120310800594, 0.025874789551501416, 0.20565193755781014, 0.021236786892116756, 0.25951284391209567, 0.0010485446359653414, 0.9643827793950984, 0.9565227932331855, 0.4343317664364215, 0.8048637076260987, 0.03707645318992327, 0.7896841769754973, 0.8574672860704807, 0.2433516094552185, 0.4953693368144669, 0.4391229269610014, 0.817125504966257, 0.021275946642735775, 0.8124847437352748, 0.9904568264252274, 0.8527998960923346, 0.1075162759312405, 0.7383546424753927, 0.14417030565633035, 0.9698043785463077, 0.9692004594208022, 0.0398193321659179, 0.20178118884161877, 0.6890476539276129, 0.7342742300647961, 0.6310942828154836, 0.013741930451647875, 0.3923657378659249, 0.894650360825969, 0.5024439736050227, 0.9884612893136175, 0.460562168928319, 0.024927504635832123, 0.6491301717271856, 0.19115180503668747, 0.6384371065441558, 0.013616527726529326, 0.9121371954286187, 0.9284056312386934, 0.06055646008943592], BATTLES: 294-151-179-425-281-292-339-255-272-
26, 11, -2648.0, [0.08753826181424404, 0.9607710496193337, 0.12129384557251793, 0.94957492446578, 0.9268885430510556, 0.9023197586525612, 0.9920086638486088, 0.44817081954937066, 0.6653765017226657, 0.975737474007436, 0.8148326858239198, 0.9564797150261657, 0.03325998606916823, 0.0681566127268181, 0.0037395381953042733, 0.42801885101793935, 0.9731233174158278, 0.37665213747968956, 0.43396177105606787, 0.02250884318019763, 0.031708185807071194, 0.0013736055402912388, 0.5146549042435479, 0.17626804462859666, 0.93167587892891, 0.995530205229064, 0.4617111443165778, 0.9624097837247358, 0.03133078666416998, 0.972287629861113, 0.8785612207446913, 0.15364337665511352, 0.6082445745127537, 0.9370733250233332, 0.9198686255626208, 0.00040570220207439446, 0.7588212642052408, 0.9884707361943312, 0.9919442729538062, 0.2873291276350303, 0.6423735267960414, 0.006424423459050671, 0.9799878237908756, 0.8745005244830582, 0.01941468373985239, 0.027450364752770674, 0.5991575069786034, 0.7623048863555459, 0.7163542293463239, 0.006847912660868382, 0.6872116920747539, 0.9262904822267372, 0.8993314888477335, 0.9971974298325507, 0.4430002811981664, 0.08443013810301422, 0.5890243411871754, 0.43936678263923096, 0.09273023009374859, 0.029227553723481958, 0.8402190401905113, 0.760467902483168, 0.04113847991525149], BATTLES: 310-177-236-417-292-307-358-266-285-
26, 12, -2588.0, [0.18404667246327738, 0.8858545611491335, 0.13789480937914592, 0.9731846411996564, 0.8208520239985988, 0.5271084578658962, 0.8320191178630175, 0.5716140255832861, 0.7948198529075321, 0.8934734820036104, 0.6131074958027974, 0.9648361749148708, 0.05739969132732204, 0.18388100147816916, 0.40283934650983333, 0.735364583979743, 0.9970866726798133, 0.5232657886873818, 0.11274698465677144, 0.004324371184962986, 0.46130314954990764, 0.04170990835268219, 0.11379390785638097, 0.06514299370289205, 0.9869257855821109, 0.9611198939517551, 0.4052365280927225, 0.9322657858951842, 0.13083525747657138, 0.8947212724766747, 0.9322620688759582, 0.09272489622260724, 0.7231281923429675, 0.8543636260905758, 0.9986033422992782, 0.0617633823448047, 0.7258312320713661, 0.8016428687758066, 0.9618463113280167, 0.0976516646694366, 0.7337682361970966, 0.08527158084640384, 0.9913583232444254, 0.9483139494329855, 0.01187152649540991, 0.09138472444067701, 0.9136235534915865, 0.7842505348263221, 0.8561645633325224, 0.002318336716747124, 0.5923062336290938, 0.7547863724579801, 0.7264749187696927, 0.9497756016724759, 0.2123592240450795, 0.04247895031203647, 0.7980610668784617, 0.42874786140713267, 0.4901574743074714, 0.4934256237200172, 0.7941184610157261, 0.8866148331253114, 0.06215749642265429], BATTLES: 274-159-219-433-294-317-356-257-279-
26, 13, -2586.0, [0.15204214583010808, 0.998198652276032, 0.1821661174607278, 0.9772084772566131, 0.8895707501349204, 0.80076180220966, 0.9171553862912728, 0.37489963271522797, 0.9739981972433039, 0.863546979058759, 0.950242829120518, 0.7739375539209519, 0.17784394951333324, 0.08037858859806216, 0.2963268931604393, 0.49553841287677614, 0.9449917080767167, 0.6812295833289155, 0.21343955253612282, 0.04942482103470202, 0.1416158304516162, 0.024471174400109742, 0.3691464692601405, 0.07323972446456048, 0.9802864936235224, 0.9005114848412937, 0.2351335929364068, 0.9098397314082429, 0.108032012537915, 0.7293600926898383, 0.8565712963709443, 0.4097468203130631, 0.770599085870652, 0.6854090408317389, 0.9504306185867595, 0.014171663479703776, 0.7657985951207108, 0.9916572792381738, 0.8105012670629181, 0.2098695665113383, 0.6635376347508367, 0.3513563774320906, 0.9850601670226211, 0.8483975420319678, 0.04360443282011629, 0.1372396765291049, 0.696434665702432, 0.7036034989869563, 0.5153195335216475, 0.018375819563364752, 0.35905481549625484, 0.9365171436208366, 0.6761407358275743, 0.9880237378140466, 0.45121178905832776, 0.0001747794579666567, 0.6372140994013786, 0.4387406019600287, 0.7563838173795145, 0.43637846141946773, 0.9385064115795434, 0.9828044092383411, 0.06161453550609933], BATTLES: 303-163-207-423-271-319-358-258-284-
26, 14, -2622.0, [0.14695565455483522, 0.9755553671576618, 0.21301327217516916, 0.960810012974116, 0.8603602160178514, 0.9618085754503705, 0.9606786617568637, 0.18903335844727862, 0.8533945378917395, 0.9351389063565191, 0.9648919516648822, 0.9735520364747694, 0.03180314166193008, 0.05210796993055135, 0.29937910779704147, 0.5248458960921881, 0.9407490743117529, 0.1785920314851911, 0.23576987273911978, 0.011748383429962893, 0.04062941817596242, 0.028723857026201637, 0.13851720968234504, 0.008968159677649004, 0.9733251446583273, 0.9922199836612685, 0.4782444488199737, 0.9834016691752359, 0.031155676803122503, 0.9828746569532472, 0.9622364148244127, 0.13540388836824874, 0.6739308115791935, 0.5808773393853769, 0.9738292275423434, 0.026776810499772652, 0.7895567715635214, 0.9732608466713208, 0.9461431146710464, 0.05505435835754292, 0.8771467716611491, 0.0863362909001151, 0.9857132572145115, 0.955552940787261, 0.02068101592627427, 0.05912709070806643, 0.4926187350655846, 0.708905926868366, 0.5624214954628819, 0.0017476843772966412, 0.5084888483463323, 0.9794781655261844, 0.3815494898214533, 0.9912420601990758, 0.5127481725176083, 0.020972615999948246, 0.6314709841355894, 0.29824934432101835, 0.25775770245408347, 0.258922598168802, 0.9311481109078679, 0.9801639054451481, 0.0895123994651266], BATTLES: 260-151-246-409-256-306-371-264-307-
27, 0, -2639.0, [0.030278782858512328, 0.9720549149148326, 0.10712212486132916, 0.9597177456879709, 0.8922062058897413, 0.8330188758506922, 0.9533387130549695, 0.22636441611617442, 0.8261541338904796, 0.9764900917407546, 0.8284315870424764, 0.7128463355409264, 0.04404358343509452, 0.012546922487061907, 0.3219590322646744, 0.5580037315010999, 0.9430309420846541, 0.0809945426978089, 0.3238772897288432, 0.0272974497837651, 0.09744863459026376, 0.015759392200164726, 0.4473059356633534, 0.043257208631188475, 0.932845652482002, 0.9980462317502068, 0.301222818614175, 0.9099665392109009, 0.06894197134359503, 0.9243843765648787, 0.9439351187239735, 0.12552999146880034, 0.5129021162108288, 0.5565554298426412, 0.7722164227216434, 0.0024350576924367156, 0.933982451176521, 0.9439165433366281, 0.6856730662480542, 0.2699497941239885, 0.7968089456145601, 0.29869869905936125, 0.9781189065408558, 0.8717454975713648, 0.06616151966168846, 0.00030362726007888974, 0.6703681368773574, 0.7336887254048919, 0.8129511658344447, 0.003862545095174174, 0.6570610965347466, 0.9932594921441411, 0.7280568172960473, 0.9952790498985374, 0.40955110360622116, 0.08720498792357577, 0.5600052995302057, 0.29160936499310397, 0.46020570035758745, 0.28572258746400037, 0.9348286004485714, 0.7858834473083005, 0.01585514874883826], BATTLES: 290-167-226-422-271-301-390-284-288-
27, 1, -2639.0, [0.2174112185975799, 0.9832970828860929, 0.1282209401831235, 0.9366163201994083, 0.8700322557801141, 0.8497412066262231, 0.9960672502175373, 0.8113792901273551, 0.9100098987921177, 0.9552608765730937, 0.7895775515474392, 0.8667203097419358, 0.0894035553913135, 0.044070995604789664, 0.29276282706035395, 0.6225019961332918, 0.9616119762239829, 0.2983572543299041, 0.12343233386248983, 0.018108246454037174, 0.2384055645111736, 0.009166881250724833, 0.5675788056703648, 0.09640627749853208, 0.9588311469073991, 0.9793596032144078, 0.29256925905394, 0.972641843476793, 0.08755976277567895, 0.8251000014354798, 0.8515790655016718, 0.26192941299990713, 0.5504077400896825, 0.5689786057512335, 0.9021954933713743, 0.04611691430540202, 0.8547571266169035, 0.9829913047783205, 0.8067196007541587, 0.1685014304574717, 0.47495235188386625, 0.1795079834888499, 0.9546493651755045, 0.8742874558943928, 0.04655462470955867, 0.0322493145621781, 0.6994142546719573, 0.6329590163040553, 0.6779551109711415, 0.012260016043925915, 0.38383774279304095, 0.9675765062966992, 0.49025983169459286, 0.9891479288497098, 0.40792995703025314, 0.05393710510501877, 0.5287747155106689, 0.2968485201724621, 0.7391017512186263, 0.08039447887691045, 0.9014407071071541, 0.8950746726533619, 0.13260920265314954], BATTLES: 292-140-203-426-294-301-372-300-311-
27, 2, -2686.0, [0.04326249070302807, 0.9850065478992036, 0.015164676540799137, 0.9801693892307113, 0.9141176227088101, 0.728730761248109, 0.970330322685379, 0.17538180525095529, 0.7760882359364693, 0.9851077753832844, 0.7095703999629358, 0.6840144084110539, 0.014563291113114512, 0.10106207220927123, 0.14952365717241276, 0.5657361033241189, 0.9719180125440817, 0.5786162999960447, 0.2263283639782965, 0.0207371035729456, 0.16117751650086742, 0.019427834815698975, 0.4440027485115842, 0.0014757041006405996, 0.9463962559966733, 0.9576484470677349, 0.11110780765260042, 0.9708203445001444, 0.004244184028526869, 0.9764098136138943, 0.9493081450675355, 0.3250452182111108, 0.7215718427445679, 0.7697776117945435, 0.882011832635949, 0.004035020909606326, 0.822244851824705, 0.9500873658236265, 0.8283642935974288, 0.2188845041500849, 0.8649658885287375, 0.010361433393916535, 0.9744067898635931, 0.8854671906768783, 0.05259337058077477, 0.0028184889325157912, 0.7601428787274198, 0.8084922024023152, 0.7353258761432562, 0.0033786138911529183, 0.7288323227469994, 0.9954258279096351, 0.9872406276629941, 0.9995128102917908, 0.3949635713947799, 0.022773424801035932, 0.5897193751775468, 0.5671110399170142, 0.2810770976376802, 0.16485497784400857, 0.8980108901119364, 0.8615375717084731, 0.1446814745649706], BATTLES: 289-182-227-433-297-315-391-264-288-
27, 3, -2623.0, [0.21391939653732175, 0.9747947935290273, 0.22535042717611733, 0.9920401357008127, 0.921201303219206, 0.9738432211827777, 0.9989026957032997, 0.4650522714332668, 0.9415400232341944, 0.9673093042117864, 0.8322505569838434, 0.6972730237700243, 0.15455828482994244, 0.02789139104075347, 0.006702718291065363, 0.6671972794048942, 0.9505046140663113, 0.007977129379592274, 0.15169231968334104, 0.05227240408061026, 0.15560446189584348, 0.006537257828871032, 0.3289253003510899, 0.044473104932841796, 0.9948042386375815, 0.9698451531092019, 0.28639454588360996, 0.9735320168091159, 0.013675183678913086, 0.9555914505005085, 0.9673630933150434, 0.12494188377870942, 0.2808613602354416, 0.5168454450721497, 0.9089433153075757, 0.034795992301014364, 0.9526023820535574, 0.9920729503673017, 0.9281308623100304, 0.12002062492201893, 0.5771354847223282, 0.12087469072040073, 0.9459289400387122, 0.9338787348685513, 0.07549064631061315, 0.016070319004598283, 0.6340848958427464, 0.6690759207701007, 0.7886914099178118, 0.003707938635435514, 0.5303345744179422, 0.9674425949040152, 0.5555840815855384, 0.9848981737596897, 0.6272995403395545, 0.0796585483617837, 0.38581588929450183, 0.3098137429709467, 0.5914144981833284, 0.05024648044040673, 0.9371643830448119, 0.9443132408952198, 0.05465631265031187], BATTLES: 271-179-195-425-302-290-381-292-288-
27, 4, -2706.0, [0.04997554452917445, 0.9611172230270353, 0.27874647945662934, 0.9444485242810152, 0.8885795951645827, 0.8657057947443055, 0.9346688559678277, 0.24915814897004787, 0.6415043605753925, 0.9915224491746575, 0.7482461074094017, 0.9309508592600212, 0.03151291636278462, 0.00894037844228135, 0.14924664732381457, 0.4558415193525339, 0.9273949968095239, 0.007887235149569877, 0.5151152802168456, 0.048408779035624835, 0.028822960611749188, 0.006769849612421316, 0.3115000431797805, 0.1342804904326734, 0.9240669790289461, 0.9970388465229143, 0.8072778399133229, 0.7658552009165235, 0.12269807931899497, 0.6745395451737956, 0.986844706860671, 0.19202978009294522, 0.4487876660905432, 0.5737903626681858, 0.7422736118872884, 0.0014293606902680712, 0.8326332896829126, 0.9865171603772644, 0.7789492219789955, 0.3489670576533993, 0.8975054031205894, 0.2678084093915135, 0.9670916340032994, 0.9633832724241999, 0.05832900895433849, 0.007348010787292324, 0.6326162498449246, 0.7464348465820144, 0.848126113321309, 0.012369654181713537, 0.6570052943913157, 0.960624858127932, 0.7306380277835735, 0.9696783665559127, 0.39702922320458156, 0.1244870466402109, 0.8086659327723409, 0.3663499686559332, 0.4730688483887926, 0.08053810883604651, 0.9103646196393772, 0.8674695639460022, 0.01057796997670292], BATTLES: 303-199-236-415-303-316-371-280-283-
27, 5, -2624.0, [0.2605116040278961, 0.9565474967504028, 0.21235447648489303, 0.9116754740367456, 0.9039239576448924, 0.6513002283435328, 0.8263282407491068, 0.6964975923052942, 0.8504766245605009, 0.9203996409797242, 0.9669039814716935, 0.3421509946237315, 0.3529532312612471, 0.04277316590967371, 0.0586657383987284, 0.6067386540944063, 0.9957500462334424, 0.15981129464783927, 0.20180713493229507, 0.027814338836230662, 0.1546737706356478, 0.00377306326894064, 0.2950904768798883, 0.07008343087373606, 0.9180236988438377, 0.972842123021977, 0.3685397524234856, 0.9413342533071752, 0.027837334091044153, 0.6201538795849704, 0.8166683417125035, 0.09094753214136828, 0.4113524591974716, 0.3725283634592963, 0.9532479249679398, 0.021729858717128098, 0.9073334649306056, 0.9460098593412879, 0.7704093930935324, 0.16247265432006963, 0.6776164630939563, 0.162573059850047, 0.9707460806532302, 0.9969850475583268, 0.06335335599654272, 0.03532040612775242, 0.7028693672795542, 0.8057669396174376, 0.8304551859028405, 0.026085861509812465, 0.32467404067778666, 0.8560700227282905, 0.8402918119197832, 0.991008265295265, 0.3708622166220661, 0.03079403721933656, 0.683147506241549, 0.46739427243718745, 0.6340839635124366, 0.3480160964794472, 0.9097721224608302, 0.905479242580046, 0.06209192678955395], BATTLES: 309-164-201-405-292-324-384-270-275-
27, 6, -2694.0, [0.03253824524719901, 0.9524302520458295, 0.1497822291811323, 0.9399252953977232, 0.932733449921267, 0.8798241846568083, 0.9731156906950598, 0.14178425636896141, 0.8668010740819242, 0.9504043071006658, 0.9932771267264076, 0.967388885428452, 0.03799325049341269, 0.020507034082501513, 0.38339536203182273, 0.3307595416723507, 0.9522491135354926, 0.07152489183318018, 0.5413022538600771, 0.0456465714490309, 0.06999754030947891, 0.0002031524058580432, 0.4265647976221948, 0.057770604348142, 0.9185406345202182, 0.9984942631427991, 0.4288987029218021, 0.6489521690178538, 0.004980190703597294, 0.942166194767481, 0.956378691544245, 0.057687979610614254, 0.5561976819493532, 0.5301944268413091, 0.9442177766720872, 0.001746377910552373, 0.9577695351974749, 0.934471320311167, 0.8971554719003889, 0.3519002371892689, 0.663481677861193, 0.22742114847017492, 0.9989853508016792, 0.8749959766978441, 0.051882056783132645, 0.0005798246620978584, 0.6501111993785613, 0.8166503196132153, 0.7012693889827446, 0.024759945278386816, 0.6348757672565759, 0.994581835082335, 0.8215032449780793, 0.9952749210785204, 0.6515869072534496, 0.13356724222810723, 0.5332342122037008, 0.33854990787065475, 0.18571070612942736, 0.2234806857825903, 0.9340390714976629, 0.6992804328395565, 0.0022458785600484345], BATTLES: 301-169-214-401-292-313-361-272-267-
27, 7, -2645.0, [0.07631495517805371, 0.9564933481788515, 0.020214660677022933, 0.7849544511752586, 0.8844083043533866, 0.46087861083674725, 0.7702230386406543, 0.6326403835060032, 0.871022278801257, 0.7753938684940858, 0.7168694183184885, 0.8657045836357184, 0.032962710196355854, 0.24519812833559732, 0.47624450951638525, 0.6182269138244876, 0.9885437505389426, 0.0929734393161708, 0.2983145916087562, 0.0013315764401239097, 0.2343069144130213, 0.01510632070538625, 0.48513312443787804, 0.044577444564165465, 0.9172517969092371, 0.897607149821246, 0.5853500354694535, 0.9965533309443066, 0.039473572416254904, 0.8986808919693916, 0.9694042900090402, 0.044280166148167294, 0.5120745371510897, 0.7875345553180495, 0.9814431607543801, 0.006144536545661088, 0.9103994486569774, 0.8262626281467067, 0.6492561885673535, 0.25193743363273496, 0.6757157243965739, 0.37594412676041256, 0.9645621835815315, 0.7824864281623235, 0.09368721816208728, 0.011765650890702889, 0.666266698386581, 0.7615259242974703, 0.8530082452118298, 0.0047635005779672526, 0.5416149167590146, 0.8468095782200339, 0.5705346214410143, 0.9808990192810256, 0.4605754432333593, 0.10311015082044081, 0.3682591410201843, 0.38772860126974756, 0.23232692758494372, 0.2225905945238782, 0.9885379762917376, 0.8241564804977254, 0.09130183820171864], BATTLES: 280-154-208-431-315-288-364-257-285-
27, 8, -2667.0, [0.0032581693377058824, 0.9530457092110506, 0.1252613747850411, 0.9744825537541237, 0.9457499896447009, 0.5974077381310577, 0.9637893495027257, 0.5666944609895457, 0.8059797579882718, 0.9996614824831265, 0.7857293873613304, 0.6265896357935936, 0.017808221576317305, 0.05014818697103059, 0.1511876618513534, 0.5450964429729813, 0.9665780691234984, 0.14553645040242663, 0.27111324293336836, 0.06001947604744977, 0.11658150123755989, 0.015213257363067344, 0.2080511539677189, 0.04936104989332721, 0.9311814147591901, 0.9857213162610139, 0.2610280678304739, 0.9734954484805926, 0.06133856177132846, 0.79980212540161, 0.9079601499494945, 0.3291802746713821, 0.8647131709309377, 0.49471189586820086, 0.9875496538783742, 0.0035216433204762637, 0.8555844919976306, 0.9550913596594722, 0.9495129031175901, 0.11155169605309659, 0.6905647182675263, 0.015258392259663744, 0.973005201237263, 0.826199662195949, 0.06093266877819425, 0.006317275053004265, 0.7280378229417377, 0.7777653162036139, 0.491333920690206, 0.04303275056802175, 0.7019605044898242, 0.9994710469603485, 0.40786189155535457, 0.9835695987814682, 0.5067832229150967, 0.11874558008214232, 0.5545557867341411, 0.16658287898862964, 0.1305739136001216, 0.33841645321548786, 0.9173455530733112, 0.7121796660389292, 0.054527981525791136], BATTLES: 301-168-208-405-309-310-379-298-289-
27, 9, -2598.0, [0.16999076922343068, 0.996241685067998, 0.0056471035784091544, 0.9519485718177548, 0.8828106603166122, 0.5875119450942667, 0.88152192082772, 0.15209636795115383, 0.790920400998892, 0.9091273567304518, 0.8839005362105761, 0.6410905769984643, 0.04587988375354773, 0.012983609285906306, 0.085219347590696, 0.5925393456348894, 0.992121078825612, 0.4052843431023732, 0.22241342453723428, 0.039946288264556644, 0.06566770506346917, 0.02960648397740448, 0.5207496543990364, 0.014163326683797398, 0.9136099887666809, 0.9325993116144695, 0.6429567899994814, 0.9569415763520037, 0.09835105446296251, 0.9444880677143783, 0.9230683953178295, 0.019301694066618243, 0.519534571166839, 0.6254527980305444, 0.691100624195669, 0.01698092347297115, 0.9678585389777127, 0.9199107875865162, 0.5007723021878598, 0.3051968902628742, 0.7008924854240552, 0.6814130754389349, 0.9957066221652087, 0.8685845694684857, 0.024325192599130952, 0.02837793828846914, 0.6301165815071516, 0.7138030031945903, 0.6981683069047184, 0.013914655447529917, 0.5770084125216388, 0.9963630708688815, 0.3298029235982758, 0.984162158348417, 0.4584126120731964, 0.10974044871677223, 0.7780310604596122, 0.2515560755886167, 0.5507650957935801, 0.3674048123671572, 0.9535238064008998, 0.7602895754259713, 0.02577930585864853], BATTLES: 308-158-205-408-264-308-363-265-309-
27, 10, -2609.0, [0.25715054388375547, 0.9552546615790635, 0.22709000709546362, 0.9486733781310497, 0.9121419948185399, 0.7933333057574078, 0.972912437910815, 0.5020227160908627, 0.8674741557751525, 0.9777104152115913, 0.9464781019790277, 0.6782592711236942, 0.17832802294540118, 0.0020415505385760896, 0.03995825546131353, 0.6369284557603875, 0.9894557750104453, 0.07712974377843024, 0.1696120310800594, 0.025874789551501416, 0.20565193755781014, 0.021236786892116756, 0.25951284391209567, 0.0010485446359653414, 0.9643827793950984, 0.9565227932331855, 0.4343317664364215, 0.8048637076260987, 0.03707645318992327, 0.7896841769754973, 0.8574672860704807, 0.2433516094552185, 0.4953693368144669, 0.4391229269610014, 0.817125504966257, 0.021275946642735775, 0.8124847437352748, 0.9904568264252274, 0.8527998960923346, 0.1075162759312405, 0.7383546424753927, 0.14417030565633035, 0.9698043785463077, 0.9692004594208022, 0.0398193321659179, 0.20178118884161877, 0.6890476539276129, 0.7342742300647961, 0.6310942828154836, 0.013741930451647875, 0.3923657378659249, 0.894650360825969, 0.5024439736050227, 0.9884612893136175, 0.460562168928319, 0.024927504635832123, 0.6491301717271856, 0.19115180503668747, 0.6384371065441558, 0.013616527726529326, 0.9121371954286187, 0.9284056312386934, 0.06055646008943592], BATTLES: 298-161-211-438-294-270-368-267-302-
27, 11, -2688.0, [0.08753826181424404, 0.9607710496193337, 0.12129384557251793, 0.97478746223289, 0.9268885430510556, 0.9023197586525612, 0.9920086638486088, 0.48887789471806786, 0.6653765017226657, 0.975737474007436, 0.8148326858239198, 0.8445177404278846, 0.03325998606916823, 0.0681566127268181, 0.0037395381953042733, 0.42801885101793935, 0.9731233174158278, 0.37665213747968956, 0.1439650699916178, 0.02250884318019763, 0.13022532105219503, 0.0013736055402912388, 0.5146549042435479, 0.17626804462859666, 0.93167587892891, 0.995530205229064, 0.4617111443165778, 0.9787800448882452, 0.052998960288120386, 0.9495802697243627, 0.8785612207446913, 0.12351667616750112, 0.6082445745127537, 0.9370733250233332, 0.9198686255626208, 0.00040570220207439446, 0.7588212642052408, 0.9884707361943312, 0.9851647882106729, 0.2873291276350303, 0.6423735267960414, 0.006424423459050671, 0.9799878237908756, 0.8745005244830582, 0.01941468373985239, 0.027450364752770674, 0.5991575069786034, 0.7177439832720689, 0.7729523558711363, 0.0045535412021695445, 0.6872116920747539, 0.9262904822267372, 0.8993314888477335, 0.9971974298325507, 0.4430002811981664, 0.06018557764825397, 0.5407718758707094, 0.34502092349073854, 0.09273023009374859, 0.029227553723481958, 0.8402190401905113, 0.760467902483168, 0.0704391566931761], BATTLES: 301-166-222-424-279-313-384-264-301-
27, 12, -2617.0, [0.1382876930834902, 0.8858545611491335, 0.13789480937914592, 0.9516404407683369, 0.8644785033245116, 0.8516686077690514, 0.9807669195675806, 0.3362836083309122, 0.9996870440082821, 0.8934734820036104, 0.977622131774425, 0.9648361749148708, 0.05739969132732204, 0.08208709930995146, 0.40283934650983333, 0.735364583979743, 0.9970866726798133, 0.5232657886873818, 0.18657309928523064, 0.004324371184962986, 0.46130314954990764, 0.024419219437359772, 0.11379390785638097, 0.016368238247116154, 0.9869257855821109, 0.9611198939517551, 0.4052365280927225, 0.9157519236562346, 0.13083525747657138, 0.8947212724766747, 0.9322620688759582, 0.09272489622260724, 0.7231281923429675, 0.8543636260905758, 0.9986033422992782, 0.03088169117240235, 0.7258312320713661, 0.988195196382467, 0.9618463113280167, 0.0976516646694366, 0.7337682361970966, 0.08527158084640384, 0.9956791616222127, 0.9167267698282106, 0.049916482523491845, 0.10234192084923495, 0.9136235534915865, 0.7842505348263221, 0.8561645633325224, 0.002318336716747124, 0.6355449871945346, 0.8807416862360791, 0.7264749187696927, 0.9748878008362379, 0.46502222108363356, 0.07810379978876833, 0.7980610668784617, 0.42874786140713267, 0.5959141518387627, 0.4934256237200172, 0.7941184610157261, 0.8866148331253114, 0.06215749642265429], BATTLES: 281-160-197-434-286-322-362-272-278-
27, 13, -2573.0, [0.07602107291505404, 0.998198652276032, 0.20137183320595592, 0.9486822748617622, 0.8895707501349204, 0.90038090110483, 0.9171553862912728, 0.18744981635761399, 0.9739981972433039, 0.9813445840783357, 0.8566027739847399, 0.7739375539209519, 0.024584706826929606, 0.04018929429903108, 0.14816344658021965, 0.40133713057432463, 0.9418518168888871, 0.34061479166445774, 0.3850677137729176, 0.04942482103470202, 0.1416158304516162, 0.012235587200054871, 0.3691464692601405, 0.026011698328235047, 0.9351500005398284, 0.9005114848412937, 0.4263039216238633, 0.9183466833574213, 0.014473833279003728, 0.8646800463449191, 0.9491766544478755, 0.4097468203130631, 0.8091476517594977, 0.35095596658344663, 0.9504306185867595, 0.015527393925005205, 0.8262879267617439, 0.9556396437475168, 0.8821346696289449, 0.2098695665113383, 0.6635376347508367, 0.3513563774320906, 0.9853562553218261, 0.9357033940884406, 0.04360443282011629, 0.051902110235467716, 0.5836850731146498, 0.7804612369993078, 0.5402872850403964, 0.018375819563364752, 0.35905481549625484, 0.9682585718104183, 0.3026618085542669, 0.9940118689070233, 0.5695094147524848, 0.0001747794579666567, 0.6372140994013786, 0.22911529679200215, 0.04559743991626347, 0.43637846141946773, 0.9385064115795434, 0.8689844074017867, 0.06161453550609933], BATTLES: 300-154-192-425-273-290-381-251-302-
27, 14, -2621.0, [0.1765858084694757, 0.9762785996402193, 0.3271788095197556, 0.980405006487058, 0.8603602160178514, 0.9809042877251852, 0.9803393308784318, 0.18903335844727862, 0.9368439172900728, 0.9074195521244324, 0.9248134484106983, 0.7228862721378634, 0.03180314166193008, 0.027688181904052034, 0.24860964830948645, 0.5522607196957762, 0.9181562009980325, 0.24226532699558168, 0.1795193091217582, 0.011748383429962893, 0.08342608057196496, 0.012207476253578414, 0.3297917096153954, 0.06614357477964034, 0.9823633295911227, 0.9961099918306342, 0.441260565604072, 0.9489618007707864, 0.06471491473265667, 0.8822708375554686, 0.9622364148244127, 0.13540388836824874, 0.6032422816521221, 0.5808773393853769, 0.9060257353901917, 0.026776810499772652, 0.7895567715635214, 0.9866304233356604, 0.8795708384287773, 0.12045441694378385, 0.6893526051466875, 0.0863362909001151, 0.9552273257542062, 0.9230247669211048, 0.0677680051035138, 0.09000967040045525, 0.5811458370815159, 0.6217444256993933, 0.5886700312237018, 0.0017476843772966412, 0.40267488043630345, 0.9794781655261844, 0.4149290102937556, 0.9805278362563847, 0.6255457644682334, 0.020972615999948246, 0.43456518140702366, 0.31150162166562817, 0.25775770245408347, 0.17447098878224937, 0.9684247799643967, 0.9801639054451481, 0.06772852808284312], BATTLES: 270-148-221-424-279-309-384-273-292-
28, 0, -2633.0, [0.030278782858512328, 0.9720549149148326, 0.10712212486132916, 0.9597177456879709, 0.8922062058897413, 0.8330188758506922, 0.9533387130549695, 0.22636441611617442, 0.8261541338904796, 0.9764900917407546, 0.8284315870424764, 0.7128463355409264, 0.04404358343509452, 0.012546922487061907, 0.3219590322646744, 0.5580037315010999, 0.9430309420846541, 0.0809945426978089, 0.3238772897288432, 0.0272974497837651, 0.09744863459026376, 0.015759392200164726, 0.4473059356633534, 0.043257208631188475, 0.932845652482002, 0.9980462317502068, 0.301222818614175, 0.9099665392109009, 0.06894197134359503, 0.9243843765648787, 0.9439351187239735, 0.12552999146880034, 0.5129021162108288, 0.5565554298426412, 0.7722164227216434, 0.0024350576924367156, 0.933982451176521, 0.9439165433366281, 0.6856730662480542, 0.2699497941239885, 0.7968089456145601, 0.29869869905936125, 0.9781189065408558, 0.8717454975713648, 0.06616151966168846, 0.00030362726007888974, 0.6703681368773574, 0.7336887254048919, 0.8129511658344447, 0.003862545095174174, 0.6570610965347466, 0.9932594921441411, 0.7280568172960473, 0.9952790498985374, 0.40955110360622116, 0.08720498792357577, 0.5600052995302057, 0.29160936499310397, 0.46020570035758745, 0.28572258746400037, 0.9348286004485714, 0.7858834473083005, 0.01585514874883826], BATTLES: 298-172-197-421-290-303-350-302-300-
28, 1, -2635.0, [0.06049430016349672, 0.9541883214900128, 0.1282209401831235, 0.9683081600997041, 0.8907054394332219, 0.9248706033131116, 0.9980336251087687, 0.4438056371163053, 0.9100098987921177, 0.9776304382865468, 0.6907357311246216, 0.891231766278119, 0.04514587291772062, 0.022035497802394832, 0.29276282706035395, 0.31143257986162537, 0.9430466271481099, 0.14917862716495206, 0.12343233386248983, 0.018108246454037174, 0.2384055645111736, 0.004583440625362417, 0.5675788056703648, 0.19797714759676005, 0.9588311469073991, 0.9896798016072039, 0.6590889089349838, 0.8835812319547404, 0.043779881387839475, 0.9396210802354227, 0.9845285316592697, 0.0606736834458384, 0.3018067543290747, 0.655271933551347, 0.7543982143325353, 0.04611691430540202, 0.8107354803255484, 0.9914956523891603, 0.9033598003770793, 0.1685014304574717, 0.5382721469642681, 0.08975399174442494, 0.9546493651755045, 0.8676407137882478, 0.055237237819008814, 0.0322493145621781, 0.5995530562380399, 0.6329590163040553, 0.9949692927978329, 0.006130008021962958, 0.6232421133729402, 0.9675765062966992, 0.8446227803855065, 0.9774202736900073, 0.6127104286050378, 0.12778314662696252, 0.5287747155106689, 0.2968485201724621, 0.23846346485086178, 0.08039447887691045, 0.9014407071071541, 0.8950746726533619, 0.13260920265314954], BATTLES: 279-153-198-401-306-301-369-288-301-
28, 2, -2610.0, [0.021631245351514033, 0.9850065478992036, 0.015164676540799137, 0.9801693892307113, 0.8938428050902119, 0.5794440924255235, 0.9167864994738466, 0.17538180525095529, 0.7760882359364693, 0.9923472649095209, 0.7095703999629358, 0.7147078352116188, 0.007281645556557256, 0.10106207220927123, 0.2627283009699854, 0.5657361033241189, 0.9719180125440817, 0.5786162999960447, 0.2263283639782965, 0.0207371035729456, 0.16117751650086742, 0.019427834815698975, 0.7022025798867808, 0.0014757041006405996, 0.9463962559966733, 0.9762919397203832, 0.11110780765260042, 0.9708203445001444, 0.004244184028526869, 0.9882049068069472, 0.9493081450675355, 0.02808936346418564, 0.5120029389437496, 0.7697776117945435, 0.882011832635949, 0.002017510454803163, 0.822244851824705, 0.9500873658236265, 0.8283642935974288, 0.3551187942575137, 0.7205713222538476, 0.010361433393916535, 0.9744067898635931, 0.8854671906768783, 0.05259337058077477, 0.0014092444662578956, 0.6580391995995327, 0.8010514275300128, 0.7076938651853634, 0.0016893069455764592, 0.7836336698820634, 0.9954258279096351, 0.9872406276629941, 0.9995128102917908, 0.3949635713947799, 0.10351415519071638, 0.6368538658624623, 0.46549435784130555, 0.3195377300296313, 0.16485497784400857, 0.8980108901119364, 0.8615375717084731, 0.03759234635202212], BATTLES: 294-157-218-399-299-291-351-250-314-
28, 3, -2668.0, [0.025553136803651302, 0.9747947935290273, 0.22535042717611733, 0.9960200678504063, 0.921201303219206, 0.9738432211827777, 0.9994513478516498, 0.4650522714332668, 0.9415400232341944, 0.9836546521058932, 0.8419770031399665, 0.6990355044518832, 0.04363117450622646, 0.02789139104075347, 0.0033513591455326813, 0.6671972794048942, 0.9752523070331556, 0.02985606918827434, 0.15169231968334104, 0.03327267090771481, 0.1309555946078307, 0.006537257828871032, 0.3289253003510899, 0.022236552466420898, 0.9948042386375815, 0.9698451531092019, 0.11716635506429568, 0.9735320168091159, 0.006837591839456543, 0.9777957252502543, 0.9673630933150434, 0.04620137112151599, 0.2808613602354416, 0.5168454450721497, 0.9089433153075757, 0.016770334434975154, 0.9526023820535574, 0.9960364751836508, 0.9281308623100304, 0.2698758521398802, 0.5987701770670563, 0.060437345360200366, 0.9821351835876857, 0.9338787348685513, 0.07602570979558756, 0.016070319004598283, 0.6340848958427464, 0.7179569055540124, 0.7886914099178118, 0.003707938635435514, 0.7914132311408983, 0.9674425949040152, 0.8549721602284908, 0.9848981737596897, 0.6272995403395545, 0.0796585483617837, 0.36881245887633957, 0.3470140540217336, 0.5914144981833284, 0.05024648044040673, 0.9371643830448119, 0.7828700854765668, 0.05465631265031187], BATTLES: 273-169-179-403-290-284-399-299-302-
28, 4, -2640.0, [0.04997554452917445, 0.9806835818190102, 0.27874647945662934, 0.9444485242810152, 0.8885795951645827, 0.8671724334925311, 0.9346688559678277, 0.12457907448502394, 0.9373021146280782, 0.9915224491746575, 0.8478615068720367, 0.9309508592600212, 0.01575645818139231, 0.00894037844228135, 0.3413515672395862, 0.4558415193525339, 0.9273949968095239, 0.15297874531198555, 0.5151152802168456, 0.059596439484760795, 0.04551199036791537, 0.005655589263725709, 0.3777527802017816, 0.1342804904326734, 0.9240669790289461, 0.9970388465229143, 0.6169722831225898, 0.6828211521384351, 0.12269807931899497, 0.8372697725868978, 0.9846983992508425, 0.19202978009294522, 0.7104659530148713, 0.5737903626681858, 0.7422736118872884, 0.0007146803451340356, 0.8326332896829126, 0.9613405095651404, 0.7789492219789955, 0.3489670576533993, 0.8975054031205894, 0.2678084093915135, 0.9835458170016498, 0.9633832724241999, 0.05832900895433849, 0.003674005393646162, 0.6326162498449246, 0.6589768791416963, 0.5887239550155954, 0.012369654181713537, 0.6570052943913157, 0.960624858127932, 0.7306380277835735, 0.9919915671742411, 0.5890383941962919, 0.09342399400998797, 0.8086659327723409, 0.3663499686559332, 0.4730688483887926, 0.08053810883604651, 0.8937851807114521, 0.8020806304682703, 0.01057796997670292], BATTLES: 288-180-221-426-312-297-367-262-283-
28, 5, -2617.0, [0.15546620864009755, 0.9565474967504028, 0.1487310678500563, 0.9283601461729267, 0.9171987741553809, 0.6513002283435328, 0.8263282407491068, 0.5126342663330342, 0.8849357371085973, 0.9492883633986614, 0.9669039814716935, 0.5082834927139778, 0.3529532312612471, 0.01966161967675521, 0.0586657383987284, 0.6067386540944063, 0.9957500462334424, 0.15981129464783927, 0.35823944435096977, 0.027814338836230662, 0.1546737706356478, 0.00377306326894064, 0.2950904768798883, 0.06440993578799398, 0.9182618920818805, 0.9985568251581889, 0.3685397524234856, 0.8110103451996834, 0.018516033662388902, 0.6201538795849704, 0.9120749542366553, 0.09094753214136828, 0.33533640467049014, 0.44517761535338907, 0.9490870199252555, 0.012521885233829263, 0.9920010603433367, 0.9443457599319528, 0.8288113573990504, 0.24975695563613573, 0.6776164630939563, 0.162573059850047, 0.973230480602687, 0.9407750138505873, 0.06335335599654272, 0.019312666734079435, 0.6785594977547257, 0.8057669396174376, 0.9340712151083521, 0.025474906810868052, 0.4676085624689607, 0.8560700227282905, 0.8402918119197832, 0.99297425178655, 0.5752750123836832, 0.03079403721933656, 0.4807533286903818, 0.4080254615736302, 0.6340839635124366, 0.3480160964794472, 0.9097721224608302, 0.905479242580046, 0.06209192678955395], BATTLES: 294-179-229-393-285-294-342-280-266-
28, 6, -2573.0, [0.09049269148423084, 0.9524302520458295, 0.17440734829402052, 0.9818002431120489, 0.8384572892081674, 0.8798241846568083, 0.9731156906950598, 0.26386730842302264, 0.8668010740819242, 0.9752021535503329, 0.9932771267264076, 0.983694442714226, 0.03799325049341269, 0.020507034082501513, 0.38339536203182273, 0.3307595416723507, 0.9522491135354926, 0.11267136754985707, 0.5413022538600771, 0.041832356259461946, 0.06999754030947891, 0.0002031524058580432, 0.47046487912351664, 0.07575950943312415, 0.9185406345202182, 0.9992471315713995, 0.5950091261089555, 0.6489521690178538, 0.08715580100781226, 0.942166194767481, 0.9342524027507437, 0.057687979610614254, 0.5561976819493532, 0.6397650795570475, 0.8309294648333866, 0.001746377910552373, 0.9577695351974749, 0.9833732296382516, 0.8521706921191127, 0.3519002371892689, 0.663481677861193, 0.22742114847017492, 0.9994926754008395, 0.8749959766978441, 0.051882056783132645, 0.0005798246620978584, 0.7044861813979632, 0.8166503196132153, 0.6981695458565974, 0.012379972639193408, 0.6348757672565759, 0.994581835082335, 0.8215032449780793, 0.9952749210785204, 0.6515869072534496, 0.13356724222810723, 0.5997308236268571, 0.33854990787065475, 0.18571070612942736, 0.11174034289129516, 0.9340390714976629, 0.6992804328395565, 0.0022458785600484345], BATTLES: 287-171-212-428-273-290-349-273-288-
28, 7, -2647.0, [0.07631495517805371, 0.9472607153094251, 0.020214660677022933, 0.7849544511752586, 0.8813827952357213, 0.6159131417016531, 0.9143227900030771, 0.6326403835060032, 0.871022278801257, 0.935842072989189, 0.7514087996152211, 0.730486510727393, 0.1406384922725775, 0.06569906836103191, 0.2923472643327852, 0.4989808017148083, 0.9885437505389426, 0.07817355419585136, 0.44359817484430375, 0.03906044755930277, 0.13809726024947355, 0.007553160352693125, 0.40386545139040403, 0.044577444564165465, 0.9026403505791452, 0.9695705463216604, 0.6785797602809024, 0.9965533309443066, 0.039473572416254904, 0.6572546623144544, 0.9538615848009059, 0.05570750208114861, 0.41390867018152977, 0.7875345553180495, 0.7765737520856653, 0.006144536545661088, 0.8580529099033106, 0.9293607251572922, 0.6492561885673535, 0.30425557398210573, 0.6757157243965739, 0.323431119440724, 0.9667640594967909, 0.9163180356354481, 0.0814107815172832, 0.12397971507730386, 0.6794582603360294, 0.7916023662583013, 0.9715881137847869, 0.01568212348145255, 0.5276396533574279, 0.8923532615401626, 0.7764281862469693, 0.9808990192810256, 0.41886704560796034, 0.10311015082044081, 0.6247525139322967, 0.38772860126974756, 0.23232692758494372, 0.2225905945238782, 0.9885379762917376, 0.8241564804977254, 0.09130183820171864], BATTLES: 299-154-221-405-307-293-362-297-271-
28, 8, -2635.0, [0.0016290846688529412, 0.9530457092110506, 0.18969565927956353, 0.9872412768770619, 0.9376413325152998, 0.8673877267599663, 0.9818946747513628, 0.24381427411801299, 0.7869947079458385, 0.9996614824831265, 0.7857293873613304, 0.6988647528698471, 0.017808221576317305, 0.025074093485515293, 0.3897720091225067, 0.41782305107861345, 0.9341455484914795, 0.07276822520121332, 0.4611765051152461, 0.06001947604744977, 0.04757798093059845, 0.000455688402326849, 0.2080511539677189, 0.04936104989332721, 0.8971173352342267, 0.992860658130507, 0.4474997692691834, 0.9734954484805926, 0.049856002533913896, 0.9011869633393723, 0.9079601499494945, 0.3291802746713821, 0.8647131709309377, 0.47762354979470384, 0.9875496538783742, 0.0017608216602381318, 0.9186641160004896, 0.9550913596594722, 0.9495129031175901, 0.287293933516125, 0.7394262367511374, 0.1752958113466682, 0.9772970915327293, 0.826199662195949, 0.0796445887794303, 0.0031586375265021324, 0.6774015373189438, 0.7596694189097111, 0.491333920690206, 0.04303275056802175, 0.7193660394974526, 0.9997355234801742, 0.40786189155535457, 0.9835695987814682, 0.5067832229150967, 0.15836229585478023, 0.4632182425474834, 0.1845809461521472, 0.11245879625262437, 0.23786602180931452, 0.9524601432997448, 0.7121796660389292, 0.0037863886676510992], BATTLES: 303-177-200-391-278-324-358-271-282-
28, 9, -2605.0, [0.044796103907817166, 0.996241685067998, 0.0056471035784091544, 0.9808257601745407, 0.9223862971780429, 0.7197102434282222, 0.88152192082772, 0.16517345124687147, 0.6519038970496244, 0.9545636783652258, 0.8839005362105761, 0.8272517449501972, 0.040370634640103986, 0.006491804642953153, 0.18496533347705094, 0.5925393456348894, 0.992121078825612, 0.2026421715511866, 0.6188339584186355, 0.039946288264556644, 0.06566770506346917, 0.02960648397740448, 0.5738406648698462, 0.014163326683797398, 0.9136099887666809, 0.9662996558072348, 0.6429567899994814, 0.9569415763520037, 0.07612762574964857, 0.9444880677143783, 0.9230683953178295, 0.009650847033309122, 0.39254405805247294, 0.6254527980305444, 0.7056279486878798, 0.01698092347297115, 0.9221317170547135, 0.9493623929748142, 0.5007723021878598, 0.4664223099482405, 0.7008924854240552, 0.6814130754389349, 0.9957066221652087, 0.8685845694684857, 0.024325192599130952, 0.01418896914423457, 0.6592971592595337, 0.7138030031945903, 0.6981683069047184, 0.013914655447529917, 0.5770084125216388, 0.9824603186171447, 0.6938989488386285, 0.9771207277733354, 0.4584126120731964, 0.10974044871677223, 0.7780310604596122, 0.2515560755886167, 0.5379043376953299, 0.3674048123671572, 0.9263926425525596, 0.7602895754259713, 0.012889652929324265], BATTLES: 288-167-222-416-279-288-364-272-288-
28, 10, -2674.0, [0.25715054388375547, 0.9552546615790635, 0.22709000709546362, 0.9486733781310497, 0.9121419948185399, 0.7933333057574078, 0.972912437910815, 0.5020227160908627, 0.8674741557751525, 0.9777104152115913, 0.9464781019790277, 0.6782592711236942, 0.17832802294540118, 0.0020415505385760896, 0.03995825546131353, 0.6369284557603875, 0.9894557750104453, 0.07712974377843024, 0.1696120310800594, 0.025874789551501416, 0.20565193755781014, 0.021236786892116756, 0.25951284391209567, 0.0010485446359653414, 0.9643827793950984, 0.9565227932331855, 0.4343317664364215, 0.8048637076260987, 0.03707645318992327, 0.7896841769754973, 0.8574672860704807, 0.2433516094552185, 0.4953693368144669, 0.4391229269610014, 0.817125504966257, 0.021275946642735775, 0.8124847437352748, 0.9904568264252274, 0.8527998960923346, 0.1075162759312405, 0.7383546424753927, 0.14417030565633035, 0.9698043785463077, 0.9692004594208022, 0.0398193321659179, 0.20178118884161877, 0.6890476539276129, 0.7342742300647961, 0.6310942828154836, 0.013741930451647875, 0.3923657378659249, 0.894650360825969, 0.5024439736050227, 0.9884612893136175, 0.460562168928319, 0.024927504635832123, 0.6491301717271856, 0.19115180503668747, 0.6384371065441558, 0.013616527726529326, 0.9121371954286187, 0.9284056312386934, 0.06055646008943592], BATTLES: 303-165-235-441-288-317-371-266-288-
28, 11, -2674.0, [0.08753826181424404, 0.9607710496193337, 0.12129384557251793, 0.97478746223289, 0.9268885430510556, 0.9023197586525612, 0.9920086638486088, 0.48887789471806786, 0.6653765017226657, 0.975737474007436, 0.8148326858239198, 0.8445177404278846, 0.03325998606916823, 0.0681566127268181, 0.0037395381953042733, 0.42801885101793935, 0.9731233174158278, 0.37665213747968956, 0.1439650699916178, 0.02250884318019763, 0.13022532105219503, 0.0013736055402912388, 0.5146549042435479, 0.17626804462859666, 0.93167587892891, 0.995530205229064, 0.4617111443165778, 0.9787800448882452, 0.052998960288120386, 0.9495802697243627, 0.8785612207446913, 0.12351667616750112, 0.6082445745127537, 0.9370733250233332, 0.9198686255626208, 0.00040570220207439446, 0.7588212642052408, 0.9884707361943312, 0.9851647882106729, 0.2873291276350303, 0.6423735267960414, 0.006424423459050671, 0.9799878237908756, 0.8745005244830582, 0.01941468373985239, 0.027450364752770674, 0.5991575069786034, 0.7177439832720689, 0.7729523558711363, 0.0045535412021695445, 0.6872116920747539, 0.9262904822267372, 0.8993314888477335, 0.9971974298325507, 0.4430002811981664, 0.06018557764825397, 0.5407718758707094, 0.34502092349073854, 0.09273023009374859, 0.029227553723481958, 0.8402190401905113, 0.760467902483168, 0.0704391566931761], BATTLES: 281-161-219-434-294-328-388-263-306-
28, 12, -2626.0, [0.0691438465417451, 0.8858545611491335, 0.13789480937914592, 0.9689427732435827, 0.8644785033245116, 0.8516686077690514, 0.9807669195675806, 0.3362836083309122, 0.9996870440082821, 0.8934734820036104, 0.977622131774425, 0.9824180874574354, 0.02869984566366102, 0.04736303195672799, 0.4015974942948379, 0.735364583979743, 0.9292033319290011, 0.5232657886873818, 0.38517102785761254, 0.04487478193387187, 0.02043727406302029, 0.024419219437359772, 0.11379390785638097, 0.016368238247116154, 0.9869257855821109, 0.9805599469758776, 0.4052365280927225, 0.9157519236562346, 0.13083525747657138, 0.9141811192886646, 0.9322620688759582, 0.09272489622260724, 0.7231281923429675, 0.5422094479429866, 0.9986033422992782, 0.03088169117240235, 0.885913211823817, 0.951577284675022, 0.9618463113280167, 0.0976516646694366, 0.7901994125439132, 0.31170433508159706, 0.9975418991141742, 0.9583633849141053, 0.06291882174009744, 0.10234192084923495, 0.7104505977836673, 0.8125475970710847, 0.8456188200816988, 0.002318336716747124, 0.8031733035152917, 0.8807416862360791, 0.7264749187696927, 0.9748878008362379, 0.5431507099570704, 0.07810379978876833, 0.7980610668784617, 0.48272529799067715, 0.3870613280794008, 0.3645002909768869, 0.7941184610157261, 0.8866148331253114, 0.06215749642265429], BATTLES: 294-176-207-433-272-305-330-262-284-
28, 13, -2605.0, [0.07602107291505404, 0.998198652276032, 0.18780533716507114, 0.9486822748617622, 0.8895707501349204, 0.90038090110483, 0.9171553862912728, 0.32834146201245035, 0.9014009733952725, 0.9813445840783357, 0.7385224936299128, 0.8118467466748773, 0.02837969885925458, 0.12362878902880045, 0.14816344658021965, 0.5413900780424699, 0.9424033084297637, 0.34061479166445774, 0.3818629634599438, 0.036723226641528786, 0.1416158304516162, 0.016966913983300018, 0.3192586761348273, 0.026011698328235047, 0.9351500005398284, 0.9005114848412937, 0.4263039216238633, 0.9183466833574213, 0.014473833279003728, 0.8646800463449191, 0.9745883272239377, 0.4097468203130631, 0.8091476517594977, 0.3929042550521732, 0.9504306185867595, 0.015527393925005205, 0.9166701616703754, 0.9556396437475168, 0.8821346696289449, 0.2098695665113383, 0.8165235101294802, 0.3513563774320906, 0.9853562553218261, 0.8988838665429317, 0.04360443282011629, 0.017426449918849844, 0.5836850731146498, 0.7605415632341386, 0.7946778260531545, 0.013745449456359998, 0.44624933749867, 0.9682585718104183, 0.3594237773906688, 0.9707575590979773, 0.5695094147524848, 0.08201160523224743, 0.6372140994013786, 0.278103571434514, 0.04559743991626347, 0.34339003249176364, 0.9385064115795434, 0.9045674548669553, 0.06161453550609933], BATTLES: 292-153-214-410-284-303-386-285-273-
28, 14, -2649.0, [0.1765858084694757, 0.9762785996402193, 0.3271788095197556, 0.980405006487058, 0.8603602160178514, 0.9809042877251852, 0.9803393308784318, 0.18903335844727862, 0.9368439172900728, 0.9074195521244324, 0.9248134484106983, 0.7228862721378634, 0.03180314166193008, 0.027688181904052034, 0.24860964830948645, 0.5522607196957762, 0.9181562009980325, 0.24226532699558168, 0.1795193091217582, 0.011748383429962893, 0.08342608057196496, 0.012207476253578414, 0.3297917096153954, 0.06614357477964034, 0.9823633295911227, 0.9961099918306342, 0.441260565604072, 0.9489618007707864, 0.06471491473265667, 0.8822708375554686, 0.9622364148244127, 0.13540388836824874, 0.6032422816521221, 0.5808773393853769, 0.9060257353901917, 0.026776810499772652, 0.7895567715635214, 0.9866304233356604, 0.8795708384287773, 0.12045441694378385, 0.6893526051466875, 0.0863362909001151, 0.9552273257542062, 0.9230247669211048, 0.0677680051035138, 0.09000967040045525, 0.5811458370815159, 0.6217444256993933, 0.5886700312237018, 0.0017476843772966412, 0.40267488043630345, 0.9794781655261844, 0.4149290102937556, 0.9805278362563847, 0.6255457644682334, 0.020972615999948246, 0.43456518140702366, 0.31150162166562817, 0.25775770245408347, 0.17447098878224937, 0.9684247799643967, 0.9801639054451481, 0.06772852808284312], BATTLES: 292-184-210-398-288-312-384-280-301-
29, 0, -2659.0, [0.030278782858512328, 0.9720549149148326, 0.10712212486132916, 0.9597177456879709, 0.8922062058897413, 0.8330188758506922, 0.9533387130549695, 0.22636441611617442, 0.8261541338904796, 0.9764900917407546, 0.8284315870424764, 0.7128463355409264, 0.04404358343509452, 0.012546922487061907, 0.3219590322646744, 0.5580037315010999, 0.9430309420846541, 0.0809945426978089, 0.3238772897288432, 0.0272974497837651, 0.09744863459026376, 0.015759392200164726, 0.4473059356633534, 0.043257208631188475, 0.932845652482002, 0.9980462317502068, 0.301222818614175, 0.9099665392109009, 0.06894197134359503, 0.9243843765648787, 0.9439351187239735, 0.12552999146880034, 0.5129021162108288, 0.5565554298426412, 0.7722164227216434, 0.0024350576924367156, 0.933982451176521, 0.9439165433366281, 0.6856730662480542, 0.2699497941239885, 0.7968089456145601, 0.29869869905936125, 0.9781189065408558, 0.8717454975713648, 0.06616151966168846, 0.00030362726007888974, 0.6703681368773574, 0.7336887254048919, 0.8129511658344447, 0.003862545095174174, 0.6570610965347466, 0.9932594921441411, 0.7280568172960473, 0.9952790498985374, 0.40955110360622116, 0.08720498792357577, 0.5600052995302057, 0.29160936499310397, 0.46020570035758745, 0.28572258746400037, 0.9348286004485714, 0.7858834473083005, 0.01585514874883826], BATTLES: 273-171-234-406-323-315-373-288-276-
29, 1, -2687.0, [0.04826522415848308, 0.9496115142635928, 0.1282209401831235, 0.9683081600997041, 0.8907054394332219, 0.9248706033131116, 0.9990168125543843, 0.4438056371163053, 0.9100098987921177, 0.9888152191432734, 0.6907357311246216, 0.7742785236146312, 0.04514587291772062, 0.05602921194429572, 0.29276282706035395, 0.39187009249555593, 0.9755561860273871, 0.14917862716495206, 0.12343233386248983, 0.018108246454037174, 0.12630695347673704, 0.0022917203126812083, 0.5675788056703648, 0.09343005538382367, 0.9443719176452282, 0.9896798016072039, 0.4775813238037614, 0.8835812319547404, 0.017488483428748553, 0.9396210802354227, 0.9369256142140303, 0.0606736834458384, 0.4522837275491813, 0.6713547944319419, 0.7814450193976036, 0.02160028936558837, 0.8107354803255484, 0.9914956523891603, 0.9253555912683109, 0.26723049177299185, 0.7142617577507762, 0.08975399174442494, 0.9596031219631674, 0.9290950351634029, 0.055237237819008814, 0.10068273158563519, 0.5995530562380399, 0.749678148325227, 0.9949692927978329, 0.004388702172579325, 0.6232421133729402, 0.9638846318685376, 0.7231787608731727, 0.9774202736900073, 0.5796951641643798, 0.12792010586231647, 0.6013043830605636, 0.2390290243101675, 0.23846346485086178, 0.040197239438455226, 0.9014407071071541, 0.8637155483722546, 0.13260920265314954], BATTLES: 291-165-201-413-305-305-395-293-282-
29, 2, -2650.0, [0.021631245351514033, 0.9850065478992036, 0.015164676540799137, 0.9801693892307113, 0.8938428050902119, 0.5794440924255235, 0.9167864994738466, 0.17538180525095529, 0.7760882359364693, 0.9923472649095209, 0.7095703999629358, 0.7147078352116188, 0.007281645556557256, 0.10106207220927123, 0.2627283009699854, 0.5657361033241189, 0.9719180125440817, 0.5786162999960447, 0.2263283639782965, 0.0207371035729456, 0.16117751650086742, 0.019427834815698975, 0.7022025798867808, 0.0014757041006405996, 0.9463962559966733, 0.9762919397203832, 0.11110780765260042, 0.9708203445001444, 0.004244184028526869, 0.9882049068069472, 0.9493081450675355, 0.02808936346418564, 0.5120029389437496, 0.7697776117945435, 0.882011832635949, 0.002017510454803163, 0.822244851824705, 0.9500873658236265, 0.8283642935974288, 0.3551187942575137, 0.7205713222538476, 0.010361433393916535, 0.9744067898635931, 0.8854671906768783, 0.05259337058077477, 0.0014092444662578956, 0.6580391995995327, 0.8010514275300128, 0.7076938651853634, 0.0016893069455764592, 0.7836336698820634, 0.9954258279096351, 0.9872406276629941, 0.9995128102917908, 0.3949635713947799, 0.10351415519071638, 0.6368538658624623, 0.46549435784130555, 0.3195377300296313, 0.16485497784400857, 0.8980108901119364, 0.8615375717084731, 0.03759234635202212], BATTLES: 303-158-230-418-307-307-349-273-305-
29, 3, -2656.0, [0.025553136803651302, 0.9747947935290273, 0.22535042717611733, 0.9960200678504063, 0.921201303219206, 0.9061794013212017, 0.9994513478516498, 0.5951595816368069, 0.9415400232341944, 0.9836546521058932, 0.8419770031399665, 0.648622729001493, 0.10779084405405692, 0.02789139104075347, 0.0016756795727663407, 0.6671972794048942, 0.9752523070331556, 0.22548880956354378, 0.07584615984167052, 0.01761512473050935, 0.1309555946078307, 0.010911917387551416, 0.39181464420666295, 0.03201706917753991, 0.9840771480581767, 0.9628712099166075, 0.10381129288672289, 0.9735320168091159, 0.0034187959197282715, 0.9888978626251271, 0.8647692103890331, 0.10669007701171972, 0.2808613602354416, 0.5168454450721497, 0.949278107033333, 0.018407644496607437, 0.9526023820535574, 0.9943313963143561, 0.9896763881196788, 0.2698758521398802, 0.5444366178857463, 0.060437345360200366, 0.9821351835876857, 0.9338787348685513, 0.04070189664079289, 0.11284933713316746, 0.6441966731145008, 0.7179569055540124, 0.6792361609318327, 0.003707938635435514, 0.6179740399299927, 0.9170687270947143, 0.7685280342930376, 0.9995138660507029, 0.6272995403395545, 0.023686198804350925, 0.3746544023730603, 0.3470140540217336, 0.5914144981833284, 0.05024648044040673, 0.8924115397679669, 0.800989773892429, 0.05465631265031187], BATTLES: 277-171-199-409-297-308-366-290-289-
29, 4, -2582.0, [0.04997554452917445, 0.9806835818190102, 0.27874647945662934, 0.9444485242810152, 0.8885795951645827, 0.8671724334925311, 0.9346688559678277, 0.12457907448502394, 0.9373021146280782, 0.9915224491746575, 0.8478615068720367, 0.9309508592600212, 0.01575645818139231, 0.00894037844228135, 0.3413515672395862, 0.4558415193525339, 0.9273949968095239, 0.15297874531198555, 0.5151152802168456, 0.059596439484760795, 0.04551199036791537, 0.005655589263725709, 0.3777527802017816, 0.1342804904326734, 0.9240669790289461, 0.9970388465229143, 0.6169722831225898, 0.6828211521384351, 0.12269807931899497, 0.8372697725868978, 0.9846983992508425, 0.19202978009294522, 0.7104659530148713, 0.5737903626681858, 0.7422736118872884, 0.0007146803451340356, 0.8326332896829126, 0.9613405095651404, 0.7789492219789955, 0.3489670576533993, 0.8975054031205894, 0.2678084093915135, 0.9835458170016498, 0.9633832724241999, 0.05832900895433849, 0.003674005393646162, 0.6326162498449246, 0.6589768791416963, 0.5887239550155954, 0.012369654181713537, 0.6570052943913157, 0.960624858127932, 0.7306380277835735, 0.9919915671742411, 0.5890383941962919, 0.09342399400998797, 0.8086659327723409, 0.3663499686559332, 0.4730688483887926, 0.08053810883604651, 0.8937851807114521, 0.8020806304682703, 0.01057796997670292], BATTLES: 289-148-223-397-296-283-380-289-277-
29, 5, -2630.0, [0.15546620864009755, 0.9565474967504028, 0.1487310678500563, 0.9283601461729267, 0.9171987741553809, 0.6513002283435328, 0.8263282407491068, 0.5126342663330342, 0.8849357371085973, 0.9492883633986614, 0.9669039814716935, 0.5082834927139778, 0.3529532312612471, 0.01966161967675521, 0.0586657383987284, 0.6067386540944063, 0.9957500462334424, 0.15981129464783927, 0.35823944435096977, 0.027814338836230662, 0.1546737706356478, 0.00377306326894064, 0.2950904768798883, 0.06440993578799398, 0.9182618920818805, 0.9985568251581889, 0.3685397524234856, 0.8110103451996834, 0.018516033662388902, 0.6201538795849704, 0.9120749542366553, 0.09094753214136828, 0.33533640467049014, 0.44517761535338907, 0.9490870199252555, 0.012521885233829263, 0.9920010603433367, 0.9443457599319528, 0.8288113573990504, 0.24975695563613573, 0.6776164630939563, 0.162573059850047, 0.973230480602687, 0.9407750138505873, 0.06335335599654272, 0.019312666734079435, 0.6785594977547257, 0.8057669396174376, 0.9340712151083521, 0.025474906810868052, 0.4676085624689607, 0.8560700227282905, 0.8402918119197832, 0.99297425178655, 0.5752750123836832, 0.03079403721933656, 0.4807533286903818, 0.4080254615736302, 0.6340839635124366, 0.3480160964794472, 0.9097721224608302, 0.905479242580046, 0.06209192678955395], BATTLES: 285-169-209-415-279-323-354-294-302-
29, 6, -2544.0, [0.09049269148423084, 0.9424037245377469, 0.2259481435638535, 0.9818253334844275, 0.8859813183683332, 0.9482322099658047, 0.9860445932170318, 0.3884316497955668, 0.8668010740819242, 0.9752021535503329, 0.9498577309574705, 0.983694442714226, 0.0373614640655583, 0.008477599139844555, 0.38339536203182273, 0.3307595416723507, 0.9450759308287574, 0.11267136754985707, 0.5413022538600771, 0.05030474001971781, 0.04734163698841228, 0.0001015762029290216, 0.47046487912351664, 0.07575950943312415, 0.9185406345202182, 0.9992471315713995, 0.5950091261089555, 0.6489521690178538, 0.09201835181012724, 0.942166194767481, 0.9342524027507437, 0.057687979610614254, 0.5561976819493532, 0.6419529911723231, 0.9134834620920291, 0.001746377910552373, 0.9142467529029102, 0.9876612395981382, 0.960052334510249, 0.35352957470782126, 0.6012308027646704, 0.20362310924492405, 0.9994926754008395, 0.8496270466861611, 0.049582940313602636, 0.0005798246620978584, 0.7044861813979632, 0.8166503196132153, 0.6981695458565974, 0.012379972639193408, 0.6348757672565759, 0.9674221089977136, 0.8215032449780793, 0.9893232395727067, 0.6105100637653555, 0.15997372746172617, 0.5997308236268571, 0.33854990787065475, 0.07466401805812306, 0.11174034289129516, 0.9340390714976629, 0.6992804328395565, 0.0011229392800242172], BATTLES: 296-140-219-405-267-308-354-270-277-
29, 7, -2722.0, [0.07631495517805371, 0.9472607153094251, 0.020214660677022933, 0.7849544511752586, 0.8813827952357213, 0.6159131417016531, 0.9143227900030771, 0.6326403835060032, 0.871022278801257, 0.935842072989189, 0.7514087996152211, 0.730486510727393, 0.1406384922725775, 0.06569906836103191, 0.2923472643327852, 0.4989808017148083, 0.9885437505389426, 0.07817355419585136, 0.44359817484430375, 0.03906044755930277, 0.13809726024947355, 0.007553160352693125, 0.40386545139040403, 0.044577444564165465, 0.9026403505791452, 0.9695705463216604, 0.6785797602809024, 0.9965533309443066, 0.039473572416254904, 0.6572546623144544, 0.9538615848009059, 0.05570750208114861, 0.41390867018152977, 0.7875345553180495, 0.7765737520856653, 0.006144536545661088, 0.8580529099033106, 0.9293607251572922, 0.6492561885673535, 0.30425557398210573, 0.6757157243965739, 0.323431119440724, 0.9667640594967909, 0.9163180356354481, 0.0814107815172832, 0.12397971507730386, 0.6794582603360294, 0.7916023662583013, 0.9715881137847869, 0.01568212348145255, 0.5276396533574279, 0.8923532615401626, 0.7764281862469693, 0.9808990192810256, 0.41886704560796034, 0.10311015082044081, 0.6247525139322967, 0.38772860126974756, 0.23232692758494372, 0.2225905945238782, 0.9885379762917376, 0.8241564804977254, 0.09130183820171864], BATTLES: 319-176-226-433-291-327-372-257-321-
29, 8, -2596.0, [0.0016290846688529412, 0.9530457092110506, 0.18969565927956353, 0.9872412768770619, 0.9376413325152998, 0.8673877267599663, 0.9818946747513628, 0.24381427411801299, 0.7869947079458385, 0.9996614824831265, 0.7857293873613304, 0.6988647528698471, 0.017808221576317305, 0.025074093485515293, 0.3897720091225067, 0.41782305107861345, 0.9341455484914795, 0.07276822520121332, 0.4611765051152461, 0.06001947604744977, 0.04757798093059845, 0.000455688402326849, 0.2080511539677189, 0.04936104989332721, 0.8971173352342267, 0.992860658130507, 0.4474997692691834, 0.9734954484805926, 0.049856002533913896, 0.9011869633393723, 0.9079601499494945, 0.3291802746713821, 0.8647131709309377, 0.47762354979470384, 0.9875496538783742, 0.0017608216602381318, 0.9186641160004896, 0.9550913596594722, 0.9495129031175901, 0.287293933516125, 0.7394262367511374, 0.1752958113466682, 0.9772970915327293, 0.826199662195949, 0.0796445887794303, 0.0031586375265021324, 0.6774015373189438, 0.7596694189097111, 0.491333920690206, 0.04303275056802175, 0.7193660394974526, 0.9997355234801742, 0.40786189155535457, 0.9835695987814682, 0.5067832229150967, 0.15836229585478023, 0.4632182425474834, 0.1845809461521472, 0.11245879625262437, 0.23786602180931452, 0.9524601432997448, 0.7121796660389292, 0.0037863886676510992], BATTLES: 277-183-216-423-295-300-351-270-281-
29, 9, -2657.0, [0.044796103907817166, 0.996241685067998, 0.0056471035784091544, 0.9808257601745407, 0.9223862971780429, 0.7197102434282222, 0.88152192082772, 0.16517345124687147, 0.6519038970496244, 0.9545636783652258, 0.8839005362105761, 0.8272517449501972, 0.040370634640103986, 0.006491804642953153, 0.18496533347705094, 0.5925393456348894, 0.992121078825612, 0.2026421715511866, 0.6188339584186355, 0.039946288264556644, 0.06566770506346917, 0.02960648397740448, 0.5738406648698462, 0.014163326683797398, 0.9136099887666809, 0.9662996558072348, 0.6429567899994814, 0.9569415763520037, 0.07612762574964857, 0.9444880677143783, 0.9230683953178295, 0.009650847033309122, 0.39254405805247294, 0.6254527980305444, 0.7056279486878798, 0.01698092347297115, 0.9221317170547135, 0.9493623929748142, 0.5007723021878598, 0.4664223099482405, 0.7008924854240552, 0.6814130754389349, 0.9957066221652087, 0.8685845694684857, 0.024325192599130952, 0.01418896914423457, 0.6592971592595337, 0.7138030031945903, 0.6981683069047184, 0.013914655447529917, 0.5770084125216388, 0.9824603186171447, 0.6938989488386285, 0.9771207277733354, 0.4584126120731964, 0.10974044871677223, 0.7780310604596122, 0.2515560755886167, 0.5379043376953299, 0.3674048123671572, 0.9263926425525596, 0.7602895754259713, 0.012889652929324265], BATTLES: 302-161-235-437-292-287-373-300-270-
29, 10, -2590.0, [0.25715054388375547, 0.9552546615790635, 0.22709000709546362, 0.9486733781310497, 0.9121419948185399, 0.7933333057574078, 0.972912437910815, 0.5020227160908627, 0.8674741557751525, 0.9777104152115913, 0.9464781019790277, 0.6782592711236942, 0.17832802294540118, 0.0020415505385760896, 0.03995825546131353, 0.6369284557603875, 0.9894557750104453, 0.07712974377843024, 0.1696120310800594, 0.025874789551501416, 0.20565193755781014, 0.021236786892116756, 0.25951284391209567, 0.0010485446359653414, 0.9643827793950984, 0.9565227932331855, 0.4343317664364215, 0.8048637076260987, 0.03707645318992327, 0.7896841769754973, 0.8574672860704807, 0.2433516094552185, 0.4953693368144669, 0.4391229269610014, 0.817125504966257, 0.021275946642735775, 0.8124847437352748, 0.9904568264252274, 0.8527998960923346, 0.1075162759312405, 0.7383546424753927, 0.14417030565633035, 0.9698043785463077, 0.9692004594208022, 0.0398193321659179, 0.20178118884161877, 0.6890476539276129, 0.7342742300647961, 0.6310942828154836, 0.013741930451647875, 0.3923657378659249, 0.894650360825969, 0.5024439736050227, 0.9884612893136175, 0.460562168928319, 0.024927504635832123, 0.6491301717271856, 0.19115180503668747, 0.6384371065441558, 0.013616527726529326, 0.9121371954286187, 0.9284056312386934, 0.06055646008943592], BATTLES: 292-182-188-403-271-303-379-266-306-
29, 11, -2646.0, [0.02853344925986441, 0.9607710496193337, 0.2027736776893157, 0.9521251927661999, 0.9608960410794403, 0.9680027251003206, 0.9920086638486088, 0.48887789471806786, 0.6450092382186394, 0.975737474007436, 0.8017334299546423, 0.8063442367972279, 0.03325998606916823, 0.0681566127268181, 0.0037395381953042733, 0.42801885101793935, 0.9731233174158278, 0.37665213747968956, 0.1439650699916178, 0.004330878709639878, 0.13022532105219503, 0.0013736055402912388, 0.5146549042435479, 0.14817448634274394, 0.9172621272777652, 0.995530205229064, 0.560648594693184, 0.9787800448882452, 0.052998960288120386, 0.9747901348621814, 0.8273271603965408, 0.12351667616750112, 0.6082445745127537, 0.9370733250233332, 0.9198686255626208, 0.006117875759734404, 0.7588212642052408, 0.9884707361943312, 0.9925823941053364, 0.2873291276350303, 0.6423735267960414, 0.006424423459050671, 0.9799878237908756, 0.8745005244830582, 0.01941468373985239, 0.14789207579327637, 0.5991575069786034, 0.7857361987716764, 0.7729523558711363, 0.0022767706010847722, 0.7110014834281245, 0.9262904822267372, 0.6018261237725582, 0.9971974298325507, 0.4430002811981664, 0.07748885915149767, 0.5101179853456629, 0.17897891571096608, 0.09273023009374859, 0.014613776861740979, 0.8198190909298403, 0.760467902483168, 0.0704391566931761], BATTLES: 296-163-248-416-283-304-348-280-267-
29, 12, -2632.0, [0.03457192327087255, 0.9429272805745668, 0.13789480937914592, 0.9689427732435827, 0.8988098249931247, 0.8516686077690514, 0.9903834597837903, 0.3362836083309122, 0.9996870440082821, 0.8934734820036104, 0.977622131774425, 0.7384803413288271, 0.02869984566366102, 0.12458589455493649, 0.029696066835622648, 0.735364583979743, 0.9292033319290011, 0.5375578896664347, 0.38517102785761254, 0.04487478193387187, 0.02043727406302029, 0.024419219437359772, 0.11379390785638097, 0.016368238247116154, 0.9869257855821109, 0.9805599469758776, 0.4052365280927225, 0.9578759618281173, 0.13083525747657138, 0.9141811192886646, 0.9322620688759582, 0.09272489622260724, 0.49775616494896824, 0.5422094479429866, 0.9986033422992782, 0.03088169117240235, 0.885913211823817, 0.9757886423375111, 0.9120654378320487, 0.0976516646694366, 0.5001547277260477, 0.15585216754079853, 0.9987709495570871, 0.9583633849141053, 0.05050685040225201, 0.10234192084923495, 0.456825862957572, 0.7586238147850184, 0.8456188200816988, 0.003428695616904611, 0.8031733035152917, 0.8807416862360791, 0.8632374593848464, 0.9748878008362379, 0.6001516336721485, 0.13253861231646963, 0.7980610668784617, 0.3294254742071624, 0.3870613280794008, 0.18225014548844345, 0.7941184610157261, 0.7820725774902894, 0.0820434108217098], BATTLES: 279-177-227-408-307-309-350-255-256-
29, 13, -2614.0, [0.16086486741499614, 0.9530635272647993, 0.18780533716507114, 0.974341137430881, 0.9269555953847051, 0.90038090110483, 0.9716711704239209, 0.32834146201245035, 0.9507004866976363, 0.9906722920391678, 0.7385224936299128, 0.6218368167369497, 0.0893354562415886, 0.12362878902880045, 0.14816344658021965, 0.5777181580152164, 0.9593601493712223, 0.13375821086179784, 0.2981222018735586, 0.01095195525499032, 0.15820166378574982, 0.008483456991650009, 0.22600731127262821, 0.013005849164117523, 0.9351500005398284, 0.9585846798617327, 0.3280388897484249, 0.8759702511166337, 0.007236916639501864, 0.8152902554505023, 0.9176751783073217, 0.3274857411986192, 0.9043202836544925, 0.24293290720288294, 0.9014979607924528, 0.013345623912046547, 0.8582278668604741, 0.9778198218737584, 0.8821346696289449, 0.15087140305179797, 0.6514398364391013, 0.2924273659908298, 0.9749524655919023, 0.8439267476872945, 0.04360443282011629, 0.013941594025878815, 0.6689699730165628, 0.7605415632341386, 0.6470681181656949, 0.03620980232547081, 0.3470100976570788, 0.9328395137710906, 0.27706434422264153, 0.9864347023488326, 0.638199411803649, 0.08201160523224743, 0.38721823295604635, 0.17013373822593922, 0.022798719958131736, 0.17169501624588182, 0.9919878539299491, 0.8593562565300137, 0.01246683241853306], BATTLES: 289-173-219-393-285-313-368-273-298-
29, 14, -2656.0, [0.1765858084694757, 0.9762785996402193, 0.3271788095197556, 0.980405006487058, 0.8603602160178514, 0.9809042877251852, 0.9803393308784318, 0.18903335844727862, 0.9368439172900728, 0.9074195521244324, 0.9248134484106983, 0.7228862721378634, 0.03180314166193008, 0.027688181904052034, 0.24860964830948645, 0.5522607196957762, 0.9181562009980325, 0.24226532699558168, 0.1795193091217582, 0.011748383429962893, 0.08342608057196496, 0.012207476253578414, 0.3297917096153954, 0.06614357477964034, 0.9823633295911227, 0.9961099918306342, 0.441260565604072, 0.9489618007707864, 0.06471491473265667, 0.8822708375554686, 0.9622364148244127, 0.13540388836824874, 0.6032422816521221, 0.5808773393853769, 0.9060257353901917, 0.026776810499772652, 0.7895567715635214, 0.9866304233356604, 0.8795708384287773, 0.12045441694378385, 0.6893526051466875, 0.0863362909001151, 0.9552273257542062, 0.9230247669211048, 0.0677680051035138, 0.09000967040045525, 0.5811458370815159, 0.6217444256993933, 0.5886700312237018, 0.0017476843772966412, 0.40267488043630345, 0.9794781655261844, 0.4149290102937556, 0.9805278362563847, 0.6255457644682334, 0.020972615999948246, 0.43456518140702366, 0.31150162166562817, 0.25775770245408347, 0.17447098878224937, 0.9684247799643967, 0.9801639054451481, 0.06772852808284312], BATTLES: 302-179-196-417-289-291-382-296-304-
30, 0, -2648.0, [0.08275019306968075, 0.9720549149148326, 0.10712212486132916, 0.9597177456879709, 0.8922062058897413, 0.8330188758506922, 0.9533387130549695, 0.5747954492096836, 0.8261541338904796, 0.9480487497587643, 0.8284315870424764, 0.8913698304176868, 0.04404358343509452, 0.012546922487061907, 0.43687512242563953, 0.3926004097652165, 0.9535350426419106, 0.0809945426978089, 0.3238772897288432, 0.0272974497837651, 0.09744863459026376, 0.015759392200164726, 0.4473059356633534, 0.08579183854090919, 0.932845652482002, 0.9980462317502068, 0.7857643951999903, 0.7775978666518887, 0.10174463980294188, 0.9243843765648787, 0.9410494017316623, 0.12552999146880034, 0.5129021162108288, 0.6145898763353224, 0.7923736984169029, 0.0024350576924367156, 0.9430247174977215, 0.9568664393950213, 0.7392723659854623, 0.2699497941239885, 0.5803055769812231, 0.29869869905936125, 0.985843951800446, 0.8717454975713648, 0.07304705333723785, 0.00030362726007888974, 0.6441699078858291, 0.7708605184692648, 0.8129511658344447, 0.003862545095174174, 0.6570610965347466, 0.9932594921441411, 0.7280568172960473, 0.9952790498985374, 0.5360581033186129, 0.08720498792357577, 0.6020643218219497, 0.21709791128222602, 0.46020570035758745, 0.28572258746400037, 0.9348286004485714, 0.7858834473083005, 0.01585514874883826], BATTLES: 290-172-198-406-273-306-389-293-267-
30, 1, -2667.0, [0.06644054760881604, 0.9496115142635928, 0.2180503715234282, 0.9819591003764527, 0.8887510037356539, 0.9862026104067552, 0.9990168125543843, 0.3739243676907934, 0.9100098987921177, 0.9954336736743211, 0.6907357311246216, 0.6594551779374724, 0.04514587291772062, 0.05602921194429572, 0.2195692867989887, 0.3049735983776031, 0.9755561860273871, 0.015822867241311517, 0.12008478225375446, 0.018108246454037174, 0.12630695347673704, 0.0022917203126812083, 0.5675788056703648, 0.11705217966356968, 0.9443719176452282, 0.9896798016072039, 0.4775813238037614, 0.8835812319547404, 0.017488483428748553, 0.9396210802354227, 0.9369256142140303, 0.08092806095145084, 0.3953888860672111, 0.5415650731884671, 0.7814450193976036, 0.01965221611973444, 0.8107354803255484, 0.9914956523891603, 0.8863097187259772, 0.2780521051596322, 0.7142617577507762, 0.09025927638864284, 0.9404056968770798, 0.932083906367611, 0.06370912197578252, 0.10068273158563519, 0.5995530562380399, 0.749678148325227, 0.9949692927978329, 0.00411788490800455, 0.5127278107868338, 0.9819423159342688, 0.5753268992578082, 0.9800968928134124, 0.5796951641643798, 0.10080708126575369, 0.42879836743228117, 0.2390290243101675, 0.23846346485086178, 0.020098619719227613, 0.9014407071071541, 0.9081115879881834, 0.13260920265314954], BATTLES: 286-179-196-412-304-321-360-268-306-
30, 2, -2644.0, [0.021631245351514033, 0.9850065478992036, 0.08579627981266191, 0.9801693892307113, 0.865701626431831, 0.5794440924255235, 0.9167864994738466, 0.17538180525095529, 0.9602000467058255, 0.9923472649095209, 0.8068207674035285, 0.8110609438833103, 0.03468010386310068, 0.10106207220927123, 0.21133379927747253, 0.5749533165708304, 0.9719180125440817, 0.5575901649800589, 0.2263283639782965, 0.010749217238588472, 0.16117751650086742, 0.01497146815963849, 0.5735823854628948, 0.03460927140464573, 0.9765843467830757, 0.9762919397203832, 0.11110780765260042, 0.9708203445001444, 0.05074066880498955, 0.9882049068069472, 0.9560062714965524, 0.02808936346418564, 0.5120029389437496, 0.7697776117945435, 0.8317097346244048, 0.028397135538528757, 0.8328204261440051, 0.9500873658236265, 0.8618250815962716, 0.3551187942575137, 0.6100243342136067, 0.13398323900183573, 0.9744067898635931, 0.9842536497706381, 0.04822028596722353, 0.0014092444662578956, 0.6580391995995327, 0.7614254909602203, 0.8538469325926816, 0.0016893069455764592, 0.7503780365297997, 0.9109809569471151, 0.9872406276629941, 0.9822191050862017, 0.3949635713947799, 0.12498015792488593, 0.7537150850559752, 0.46549435784130555, 0.41811153634712217, 0.16485497784400857, 0.8306905470450061, 0.9020379663169797, 0.1064496346240114], BATTLES: 288-180-219-402-287-310-371-255-284-
30, 3, -2663.0, [0.025553136803651302, 0.9758996640354141, 0.3148684920488377, 0.9960200678504063, 0.8288839303832344, 0.9061794013212017, 0.9997256739258249, 0.14984314260302506, 0.9415400232341944, 0.9918273260529467, 0.8419770031399665, 0.9630746647303488, 0.10779084405405692, 0.02789139104075347, 0.0008378397863831703, 0.28902072071583057, 0.9752523070331556, 0.1172679908271495, 0.07584615984167052, 0.020053641523320478, 0.1309555946078307, 0.005455958693775708, 0.6778176089967649, 0.03201706917753991, 0.9147752956768871, 0.9628712099166075, 0.40706807430147807, 0.9735320168091159, 0.0034187959197282715, 0.9888978626251271, 0.870722766797322, 0.05334503850585986, 0.1651173927205812, 0.781496361095115, 0.949278107033333, 0.004977239152576626, 0.8234753577331348, 0.9943313963143561, 0.9896763881196788, 0.2698758521398802, 0.423384390847096, 0.030218672680100183, 0.9671722555348158, 0.9523338222438916, 0.06401206693443282, 0.11284933713316746, 0.6441966731145008, 0.7179569055540124, 0.6792361609318327, 0.006671838970039779, 0.6179740399299927, 0.9585343635473571, 0.7685280342930376, 0.9997569330253515, 0.7559311050735386, 0.023686198804350925, 0.3746544023730603, 0.1984412155258914, 0.2957072490916642, 0.05024648044040673, 0.8924115397679669, 0.7553632368917974, 0.01144978844729301], BATTLES: 296-169-199-429-283-321-363-245-324-
30, 4, -2612.0, [0.0566759036236176, 0.9452855072840839, 0.1680444220478982, 0.8948758828733426, 0.8871498873803206, 0.8397615598022153, 0.9346688559678277, 0.4155999021445216, 0.9686510573140391, 0.9915224491746575, 0.8478615068720367, 0.9309508592600212, 0.26300527918526917, 0.004470189221140675, 0.3413515672395862, 0.4558415193525339, 0.9780029485174901, 0.07648937265599277, 0.5151152802168456, 0.05839287492789172, 0.022755995183957684, 0.0028277946318628544, 0.3777527802017816, 0.08985438878785043, 0.8704263768310679, 0.9985194232614572, 0.6169722831225898, 0.8035158654649583, 0.12269807931899497, 0.736283302035588, 0.9923491996254212, 0.19202978009294522, 0.21596762675682568, 0.49051711014774546, 0.7353891231790514, 0.0007146803451340356, 0.9531731095722269, 0.9613405095651404, 0.949428443255368, 0.3489670576533993, 0.6066032339589795, 0.018493125595841875, 0.9610748172804043, 0.9173192456853836, 0.0978694626186013, 0.003674005393646162, 0.652046151310317, 0.6589768791416963, 0.5887239550155954, 0.012918045300518594, 0.6570052943913157, 0.9518096618419436, 0.7306380277835735, 0.983674419046009, 0.7603312096239221, 0.10910465049528412, 0.5119279850602713, 0.36693462445972075, 0.3408668634714585, 0.040269054418023253, 0.8937851807114521, 0.7843544847238139, 0.02043905839912946], BATTLES: 292-169-202-416-297-292-369-293-260-
30, 5, -2622.0, [0.15546620864009755, 0.9565474967504028, 0.1487310678500563, 0.9283601461729267, 0.9171987741553809, 0.6513002283435328, 0.8263282407491068, 0.5126342663330342, 0.8849357371085973, 0.9492883633986614, 0.9669039814716935, 0.5082834927139778, 0.3529532312612471, 0.01966161967675521, 0.0586657383987284, 0.6067386540944063, 0.9957500462334424, 0.15981129464783927, 0.35823944435096977, 0.027814338836230662, 0.1546737706356478, 0.00377306326894064, 0.2950904768798883, 0.06440993578799398, 0.9182618920818805, 0.9985568251581889, 0.3685397524234856, 0.8110103451996834, 0.018516033662388902, 0.6201538795849704, 0.9120749542366553, 0.09094753214136828, 0.33533640467049014, 0.44517761535338907, 0.9490870199252555, 0.012521885233829263, 0.9920010603433367, 0.9443457599319528, 0.8288113573990504, 0.24975695563613573, 0.6776164630939563, 0.162573059850047, 0.973230480602687, 0.9407750138505873, 0.06335335599654272, 0.019312666734079435, 0.6785594977547257, 0.8057669396174376, 0.9340712151083521, 0.025474906810868052, 0.4676085624689607, 0.8560700227282905, 0.8402918119197832, 0.99297425178655, 0.5752750123836832, 0.03079403721933656, 0.4807533286903818, 0.4080254615736302, 0.6340839635124366, 0.3480160964794472, 0.9097721224608302, 0.905479242580046, 0.06209192678955395], BATTLES: 311-166-218-422-277-315-365-256-292-
30, 6, -2580.0, [0.09049269148423084, 0.9424037245377469, 0.2259481435638535, 0.9818253334844275, 0.8859813183683332, 0.9482322099658047, 0.9860445932170318, 0.3884316497955668, 0.8668010740819242, 0.9752021535503329, 0.9498577309574705, 0.983694442714226, 0.0373614640655583, 0.008477599139844555, 0.38339536203182273, 0.3307595416723507, 0.9450759308287574, 0.11267136754985707, 0.5413022538600771, 0.05030474001971781, 0.04734163698841228, 0.0001015762029290216, 0.47046487912351664, 0.07575950943312415, 0.9185406345202182, 0.9992471315713995, 0.5950091261089555, 0.6489521690178538, 0.09201835181012724, 0.942166194767481, 0.9342524027507437, 0.057687979610614254, 0.5561976819493532, 0.6419529911723231, 0.9134834620920291, 0.001746377910552373, 0.9142467529029102, 0.9876612395981382, 0.960052334510249, 0.35352957470782126, 0.6012308027646704, 0.20362310924492405, 0.9994926754008395, 0.8496270466861611, 0.049582940313602636, 0.0005798246620978584, 0.7044861813979632, 0.8166503196132153, 0.6981695458565974, 0.012379972639193408, 0.6348757672565759, 0.9674221089977136, 0.8215032449780793, 0.9893232395727067, 0.6105100637653555, 0.15997372746172617, 0.5997308236268571, 0.33854990787065475, 0.07466401805812306, 0.11174034289129516, 0.9340390714976629, 0.6992804328395565, 0.0011229392800242172], BATTLES: 294-154-223-410-293-312-349-269-276-
30, 7, -2646.0, [0.07631495517805371, 0.9472607153094251, 0.020214660677022933, 0.7849544511752586, 0.8813827952357213, 0.569983869316579, 0.9143227900030771, 0.7209554402357689, 0.871022278801257, 0.935842072989189, 0.7514087996152211, 0.6962670105560259, 0.1406384922725775, 0.06569906836103191, 0.2923472643327852, 0.4989808017148083, 0.9885437505389426, 0.21096637373391397, 0.44359817484430375, 0.03906044755930277, 0.13809726024947355, 0.010522619228553872, 0.40386545139040403, 0.05121632509161329, 0.9026403505791452, 0.9695705463216604, 0.6695145273435928, 0.9965533309443066, 0.03715294066139077, 0.6647906408121244, 0.9538615848009059, 0.05570750208114861, 0.41390867018152977, 0.7875345553180495, 0.7765737520856653, 0.006144536545661088, 0.8580529099033106, 0.9293607251572922, 0.6492561885673535, 0.30425557398210573, 0.6388348500327835, 0.323431119440724, 0.9667640594967909, 0.9163180356354481, 0.057433461889377695, 0.18967198450401473, 0.6863219959862146, 0.7916023662583013, 0.8972913928054276, 0.01568212348145255, 0.5276396533574279, 0.8923532615401626, 0.7177510998173028, 0.9808990192810256, 0.41886704560796034, 0.10311015082044081, 0.6287179450100574, 0.38772860126974756, 0.23232692758494372, 0.2225905945238782, 0.9581603604096645, 0.8364558763415801, 0.09130183820171864], BATTLES: 327-162-208-423-301-282-352-258-292-
30, 8, -2621.0, [0.0016290846688529412, 0.9530457092110506, 0.18969565927956353, 0.9872412768770619, 0.9376413325152998, 0.8673877267599663, 0.9818946747513628, 0.24381427411801299, 0.7869947079458385, 0.9996614824831265, 0.7857293873613304, 0.6988647528698471, 0.017808221576317305, 0.025074093485515293, 0.3897720091225067, 0.41782305107861345, 0.9341455484914795, 0.07276822520121332, 0.4611765051152461, 0.06001947604744977, 0.04757798093059845, 0.000455688402326849, 0.2080511539677189, 0.04936104989332721, 0.8971173352342267, 0.992860658130507, 0.4474997692691834, 0.9734954484805926, 0.049856002533913896, 0.9011869633393723, 0.9079601499494945, 0.3291802746713821, 0.8647131709309377, 0.47762354979470384, 0.9875496538783742, 0.0017608216602381318, 0.9186641160004896, 0.9550913596594722, 0.9495129031175901, 0.287293933516125, 0.7394262367511374, 0.1752958113466682, 0.9772970915327293, 0.826199662195949, 0.0796445887794303, 0.0031586375265021324, 0.6774015373189438, 0.7596694189097111, 0.491333920690206, 0.04303275056802175, 0.7193660394974526, 0.9997355234801742, 0.40786189155535457, 0.9835695987814682, 0.5067832229150967, 0.15836229585478023, 0.4632182425474834, 0.1845809461521472, 0.11245879625262437, 0.23786602180931452, 0.9524601432997448, 0.7121796660389292, 0.0037863886676510992], BATTLES: 297-162-202-413-297-294-375-284-297-
30, 9, -2599.0, [0.022823780120823055, 0.996241685067998, 0.0056471035784091544, 0.9904128800872704, 0.9223862971780429, 0.859855121714111, 0.88152192082772, 0.08258672562343573, 0.8259519485248121, 0.9772818391826129, 0.8839005362105761, 0.5663532601035304, 0.040370634640103986, 0.08856488562205131, 0.18496533347705094, 0.5925393456348894, 0.9960605394128059, 0.18766060773591284, 0.6188339584186355, 0.039946288264556644, 0.06566770506346917, 0.02960648397740448, 0.5215422174652631, 0.007081663341898699, 0.9135765252786279, 0.9548819713409656, 0.6429567899994814, 0.9784707881760019, 0.07612762574964857, 0.9444880677143783, 0.9230683953178295, 0.009650847033309122, 0.628584641003345, 0.6254527980305444, 0.7606136220482231, 0.026559592672882725, 0.7646653936422574, 0.9493623929748142, 0.7503861510939299, 0.4664223099482405, 0.7008924854240552, 0.34070653771946746, 0.9798012083313626, 0.8685845694684857, 0.024325192599130952, 0.01418896914423457, 0.6592971592595337, 0.7176054817602254, 0.8392932313702537, 0.013914655447529917, 0.5770084125216388, 0.9912301593085724, 0.6105225989823515, 0.9771207277733354, 0.4584126120731964, 0.10974044871677223, 0.4423822086273532, 0.2515560755886167, 0.1693559586290235, 0.3674048123671572, 0.9925180674027779, 0.7602895754259713, 0.08865130658743632], BATTLES: 277-148-223-421-287-289-362-283-274-
30, 10, -2602.0, [0.25715054388375547, 0.9552546615790635, 0.22709000709546362, 0.9486733781310497, 0.9121419948185399, 0.7933333057574078, 0.972912437910815, 0.5020227160908627, 0.8674741557751525, 0.9777104152115913, 0.9464781019790277, 0.6782592711236942, 0.17832802294540118, 0.0020415505385760896, 0.03995825546131353, 0.6369284557603875, 0.9894557750104453, 0.07712974377843024, 0.1696120310800594, 0.025874789551501416, 0.20565193755781014, 0.021236786892116756, 0.25951284391209567, 0.0010485446359653414, 0.9643827793950984, 0.9565227932331855, 0.4343317664364215, 0.8048637076260987, 0.03707645318992327, 0.7896841769754973, 0.8574672860704807, 0.2433516094552185, 0.4953693368144669, 0.4391229269610014, 0.817125504966257, 0.021275946642735775, 0.8124847437352748, 0.9904568264252274, 0.8527998960923346, 0.1075162759312405, 0.7383546424753927, 0.14417030565633035, 0.9698043785463077, 0.9692004594208022, 0.0398193321659179, 0.20178118884161877, 0.6890476539276129, 0.7342742300647961, 0.6310942828154836, 0.013741930451647875, 0.3923657378659249, 0.894650360825969, 0.5024439736050227, 0.9884612893136175, 0.460562168928319, 0.024927504635832123, 0.6491301717271856, 0.19115180503668747, 0.6384371065441558, 0.013616527726529326, 0.9121371954286187, 0.9284056312386934, 0.06055646008943592], BATTLES: 289-183-206-438-289-291-367-247-292-
30, 11, -2661.0, [0.02853344925986441, 0.9607710496193337, 0.2027736776893157, 0.9521251927661999, 0.9608960410794403, 0.9680027251003206, 0.9920086638486088, 0.48887789471806786, 0.6450092382186394, 0.975737474007436, 0.8017334299546423, 0.8063442367972279, 0.03325998606916823, 0.0681566127268181, 0.0037395381953042733, 0.42801885101793935, 0.9731233174158278, 0.37665213747968956, 0.1439650699916178, 0.004330878709639878, 0.13022532105219503, 0.0013736055402912388, 0.5146549042435479, 0.14817448634274394, 0.9172621272777652, 0.995530205229064, 0.560648594693184, 0.9787800448882452, 0.052998960288120386, 0.9747901348621814, 0.8273271603965408, 0.12351667616750112, 0.6082445745127537, 0.9370733250233332, 0.9198686255626208, 0.006117875759734404, 0.7588212642052408, 0.9884707361943312, 0.9925823941053364, 0.2873291276350303, 0.6423735267960414, 0.006424423459050671, 0.9799878237908756, 0.8745005244830582, 0.01941468373985239, 0.14789207579327637, 0.5991575069786034, 0.7857361987716764, 0.7729523558711363, 0.0022767706010847722, 0.7110014834281245, 0.9262904822267372, 0.6018261237725582, 0.9971974298325507, 0.4430002811981664, 0.07748885915149767, 0.5101179853456629, 0.17897891571096608, 0.09273023009374859, 0.014613776861740979, 0.8198190909298403, 0.760467902483168, 0.0704391566931761], BATTLES: 282-174-239-435-299-315-360-264-293-
30, 12, -2681.0, [0.03457192327087255, 0.9300577464941912, 0.16517055176179068, 0.9689427732435827, 0.8988098249931247, 0.8516686077690514, 0.9903834597837903, 0.1310669404756571, 0.9729162448063825, 0.9649291340353737, 0.977622131774425, 0.6242167315422786, 0.02869984566366102, 0.13059792203249457, 0.029696066835622648, 0.5231732856544727, 0.9292033319290011, 0.23535924569474714, 0.38517102785761254, 0.02633620255132306, 0.03446343645013232, 0.024419219437359772, 0.17511772107248705, 0.012904233081032536, 0.9869257855821109, 0.9805599469758776, 0.4641563321946331, 0.8644441034965128, 0.13083525747657138, 0.9227229186964263, 0.9709317101766948, 0.09272489622260724, 0.49775616494896824, 0.434604829918117, 0.8795466932466683, 0.03088169117240235, 0.885913211823817, 0.9757886423375111, 0.96054220013216, 0.0976516646694366, 0.5001547277260477, 0.18143961830117333, 0.9884615126218587, 0.9257765360963008, 0.05147971438000897, 0.10234192084923495, 0.456825862957572, 0.7586238147850184, 0.8456188200816988, 0.003428695616904611, 0.6847161680673938, 0.8807416862360791, 0.6701866021827835, 0.9748878008362379, 0.6001516336721485, 0.13253861231646963, 0.6131753688106495, 0.21077575658561434, 0.3870613280794008, 0.15451434314650148, 0.7941184610157261, 0.7820725774902894, 0.04402031404079171], BATTLES: 276-162-211-389-291-305-374-284-292-
30, 13, -2628.0, [0.16086486741499614, 0.9530635272647993, 0.18780533716507114, 0.974341137430881, 0.9269555953847051, 0.90038090110483, 0.9716711704239209, 0.32834146201245035, 0.9507004866976363, 0.9906722920391678, 0.7385224936299128, 0.6218368167369497, 0.0893354562415886, 0.12362878902880045, 0.14816344658021965, 0.5777181580152164, 0.9593601493712223, 0.13375821086179784, 0.2981222018735586, 0.01095195525499032, 0.15820166378574982, 0.008483456991650009, 0.22600731127262821, 0.013005849164117523, 0.9351500005398284, 0.9585846798617327, 0.3280388897484249, 0.8759702511166337, 0.007236916639501864, 0.8152902554505023, 0.9176751783073217, 0.3274857411986192, 0.9043202836544925, 0.24293290720288294, 0.9014979607924528, 0.013345623912046547, 0.8582278668604741, 0.9778198218737584, 0.8821346696289449, 0.15087140305179797, 0.6514398364391013, 0.2924273659908298, 0.9749524655919023, 0.8439267476872945, 0.04360443282011629, 0.013941594025878815, 0.6689699730165628, 0.7605415632341386, 0.6470681181656949, 0.03620980232547081, 0.3470100976570788, 0.9328395137710906, 0.27706434422264153, 0.9864347023488326, 0.638199411803649, 0.08201160523224743, 0.38721823295604635, 0.17013373822593922, 0.022798719958131736, 0.17169501624588182, 0.9919878539299491, 0.8593562565300137, 0.01246683241853306], BATTLES: 301-160-203-403-294-286-373-302-306-
30, 14, -2688.0, [0.1765858084694757, 0.9762785996402193, 0.3271788095197556, 0.980405006487058, 0.8603602160178514, 0.9809042877251852, 0.9803393308784318, 0.18903335844727862, 0.9368439172900728, 0.9074195521244324, 0.9248134484106983, 0.7228862721378634, 0.03180314166193008, 0.027688181904052034, 0.24860964830948645, 0.5522607196957762, 0.9181562009980325, 0.24226532699558168, 0.1795193091217582, 0.011748383429962893, 0.08342608057196496, 0.012207476253578414, 0.3297917096153954, 0.06614357477964034, 0.9823633295911227, 0.9961099918306342, 0.441260565604072, 0.9489618007707864, 0.06471491473265667, 0.8822708375554686, 0.9622364148244127, 0.13540388836824874, 0.6032422816521221, 0.5808773393853769, 0.9060257353901917, 0.026776810499772652, 0.7895567715635214, 0.9866304233356604, 0.8795708384287773, 0.12045441694378385, 0.6893526051466875, 0.0863362909001151, 0.9552273257542062, 0.9230247669211048, 0.0677680051035138, 0.09000967040045525, 0.5811458370815159, 0.6217444256993933, 0.5886700312237018, 0.0017476843772966412, 0.40267488043630345, 0.9794781655261844, 0.4149290102937556, 0.9805278362563847, 0.6255457644682334, 0.020972615999948246, 0.43456518140702366, 0.31150162166562817, 0.25775770245408347, 0.17447098878224937, 0.9684247799643967, 0.9801639054451481, 0.06772852808284312], BATTLES: 303-175-233-406-285-315-362-318-291-
31, 0, -2659.0, [0.05148871844464212, 0.9560761490677375, 0.10712212486132916, 0.9597177456879709, 0.8922062058897413, 0.7037799985753738, 0.9536096693902819, 0.3026409503065769, 0.8261541338904796, 0.9660586007382115, 0.8986167815475216, 0.7984320159741634, 0.030451448370821612, 0.012546922487061907, 0.15201642185353392, 0.3926004097652165, 0.956041074141953, 0.0809945426978089, 0.3238772897288432, 0.0272974497837651, 0.09785775594589288, 0.015759392200164726, 0.4473059356633534, 0.04093684360853093, 0.932845652482002, 0.976458886946932, 0.504251141797792, 0.7775978666518887, 0.10773515828243595, 0.9243843765648787, 0.9410494017316623, 0.05387815640531703, 0.5129021162108288, 0.6328745592705831, 0.7923736984169029, 0.0024350576924367156, 0.9430247174977215, 0.9568664393950213, 0.7392723659854623, 0.2699497941239885, 0.5803055769812231, 0.1435765746136848, 0.985843951800446, 0.9633633897181846, 0.07304705333723785, 0.05704599314858146, 0.5343241852733956, 0.7708605184692648, 0.8129511658344447, 0.0024283128759075385, 0.7236112019887989, 0.9932594921441411, 0.8388050872824422, 0.9768766074508382, 0.5360581033186129, 0.08720498792357577, 0.6020643218219497, 0.21709791128222602, 0.46020570035758745, 0.14704857146552286, 0.8001307240743647, 0.8476868479983855, 0.08118817255367933], BATTLES: 300-181-201-396-294-316-360-282-289-
31, 1, -2658.0, [0.06644054760881604, 0.9496115142635928, 0.2180503715234282, 0.9819591003764527, 0.8887510037356539, 0.9862026104067552, 0.9990168125543843, 0.3739243676907934, 0.9100098987921177, 0.9954336736743211, 0.6907357311246216, 0.6594551779374724, 0.04514587291772062, 0.05602921194429572, 0.2195692867989887, 0.3049735983776031, 0.9755561860273871, 0.015822867241311517, 0.12008478225375446, 0.018108246454037174, 0.12630695347673704, 0.0022917203126812083, 0.5675788056703648, 0.11705217966356968, 0.9443719176452282, 0.9896798016072039, 0.4775813238037614, 0.8835812319547404, 0.017488483428748553, 0.9396210802354227, 0.9369256142140303, 0.08092806095145084, 0.3953888860672111, 0.5415650731884671, 0.7814450193976036, 0.01965221611973444, 0.8107354803255484, 0.9914956523891603, 0.8863097187259772, 0.2780521051596322, 0.7142617577507762, 0.09025927638864284, 0.9404056968770798, 0.932083906367611, 0.06370912197578252, 0.10068273158563519, 0.5995530562380399, 0.749678148325227, 0.9949692927978329, 0.00411788490800455, 0.5127278107868338, 0.9819423159342688, 0.5753268992578082, 0.9800968928134124, 0.5796951641643798, 0.10080708126575369, 0.42879836743228117, 0.2390290243101675, 0.23846346485086178, 0.020098619719227613, 0.9014407071071541, 0.9081115879881834, 0.13260920265314954], BATTLES: 301-181-233-404-303-295-361-290-290-
31, 2, -2628.0, [0.043081255706279284, 0.9513279276975776, 0.08579627981266191, 0.9900846946153556, 0.8912624449731474, 0.8189270945652175, 0.9583932497369233, 0.03543276335543871, 0.9602000467058255, 0.9961736324547604, 0.8068207674035285, 0.6295181416691049, 0.02016530620528076, 0.10106207220927123, 0.21133379927747253, 0.5642089198489085, 0.9719180125440817, 0.5575901649800589, 0.2263283639782965, 0.02385086551432367, 0.08058875825043371, 0.0051818134306170875, 0.5187122808075497, 0.03746904517589858, 0.9866832778784171, 0.9762919397203832, 0.11110780765260042, 0.8695184904989928, 0.05074066880498955, 0.9941024534034736, 0.9715127345355704, 0.07824572155419457, 0.5120029389437496, 0.7697776117945435, 0.7813277465406788, 0.028397135538528757, 0.8328204261440051, 0.9500873658236265, 0.8927710944084306, 0.3551187942575137, 0.5313076194648996, 0.13398323900183573, 0.9806997528456216, 0.9842536497706381, 0.05852693183425506, 0.08908773965914098, 0.55527993500269, 0.68508437165875, 0.9269234662963408, 0.003247481322391413, 0.7503780365297997, 0.9554904784735576, 0.8430284855837569, 0.987284259210579, 0.5447389456102044, 0.1274072573389215, 0.5347024075292162, 0.27918335410979195, 0.41811153634712217, 0.16485497784400857, 0.826819993666285, 0.9020379663169797, 0.09669486138821873], BATTLES: 288-178-227-420-286-290-353-279-278-
31, 3, -2616.0, [0.025553136803651302, 0.9758996640354141, 0.3148684920488377, 0.9960200678504063, 0.8288839303832344, 0.9061794013212017, 0.9997256739258249, 0.14984314260302506, 0.9415400232341944, 0.9918273260529467, 0.8419770031399665, 0.9630746647303488, 0.10779084405405692, 0.02789139104075347, 0.0008378397863831703, 0.28902072071583057, 0.9752523070331556, 0.1172679908271495, 0.07584615984167052, 0.020053641523320478, 0.1309555946078307, 0.005455958693775708, 0.6778176089967649, 0.03201706917753991, 0.9147752956768871, 0.9628712099166075, 0.40706807430147807, 0.9735320168091159, 0.0034187959197282715, 0.9888978626251271, 0.870722766797322, 0.05334503850585986, 0.1651173927205812, 0.781496361095115, 0.949278107033333, 0.004977239152576626, 0.8234753577331348, 0.9943313963143561, 0.9896763881196788, 0.2698758521398802, 0.423384390847096, 0.030218672680100183, 0.9671722555348158, 0.9523338222438916, 0.06401206693443282, 0.11284933713316746, 0.6441966731145008, 0.7179569055540124, 0.6792361609318327, 0.006671838970039779, 0.6179740399299927, 0.9585343635473571, 0.7685280342930376, 0.9997569330253515, 0.7559311050735386, 0.023686198804350925, 0.3746544023730603, 0.1984412155258914, 0.2957072490916642, 0.05024648044040673, 0.8924115397679669, 0.7553632368917974, 0.01144978844729301], BATTLES: 286-178-196-410-299-286-373-259-329-
31, 4, -2598.0, [0.1516691716172936, 0.9618953321027938, 0.3349424286764919, 0.962652388805997, 0.9035757565317079, 0.9198807799011077, 0.9810915962066009, 0.33479321187293, 0.9686510573140391, 0.9248956842814107, 0.8744261689898858, 0.76612098044479, 0.26300527918526917, 0.013333824508392066, 0.26788092300465294, 0.5322253255920226, 0.9249094013157128, 0.20781797038719113, 0.24925435687766107, 0.05839287492789172, 0.05287103354786328, 0.010177959371409062, 0.33975776354879683, 0.07107055510600835, 0.9591034295365987, 0.9966106587943785, 0.4777725206565769, 0.8035158654649583, 0.08061564494744783, 0.8519354085334053, 0.9684936904386261, 0.19202978009294522, 0.5227686798217763, 0.5638342423534454, 0.9359680782683983, 0.021361239254910094, 0.7890763905210608, 0.9847722989509368, 0.9795512891971913, 0.16922889131072488, 0.6228422522048901, 0.05338591006446655, 0.956442403216254, 0.9173192456853836, 0.07220155460361122, 0.003674005393646162, 0.5958785431462531, 0.6294811303755432, 0.5886812362992294, 0.004068825629051547, 0.4555233800921772, 0.9518096618419436, 0.4805316554619351, 0.9764667254063147, 0.7603312096239221, 0.06020534021217981, 0.45064075820756033, 0.3230203031458771, 0.1870555613214868, 0.040269054418023253, 0.9529150704723517, 0.9394757551658082, 0.02043905839912946], BATTLES: 262-166-197-417-275-274-371-318-279-
31, 5, -2599.0, [0.15546620864009755, 0.9565474967504028, 0.1487310678500563, 0.9283601461729267, 0.9171987741553809, 0.6513002283435328, 0.8263282407491068, 0.5126342663330342, 0.8849357371085973, 0.9492883633986614, 0.9669039814716935, 0.5082834927139778, 0.3529532312612471, 0.01966161967675521, 0.0586657383987284, 0.6067386540944063, 0.9957500462334424, 0.15981129464783927, 0.35823944435096977, 0.027814338836230662, 0.1546737706356478, 0.00377306326894064, 0.2950904768798883, 0.06440993578799398, 0.9182618920818805, 0.9985568251581889, 0.3685397524234856, 0.8110103451996834, 0.018516033662388902, 0.6201538795849704, 0.9120749542366553, 0.09094753214136828, 0.33533640467049014, 0.44517761535338907, 0.9490870199252555, 0.012521885233829263, 0.9920010603433367, 0.9443457599319528, 0.8288113573990504, 0.24975695563613573, 0.6776164630939563, 0.162573059850047, 0.973230480602687, 0.9407750138505873, 0.06335335599654272, 0.019312666734079435, 0.6785594977547257, 0.8057669396174376, 0.9340712151083521, 0.025474906810868052, 0.4676085624689607, 0.8560700227282905, 0.8402918119197832, 0.99297425178655, 0.5752750123836832, 0.03079403721933656, 0.4807533286903818, 0.4080254615736302, 0.6340839635124366, 0.3480160964794472, 0.9097721224608302, 0.905479242580046, 0.06209192678955395], BATTLES: 290-174-215-399-292-311-375-264-279-
31, 6, -2603.0, [0.09049269148423084, 0.9424037245377469, 0.2259481435638535, 0.9818253334844275, 0.8859813183683332, 0.9482322099658047, 0.9860445932170318, 0.3884316497955668, 0.8668010740819242, 0.9752021535503329, 0.9498577309574705, 0.983694442714226, 0.0373614640655583, 0.008477599139844555, 0.38339536203182273, 0.3307595416723507, 0.9450759308287574, 0.11267136754985707, 0.5413022538600771, 0.05030474001971781, 0.04734163698841228, 0.0001015762029290216, 0.47046487912351664, 0.07575950943312415, 0.9185406345202182, 0.9992471315713995, 0.5950091261089555, 0.6489521690178538, 0.09201835181012724, 0.942166194767481, 0.9342524027507437, 0.057687979610614254, 0.5561976819493532, 0.6419529911723231, 0.9134834620920291, 0.001746377910552373, 0.9142467529029102, 0.9876612395981382, 0.960052334510249, 0.35352957470782126, 0.6012308027646704, 0.20362310924492405, 0.9994926754008395, 0.8496270466861611, 0.049582940313602636, 0.0005798246620978584, 0.7044861813979632, 0.8166503196132153, 0.6981695458565974, 0.012379972639193408, 0.6348757672565759, 0.9674221089977136, 0.8215032449780793, 0.9893232395727067, 0.6105100637653555, 0.15997372746172617, 0.5997308236268571, 0.33854990787065475, 0.07466401805812306, 0.11174034289129516, 0.9340390714976629, 0.6992804328395565, 0.0011229392800242172], BATTLES: 282-170-221-423-310-290-354-270-283-
31, 7, -2608.0, [0.07631495517805371, 0.9472607153094251, 0.020214660677022933, 0.7849544511752586, 0.8813827952357213, 0.569983869316579, 0.9143227900030771, 0.7209554402357689, 0.871022278801257, 0.935842072989189, 0.7514087996152211, 0.6962670105560259, 0.1406384922725775, 0.06569906836103191, 0.2923472643327852, 0.4989808017148083, 0.9885437505389426, 0.21096637373391397, 0.44359817484430375, 0.03906044755930277, 0.13809726024947355, 0.010522619228553872, 0.40386545139040403, 0.05121632509161329, 0.9026403505791452, 0.9695705463216604, 0.6695145273435928, 0.9965533309443066, 0.03715294066139077, 0.6647906408121244, 0.9538615848009059, 0.05570750208114861, 0.41390867018152977, 0.7875345553180495, 0.7765737520856653, 0.006144536545661088, 0.8580529099033106, 0.9293607251572922, 0.6492561885673535, 0.30425557398210573, 0.6388348500327835, 0.323431119440724, 0.9667640594967909, 0.9163180356354481, 0.057433461889377695, 0.18967198450401473, 0.6863219959862146, 0.7916023662583013, 0.8972913928054276, 0.01568212348145255, 0.5276396533574279, 0.8923532615401626, 0.7177510998173028, 0.9808990192810256, 0.41886704560796034, 0.10311015082044081, 0.6287179450100574, 0.38772860126974756, 0.23232692758494372, 0.2225905945238782, 0.9581603604096645, 0.8364558763415801, 0.09130183820171864], BATTLES: 303-165-230-406-284-310-357-242-311-
31, 8, -2625.0, [0.0008145423344264706, 0.9395501110319443, 0.3286649501450159, 0.9936206384385309, 0.9072417817692661, 0.8673877267599663, 0.9818946747513628, 0.23973224618560754, 0.8510910291487295, 0.9996614824831265, 0.7083755309688324, 0.596611398996174, 0.008904110788158653, 0.025074093485515293, 0.3897720091225067, 0.30257931577115904, 0.9424969661612257, 0.03638411260060666, 0.4611765051152461, 0.028449554340878286, 0.023788990465299226, 0.0002278442011634245, 0.39150731965719393, 0.1029064917880882, 0.9229321360638858, 0.992860658130507, 0.4474997692691834, 0.9531641418730549, 0.03581668707324152, 0.9011869633393723, 0.966892934392837, 0.16459013733569106, 0.8647131709309377, 0.38204564529931984, 0.9117277723696987, 0.008743728116815706, 0.8704352056271016, 0.9550913596594722, 0.974756451558795, 0.287293933516125, 0.7397989624258923, 0.00013164419672442862, 0.9475889257736445, 0.9296310981429988, 0.0796445887794303, 0.031976694137326026, 0.6144653988439266, 0.7596694189097111, 0.491333920690206, 0.01415603038837479, 0.625958108954478, 0.9997355234801742, 0.2149801482808844, 0.9758540173665309, 0.638354374427108, 0.1372005042897282, 0.3523727313826175, 0.11337086190577708, 0.11245879625262437, 0.11893301090465726, 0.9524601432997448, 0.8327868146806949, 0.08110395600815726], BATTLES: 298-201-203-397-305-309-356-277-277-
31, 9, -2596.0, [0.022823780120823055, 0.996241685067998, 0.0056471035784091544, 0.9904128800872704, 0.9223862971780429, 0.859855121714111, 0.88152192082772, 0.08258672562343573, 0.8259519485248121, 0.9772818391826129, 0.8839005362105761, 0.5663532601035304, 0.040370634640103986, 0.08856488562205131, 0.18496533347705094, 0.5925393456348894, 0.9960605394128059, 0.18766060773591284, 0.6188339584186355, 0.039946288264556644, 0.06566770506346917, 0.02960648397740448, 0.5215422174652631, 0.007081663341898699, 0.9135765252786279, 0.9548819713409656, 0.6429567899994814, 0.9784707881760019, 0.07612762574964857, 0.9444880677143783, 0.9230683953178295, 0.009650847033309122, 0.628584641003345, 0.6254527980305444, 0.7606136220482231, 0.026559592672882725, 0.7646653936422574, 0.9493623929748142, 0.7503861510939299, 0.4664223099482405, 0.7008924854240552, 0.34070653771946746, 0.9798012083313626, 0.8685845694684857, 0.024325192599130952, 0.01418896914423457, 0.6592971592595337, 0.7176054817602254, 0.8392932313702537, 0.013914655447529917, 0.5770084125216388, 0.9912301593085724, 0.6105225989823515, 0.9771207277733354, 0.4584126120731964, 0.10974044871677223, 0.4423822086273532, 0.2515560755886167, 0.1693559586290235, 0.3674048123671572, 0.9925180674027779, 0.7602895754259713, 0.08865130658743632], BATTLES: 291-177-228-405-286-274-369-281-285-
31, 10, -2651.0, [0.14822915743375578, 0.9220016568382896, 0.008198575513807982, 0.9743366890655248, 0.9161924459679466, 0.9693613183077286, 0.972912437910815, 0.5020227160908627, 0.9337370778875762, 0.9888552076057957, 0.9464781019790277, 0.6782592711236942, 0.17832802294540118, 0.0010207752692880448, 0.019979127730656764, 0.5976862532546281, 0.9894557750104453, 0.023630881486780025, 0.47227270043472874, 0.025874789551501416, 0.10282596877890507, 0.0016645562029894145, 0.25951284391209567, 0.0010485446359653414, 0.9643827793950984, 0.9565227932331855, 0.4603926909652583, 0.8048637076260987, 0.056586451162642576, 0.9543836597908087, 0.8574672860704807, 0.1576126098886638, 0.4953693368144669, 0.4391229269610014, 0.817125504966257, 0.02065751860355702, 0.8124847437352748, 0.9952284132126137, 0.8527998960923346, 0.16093200995725174, 0.4665447500504728, 0.14417030565633035, 0.9698043785463077, 0.9692004594208022, 0.0398193321659179, 0.12876383192693336, 0.5909788153239943, 0.7342742300647961, 0.6310942828154836, 0.01346693693773138, 0.5395921628549905, 0.9473251804129845, 0.7788115478444525, 0.9884612893136175, 0.460562168928319, 0.13348792497385606, 0.6491301717271856, 0.19115180503668747, 0.12142061665444642, 0.013616527726529326, 0.9121371954286187, 0.7022883537130206, 0.03027823004471796], BATTLES: 290-160-194-444-297-291-371-267-290-
31, 11, -2670.0, [0.02853344925986441, 0.9607710496193337, 0.2027736776893157, 0.9521251927661999, 0.9608960410794403, 0.9680027251003206, 0.9920086638486088, 0.48887789471806786, 0.6450092382186394, 0.975737474007436, 0.8017334299546423, 0.8063442367972279, 0.03325998606916823, 0.0681566127268181, 0.0037395381953042733, 0.42801885101793935, 0.9731233174158278, 0.37665213747968956, 0.1439650699916178, 0.004330878709639878, 0.13022532105219503, 0.0013736055402912388, 0.5146549042435479, 0.14817448634274394, 0.9172621272777652, 0.995530205229064, 0.560648594693184, 0.9787800448882452, 0.052998960288120386, 0.9747901348621814, 0.8273271603965408, 0.12351667616750112, 0.6082445745127537, 0.9370733250233332, 0.9198686255626208, 0.006117875759734404, 0.7588212642052408, 0.9884707361943312, 0.9925823941053364, 0.2873291276350303, 0.6423735267960414, 0.006424423459050671, 0.9799878237908756, 0.8745005244830582, 0.01941468373985239, 0.14789207579327637, 0.5991575069786034, 0.7857361987716764, 0.7729523558711363, 0.0022767706010847722, 0.7110014834281245, 0.9262904822267372, 0.6018261237725582, 0.9971974298325507, 0.4430002811981664, 0.07748885915149767, 0.5101179853456629, 0.17897891571096608, 0.09273023009374859, 0.014613776861740979, 0.8198190909298403, 0.760467902483168, 0.0704391566931761], BATTLES: 294-178-216-419-310-328-368-246-311-
31, 12, -2639.0, [0.03457192327087255, 0.9300577464941912, 0.16517055176179068, 0.9689427732435827, 0.8988098249931247, 0.7357530459291114, 0.9481149068321617, 0.1310669404756571, 0.9729162448063825, 0.9649291340353737, 0.9888110658872125, 0.6242167315422786, 0.02869984566366102, 0.13059792203249457, 0.029696066835622648, 0.5231732856544727, 0.9542861433225587, 0.15121807686390826, 0.38517102785761254, 0.02633620255132306, 0.03446343645013232, 0.024419219437359772, 0.17511772107248705, 0.012904233081032536, 0.9790665062626234, 0.9902799734879388, 0.4641563321946331, 0.8644441034965128, 0.13083525747657138, 0.9227229186964263, 0.9536655595054138, 0.04636244811130362, 0.49775616494896824, 0.434604829918117, 0.8795466932466683, 0.029483006863859663, 0.885913211823817, 0.9757886423375111, 0.9357269399685654, 0.0976516646694366, 0.5001547277260477, 0.18143961830117333, 0.9884615126218587, 0.9257765360963008, 0.06067034125744281, 0.10234192084923495, 0.456825862957572, 0.7586238147850184, 0.8456188200816988, 0.003428695616904611, 0.6847161680673938, 0.828532100664078, 0.6701866021827835, 0.9748878008362379, 0.6001516336721485, 0.14678800560413152, 0.6131753688106495, 0.21077575658561434, 0.3870613280794008, 0.11339283394235655, 0.7941184610157261, 0.7820725774902894, 0.04424247932654298], BATTLES: 296-150-209-403-257-300-366-304-299-
31, 13, -2634.0, [0.16086486741499614, 0.9530635272647993, 0.18780533716507114, 0.974341137430881, 0.9269555953847051, 0.90038090110483, 0.9716711704239209, 0.32834146201245035, 0.9507004866976363, 0.9906722920391678, 0.7385224936299128, 0.6218368167369497, 0.0893354562415886, 0.12362878902880045, 0.14816344658021965, 0.5777181580152164, 0.9593601493712223, 0.13375821086179784, 0.2981222018735586, 0.01095195525499032, 0.15820166378574982, 0.008483456991650009, 0.22600731127262821, 0.013005849164117523, 0.9351500005398284, 0.9585846798617327, 0.3280388897484249, 0.8759702511166337, 0.007236916639501864, 0.8152902554505023, 0.9176751783073217, 0.3274857411986192, 0.9043202836544925, 0.24293290720288294, 0.9014979607924528, 0.013345623912046547, 0.8582278668604741, 0.9778198218737584, 0.8821346696289449, 0.15087140305179797, 0.6514398364391013, 0.2924273659908298, 0.9749524655919023, 0.8439267476872945, 0.04360443282011629, 0.013941594025878815, 0.6689699730165628, 0.7605415632341386, 0.6470681181656949, 0.03620980232547081, 0.3470100976570788, 0.9328395137710906, 0.27706434422264153, 0.9864347023488326, 0.638199411803649, 0.08201160523224743, 0.38721823295604635, 0.17013373822593922, 0.022798719958131736, 0.17169501624588182, 0.9919878539299491, 0.8593562565300137, 0.01246683241853306], BATTLES: 282-197-208-416-294-280-342-310-305-
31, 14, -2634.0, [0.1765858084694757, 0.9762785996402193, 0.3271788095197556, 0.980405006487058, 0.8603602160178514, 0.9809042877251852, 0.9803393308784318, 0.18903335844727862, 0.9368439172900728, 0.9074195521244324, 0.9248134484106983, 0.7228862721378634, 0.03180314166193008, 0.027688181904052034, 0.24860964830948645, 0.5522607196957762, 0.9181562009980325, 0.24226532699558168, 0.1795193091217582, 0.011748383429962893, 0.08342608057196496, 0.012207476253578414, 0.3297917096153954, 0.06614357477964034, 0.9823633295911227, 0.9961099918306342, 0.441260565604072, 0.9489618007707864, 0.06471491473265667, 0.8822708375554686, 0.9622364148244127, 0.13540388836824874, 0.6032422816521221, 0.5808773393853769, 0.9060257353901917, 0.026776810499772652, 0.7895567715635214, 0.9866304233356604, 0.8795708384287773, 0.12045441694378385, 0.6893526051466875, 0.0863362909001151, 0.9552273257542062, 0.9230247669211048, 0.0677680051035138, 0.09000967040045525, 0.5811458370815159, 0.6217444256993933, 0.5886700312237018, 0.0017476843772966412, 0.40267488043630345, 0.9794781655261844, 0.4149290102937556, 0.9805278362563847, 0.6255457644682334, 0.020972615999948246, 0.43456518140702366, 0.31150162166562817, 0.25775770245408347, 0.17447098878224937, 0.9684247799643967, 0.9801639054451481, 0.06772852808284312], BATTLES: 291-170-218-420-288-279-376-308-284-
32, 0, -2680.0, [0.0532049895791657, 0.9419983351657985, 0.2107358382877221, 0.9798588728439854, 0.8922062058897413, 0.8518899992876869, 0.9536096693902819, 0.13880414070076824, 0.8261541338904796, 0.9660586007382115, 0.6924086414517348, 0.9736337592035876, 0.030451448370821612, 0.012546922487061907, 0.0968153124089578, 0.25399592413351835, 0.9612980567461137, 0.22787497836447893, 0.04474971055312732, 0.01364872489188255, 0.09785775594589288, 0.0005728679387877068, 0.4473059356633534, 0.020468421804265464, 0.8986264653878246, 0.976458886946932, 0.3737803066968115, 0.923940088052326, 0.053867579141217974, 0.9621921882824394, 0.9410494017316623, 0.04599040942992866, 0.5567712910233253, 0.7122164800755881, 0.7692900664770458, 0.010464049354996466, 0.9430247174977215, 0.9568664393950213, 0.8696361829927312, 0.2699497941239885, 0.5803055769812231, 0.0717882873068424, 0.992921975900223, 0.8879353979282927, 0.03544422335488731, 0.0681177586739091, 0.5894183622554248, 0.7632369613691528, 0.8129511658344447, 0.0012141564379537693, 0.48986276712723154, 0.9966297460720706, 0.8388050872824422, 0.9884383037254191, 0.6685932553067506, 0.08720498792357577, 0.4256410005589678, 0.21709791128222602, 0.46020570035758745, 0.07352428573276143, 0.8001307240743647, 0.928315728545271, 0.11913388471156779], BATTLES: 297-163-207-417-300-313-346-287-298-
32, 1, -2635.0, [0.06644054760881604, 0.9496115142635928, 0.2180503715234282, 0.9819591003764527, 0.8887510037356539, 0.9862026104067552, 0.9990168125543843, 0.3739243676907934, 0.9100098987921177, 0.9954336736743211, 0.6907357311246216, 0.6594551779374724, 0.04514587291772062, 0.05602921194429572, 0.2195692867989887, 0.3049735983776031, 0.9755561860273871, 0.015822867241311517, 0.12008478225375446, 0.018108246454037174, 0.12630695347673704, 0.0022917203126812083, 0.5675788056703648, 0.11705217966356968, 0.9443719176452282, 0.9896798016072039, 0.4775813238037614, 0.8835812319547404, 0.017488483428748553, 0.9396210802354227, 0.9369256142140303, 0.08092806095145084, 0.3953888860672111, 0.5415650731884671, 0.7814450193976036, 0.01965221611973444, 0.8107354803255484, 0.9914956523891603, 0.8863097187259772, 0.2780521051596322, 0.7142617577507762, 0.09025927638864284, 0.9404056968770798, 0.932083906367611, 0.06370912197578252, 0.10068273158563519, 0.5995530562380399, 0.749678148325227, 0.9949692927978329, 0.00411788490800455, 0.5127278107868338, 0.9819423159342688, 0.5753268992578082, 0.9800968928134124, 0.5796951641643798, 0.10080708126575369, 0.42879836743228117, 0.2390290243101675, 0.23846346485086178, 0.020098619719227613, 0.9014407071071541, 0.9081115879881834, 0.13260920265314954], BATTLES: 298-169-216-417-304-299-365-262-305-
32, 2, -2634.0, [0.043081255706279284, 0.9513279276975776, 0.08579627981266191, 0.9900846946153556, 0.8912624449731474, 0.8189270945652175, 0.9583932497369233, 0.03543276335543871, 0.9602000467058255, 0.9961736324547604, 0.8068207674035285, 0.6295181416691049, 0.02016530620528076, 0.10106207220927123, 0.21133379927747253, 0.5642089198489085, 0.9719180125440817, 0.5575901649800589, 0.2263283639782965, 0.02385086551432367, 0.08058875825043371, 0.0051818134306170875, 0.5187122808075497, 0.03746904517589858, 0.9866832778784171, 0.9762919397203832, 0.11110780765260042, 0.8695184904989928, 0.05074066880498955, 0.9941024534034736, 0.9715127345355704, 0.07824572155419457, 0.5120029389437496, 0.7697776117945435, 0.7813277465406788, 0.028397135538528757, 0.8328204261440051, 0.9500873658236265, 0.8927710944084306, 0.3551187942575137, 0.5313076194648996, 0.13398323900183573, 0.9806997528456216, 0.9842536497706381, 0.05852693183425506, 0.08908773965914098, 0.55527993500269, 0.68508437165875, 0.9269234662963408, 0.003247481322391413, 0.7503780365297997, 0.9554904784735576, 0.8430284855837569, 0.987284259210579, 0.5447389456102044, 0.1274072573389215, 0.5347024075292162, 0.27918335410979195, 0.41811153634712217, 0.16485497784400857, 0.826819993666285, 0.9020379663169797, 0.09669486138821873], BATTLES: 315-183-207-393-274-323-366-275-298-
32, 3, -2670.0, [0.025553136803651302, 0.9758996640354141, 0.3148684920488377, 0.9765832208904621, 0.8288839303832344, 0.9061794013212017, 0.9597387756262158, 0.14984314260302506, 0.8443413093686436, 0.9918273260529467, 0.8580100835403133, 0.8935234438714862, 0.15324986802871526, 0.013945695520376736, 0.0008378397863831703, 0.40101483888076506, 0.9752523070331556, 0.05863399541357475, 0.07584615984167052, 0.02431877176815844, 0.15313190633159598, 0.005455958693775708, 0.6778176089967649, 0.03201706917753991, 0.9147752956768871, 0.9628712099166075, 0.40706807430147807, 0.8128509039601378, 0.0034187959197282715, 0.9682383123047005, 0.8435954346053166, 0.05334503850585986, 0.3823219278997736, 0.6908763004764492, 0.949278107033333, 0.004977239152576626, 0.8524786231648113, 0.9943313963143561, 0.9896763881196788, 0.2698758521398802, 0.423384390847096, 0.030218672680100183, 0.9671814130131036, 0.9865770684155415, 0.06401206693443282, 0.09437273214150657, 0.6441966731145008, 0.7179569055540124, 0.6284188364747562, 0.010315863569592203, 0.6179740399299927, 0.9792671817736786, 0.8810311096797953, 0.9939042997208278, 0.5298820208143191, 0.06422716407529278, 0.3746544023730603, 0.1984412155258914, 0.2321036258495812, 0.05024648044040673, 0.908596909589475, 0.7553632368917974, 0.046663235028048665], BATTLES: 301-161-219-417-290-300-355-289-293-
32, 4, -2608.0, [0.1516691716172936, 0.9618953321027938, 0.2792993021479849, 0.962652388805997, 0.9332269831571021, 0.9198807799011077, 0.9810915962066009, 0.4855653468885255, 0.7910567182415414, 0.9248956842814107, 0.862828718453938, 0.76612098044479, 0.26300527918526917, 0.021061321070143985, 0.18382154772243425, 0.5322253255920226, 0.9388506565692906, 0.20781797038719113, 0.24925435687766107, 0.05839287492789172, 0.05287103354786328, 0.010177959371409062, 0.33975776354879683, 0.07107055510600835, 0.9591034295365987, 0.9966106587943785, 0.5604594268121724, 0.7466331321207239, 0.08159113598603167, 0.8519354085334053, 0.9071790616281274, 0.060599559080596915, 0.5077151278346477, 0.5638342423534454, 0.9002932267858963, 0.021361239254910094, 0.7860800447884534, 0.9923861494754684, 0.9795512891971913, 0.31634777999257085, 0.503194665183119, 0.04591404192243485, 0.956442403216254, 0.9173192456853836, 0.07220155460361122, 0.003674005393646162, 0.641829065238217, 0.6294811303755432, 0.5886812362992294, 0.0020344128145257734, 0.4835966436197622, 0.9342743469958468, 0.4805316554619351, 0.9852457069679346, 0.7603312096239221, 0.06020534021217981, 0.45064075820756033, 0.2824882490000374, 0.1870555613214868, 0.040269054418023253, 0.8921520191598429, 0.9394757551658082, 0.004417699070109998], BATTLES: 301-176-211-416-280-281-368-309-247-
32, 5, -2627.0, [0.03480922526844642, 0.9388782376171478, 0.22240817069473026, 0.9283601461729267, 0.9171987741553809, 0.6513002283435328, 0.9859207614938521, 0.5126342663330342, 0.7561496605021599, 0.9492883633986614, 0.8528315172593691, 0.6407706600483954, 0.3529532312612471, 0.0022017444830120317, 0.0586657383987284, 0.4205881192988212, 0.9707628388248074, 0.04881875653149392, 0.35823944435096977, 0.027880895282879414, 0.1546737706356478, 0.005932952717037273, 0.2950904768798883, 0.06440993578799398, 0.9182618920818805, 0.9985568251581889, 0.3685397524234856, 0.8110103451996834, 0.05398263568664124, 0.9458194517242371, 0.9159472103504042, 0.09094753214136828, 0.47856331106573696, 0.44517761535338907, 0.833780061099665, 0.012521885233829263, 0.8922172262451102, 0.9842054032587207, 0.892227804805541, 0.24975695563613573, 0.6776164630939563, 0.162573059850047, 0.973230480602687, 0.9489142483098082, 0.06335335599654272, 0.019312666734079435, 0.5622780217200851, 0.8057669396174376, 0.911292205011996, 0.008423843121609955, 0.6696891145495373, 0.8560700227282905, 0.7446163855889164, 0.9842691463457507, 0.5752750123836832, 0.07247274522079279, 0.43854525020766877, 0.4080254615736302, 0.6340839635124366, 0.07578561138566203, 0.9097721224608302, 0.905479242580046, 0.07523813254560248], BATTLES: 274-175-216-410-284-308-370-285-272-
32, 6, -2633.0, [0.09049269148423084, 0.9424037245377469, 0.2259481435638535, 0.9818253334844275, 0.9193539628140696, 0.9482322099658047, 0.9860445932170318, 0.4028723019149163, 0.8582664575344058, 0.9752021535503329, 0.9498577309574705, 0.983694442714226, 0.0373614640655583, 0.0590562006895705, 0.38339536203182273, 0.34020572384711634, 0.9450759308287574, 0.11267136754985707, 0.43825553169457543, 0.05030474001971781, 0.04734163698841228, 0.0001015762029290216, 0.47046487912351664, 0.07575950943312415, 0.9202929257174629, 0.9992471315713995, 0.4304339555873248, 0.6489521690178538, 0.06742915801926468, 0.8417146038977568, 0.9342519951799463, 0.057687979610614254, 0.5561976819493532, 0.3838547935170743, 0.792628651361045, 0.001746377910552373, 0.9121185218597682, 0.9876612395981382, 0.960052334510249, 0.29787124128986664, 0.44714413835328226, 0.20362310924492405, 0.9931683410839643, 0.8496270466861611, 0.0818612909231552, 0.0002899123310489292, 0.6354542906052428, 0.8166503196132153, 0.9416029026585007, 0.012379972639193408, 0.6348757672565759, 0.9544262447018026, 0.8215032449780793, 0.9893232395727067, 0.6105100637653555, 0.15264541272921728, 0.44858861006761974, 0.19317993403169192, 0.07466401805812306, 0.11174034289129516, 0.8883885063828888, 0.747638861185624, 0.0011229392800242172], BATTLES: 296-190-217-407-295-277-342-267-281-
32, 7, -2576.0, [0.07631495517805371, 0.9472607153094251, 0.020214660677022933, 0.7849544511752586, 0.8813827952357213, 0.569983869316579, 0.9143227900030771, 0.7209554402357689, 0.871022278801257, 0.935842072989189, 0.7514087996152211, 0.6962670105560259, 0.1406384922725775, 0.06569906836103191, 0.2923472643327852, 0.4989808017148083, 0.9885437505389426, 0.21096637373391397, 0.44359817484430375, 0.03906044755930277, 0.13809726024947355, 0.010522619228553872, 0.40386545139040403, 0.05121632509161329, 0.9026403505791452, 0.9695705463216604, 0.6695145273435928, 0.9965533309443066, 0.03715294066139077, 0.6647906408121244, 0.9538615848009059, 0.05570750208114861, 0.41390867018152977, 0.7875345553180495, 0.7765737520856653, 0.006144536545661088, 0.8580529099033106, 0.9293607251572922, 0.6492561885673535, 0.30425557398210573, 0.6388348500327835, 0.323431119440724, 0.9667640594967909, 0.9163180356354481, 0.057433461889377695, 0.18967198450401473, 0.6863219959862146, 0.7916023662583013, 0.8972913928054276, 0.01568212348145255, 0.5276396533574279, 0.8923532615401626, 0.7177510998173028, 0.9808990192810256, 0.41886704560796034, 0.10311015082044081, 0.6287179450100574, 0.38772860126974756, 0.23232692758494372, 0.2225905945238782, 0.9581603604096645, 0.8364558763415801, 0.09130183820171864], BATTLES: 296-161-194-422-303-298-345-247-310-
32, 8, -2593.0, [0.0008145423344264706, 0.9395501110319443, 0.3286649501450159, 0.9936206384385309, 0.9072417817692661, 0.8673877267599663, 0.9818946747513628, 0.23973224618560754, 0.8510910291487295, 0.9996614824831265, 0.7083755309688324, 0.596611398996174, 0.008904110788158653, 0.025074093485515293, 0.3897720091225067, 0.30257931577115904, 0.9424969661612257, 0.03638411260060666, 0.4611765051152461, 0.028449554340878286, 0.023788990465299226, 0.0002278442011634245, 0.39150731965719393, 0.1029064917880882, 0.9229321360638858, 0.992860658130507, 0.4474997692691834, 0.9531641418730549, 0.03581668707324152, 0.9011869633393723, 0.966892934392837, 0.16459013733569106, 0.8647131709309377, 0.38204564529931984, 0.9117277723696987, 0.008743728116815706, 0.8704352056271016, 0.9550913596594722, 0.974756451558795, 0.287293933516125, 0.7397989624258923, 0.00013164419672442862, 0.9475889257736445, 0.9296310981429988, 0.0796445887794303, 0.031976694137326026, 0.6144653988439266, 0.7596694189097111, 0.491333920690206, 0.01415603038837479, 0.625958108954478, 0.9997355234801742, 0.2149801482808844, 0.9758540173665309, 0.638354374427108, 0.1372005042897282, 0.3523727313826175, 0.11337086190577708, 0.11245879625262437, 0.11893301090465726, 0.9524601432997448, 0.8327868146806949, 0.08110395600815726], BATTLES: 287-164-212-429-299-302-342-279-279-
32, 9, -2661.0, [0.022823780120823055, 0.996241685067998, 0.0056471035784091544, 0.9904128800872704, 0.9325516282627867, 0.8084731875039098, 0.88152192082772, 0.08258672562343573, 0.8260704499399858, 0.9772818391826129, 0.8670775384881424, 0.7023752758988884, 0.040370634640103986, 0.08856488562205131, 0.18496533347705094, 0.5925393456348894, 0.9960605394128059, 0.12514332506171005, 0.6188339584186355, 0.039946288264556644, 0.07125569593889892, 0.021431130187674827, 0.5215422174652631, 0.007081663341898699, 0.9135765252786279, 0.9548819713409656, 0.5616610169339252, 0.9784707881760019, 0.07612762574964857, 0.9444880677143783, 0.9336071140784651, 0.009650847033309122, 0.5607827857428581, 0.6254527980305444, 0.7606136220482231, 0.026559592672882725, 0.8436934723527955, 0.9493623929748142, 0.7503861510939299, 0.35222417157193386, 0.7008924854240552, 0.34070653771946746, 0.9833428773846781, 0.8685845694684857, 0.051533694430656266, 0.01418896914423457, 0.6592971592595337, 0.7176054817602254, 0.8392932313702537, 0.013914655447529917, 0.5770084125216388, 0.9912301593085724, 0.6105225989823515, 0.9771207277733354, 0.4584126120731964, 0.10974044871677223, 0.4423822086273532, 0.2515560755886167, 0.1693559586290235, 0.23825339577978216, 0.9925180674027779, 0.8115133642890191, 0.08865130658743632], BATTLES: 286-180-191-413-267-296-367-281-264-
32, 10, -2644.0, [0.14822915743375578, 0.9220016568382896, 0.008198575513807982, 0.9743366890655248, 0.9161924459679466, 0.9693613183077286, 0.972912437910815, 0.5020227160908627, 0.9337370778875762, 0.9888552076057957, 0.9464781019790277, 0.6782592711236942, 0.17832802294540118, 0.0010207752692880448, 0.019979127730656764, 0.5976862532546281, 0.9894557750104453, 0.023630881486780025, 0.47227270043472874, 0.025874789551501416, 0.10282596877890507, 0.0016645562029894145, 0.25951284391209567, 0.0010485446359653414, 0.9643827793950984, 0.9565227932331855, 0.4603926909652583, 0.8048637076260987, 0.056586451162642576, 0.9543836597908087, 0.8574672860704807, 0.1576126098886638, 0.4953693368144669, 0.4391229269610014, 0.817125504966257, 0.02065751860355702, 0.8124847437352748, 0.9952284132126137, 0.8527998960923346, 0.16093200995725174, 0.4665447500504728, 0.14417030565633035, 0.9698043785463077, 0.9692004594208022, 0.0398193321659179, 0.12876383192693336, 0.5909788153239943, 0.7342742300647961, 0.6310942828154836, 0.01346693693773138, 0.5395921628549905, 0.9473251804129845, 0.7788115478444525, 0.9884612893136175, 0.460562168928319, 0.13348792497385606, 0.6491301717271856, 0.19115180503668747, 0.12142061665444642, 0.013616527726529326, 0.9121371954286187, 0.7022883537130206, 0.03027823004471796], BATTLES: 288-158-215-434-316-319-378-264-272-
32, 11, -2624.0, [0.02853344925986441, 0.9607710496193337, 0.2027736776893157, 0.9521251927661999, 0.9608960410794403, 0.9680027251003206, 0.9920086638486088, 0.48887789471806786, 0.6450092382186394, 0.975737474007436, 0.8017334299546423, 0.8063442367972279, 0.03325998606916823, 0.0681566127268181, 0.0037395381953042733, 0.42801885101793935, 0.9731233174158278, 0.37665213747968956, 0.1439650699916178, 0.004330878709639878, 0.13022532105219503, 0.0013736055402912388, 0.5146549042435479, 0.14817448634274394, 0.9172621272777652, 0.995530205229064, 0.560648594693184, 0.9787800448882452, 0.052998960288120386, 0.9747901348621814, 0.8273271603965408, 0.12351667616750112, 0.6082445745127537, 0.9370733250233332, 0.9198686255626208, 0.006117875759734404, 0.7588212642052408, 0.9884707361943312, 0.9925823941053364, 0.2873291276350303, 0.6423735267960414, 0.006424423459050671, 0.9799878237908756, 0.8745005244830582, 0.01941468373985239, 0.14789207579327637, 0.5991575069786034, 0.7857361987716764, 0.7729523558711363, 0.0022767706010847722, 0.7110014834281245, 0.9262904822267372, 0.6018261237725582, 0.9971974298325507, 0.4430002811981664, 0.07748885915149767, 0.5101179853456629, 0.17897891571096608, 0.09273023009374859, 0.014613776861740979, 0.8198190909298403, 0.760467902483168, 0.0704391566931761], BATTLES: 301-170-236-423-317-311-339-248-279-
32, 12, -2697.0, [0.014145022244652526, 0.9270112879011042, 0.16517055176179068, 0.9844713866217913, 0.8988098249931247, 0.7357530459291114, 0.9740574534160809, 0.34890682803000816, 0.7989575298064995, 0.9649291340353737, 0.7555806615697946, 0.6242167315422786, 0.21459209469565724, 0.13059792203249457, 0.02529692415781114, 0.5231732856544727, 0.9542861433225587, 0.15121807686390826, 0.2054173215174395, 0.05376397217073805, 0.01723171822506616, 0.006110495479099616, 0.5408492320112825, 0.16217627064328838, 0.9370360329695959, 0.9951399867439694, 0.6165840979103157, 0.8316657576374423, 0.07440633663698532, 0.9613614593482132, 0.9536655595054138, 0.22277318825103085, 0.6141390964833809, 0.8042752570680586, 0.8795466932466683, 0.029483006863859663, 0.6755770395647929, 0.9878943211687555, 0.9678634699842827, 0.25886717325844033, 0.5001547277260477, 0.18143961830117333, 0.94843135455232, 0.9257765360963008, 0.0694117799357042, 0.10748064289093258, 0.496030669113911, 0.7586238147850184, 0.8456188200816988, 0.003428695616904611, 0.6847161680673938, 0.8829836181076398, 0.6701866021827835, 0.9748878008362379, 0.7879930156131002, 0.09797428604747692, 0.6131753688106495, 0.09576223513911503, 0.1935306640397004, 0.056696416971178276, 0.8796170415912962, 0.7820725774902894, 0.030693121034970794], BATTLES: 276-133-188-431-259-333-401-308-291-
32, 13, -2571.0, [0.16086486741499614, 0.9530635272647993, 0.18780533716507114, 0.974341137430881, 0.9269555953847051, 0.90038090110483, 0.9716711704239209, 0.32834146201245035, 0.9507004866976363, 0.9906722920391678, 0.7385224936299128, 0.6218368167369497, 0.0893354562415886, 0.12362878902880045, 0.14816344658021965, 0.5777181580152164, 0.9593601493712223, 0.13375821086179784, 0.2981222018735586, 0.01095195525499032, 0.15820166378574982, 0.008483456991650009, 0.22600731127262821, 0.013005849164117523, 0.9351500005398284, 0.9585846798617327, 0.3280388897484249, 0.8759702511166337, 0.007236916639501864, 0.8152902554505023, 0.9176751783073217, 0.3274857411986192, 0.9043202836544925, 0.24293290720288294, 0.9014979607924528, 0.013345623912046547, 0.8582278668604741, 0.9778198218737584, 0.8821346696289449, 0.15087140305179797, 0.6514398364391013, 0.2924273659908298, 0.9749524655919023, 0.8439267476872945, 0.04360443282011629, 0.013941594025878815, 0.6689699730165628, 0.7605415632341386, 0.6470681181656949, 0.03620980232547081, 0.3470100976570788, 0.9328395137710906, 0.27706434422264153, 0.9864347023488326, 0.638199411803649, 0.08201160523224743, 0.38721823295604635, 0.17013373822593922, 0.022798719958131736, 0.17169501624588182, 0.9919878539299491, 0.8593562565300137, 0.01246683241853306], BATTLES: 300-150-217-407-262-299-374-279-283-
32, 14, -2652.0, [0.1765858084694757, 0.9762785996402193, 0.3271788095197556, 0.980405006487058, 0.8603602160178514, 0.9809042877251852, 0.9803393308784318, 0.18903335844727862, 0.9368439172900728, 0.9074195521244324, 0.9248134484106983, 0.7228862721378634, 0.03180314166193008, 0.027688181904052034, 0.24860964830948645, 0.5522607196957762, 0.9181562009980325, 0.24226532699558168, 0.1795193091217582, 0.011748383429962893, 0.08342608057196496, 0.012207476253578414, 0.3297917096153954, 0.06614357477964034, 0.9823633295911227, 0.9961099918306342, 0.441260565604072, 0.9489618007707864, 0.06471491473265667, 0.8822708375554686, 0.9622364148244127, 0.13540388836824874, 0.6032422816521221, 0.5808773393853769, 0.9060257353901917, 0.026776810499772652, 0.7895567715635214, 0.9866304233356604, 0.8795708384287773, 0.12045441694378385, 0.6893526051466875, 0.0863362909001151, 0.9552273257542062, 0.9230247669211048, 0.0677680051035138, 0.09000967040045525, 0.5811458370815159, 0.6217444256993933, 0.5886700312237018, 0.0017476843772966412, 0.40267488043630345, 0.9794781655261844, 0.4149290102937556, 0.9805278362563847, 0.6255457644682334, 0.020972615999948246, 0.43456518140702366, 0.31150162166562817, 0.25775770245408347, 0.17447098878224937, 0.9684247799643967, 0.9801639054451481, 0.06772852808284312], BATTLES: 268-183-222-413-287-290-381-308-300-
33, 0, -2657.0, [0.0532049895791657, 0.9419983351657985, 0.2107358382877221, 0.9798588728439854, 0.8922062058897413, 0.8518899992876869, 0.9536096693902819, 0.13880414070076824, 0.8261541338904796, 0.9660586007382115, 0.6924086414517348, 0.9736337592035876, 0.030451448370821612, 0.012546922487061907, 0.0968153124089578, 0.25399592413351835, 0.9612980567461137, 0.22787497836447893, 0.04474971055312732, 0.01364872489188255, 0.09785775594589288, 0.0005728679387877068, 0.4473059356633534, 0.020468421804265464, 0.8986264653878246, 0.976458886946932, 0.3737803066968115, 0.923940088052326, 0.053867579141217974, 0.9621921882824394, 0.9410494017316623, 0.04599040942992866, 0.5567712910233253, 0.7122164800755881, 0.7692900664770458, 0.010464049354996466, 0.9430247174977215, 0.9568664393950213, 0.8696361829927312, 0.2699497941239885, 0.5803055769812231, 0.0717882873068424, 0.992921975900223, 0.8879353979282927, 0.03544422335488731, 0.0681177586739091, 0.5894183622554248, 0.7632369613691528, 0.8129511658344447, 0.0012141564379537693, 0.48986276712723154, 0.9966297460720706, 0.8388050872824422, 0.9884383037254191, 0.6685932553067506, 0.08720498792357577, 0.4256410005589678, 0.21709791128222602, 0.46020570035758745, 0.07352428573276143, 0.8001307240743647, 0.928315728545271, 0.11913388471156779], BATTLES: 306-172-220-422-286-309-370-278-294-
33, 1, -2716.0, [0.06644054760881604, 0.9496115142635928, 0.2180503715234282, 0.9819591003764527, 0.8887510037356539, 0.9862026104067552, 0.9990168125543843, 0.3739243676907934, 0.9100098987921177, 0.9954336736743211, 0.6907357311246216, 0.6594551779374724, 0.04514587291772062, 0.05602921194429572, 0.2195692867989887, 0.3049735983776031, 0.9755561860273871, 0.015822867241311517, 0.12008478225375446, 0.018108246454037174, 0.12630695347673704, 0.0022917203126812083, 0.5675788056703648, 0.11705217966356968, 0.9443719176452282, 0.9896798016072039, 0.4775813238037614, 0.8835812319547404, 0.017488483428748553, 0.9396210802354227, 0.9369256142140303, 0.08092806095145084, 0.3953888860672111, 0.5415650731884671, 0.7814450193976036, 0.01965221611973444, 0.8107354803255484, 0.9914956523891603, 0.8863097187259772, 0.2780521051596322, 0.7142617577507762, 0.09025927638864284, 0.9404056968770798, 0.932083906367611, 0.06370912197578252, 0.10068273158563519, 0.5995530562380399, 0.749678148325227, 0.9949692927978329, 0.00411788490800455, 0.5127278107868338, 0.9819423159342688, 0.5753268992578082, 0.9800968928134124, 0.5796951641643798, 0.10080708126575369, 0.42879836743228117, 0.2390290243101675, 0.23846346485086178, 0.020098619719227613, 0.9014407071071541, 0.9081115879881834, 0.13260920265314954], BATTLES: 296-201-260-414-308-307-361-284-285-
33, 2, -2619.0, [0.043081255706279284, 0.9513279276975776, 0.08579627981266191, 0.9900846946153556, 0.8912624449731474, 0.8189270945652175, 0.9583932497369233, 0.03543276335543871, 0.9602000467058255, 0.9961736324547604, 0.8068207674035285, 0.6295181416691049, 0.02016530620528076, 0.10106207220927123, 0.21133379927747253, 0.5642089198489085, 0.9719180125440817, 0.5575901649800589, 0.2263283639782965, 0.02385086551432367, 0.08058875825043371, 0.0051818134306170875, 0.5187122808075497, 0.03746904517589858, 0.9866832778784171, 0.9762919397203832, 0.11110780765260042, 0.8695184904989928, 0.05074066880498955, 0.9941024534034736, 0.9715127345355704, 0.07824572155419457, 0.5120029389437496, 0.7697776117945435, 0.7813277465406788, 0.028397135538528757, 0.8328204261440051, 0.9500873658236265, 0.8927710944084306, 0.3551187942575137, 0.5313076194648996, 0.13398323900183573, 0.9806997528456216, 0.9842536497706381, 0.05852693183425506, 0.08908773965914098, 0.55527993500269, 0.68508437165875, 0.9269234662963408, 0.003247481322391413, 0.7503780365297997, 0.9554904784735576, 0.8430284855837569, 0.987284259210579, 0.5447389456102044, 0.1274072573389215, 0.5347024075292162, 0.27918335410979195, 0.41811153634712217, 0.16485497784400857, 0.826819993666285, 0.9020379663169797, 0.09669486138821873], BATTLES: 293-174-222-398-269-312-385-280-286-
33, 3, -2591.0, [0.025553136803651302, 0.9758996640354141, 0.3148684920488377, 0.9765832208904621, 0.8288839303832344, 0.9061794013212017, 0.9597387756262158, 0.14984314260302506, 0.8443413093686436, 0.9918273260529467, 0.8580100835403133, 0.8935234438714862, 0.15324986802871526, 0.013945695520376736, 0.0008378397863831703, 0.40101483888076506, 0.9752523070331556, 0.05863399541357475, 0.07584615984167052, 0.02431877176815844, 0.15313190633159598, 0.005455958693775708, 0.6778176089967649, 0.03201706917753991, 0.9147752956768871, 0.9628712099166075, 0.40706807430147807, 0.8128509039601378, 0.0034187959197282715, 0.9682383123047005, 0.8435954346053166, 0.05334503850585986, 0.3823219278997736, 0.6908763004764492, 0.949278107033333, 0.004977239152576626, 0.8524786231648113, 0.9943313963143561, 0.9896763881196788, 0.2698758521398802, 0.423384390847096, 0.030218672680100183, 0.9671814130131036, 0.9865770684155415, 0.06401206693443282, 0.09437273214150657, 0.6441966731145008, 0.7179569055540124, 0.6284188364747562, 0.010315863569592203, 0.6179740399299927, 0.9792671817736786, 0.8810311096797953, 0.9939042997208278, 0.5298820208143191, 0.06422716407529278, 0.3746544023730603, 0.1984412155258914, 0.2321036258495812, 0.05024648044040673, 0.908596909589475, 0.7553632368917974, 0.046663235028048665], BATTLES: 290-166-222-379-287-292-349-293-313-
33, 4, -2661.0, [0.1516691716172936, 0.9618953321027938, 0.2792993021479849, 0.962652388805997, 0.9332269831571021, 0.9198807799011077, 0.9810915962066009, 0.4855653468885255, 0.7910567182415414, 0.9248956842814107, 0.862828718453938, 0.76612098044479, 0.26300527918526917, 0.021061321070143985, 0.18382154772243425, 0.5322253255920226, 0.9388506565692906, 0.20781797038719113, 0.24925435687766107, 0.05839287492789172, 0.05287103354786328, 0.010177959371409062, 0.33975776354879683, 0.07107055510600835, 0.9591034295365987, 0.9966106587943785, 0.5604594268121724, 0.7466331321207239, 0.08159113598603167, 0.8519354085334053, 0.9071790616281274, 0.060599559080596915, 0.5077151278346477, 0.5638342423534454, 0.9002932267858963, 0.021361239254910094, 0.7860800447884534, 0.9923861494754684, 0.9795512891971913, 0.31634777999257085, 0.503194665183119, 0.04591404192243485, 0.956442403216254, 0.9173192456853836, 0.07220155460361122, 0.003674005393646162, 0.641829065238217, 0.6294811303755432, 0.5886812362992294, 0.0020344128145257734, 0.4835966436197622, 0.9342743469958468, 0.4805316554619351, 0.9852457069679346, 0.7603312096239221, 0.06020534021217981, 0.45064075820756033, 0.2824882490000374, 0.1870555613214868, 0.040269054418023253, 0.8921520191598429, 0.9394757551658082, 0.004417699070109998], BATTLES: 260-175-190-405-297-308-396-321-309-
33, 5, -2675.0, [0.03480922526844642, 0.9388782376171478, 0.22240817069473026, 0.9283601461729267, 0.9171987741553809, 0.6513002283435328, 0.9859207614938521, 0.5126342663330342, 0.7561496605021599, 0.9492883633986614, 0.8528315172593691, 0.6407706600483954, 0.3529532312612471, 0.0022017444830120317, 0.0586657383987284, 0.4205881192988212, 0.9707628388248074, 0.04881875653149392, 0.35823944435096977, 0.027880895282879414, 0.1546737706356478, 0.005932952717037273, 0.2950904768798883, 0.06440993578799398, 0.9182618920818805, 0.9985568251581889, 0.3685397524234856, 0.8110103451996834, 0.05398263568664124, 0.9458194517242371, 0.9159472103504042, 0.09094753214136828, 0.47856331106573696, 0.44517761535338907, 0.833780061099665, 0.012521885233829263, 0.8922172262451102, 0.9842054032587207, 0.892227804805541, 0.24975695563613573, 0.6776164630939563, 0.162573059850047, 0.973230480602687, 0.9489142483098082, 0.06335335599654272, 0.019312666734079435, 0.5622780217200851, 0.8057669396174376, 0.911292205011996, 0.008423843121609955, 0.6696891145495373, 0.8560700227282905, 0.7446163855889164, 0.9842691463457507, 0.5752750123836832, 0.07247274522079279, 0.43854525020766877, 0.4080254615736302, 0.6340839635124366, 0.07578561138566203, 0.9097721224608302, 0.905479242580046, 0.07523813254560248], BATTLES: 312-173-241-415-302-329-357-265-281-
33, 6, -2647.0, [0.10092611502669425, 0.9340407742479591, 0.2302037294465502, 0.9749986762242969, 0.9193539628140696, 0.8665652961308425, 0.9417061457263043, 0.13336674080235658, 0.8634123392819862, 0.9439881753824726, 0.6937212344740269, 0.991847221357113, 0.04154792611682248, 0.0590562006895705, 0.19169768101591136, 0.34020572384711634, 0.9767486281686243, 0.31005535728341205, 0.21912776584728771, 0.05030474001971781, 0.12094405240572961, 0.0001015762029290216, 0.47046487912351664, 0.07575950943312415, 0.9055737925182309, 0.9992471315713995, 0.3352338880951776, 0.8135658271059926, 0.06045562758401325, 0.9742356084423536, 0.9342519951799463, 0.057687979610614254, 0.33175354772588395, 0.7949312564224148, 0.792628651361045, 0.001746377910552373, 0.9524750245028939, 0.9876612395981382, 0.960052334510249, 0.26481774699920235, 0.42818839221031335, 0.20362310924492405, 0.9965841705419822, 0.922680483282799, 0.0818612909231552, 0.09725260751647244, 0.5375918744442318, 0.7802522849751609, 0.9416029026585007, 0.012379972639193408, 0.3613993270703951, 0.9544262447018026, 0.8215032449780793, 0.9893232395727067, 0.7710788307802593, 0.052900049364747403, 0.404392610732873, 0.23438943086171327, 0.07466401805812306, 0.11174034289129516, 0.712708739544657, 0.873819430592812, 0.0011229392800242172], BATTLES: 281-170-203-391-310-300-368-281-273-
33, 7, -2587.0, [0.07631495517805371, 0.9472607153094251, 0.020214660677022933, 0.7849544511752586, 0.8813827952357213, 0.569983869316579, 0.9143227900030771, 0.7209554402357689, 0.871022278801257, 0.935842072989189, 0.7514087996152211, 0.6962670105560259, 0.1406384922725775, 0.06569906836103191, 0.2923472643327852, 0.4989808017148083, 0.9885437505389426, 0.21096637373391397, 0.44359817484430375, 0.03906044755930277, 0.13809726024947355, 0.010522619228553872, 0.40386545139040403, 0.05121632509161329, 0.9026403505791452, 0.9695705463216604, 0.6695145273435928, 0.9965533309443066, 0.03715294066139077, 0.6647906408121244, 0.9538615848009059, 0.05570750208114861, 0.41390867018152977, 0.7875345553180495, 0.7765737520856653, 0.006144536545661088, 0.8580529099033106, 0.9293607251572922, 0.6492561885673535, 0.30425557398210573, 0.6388348500327835, 0.323431119440724, 0.9667640594967909, 0.9163180356354481, 0.057433461889377695, 0.18967198450401473, 0.6863219959862146, 0.7916023662583013, 0.8972913928054276, 0.01568212348145255, 0.5276396533574279, 0.8923532615401626, 0.7177510998173028, 0.9808990192810256, 0.41886704560796034, 0.10311015082044081, 0.6287179450100574, 0.38772860126974756, 0.23232692758494372, 0.2225905945238782, 0.9581603604096645, 0.8364558763415801, 0.09130183820171864], BATTLES: 312-170-218-412-278-318-355-249-275-
33, 8, -2594.0, [0.0008145423344264706, 0.9395501110319443, 0.3286649501450159, 0.9936206384385309, 0.9072417817692661, 0.8673877267599663, 0.9818946747513628, 0.23973224618560754, 0.8510910291487295, 0.9996614824831265, 0.7083755309688324, 0.596611398996174, 0.008904110788158653, 0.025074093485515293, 0.3897720091225067, 0.30257931577115904, 0.9424969661612257, 0.03638411260060666, 0.4611765051152461, 0.028449554340878286, 0.023788990465299226, 0.0002278442011634245, 0.39150731965719393, 0.1029064917880882, 0.9229321360638858, 0.992860658130507, 0.4474997692691834, 0.9531641418730549, 0.03581668707324152, 0.9011869633393723, 0.966892934392837, 0.16459013733569106, 0.8647131709309377, 0.38204564529931984, 0.9117277723696987, 0.008743728116815706, 0.8704352056271016, 0.9550913596594722, 0.974756451558795, 0.287293933516125, 0.7397989624258923, 0.00013164419672442862, 0.9475889257736445, 0.9296310981429988, 0.0796445887794303, 0.031976694137326026, 0.6144653988439266, 0.7596694189097111, 0.491333920690206, 0.01415603038837479, 0.625958108954478, 0.9997355234801742, 0.2149801482808844, 0.9758540173665309, 0.638354374427108, 0.1372005042897282, 0.3523727313826175, 0.11337086190577708, 0.11245879625262437, 0.11893301090465726, 0.9524601432997448, 0.8327868146806949, 0.08110395600815726], BATTLES: 295-155-193-400-302-327-361-267-294-
33, 9, -2623.0, [0.011411890060411527, 0.948677625155381, 0.16517943440495933, 0.9904128800872704, 0.9208529464756798, 0.9057760813143472, 0.88152192082772, 0.08258672562343573, 0.826115717736995, 0.9772818391826129, 0.7191253019515461, 0.7023752758988884, 0.040370634640103986, 0.08856488562205131, 0.09768853141523942, 0.23764541720158666, 0.9847991524384114, 0.02788126218487716, 0.6188339584186355, 0.025720946922932458, 0.025007395111121947, 0.006429078255527022, 0.4813850198724815, 0.025491209782674218, 0.8976679343994326, 0.972136320271125, 0.5616610169339252, 0.9007968458070851, 0.07612762574964857, 0.9444880677143783, 0.9838000863811275, 0.009650847033309122, 0.5607827857428581, 0.6575575266358991, 0.7606136220482231, 0.026559592672882725, 0.8436934723527955, 0.9493623929748142, 0.8579462685179059, 0.36697894689001537, 0.7008924854240552, 0.14696055617330914, 0.9833428773846781, 0.8685845694684857, 0.05210980716331854, 0.08037928993043074, 0.6592971592595337, 0.8054270352148479, 0.8392932313702537, 0.0026400927028683375, 0.5770084125216388, 0.9912301593085724, 0.6105225989823515, 0.9783467844809305, 0.6650214913255971, 0.10974044871677223, 0.3792452915974923, 0.2515560755886167, 0.055873442596522827, 0.23825339577978216, 0.8884485157918208, 0.8115133642890191, 0.10514047984822131], BATTLES: 291-177-213-400-266-310-372-280-275-
33, 10, -2607.0, [0.14822915743375578, 0.9220016568382896, 0.008198575513807982, 0.9743366890655248, 0.9161924459679466, 0.9693613183077286, 0.972912437910815, 0.5020227160908627, 0.9337370778875762, 0.9888552076057957, 0.9464781019790277, 0.6782592711236942, 0.17832802294540118, 0.0010207752692880448, 0.019979127730656764, 0.5976862532546281, 0.9894557750104453, 0.023630881486780025, 0.47227270043472874, 0.025874789551501416, 0.10282596877890507, 0.0016645562029894145, 0.25951284391209567, 0.0010485446359653414, 0.9643827793950984, 0.9565227932331855, 0.4603926909652583, 0.8048637076260987, 0.056586451162642576, 0.9543836597908087, 0.8574672860704807, 0.1576126098886638, 0.4953693368144669, 0.4391229269610014, 0.817125504966257, 0.02065751860355702, 0.8124847437352748, 0.9952284132126137, 0.8527998960923346, 0.16093200995725174, 0.4665447500504728, 0.14417030565633035, 0.9698043785463077, 0.9692004594208022, 0.0398193321659179, 0.12876383192693336, 0.5909788153239943, 0.7342742300647961, 0.6310942828154836, 0.01346693693773138, 0.5395921628549905, 0.9473251804129845, 0.7788115478444525, 0.9884612893136175, 0.460562168928319, 0.13348792497385606, 0.6491301717271856, 0.19115180503668747, 0.12142061665444642, 0.013616527726529326, 0.9121371954286187, 0.7022883537130206, 0.03027823004471796], BATTLES: 279-178-221-411-275-314-373-271-285-
33, 11, -2602.0, [0.031318600856598364, 0.9607710496193337, 0.20799810850025652, 0.9521251927661999, 0.9608960410794403, 0.8918144976989217, 0.9838352730628265, 0.48887789471806786, 0.649724504037703, 0.9693866094276574, 0.5769632960570079, 0.9161124993693599, 0.03325998606916823, 0.03166790146751437, 0.061925368571423875, 0.42801885101793935, 0.9653640848021794, 0.2790308995708087, 0.0719825349958089, 0.004330878709639878, 0.09768038292461612, 0.0006868027701456194, 0.7104408254741656, 0.16232515971096148, 0.8774555921151822, 0.995530205229064, 0.5380501902118499, 0.9212886448411701, 0.016542655498000658, 0.9918768640638533, 0.901946853654093, 0.12351667616750112, 0.6082445745127537, 0.9370733250233332, 0.8210653856843394, 0.008969649842931002, 0.7416740865698396, 0.9884707361943312, 0.9925823941053364, 0.381708302171598, 0.6016471805516106, 0.006424423459050671, 0.962208578240341, 0.8745005244830582, 0.035668345118969116, 0.09891937577078225, 0.5991575069786034, 0.7857361987716764, 0.7991978720963553, 0.0015795284260004352, 0.565899672348665, 0.9631452411133685, 0.6018261237725582, 0.991450064184064, 0.7142783044622254, 0.07748885915149767, 0.4546877843744189, 0.12852400146875773, 0.2068654065711487, 0.016066569705696563, 0.8630009514291971, 0.8706025001454901, 0.09350005206113085], BATTLES: 283-186-223-409-300-296-353-249-289-
33, 12, -2676.0, [0.014145022244652526, 0.9270112879011042, 0.16517055176179068, 0.9844713866217913, 0.8988098249931247, 0.7357530459291114, 0.9740574534160809, 0.34890682803000816, 0.7989575298064995, 0.9649291340353737, 0.7555806615697946, 0.6242167315422786, 0.21459209469565724, 0.13059792203249457, 0.02529692415781114, 0.5231732856544727, 0.9542861433225587, 0.15121807686390826, 0.2054173215174395, 0.05376397217073805, 0.01723171822506616, 0.006110495479099616, 0.5408492320112825, 0.16217627064328838, 0.9370360329695959, 0.9951399867439694, 0.6165840979103157, 0.8316657576374423, 0.07440633663698532, 0.9613614593482132, 0.9536655595054138, 0.22277318825103085, 0.6141390964833809, 0.8042752570680586, 0.8795466932466683, 0.029483006863859663, 0.6755770395647929, 0.9878943211687555, 0.9678634699842827, 0.25886717325844033, 0.5001547277260477, 0.18143961830117333, 0.94843135455232, 0.9257765360963008, 0.0694117799357042, 0.10748064289093258, 0.496030669113911, 0.7586238147850184, 0.8456188200816988, 0.003428695616904611, 0.6847161680673938, 0.8829836181076398, 0.6701866021827835, 0.9748878008362379, 0.7879930156131002, 0.09797428604747692, 0.6131753688106495, 0.09576223513911503, 0.1935306640397004, 0.056696416971178276, 0.8796170415912962, 0.7820725774902894, 0.030693121034970794], BATTLES: 291-155-214-406-309-318-360-299-324-
33, 13, -2649.0, [0.034556107645384714, 0.9239187013308412, 0.18780533716507114, 0.974341137430881, 0.9269555953847051, 0.90038090110483, 0.9735556282644112, 0.32834146201245035, 0.8263628004241972, 0.9702786514587824, 0.7385224936299128, 0.41963534470798347, 0.0893354562415886, 0.12362878902880045, 0.07408172329010983, 0.5777181580152164, 0.9576405054057312, 0.13375821086179784, 0.05543940767525585, 0.041949747048902954, 0.0485015821804235, 0.010484749527070979, 0.22600731127262821, 0.013005849164117523, 0.9466906915431097, 0.9585846798617327, 0.5036399646709893, 0.8759702511166337, 0.007236916639501864, 0.9088700073934738, 0.9490466318521087, 0.3274857411986192, 0.7728178650770349, 0.6539364222196178, 0.9165971761764063, 0.013345623912046547, 0.5950170458604667, 0.9778198218737584, 0.8821346696289449, 0.15934381947466622, 0.6514398364391013, 0.2924273659908298, 0.9310225335369431, 0.8439267476872945, 0.04360443282011629, 0.013941594025878815, 0.6689699730165628, 0.7605415632341386, 0.6470681181656949, 0.03620980232547081, 0.3470100976570788, 0.9328395137710906, 0.27706434422264153, 0.9864347023488326, 0.8002558671603377, 0.07089624519473293, 0.5227759787744345, 0.17013373822593922, 0.022798719958131736, 0.17169501624588182, 0.9919878539299491, 0.8624753456604975, 0.01246683241853306], BATTLES: 288-174-177-418-277-283-356-288-273-
33, 14, -2620.0, [0.1765858084694757, 0.9762785996402193, 0.3271788095197556, 0.980405006487058, 0.8603602160178514, 0.9809042877251852, 0.9803393308784318, 0.18903335844727862, 0.9368439172900728, 0.9074195521244324, 0.9248134484106983, 0.7228862721378634, 0.03180314166193008, 0.027688181904052034, 0.24860964830948645, 0.5522607196957762, 0.9181562009980325, 0.24226532699558168, 0.1795193091217582, 0.011748383429962893, 0.08342608057196496, 0.012207476253578414, 0.3297917096153954, 0.06614357477964034, 0.9823633295911227, 0.9961099918306342, 0.441260565604072, 0.9489618007707864, 0.06471491473265667, 0.8822708375554686, 0.9622364148244127, 0.13540388836824874, 0.6032422816521221, 0.5808773393853769, 0.9060257353901917, 0.026776810499772652, 0.7895567715635214, 0.9866304233356604, 0.8795708384287773, 0.12045441694378385, 0.6893526051466875, 0.0863362909001151, 0.9552273257542062, 0.9230247669211048, 0.0677680051035138, 0.09000967040045525, 0.5811458370815159, 0.6217444256993933, 0.5886700312237018, 0.0017476843772966412, 0.40267488043630345, 0.9794781655261844, 0.4149290102937556, 0.9805278362563847, 0.6255457644682334, 0.020972615999948246, 0.43456518140702366, 0.31150162166562817, 0.25775770245408347, 0.17447098878224937, 0.9684247799643967, 0.9801639054451481, 0.06772852808284312], BATTLES: 283-171-191-421-302-287-395-287-283-
34, 0, -2649.0, [0.016449191186081794, 0.9419983351657985, 0.13538460162279184, 0.9798588728439854, 0.9106149589663495, 0.8151769668259855, 0.9381261944111255, 0.21840658084675638, 0.7606279761731817, 0.9587806687484484, 0.6924086414517348, 0.6999467114995547, 0.030451448370821612, 0.10614885581163658, 0.0484076562044789, 0.2781362160665394, 0.9612980567461137, 0.13234164309845167, 0.16994007035252923, 0.016603330217856465, 0.049971080849608114, 0.0035612640159187305, 0.5406711263306498, 0.020468421804265464, 0.9043136048174623, 0.9735129602924427, 0.46256046523525773, 0.923940088052326, 0.053867579141217974, 0.9621921882824394, 0.9465979542842052, 0.0433405573334954, 0.5130587619178913, 0.7954723587382098, 0.8301822530465817, 0.010464049354996466, 0.821621891045239, 0.9568664393950213, 0.9535542187950673, 0.2732308931675762, 0.44925431984755826, 0.0664865878498479, 0.971758991255456, 0.8609652473521754, 0.04858343163581933, 0.12307755198761605, 0.5578318292238822, 0.8303986372140206, 0.947067550471375, 0.0012141564379537693, 0.5442488284963491, 0.9573088303926224, 0.7020858092837581, 0.9755609809351262, 0.6685932553067506, 0.08720498792357577, 0.3111046922152213, 0.21709791128222602, 0.46020570035758745, 0.07352428573276143, 0.8001307240743647, 0.928315728545271, 0.11913388471156779], BATTLES: 267-165-206-438-287-329-349-294-312-
34, 1, -2675.0, [0.06644054760881604, 0.9307049826669666, 0.2180503715234282, 0.9822858742368141, 0.925272491445265, 0.9862026104067552, 0.9735662653667293, 0.28802301956001364, 0.8231821152878783, 0.9727403864973878, 0.5556434737385516, 0.6594551779374724, 0.04514587291772062, 0.09415382174525175, 0.10978464339949436, 0.3049735983776031, 0.9685612235135614, 0.15925753576668783, 0.06004239112687723, 0.022385031852654322, 0.07982210012638102, 0.004689077068129791, 0.5390242302588087, 0.11123291925474685, 0.9443719176452282, 0.9896798016072039, 0.4305177920122598, 0.8835812319547404, 0.03101332098764856, 0.9635268025485464, 0.9503974006889537, 0.15542031786697302, 0.3953888860672111, 0.7334007357694478, 0.7814450193976036, 0.030268756616737447, 0.7249356982250436, 0.9914956523891603, 0.9429851338298749, 0.2780521051596322, 0.5441064981804941, 0.09025927638864284, 0.9404056968770798, 0.932083906367611, 0.057564654367458265, 0.14323016781861742, 0.4744390843364527, 0.749678148325227, 0.9751831983335099, 0.00411788490800455, 0.5127278107868338, 0.9819423159342688, 0.5753268992578082, 0.9800968928134124, 0.5796951641643798, 0.07264942430199617, 0.42879836743228117, 0.2390290243101675, 0.3698574477166935, 0.019172380031093093, 0.8123047342572198, 0.9081115879881834, 0.13260920265314954], BATTLES: 304-186-223-404-294-321-356-277-288-
34, 2, -2679.0, [0.043081255706279284, 0.9513279276975776, 0.1307927898819216, 0.9469478023520366, 0.8933493443014772, 0.5800762565977063, 0.9583932497369233, 0.03543276335543871, 0.9602000467058255, 0.9575477186210352, 0.8068207674035285, 0.592095870458089, 0.02016530620528076, 0.10106207220927123, 0.21133379927747253, 0.5642089198489085, 0.9719180125440817, 0.3295172704459313, 0.2263283639782965, 0.02385086551432367, 0.05725284944200289, 0.0051818134306170875, 0.5187122808075497, 0.03746904517589858, 0.9123938431667865, 0.9881459698601915, 0.5566749483509033, 0.7515555026957235, 0.09242784506986831, 0.9941024534034736, 0.9715127345355704, 0.07824572155419457, 0.5120029389437496, 0.7697776117945435, 0.7949009291042265, 0.028397135538528757, 0.8328204261440051, 0.9500873658236265, 0.8927710944084306, 0.28660997461516785, 0.5593853337994781, 0.13398323900183573, 0.9806997528456216, 0.9586790212546918, 0.05852693183425506, 0.08908773965914098, 0.55527993500269, 0.68508437165875, 0.9269234662963408, 0.003247481322391413, 0.7503780365297997, 0.8472382926943953, 0.8430284855837569, 0.9796159882793132, 0.5447389456102044, 0.1274072573389215, 0.5347024075292162, 0.27918335410979195, 0.41811153634712217, 0.16485497784400857, 0.826819993666285, 0.9020379663169797, 0.06995557032380847], BATTLES: 321-180-221-420-271-270-362-262-295-
34, 3, -2651.0, [0.025553136803651302, 0.9758996640354141, 0.3148684920488377, 0.9765832208904621, 0.8288839303832344, 0.9061794013212017, 0.9597387756262158, 0.14984314260302506, 0.8443413093686436, 0.9918273260529467, 0.8580100835403133, 0.8935234438714862, 0.15324986802871526, 0.013945695520376736, 0.0008378397863831703, 0.40101483888076506, 0.9752523070331556, 0.05863399541357475, 0.07584615984167052, 0.02431877176815844, 0.15313190633159598, 0.005455958693775708, 0.6778176089967649, 0.03201706917753991, 0.9147752956768871, 0.9628712099166075, 0.40706807430147807, 0.8128509039601378, 0.0034187959197282715, 0.9682383123047005, 0.8435954346053166, 0.05334503850585986, 0.3823219278997736, 0.6908763004764492, 0.949278107033333, 0.004977239152576626, 0.8524786231648113, 0.9943313963143561, 0.9896763881196788, 0.2698758521398802, 0.423384390847096, 0.030218672680100183, 0.9671814130131036, 0.9865770684155415, 0.06401206693443282, 0.09437273214150657, 0.6441966731145008, 0.7179569055540124, 0.6284188364747562, 0.010315863569592203, 0.6179740399299927, 0.9792671817736786, 0.8810311096797953, 0.9939042997208278, 0.5298820208143191, 0.06422716407529278, 0.3746544023730603, 0.1984412155258914, 0.2321036258495812, 0.05024648044040673, 0.908596909589475, 0.7553632368917974, 0.046663235028048665], BATTLES: 285-173-199-420-308-313-372-280-301-
34, 4, -2615.0, [0.04477434630661293, 0.9618953321027938, 0.2792993021479849, 0.9872863768849782, 0.8887689079034556, 0.9198807799011077, 0.9663650493715896, 0.4855653468885255, 0.7910567182415414, 0.9248956842814107, 0.862828718453938, 0.76612098044479, 0.22977279161738895, 0.021061321070143985, 0.18382154772243425, 0.5240131250030016, 0.9508325675717676, 0.20781797038719113, 0.2152255332522964, 0.05839287492789172, 0.02643551677393164, 0.005088979685704531, 0.5538503346678891, 0.16973213987966526, 0.9732465487338915, 0.9966106587943785, 0.6040266187569852, 0.7466331321207239, 0.11210712318345165, 0.8519354085334053, 0.9605010273290636, 0.060599559080596915, 0.5077151278346477, 0.7504783622122371, 0.9002932267858963, 0.04657709361769645, 0.7860800447884534, 0.9888993344582455, 0.9795512891971913, 0.31634777999257085, 0.24183018671126288, 0.04591404192243485, 0.9551087264709538, 0.9173192456853836, 0.07220155460361122, 0.003674005393646162, 0.36962560102346487, 0.6339328530413422, 0.5886812362992294, 0.0020344128145257734, 0.6564421852258604, 0.8634594275145974, 0.4805316554619351, 0.9852457069679346, 0.8980681359499991, 0.17074655243612696, 0.45064075820756033, 0.2824882490000374, 0.2984559065699702, 0.040269054418023253, 0.8921520191598429, 0.848729103308247, 0.002208849535054999], BATTLES: 289-154-185-394-310-303-390-295-294-
34, 5, -2610.0, [0.03480922526844642, 0.9388782376171478, 0.22240817069473026, 0.9283601461729267, 0.9171987741553809, 0.6513002283435328, 0.9859207614938521, 0.5126342663330342, 0.7561496605021599, 0.9492883633986614, 0.8528315172593691, 0.6407706600483954, 0.3529532312612471, 0.0022017444830120317, 0.0586657383987284, 0.4205881192988212, 0.9707628388248074, 0.04881875653149392, 0.35823944435096977, 0.027880895282879414, 0.1546737706356478, 0.005932952717037273, 0.2950904768798883, 0.06440993578799398, 0.9182618920818805, 0.9985568251581889, 0.3685397524234856, 0.8110103451996834, 0.05398263568664124, 0.9458194517242371, 0.9159472103504042, 0.09094753214136828, 0.47856331106573696, 0.44517761535338907, 0.833780061099665, 0.012521885233829263, 0.8922172262451102, 0.9842054032587207, 0.892227804805541, 0.24975695563613573, 0.6776164630939563, 0.162573059850047, 0.973230480602687, 0.9489142483098082, 0.06335335599654272, 0.019312666734079435, 0.5622780217200851, 0.8057669396174376, 0.911292205011996, 0.008423843121609955, 0.6696891145495373, 0.8560700227282905, 0.7446163855889164, 0.9842691463457507, 0.5752750123836832, 0.07247274522079279, 0.43854525020766877, 0.4080254615736302, 0.6340839635124366, 0.07578561138566203, 0.9097721224608302, 0.905479242580046, 0.07523813254560248], BATTLES: 309-155-223-416-292-299-354-277-285-
34, 6, -2655.0, [0.10092611502669425, 0.9340407742479591, 0.2302037294465502, 0.9749986762242969, 0.9193539628140696, 0.8665652961308425, 0.9417061457263043, 0.13336674080235658, 0.8634123392819862, 0.9439881753824726, 0.6937212344740269, 0.991847221357113, 0.04154792611682248, 0.0590562006895705, 0.19169768101591136, 0.34020572384711634, 0.9767486281686243, 0.31005535728341205, 0.21912776584728771, 0.05030474001971781, 0.12094405240572961, 0.0001015762029290216, 0.47046487912351664, 0.07575950943312415, 0.9055737925182309, 0.9992471315713995, 0.3352338880951776, 0.8135658271059926, 0.06045562758401325, 0.9742356084423536, 0.9342519951799463, 0.057687979610614254, 0.33175354772588395, 0.7949312564224148, 0.792628651361045, 0.001746377910552373, 0.9524750245028939, 0.9876612395981382, 0.960052334510249, 0.26481774699920235, 0.42818839221031335, 0.20362310924492405, 0.9965841705419822, 0.922680483282799, 0.0818612909231552, 0.09725260751647244, 0.5375918744442318, 0.7802522849751609, 0.9416029026585007, 0.012379972639193408, 0.3613993270703951, 0.9544262447018026, 0.8215032449780793, 0.9893232395727067, 0.7710788307802593, 0.052900049364747403, 0.404392610732873, 0.23438943086171327, 0.07466401805812306, 0.11174034289129516, 0.712708739544657, 0.873819430592812, 0.0011229392800242172], BATTLES: 306-151-196-407-284-298-393-313-307-
34, 7, -2576.0, [0.07631495517805371, 0.9472607153094251, 0.020214660677022933, 0.7849544511752586, 0.8813827952357213, 0.569983869316579, 0.9143227900030771, 0.7209554402357689, 0.871022278801257, 0.935842072989189, 0.7514087996152211, 0.6962670105560259, 0.1406384922725775, 0.06569906836103191, 0.2923472643327852, 0.4989808017148083, 0.9885437505389426, 0.21096637373391397, 0.44359817484430375, 0.03906044755930277, 0.13809726024947355, 0.010522619228553872, 0.40386545139040403, 0.05121632509161329, 0.9026403505791452, 0.9695705463216604, 0.6695145273435928, 0.9965533309443066, 0.03715294066139077, 0.6647906408121244, 0.9538615848009059, 0.05570750208114861, 0.41390867018152977, 0.7875345553180495, 0.7765737520856653, 0.006144536545661088, 0.8580529099033106, 0.9293607251572922, 0.6492561885673535, 0.30425557398210573, 0.6388348500327835, 0.323431119440724, 0.9667640594967909, 0.9163180356354481, 0.057433461889377695, 0.18967198450401473, 0.6863219959862146, 0.7916023662583013, 0.8972913928054276, 0.01568212348145255, 0.5276396533574279, 0.8923532615401626, 0.7177510998173028, 0.9808990192810256, 0.41886704560796034, 0.10311015082044081, 0.6287179450100574, 0.38772860126974756, 0.23232692758494372, 0.2225905945238782, 0.9581603604096645, 0.8364558763415801, 0.09130183820171864], BATTLES: 285-185-205-433-290-277-350-250-301-
34, 8, -2649.0, [0.0008145423344264706, 0.9395501110319443, 0.3286649501450159, 0.9936206384385309, 0.9072417817692661, 0.8673877267599663, 0.9818946747513628, 0.23973224618560754, 0.8510910291487295, 0.9996614824831265, 0.7083755309688324, 0.596611398996174, 0.008904110788158653, 0.025074093485515293, 0.3897720091225067, 0.30257931577115904, 0.9424969661612257, 0.03638411260060666, 0.4611765051152461, 0.028449554340878286, 0.023788990465299226, 0.0002278442011634245, 0.39150731965719393, 0.1029064917880882, 0.9229321360638858, 0.992860658130507, 0.4474997692691834, 0.9531641418730549, 0.03581668707324152, 0.9011869633393723, 0.966892934392837, 0.16459013733569106, 0.8647131709309377, 0.38204564529931984, 0.9117277723696987, 0.008743728116815706, 0.8704352056271016, 0.9550913596594722, 0.974756451558795, 0.287293933516125, 0.7397989624258923, 0.00013164419672442862, 0.9475889257736445, 0.9296310981429988, 0.0796445887794303, 0.031976694137326026, 0.6144653988439266, 0.7596694189097111, 0.491333920690206, 0.01415603038837479, 0.625958108954478, 0.9997355234801742, 0.2149801482808844, 0.9758540173665309, 0.638354374427108, 0.1372005042897282, 0.3523727313826175, 0.11337086190577708, 0.11245879625262437, 0.11893301090465726, 0.9524601432997448, 0.8327868146806949, 0.08110395600815726], BATTLES: 309-169-194-408-292-336-371-293-277-
34, 9, -2627.0, [0.027411169706236367, 0.9200001221540799, 0.15747941379490693, 0.9787746615969585, 0.893978661809097, 0.7520353506094783, 0.88152192082772, 0.08258672562343573, 0.7510588250912758, 0.9772818391826129, 0.6595654057036662, 0.7023752758988884, 0.12516750845951138, 0.08856488562205131, 0.10878422084836126, 0.17041866617070542, 0.9613848206817017, 0.1970918146520313, 0.344837670298896, 0.025720946922932458, 0.003485356965423826, 0.003120765388769948, 0.4813850198724815, 0.025491209782674218, 0.8677546771445418, 0.972136320271125, 0.7257015162575908, 0.9007968458070851, 0.07612762574964857, 0.9444880677143783, 0.954077154682071, 0.009650847033309122, 0.734158638425363, 0.6575575266358991, 0.7497033676351976, 0.024778334678825953, 0.7501282605028641, 0.9490263960386609, 0.885022908939035, 0.36697894689001537, 0.5854710091306522, 0.17109244408862306, 0.970639948274198, 0.8745075597955144, 0.03985192881677731, 0.12205525812955953, 0.5498095752205225, 0.8046250095877392, 0.8553980108334219, 0.0017422268576738913, 0.4749401145056971, 0.9496012662405101, 0.6334260018241353, 0.9783895122520391, 0.751515708861172, 0.10751854437440336, 0.5323448721735207, 0.2515560755886167, 0.05926887401986429, 0.15491115412487996, 0.811642913970103, 0.8725959726297928, 0.09989086703894495], BATTLES: 275-194-201-416-285-307-366-263-305-
34, 10, -2627.0, [0.14822915743375578, 0.9220016568382896, 0.008198575513807982, 0.9743366890655248, 0.9161924459679466, 0.9693613183077286, 0.972912437910815, 0.5020227160908627, 0.9337370778875762, 0.9888552076057957, 0.9464781019790277, 0.6782592711236942, 0.17832802294540118, 0.0010207752692880448, 0.019979127730656764, 0.5976862532546281, 0.9894557750104453, 0.023630881486780025, 0.47227270043472874, 0.025874789551501416, 0.10282596877890507, 0.0016645562029894145, 0.25951284391209567, 0.0010485446359653414, 0.9643827793950984, 0.9565227932331855, 0.4603926909652583, 0.8048637076260987, 0.056586451162642576, 0.9543836597908087, 0.8574672860704807, 0.1576126098886638, 0.4953693368144669, 0.4391229269610014, 0.817125504966257, 0.02065751860355702, 0.8124847437352748, 0.9952284132126137, 0.8527998960923346, 0.16093200995725174, 0.4665447500504728, 0.14417030565633035, 0.9698043785463077, 0.9692004594208022, 0.0398193321659179, 0.12876383192693336, 0.5909788153239943, 0.7342742300647961, 0.6310942828154836, 0.01346693693773138, 0.5395921628549905, 0.9473251804129845, 0.7788115478444525, 0.9884612893136175, 0.460562168928319, 0.13348792497385606, 0.6491301717271856, 0.19115180503668747, 0.12142061665444642, 0.013616527726529326, 0.9121371954286187, 0.7022883537130206, 0.03027823004471796], BATTLES: 279-155-223-440-302-302-382-287-257-
34, 11, -2664.0, [0.031318600856598364, 0.9607710496193337, 0.20799810850025652, 0.9521251927661999, 0.9608960410794403, 0.8918144976989217, 0.9838352730628265, 0.48887789471806786, 0.649724504037703, 0.9693866094276574, 0.5769632960570079, 0.9161124993693599, 0.03325998606916823, 0.03166790146751437, 0.061925368571423875, 0.42801885101793935, 0.9653640848021794, 0.2790308995708087, 0.0719825349958089, 0.004330878709639878, 0.09768038292461612, 0.0006868027701456194, 0.7104408254741656, 0.16232515971096148, 0.8774555921151822, 0.995530205229064, 0.5380501902118499, 0.9212886448411701, 0.016542655498000658, 0.9918768640638533, 0.901946853654093, 0.12351667616750112, 0.6082445745127537, 0.9370733250233332, 0.8210653856843394, 0.008969649842931002, 0.7416740865698396, 0.9884707361943312, 0.9925823941053364, 0.381708302171598, 0.6016471805516106, 0.006424423459050671, 0.962208578240341, 0.8745005244830582, 0.035668345118969116, 0.09891937577078225, 0.5991575069786034, 0.7857361987716764, 0.7991978720963553, 0.0015795284260004352, 0.565899672348665, 0.9631452411133685, 0.6018261237725582, 0.991450064184064, 0.7142783044622254, 0.07748885915149767, 0.4546877843744189, 0.12852400146875773, 0.2068654065711487, 0.016066569705696563, 0.8630009514291971, 0.8706025001454901, 0.09350005206113085], BATTLES: 295-178-238-422-300-307-356-267-301-
34, 12, -2670.0, [0.014145022244652526, 0.9270112879011042, 0.16517055176179068, 0.9844713866217913, 0.8988098249931247, 0.7357530459291114, 0.9740574534160809, 0.34890682803000816, 0.7989575298064995, 0.9649291340353737, 0.7555806615697946, 0.6242167315422786, 0.21459209469565724, 0.13059792203249457, 0.02529692415781114, 0.5231732856544727, 0.9542861433225587, 0.15121807686390826, 0.2054173215174395, 0.05376397217073805, 0.01723171822506616, 0.006110495479099616, 0.5408492320112825, 0.16217627064328838, 0.9370360329695959, 0.9951399867439694, 0.6165840979103157, 0.8316657576374423, 0.07440633663698532, 0.9613614593482132, 0.9536655595054138, 0.22277318825103085, 0.6141390964833809, 0.8042752570680586, 0.8795466932466683, 0.029483006863859663, 0.6755770395647929, 0.9878943211687555, 0.9678634699842827, 0.25886717325844033, 0.5001547277260477, 0.18143961830117333, 0.94843135455232, 0.9257765360963008, 0.0694117799357042, 0.10748064289093258, 0.496030669113911, 0.7586238147850184, 0.8456188200816988, 0.003428695616904611, 0.6847161680673938, 0.8829836181076398, 0.6701866021827835, 0.9748878008362379, 0.7879930156131002, 0.09797428604747692, 0.6131753688106495, 0.09576223513911503, 0.1935306640397004, 0.056696416971178276, 0.8796170415912962, 0.7820725774902894, 0.030693121034970794], BATTLES: 296-147-217-409-312-312-388-291-298-
34, 13, -2645.0, [0.08164995454525661, 0.9323471436525459, 0.18780533716507114, 0.974341137430881, 0.874154453941081, 0.90038090110483, 0.9735556282644112, 0.10832374742184078, 0.8263628004241972, 0.9702786514587824, 0.6573151972852834, 0.41963534470798347, 0.07118054476982529, 0.12362878902880045, 0.07408172329010983, 0.5777181580152164, 0.9576405054057312, 0.13375821086179784, 0.05543940767525585, 0.041949747048902954, 0.08250302664909867, 0.005242374763535489, 0.5602725254863158, 0.013005849164117523, 0.9466906915431097, 0.9585846798617327, 0.5535320843957333, 0.8518312828814723, 0.007236916639501864, 0.9088700073934738, 0.9611138394946398, 0.022616309390297573, 0.7728178650770349, 0.6539364222196178, 0.7132089046116847, 0.013345623912046547, 0.7694846940797815, 0.9867118125384512, 0.8821346696289449, 0.31881839653605565, 0.6514398364391013, 0.2924273659908298, 0.9478846323368232, 0.8439267476872945, 0.040506083939997946, 0.013941594025878815, 0.6689699730165628, 0.7459286131974762, 0.6470681181656949, 0.018104901162735405, 0.3470100976570788, 0.9328395137710906, 0.27706434422264153, 0.985589233434663, 0.8002558671603377, 0.07089624519473293, 0.39450152207483014, 0.23885431319777758, 0.022798719958131736, 0.17169501624588182, 0.8724209469011953, 0.9312376728302487, 0.01246683241853306], BATTLES: 291-177-207-428-296-313-348-262-274-
34, 14, -2621.0, [0.1765858084694757, 0.9762785996402193, 0.3271788095197556, 0.980405006487058, 0.8603602160178514, 0.9809042877251852, 0.9803393308784318, 0.18903335844727862, 0.9368439172900728, 0.9074195521244324, 0.9248134484106983, 0.7228862721378634, 0.03180314166193008, 0.027688181904052034, 0.24860964830948645, 0.5522607196957762, 0.9181562009980325, 0.24226532699558168, 0.1795193091217582, 0.011748383429962893, 0.08342608057196496, 0.012207476253578414, 0.3297917096153954, 0.06614357477964034, 0.9823633295911227, 0.9961099918306342, 0.441260565604072, 0.9489618007707864, 0.06471491473265667, 0.8822708375554686, 0.9622364148244127, 0.13540388836824874, 0.6032422816521221, 0.5808773393853769, 0.9060257353901917, 0.026776810499772652, 0.7895567715635214, 0.9866304233356604, 0.8795708384287773, 0.12045441694378385, 0.6893526051466875, 0.0863362909001151, 0.9552273257542062, 0.9230247669211048, 0.0677680051035138, 0.09000967040045525, 0.5811458370815159, 0.6217444256993933, 0.5886700312237018, 0.0017476843772966412, 0.40267488043630345, 0.9794781655261844, 0.4149290102937556, 0.9805278362563847, 0.6255457644682334, 0.020972615999948246, 0.43456518140702366, 0.31150162166562817, 0.25775770245408347, 0.17447098878224937, 0.9684247799643967, 0.9801639054451481, 0.06772852808284312], BATTLES: 293-167-219-434-293-297-348-304-266-
35, 0, -2672.0, [0.016449191186081794, 0.9658135816874006, 0.2368912999745384, 0.9798588728439854, 0.8604712891609096, 0.7120162270145437, 0.9381261944111255, 0.21840658084675638, 0.7606279761731817, 0.9129338070058484, 0.8988302459634785, 0.6436242636423678, 0.018293390559960723, 0.06361128222788442, 0.2507969090660982, 0.6654991543503981, 0.9251707627486424, 0.13234164309845167, 0.16994007035252923, 0.012266591919406752, 0.049971080849608114, 0.008332589529434886, 0.4287533382175989, 0.020468421804265464, 0.9043136048174623, 0.9735129602924427, 0.44560955265385405, 0.923940088052326, 0.07137409921140701, 0.9621921882824394, 0.9487589684827653, 0.1469434825012606, 0.5397585598767485, 0.7954723587382098, 0.8301822530465817, 0.022168553221826582, 0.7939325517333158, 0.9568664393950213, 0.9283022201498715, 0.2732308931675762, 0.44925431984755826, 0.0664865878498479, 0.9593938317493922, 0.8609652473521754, 0.0650930820906523, 0.10736899612996753, 0.5578318292238822, 0.8303986372140206, 0.947067550471375, 0.0012141564379537693, 0.5647527612056579, 0.878749689456849, 0.6668433243639009, 0.9795823999723892, 0.6685932553067506, 0.05588673434884064, 0.4909690176733912, 0.21709791128222602, 0.46020570035758745, 0.07352428573276143, 0.8001307240743647, 0.9641578642726355, 0.11913388471156779], BATTLES: 301-181-224-412-303-305-357-246-295-
35, 1, -2662.0, [0.06644054760881604, 0.9307049826669666, 0.2180503715234282, 0.9822858742368141, 0.9199277171967746, 0.9862026104067552, 0.9992674268117855, 0.28802301956001364, 0.8231821152878783, 0.9643399329954041, 0.5556434737385516, 0.7201132633605151, 0.04514587291772062, 0.09415382174525175, 0.10978464339949436, 0.3049735983776031, 0.9527773237708829, 0.15925753576668783, 0.030021195563438616, 0.022385031852654322, 0.07269505039102163, 0.004689077068129791, 0.5477097082959512, 0.11731117481190545, 0.9443719176452282, 0.9981391991863886, 0.4305177920122598, 0.8835812319547404, 0.03101332098764856, 0.9635268025485464, 0.9610809932066586, 0.17071712548674436, 0.34293437898688817, 0.7334007357694478, 0.7814450193976036, 0.022960577725450248, 0.7249356982250436, 0.9949028634763719, 0.9429851338298749, 0.2780521051596322, 0.5441064981804941, 0.09025927638864284, 0.9404056968770798, 0.932083906367611, 0.057564654367458265, 0.1926710115926742, 0.42836876732267337, 0.8008918626739113, 0.9751831983335099, 0.002058942454002275, 0.4978533268546933, 0.9819423159342688, 0.5753268992578082, 0.9793886900088457, 0.5796951641643798, 0.06241720190219358, 0.42879836743228117, 0.22338330027072942, 0.3698574477166935, 0.009586190015546546, 0.7249512915249632, 0.9081115879881834, 0.14644981241692395], BATTLES: 288-167-207-389-274-313-379-296-312-
35, 2, -2689.0, [0.043081255706279284, 0.9045446348510964, 0.20634755118577647, 0.9975538706799311, 0.8933493443014772, 0.5800762565977063, 0.9583932497369233, 0.017716381677719356, 0.9602000467058255, 0.9726705245637128, 0.6333504005388146, 0.4855562794333502, 0.02016530620528076, 0.10106207220927123, 0.21133379927747253, 0.34609578852553463, 0.9719180125440817, 0.3295172704459313, 0.17504839661836624, 0.0446484462844115, 0.028626424721001444, 0.0051818134306170875, 0.5148084645100475, 0.03746904517589858, 0.9123938431667865, 0.9881459698601915, 0.677031021032313, 0.7461110349682161, 0.04706844571630679, 0.9970512267017368, 0.9857563672677851, 0.10137215178903658, 0.4798345966257443, 0.7697776117945435, 0.7729385719932703, 0.028397135538528757, 0.658199995462283, 0.9500873658236265, 0.8927710944084306, 0.3363733915569997, 0.5593853337994781, 0.13398323900183573, 0.9806997528456216, 0.9586790212546918, 0.07184550236142472, 0.16778530166848604, 0.55527993500269, 0.8008179363468665, 0.9269234662963408, 0.0016237406611957065, 0.7888395088440339, 0.8777207047775512, 0.8430284855837569, 0.9712341392579685, 0.5447389456102044, 0.12088592561070739, 0.5347024075292162, 0.13243760937509869, 0.41811153634712217, 0.061821369381038264, 0.8047151644083341, 0.8369937842385496, 0.04607237235986784], BATTLES: 278-175-218-421-304-324-364-290-281-
35, 3, -2631.0, [0.025553136803651302, 0.9758996640354141, 0.3148684920488377, 0.9765832208904621, 0.8288839303832344, 0.9061794013212017, 0.9597387756262158, 0.14984314260302506, 0.8443413093686436, 0.9918273260529467, 0.8580100835403133, 0.8935234438714862, 0.15324986802871526, 0.013945695520376736, 0.0008378397863831703, 0.40101483888076506, 0.9752523070331556, 0.05863399541357475, 0.07584615984167052, 0.02431877176815844, 0.15313190633159598, 0.005455958693775708, 0.6778176089967649, 0.03201706917753991, 0.9147752956768871, 0.9628712099166075, 0.40706807430147807, 0.8128509039601378, 0.0034187959197282715, 0.9682383123047005, 0.8435954346053166, 0.05334503850585986, 0.3823219278997736, 0.6908763004764492, 0.949278107033333, 0.004977239152576626, 0.8524786231648113, 0.9943313963143561, 0.9896763881196788, 0.2698758521398802, 0.423384390847096, 0.030218672680100183, 0.9671814130131036, 0.9865770684155415, 0.06401206693443282, 0.09437273214150657, 0.6441966731145008, 0.7179569055540124, 0.6284188364747562, 0.010315863569592203, 0.6179740399299927, 0.9792671817736786, 0.8810311096797953, 0.9939042997208278, 0.5298820208143191, 0.06422716407529278, 0.3746544023730603, 0.1984412155258914, 0.2321036258495812, 0.05024648044040673, 0.908596909589475, 0.7553632368917974, 0.046663235028048665], BATTLES: 284-189-212-402-297-302-358-299-288-
35, 4, -2658.0, [0.04477434630661293, 0.9618953321027938, 0.2792993021479849, 0.9872863768849782, 0.8887689079034556, 0.9198807799011077, 0.9663650493715896, 0.4855653468885255, 0.7910567182415414, 0.9248956842814107, 0.862828718453938, 0.76612098044479, 0.22977279161738895, 0.021061321070143985, 0.18382154772243425, 0.5240131250030016, 0.9508325675717676, 0.20781797038719113, 0.2152255332522964, 0.05839287492789172, 0.02643551677393164, 0.005088979685704531, 0.5538503346678891, 0.16973213987966526, 0.9732465487338915, 0.9966106587943785, 0.6040266187569852, 0.7466331321207239, 0.11210712318345165, 0.8519354085334053, 0.9605010273290636, 0.060599559080596915, 0.5077151278346477, 0.7504783622122371, 0.9002932267858963, 0.04657709361769645, 0.7860800447884534, 0.9888993344582455, 0.9795512891971913, 0.31634777999257085, 0.24183018671126288, 0.04591404192243485, 0.9551087264709538, 0.9173192456853836, 0.07220155460361122, 0.003674005393646162, 0.36962560102346487, 0.6339328530413422, 0.5886812362992294, 0.0020344128145257734, 0.6564421852258604, 0.8634594275145974, 0.4805316554619351, 0.9852457069679346, 0.8980681359499991, 0.17074655243612696, 0.45064075820756033, 0.2824882490000374, 0.2984559065699702, 0.040269054418023253, 0.8921520191598429, 0.848729103308247, 0.002208849535054999], BATTLES: 291-131-197-402-298-293-412-339-295-
35, 5, -2668.0, [0.03480922526844642, 0.9388782376171478, 0.22240817069473026, 0.9283601461729267, 0.9171987741553809, 0.6513002283435328, 0.9859207614938521, 0.5126342663330342, 0.7561496605021599, 0.9492883633986614, 0.8528315172593691, 0.6407706600483954, 0.3529532312612471, 0.0022017444830120317, 0.0586657383987284, 0.4205881192988212, 0.9707628388248074, 0.04881875653149392, 0.35823944435096977, 0.027880895282879414, 0.1546737706356478, 0.005932952717037273, 0.2950904768798883, 0.06440993578799398, 0.9182618920818805, 0.9985568251581889, 0.3685397524234856, 0.8110103451996834, 0.05398263568664124, 0.9458194517242371, 0.9159472103504042, 0.09094753214136828, 0.47856331106573696, 0.44517761535338907, 0.833780061099665, 0.012521885233829263, 0.8922172262451102, 0.9842054032587207, 0.892227804805541, 0.24975695563613573, 0.6776164630939563, 0.162573059850047, 0.973230480602687, 0.9489142483098082, 0.06335335599654272, 0.019312666734079435, 0.5622780217200851, 0.8057669396174376, 0.911292205011996, 0.008423843121609955, 0.6696891145495373, 0.8560700227282905, 0.7446163855889164, 0.9842691463457507, 0.5752750123836832, 0.07247274522079279, 0.43854525020766877, 0.4080254615736302, 0.6340839635124366, 0.07578561138566203, 0.9097721224608302, 0.905479242580046, 0.07523813254560248], BATTLES: 293-183-221-404-300-320-355-285-307-
35, 6, -2659.0, [0.10092611502669425, 0.9340407742479591, 0.2302037294465502, 0.9749986762242969, 0.9193539628140696, 0.8665652961308425, 0.9417061457263043, 0.13336674080235658, 0.8634123392819862, 0.9439881753824726, 0.6937212344740269, 0.991847221357113, 0.04154792611682248, 0.0590562006895705, 0.19169768101591136, 0.34020572384711634, 0.9767486281686243, 0.31005535728341205, 0.21912776584728771, 0.05030474001971781, 0.12094405240572961, 0.0001015762029290216, 0.47046487912351664, 0.07575950943312415, 0.9055737925182309, 0.9992471315713995, 0.3352338880951776, 0.8135658271059926, 0.06045562758401325, 0.9742356084423536, 0.9342519951799463, 0.057687979610614254, 0.33175354772588395, 0.7949312564224148, 0.792628651361045, 0.001746377910552373, 0.9524750245028939, 0.9876612395981382, 0.960052334510249, 0.26481774699920235, 0.42818839221031335, 0.20362310924492405, 0.9965841705419822, 0.922680483282799, 0.0818612909231552, 0.09725260751647244, 0.5375918744442318, 0.7802522849751609, 0.9416029026585007, 0.012379972639193408, 0.3613993270703951, 0.9544262447018026, 0.8215032449780793, 0.9893232395727067, 0.7710788307802593, 0.052900049364747403, 0.404392610732873, 0.23438943086171327, 0.07466401805812306, 0.11174034289129516, 0.712708739544657, 0.873819430592812, 0.0011229392800242172], BATTLES: 310-149-183-402-297-300-372-327-319-
35, 7, -2527.0, [0.07631495517805371, 0.9472607153094251, 0.020214660677022933, 0.7849544511752586, 0.8813827952357213, 0.569983869316579, 0.9143227900030771, 0.7209554402357689, 0.871022278801257, 0.935842072989189, 0.7514087996152211, 0.6962670105560259, 0.1406384922725775, 0.06569906836103191, 0.2923472643327852, 0.4989808017148083, 0.9885437505389426, 0.21096637373391397, 0.44359817484430375, 0.03906044755930277, 0.13809726024947355, 0.010522619228553872, 0.40386545139040403, 0.05121632509161329, 0.9026403505791452, 0.9695705463216604, 0.6695145273435928, 0.9965533309443066, 0.03715294066139077, 0.6647906408121244, 0.9538615848009059, 0.05570750208114861, 0.41390867018152977, 0.7875345553180495, 0.7765737520856653, 0.006144536545661088, 0.8580529099033106, 0.9293607251572922, 0.6492561885673535, 0.30425557398210573, 0.6388348500327835, 0.323431119440724, 0.9667640594967909, 0.9163180356354481, 0.057433461889377695, 0.18967198450401473, 0.6863219959862146, 0.7916023662583013, 0.8972913928054276, 0.01568212348145255, 0.5276396533574279, 0.8923532615401626, 0.7177510998173028, 0.9808990192810256, 0.41886704560796034, 0.10311015082044081, 0.6287179450100574, 0.38772860126974756, 0.23232692758494372, 0.2225905945238782, 0.9581603604096645, 0.8364558763415801, 0.09130183820171864], BATTLES: 290-182-197-433-280-285-332-241-287-
35, 8, -2651.0, [0.0008145423344264706, 0.9395501110319443, 0.3286649501450159, 0.9936206384385309, 0.9072417817692661, 0.8673877267599663, 0.9818946747513628, 0.23973224618560754, 0.8510910291487295, 0.9996614824831265, 0.7083755309688324, 0.596611398996174, 0.008904110788158653, 0.025074093485515293, 0.3897720091225067, 0.30257931577115904, 0.9424969661612257, 0.03638411260060666, 0.4611765051152461, 0.028449554340878286, 0.023788990465299226, 0.0002278442011634245, 0.39150731965719393, 0.1029064917880882, 0.9229321360638858, 0.992860658130507, 0.4474997692691834, 0.9531641418730549, 0.03581668707324152, 0.9011869633393723, 0.966892934392837, 0.16459013733569106, 0.8647131709309377, 0.38204564529931984, 0.9117277723696987, 0.008743728116815706, 0.8704352056271016, 0.9550913596594722, 0.974756451558795, 0.287293933516125, 0.7397989624258923, 0.00013164419672442862, 0.9475889257736445, 0.9296310981429988, 0.0796445887794303, 0.031976694137326026, 0.6144653988439266, 0.7596694189097111, 0.491333920690206, 0.01415603038837479, 0.625958108954478, 0.9997355234801742, 0.2149801482808844, 0.9758540173665309, 0.638354374427108, 0.1372005042897282, 0.3523727313826175, 0.11337086190577708, 0.11245879625262437, 0.11893301090465726, 0.9524601432997448, 0.8327868146806949, 0.08110395600815726], BATTLES: 309-184-200-410-292-312-371-281-292-
35, 9, -2602.0, [0.031066676533381344, 0.9200001221540799, 0.3317547609528141, 0.9787746615969585, 0.893978661809097, 0.7520353506094783, 0.9394578263649024, 0.08258672562343573, 0.6980340284361276, 0.9886409195913064, 0.6595654057036662, 0.5742459156743247, 0.12516750845951138, 0.08856488562205131, 0.35914800619668064, 0.08520933308535271, 0.9613848206817017, 0.1970918146520313, 0.20006661841112794, 0.012018929948754796, 0.05873988572356774, 0.003120765388769948, 0.4813850198724815, 0.14494700329318025, 0.8765076455767895, 0.9928297406393887, 0.7257015162575908, 0.8855927619467084, 0.07612762574964857, 0.9486792687948836, 0.9755380925789705, 0.1605547986963395, 0.734158638425363, 0.5990911604325043, 0.7114745113664954, 0.024778334678825953, 0.721928027900764, 0.9490263960386609, 0.9686816705652195, 0.36697894689001537, 0.7229545639406174, 0.0070704163536450815, 0.9141873835866423, 0.8945075063437433, 0.03985192881677731, 0.12205525812955953, 0.606853434995181, 0.7672508580613395, 0.6928001748920956, 0.0017422268576738913, 0.37826362263227814, 0.974800633120255, 0.14365130939614418, 0.9802433358570987, 0.751515708861172, 0.08657340171690563, 0.15151542157067233, 0.2515560755886167, 0.08422094106067249, 0.016889406800532865, 0.811642913970103, 0.9323861843314892, 0.09989086703894495], BATTLES: 281-174-206-419-283-287-356-257-271-
35, 10, -2599.0, [0.14822915743375578, 0.9125542853726648, 0.008198575513807982, 0.9743366890655248, 0.9161924459679466, 0.9143714663639994, 0.9010416225459202, 0.1913818751820141, 0.6951700870227402, 0.9888552076057957, 0.9464781019790277, 0.6782592711236942, 0.1539425138492972, 0.0010207752692880448, 0.13215713779758792, 0.02803534696455029, 0.9894557750104453, 0.011815440743390013, 0.47227270043472874, 0.01083507151032839, 0.10282596877890507, 0.0008322781014947073, 0.6893138584352502, 0.08029166075271048, 0.8719390751268559, 0.9729505346820813, 0.4603926909652583, 0.8048637076260987, 0.003264523030030518, 0.9543836597908087, 0.9336802564714983, 0.1576126098886638, 0.4953693368144669, 0.7111936150953572, 0.6281091268330397, 0.02065751860355702, 0.6641478440039199, 0.9952284132126137, 0.8947388476336741, 0.16093200995725174, 0.5747272134386212, 0.14417030565633035, 0.93159356007385, 0.8888514405264895, 0.0398193321659179, 0.15146573501425942, 0.5753330702193615, 0.7750590824772408, 0.8661310373743437, 0.01346693693773138, 0.30373882617953196, 0.9473251804129845, 0.49101926380562494, 0.9852315274321982, 0.460562168928319, 0.13348792497385606, 0.3263004444341908, 0.1712312064562719, 0.06871315939899786, 0.006808263863264663, 0.9121371954286187, 0.8991197402324522, 0.03027823004471796], BATTLES: 303-160-195-444-276-299-361-266-275-
35, 11, -2630.0, [0.031318600856598364, 0.9607710496193337, 0.20799810850025652, 0.9521251927661999, 0.9608960410794403, 0.8918144976989217, 0.9838352730628265, 0.48887789471806786, 0.649724504037703, 0.9693866094276574, 0.5769632960570079, 0.9161124993693599, 0.03325998606916823, 0.03166790146751437, 0.061925368571423875, 0.42801885101793935, 0.9653640848021794, 0.2790308995708087, 0.0719825349958089, 0.004330878709639878, 0.09768038292461612, 0.0006868027701456194, 0.7104408254741656, 0.16232515971096148, 0.8774555921151822, 0.995530205229064, 0.5380501902118499, 0.9212886448411701, 0.016542655498000658, 0.9918768640638533, 0.901946853654093, 0.12351667616750112, 0.6082445745127537, 0.9370733250233332, 0.8210653856843394, 0.008969649842931002, 0.7416740865698396, 0.9884707361943312, 0.9925823941053364, 0.381708302171598, 0.6016471805516106, 0.006424423459050671, 0.962208578240341, 0.8745005244830582, 0.035668345118969116, 0.09891937577078225, 0.5991575069786034, 0.7857361987716764, 0.7991978720963553, 0.0015795284260004352, 0.565899672348665, 0.9631452411133685, 0.6018261237725582, 0.991450064184064, 0.7142783044622254, 0.07748885915149767, 0.4546877843744189, 0.12852400146875773, 0.2068654065711487, 0.016066569705696563, 0.8630009514291971, 0.8706025001454901, 0.09350005206113085], BATTLES: 294-176-234-432-285-307-374-250-278-
35, 12, -2681.0, [0.014145022244652526, 0.9270112879011042, 0.16517055176179068, 0.9844713866217913, 0.8988098249931247, 0.7357530459291114, 0.9740574534160809, 0.34890682803000816, 0.7989575298064995, 0.9649291340353737, 0.7555806615697946, 0.6242167315422786, 0.21459209469565724, 0.13059792203249457, 0.02529692415781114, 0.5231732856544727, 0.9542861433225587, 0.15121807686390826, 0.2054173215174395, 0.05376397217073805, 0.01723171822506616, 0.006110495479099616, 0.5408492320112825, 0.16217627064328838, 0.9370360329695959, 0.9951399867439694, 0.6165840979103157, 0.8316657576374423, 0.07440633663698532, 0.9613614593482132, 0.9536655595054138, 0.22277318825103085, 0.6141390964833809, 0.8042752570680586, 0.8795466932466683, 0.029483006863859663, 0.6755770395647929, 0.9878943211687555, 0.9678634699842827, 0.25886717325844033, 0.5001547277260477, 0.18143961830117333, 0.94843135455232, 0.9257765360963008, 0.0694117799357042, 0.10748064289093258, 0.496030669113911, 0.7586238147850184, 0.8456188200816988, 0.003428695616904611, 0.6847161680673938, 0.8829836181076398, 0.6701866021827835, 0.9748878008362379, 0.7879930156131002, 0.09797428604747692, 0.6131753688106495, 0.09576223513911503, 0.1935306640397004, 0.056696416971178276, 0.8796170415912962, 0.7820725774902894, 0.030693121034970794], BATTLES: 290-158-205-414-323-306-374-290-321-
35, 13, -2640.0, [0.08164995454525661, 0.9323471436525459, 0.18780533716507114, 0.974341137430881, 0.874154453941081, 0.90038090110483, 0.9735556282644112, 0.10832374742184078, 0.8263628004241972, 0.9702786514587824, 0.6573151972852834, 0.41963534470798347, 0.07118054476982529, 0.12362878902880045, 0.07408172329010983, 0.5777181580152164, 0.9576405054057312, 0.13375821086179784, 0.05543940767525585, 0.041949747048902954, 0.08250302664909867, 0.005242374763535489, 0.5602725254863158, 0.013005849164117523, 0.9466906915431097, 0.9585846798617327, 0.5535320843957333, 0.8518312828814723, 0.007236916639501864, 0.9088700073934738, 0.9611138394946398, 0.022616309390297573, 0.7728178650770349, 0.6539364222196178, 0.7132089046116847, 0.013345623912046547, 0.7694846940797815, 0.9867118125384512, 0.8821346696289449, 0.31881839653605565, 0.6514398364391013, 0.2924273659908298, 0.9478846323368232, 0.8439267476872945, 0.040506083939997946, 0.013941594025878815, 0.6689699730165628, 0.7459286131974762, 0.6470681181656949, 0.018104901162735405, 0.3470100976570788, 0.9328395137710906, 0.27706434422264153, 0.985589233434663, 0.8002558671603377, 0.07089624519473293, 0.39450152207483014, 0.23885431319777758, 0.022798719958131736, 0.17169501624588182, 0.8724209469011953, 0.9312376728302487, 0.01246683241853306], BATTLES: 304-171-228-422-289-292-375-296-263-
35, 14, -2576.0, [0.1765858084694757, 0.9762785996402193, 0.3271788095197556, 0.980405006487058, 0.8603602160178514, 0.9809042877251852, 0.9803393308784318, 0.18903335844727862, 0.9368439172900728, 0.9074195521244324, 0.9248134484106983, 0.7228862721378634, 0.03180314166193008, 0.027688181904052034, 0.24860964830948645, 0.5522607196957762, 0.9181562009980325, 0.24226532699558168, 0.1795193091217582, 0.011748383429962893, 0.08342608057196496, 0.012207476253578414, 0.3297917096153954, 0.06614357477964034, 0.9823633295911227, 0.9961099918306342, 0.441260565604072, 0.9489618007707864, 0.06471491473265667, 0.8822708375554686, 0.9622364148244127, 0.13540388836824874, 0.6032422816521221, 0.5808773393853769, 0.9060257353901917, 0.026776810499772652, 0.7895567715635214, 0.9866304233356604, 0.8795708384287773, 0.12045441694378385, 0.6893526051466875, 0.0863362909001151, 0.9552273257542062, 0.9230247669211048, 0.0677680051035138, 0.09000967040045525, 0.5811458370815159, 0.6217444256993933, 0.5886700312237018, 0.0017476843772966412, 0.40267488043630345, 0.9794781655261844, 0.4149290102937556, 0.9805278362563847, 0.6255457644682334, 0.020972615999948246, 0.43456518140702366, 0.31150162166562817, 0.25775770245408347, 0.17447098878224937, 0.9684247799643967, 0.9801639054451481, 0.06772852808284312], BATTLES: 279-169-170-416-298-291-383-285-285-
36, 0, -2625.0, [0.016449191186081794, 0.9658135816874006, 0.2368912999745384, 0.9798588728439854, 0.8604712891609096, 0.7120162270145437, 0.9381261944111255, 0.21840658084675638, 0.7606279761731817, 0.9129338070058484, 0.8988302459634785, 0.6436242636423678, 0.018293390559960723, 0.06361128222788442, 0.2507969090660982, 0.6654991543503981, 0.9251707627486424, 0.13234164309845167, 0.16994007035252923, 0.012266591919406752, 0.049971080849608114, 0.008332589529434886, 0.4287533382175989, 0.020468421804265464, 0.9043136048174623, 0.9735129602924427, 0.44560955265385405, 0.923940088052326, 0.07137409921140701, 0.9621921882824394, 0.9487589684827653, 0.1469434825012606, 0.5397585598767485, 0.7954723587382098, 0.8301822530465817, 0.022168553221826582, 0.7939325517333158, 0.9568664393950213, 0.9283022201498715, 0.2732308931675762, 0.44925431984755826, 0.0664865878498479, 0.9593938317493922, 0.8609652473521754, 0.0650930820906523, 0.10736899612996753, 0.5578318292238822, 0.8303986372140206, 0.947067550471375, 0.0012141564379537693, 0.5647527612056579, 0.878749689456849, 0.6668433243639009, 0.9795823999723892, 0.6685932553067506, 0.05588673434884064, 0.4909690176733912, 0.21709791128222602, 0.46020570035758745, 0.07352428573276143, 0.8001307240743647, 0.9641578642726355, 0.11913388471156779], BATTLES: 283-158-238-423-273-323-349-283-295-
36, 1, -2660.0, [0.03322027380440802, 0.8994238226816025, 0.24656035716873032, 0.9822858742368141, 0.8868968431646997, 0.9931013052033776, 0.9992674268117855, 0.09745802554409641, 0.9288758172991461, 0.982169966497702, 0.5146921286052967, 0.41684191222591854, 0.04514587291772062, 0.035675185231754517, 0.05489232169974718, 0.3266204518302423, 0.9475918814132863, 0.07962876788334391, 0.024324127415667987, 0.05790696312461251, 0.036347525195510814, 0.0023445385340648953, 0.5477097082959512, 0.1203938664271555, 0.9159349305481382, 0.9981391991863886, 0.6233326364122247, 0.8202741398376698, 0.03101332098764856, 0.9635268025485464, 0.9805404966033293, 0.004304166387513769, 0.34293437898688817, 0.6891879619001599, 0.6791780421870064, 0.029078720876003675, 0.7249356982250436, 0.9949028634763719, 0.9714925669149375, 0.35192289611774613, 0.5441064981804941, 0.09025927638864284, 0.9182994515788695, 0.8562233711495046, 0.07700501352102174, 0.1523687544314755, 0.4534629587098944, 0.8039473037537864, 0.9751831983335099, 0.002058942454002275, 0.4728056394446769, 0.9989855939021091, 0.46244077588524535, 0.9793886900088457, 0.78984758208219, 0.11428166875364884, 0.29749482523447407, 0.22338330027072942, 0.18492872385834674, 0.009586190015546546, 0.8179241169060018, 0.8229420145035956, 0.14644981241692395], BATTLES: 287-152-218-404-292-305-390-281-309-
36, 2, -2659.0, [0.037363442273619, 0.9375578981415942, 0.2870457369915978, 0.9989778245222463, 0.8310637395420596, 0.5837589012501542, 0.9583932497369233, 0.017716381677719356, 0.9716182509573863, 0.9726705245637128, 0.7092373226044588, 0.4855562794333502, 0.06075753833414218, 0.031402014832316597, 0.21133379927747253, 0.34609578852553463, 0.9719180125440817, 0.2818056588280477, 0.17504839661836624, 0.0446484462844115, 0.09507745332168796, 0.0051818134306170875, 0.5148084645100475, 0.04954312728445255, 0.9123938431667865, 0.9881459698601915, 0.615697927581366, 0.706023750739861, 0.04706844571630679, 0.9970512267017368, 0.9187839997340782, 0.10137215178903658, 0.4798345966257443, 0.7932382378268588, 0.7729385719932703, 0.028397135538528757, 0.8217146053597918, 0.9605739156292952, 0.9610711581726377, 0.4065726127055069, 0.5593853337994781, 0.13398323900183573, 0.9806997528456216, 0.9793395106273459, 0.0848064511991962, 0.16778530166848604, 0.5395463388996442, 0.8008179363468665, 0.9150792522878254, 0.0008118703305978533, 0.9609295107035034, 0.8777207047775512, 0.9215142427918784, 0.9759781026608241, 0.37302371542073964, 0.12088592561070739, 0.5347024075292162, 0.13243760937509869, 0.5510417016743492, 0.061821369381038264, 0.8047151644083341, 0.7689665668805599, 0.04607237235986784], BATTLES: 285-183-203-420-296-311-368-271-310-
36, 3, -2661.0, [0.012776568401825651, 0.9457374256507878, 0.18158566436552329, 0.9749916426087193, 0.8877426734448851, 0.7864700633620199, 0.9597387756262158, 0.2718946463536619, 0.7317343720483598, 0.9959136630264733, 0.8580100835403133, 0.8215653955325044, 0.15324986802871526, 0.013945695520376736, 0.00041891989319158517, 0.40101483888076506, 0.9785978183402569, 0.15741867549205013, 0.04707826939145686, 0.02431877176815844, 0.09819574280105184, 0.00012666325600068154, 0.8187690848025322, 0.03201706917753991, 0.9147752956768871, 0.9816806407096431, 0.5199106959318173, 0.9295313499298019, 0.007000596115227589, 0.9682383123047005, 0.8435954346053166, 0.05334503850585986, 0.5827575398607375, 0.9843638484872878, 0.8594419599515926, 0.012283204158157163, 0.7190097971288861, 0.9943313963143561, 0.9843801461015531, 0.30265501844485243, 0.423384390847096, 0.030218672680100183, 0.9671814130131036, 0.9865770684155415, 0.06401206693443282, 0.09437273214150657, 0.5291040504721995, 0.8367189909243637, 0.6284188364747562, 0.010315863569592203, 0.6179740399299927, 0.9386111345795797, 0.82702419015297, 0.986177398534167, 0.5298820208143191, 0.09500333952032497, 0.5209452379259628, 0.04366171701080997, 0.22078773882879463, 0.05024648044040673, 0.8735386025641569, 0.7299345139810695, 0.09075664742476924], BATTLES: 309-177-195-431-284-305-376-283-281-
36, 4, -2672.0, [0.04477434630661293, 0.9114259878497324, 0.19776060374934704, 0.9721993215672584, 0.8887689079034556, 0.5378272841184683, 0.9643915386988123, 0.4855653468885255, 0.875354375449837, 0.9702154237159476, 0.862828718453938, 0.5112145744074853, 0.15462903003639586, 0.0594567394310961, 0.18382154772243425, 0.5240131250030016, 0.9841140032730049, 0.20781797038719113, 0.2152255332522964, 0.030600747546617433, 0.09174141803034246, 0.0024814992580898757, 0.5538503346678891, 0.08249086328973948, 0.909384625335565, 0.9925171587427549, 0.6040266187569852, 0.7867328506565235, 0.11210712318345165, 0.9259677042667027, 0.9818670885931828, 0.1052618328557636, 0.47189996928133343, 0.6880839430478276, 0.9002932267858963, 0.0296095132675358, 0.7724259644680479, 0.9888993344582455, 0.8702177075430143, 0.28710577017976635, 0.5507817363926928, 0.1744792113533956, 0.9817219446597196, 0.9631333676858813, 0.06642147162931773, 0.11655333546167798, 0.4362563168475911, 0.849437217901953, 0.7943406181496147, 0.0020344128145257734, 0.856447320798826, 0.8233044900439757, 0.8740121752473669, 0.9758334661665882, 0.5599730249707459, 0.1471387711043361, 0.45064075820756033, 0.2824882490000374, 0.6543219926456159, 0.07610714927342446, 0.848308514350073, 0.848729103308247, 0.0742280495864821], BATTLES: 287-129-223-383-285-293-390-329-257-
36, 5, -2616.0, [0.03480922526844642, 0.9388782376171478, 0.22240817069473026, 0.9283601461729267, 0.9171987741553809, 0.6513002283435328, 0.9859207614938521, 0.5126342663330342, 0.7561496605021599, 0.9492883633986614, 0.8528315172593691, 0.6407706600483954, 0.3529532312612471, 0.0022017444830120317, 0.0586657383987284, 0.4205881192988212, 0.9707628388248074, 0.04881875653149392, 0.35823944435096977, 0.027880895282879414, 0.1546737706356478, 0.005932952717037273, 0.2950904768798883, 0.06440993578799398, 0.9182618920818805, 0.9985568251581889, 0.3685397524234856, 0.8110103451996834, 0.05398263568664124, 0.9458194517242371, 0.9159472103504042, 0.09094753214136828, 0.47856331106573696, 0.44517761535338907, 0.833780061099665, 0.012521885233829263, 0.8922172262451102, 0.9842054032587207, 0.892227804805541, 0.24975695563613573, 0.6776164630939563, 0.162573059850047, 0.973230480602687, 0.9489142483098082, 0.06335335599654272, 0.019312666734079435, 0.5622780217200851, 0.8057669396174376, 0.911292205011996, 0.008423843121609955, 0.6696891145495373, 0.8560700227282905, 0.7446163855889164, 0.9842691463457507, 0.5752750123836832, 0.07247274522079279, 0.43854525020766877, 0.4080254615736302, 0.6340839635124366, 0.07578561138566203, 0.9097721224608302, 0.905479242580046, 0.07523813254560248], BATTLES: 307-181-194-404-306-345-348-259-272-
36, 6, -2639.0, [0.10092611502669425, 0.9340407742479591, 0.2302037294465502, 0.9749986762242969, 0.9193539628140696, 0.8665652961308425, 0.9417061457263043, 0.13336674080235658, 0.8634123392819862, 0.9439881753824726, 0.6937212344740269, 0.991847221357113, 0.04154792611682248, 0.0590562006895705, 0.19169768101591136, 0.34020572384711634, 0.9767486281686243, 0.31005535728341205, 0.21912776584728771, 0.05030474001971781, 0.12094405240572961, 0.0001015762029290216, 0.47046487912351664, 0.07575950943312415, 0.9055737925182309, 0.9992471315713995, 0.3352338880951776, 0.8135658271059926, 0.06045562758401325, 0.9742356084423536, 0.9342519951799463, 0.057687979610614254, 0.33175354772588395, 0.7949312564224148, 0.792628651361045, 0.001746377910552373, 0.9524750245028939, 0.9876612395981382, 0.960052334510249, 0.26481774699920235, 0.42818839221031335, 0.20362310924492405, 0.9965841705419822, 0.922680483282799, 0.0818612909231552, 0.09725260751647244, 0.5375918744442318, 0.7802522849751609, 0.9416029026585007, 0.012379972639193408, 0.3613993270703951, 0.9544262447018026, 0.8215032449780793, 0.9893232395727067, 0.7710788307802593, 0.052900049364747403, 0.404392610732873, 0.23438943086171327, 0.07466401805812306, 0.11174034289129516, 0.712708739544657, 0.873819430592812, 0.0011229392800242172], BATTLES: 274-144-208-424-281-285-414-321-288-
36, 7, -2587.0, [0.041370731055641936, 0.9472607153094251, 0.020214660677022933, 0.9277114095937649, 0.8813827952357213, 0.7772070840032403, 0.9620225847380941, 0.7209554402357689, 0.817132515273109, 0.935842072989189, 0.7337081983360484, 0.6962670105560259, 0.3251186564672778, 0.06569906836103191, 0.02459772423386171, 0.4989808017148083, 0.9568249592005156, 0.17412541474054963, 0.44359817484430375, 0.04481691791546463, 0.06904863012473678, 0.0013135937113766608, 0.7239741997211422, 0.05121632509161329, 0.9026403505791452, 0.9695705463216604, 0.6695145273435928, 0.9965533309443066, 0.03715294066139077, 0.9769599316841152, 0.9538615848009059, 0.09704019316572941, 0.41390867018152977, 0.7875345553180495, 0.7731463033514304, 0.03973737930721329, 0.8580529099033106, 0.9915973368219598, 0.6492561885673535, 0.37370855151154875, 0.4145932745676286, 0.323431119440724, 0.9667640594967909, 0.9906145981075837, 0.07137312757830405, 0.18967198450401473, 0.3985683597278825, 0.7916023662583013, 0.8972913928054276, 0.01568212348145255, 0.5276396533574279, 0.8065944159509937, 0.7177510998173028, 0.9708872169964865, 0.41886704560796034, 0.10311015082044081, 0.6287179450100574, 0.38772860126974756, 0.23232692758494372, 0.1112952972619391, 0.8789328862594439, 0.8364558763415801, 0.03376209406306396], BATTLES: 302-175-203-418-310-292-334-272-280-
36, 8, -2668.0, [0.0008145423344264706, 0.9395501110319443, 0.3286649501450159, 0.9936206384385309, 0.9072417817692661, 0.8673877267599663, 0.9818946747513628, 0.23973224618560754, 0.8510910291487295, 0.9996614824831265, 0.7083755309688324, 0.596611398996174, 0.008904110788158653, 0.025074093485515293, 0.3897720091225067, 0.30257931577115904, 0.9424969661612257, 0.03638411260060666, 0.4611765051152461, 0.028449554340878286, 0.023788990465299226, 0.0002278442011634245, 0.39150731965719393, 0.1029064917880882, 0.9229321360638858, 0.992860658130507, 0.4474997692691834, 0.9531641418730549, 0.03581668707324152, 0.9011869633393723, 0.966892934392837, 0.16459013733569106, 0.8647131709309377, 0.38204564529931984, 0.9117277723696987, 0.008743728116815706, 0.8704352056271016, 0.9550913596594722, 0.974756451558795, 0.287293933516125, 0.7397989624258923, 0.00013164419672442862, 0.9475889257736445, 0.9296310981429988, 0.0796445887794303, 0.031976694137326026, 0.6144653988439266, 0.7596694189097111, 0.491333920690206, 0.01415603038837479, 0.625958108954478, 0.9997355234801742, 0.2149801482808844, 0.9758540173665309, 0.638354374427108, 0.1372005042897282, 0.3523727313826175, 0.11337086190577708, 0.11245879625262437, 0.11893301090465726, 0.9524601432997448, 0.8327868146806949, 0.08110395600815726], BATTLES: 296-205-201-412-302-326-369-270-287-
36, 9, -2653.0, [0.1067911458581513, 0.9200001221540799, 0.3317547609528141, 0.977141906899691, 0.893978661809097, 0.6599638075344035, 0.9394578263649024, 0.08258672562343573, 0.7069147516122105, 0.9779912396385086, 0.6595654057036662, 0.36425746646768903, 0.09208112123980093, 0.08856488562205131, 0.35914800619668064, 0.08520933308535271, 0.9752920305535564, 0.212256265430592, 0.20006661841112794, 0.02518080976269364, 0.025995010813203653, 0.0016800264638575342, 0.4813850198724815, 0.11166224904753712, 0.8765076455767895, 0.9958631777383512, 0.7257015162575908, 0.8855927619467084, 0.07612762574964857, 0.9564702441891215, 0.9755380925789705, 0.18590201658272495, 0.734158638425363, 0.5990911604325043, 0.7114745113664954, 0.024778334678825953, 0.721928027900764, 0.9501271967088555, 0.9686816705652195, 0.36697894689001537, 0.71608074925127, 0.14248694213967317, 0.9315786197682774, 0.8945075063437433, 0.03985192881677731, 0.12205525812955953, 0.606853434995181, 0.7672508580613395, 0.9295010091218936, 0.0017422268576738913, 0.4324273601699621, 0.974800633120255, 0.38083015627378863, 0.9802433358570987, 0.751515708861172, 0.08657340171690563, 0.33976206533259634, 0.16928867048295393, 0.08422094106067249, 0.017729206486450988, 0.811642913970103, 0.9323861843314892, 0.09989086703894495], BATTLES: 309-176-205-437-291-291-342-251-309-
36, 10, -2580.0, [0.14822915743375578, 0.9125542853726648, 0.008198575513807982, 0.9743366890655248, 0.9161924459679466, 0.9143714663639994, 0.9010416225459202, 0.1913818751820141, 0.6951700870227402, 0.9888552076057957, 0.9464781019790277, 0.6782592711236942, 0.1539425138492972, 0.0010207752692880448, 0.13215713779758792, 0.02803534696455029, 0.9894557750104453, 0.011815440743390013, 0.47227270043472874, 0.01083507151032839, 0.10282596877890507, 0.0008322781014947073, 0.6893138584352502, 0.08029166075271048, 0.8719390751268559, 0.9729505346820813, 0.4603926909652583, 0.8048637076260987, 0.003264523030030518, 0.9543836597908087, 0.9336802564714983, 0.1576126098886638, 0.4953693368144669, 0.7111936150953572, 0.6281091268330397, 0.02065751860355702, 0.6641478440039199, 0.9952284132126137, 0.8947388476336741, 0.16093200995725174, 0.5747272134386212, 0.14417030565633035, 0.93159356007385, 0.8888514405264895, 0.0398193321659179, 0.15146573501425942, 0.5753330702193615, 0.7750590824772408, 0.8661310373743437, 0.01346693693773138, 0.30373882617953196, 0.9473251804129845, 0.49101926380562494, 0.9852315274321982, 0.460562168928319, 0.13348792497385606, 0.3263004444341908, 0.1712312064562719, 0.06871315939899786, 0.006808263863264663, 0.9121371954286187, 0.8991197402324522, 0.03027823004471796], BATTLES: 297-172-203-431-296-270-374-263-274-
36, 11, -2711.0, [0.031318600856598364, 0.9607710496193337, 0.20799810850025652, 0.9521251927661999, 0.9608960410794403, 0.8918144976989217, 0.9838352730628265, 0.48887789471806786, 0.649724504037703, 0.9693866094276574, 0.5769632960570079, 0.9161124993693599, 0.03325998606916823, 0.03166790146751437, 0.061925368571423875, 0.42801885101793935, 0.9653640848021794, 0.2790308995708087, 0.0719825349958089, 0.004330878709639878, 0.09768038292461612, 0.0006868027701456194, 0.7104408254741656, 0.16232515971096148, 0.8774555921151822, 0.995530205229064, 0.5380501902118499, 0.9212886448411701, 0.016542655498000658, 0.9918768640638533, 0.901946853654093, 0.12351667616750112, 0.6082445745127537, 0.9370733250233332, 0.8210653856843394, 0.008969649842931002, 0.7416740865698396, 0.9884707361943312, 0.9925823941053364, 0.381708302171598, 0.6016471805516106, 0.006424423459050671, 0.962208578240341, 0.8745005244830582, 0.035668345118969116, 0.09891937577078225, 0.5991575069786034, 0.7857361987716764, 0.7991978720963553, 0.0015795284260004352, 0.565899672348665, 0.9631452411133685, 0.6018261237725582, 0.991450064184064, 0.7142783044622254, 0.07748885915149767, 0.4546877843744189, 0.12852400146875773, 0.2068654065711487, 0.016066569705696563, 0.8630009514291971, 0.8706025001454901, 0.09350005206113085], BATTLES: 292-200-220-434-299-335-368-266-297-
36, 12, -2698.0, [0.014145022244652526, 0.9270112879011042, 0.16517055176179068, 0.9844713866217913, 0.8988098249931247, 0.7357530459291114, 0.9740574534160809, 0.34890682803000816, 0.7989575298064995, 0.9649291340353737, 0.7555806615697946, 0.6242167315422786, 0.21459209469565724, 0.13059792203249457, 0.02529692415781114, 0.5231732856544727, 0.9542861433225587, 0.15121807686390826, 0.2054173215174395, 0.05376397217073805, 0.01723171822506616, 0.006110495479099616, 0.5408492320112825, 0.16217627064328838, 0.9370360329695959, 0.9951399867439694, 0.6165840979103157, 0.8316657576374423, 0.07440633663698532, 0.9613614593482132, 0.9536655595054138, 0.22277318825103085, 0.6141390964833809, 0.8042752570680586, 0.8795466932466683, 0.029483006863859663, 0.6755770395647929, 0.9878943211687555, 0.9678634699842827, 0.25886717325844033, 0.5001547277260477, 0.18143961830117333, 0.94843135455232, 0.9257765360963008, 0.0694117799357042, 0.10748064289093258, 0.496030669113911, 0.7586238147850184, 0.8456188200816988, 0.003428695616904611, 0.6847161680673938, 0.8829836181076398, 0.6701866021827835, 0.9748878008362379, 0.7879930156131002, 0.09797428604747692, 0.6131753688106495, 0.09576223513911503, 0.1935306640397004, 0.056696416971178276, 0.8796170415912962, 0.7820725774902894, 0.030693121034970794], BATTLES: 286-165-213-434-303-318-383-289-307-
36, 13, -2651.0, [0.08164995454525661, 0.9323471436525459, 0.18780533716507114, 0.9888616182345474, 0.874154453941081, 0.90038090110483, 0.9735556282644112, 0.10832374742184078, 0.8263628004241972, 0.9702786514587824, 0.7118887878733939, 0.41963534470798347, 0.07118054476982529, 0.12362878902880045, 0.037040861645054914, 0.5777181580152164, 0.9576405054057312, 0.04122035204674972, 0.05543940767525585, 0.046434581909024185, 0.08250302664909867, 0.005242374763535489, 0.5602725254863158, 0.06548481023528796, 0.9466906915431097, 0.9585846798617327, 0.5535320843957333, 0.8518312828814723, 0.003618458319750932, 0.9088700073934738, 0.9116849372044378, 0.022616309390297573, 0.6675229490384751, 0.6800219187877699, 0.7132089046116847, 0.013345623912046547, 0.7694846940797815, 0.9933559062692257, 0.9488237260038865, 0.31881839653605565, 0.6514398364391013, 0.21401030345411973, 0.9478846323368232, 0.8840013002003513, 0.040506083939997946, 0.013941594025878815, 0.6689699730165628, 0.7459286131974762, 0.6470681181656949, 0.015326895448928464, 0.4219763937597641, 0.9328395137710906, 0.27706434422264153, 0.9868989865045892, 0.7903530486167041, 0.07089624519473293, 0.39450152207483014, 0.23885431319777758, 0.022798719958131736, 0.08785371217434576, 0.8724209469011953, 0.8232114094288363, 0.01246683241853306], BATTLES: 275-182-210-412-302-281-364-300-275-
36, 14, -2612.0, [0.1765858084694757, 0.9762785996402193, 0.3271788095197556, 0.980405006487058, 0.8603602160178514, 0.9809042877251852, 0.9803393308784318, 0.18903335844727862, 0.9368439172900728, 0.9074195521244324, 0.9248134484106983, 0.7228862721378634, 0.03180314166193008, 0.027688181904052034, 0.24860964830948645, 0.5522607196957762, 0.9181562009980325, 0.24226532699558168, 0.1795193091217582, 0.011748383429962893, 0.08342608057196496, 0.012207476253578414, 0.3297917096153954, 0.06614357477964034, 0.9823633295911227, 0.9961099918306342, 0.441260565604072, 0.9489618007707864, 0.06471491473265667, 0.8822708375554686, 0.9622364148244127, 0.13540388836824874, 0.6032422816521221, 0.5808773393853769, 0.9060257353901917, 0.026776810499772652, 0.7895567715635214, 0.9866304233356604, 0.8795708384287773, 0.12045441694378385, 0.6893526051466875, 0.0863362909001151, 0.9552273257542062, 0.9230247669211048, 0.0677680051035138, 0.09000967040045525, 0.5811458370815159, 0.6217444256993933, 0.5886700312237018, 0.0017476843772966412, 0.40267488043630345, 0.9794781655261844, 0.4149290102937556, 0.9805278362563847, 0.6255457644682334, 0.020972615999948246, 0.43456518140702366, 0.31150162166562817, 0.25775770245408347, 0.17447098878224937, 0.9684247799643967, 0.9801639054451481, 0.06772852808284312], BATTLES: 293-160-193-419-302-287-365-299-294-
37, 0, -2611.0, [0.016449191186081794, 0.9658135816874006, 0.2368912999745384, 0.9798588728439854, 0.8604712891609096, 0.7120162270145437, 0.9381261944111255, 0.21840658084675638, 0.7606279761731817, 0.9129338070058484, 0.8988302459634785, 0.6436242636423678, 0.018293390559960723, 0.06361128222788442, 0.2507969090660982, 0.6654991543503981, 0.9251707627486424, 0.13234164309845167, 0.16994007035252923, 0.012266591919406752, 0.049971080849608114, 0.008332589529434886, 0.4287533382175989, 0.020468421804265464, 0.9043136048174623, 0.9735129602924427, 0.44560955265385405, 0.923940088052326, 0.07137409921140701, 0.9621921882824394, 0.9487589684827653, 0.1469434825012606, 0.5397585598767485, 0.7954723587382098, 0.8301822530465817, 0.022168553221826582, 0.7939325517333158, 0.9568664393950213, 0.9283022201498715, 0.2732308931675762, 0.44925431984755826, 0.0664865878498479, 0.9593938317493922, 0.8609652473521754, 0.0650930820906523, 0.10736899612996753, 0.5578318292238822, 0.8303986372140206, 0.947067550471375, 0.0012141564379537693, 0.5647527612056579, 0.878749689456849, 0.6668433243639009, 0.9795823999723892, 0.6685932553067506, 0.05588673434884064, 0.4909690176733912, 0.21709791128222602, 0.46020570035758745, 0.07352428573276143, 0.8001307240743647, 0.9641578642726355, 0.11913388471156779], BATTLES: 270-177-195-424-305-322-362-269-287-
37, 1, -2643.0, [0.03322027380440802, 0.8994238226816025, 0.24656035716873032, 0.9822858742368141, 0.8868968431646997, 0.9931013052033776, 0.9992674268117855, 0.09745802554409641, 0.9288758172991461, 0.982169966497702, 0.5146921286052967, 0.41684191222591854, 0.04514587291772062, 0.035675185231754517, 0.05489232169974718, 0.3266204518302423, 0.9475918814132863, 0.07962876788334391, 0.024324127415667987, 0.05790696312461251, 0.036347525195510814, 0.0023445385340648953, 0.5477097082959512, 0.1203938664271555, 0.9159349305481382, 0.9981391991863886, 0.6233326364122247, 0.8202741398376698, 0.03101332098764856, 0.9635268025485464, 0.9805404966033293, 0.004304166387513769, 0.34293437898688817, 0.6891879619001599, 0.6791780421870064, 0.029078720876003675, 0.7249356982250436, 0.9949028634763719, 0.9714925669149375, 0.35192289611774613, 0.5441064981804941, 0.09025927638864284, 0.9182994515788695, 0.8562233711495046, 0.07700501352102174, 0.1523687544314755, 0.4534629587098944, 0.8039473037537864, 0.9751831983335099, 0.002058942454002275, 0.4728056394446769, 0.9989855939021091, 0.46244077588524535, 0.9793886900088457, 0.78984758208219, 0.11428166875364884, 0.29749482523447407, 0.22338330027072942, 0.18492872385834674, 0.009586190015546546, 0.8179241169060018, 0.8229420145035956, 0.14644981241692395], BATTLES: 306-171-211-399-281-300-389-292-294-
37, 2, -2638.0, [0.037363442273619, 0.9375578981415942, 0.2870457369915978, 0.9989778245222463, 0.8310637395420596, 0.5837589012501542, 0.9583932497369233, 0.017716381677719356, 0.9716182509573863, 0.9726705245637128, 0.7092373226044588, 0.4855562794333502, 0.06075753833414218, 0.031402014832316597, 0.21133379927747253, 0.34609578852553463, 0.9719180125440817, 0.2818056588280477, 0.17504839661836624, 0.0446484462844115, 0.09507745332168796, 0.0051818134306170875, 0.5148084645100475, 0.04954312728445255, 0.9123938431667865, 0.9881459698601915, 0.615697927581366, 0.706023750739861, 0.04706844571630679, 0.9970512267017368, 0.9187839997340782, 0.10137215178903658, 0.4798345966257443, 0.7932382378268588, 0.7729385719932703, 0.028397135538528757, 0.8217146053597918, 0.9605739156292952, 0.9610711581726377, 0.4065726127055069, 0.5593853337994781, 0.13398323900183573, 0.9806997528456216, 0.9793395106273459, 0.0848064511991962, 0.16778530166848604, 0.5395463388996442, 0.8008179363468665, 0.9150792522878254, 0.0008118703305978533, 0.9609295107035034, 0.8777207047775512, 0.9215142427918784, 0.9759781026608241, 0.37302371542073964, 0.12088592561070739, 0.5347024075292162, 0.13243760937509869, 0.5510417016743492, 0.061821369381038264, 0.8047151644083341, 0.7689665668805599, 0.04607237235986784], BATTLES: 311-182-217-406-299-307-363-263-290-
37, 3, -2655.0, [0.012776568401825651, 0.9457374256507878, 0.18158566436552329, 0.9749916426087193, 0.8877426734448851, 0.7864700633620199, 0.9597387756262158, 0.2718946463536619, 0.7317343720483598, 0.9959136630264733, 0.8580100835403133, 0.8215653955325044, 0.15324986802871526, 0.013945695520376736, 0.00041891989319158517, 0.40101483888076506, 0.9785978183402569, 0.15741867549205013, 0.04707826939145686, 0.02431877176815844, 0.09819574280105184, 0.00012666325600068154, 0.8187690848025322, 0.03201706917753991, 0.9147752956768871, 0.9816806407096431, 0.5199106959318173, 0.9295313499298019, 0.007000596115227589, 0.9682383123047005, 0.8435954346053166, 0.05334503850585986, 0.5827575398607375, 0.9843638484872878, 0.8594419599515926, 0.012283204158157163, 0.7190097971288861, 0.9943313963143561, 0.9843801461015531, 0.30265501844485243, 0.423384390847096, 0.030218672680100183, 0.9671814130131036, 0.9865770684155415, 0.06401206693443282, 0.09437273214150657, 0.5291040504721995, 0.8367189909243637, 0.6284188364747562, 0.010315863569592203, 0.6179740399299927, 0.9386111345795797, 0.82702419015297, 0.986177398534167, 0.5298820208143191, 0.09500333952032497, 0.5209452379259628, 0.04366171701080997, 0.22078773882879463, 0.05024648044040673, 0.8735386025641569, 0.7299345139810695, 0.09075664742476924], BATTLES: 284-161-209-401-300-334-375-289-302-
37, 4, -2627.0, [0.022387173153306465, 0.9114259878497324, 0.19776060374934704, 0.9816749731537253, 0.8815089394024255, 0.5034026195333271, 0.9542037956351689, 0.4855653468885255, 0.8094060084112582, 0.9671369013552453, 0.9235781707312543, 0.5112145744074853, 0.15462903003639586, 0.0594567394310961, 0.18382154772243425, 0.6664731046554553, 0.9841140032730049, 0.16545264432015916, 0.32375363131265456, 0.030600747546617433, 0.006555696442546083, 0.005791595269683804, 0.5538503346678891, 0.1641226012511956, 0.9226996373530402, 0.9925171587427549, 0.7342067814991051, 0.7867328506565235, 0.11210712318345165, 0.9259677042667027, 0.9818670885931828, 0.1052618328557636, 0.47189996928133343, 0.6880839430478276, 0.9002932267858963, 0.0296095132675358, 0.7724259644680479, 0.9888993344582455, 0.9505213181649252, 0.28710577017976635, 0.4887937883997102, 0.1744792113533956, 0.9817219446597196, 0.9631333676858813, 0.07614608520455182, 0.11655333546167798, 0.5197794069355534, 0.7622142050819425, 0.7430310170808215, 0.00384599168304993, 0.8663647920047289, 0.7975602380005443, 0.8740121752473669, 0.9722637358274173, 0.845940426488202, 0.13822033434859746, 0.45064075820756033, 0.076461796074616, 0.23674793664077404, 0.07610714927342446, 0.9701980538102255, 0.7224343784806649, 0.0742280495864821], BATTLES: 274-164-225-405-297-297-372-276-309-
37, 5, -2648.0, [0.031651898211951204, 0.9450365938354587, 0.3137575297316072, 0.9283601461729267, 0.9269510651937725, 0.6513002283435328, 0.9859207614938521, 0.49221811586069747, 0.7561496605021599, 0.9492883633986614, 0.5937851926293717, 0.767710449022521, 0.1119662070938362, 0.0022017444830120317, 0.06105628890349701, 0.34152012185922487, 0.9729282659432444, 0.1909685316455208, 0.35823944435096977, 0.013940447641439707, 0.1546737706356478, 0.0019184299704545162, 0.2950904768798883, 0.06440993578799398, 0.9072674129751751, 0.9963371599152054, 0.3685397524234856, 0.8110103451996834, 0.016228703590156608, 0.9458194517242371, 0.9159472103504042, 0.09094753214136828, 0.5736690725687179, 0.44517761535338907, 0.833780061099665, 0.015037873862371424, 0.8922172262451102, 0.9873335169593612, 0.984339079909631, 0.34652755271414837, 0.6776164630939563, 0.0812865299250235, 0.973230480602687, 0.9489142483098082, 0.043049697844679456, 0.019312666734079435, 0.54316856997275, 0.7910767768987245, 0.8290843624236462, 0.0042119215608049775, 0.5250683281484763, 0.8560700227282905, 0.49844094890033946, 0.9838770342915409, 0.5752750123836832, 0.060631813650723634, 0.3690918958479239, 0.15082031406950386, 0.6340839635124366, 0.07578561138566203, 0.8754710390266222, 0.9683522849114681, 0.1453343024924757], BATTLES: 277-181-220-418-282-310-357-270-270-
37, 6, -2671.0, [0.033930735984511455, 0.9079808447826552, 0.2302037294465502, 0.9749986762242969, 0.9540855133554758, 0.7646758494635882, 0.9744513145041604, 0.3168531270470993, 0.8287460444591173, 0.9612748069135483, 0.6409903853597261, 0.5926237290879159, 0.04154792611682248, 0.10872022069374451, 0.3253844827455877, 0.34020572384711634, 0.9435765555503854, 0.31005535728341205, 0.4423781778328242, 0.054864436391597125, 0.12094405240572961, 0.0005706441650241583, 0.34074751428699845, 0.07575950943312415, 0.9293749293712121, 0.9996235657856998, 0.3352338880951776, 0.9087324342476654, 0.06045562758401325, 0.9262204178548412, 0.9342519951799463, 0.22369323075609676, 0.791192704267851, 0.7949312564224148, 0.8222862691261369, 0.001746377910552373, 0.7969161466386241, 0.9876612395981382, 0.955781726915413, 0.26481774699920235, 0.42818839221031335, 0.20362310924492405, 0.9965841705419822, 0.922680483282799, 0.08377348261013724, 0.06591271412009803, 0.5375918744442318, 0.7923177607466662, 0.9416029026585007, 0.009309476533525953, 0.3613993270703951, 0.9238034764567753, 0.33047019234395975, 0.9698074639139137, 0.7710788307802593, 0.12381705383426062, 0.516433016594513, 0.1000032746733833, 0.07466401805812306, 0.11993612863177622, 0.8393296015411716, 0.873819430592812, 0.03957744715453955], BATTLES: 290-151-204-405-287-284-399-311-302-
37, 7, -2582.0, [0.041370731055641936, 0.9323269557053497, 0.020214660677022933, 0.9277114095937649, 0.8901464021859121, 0.7772070840032403, 0.9620225847380941, 0.3776483982772534, 0.6880235506643726, 0.9504692110553692, 0.7447072999317533, 0.6600347704831113, 0.3251186564672778, 0.06569906836103191, 0.02459772423386171, 0.22468373057338248, 0.955548253715815, 0.17412541474054963, 0.32382312363507776, 0.04175307333365326, 0.04299123218700344, 0.0013135937113766608, 0.8480212661686088, 0.14686457361066033, 0.8734494870152073, 0.9906898535161962, 0.6428971699559407, 0.9136355931801723, 0.029072487362641963, 0.9769599316841152, 0.9920885596631053, 0.09704019316572941, 0.41390867018152977, 0.9327704066890878, 0.7731463033514304, 0.03458071802497484, 0.6916956401129944, 0.9915973368219598, 0.8305656553556288, 0.31595776353226696, 0.5120221283218601, 0.323431119440724, 0.9667640594967909, 0.9906145981075837, 0.07038681607991883, 0.15975626942320528, 0.43971181454252617, 0.7955279550773975, 0.8972913928054276, 0.01568212348145255, 0.5276396533574279, 0.8450085893505154, 0.7177510998173028, 0.971274843618202, 0.41886704560796034, 0.10052745595814128, 0.4585591794649216, 0.38772860126974756, 0.23232692758494372, 0.1112952972619391, 0.8789328862594439, 0.8364558763415801, 0.03221878612514529], BATTLES: 267-138-223-381-272-286-368-285-314-
37, 8, -2633.0, [0.0008145423344264706, 0.9395501110319443, 0.3286649501450159, 0.9936206384385309, 0.9072417817692661, 0.8673877267599663, 0.9818946747513628, 0.23973224618560754, 0.8510910291487295, 0.9996614824831265, 0.7083755309688324, 0.596611398996174, 0.008904110788158653, 0.025074093485515293, 0.3897720091225067, 0.30257931577115904, 0.9424969661612257, 0.03638411260060666, 0.4611765051152461, 0.028449554340878286, 0.023788990465299226, 0.0002278442011634245, 0.39150731965719393, 0.1029064917880882, 0.9229321360638858, 0.992860658130507, 0.4474997692691834, 0.9531641418730549, 0.03581668707324152, 0.9011869633393723, 0.966892934392837, 0.16459013733569106, 0.8647131709309377, 0.38204564529931984, 0.9117277723696987, 0.008743728116815706, 0.8704352056271016, 0.9550913596594722, 0.974756451558795, 0.287293933516125, 0.7397989624258923, 0.00013164419672442862, 0.9475889257736445, 0.9296310981429988, 0.0796445887794303, 0.031976694137326026, 0.6144653988439266, 0.7596694189097111, 0.491333920690206, 0.01415603038837479, 0.625958108954478, 0.9997355234801742, 0.2149801482808844, 0.9758540173665309, 0.638354374427108, 0.1372005042897282, 0.3523727313826175, 0.11337086190577708, 0.11245879625262437, 0.11893301090465726, 0.9524601432997448, 0.8327868146806949, 0.08110395600815726], BATTLES: 311-176-199-423-296-311-357-290-270-
37, 9, -2601.0, [0.1067911458581513, 0.9200001221540799, 0.3317547609528141, 0.977141906899691, 0.8571932800723858, 0.6599638075344035, 0.953737638689841, 0.08258672562343573, 0.7069147516122105, 0.9779912396385086, 0.6595654057036662, 0.36425746646768903, 0.30868750999809336, 0.08856488562205131, 0.35914800619668064, 0.5397129721543616, 0.9752920305535564, 0.212256265430592, 0.20006661841112794, 0.024482904736975127, 0.055562915709127296, 0.007072622224158908, 0.8198805153734474, 0.11166224904753712, 0.9373100998796383, 0.9958631777383512, 0.7653001554855557, 0.8855927619467084, 0.07612762574964857, 0.9564702441891215, 0.9755380925789705, 0.18590201658272495, 0.734158638425363, 0.5990911604325043, 0.778975720319792, 0.05196847127102194, 0.721928027900764, 0.9750635983544278, 0.9686816705652195, 0.36697894689001537, 0.71608074925127, 0.14248694213967317, 0.9493506855168171, 0.9472537531718717, 0.03985192881677731, 0.12205525812955953, 0.606853434995181, 0.7672508580613395, 0.9295010091218936, 0.0017422268576738913, 0.7576480033504693, 0.7507469493153439, 0.38083015627378863, 0.9693085448012115, 0.8264099948052767, 0.08657340171690563, 0.5576246983847847, 0.16928867048295393, 0.628111911462789, 0.017729206486450988, 0.781425723237961, 0.9323861843314892, 0.09989086703894495], BATTLES: 256-173-210-426-281-289-366-273-268-
37, 10, -2597.0, [0.14822915743375578, 0.9125542853726648, 0.008198575513807982, 0.9743366890655248, 0.9161924459679466, 0.9143714663639994, 0.9010416225459202, 0.1913818751820141, 0.6951700870227402, 0.9888552076057957, 0.9464781019790277, 0.6782592711236942, 0.1539425138492972, 0.0010207752692880448, 0.13215713779758792, 0.02803534696455029, 0.9894557750104453, 0.011815440743390013, 0.47227270043472874, 0.01083507151032839, 0.10282596877890507, 0.0008322781014947073, 0.6893138584352502, 0.08029166075271048, 0.8719390751268559, 0.9729505346820813, 0.4603926909652583, 0.8048637076260987, 0.003264523030030518, 0.9543836597908087, 0.9336802564714983, 0.1576126098886638, 0.4953693368144669, 0.7111936150953572, 0.6281091268330397, 0.02065751860355702, 0.6641478440039199, 0.9952284132126137, 0.8947388476336741, 0.16093200995725174, 0.5747272134386212, 0.14417030565633035, 0.93159356007385, 0.8888514405264895, 0.0398193321659179, 0.15146573501425942, 0.5753330702193615, 0.7750590824772408, 0.8661310373743437, 0.01346693693773138, 0.30373882617953196, 0.9473251804129845, 0.49101926380562494, 0.9852315274321982, 0.460562168928319, 0.13348792497385606, 0.3263004444341908, 0.1712312064562719, 0.06871315939899786, 0.006808263863264663, 0.9121371954286187, 0.8991197402324522, 0.03027823004471796], BATTLES: 295-165-209-432-268-293-344-290-301-
37, 11, -2636.0, [0.031318600856598364, 0.9607710496193337, 0.20799810850025652, 0.9521251927661999, 0.9608960410794403, 0.8918144976989217, 0.9680906070527776, 0.48887789471806786, 0.649724504037703, 0.9693866094276574, 0.5769632960570079, 0.7444911954289963, 0.03325998606916823, 0.03166790146751437, 0.061925368571423875, 0.42801885101793935, 0.9653640848021794, 0.2790308995708087, 0.0719825349958089, 0.004330878709639878, 0.09768038292461612, 0.0006868027701456194, 0.7104408254741656, 0.16232515971096148, 0.8774555921151822, 0.995530205229064, 0.5049664536172042, 0.9212886448411701, 0.023637344300028857, 0.9918768640638533, 0.901946853654093, 0.12351667616750112, 0.6082445745127537, 0.9370733250233332, 0.8210653856843394, 0.008969649842931002, 0.7416740865698396, 0.9884707361943312, 0.9925823941053364, 0.381708302171598, 0.6016471805516106, 0.006424423459050671, 0.962208578240341, 0.8745005244830582, 0.035668345118969116, 0.1454104827849892, 0.5991575069786034, 0.7857361987716764, 0.7991978720963553, 0.0015795284260004352, 0.565899672348665, 0.9631452411133685, 0.7072989970030849, 0.991450064184064, 0.6497699835303115, 0.03840355554298496, 0.4546877843744189, 0.12852400146875773, 0.26833173515027986, 0.046666192039606924, 0.8630009514291971, 0.8706025001454901, 0.11591315062243297], BATTLES: 296-173-211-427-297-308-371-257-295-
37, 12, -2665.0, [0.014145022244652526, 0.9817068387245939, 0.17835371542970896, 0.9844713866217913, 0.8988098249931247, 0.7357530459291114, 0.9740574534160809, 0.6365316528217959, 0.7989575298064995, 0.9851432599330632, 0.7555806615697946, 0.8121083657711393, 0.17938413900069666, 0.13059792203249457, 0.01264846207890557, 0.5231732856544727, 0.9672446048559635, 0.15121807686390826, 0.2054173215174395, 0.002855592224902172, 0.01723171822506616, 0.003055247739549808, 0.5408492320112825, 0.15830641897053388, 0.9370360329695959, 0.9951399867439694, 0.6165840979103157, 0.8316657576374423, 0.002942205838576472, 0.9613614593482132, 0.9536655595054138, 0.22277318825103085, 0.6141390964833809, 0.8042752570680586, 0.8795466932466683, 0.002754768171775907, 0.7681854932890274, 0.9878943211687555, 0.9678634699842827, 0.25886717325844033, 0.4749726517037262, 0.18143961830117333, 0.9486202713350094, 0.9257765360963008, 0.0694117799357042, 0.04766141061785533, 0.496030669113911, 0.7586238147850184, 0.8456188200816988, 0.003428695616904611, 0.47332490670332356, 0.9859143317916018, 0.6086226177643741, 0.9978785043681947, 0.7233591338745516, 0.06413789321384532, 0.6131753688106495, 0.09576223513911503, 0.1935306640397004, 0.01860075903203561, 0.9177146054450099, 0.7820725774902894, 0.030693121034970794], BATTLES: 289-175-209-415-306-309-362-280-294-
37, 13, -2626.0, [0.08164995454525661, 0.9323471436525459, 0.18780533716507114, 0.9888616182345474, 0.874154453941081, 0.90038090110483, 0.9735556282644112, 0.10832374742184078, 0.8263628004241972, 0.9702786514587824, 0.7118887878733939, 0.41963534470798347, 0.07118054476982529, 0.12362878902880045, 0.037040861645054914, 0.5777181580152164, 0.9576405054057312, 0.04122035204674972, 0.05543940767525585, 0.046434581909024185, 0.08250302664909867, 0.005242374763535489, 0.5602725254863158, 0.06548481023528796, 0.9466906915431097, 0.9585846798617327, 0.5535320843957333, 0.8518312828814723, 0.003618458319750932, 0.9088700073934738, 0.9116849372044378, 0.022616309390297573, 0.6675229490384751, 0.6800219187877699, 0.7132089046116847, 0.013345623912046547, 0.7694846940797815, 0.9933559062692257, 0.9488237260038865, 0.31881839653605565, 0.6514398364391013, 0.21401030345411973, 0.9478846323368232, 0.8840013002003513, 0.040506083939997946, 0.013941594025878815, 0.6689699730165628, 0.7459286131974762, 0.6470681181656949, 0.015326895448928464, 0.4219763937597641, 0.9328395137710906, 0.27706434422264153, 0.9868989865045892, 0.7903530486167041, 0.07089624519473293, 0.39450152207483014, 0.23885431319777758, 0.022798719958131736, 0.08785371217434576, 0.8724209469011953, 0.8232114094288363, 0.01246683241853306], BATTLES: 289-176-224-409-278-299-364-298-289-
37, 14, -2648.0, [0.1765858084694757, 0.9762785996402193, 0.3271788095197556, 0.980405006487058, 0.8603602160178514, 0.9809042877251852, 0.9803393308784318, 0.18903335844727862, 0.9368439172900728, 0.9074195521244324, 0.9248134484106983, 0.7228862721378634, 0.03180314166193008, 0.027688181904052034, 0.24860964830948645, 0.5522607196957762, 0.9181562009980325, 0.24226532699558168, 0.1795193091217582, 0.011748383429962893, 0.08342608057196496, 0.012207476253578414, 0.3297917096153954, 0.06614357477964034, 0.9823633295911227, 0.9961099918306342, 0.441260565604072, 0.9489618007707864, 0.06471491473265667, 0.8822708375554686, 0.9622364148244127, 0.13540388836824874, 0.6032422816521221, 0.5808773393853769, 0.9060257353901917, 0.026776810499772652, 0.7895567715635214, 0.9866304233356604, 0.8795708384287773, 0.12045441694378385, 0.6893526051466875, 0.0863362909001151, 0.9552273257542062, 0.9230247669211048, 0.0677680051035138, 0.09000967040045525, 0.5811458370815159, 0.6217444256993933, 0.5886700312237018, 0.0017476843772966412, 0.40267488043630345, 0.9794781655261844, 0.4149290102937556, 0.9805278362563847, 0.6255457644682334, 0.020972615999948246, 0.43456518140702366, 0.31150162166562817, 0.25775770245408347, 0.17447098878224937, 0.9684247799643967, 0.9801639054451481, 0.06772852808284312], BATTLES: 301-177-192-412-308-272-395-302-289-
38, 0, -2605.0, [0.016449191186081794, 0.9658135816874006, 0.2368912999745384, 0.9798588728439854, 0.8604712891609096, 0.7120162270145437, 0.9381261944111255, 0.21840658084675638, 0.7606279761731817, 0.9129338070058484, 0.8988302459634785, 0.6436242636423678, 0.018293390559960723, 0.06361128222788442, 0.2507969090660982, 0.6654991543503981, 0.9251707627486424, 0.13234164309845167, 0.16994007035252923, 0.012266591919406752, 0.049971080849608114, 0.008332589529434886, 0.4287533382175989, 0.020468421804265464, 0.9043136048174623, 0.9735129602924427, 0.44560955265385405, 0.923940088052326, 0.07137409921140701, 0.9621921882824394, 0.9487589684827653, 0.1469434825012606, 0.5397585598767485, 0.7954723587382098, 0.8301822530465817, 0.022168553221826582, 0.7939325517333158, 0.9568664393950213, 0.9283022201498715, 0.2732308931675762, 0.44925431984755826, 0.0664865878498479, 0.9593938317493922, 0.8609652473521754, 0.0650930820906523, 0.10736899612996753, 0.5578318292238822, 0.8303986372140206, 0.947067550471375, 0.0012141564379537693, 0.5647527612056579, 0.878749689456849, 0.6668433243639009, 0.9795823999723892, 0.6685932553067506, 0.05588673434884064, 0.4909690176733912, 0.21709791128222602, 0.46020570035758745, 0.07352428573276143, 0.8001307240743647, 0.9641578642726355, 0.11913388471156779], BATTLES: 298-161-205-418-298-324-357-251-293-
38, 1, -2659.0, [0.03073920877489053, 0.9289059878312269, 0.12328017858436516, 0.9822858742368141, 0.9426280149458636, 0.6988756140966469, 0.9818066262757704, 0.09745802554409641, 0.9288758172991461, 0.95293569492, 0.6118627365256831, 0.41684191222591854, 0.2782801275404329, 0.035675185231754517, 0.05489232169974718, 0.34202152421952203, 0.9475527880572439, 0.22211135854570135, 0.35110833563359223, 0.029257419473843256, 0.036347525195510814, 0.0023445385340648953, 0.5477097082959512, 0.1203938664271555, 0.9159349305481382, 0.9981391991863886, 0.7978027250672981, 0.8202741398376698, 0.03101332098764856, 0.9635268025485464, 0.9805404966033293, 0.004304166387513769, 0.34293437898688817, 0.6891879619001599, 0.6791780421870064, 0.029078720876003675, 0.6354212235658306, 0.9874827985834473, 0.9714925669149375, 0.3161471622319482, 0.5441064981804941, 0.09025927638864284, 0.9182994515788695, 0.9122707947170855, 0.07607700334466852, 0.1523687544314755, 0.4534629587098944, 0.8039473037537864, 0.9751831983335099, 0.002058942454002275, 0.40440152857624556, 0.9989855939021091, 0.44941863676974525, 0.9793886900088457, 0.654659164502973, 0.10373833041474485, 0.29749482523447407, 0.2703489989663425, 0.18492872385834674, 0.0629471792264022, 0.8713331480091058, 0.8229420145035956, 0.14644981241692395], BATTLES: 286-169-210-390-275-308-383-286-280-
38, 2, -2649.0, [0.02336563516230372, 0.9182825636806217, 0.22587368519096201, 0.9927421675101953, 0.8790335948681176, 0.7161206298387629, 0.9879235919214232, 0.017716381677719356, 0.8607139987957615, 0.9726705245637128, 0.6783682544821257, 0.4855562794333502, 0.06718230779009453, 0.031402014832316597, 0.21133379927747253, 0.34609578852553463, 0.9426699627996001, 0.13350822275742463, 0.17504839661836624, 0.0446484462844115, 0.08732654259255442, 0.005508278365526009, 0.4628744993393804, 0.04954312728445255, 0.9482055989454006, 0.9881459698601915, 0.577378733117931, 0.8545608642200355, 0.02028575555781116, 0.9130993899924088, 0.9144081183232997, 0.1551529241434423, 0.8787257495089467, 0.7234513914916705, 0.7544020789913575, 0.019119342920779422, 0.6936330317733892, 0.9807808236330834, 0.9508893936308848, 0.3524806756856504, 0.6161279790709213, 0.18331213873103053, 0.9604724235007457, 0.9793395106273459, 0.0848064511991962, 0.053637627382747244, 0.6193234182369491, 0.7744212005952812, 0.7498764618080975, 0.007866309075506847, 0.9609295107035034, 0.8928201307794398, 0.2215994698650557, 0.9759781026608241, 0.6302666490728926, 0.13378558495598927, 0.5173442114781182, 0.11519716302524742, 0.22543129404447793, 0.08291968070755174, 0.8047151644083341, 0.802403235052805, 0.04607237235986784], BATTLES: 311-176-209-449-296-289-348-264-293-
38, 3, -2675.0, [0.012776568401825651, 0.9457374256507878, 0.18158566436552329, 0.9749916426087193, 0.8877426734448851, 0.7864700633620199, 0.9597387756262158, 0.2718946463536619, 0.7317343720483598, 0.9959136630264733, 0.8580100835403133, 0.8215653955325044, 0.15324986802871526, 0.013945695520376736, 0.00041891989319158517, 0.40101483888076506, 0.9785978183402569, 0.15741867549205013, 0.04707826939145686, 0.02431877176815844, 0.09819574280105184, 0.00012666325600068154, 0.8187690848025322, 0.03201706917753991, 0.9147752956768871, 0.9816806407096431, 0.5199106959318173, 0.9295313499298019, 0.007000596115227589, 0.9682383123047005, 0.8435954346053166, 0.05334503850585986, 0.5827575398607375, 0.9843638484872878, 0.8594419599515926, 0.012283204158157163, 0.7190097971288861, 0.9943313963143561, 0.9843801461015531, 0.30265501844485243, 0.423384390847096, 0.030218672680100183, 0.9671814130131036, 0.9865770684155415, 0.06401206693443282, 0.09437273214150657, 0.5291040504721995, 0.8367189909243637, 0.6284188364747562, 0.010315863569592203, 0.6179740399299927, 0.9386111345795797, 0.82702419015297, 0.986177398534167, 0.5298820208143191, 0.09500333952032497, 0.5209452379259628, 0.04366171701080997, 0.22078773882879463, 0.05024648044040673, 0.8735386025641569, 0.7299345139810695, 0.09075664742476924], BATTLES: 299-141-237-412-299-308-391-287-301-
38, 4, -2675.0, [0.00625327920264767, 0.9189820415279722, 0.19776060374934704, 0.9396124649468613, 0.9367574623793214, 0.5034026195333271, 0.9542037956351689, 0.5101932167069891, 0.8094060084112582, 0.9526211955624192, 0.7539136309965759, 0.5112145744074853, 0.1225204658885038, 0.0594567394310961, 0.2482559507928757, 0.46538434664202544, 0.9699641863797315, 0.28782804062037926, 0.32375363131265456, 0.030600747546617433, 0.14284968588365626, 0.00024480595020565446, 0.23060308958016243, 0.1641226012511956, 0.9015794023932459, 0.9961988016079324, 0.7342067814991051, 0.8210402020453877, 0.11210712318345165, 0.913852831503371, 0.9818670885931828, 0.13209612546503566, 0.47189996928133343, 0.6880839430478276, 0.882474924909421, 0.0296095132675358, 0.7724259644680479, 0.9827862866640941, 0.9505213181649252, 0.3191634269494461, 0.5393952166624144, 0.1744792113533956, 0.9908609723298598, 0.9467374900524596, 0.07136558468622489, 0.05827666773083899, 0.6118226134537965, 0.7762959776188747, 0.7430310170808215, 0.009132408725148037, 0.8663647920047289, 0.7978177027904547, 0.4433870428787433, 0.9736741517452929, 0.7909127412786199, 0.1269841419458674, 0.45064075820756033, 0.04243706561274326, 0.30764282561552303, 0.07610714927342446, 0.9701980538102255, 0.7224343784806649, 0.04940359207562766], BATTLES: 302-169-199-390-307-307-387-292-281-
38, 5, -2585.0, [0.031651898211951204, 0.9450365938354587, 0.3137575297316072, 0.9283601461729267, 0.9269510651937725, 0.6513002283435328, 0.9859207614938521, 0.49221811586069747, 0.7561496605021599, 0.9492883633986614, 0.5937851926293717, 0.767710449022521, 0.1119662070938362, 0.0022017444830120317, 0.06105628890349701, 0.34152012185922487, 0.9729282659432444, 0.1909685316455208, 0.35823944435096977, 0.013940447641439707, 0.1546737706356478, 0.0019184299704545162, 0.2950904768798883, 0.06440993578799398, 0.9072674129751751, 0.9963371599152054, 0.3685397524234856, 0.8110103451996834, 0.016228703590156608, 0.9458194517242371, 0.9159472103504042, 0.09094753214136828, 0.5736690725687179, 0.44517761535338907, 0.833780061099665, 0.015037873862371424, 0.8922172262451102, 0.9873335169593612, 0.984339079909631, 0.34652755271414837, 0.6776164630939563, 0.0812865299250235, 0.973230480602687, 0.9489142483098082, 0.043049697844679456, 0.019312666734079435, 0.54316856997275, 0.7910767768987245, 0.8290843624236462, 0.0042119215608049775, 0.5250683281484763, 0.8560700227282905, 0.49844094890033946, 0.9838770342915409, 0.5752750123836832, 0.060631813650723634, 0.3690918958479239, 0.15082031406950386, 0.6340839635124366, 0.07578561138566203, 0.8754710390266222, 0.9683522849114681, 0.1453343024924757], BATTLES: 255-152-228-440-296-286-371-273-284-
38, 6, -2661.0, [0.033930735984511455, 0.9079808447826552, 0.2302037294465502, 0.9749986762242969, 0.9540855133554758, 0.7646758494635882, 0.9744513145041604, 0.3168531270470993, 0.8287460444591173, 0.9612748069135483, 0.6409903853597261, 0.5926237290879159, 0.04154792611682248, 0.10872022069374451, 0.3253844827455877, 0.34020572384711634, 0.9435765555503854, 0.31005535728341205, 0.4423781778328242, 0.054864436391597125, 0.12094405240572961, 0.0005706441650241583, 0.34074751428699845, 0.07575950943312415, 0.9293749293712121, 0.9996235657856998, 0.3352338880951776, 0.9087324342476654, 0.06045562758401325, 0.9262204178548412, 0.9342519951799463, 0.22369323075609676, 0.791192704267851, 0.7949312564224148, 0.8222862691261369, 0.001746377910552373, 0.7969161466386241, 0.9876612395981382, 0.955781726915413, 0.26481774699920235, 0.42818839221031335, 0.20362310924492405, 0.9965841705419822, 0.922680483282799, 0.08377348261013724, 0.06591271412009803, 0.5375918744442318, 0.7923177607466662, 0.9416029026585007, 0.009309476533525953, 0.3613993270703951, 0.9238034764567753, 0.33047019234395975, 0.9698074639139137, 0.7710788307802593, 0.12381705383426062, 0.516433016594513, 0.1000032746733833, 0.07466401805812306, 0.11993612863177622, 0.8393296015411716, 0.873819430592812, 0.03957744715453955], BATTLES: 287-158-193-412-306-303-400-313-289-
38, 7, -2551.0, [0.03232834904191708, 0.9026846284943167, 0.020214660677022933, 0.9636222363624729, 0.8901464021859121, 0.7772070840032403, 0.9647363103229246, 0.3776483982772534, 0.883646245441797, 0.9861375351345312, 0.5880379951425776, 0.6600347704831113, 0.3251186564672778, 0.09818990908147951, 0.02459772423386171, 0.22468373057338248, 0.955548253715815, 0.3019395893209799, 0.3715456936345894, 0.04175307333365326, 0.13224951766841744, 0.0013135937113766608, 0.8480212661686088, 0.14686457361066033, 0.870449386083637, 0.9909754313887242, 0.4626742437596538, 0.9136355931801723, 0.029072487362641963, 0.9769599316841152, 0.9314725926366301, 0.09704019316572941, 0.6266526884257708, 0.8748787519842931, 0.7731463033514304, 0.003519246985796743, 0.6916956401129944, 0.9719540175558513, 0.8305656553556288, 0.33975563841894363, 0.6543298948766061, 0.3041060623617895, 0.9667640594967909, 0.9906145981075837, 0.0862125005229629, 0.20254073335720452, 0.43971181454252617, 0.895185953006496, 0.9486456964027138, 0.01568212348145255, 0.5276396533574279, 0.9016684172207831, 0.7177510998173028, 0.971274843618202, 0.41886704560796034, 0.08434894766899748, 0.5449805389258858, 0.38772860126974756, 0.29012336046212894, 0.1112952972619391, 0.8015809721356981, 0.8106400795238544, 0.03221878612514529], BATTLES: 305-156-207-372-268-269-367-276-295-
38, 8, -2619.0, [0.0008145423344264706, 0.9395501110319443, 0.3286649501450159, 0.9936206384385309, 0.9072417817692661, 0.8673877267599663, 0.9818946747513628, 0.23973224618560754, 0.8510910291487295, 0.9996614824831265, 0.7083755309688324, 0.596611398996174, 0.008904110788158653, 0.025074093485515293, 0.3897720091225067, 0.30257931577115904, 0.9424969661612257, 0.03638411260060666, 0.4611765051152461, 0.028449554340878286, 0.023788990465299226, 0.0002278442011634245, 0.39150731965719393, 0.1029064917880882, 0.9229321360638858, 0.992860658130507, 0.4474997692691834, 0.9531641418730549, 0.03581668707324152, 0.9011869633393723, 0.966892934392837, 0.16459013733569106, 0.8647131709309377, 0.38204564529931984, 0.9117277723696987, 0.008743728116815706, 0.8704352056271016, 0.9550913596594722, 0.974756451558795, 0.287293933516125, 0.7397989624258923, 0.00013164419672442862, 0.9475889257736445, 0.9296310981429988, 0.0796445887794303, 0.031976694137326026, 0.6144653988439266, 0.7596694189097111, 0.491333920690206, 0.01415603038837479, 0.625958108954478, 0.9997355234801742, 0.2149801482808844, 0.9758540173665309, 0.638354374427108, 0.1372005042897282, 0.3523727313826175, 0.11337086190577708, 0.11245879625262437, 0.11893301090465726, 0.9524601432997448, 0.8327868146806949, 0.08110395600815726], BATTLES: 302-169-204-412-293-315-367-275-282-
38, 9, -2667.0, [0.1067911458581513, 0.9200001221540799, 0.3317547609528141, 0.977141906899691, 0.8571932800723858, 0.6599638075344035, 0.953737638689841, 0.08258672562343573, 0.7069147516122105, 0.9779912396385086, 0.6595654057036662, 0.36425746646768903, 0.30868750999809336, 0.08856488562205131, 0.35914800619668064, 0.5397129721543616, 0.9752920305535564, 0.212256265430592, 0.20006661841112794, 0.024482904736975127, 0.055562915709127296, 0.007072622224158908, 0.8198805153734474, 0.11166224904753712, 0.9373100998796383, 0.9958631777383512, 0.7653001554855557, 0.8855927619467084, 0.07612762574964857, 0.9564702441891215, 0.9755380925789705, 0.18590201658272495, 0.734158638425363, 0.5990911604325043, 0.778975720319792, 0.05196847127102194, 0.721928027900764, 0.9750635983544278, 0.9686816705652195, 0.36697894689001537, 0.71608074925127, 0.14248694213967317, 0.9493506855168171, 0.9472537531718717, 0.03985192881677731, 0.12205525812955953, 0.606853434995181, 0.7672508580613395, 0.9295010091218936, 0.0017422268576738913, 0.7576480033504693, 0.7507469493153439, 0.38083015627378863, 0.9693085448012115, 0.8264099948052767, 0.08657340171690563, 0.5576246983847847, 0.16928867048295393, 0.628111911462789, 0.017729206486450988, 0.781425723237961, 0.9323861843314892, 0.09989086703894495], BATTLES: 301-192-200-440-301-291-361-270-311-
38, 10, -2541.0, [0.052664153462203586, 0.9125542853726648, 0.008198575513807982, 0.9743366890655248, 0.9479787600691058, 0.9143714663639994, 0.955248419971476, 0.5825443456753686, 0.6951700870227402, 0.9886173462191432, 0.9464781019790277, 0.6782592711236942, 0.1539425138492972, 0.0010207752692880448, 0.0023039987510090967, 0.02803534696455029, 0.9894557750104453, 0.011815440743390013, 0.15089187825307332, 0.005417535755164195, 0.10282596877890507, 0.00041613905074735363, 0.6893138584352502, 0.20382767513336525, 0.8719390751268559, 0.9729505346820813, 0.4603926909652583, 0.8048637076260987, 0.001632261515015259, 0.9543836597908087, 0.921836566163904, 0.2411245787044946, 0.4953693368144669, 0.7111936150953572, 0.6281091268330397, 0.013614613323856615, 0.6641478440039199, 0.9976142066063068, 0.8947388476336741, 0.16093200995725174, 0.5747272134386212, 0.14417030565633035, 0.93159356007385, 0.8566744789518214, 0.0398193321659179, 0.1419003075229938, 0.5753330702193615, 0.7740928726488701, 0.8661310373743437, 0.006722107266670841, 0.30373882617953196, 0.9525756281045005, 0.4824061135827016, 0.9852315274321982, 0.460562168928319, 0.0602896504591576, 0.3263004444341908, 0.06960186201672855, 0.027169728310430574, 0.006808263863264663, 0.9121371954286187, 0.8991197402324522, 0.03027823004471796], BATTLES: 298-168-198-408-272-290-355-260-284-
38, 11, -2684.0, [0.031318600856598364, 0.9607710496193337, 0.20799810850025652, 0.9521251927661999, 0.9608960410794403, 0.8918144976989217, 0.9680906070527776, 0.48887789471806786, 0.649724504037703, 0.9693866094276574, 0.5769632960570079, 0.7444911954289963, 0.03325998606916823, 0.03166790146751437, 0.061925368571423875, 0.42801885101793935, 0.9653640848021794, 0.2790308995708087, 0.0719825349958089, 0.004330878709639878, 0.09768038292461612, 0.0006868027701456194, 0.7104408254741656, 0.16232515971096148, 0.8774555921151822, 0.995530205229064, 0.5049664536172042, 0.9212886448411701, 0.023637344300028857, 0.9918768640638533, 0.901946853654093, 0.12351667616750112, 0.6082445745127537, 0.9370733250233332, 0.8210653856843394, 0.008969649842931002, 0.7416740865698396, 0.9884707361943312, 0.9925823941053364, 0.381708302171598, 0.6016471805516106, 0.006424423459050671, 0.962208578240341, 0.8745005244830582, 0.035668345118969116, 0.1454104827849892, 0.5991575069786034, 0.7857361987716764, 0.7991978720963553, 0.0015795284260004352, 0.565899672348665, 0.9631452411133685, 0.7072989970030849, 0.991450064184064, 0.6497699835303115, 0.03840355554298496, 0.4546877843744189, 0.12852400146875773, 0.26833173515027986, 0.046666192039606924, 0.8630009514291971, 0.8706025001454901, 0.11591315062243297], BATTLES: 299-175-222-426-298-322-374-267-301-
38, 12, -2663.0, [0.014145022244652526, 0.9817068387245939, 0.17835371542970896, 0.9914508870146572, 0.9241192385040132, 0.7328561599039539, 0.9802726704298584, 0.34595295422499417, 0.8377571378479484, 0.9890678469851474, 0.7555806615697946, 0.8121083657711393, 0.024042950458590805, 0.04488609287591876, 0.01264846207890557, 0.19713860681262693, 0.9396223675408785, 0.19496147070944445, 0.6628259477487988, 0.002855592224902172, 0.07345589548072812, 0.003055247739549808, 0.5408492320112825, 0.1635400764439109, 0.9146746375250162, 0.9975699933719847, 0.6165840979103157, 0.9414531216527686, 0.06421479669163262, 0.9308835248450333, 0.9536655595054138, 0.22277318825103085, 0.8055502444338669, 0.8042752570680586, 0.8795466932466683, 0.0013773840858879536, 0.7681854932890274, 0.9878943211687555, 0.9678634699842827, 0.25886717325844033, 0.5045615160487439, 0.09071980915058667, 0.9945465292094743, 0.9845689248366781, 0.0694117799357042, 0.07348647187848599, 0.48681886358944115, 0.7819831161638328, 0.8030946175176794, 0.003428695616904611, 0.5921948993197077, 0.9893199298269536, 0.6086226177643741, 0.9703700417535024, 0.7233591338745516, 0.06413789321384532, 0.6131753688106495, 0.058382403647497395, 0.1935306640397004, 0.01860075903203561, 0.9177146054450099, 0.8262395329045911, 0.030693121034970794], BATTLES: 315-159-211-394-285-294-403-306-291-
38, 13, -2638.0, [0.08164995454525661, 0.9323471436525459, 0.18780533716507114, 0.9888616182345474, 0.874154453941081, 0.90038090110483, 0.9735556282644112, 0.10832374742184078, 0.8263628004241972, 0.9702786514587824, 0.7118887878733939, 0.41963534470798347, 0.07118054476982529, 0.12362878902880045, 0.037040861645054914, 0.5777181580152164, 0.9576405054057312, 0.04122035204674972, 0.05543940767525585, 0.046434581909024185, 0.08250302664909867, 0.005242374763535489, 0.5602725254863158, 0.06548481023528796, 0.9466906915431097, 0.9585846798617327, 0.5535320843957333, 0.8518312828814723, 0.003618458319750932, 0.9088700073934738, 0.9116849372044378, 0.022616309390297573, 0.6675229490384751, 0.6800219187877699, 0.7132089046116847, 0.013345623912046547, 0.7694846940797815, 0.9933559062692257, 0.9488237260038865, 0.31881839653605565, 0.6514398364391013, 0.21401030345411973, 0.9478846323368232, 0.8840013002003513, 0.040506083939997946, 0.013941594025878815, 0.6689699730165628, 0.7459286131974762, 0.6470681181656949, 0.015326895448928464, 0.4219763937597641, 0.9328395137710906, 0.27706434422264153, 0.9868989865045892, 0.7903530486167041, 0.07089624519473293, 0.39450152207483014, 0.23885431319777758, 0.022798719958131736, 0.08785371217434576, 0.8724209469011953, 0.8232114094288363, 0.01246683241853306], BATTLES: 285-183-194-424-288-301-369-305-289-
38, 14, -2624.0, [0.1765858084694757, 0.9762785996402193, 0.3271788095197556, 0.980405006487058, 0.8603602160178514, 0.9809042877251852, 0.9803393308784318, 0.18903335844727862, 0.9368439172900728, 0.9074195521244324, 0.9248134484106983, 0.7228862721378634, 0.03180314166193008, 0.027688181904052034, 0.24860964830948645, 0.5522607196957762, 0.9181562009980325, 0.24226532699558168, 0.1795193091217582, 0.011748383429962893, 0.08342608057196496, 0.012207476253578414, 0.3297917096153954, 0.06614357477964034, 0.9823633295911227, 0.9961099918306342, 0.441260565604072, 0.9489618007707864, 0.06471491473265667, 0.8822708375554686, 0.9622364148244127, 0.13540388836824874, 0.6032422816521221, 0.5808773393853769, 0.9060257353901917, 0.026776810499772652, 0.7895567715635214, 0.9866304233356604, 0.8795708384287773, 0.12045441694378385, 0.6893526051466875, 0.0863362909001151, 0.9552273257542062, 0.9230247669211048, 0.0677680051035138, 0.09000967040045525, 0.5811458370815159, 0.6217444256993933, 0.5886700312237018, 0.0017476843772966412, 0.40267488043630345, 0.9794781655261844, 0.4149290102937556, 0.9805278362563847, 0.6255457644682334, 0.020972615999948246, 0.43456518140702366, 0.31150162166562817, 0.25775770245408347, 0.17447098878224937, 0.9684247799643967, 0.9801639054451481, 0.06772852808284312], BATTLES: 273-167-197-422-303-295-375-311-281-
39, 0, -2637.0, [0.016449191186081794, 0.9658135816874006, 0.2368912999745384, 0.9798588728439854, 0.8604712891609096, 0.7120162270145437, 0.9381261944111255, 0.21840658084675638, 0.7606279761731817, 0.9129338070058484, 0.8988302459634785, 0.6436242636423678, 0.018293390559960723, 0.06361128222788442, 0.2507969090660982, 0.6654991543503981, 0.9251707627486424, 0.13234164309845167, 0.16994007035252923, 0.012266591919406752, 0.049971080849608114, 0.008332589529434886, 0.4287533382175989, 0.020468421804265464, 0.9043136048174623, 0.9735129602924427, 0.44560955265385405, 0.923940088052326, 0.07137409921140701, 0.9621921882824394, 0.9487589684827653, 0.1469434825012606, 0.5397585598767485, 0.7954723587382098, 0.8301822530465817, 0.022168553221826582, 0.7939325517333158, 0.9568664393950213, 0.9283022201498715, 0.2732308931675762, 0.44925431984755826, 0.0664865878498479, 0.9593938317493922, 0.8609652473521754, 0.0650930820906523, 0.10736899612996753, 0.5578318292238822, 0.8303986372140206, 0.947067550471375, 0.0012141564379537693, 0.5647527612056579, 0.878749689456849, 0.6668433243639009, 0.9795823999723892, 0.6685932553067506, 0.05588673434884064, 0.4909690176733912, 0.21709791128222602, 0.46020570035758745, 0.07352428573276143, 0.8001307240743647, 0.9641578642726355, 0.11913388471156779], BATTLES: 285-180-229-412-300-298-362-252-319-
39, 1, -2601.0, [0.03073920877489053, 0.9289059878312269, 0.12328017858436516, 0.9822858742368141, 0.9426280149458636, 0.6988756140966469, 0.9818066262757704, 0.09745802554409641, 0.9288758172991461, 0.95293569492, 0.6118627365256831, 0.41684191222591854, 0.2782801275404329, 0.035675185231754517, 0.05489232169974718, 0.34202152421952203, 0.9475527880572439, 0.22211135854570135, 0.35110833563359223, 0.029257419473843256, 0.036347525195510814, 0.0023445385340648953, 0.5477097082959512, 0.1203938664271555, 0.9159349305481382, 0.9981391991863886, 0.7978027250672981, 0.8202741398376698, 0.03101332098764856, 0.9635268025485464, 0.9805404966033293, 0.004304166387513769, 0.34293437898688817, 0.6891879619001599, 0.6791780421870064, 0.029078720876003675, 0.6354212235658306, 0.9874827985834473, 0.9714925669149375, 0.3161471622319482, 0.5441064981804941, 0.09025927638864284, 0.9182994515788695, 0.9122707947170855, 0.07607700334466852, 0.1523687544314755, 0.4534629587098944, 0.8039473037537864, 0.9751831983335099, 0.002058942454002275, 0.40440152857624556, 0.9989855939021091, 0.44941863676974525, 0.9793886900088457, 0.654659164502973, 0.10373833041474485, 0.29749482523447407, 0.2703489989663425, 0.18492872385834674, 0.0629471792264022, 0.8713331480091058, 0.8229420145035956, 0.14644981241692395], BATTLES: 271-158-213-394-301-306-381-270-307-
39, 2, -2705.0, [0.02336563516230372, 0.9182825636806217, 0.22587368519096201, 0.9927421675101953, 0.8790335948681176, 0.7161206298387629, 0.9879235919214232, 0.017716381677719356, 0.8607139987957615, 0.9726705245637128, 0.6783682544821257, 0.4855562794333502, 0.06718230779009453, 0.031402014832316597, 0.21133379927747253, 0.34609578852553463, 0.9426699627996001, 0.13350822275742463, 0.17504839661836624, 0.0446484462844115, 0.08732654259255442, 0.005508278365526009, 0.4628744993393804, 0.04954312728445255, 0.9482055989454006, 0.9881459698601915, 0.577378733117931, 0.8545608642200355, 0.02028575555781116, 0.9130993899924088, 0.9144081183232997, 0.1551529241434423, 0.8787257495089467, 0.7234513914916705, 0.7544020789913575, 0.019119342920779422, 0.6936330317733892, 0.9807808236330834, 0.9508893936308848, 0.3524806756856504, 0.6161279790709213, 0.18331213873103053, 0.9604724235007457, 0.9793395106273459, 0.0848064511991962, 0.053637627382747244, 0.6193234182369491, 0.7744212005952812, 0.7498764618080975, 0.007866309075506847, 0.9609295107035034, 0.8928201307794398, 0.2215994698650557, 0.9759781026608241, 0.6302666490728926, 0.13378558495598927, 0.5173442114781182, 0.11519716302524742, 0.22543129404447793, 0.08291968070755174, 0.8047151644083341, 0.802403235052805, 0.04607237235986784], BATTLES: 291-164-222-435-311-328-361-297-296-
39, 3, -2629.0, [0.012776568401825651, 0.9457374256507878, 0.18158566436552329, 0.9749916426087193, 0.8877426734448851, 0.7864700633620199, 0.9597387756262158, 0.2718946463536619, 0.7317343720483598, 0.9959136630264733, 0.8580100835403133, 0.8215653955325044, 0.15324986802871526, 0.013945695520376736, 0.00041891989319158517, 0.40101483888076506, 0.9785978183402569, 0.15741867549205013, 0.04707826939145686, 0.02431877176815844, 0.09819574280105184, 0.00012666325600068154, 0.8187690848025322, 0.03201706917753991, 0.9147752956768871, 0.9816806407096431, 0.5199106959318173, 0.9295313499298019, 0.007000596115227589, 0.9682383123047005, 0.8435954346053166, 0.05334503850585986, 0.5827575398607375, 0.9843638484872878, 0.8594419599515926, 0.012283204158157163, 0.7190097971288861, 0.9943313963143561, 0.9843801461015531, 0.30265501844485243, 0.423384390847096, 0.030218672680100183, 0.9671814130131036, 0.9865770684155415, 0.06401206693443282, 0.09437273214150657, 0.5291040504721995, 0.8367189909243637, 0.6284188364747562, 0.010315863569592203, 0.6179740399299927, 0.9386111345795797, 0.82702419015297, 0.986177398534167, 0.5298820208143191, 0.09500333952032497, 0.5209452379259628, 0.04366171701080997, 0.22078773882879463, 0.05024648044040673, 0.8735386025641569, 0.7299345139810695, 0.09075664742476924], BATTLES: 287-163-209-385-297-327-389-288-284-
39, 4, -2616.0, [0.00625327920264767, 0.9189820415279722, 0.19776060374934704, 0.9396124649468613, 0.9367574623793214, 0.5034026195333271, 0.9542037956351689, 0.5101932167069891, 0.8094060084112582, 0.9526211955624192, 0.7539136309965759, 0.5112145744074853, 0.1225204658885038, 0.0594567394310961, 0.2482559507928757, 0.46538434664202544, 0.9699641863797315, 0.28782804062037926, 0.32375363131265456, 0.030600747546617433, 0.14284968588365626, 0.00024480595020565446, 0.23060308958016243, 0.1641226012511956, 0.9015794023932459, 0.9961988016079324, 0.7342067814991051, 0.8210402020453877, 0.11210712318345165, 0.913852831503371, 0.9818670885931828, 0.13209612546503566, 0.47189996928133343, 0.6880839430478276, 0.882474924909421, 0.0296095132675358, 0.7724259644680479, 0.9827862866640941, 0.9505213181649252, 0.3191634269494461, 0.5393952166624144, 0.1744792113533956, 0.9908609723298598, 0.9467374900524596, 0.07136558468622489, 0.05827666773083899, 0.6118226134537965, 0.7762959776188747, 0.7430310170808215, 0.009132408725148037, 0.8663647920047289, 0.7978177027904547, 0.4433870428787433, 0.9736741517452929, 0.7909127412786199, 0.1269841419458674, 0.45064075820756033, 0.04243706561274326, 0.30764282561552303, 0.07610714927342446, 0.9701980538102255, 0.7224343784806649, 0.04940359207562766], BATTLES: 275-177-220-435-293-336-346-265-269-
39, 5, -2610.0, [0.031651898211951204, 0.9450365938354587, 0.3137575297316072, 0.9283601461729267, 0.9269510651937725, 0.6513002283435328, 0.9859207614938521, 0.49221811586069747, 0.7561496605021599, 0.9492883633986614, 0.5937851926293717, 0.767710449022521, 0.1119662070938362, 0.0022017444830120317, 0.06105628890349701, 0.34152012185922487, 0.9729282659432444, 0.1909685316455208, 0.35823944435096977, 0.013940447641439707, 0.1546737706356478, 0.0019184299704545162, 0.2950904768798883, 0.06440993578799398, 0.9072674129751751, 0.9963371599152054, 0.3685397524234856, 0.8110103451996834, 0.016228703590156608, 0.9458194517242371, 0.9159472103504042, 0.09094753214136828, 0.5736690725687179, 0.44517761535338907, 0.833780061099665, 0.015037873862371424, 0.8922172262451102, 0.9873335169593612, 0.984339079909631, 0.34652755271414837, 0.6776164630939563, 0.0812865299250235, 0.973230480602687, 0.9489142483098082, 0.043049697844679456, 0.019312666734079435, 0.54316856997275, 0.7910767768987245, 0.8290843624236462, 0.0042119215608049775, 0.5250683281484763, 0.8560700227282905, 0.49844094890033946, 0.9838770342915409, 0.5752750123836832, 0.060631813650723634, 0.3690918958479239, 0.15082031406950386, 0.6340839635124366, 0.07578561138566203, 0.8754710390266222, 0.9683522849114681, 0.1453343024924757], BATTLES: 300-160-214-424-292-316-360-267-277-
39, 6, -2659.0, [0.033930735984511455, 0.9079808447826552, 0.2302037294465502, 0.9749986762242969, 0.9540855133554758, 0.7646758494635882, 0.9744513145041604, 0.3168531270470993, 0.8287460444591173, 0.9612748069135483, 0.6409903853597261, 0.5926237290879159, 0.04154792611682248, 0.10872022069374451, 0.3253844827455877, 0.34020572384711634, 0.9435765555503854, 0.31005535728341205, 0.4423781778328242, 0.054864436391597125, 0.12094405240572961, 0.0005706441650241583, 0.34074751428699845, 0.07575950943312415, 0.9293749293712121, 0.9996235657856998, 0.3352338880951776, 0.9087324342476654, 0.06045562758401325, 0.9262204178548412, 0.9342519951799463, 0.22369323075609676, 0.791192704267851, 0.7949312564224148, 0.8222862691261369, 0.001746377910552373, 0.7969161466386241, 0.9876612395981382, 0.955781726915413, 0.26481774699920235, 0.42818839221031335, 0.20362310924492405, 0.9965841705419822, 0.922680483282799, 0.08377348261013724, 0.06591271412009803, 0.5375918744442318, 0.7923177607466662, 0.9416029026585007, 0.009309476533525953, 0.3613993270703951, 0.9238034764567753, 0.33047019234395975, 0.9698074639139137, 0.7710788307802593, 0.12381705383426062, 0.516433016594513, 0.1000032746733833, 0.07466401805812306, 0.11993612863177622, 0.8393296015411716, 0.873819430592812, 0.03957744715453955], BATTLES: 304-158-187-424-290-313-392-303-288-
39, 7, -2593.0, [0.03232834904191708, 0.9249074448085585, 0.18862454593592431, 0.9847547848399116, 0.8962360597864396, 0.7772070840032403, 0.9647363103229246, 0.19694600076644023, 0.883646245441797, 0.9861375351345312, 0.5880379951425776, 0.6600347704831113, 0.3251186564672778, 0.10943563516808205, 0.02459772423386171, 0.4074503315361424, 0.955548253715815, 0.3019395893209799, 0.3715456936345894, 0.04175307333365326, 0.05648123834140864, 0.00160428737867174, 0.8480212661686088, 0.14686457361066033, 0.870449386083637, 0.992030296420052, 0.4626742437596538, 0.9136355931801723, 0.03854343629194556, 0.9769599316841152, 0.9485131697423703, 0.09704019316572941, 0.6266526884257708, 0.8748787519842931, 0.7731463033514304, 0.02896634347253592, 0.6235048908652152, 0.9761340337662245, 0.8305656553556288, 0.429974000584129, 0.6462710534624442, 0.3041060623617895, 0.9506472721903367, 0.9906145981075837, 0.0862125005229629, 0.20254073335720452, 0.43971181454252617, 0.895185953006496, 0.8742609304749827, 0.003901871756997201, 0.5276396533574279, 0.8768168677159285, 0.7177510998173028, 0.971274843618202, 0.41886704560796034, 0.06629971808533708, 0.5449805389258858, 0.38772860126974756, 0.29012336046212894, 0.04175856238344009, 0.8015809721356981, 0.8106400795238544, 0.03221878612514529], BATTLES: 285-149-204-379-266-311-354-285-282-
39, 8, -2615.0, [0.0008145423344264706, 0.9395501110319443, 0.3286649501450159, 0.9936206384385309, 0.9072417817692661, 0.8673877267599663, 0.9818946747513628, 0.23973224618560754, 0.8510910291487295, 0.9996614824831265, 0.7083755309688324, 0.596611398996174, 0.008904110788158653, 0.025074093485515293, 0.3897720091225067, 0.30257931577115904, 0.9424969661612257, 0.03638411260060666, 0.4611765051152461, 0.028449554340878286, 0.023788990465299226, 0.0002278442011634245, 0.39150731965719393, 0.1029064917880882, 0.9229321360638858, 0.992860658130507, 0.4474997692691834, 0.9531641418730549, 0.03581668707324152, 0.9011869633393723, 0.966892934392837, 0.16459013733569106, 0.8647131709309377, 0.38204564529931984, 0.9117277723696987, 0.008743728116815706, 0.8704352056271016, 0.9550913596594722, 0.974756451558795, 0.287293933516125, 0.7397989624258923, 0.00013164419672442862, 0.9475889257736445, 0.9296310981429988, 0.0796445887794303, 0.031976694137326026, 0.6144653988439266, 0.7596694189097111, 0.491333920690206, 0.01415603038837479, 0.625958108954478, 0.9997355234801742, 0.2149801482808844, 0.9758540173665309, 0.638354374427108, 0.1372005042897282, 0.3523727313826175, 0.11337086190577708, 0.11245879625262437, 0.11893301090465726, 0.9524601432997448, 0.8327868146806949, 0.08110395600815726], BATTLES: 288-171-201-426-304-314-346-277-288-
39, 9, -2644.0, [0.03927156253914232, 0.9200001221540799, 0.22071062739284578, 0.977141906899691, 0.9020699538682261, 0.4572668090542904, 0.953737638689841, 0.4185858316326223, 0.7069147516122105, 0.9715025973720649, 0.6595654057036662, 0.36425746646768903, 0.30868750999809336, 0.08856488562205131, 0.35914800619668064, 0.5397496735426908, 0.9752920305535564, 0.212256265430592, 0.20006661841112794, 0.024482904736975127, 0.055562915709127296, 0.007072622224158908, 0.6422836324191556, 0.09161734995630377, 0.9373100998796383, 0.9868649988584083, 0.7653001554855557, 0.9105423414732203, 0.08280625856349508, 0.9353150324688744, 0.9026415166792946, 0.18590201658272495, 0.734158638425363, 0.5990911604325043, 0.9373433746387376, 0.030116434028608245, 0.721928027900764, 0.9790546811606556, 0.9686816705652195, 0.36697894689001537, 0.71608074925127, 0.12683322045573617, 0.9997984258883361, 0.9472537531718717, 0.03985192881677731, 0.0540930803556886, 0.6518418721923442, 0.7672508580613395, 0.6319039389713174, 0.0017422268576738913, 0.7576480033504693, 0.7507469493153439, 0.38083015627378863, 0.9755337468703436, 0.8264099948052767, 0.08657340171690563, 0.5576246983847847, 0.16928867048295393, 0.628111911462789, 0.07300225448340754, 0.781425723237961, 0.9323861843314892, 0.09989086703894495], BATTLES: 280-190-228-436-277-302-344-259-302-
39, 10, -2637.0, [0.019498672240228797, 0.9125542853726648, 0.008198575513807982, 0.9766033770688997, 0.9479787600691058, 0.9143714663639994, 0.9639013481668828, 0.5825443456753686, 0.7343311057386323, 0.9886173462191432, 0.8544290047944402, 0.7672877101278988, 0.1539425138492972, 0.018304874033610703, 0.0011519993755045484, 0.02803534696455029, 0.9894557750104453, 0.07424882592813832, 0.15089187825307332, 0.0027087678775820976, 0.122762886488803, 0.00020806952537367682, 0.6893138584352502, 0.20382767513336525, 0.8645382721200863, 0.9729505346820813, 0.4603926909652583, 0.9551249880222513, 0.001632261515015259, 0.9543836597908087, 0.921836566163904, 0.2411245787044946, 0.4953693368144669, 0.8649726489054008, 0.7271519812523467, 0.006807306661928307, 0.6641478440039199, 0.9976142066063068, 0.8947388476336741, 0.16093200995725174, 0.5747272134386212, 0.11164965294214856, 0.93159356007385, 0.8566744789518214, 0.04988556280685398, 0.1419003075229938, 0.6087089412257878, 0.7740928726488701, 0.8661310373743437, 0.006722107266670841, 0.30373882617953196, 0.9525756281045005, 0.4824061135827016, 0.9786800728830292, 0.460562168928319, 0.026476040184547113, 0.49428890233487444, 0.034800931008364275, 0.027169728310430574, 0.017047083480507146, 0.9121371954286187, 0.8991197402324522, 0.07211912216870751], BATTLES: 299-152-206-397-273-307-346-283-273-
39, 11, -2608.0, [0.031318600856598364, 0.9607710496193337, 0.20799810850025652, 0.9521251927661999, 0.9608960410794403, 0.8918144976989217, 0.9680906070527776, 0.48887789471806786, 0.649724504037703, 0.9693866094276574, 0.5769632960570079, 0.7444911954289963, 0.03325998606916823, 0.03166790146751437, 0.061925368571423875, 0.42801885101793935, 0.9653640848021794, 0.2790308995708087, 0.0719825349958089, 0.004330878709639878, 0.09768038292461612, 0.0006868027701456194, 0.7104408254741656, 0.16232515971096148, 0.8774555921151822, 0.995530205229064, 0.5049664536172042, 0.9212886448411701, 0.023637344300028857, 0.9918768640638533, 0.901946853654093, 0.12351667616750112, 0.6082445745127537, 0.9370733250233332, 0.8210653856843394, 0.008969649842931002, 0.7416740865698396, 0.9884707361943312, 0.9925823941053364, 0.381708302171598, 0.6016471805516106, 0.006424423459050671, 0.962208578240341, 0.8745005244830582, 0.035668345118969116, 0.1454104827849892, 0.5991575069786034, 0.7857361987716764, 0.7991978720963553, 0.0015795284260004352, 0.565899672348665, 0.9631452411133685, 0.7072989970030849, 0.991450064184064, 0.6497699835303115, 0.03840355554298496, 0.4546877843744189, 0.12852400146875773, 0.26833173515027986, 0.046666192039606924, 0.8630009514291971, 0.8706025001454901, 0.11591315062243297], BATTLES: 297-178-231-427-280-317-344-250-284-
39, 12, -2662.0, [0.014145022244652526, 0.9817068387245939, 0.17835371542970896, 0.9914508870146572, 0.9241192385040132, 0.7328561599039539, 0.9802726704298584, 0.34595295422499417, 0.8377571378479484, 0.9890678469851474, 0.7555806615697946, 0.8121083657711393, 0.024042950458590805, 0.04488609287591876, 0.01264846207890557, 0.19713860681262693, 0.9396223675408785, 0.19496147070944445, 0.6628259477487988, 0.002855592224902172, 0.07345589548072812, 0.003055247739549808, 0.5408492320112825, 0.1635400764439109, 0.9146746375250162, 0.9975699933719847, 0.6165840979103157, 0.9414531216527686, 0.06421479669163262, 0.9308835248450333, 0.9536655595054138, 0.22277318825103085, 0.8055502444338669, 0.8042752570680586, 0.8795466932466683, 0.0013773840858879536, 0.7681854932890274, 0.9878943211687555, 0.9678634699842827, 0.25886717325844033, 0.5045615160487439, 0.09071980915058667, 0.9945465292094743, 0.9845689248366781, 0.0694117799357042, 0.07348647187848599, 0.48681886358944115, 0.7819831161638328, 0.8030946175176794, 0.003428695616904611, 0.5921948993197077, 0.9893199298269536, 0.6086226177643741, 0.9703700417535024, 0.7233591338745516, 0.06413789321384532, 0.6131753688106495, 0.058382403647497395, 0.1935306640397004, 0.01860075903203561, 0.9177146054450099, 0.8262395329045911, 0.030693121034970794], BATTLES: 311-164-218-417-263-317-383-287-302-
39, 13, -2680.0, [0.04082497727262831, 0.9621409570593499, 0.22216473999099612, 0.9888616182345474, 0.9291508803600043, 0.6043647255516844, 0.9735556282644112, 0.32447411126907355, 0.8263628004241972, 0.9702786514587824, 0.6621955396665667, 0.37526690344769137, 0.18383497801207466, 0.12362878902880045, 0.018520430822527457, 0.5777181580152164, 0.9971699124305242, 0.04122035204674972, 0.05543940767525585, 0.023127522790729056, 0.17095694625047286, 0.005242374763535489, 0.5602725254863158, 0.06548481023528796, 0.9466906915431097, 0.9833936518712221, 0.5535320843957333, 0.8518312828814723, 0.003618458319750932, 0.946684106006507, 0.8998459491327365, 0.06751410697163052, 0.6675229490384751, 0.9683776665248631, 0.7324903988179736, 0.011850354933691591, 0.7694846940797815, 0.9933559062692257, 0.9643435312519791, 0.31881839653605565, 0.6514398364391013, 0.00840468539865287, 0.9478846323368232, 0.8840013002003513, 0.06097125899874452, 0.03723330748358914, 0.5162187958969257, 0.7808597342239496, 0.6470681181656949, 0.015326895448928464, 0.587982502405391, 0.883424774565203, 0.27706434422264153, 0.9856595010057615, 0.7903530486167041, 0.07089624519473293, 0.25296987830455014, 0.11942715659888879, 0.09874106242799885, 0.04392685608717288, 0.8724209469011953, 0.6583144785170664, 0.01246683241853306], BATTLES: 290-168-205-427-297-312-368-296-273-
39, 14, -2645.0, [0.06369701464835595, 0.9507185720503829, 0.3647020052811576, 0.980405006487058, 0.8985504055467882, 0.9809042877251852, 0.9803393308784318, 0.356503590867998, 0.7677289922237069, 0.9515088266855435, 0.6963662843041378, 0.7228862721378634, 0.15656529123627702, 0.027688181904052034, 0.040130731852339285, 0.5522607196957762, 0.9181562009980325, 0.24226532699558168, 0.11922938500863264, 0.011748383429962893, 0.12743040448188234, 0.006103738126789207, 0.536802121303648, 0.06614357477964034, 0.9250932296275741, 0.9961099918306342, 0.4061845247832345, 0.9489618007707864, 0.032357457366328335, 0.8822708375554686, 0.9622364148244127, 0.10774847631931789, 0.6280041012491189, 0.7135250188022239, 0.9060257353901917, 0.025614525714023426, 0.7895567715635214, 0.9933152116678302, 0.8795708384287773, 0.12045441694378385, 0.6893526051466875, 0.0863362909001151, 0.9552273257542062, 0.9532088966860187, 0.047019568667028805, 0.06949668513784475, 0.5545920270523405, 0.7663182235621019, 0.5886700312237018, 0.0017476843772966412, 0.412975111615982, 0.8700253216968412, 0.4149290102937556, 0.9883038920623225, 0.5908474155827004, 0.020972615999948246, 0.43456518140702366, 0.1061167540639662, 0.25775770245408347, 0.0543031807651374, 0.9684247799643967, 0.9801639054451481, 0.06772852808284312], BATTLES: 269-173-215-416-306-278-383-286-287-
40, 0, -2576.0, [0.016449191186081794, 0.9658135816874006, 0.2368912999745384, 0.9614522371551762, 0.8898901190104844, 0.4183185277082777, 0.9890814666930127, 0.36248018399196125, 0.7983196280324718, 0.9688579734781857, 0.7677350596209196, 0.12118843743107077, 0.018293390559960723, 0.03759280248259387, 0.2647801800964092, 0.6654991543503981, 0.9339350778474728, 0.1151146622555255, 0.2596989813727385, 0.022636660350487756, 0.049971080849608114, 0.00613955430024297, 0.4287533382175989, 0.11652862539080462, 0.9369485149682817, 0.9829888420517527, 0.8797388776293535, 0.923940088052326, 0.07137409921140701, 0.9621921882824394, 0.9596086773217569, 0.1469434825012606, 0.9316575233329532, 0.649164067481674, 0.8416878535607759, 0.042465516784593524, 0.5646167582745912, 0.9724400595523452, 0.9283022201498715, 0.38250752827298257, 0.44925431984755826, 0.13820725726600833, 0.9593938317493922, 0.9774692785274833, 0.0650930820906523, 0.031537508001757496, 0.6688481694570141, 0.7813748324391175, 0.6233466296757643, 0.0012141564379537693, 0.5647527612056579, 0.762158274457637, 0.33342166218195046, 0.9795823999723892, 0.6534668466199101, 0.1802037157655467, 0.5503724900556061, 0.10854895564111301, 0.45873696042886475, 0.05206264103828709, 0.9000653620371823, 0.9641578642726355, 0.09886396762548358], BATTLES: 296-160-197-408-279-306-335-258-299-
40, 1, -2650.0, [0.03073920877489053, 0.9289059878312269, 0.12328017858436516, 0.9822858742368141, 0.9426280149458636, 0.6988756140966469, 0.9818066262757704, 0.09745802554409641, 0.9288758172991461, 0.95293569492, 0.6118627365256831, 0.41684191222591854, 0.2782801275404329, 0.035675185231754517, 0.05489232169974718, 0.34202152421952203, 0.9475527880572439, 0.22211135854570135, 0.35110833563359223, 0.029257419473843256, 0.036347525195510814, 0.0023445385340648953, 0.5477097082959512, 0.1203938664271555, 0.9159349305481382, 0.9981391991863886, 0.7978027250672981, 0.8202741398376698, 0.03101332098764856, 0.9635268025485464, 0.9805404966033293, 0.004304166387513769, 0.34293437898688817, 0.6891879619001599, 0.6791780421870064, 0.029078720876003675, 0.6354212235658306, 0.9874827985834473, 0.9714925669149375, 0.3161471622319482, 0.5441064981804941, 0.09025927638864284, 0.9182994515788695, 0.9122707947170855, 0.07607700334466852, 0.1523687544314755, 0.4534629587098944, 0.8039473037537864, 0.9751831983335099, 0.002058942454002275, 0.40440152857624556, 0.9989855939021091, 0.44941863676974525, 0.9793886900088457, 0.654659164502973, 0.10373833041474485, 0.29749482523447407, 0.2703489989663425, 0.18492872385834674, 0.0629471792264022, 0.8713331480091058, 0.8229420145035956, 0.14644981241692395], BATTLES: 296-153-207-411-272-322-380-273-336-
40, 2, -2657.0, [0.02336563516230372, 0.9182825636806217, 0.22587368519096201, 0.9927421675101953, 0.8790335948681176, 0.7161206298387629, 0.9879235919214232, 0.017716381677719356, 0.8607139987957615, 0.9726705245637128, 0.6783682544821257, 0.4855562794333502, 0.06718230779009453, 0.031402014832316597, 0.21133379927747253, 0.34609578852553463, 0.9426699627996001, 0.13350822275742463, 0.17504839661836624, 0.0446484462844115, 0.08732654259255442, 0.005508278365526009, 0.4628744993393804, 0.04954312728445255, 0.9482055989454006, 0.9881459698601915, 0.577378733117931, 0.8545608642200355, 0.02028575555781116, 0.9130993899924088, 0.9144081183232997, 0.1551529241434423, 0.8787257495089467, 0.7234513914916705, 0.7544020789913575, 0.019119342920779422, 0.6936330317733892, 0.9807808236330834, 0.9508893936308848, 0.3524806756856504, 0.6161279790709213, 0.18331213873103053, 0.9604724235007457, 0.9793395106273459, 0.0848064511991962, 0.053637627382747244, 0.6193234182369491, 0.7744212005952812, 0.7498764618080975, 0.007866309075506847, 0.9609295107035034, 0.8928201307794398, 0.2215994698650557, 0.9759781026608241, 0.6302666490728926, 0.13378558495598927, 0.5173442114781182, 0.11519716302524742, 0.22543129404447793, 0.08291968070755174, 0.8047151644083341, 0.802403235052805, 0.04607237235986784], BATTLES: 294-182-235-399-303-311-364-290-279-
40, 3, -2665.0, [0.012776568401825651, 0.9457374256507878, 0.18158566436552329, 0.9749916426087193, 0.8877426734448851, 0.7864700633620199, 0.9597387756262158, 0.2718946463536619, 0.7317343720483598, 0.9959136630264733, 0.8580100835403133, 0.8215653955325044, 0.15324986802871526, 0.013945695520376736, 0.00041891989319158517, 0.40101483888076506, 0.9785978183402569, 0.15741867549205013, 0.04707826939145686, 0.02431877176815844, 0.09819574280105184, 0.00012666325600068154, 0.8187690848025322, 0.03201706917753991, 0.9147752956768871, 0.9816806407096431, 0.5199106959318173, 0.9295313499298019, 0.007000596115227589, 0.9682383123047005, 0.8435954346053166, 0.05334503850585986, 0.5827575398607375, 0.9843638484872878, 0.8594419599515926, 0.012283204158157163, 0.7190097971288861, 0.9943313963143561, 0.9843801461015531, 0.30265501844485243, 0.423384390847096, 0.030218672680100183, 0.9671814130131036, 0.9865770684155415, 0.06401206693443282, 0.09437273214150657, 0.5291040504721995, 0.8367189909243637, 0.6284188364747562, 0.010315863569592203, 0.6179740399299927, 0.9386111345795797, 0.82702419015297, 0.986177398534167, 0.5298820208143191, 0.09500333952032497, 0.5209452379259628, 0.04366171701080997, 0.22078773882879463, 0.05024648044040673, 0.8735386025641569, 0.7299345139810695, 0.09075664742476924], BATTLES: 285-164-233-430-281-312-391-261-308-
40, 4, -2638.0, [0.00625327920264767, 0.9189820415279722, 0.19776060374934704, 0.9396124649468613, 0.9367574623793214, 0.5034026195333271, 0.9542037956351689, 0.5101932167069891, 0.8094060084112582, 0.9526211955624192, 0.7539136309965759, 0.5112145744074853, 0.1225204658885038, 0.0594567394310961, 0.2482559507928757, 0.46538434664202544, 0.9699641863797315, 0.28782804062037926, 0.32375363131265456, 0.030600747546617433, 0.14284968588365626, 0.00024480595020565446, 0.23060308958016243, 0.1641226012511956, 0.9015794023932459, 0.9961988016079324, 0.7342067814991051, 0.8210402020453877, 0.11210712318345165, 0.913852831503371, 0.9818670885931828, 0.13209612546503566, 0.47189996928133343, 0.6880839430478276, 0.882474924909421, 0.0296095132675358, 0.7724259644680479, 0.9827862866640941, 0.9505213181649252, 0.3191634269494461, 0.5393952166624144, 0.1744792113533956, 0.9908609723298598, 0.9467374900524596, 0.07136558468622489, 0.05827666773083899, 0.6118226134537965, 0.7762959776188747, 0.7430310170808215, 0.009132408725148037, 0.8663647920047289, 0.7978177027904547, 0.4433870428787433, 0.9736741517452929, 0.7909127412786199, 0.1269841419458674, 0.45064075820756033, 0.04243706561274326, 0.30764282561552303, 0.07610714927342446, 0.9701980538102255, 0.7224343784806649, 0.04940359207562766], BATTLES: 287-169-218-423-301-314-373-274-279-
40, 5, -2601.0, [0.031651898211951204, 0.9450365938354587, 0.3137575297316072, 0.9283601461729267, 0.9269510651937725, 0.6513002283435328, 0.9859207614938521, 0.49221811586069747, 0.7561496605021599, 0.9492883633986614, 0.5937851926293717, 0.767710449022521, 0.1119662070938362, 0.0022017444830120317, 0.06105628890349701, 0.34152012185922487, 0.9729282659432444, 0.1909685316455208, 0.35823944435096977, 0.013940447641439707, 0.1546737706356478, 0.0019184299704545162, 0.2950904768798883, 0.06440993578799398, 0.9072674129751751, 0.9963371599152054, 0.3685397524234856, 0.8110103451996834, 0.016228703590156608, 0.9458194517242371, 0.9159472103504042, 0.09094753214136828, 0.5736690725687179, 0.44517761535338907, 0.833780061099665, 0.015037873862371424, 0.8922172262451102, 0.9873335169593612, 0.984339079909631, 0.34652755271414837, 0.6776164630939563, 0.0812865299250235, 0.973230480602687, 0.9489142483098082, 0.043049697844679456, 0.019312666734079435, 0.54316856997275, 0.7910767768987245, 0.8290843624236462, 0.0042119215608049775, 0.5250683281484763, 0.8560700227282905, 0.49844094890033946, 0.9838770342915409, 0.5752750123836832, 0.060631813650723634, 0.3690918958479239, 0.15082031406950386, 0.6340839635124366, 0.07578561138566203, 0.8754710390266222, 0.9683522849114681, 0.1453343024924757], BATTLES: 290-179-209-410-312-321-367-250-263-
40, 6, -2657.0, [0.033930735984511455, 0.9079808447826552, 0.2302037294465502, 0.9749986762242969, 0.9540855133554758, 0.7646758494635882, 0.9744513145041604, 0.3168531270470993, 0.8287460444591173, 0.9612748069135483, 0.6409903853597261, 0.5926237290879159, 0.04154792611682248, 0.10872022069374451, 0.3253844827455877, 0.34020572384711634, 0.9435765555503854, 0.31005535728341205, 0.4423781778328242, 0.054864436391597125, 0.12094405240572961, 0.0005706441650241583, 0.34074751428699845, 0.07575950943312415, 0.9293749293712121, 0.9996235657856998, 0.3352338880951776, 0.9087324342476654, 0.06045562758401325, 0.9262204178548412, 0.9342519951799463, 0.22369323075609676, 0.791192704267851, 0.7949312564224148, 0.8222862691261369, 0.001746377910552373, 0.7969161466386241, 0.9876612395981382, 0.955781726915413, 0.26481774699920235, 0.42818839221031335, 0.20362310924492405, 0.9965841705419822, 0.922680483282799, 0.08377348261013724, 0.06591271412009803, 0.5375918744442318, 0.7923177607466662, 0.9416029026585007, 0.009309476533525953, 0.3613993270703951, 0.9238034764567753, 0.33047019234395975, 0.9698074639139137, 0.7710788307802593, 0.12381705383426062, 0.516433016594513, 0.1000032746733833, 0.07466401805812306, 0.11993612863177622, 0.8393296015411716, 0.873819430592812, 0.03957744715453955], BATTLES: 283-154-195-399-299-303-391-314-319-
40, 7, -2586.0, [0.04895496829098969, 0.9264718349256785, 0.18862454593592431, 0.9847547848399116, 0.8922147376537156, 0.7772070840032403, 0.9642759527140378, 0.18925819384277304, 0.8252426300791902, 0.9861375351345312, 0.5686111065251321, 0.6600347704831113, 0.3809997629735652, 0.1290879282543931, 0.10001068771305435, 0.46905622462439467, 0.955548253715815, 0.2294715377577491, 0.3715456936345894, 0.021520933496310443, 0.07645002719784108, 0.00160428737867174, 0.8480212661686088, 0.14686457361066033, 0.870449386083637, 0.992030296420052, 0.4626742437596538, 0.9136355931801723, 0.0335164989167496, 0.9769599316841152, 0.928346874413477, 0.09704019316572941, 0.5931513286552256, 0.8748787519842931, 0.7731463033514304, 0.02896634347253592, 0.6235048908652152, 0.9761340337662245, 0.8305656553556288, 0.429974000584129, 0.6462710534624442, 0.23532600067022946, 0.9506472721903367, 0.9960089241555676, 0.0862125005229629, 0.15863705858728092, 0.439827999331431, 0.895185953006496, 0.8419031789337286, 0.0019509358784986005, 0.570982531072164, 0.7863749045608865, 0.5430359005580819, 0.971274843618202, 0.41886704560796034, 0.05599889505214641, 0.5449805389258858, 0.38772860126974756, 0.29012336046212894, 0.020879281191720046, 0.7772705374017855, 0.8359968448021825, 0.04178569258935509], BATTLES: 276-154-216-396-267-319-353-279-314-
40, 8, -2658.0, [0.0008145423344264706, 0.9395501110319443, 0.3286649501450159, 0.9936206384385309, 0.9072417817692661, 0.8673877267599663, 0.9818946747513628, 0.23973224618560754, 0.8510910291487295, 0.9996614824831265, 0.7083755309688324, 0.596611398996174, 0.008904110788158653, 0.025074093485515293, 0.3897720091225067, 0.30257931577115904, 0.9424969661612257, 0.03638411260060666, 0.4611765051152461, 0.028449554340878286, 0.023788990465299226, 0.0002278442011634245, 0.39150731965719393, 0.1029064917880882, 0.9229321360638858, 0.992860658130507, 0.4474997692691834, 0.9531641418730549, 0.03581668707324152, 0.9011869633393723, 0.966892934392837, 0.16459013733569106, 0.8647131709309377, 0.38204564529931984, 0.9117277723696987, 0.008743728116815706, 0.8704352056271016, 0.9550913596594722, 0.974756451558795, 0.287293933516125, 0.7397989624258923, 0.00013164419672442862, 0.9475889257736445, 0.9296310981429988, 0.0796445887794303, 0.031976694137326026, 0.6144653988439266, 0.7596694189097111, 0.491333920690206, 0.01415603038837479, 0.625958108954478, 0.9997355234801742, 0.2149801482808844, 0.9758540173665309, 0.638354374427108, 0.1372005042897282, 0.3523727313826175, 0.11337086190577708, 0.11245879625262437, 0.11893301090465726, 0.9524601432997448, 0.8327868146806949, 0.08110395600815726], BATTLES: 303-173-216-408-302-334-375-277-270-
40, 9, -2635.0, [0.03927156253914232, 0.9200001221540799, 0.22071062739284578, 0.977141906899691, 0.9020699538682261, 0.4572668090542904, 0.953737638689841, 0.4185858316326223, 0.7069147516122105, 0.9715025973720649, 0.6595654057036662, 0.36425746646768903, 0.30868750999809336, 0.08856488562205131, 0.35914800619668064, 0.5397496735426908, 0.9752920305535564, 0.212256265430592, 0.20006661841112794, 0.024482904736975127, 0.055562915709127296, 0.007072622224158908, 0.6422836324191556, 0.09161734995630377, 0.9373100998796383, 0.9868649988584083, 0.7653001554855557, 0.9105423414732203, 0.08280625856349508, 0.9353150324688744, 0.9026415166792946, 0.18590201658272495, 0.734158638425363, 0.5990911604325043, 0.9373433746387376, 0.030116434028608245, 0.721928027900764, 0.9790546811606556, 0.9686816705652195, 0.36697894689001537, 0.71608074925127, 0.12683322045573617, 0.9997984258883361, 0.9472537531718717, 0.03985192881677731, 0.0540930803556886, 0.6518418721923442, 0.7672508580613395, 0.6319039389713174, 0.0017422268576738913, 0.7576480033504693, 0.7507469493153439, 0.38083015627378863, 0.9755337468703436, 0.8264099948052767, 0.08657340171690563, 0.5576246983847847, 0.16928867048295393, 0.628111911462789, 0.07300225448340754, 0.781425723237961, 0.9323861843314892, 0.09989086703894495], BATTLES: 288-200-211-412-300-298-369-262-295-
40, 10, -2615.0, [0.019498672240228797, 0.9125542853726648, 0.30790855486727076, 0.9883016885344498, 0.9479787600691058, 0.45883791365044335, 0.9639013481668828, 0.5825443456753686, 0.8145427734835722, 0.9886173462191432, 0.6538505756230174, 0.2699202981460776, 0.1539425138492972, 0.018304874033610703, 0.0011519993755045484, 0.02803534696455029, 0.9894557750104453, 0.07793850740415974, 0.07544593912653666, 0.004985604936700564, 0.16670441526625948, 0.00020806952537367682, 0.6893138584352502, 0.20382767513336525, 0.9701246685569422, 0.9729505346820813, 0.6162578402419269, 0.9551249880222513, 0.04192503907821722, 0.9543836597908087, 0.8412526568785132, 0.2411245787044946, 0.4953693368144669, 0.8649726489054008, 0.7271519812523467, 0.006807306661928307, 0.6641478440039199, 0.9854649321698215, 0.9473694238168371, 0.3119993301301255, 0.777761308445206, 0.05582482647107428, 0.9672622619602999, 0.8450797962376113, 0.03582127027998951, 0.0709501537614969, 0.695224144794206, 0.7585381772142188, 0.5158104643355322, 0.0028641305770897053, 0.6756098671281872, 0.8344071601329498, 0.09027970622994333, 0.9868068468650948, 0.993750342226188, 0.048507026204086055, 0.3914211325898035, 0.017400465504182137, 0.3651290782127403, 0.017047083480507146, 0.8129068369788576, 0.7943563224868728, 0.07791847333536418], BATTLES: 292-161-201-430-296-300-368-280-279-
40, 11, -2630.0, [0.031318600856598364, 0.9607710496193337, 0.20799810850025652, 0.9521251927661999, 0.9608960410794403, 0.8918144976989217, 0.9680906070527776, 0.48887789471806786, 0.649724504037703, 0.9693866094276574, 0.5769632960570079, 0.7444911954289963, 0.03325998606916823, 0.03166790146751437, 0.061925368571423875, 0.42801885101793935, 0.9653640848021794, 0.2790308995708087, 0.0719825349958089, 0.004330878709639878, 0.09768038292461612, 0.0006868027701456194, 0.7104408254741656, 0.16232515971096148, 0.8774555921151822, 0.995530205229064, 0.5049664536172042, 0.9212886448411701, 0.023637344300028857, 0.9918768640638533, 0.901946853654093, 0.12351667616750112, 0.6082445745127537, 0.9370733250233332, 0.8210653856843394, 0.008969649842931002, 0.7416740865698396, 0.9884707361943312, 0.9925823941053364, 0.381708302171598, 0.6016471805516106, 0.006424423459050671, 0.962208578240341, 0.8745005244830582, 0.035668345118969116, 0.1454104827849892, 0.5991575069786034, 0.7857361987716764, 0.7991978720963553, 0.0015795284260004352, 0.565899672348665, 0.9631452411133685, 0.7072989970030849, 0.991450064184064, 0.6497699835303115, 0.03840355554298496, 0.4546877843744189, 0.12852400146875773, 0.26833173515027986, 0.046666192039606924, 0.8630009514291971, 0.8706025001454901, 0.11591315062243297], BATTLES: 303-174-233-412-286-327-352-255-288-
40, 12, -2639.0, [0.014145022244652526, 0.9817068387245939, 0.17835371542970896, 0.9914508870146572, 0.9241192385040132, 0.7328561599039539, 0.9802726704298584, 0.34595295422499417, 0.8377571378479484, 0.9890678469851474, 0.7555806615697946, 0.8121083657711393, 0.024042950458590805, 0.04488609287591876, 0.01264846207890557, 0.19713860681262693, 0.9396223675408785, 0.19496147070944445, 0.6628259477487988, 0.002855592224902172, 0.07345589548072812, 0.003055247739549808, 0.5408492320112825, 0.1635400764439109, 0.9146746375250162, 0.9975699933719847, 0.6165840979103157, 0.9414531216527686, 0.06421479669163262, 0.9308835248450333, 0.9536655595054138, 0.22277318825103085, 0.8055502444338669, 0.8042752570680586, 0.8795466932466683, 0.0013773840858879536, 0.7681854932890274, 0.9878943211687555, 0.9678634699842827, 0.25886717325844033, 0.5045615160487439, 0.09071980915058667, 0.9945465292094743, 0.9845689248366781, 0.0694117799357042, 0.07348647187848599, 0.48681886358944115, 0.7819831161638328, 0.8030946175176794, 0.003428695616904611, 0.5921948993197077, 0.9893199298269536, 0.6086226177643741, 0.9703700417535024, 0.7233591338745516, 0.06413789321384532, 0.6131753688106495, 0.058382403647497395, 0.1935306640397004, 0.01860075903203561, 0.9177146054450099, 0.8262395329045911, 0.030693121034970794], BATTLES: 289-185-213-409-287-294-385-294-283-
40, 13, -2634.0, [0.04082497727262831, 0.9621409570593499, 0.22216473999099612, 0.9888616182345474, 0.9291508803600043, 0.6043647255516844, 0.9735556282644112, 0.32447411126907355, 0.8263628004241972, 0.9702786514587824, 0.6621955396665667, 0.37526690344769137, 0.18383497801207466, 0.12362878902880045, 0.018520430822527457, 0.5777181580152164, 0.9971699124305242, 0.04122035204674972, 0.05543940767525585, 0.023127522790729056, 0.17095694625047286, 0.005242374763535489, 0.5602725254863158, 0.06548481023528796, 0.9466906915431097, 0.9833936518712221, 0.5535320843957333, 0.8518312828814723, 0.003618458319750932, 0.946684106006507, 0.8998459491327365, 0.06751410697163052, 0.6675229490384751, 0.9683776665248631, 0.7324903988179736, 0.011850354933691591, 0.7694846940797815, 0.9933559062692257, 0.9643435312519791, 0.31881839653605565, 0.6514398364391013, 0.00840468539865287, 0.9478846323368232, 0.8840013002003513, 0.06097125899874452, 0.03723330748358914, 0.5162187958969257, 0.7808597342239496, 0.6470681181656949, 0.015326895448928464, 0.587982502405391, 0.883424774565203, 0.27706434422264153, 0.9856595010057615, 0.7903530486167041, 0.07089624519473293, 0.25296987830455014, 0.11942715659888879, 0.09874106242799885, 0.04392685608717288, 0.8724209469011953, 0.6583144785170664, 0.01246683241853306], BATTLES: 276-146-213-411-304-322-400-285-277-
40, 14, -2612.0, [0.05173495873818837, 0.9402912143906126, 0.24878415234750853, 0.990202503243529, 0.9048409150819477, 0.6904259175103018, 0.9803393308784318, 0.14051143591902, 0.9400257179258277, 0.9526916515661289, 0.6967379759440437, 0.29090642119410526, 0.15656529123627702, 0.07866939228559405, 0.025520393080714764, 0.521380660461211, 0.9493742002103444, 0.24226532699558168, 0.22906742974294114, 0.030267108537947725, 0.1183477962144254, 0.006509950089235505, 0.46576830914451933, 0.044419327484507096, 0.9557370778406211, 0.9909544579984718, 0.6138372864154722, 0.8478924034247844, 0.025079495736624956, 0.9006658824480684, 0.9705012974674551, 0.02641814691279861, 0.5128329245599359, 0.7135250188022239, 0.7451355968519382, 0.025614525714023426, 0.7895567715635214, 0.9928320439419318, 0.8795708384287773, 0.12045441694378385, 0.6406639091891853, 0.08934740695660155, 0.9290849049523593, 0.9371734113024587, 0.07474758115003018, 0.08030319605914478, 0.460703120504955, 0.7830246089979386, 0.7082238306180468, 0.0017476843772966412, 0.412975111615982, 0.8951414584059104, 0.4149290102937556, 0.9808028062021354, 0.6622004243310392, 0.05982683118472408, 0.26175677576131107, 0.18524789326395594, 0.16545741143507, 0.0543031807651374, 0.9237054156607198, 0.9801639054451481, 0.06654926097371591], BATTLES: 280-152-210-417-306-311-354-268-290-
41, 0, -2599.0, [0.016449191186081794, 0.9658135816874006, 0.2368912999745384, 0.9614522371551762, 0.8898901190104844, 0.4183185277082777, 0.9890814666930127, 0.36248018399196125, 0.7983196280324718, 0.9688579734781857, 0.7677350596209196, 0.12118843743107077, 0.018293390559960723, 0.03759280248259387, 0.2647801800964092, 0.6654991543503981, 0.9339350778474728, 0.1151146622555255, 0.2596989813727385, 0.022636660350487756, 0.049971080849608114, 0.00613955430024297, 0.4287533382175989, 0.11652862539080462, 0.9369485149682817, 0.9829888420517527, 0.8797388776293535, 0.923940088052326, 0.07137409921140701, 0.9621921882824394, 0.9596086773217569, 0.1469434825012606, 0.9316575233329532, 0.649164067481674, 0.8416878535607759, 0.042465516784593524, 0.5646167582745912, 0.9724400595523452, 0.9283022201498715, 0.38250752827298257, 0.44925431984755826, 0.13820725726600833, 0.9593938317493922, 0.9774692785274833, 0.0650930820906523, 0.031537508001757496, 0.6688481694570141, 0.7813748324391175, 0.6233466296757643, 0.0012141564379537693, 0.5647527612056579, 0.762158274457637, 0.33342166218195046, 0.9795823999723892, 0.6534668466199101, 0.1802037157655467, 0.5503724900556061, 0.10854895564111301, 0.45873696042886475, 0.05206264103828709, 0.9000653620371823, 0.9641578642726355, 0.09886396762548358], BATTLES: 307-164-222-404-293-303-348-257-301-
41, 1, -2626.0, [0.03073920877489053, 0.9289059878312269, 0.12328017858436516, 0.9822858742368141, 0.9426280149458636, 0.6988756140966469, 0.9818066262757704, 0.09745802554409641, 0.9288758172991461, 0.95293569492, 0.6118627365256831, 0.41684191222591854, 0.2782801275404329, 0.035675185231754517, 0.05489232169974718, 0.34202152421952203, 0.9475527880572439, 0.22211135854570135, 0.35110833563359223, 0.029257419473843256, 0.036347525195510814, 0.0023445385340648953, 0.5477097082959512, 0.1203938664271555, 0.9159349305481382, 0.9981391991863886, 0.7978027250672981, 0.8202741398376698, 0.03101332098764856, 0.9635268025485464, 0.9805404966033293, 0.004304166387513769, 0.34293437898688817, 0.6891879619001599, 0.6791780421870064, 0.029078720876003675, 0.6354212235658306, 0.9874827985834473, 0.9714925669149375, 0.3161471622319482, 0.5441064981804941, 0.09025927638864284, 0.9182994515788695, 0.9122707947170855, 0.07607700334466852, 0.1523687544314755, 0.4534629587098944, 0.8039473037537864, 0.9751831983335099, 0.002058942454002275, 0.40440152857624556, 0.9989855939021091, 0.44941863676974525, 0.9793886900088457, 0.654659164502973, 0.10373833041474485, 0.29749482523447407, 0.2703489989663425, 0.18492872385834674, 0.0629471792264022, 0.8713331480091058, 0.8229420145035956, 0.14644981241692395], BATTLES: 289-151-214-387-275-304-392-294-320-
41, 2, -2678.0, [0.02336563516230372, 0.9182825636806217, 0.22587368519096201, 0.9927421675101953, 0.8790335948681176, 0.7161206298387629, 0.9879235919214232, 0.017716381677719356, 0.8607139987957615, 0.9726705245637128, 0.6783682544821257, 0.4855562794333502, 0.06718230779009453, 0.031402014832316597, 0.21133379927747253, 0.34609578852553463, 0.9426699627996001, 0.13350822275742463, 0.17504839661836624, 0.0446484462844115, 0.08732654259255442, 0.005508278365526009, 0.4628744993393804, 0.04954312728445255, 0.9482055989454006, 0.9881459698601915, 0.577378733117931, 0.8545608642200355, 0.02028575555781116, 0.9130993899924088, 0.9144081183232997, 0.1551529241434423, 0.8787257495089467, 0.7234513914916705, 0.7544020789913575, 0.019119342920779422, 0.6936330317733892, 0.9807808236330834, 0.9508893936308848, 0.3524806756856504, 0.6161279790709213, 0.18331213873103053, 0.9604724235007457, 0.9793395106273459, 0.0848064511991962, 0.053637627382747244, 0.6193234182369491, 0.7744212005952812, 0.7498764618080975, 0.007866309075506847, 0.9609295107035034, 0.8928201307794398, 0.2215994698650557, 0.9759781026608241, 0.6302666490728926, 0.13378558495598927, 0.5173442114781182, 0.11519716302524742, 0.22543129404447793, 0.08291968070755174, 0.8047151644083341, 0.802403235052805, 0.04607237235986784], BATTLES: 313-179-224-412-317-294-356-286-297-
41, 3, -2677.0, [0.006388284200912826, 0.9457374256507878, 0.18158566436552329, 0.9749916426087193, 0.8877426734448851, 0.7864700633620199, 0.979869387813108, 0.1663065265077005, 0.7317343720483598, 0.9979568315132367, 0.7049932238083055, 0.4183983183646391, 0.072132631660175, 0.013945695520376736, 0.06118041234870997, 0.40101483888076506, 0.9568152889787266, 0.00014937484443387772, 0.07551968558452687, 0.005782849723206564, 0.06984495255482775, 0.00012666325600068154, 0.7309840167020595, 0.03201706917753991, 0.9147752956768871, 0.9906935511728988, 0.5199106959318173, 0.9295313499298019, 0.027792301009152552, 0.9841191561523502, 0.8435954346053166, 0.05334503850585986, 0.8077188895530896, 0.9843638484872878, 0.8594419599515926, 0.010502470460569058, 0.6927141105462131, 0.997165698157178, 0.9921900730507766, 0.2979397523040967, 0.423384390847096, 0.030218672680100183, 0.9553617007388987, 0.9865770684155415, 0.06031054174303723, 0.047186366070753286, 0.5874548830746297, 0.7685565544457743, 0.30741707357878506, 0.010315863569592203, 0.7145125996194089, 0.9386111345795797, 0.82702419015297, 0.9834440899289224, 0.9528916942039263, 0.09500333952032497, 0.2697046899102792, 0.021830858505404983, 0.22078773882879463, 0.025123240220203364, 0.8735386025641569, 0.7675415778748157, 0.0764969063351214], BATTLES: 281-177-214-396-284-325-386-296-309-
41, 4, -2614.0, [0.00625327920264767, 0.9189820415279722, 0.19776060374934704, 0.9396124649468613, 0.9367574623793214, 0.5034026195333271, 0.9542037956351689, 0.5101932167069891, 0.8094060084112582, 0.9526211955624192, 0.7539136309965759, 0.5112145744074853, 0.1225204658885038, 0.0594567394310961, 0.2482559507928757, 0.46538434664202544, 0.9699641863797315, 0.28782804062037926, 0.32375363131265456, 0.030600747546617433, 0.14284968588365626, 0.00024480595020565446, 0.23060308958016243, 0.1641226012511956, 0.9015794023932459, 0.9961988016079324, 0.7342067814991051, 0.8210402020453877, 0.11210712318345165, 0.913852831503371, 0.9818670885931828, 0.13209612546503566, 0.47189996928133343, 0.6880839430478276, 0.882474924909421, 0.0296095132675358, 0.7724259644680479, 0.9827862866640941, 0.9505213181649252, 0.3191634269494461, 0.5393952166624144, 0.1744792113533956, 0.9908609723298598, 0.9467374900524596, 0.07136558468622489, 0.05827666773083899, 0.6118226134537965, 0.7762959776188747, 0.7430310170808215, 0.009132408725148037, 0.8663647920047289, 0.7978177027904547, 0.4433870428787433, 0.9736741517452929, 0.7909127412786199, 0.1269841419458674, 0.45064075820756033, 0.04243706561274326, 0.30764282561552303, 0.07610714927342446, 0.9701980538102255, 0.7224343784806649, 0.04940359207562766], BATTLES: 273-187-213-396-296-309-365-283-292-
41, 5, -2650.0, [0.015825949105975602, 0.9450365938354587, 0.3137575297316072, 0.962934234580006, 0.9269510651937725, 0.38769397533395855, 0.9859207614938521, 0.49221811586069747, 0.5804439803997844, 0.9697605279826039, 0.5937851926293717, 0.767710449022521, 0.232006655991506, 0.07163989916142302, 0.2558502426337738, 0.3426098216478962, 0.9669877629878663, 0.1909685316455208, 0.35823944435096977, 0.013940447641439707, 0.08212134971528434, 0.0019184299704545162, 0.9290254386082908, 0.10509589313412421, 0.9072674129751751, 0.9963371599152054, 0.6876428775073767, 0.8110103451996834, 0.028112028444988873, 0.9481624727476854, 0.896940307037659, 0.09094753214136828, 0.7470250089968558, 0.44517761535338907, 0.9358026183882678, 0.019726558935356835, 0.7077509848936702, 0.9873335169593612, 0.984339079909631, 0.34652755271414837, 0.6743322147967479, 0.03344681075036833, 0.9899766551632774, 0.9599054785710599, 0.043049697844679456, 0.019312666734079435, 0.54316856997275, 0.7910767768987245, 0.6893130484733223, 0.0002809780286237313, 0.7425425749383898, 0.7763169586192568, 0.4499066193071308, 0.9838770342915409, 0.7993884862550513, 0.060631813650723634, 0.41129681540328067, 0.15082031406950386, 0.6994007924918855, 0.07578561138566203, 0.7827051201714439, 0.9683522849114681, 0.155849175942353], BATTLES: 263-169-229-415-301-318-354-258-256-
41, 6, -2683.0, [0.028258687994348813, 0.9470245024105144, 0.3805107577503703, 0.9898549654731988, 0.9224912767229471, 0.7646758494635882, 0.9826768914963282, 0.1555945983767698, 0.8837720108111904, 0.9709197758308258, 0.5809265728196017, 0.40594320606394885, 0.040224266805292785, 0.11914928042750306, 0.3253844827455877, 0.5865531309791768, 0.9435765555503854, 0.31005535728341205, 0.40550030786176394, 0.05197973391625678, 0.09738919425483847, 0.0005706441650241583, 0.3030867190438782, 0.022263806246672513, 0.9657983975286075, 0.9998117828928499, 0.3352338880951776, 0.8804142638619584, 0.04955752213314808, 0.9104727547547686, 0.9342519951799463, 0.22369323075609676, 0.791192704267851, 0.6460419127399442, 0.8678843470017081, 0.007538944761913793, 0.7969161466386241, 0.9699434126798202, 0.955781726915413, 0.3515891494612735, 0.615008459730772, 0.20362310924492405, 0.9965841705419822, 0.922680483282799, 0.08712036044166477, 0.03295635706004901, 0.5300788074232642, 0.7798663286032279, 0.9416029026585007, 0.009309476533525953, 0.6254250511853281, 0.9270658698618075, 0.33047019234395975, 0.9760741891570621, 0.865886360066875, 0.12381705383426062, 0.516433016594513, 0.14714753761721122, 0.1272794292504771, 0.11993612863177622, 0.8746487981743202, 0.7382288394356743, 0.03957744715453955], BATTLES: 294-163-209-422-283-296-360-318-282-
41, 7, -2586.0, [0.04895496829098969, 0.9264718349256785, 0.18862454593592431, 0.9847547848399116, 0.8922147376537156, 0.7772070840032403, 0.9642759527140378, 0.18925819384277304, 0.8252426300791902, 0.9861375351345312, 0.5686111065251321, 0.6600347704831113, 0.3809997629735652, 0.1290879282543931, 0.10001068771305435, 0.46905622462439467, 0.955548253715815, 0.2294715377577491, 0.3715456936345894, 0.021520933496310443, 0.07645002719784108, 0.00160428737867174, 0.8480212661686088, 0.14686457361066033, 0.870449386083637, 0.992030296420052, 0.4626742437596538, 0.9136355931801723, 0.0335164989167496, 0.9769599316841152, 0.928346874413477, 0.09704019316572941, 0.5931513286552256, 0.8748787519842931, 0.7731463033514304, 0.02896634347253592, 0.6235048908652152, 0.9761340337662245, 0.8305656553556288, 0.429974000584129, 0.6462710534624442, 0.23532600067022946, 0.9506472721903367, 0.9960089241555676, 0.0862125005229629, 0.15863705858728092, 0.439827999331431, 0.895185953006496, 0.8419031789337286, 0.0019509358784986005, 0.570982531072164, 0.7863749045608865, 0.5430359005580819, 0.971274843618202, 0.41886704560796034, 0.05599889505214641, 0.5449805389258858, 0.38772860126974756, 0.29012336046212894, 0.020879281191720046, 0.7772705374017855, 0.8359968448021825, 0.04178569258935509], BATTLES: 283-149-197-412-283-299-383-276-304-
41, 8, -2622.0, [0.0008145423344264706, 0.9395501110319443, 0.3286649501450159, 0.9936206384385309, 0.9072417817692661, 0.8673877267599663, 0.9818946747513628, 0.23973224618560754, 0.8510910291487295, 0.9996614824831265, 0.7083755309688324, 0.596611398996174, 0.008904110788158653, 0.025074093485515293, 0.3897720091225067, 0.30257931577115904, 0.9424969661612257, 0.03638411260060666, 0.4611765051152461, 0.028449554340878286, 0.023788990465299226, 0.0002278442011634245, 0.39150731965719393, 0.1029064917880882, 0.9229321360638858, 0.992860658130507, 0.4474997692691834, 0.9531641418730549, 0.03581668707324152, 0.9011869633393723, 0.966892934392837, 0.16459013733569106, 0.8647131709309377, 0.38204564529931984, 0.9117277723696987, 0.008743728116815706, 0.8704352056271016, 0.9550913596594722, 0.974756451558795, 0.287293933516125, 0.7397989624258923, 0.00013164419672442862, 0.9475889257736445, 0.9296310981429988, 0.0796445887794303, 0.031976694137326026, 0.6144653988439266, 0.7596694189097111, 0.491333920690206, 0.01415603038837479, 0.625958108954478, 0.9997355234801742, 0.2149801482808844, 0.9758540173665309, 0.638354374427108, 0.1372005042897282, 0.3523727313826175, 0.11337086190577708, 0.11245879625262437, 0.11893301090465726, 0.9524601432997448, 0.8327868146806949, 0.08110395600815726], BATTLES: 303-174-216-421-308-286-340-282-292-
41, 9, -2678.0, [0.03927156253914232, 0.9200001221540799, 0.22071062739284578, 0.977141906899691, 0.9020699538682261, 0.4572668090542904, 0.953737638689841, 0.4185858316326223, 0.7069147516122105, 0.9715025973720649, 0.6595654057036662, 0.36425746646768903, 0.30868750999809336, 0.08856488562205131, 0.35914800619668064, 0.5397496735426908, 0.9752920305535564, 0.212256265430592, 0.20006661841112794, 0.024482904736975127, 0.055562915709127296, 0.007072622224158908, 0.6422836324191556, 0.09161734995630377, 0.9373100998796383, 0.9868649988584083, 0.7653001554855557, 0.9105423414732203, 0.08280625856349508, 0.9353150324688744, 0.9026415166792946, 0.18590201658272495, 0.734158638425363, 0.5990911604325043, 0.9373433746387376, 0.030116434028608245, 0.721928027900764, 0.9790546811606556, 0.9686816705652195, 0.36697894689001537, 0.71608074925127, 0.12683322045573617, 0.9997984258883361, 0.9472537531718717, 0.03985192881677731, 0.0540930803556886, 0.6518418721923442, 0.7672508580613395, 0.6319039389713174, 0.0017422268576738913, 0.7576480033504693, 0.7507469493153439, 0.38083015627378863, 0.9755337468703436, 0.8264099948052767, 0.08657340171690563, 0.5576246983847847, 0.16928867048295393, 0.628111911462789, 0.07300225448340754, 0.781425723237961, 0.9323861843314892, 0.09989086703894495], BATTLES: 314-192-218-428-306-309-357-275-279-
41, 10, -2627.0, [0.019498672240228797, 0.9125542853726648, 0.30790855486727076, 0.9883016885344498, 0.9479787600691058, 0.45883791365044335, 0.9639013481668828, 0.5825443456753686, 0.8145427734835722, 0.9886173462191432, 0.6538505756230174, 0.2699202981460776, 0.1539425138492972, 0.018304874033610703, 0.0011519993755045484, 0.02803534696455029, 0.9894557750104453, 0.07793850740415974, 0.07544593912653666, 0.004985604936700564, 0.16670441526625948, 0.00020806952537367682, 0.6893138584352502, 0.20382767513336525, 0.9701246685569422, 0.9729505346820813, 0.6162578402419269, 0.9551249880222513, 0.04192503907821722, 0.9543836597908087, 0.8412526568785132, 0.2411245787044946, 0.4953693368144669, 0.8649726489054008, 0.7271519812523467, 0.006807306661928307, 0.6641478440039199, 0.9854649321698215, 0.9473694238168371, 0.3119993301301255, 0.777761308445206, 0.05582482647107428, 0.9672622619602999, 0.8450797962376113, 0.03582127027998951, 0.0709501537614969, 0.695224144794206, 0.7585381772142188, 0.5158104643355322, 0.0028641305770897053, 0.6756098671281872, 0.8344071601329498, 0.09027970622994333, 0.9868068468650948, 0.993750342226188, 0.048507026204086055, 0.3914211325898035, 0.017400465504182137, 0.3651290782127403, 0.017047083480507146, 0.8129068369788576, 0.7943563224868728, 0.07791847333536418], BATTLES: 278-189-228-420-285-319-371-253-284-
41, 11, -2588.0, [0.031318600856598364, 0.9607710496193337, 0.20799810850025652, 0.9521251927661999, 0.9608960410794403, 0.8918144976989217, 0.9680906070527776, 0.48887789471806786, 0.649724504037703, 0.9693866094276574, 0.5769632960570079, 0.7444911954289963, 0.03325998606916823, 0.03166790146751437, 0.061925368571423875, 0.42801885101793935, 0.9653640848021794, 0.2790308995708087, 0.0719825349958089, 0.004330878709639878, 0.09768038292461612, 0.0006868027701456194, 0.7104408254741656, 0.16232515971096148, 0.8774555921151822, 0.995530205229064, 0.5049664536172042, 0.9212886448411701, 0.023637344300028857, 0.9918768640638533, 0.901946853654093, 0.12351667616750112, 0.6082445745127537, 0.9370733250233332, 0.8210653856843394, 0.008969649842931002, 0.7416740865698396, 0.9884707361943312, 0.9925823941053364, 0.381708302171598, 0.6016471805516106, 0.006424423459050671, 0.962208578240341, 0.8745005244830582, 0.035668345118969116, 0.1454104827849892, 0.5991575069786034, 0.7857361987716764, 0.7991978720963553, 0.0015795284260004352, 0.565899672348665, 0.9631452411133685, 0.7072989970030849, 0.991450064184064, 0.6497699835303115, 0.03840355554298496, 0.4546877843744189, 0.12852400146875773, 0.26833173515027986, 0.046666192039606924, 0.8630009514291971, 0.8706025001454901, 0.11591315062243297], BATTLES: 302-181-223-426-275-309-353-226-293-
41, 12, -2637.0, [0.014145022244652526, 0.9817068387245939, 0.17835371542970896, 0.9914508870146572, 0.9241192385040132, 0.7328561599039539, 0.9802726704298584, 0.34595295422499417, 0.8377571378479484, 0.9890678469851474, 0.7555806615697946, 0.8121083657711393, 0.024042950458590805, 0.04488609287591876, 0.01264846207890557, 0.19713860681262693, 0.9396223675408785, 0.19496147070944445, 0.6628259477487988, 0.002855592224902172, 0.07345589548072812, 0.003055247739549808, 0.5408492320112825, 0.1635400764439109, 0.9146746375250162, 0.9975699933719847, 0.6165840979103157, 0.9414531216527686, 0.06421479669163262, 0.9308835248450333, 0.9536655595054138, 0.22277318825103085, 0.8055502444338669, 0.8042752570680586, 0.8795466932466683, 0.0013773840858879536, 0.7681854932890274, 0.9878943211687555, 0.9678634699842827, 0.25886717325844033, 0.5045615160487439, 0.09071980915058667, 0.9945465292094743, 0.9845689248366781, 0.0694117799357042, 0.07348647187848599, 0.48681886358944115, 0.7819831161638328, 0.8030946175176794, 0.003428695616904611, 0.5921948993197077, 0.9893199298269536, 0.6086226177643741, 0.9703700417535024, 0.7233591338745516, 0.06413789321384532, 0.6131753688106495, 0.058382403647497395, 0.1935306640397004, 0.01860075903203561, 0.9177146054450099, 0.8262395329045911, 0.030693121034970794], BATTLES: 292-164-201-401-284-314-380-303-298-
41, 13, -2720.0, [0.04082497727262831, 0.9621409570593499, 0.22216473999099612, 0.9888616182345474, 0.9291508803600043, 0.6043647255516844, 0.9735556282644112, 0.32447411126907355, 0.8263628004241972, 0.9702786514587824, 0.6621955396665667, 0.37526690344769137, 0.18383497801207466, 0.12362878902880045, 0.018520430822527457, 0.5777181580152164, 0.9971699124305242, 0.04122035204674972, 0.05543940767525585, 0.023127522790729056, 0.17095694625047286, 0.005242374763535489, 0.5602725254863158, 0.06548481023528796, 0.9466906915431097, 0.9833936518712221, 0.5535320843957333, 0.8518312828814723, 0.003618458319750932, 0.946684106006507, 0.8998459491327365, 0.06751410697163052, 0.6675229490384751, 0.9683776665248631, 0.7324903988179736, 0.011850354933691591, 0.7694846940797815, 0.9933559062692257, 0.9643435312519791, 0.31881839653605565, 0.6514398364391013, 0.00840468539865287, 0.9478846323368232, 0.8840013002003513, 0.06097125899874452, 0.03723330748358914, 0.5162187958969257, 0.7808597342239496, 0.6470681181656949, 0.015326895448928464, 0.587982502405391, 0.883424774565203, 0.27706434422264153, 0.9856595010057615, 0.7903530486167041, 0.07089624519473293, 0.25296987830455014, 0.11942715659888879, 0.09874106242799885, 0.04392685608717288, 0.8724209469011953, 0.6583144785170664, 0.01246683241853306], BATTLES: 323-172-219-404-295-315-392-294-306-
41, 14, -2629.0, [0.025867479369094185, 0.917870878850525, 0.3400927911961296, 0.990202503243529, 0.8971880151488518, 0.6904259175103018, 0.9901696654392159, 0.14362141525024893, 0.7795140499846931, 0.994289754624727, 0.6967379759440437, 0.3881186578540613, 0.15656529123627702, 0.08787356951821478, 0.4252030172559873, 0.3495443362817864, 0.9493742002103444, 0.15000915955562913, 0.2735228650882057, 0.030267108537947725, 0.1183477962144254, 0.004716642701378155, 0.6298734450514776, 0.044419327484507096, 0.9557370778406211, 0.9909544579984718, 0.7523829901200567, 0.9710341540177819, 0.07019101379820891, 0.9503329412240342, 0.9626596916349823, 0.16658942974293198, 0.9642056385525478, 0.7135250188022239, 0.8382409257920044, 0.025614525714023426, 0.6758002813375281, 0.9910091445190776, 0.8795708384287773, 0.2912512600644511, 0.6406639091891853, 0.014215712622170015, 0.9561851959534743, 0.9365339193298355, 0.07474758115003018, 0.07215837863557115, 0.5370908922789382, 0.7458234480325576, 0.3961318141481045, 0.0008738421886483206, 0.7154259615192268, 0.8947031296657426, 0.018447151140914664, 0.9808028062021354, 0.7988617849192959, 0.13988737387662536, 0.3624613965512131, 0.09262394663197797, 0.16545741143507, 0.0543031807651374, 0.8638242186699717, 0.9077291665776557, 0.09802778018878555], BATTLES: 285-163-209-403-254-296-376-293-308-
42, 0, -2585.0, [0.016449191186081794, 0.9658135816874006, 0.2368912999745384, 0.9614522371551762, 0.8898901190104844, 0.4183185277082777, 0.9890814666930127, 0.36248018399196125, 0.7983196280324718, 0.9688579734781857, 0.7677350596209196, 0.12118843743107077, 0.018293390559960723, 0.03759280248259387, 0.2647801800964092, 0.6654991543503981, 0.9339350778474728, 0.1151146622555255, 0.2596989813727385, 0.022636660350487756, 0.049971080849608114, 0.00613955430024297, 0.4287533382175989, 0.11652862539080462, 0.9369485149682817, 0.9829888420517527, 0.8797388776293535, 0.923940088052326, 0.07137409921140701, 0.9621921882824394, 0.9596086773217569, 0.1469434825012606, 0.9316575233329532, 0.649164067481674, 0.8416878535607759, 0.042465516784593524, 0.5646167582745912, 0.9724400595523452, 0.9283022201498715, 0.38250752827298257, 0.44925431984755826, 0.13820725726600833, 0.9593938317493922, 0.9774692785274833, 0.0650930820906523, 0.031537508001757496, 0.6688481694570141, 0.7813748324391175, 0.6233466296757643, 0.0012141564379537693, 0.5647527612056579, 0.762158274457637, 0.33342166218195046, 0.9795823999723892, 0.6534668466199101, 0.1802037157655467, 0.5503724900556061, 0.10854895564111301, 0.45873696042886475, 0.05206264103828709, 0.9000653620371823, 0.9641578642726355, 0.09886396762548358], BATTLES: 289-164-210-413-297-304-354-273-281-
42, 1, -2642.0, [0.03073920877489053, 0.9289059878312269, 0.12328017858436516, 0.9822858742368141, 0.9426280149458636, 0.6988756140966469, 0.9818066262757704, 0.09745802554409641, 0.9288758172991461, 0.95293569492, 0.6118627365256831, 0.41684191222591854, 0.2782801275404329, 0.035675185231754517, 0.05489232169974718, 0.34202152421952203, 0.9475527880572439, 0.22211135854570135, 0.35110833563359223, 0.029257419473843256, 0.036347525195510814, 0.0023445385340648953, 0.5477097082959512, 0.1203938664271555, 0.9159349305481382, 0.9981391991863886, 0.7978027250672981, 0.8202741398376698, 0.03101332098764856, 0.9635268025485464, 0.9805404966033293, 0.004304166387513769, 0.34293437898688817, 0.6891879619001599, 0.6791780421870064, 0.029078720876003675, 0.6354212235658306, 0.9874827985834473, 0.9714925669149375, 0.3161471622319482, 0.5441064981804941, 0.09025927638864284, 0.9182994515788695, 0.9122707947170855, 0.07607700334466852, 0.1523687544314755, 0.4534629587098944, 0.8039473037537864, 0.9751831983335099, 0.002058942454002275, 0.40440152857624556, 0.9989855939021091, 0.44941863676974525, 0.9793886900088457, 0.654659164502973, 0.10373833041474485, 0.29749482523447407, 0.2703489989663425, 0.18492872385834674, 0.0629471792264022, 0.8713331480091058, 0.8229420145035956, 0.14644981241692395], BATTLES: 291-161-213-408-286-294-384-313-292-
42, 2, -2689.0, [0.02336563516230372, 0.9469967848592961, 0.22587368519096201, 0.9927421675101953, 0.8790335948681176, 0.7161206298387629, 0.9879235919214232, 0.017716381677719356, 0.7758428479549502, 0.9726705245637128, 0.6783682544821257, 0.4855562794333502, 0.06718230779009453, 0.16228874203147964, 0.21133379927747253, 0.40728826257209316, 0.9426699627996001, 0.13350822275742463, 0.17504839661836624, 0.029275052857364196, 0.12134404482088809, 0.005508278365526009, 0.8704029834193174, 0.04954312728445255, 0.9482055989454006, 0.9881459698601915, 0.577378733117931, 0.8545608642200355, 0.01014287777890558, 0.9130993899924088, 0.9478688803673179, 0.1551529241434423, 0.8787257495089467, 0.7234513914916705, 0.7544020789913575, 0.019119342920779422, 0.626418384477932, 0.9769074103526992, 0.9456727316194701, 0.3524806756856504, 0.6161279790709213, 0.18331213873103053, 0.9604724235007457, 0.9793395106273459, 0.0848064511991962, 0.0616401227192147, 0.6193234182369491, 0.7744212005952812, 0.7498764618080975, 0.005456801185515377, 0.9609295107035034, 0.8928201307794398, 0.11446856866710167, 0.9759781026608241, 0.7006083369808237, 0.13378558495598927, 0.5173442114781182, 0.11519716302524742, 0.22543129404447793, 0.08291968070755174, 0.7648118075299308, 0.7962358431998238, 0.03294289092180991], BATTLES: 276-190-224-413-296-309-354-291-292-
42, 3, -2625.0, [0.006388284200912826, 0.9457374256507878, 0.18158566436552329, 0.9753339395699199, 0.900671739521253, 0.7864700633620199, 0.989934693906554, 0.1663065265077005, 0.7317343720483598, 0.9979568315132367, 0.7049932238083055, 0.20053534716214322, 0.2892927239786129, 0.013945695520376736, 0.18621229347500867, 0.6746270441402584, 0.9744429401747084, 0.00014937484443387772, 0.07551968558452687, 0.005782849723206564, 0.06984495255482775, 0.0034177611253726993, 0.7309840167020595, 0.03201706917753991, 0.9147752956768871, 0.9906935511728988, 0.5199106959318173, 0.9295313499298019, 0.027792301009152552, 0.9574851977940613, 0.8435954346053166, 0.1621597355114896, 0.8266793851750647, 0.9418183105003298, 0.8594419599515926, 0.010502470460569058, 0.6670020212815073, 0.9985828490785891, 0.9960950365253882, 0.2979397523040967, 0.5623847976046328, 0.030218672680100183, 0.9553617007388987, 0.9865770684155415, 0.06031054174303723, 0.047186366070753286, 0.5874548830746297, 0.7537715589044927, 0.3829973934007791, 0.01266631182238398, 0.7145125996194089, 0.7696522307912308, 0.38149577131326273, 0.983102579221499, 0.9522344512225595, 0.09500333952032497, 0.2697046899102792, 0.021830858505404983, 0.4780475973509998, 0.012561620110101682, 0.8735386025641569, 0.7741964669818182, 0.0764969063351214], BATTLES: 285-151-209-406-287-308-356-270-293-
42, 4, -2663.0, [0.00625327920264767, 0.9189820415279722, 0.19776060374934704, 0.9396124649468613, 0.9367574623793214, 0.46279857222391063, 0.9542037956351689, 0.23070220153658738, 0.8164405047555022, 0.9526211955624192, 0.49075903730895076, 0.5112145744074853, 0.1225204658885038, 0.0594567394310961, 0.12412797539643786, 0.46538434664202544, 0.9813714826994931, 0.28782804062037926, 0.32375363131265456, 0.0275868146113884, 0.14284968588365626, 0.00024480595020565446, 0.43904126693088347, 0.08332139485671004, 0.9015794023932459, 0.9961988016079324, 0.7342067814991051, 0.8210402020453877, 0.11210712318345165, 0.913852831503371, 0.9159433879157732, 0.15337679255386144, 0.8072290068023313, 0.6880839430478276, 0.7358844243034011, 0.029359582603154813, 0.7724259644680479, 0.9879488572550977, 0.9505213181649252, 0.31931577473741807, 0.5812608934434578, 0.038455858526110644, 0.9377956772157927, 0.9736642920256083, 0.07136558468622489, 0.0789952829627679, 0.6118226134537965, 0.7762959776188747, 0.7143901096686109, 0.010220178045380144, 0.8663647920047289, 0.7978177027904547, 0.4433870428787433, 0.9736741517452929, 0.7909127412786199, 0.1269841419458674, 0.45064075820756033, 0.02121853280637163, 0.30764282561552303, 0.07610714927342446, 0.8232263071767361, 0.7224343784806649, 0.04940359207562766], BATTLES: 312-186-231-401-304-300-349-264-292-
42, 5, -2643.0, [0.015825949105975602, 0.9450365938354587, 0.38578807887268585, 0.9903088169811864, 0.9269510651937725, 0.5184753286562299, 0.9930162743991838, 0.3015965751679353, 0.8475119672725657, 0.9533348793987042, 0.5937851926293717, 0.22541873757102432, 0.232006655991506, 0.07163989916142302, 0.31466246465416525, 0.3426098216478962, 0.9669877629878663, 0.1929070011655375, 0.35823944435096977, 0.03866911059923248, 0.08212134971528434, 0.0019184299704545162, 0.3354822400138014, 0.10509589313412421, 0.9072674129751751, 0.9963371599152054, 0.4737049932355242, 0.8054428123720632, 0.040234319685409276, 0.9481624727476854, 0.896940307037659, 0.18954181355005137, 0.8335518233908654, 0.5692490433021267, 0.8050257639756, 0.011256984742861988, 0.7077509848936702, 0.9750083939573133, 0.9517277404536718, 0.36077160172084716, 0.787567801040919, 0.03344681075036833, 0.9814609081183728, 0.9599054785710599, 0.043049697844679456, 0.009656333367039718, 0.54316856997275, 0.7460663977532375, 0.8711398990890837, 0.0002809780286237313, 0.6438179029833242, 0.8404488444409164, 0.0006757774039297115, 0.9782929962813651, 0.8996942431275257, 0.08685709914252635, 0.41129681540328067, 0.15082031406950386, 0.23354565481265938, 0.07578561138566203, 0.8436583285096241, 0.7658526841959533, 0.02527921363470028], BATTLES: 294-170-209-432-279-305-392-264-267-
42, 6, -2639.0, [0.03516162136389241, 0.9643373352330398, 0.34333491607951333, 0.9967968362933278, 0.9224912767229471, 0.7646758494635882, 0.9826768914963282, 0.1555945983767698, 0.8089585279602507, 0.9726468139653432, 0.4909334775982621, 0.30337636725571204, 0.14980421451140363, 0.11823608642762709, 0.3253844827455877, 0.5865531309791768, 0.9789643564141625, 0.17109954703800137, 0.1561524744440829, 0.05197973391625678, 0.09738919425483847, 0.00028532208251207916, 0.5386971955261604, 0.022263806246672513, 0.9469142469093227, 0.9912637118266913, 0.4480886638675308, 0.8653036476578032, 0.02477876106657404, 0.9325440363179875, 0.9342519951799463, 0.17416516914628838, 0.8081010901780534, 0.9600624642879304, 0.8678843470017081, 0.002652714520537504, 0.7441483228751464, 0.9849747839375219, 0.9694187589803689, 0.4206927770624591, 0.615008459730772, 0.20362310924492405, 0.9638375885205426, 0.922680483282799, 0.07763924905743895, 0.03295635706004901, 0.5467802787741879, 0.7883868428804909, 0.7607391919795043, 0.009309476533525953, 0.5762092281734335, 0.9311929478503143, 0.16668372445064214, 0.9835411392771477, 0.9079466097926658, 0.12381705383426062, 0.28767142140000873, 0.10347304642870897, 0.1272794292504771, 0.11993612863177622, 0.8746487981743202, 0.663521800038829, 0.017977971845463042], BATTLES: 290-149-198-417-279-296-381-292-272-
42, 7, -2604.0, [0.04895496829098969, 0.9264718349256785, 0.36909634045759765, 0.9847547848399116, 0.9569258996229909, 0.5022458833163785, 0.9642759527140378, 0.18925819384277304, 0.7011123200181352, 0.9748814161288374, 0.3576607599920275, 0.6600347704831113, 0.30103748101849437, 0.1290879282543931, 0.10001068771305435, 0.5395301197304851, 0.9570558074577401, 0.3160367123993295, 0.2903051532573029, 0.022919486249792856, 0.07645002719784108, 0.00160428737867174, 0.8009610129267042, 0.09496045128621802, 0.9162574826218756, 0.9946845066424247, 0.4437101128215383, 0.9838314334551842, 0.0335164989167496, 0.9440018953451723, 0.928346874413477, 0.1841674312763336, 0.8050236773225097, 0.6441790298399104, 0.8819030453644506, 0.02896634347253592, 0.5817659509449531, 0.9761340337662245, 0.9707997486111853, 0.38433930264024024, 0.6351496894006435, 0.23532600067022946, 0.970490928760714, 0.9980044620777838, 0.08189489355731894, 0.10036727752051619, 0.439827999331431, 0.8184213123341868, 0.8913984651159872, 0.0009754679392493002, 0.6593066460905318, 0.7441093104392675, 0.5430359005580819, 0.971274843618202, 0.41886704560796034, 0.053210786976409914, 0.426759694251021, 0.15436658387629715, 0.29012336046212894, 0.020879281191720046, 0.7772705374017855, 0.9293305280966586, 0.04178569258935509], BATTLES: 273-133-209-403-260-312-387-266-301-
42, 8, -2647.0, [0.0008145423344264706, 0.9511699352200871, 0.3286649501450159, 0.9968103192192654, 0.8988713316914351, 0.8673877267599663, 0.9909473373756814, 0.23973224618560754, 0.8510910291487295, 0.9996614824831265, 0.4816649959301979, 0.596611398996174, 0.008904110788158653, 0.1028194514961193, 0.3897720091225067, 0.30257931577115904, 0.9424969661612257, 0.03638411260060666, 0.4611765051152461, 0.04118830992072697, 0.002200272660572322, 0.0002278442011634245, 0.4229106743516302, 0.1029064917880882, 0.9229321360638858, 0.9868795631410304, 0.7244055198029886, 0.9531641418730549, 0.03581668707324152, 0.9505934816696862, 0.966892934392837, 0.16459013733569106, 0.8647131709309377, 0.38204564529931984, 0.9117277723696987, 0.02869180827359695, 0.5227504157192995, 0.9849010889527369, 0.9873782257793975, 0.42406647075913567, 0.7397989624258923, 0.00013164419672442862, 0.9719930523667949, 0.9502766266852357, 0.08604120866744153, 0.031976694137326026, 0.6144653988439266, 0.7596694189097111, 0.491333920690206, 0.01415603038837479, 0.625958108954478, 0.9997355234801742, 0.1074900741404422, 0.9758540173665309, 0.8505620183507681, 0.1372005042897282, 0.3523727313826175, 0.05668543095288854, 0.0010349536572872298, 0.05946650545232863, 0.9524601432997448, 0.8078823990353792, 0.08110395600815726], BATTLES: 306-161-212-416-293-311-366-267-290-
42, 9, -2613.0, [0.03927156253914232, 0.9200001221540799, 0.22071062739284578, 0.977141906899691, 0.9020699538682261, 0.4572668090542904, 0.953737638689841, 0.4185858316326223, 0.7069147516122105, 0.9715025973720649, 0.6595654057036662, 0.36425746646768903, 0.30868750999809336, 0.08856488562205131, 0.35914800619668064, 0.5397496735426908, 0.9752920305535564, 0.212256265430592, 0.20006661841112794, 0.024482904736975127, 0.055562915709127296, 0.007072622224158908, 0.6422836324191556, 0.09161734995630377, 0.9373100998796383, 0.9868649988584083, 0.7653001554855557, 0.9105423414732203, 0.08280625856349508, 0.9353150324688744, 0.9026415166792946, 0.18590201658272495, 0.734158638425363, 0.5990911604325043, 0.9373433746387376, 0.030116434028608245, 0.721928027900764, 0.9790546811606556, 0.9686816705652195, 0.36697894689001537, 0.71608074925127, 0.12683322045573617, 0.9997984258883361, 0.9472537531718717, 0.03985192881677731, 0.0540930803556886, 0.6518418721923442, 0.7672508580613395, 0.6319039389713174, 0.0017422268576738913, 0.7576480033504693, 0.7507469493153439, 0.38083015627378863, 0.9755337468703436, 0.8264099948052767, 0.08657340171690563, 0.5576246983847847, 0.16928867048295393, 0.628111911462789, 0.07300225448340754, 0.781425723237961, 0.9323861843314892, 0.09989086703894495], BATTLES: 282-163-210-433-292-305-368-261-299-
42, 10, -2583.0, [0.019498672240228797, 0.9125542853726648, 0.30790855486727076, 0.9883016885344498, 0.9479787600691058, 0.45883791365044335, 0.9639013481668828, 0.5825443456753686, 0.8145427734835722, 0.9886173462191432, 0.6538505756230174, 0.2699202981460776, 0.1539425138492972, 0.018304874033610703, 0.0011519993755045484, 0.02803534696455029, 0.9894557750104453, 0.07793850740415974, 0.07544593912653666, 0.004985604936700564, 0.16670441526625948, 0.00020806952537367682, 0.6893138584352502, 0.20382767513336525, 0.9701246685569422, 0.9729505346820813, 0.6162578402419269, 0.9551249880222513, 0.04192503907821722, 0.9543836597908087, 0.8412526568785132, 0.2411245787044946, 0.4953693368144669, 0.8649726489054008, 0.7271519812523467, 0.006807306661928307, 0.6641478440039199, 0.9854649321698215, 0.9473694238168371, 0.3119993301301255, 0.777761308445206, 0.05582482647107428, 0.9672622619602999, 0.8450797962376113, 0.03582127027998951, 0.0709501537614969, 0.695224144794206, 0.7585381772142188, 0.5158104643355322, 0.0028641305770897053, 0.6756098671281872, 0.8344071601329498, 0.09027970622994333, 0.9868068468650948, 0.993750342226188, 0.048507026204086055, 0.3914211325898035, 0.017400465504182137, 0.3651290782127403, 0.017047083480507146, 0.8129068369788576, 0.7943563224868728, 0.07791847333536418], BATTLES: 301-178-215-438-287-286-343-243-292-
42, 11, -2633.0, [0.015659300428299182, 0.9650797310203534, 0.20799810850025652, 0.9686817937346407, 0.9320594699175156, 0.8918144976989217, 0.9680906070527776, 0.48887789471806786, 0.649724504037703, 0.9693866094276574, 0.5769632960570079, 0.4863776424986652, 0.016629993034584116, 0.03166790146751437, 0.061925368571423875, 0.42801885101793935, 0.9418874830757629, 0.2790308995708087, 0.0447070853325279, 0.004330878709639878, 0.09768038292461612, 0.0003434013850728097, 0.7104408254741656, 0.16232515971096148, 0.8774555921151822, 0.995530205229064, 0.5049664536172042, 0.9212886448411701, 0.022397705059343024, 0.9918768640638533, 0.9098977408398214, 0.12351667616750112, 0.6082445745127537, 0.9370733250233332, 0.8210653856843394, 0.008969649842931002, 0.7416740865698396, 0.9813149042922537, 0.9962911970526682, 0.381708302171598, 0.6016471805516106, 0.04233162848076262, 0.9708063030037785, 0.8745005244830582, 0.06669983559476822, 0.0617182449886104, 0.5991575069786034, 0.7857361987716764, 0.7991978720963553, 0.0015795284260004352, 0.565899672348665, 0.9438243599937596, 0.5655559860888945, 0.991450064184064, 0.9553461136706747, 0.03840355554298496, 0.31766179404050054, 0.0635232281293022, 0.26833173515027986, 0.08323316248527395, 0.8513762039608627, 0.8416512376691156, 0.10292268149460178], BATTLES: 276-163-203-415-272-282-350-251-306-
42, 12, -2636.0, [0.014145022244652526, 0.9817068387245939, 0.17835371542970896, 0.9914508870146572, 0.9241192385040132, 0.7328561599039539, 0.9802726704298584, 0.34595295422499417, 0.8377571378479484, 0.9890678469851474, 0.7555806615697946, 0.8121083657711393, 0.024042950458590805, 0.04488609287591876, 0.01264846207890557, 0.19713860681262693, 0.9396223675408785, 0.19496147070944445, 0.6628259477487988, 0.002855592224902172, 0.07345589548072812, 0.003055247739549808, 0.5408492320112825, 0.1635400764439109, 0.9146746375250162, 0.9975699933719847, 0.6165840979103157, 0.9414531216527686, 0.06421479669163262, 0.9308835248450333, 0.9536655595054138, 0.22277318825103085, 0.8055502444338669, 0.8042752570680586, 0.8795466932466683, 0.0013773840858879536, 0.7681854932890274, 0.9878943211687555, 0.9678634699842827, 0.25886717325844033, 0.5045615160487439, 0.09071980915058667, 0.9945465292094743, 0.9845689248366781, 0.0694117799357042, 0.07348647187848599, 0.48681886358944115, 0.7819831161638328, 0.8030946175176794, 0.003428695616904611, 0.5921948993197077, 0.9893199298269536, 0.6086226177643741, 0.9703700417535024, 0.7233591338745516, 0.06413789321384532, 0.6131753688106495, 0.058382403647497395, 0.1935306640397004, 0.01860075903203561, 0.9177146054450099, 0.8262395329045911, 0.030693121034970794], BATTLES: 304-159-216-408-287-293-385-292-292-
42, 13, -2612.0, [0.04082497727262831, 0.9621409570593499, 0.22216473999099612, 0.9888616182345474, 0.9291508803600043, 0.6043647255516844, 0.9735556282644112, 0.32447411126907355, 0.8263628004241972, 0.9702786514587824, 0.6621955396665667, 0.37526690344769137, 0.18383497801207466, 0.12362878902880045, 0.018520430822527457, 0.5777181580152164, 0.9971699124305242, 0.04122035204674972, 0.05543940767525585, 0.023127522790729056, 0.17095694625047286, 0.005242374763535489, 0.5602725254863158, 0.06548481023528796, 0.9466906915431097, 0.9833936518712221, 0.5535320843957333, 0.8518312828814723, 0.003618458319750932, 0.946684106006507, 0.8998459491327365, 0.06751410697163052, 0.6675229490384751, 0.9683776665248631, 0.7324903988179736, 0.011850354933691591, 0.7694846940797815, 0.9933559062692257, 0.9643435312519791, 0.31881839653605565, 0.6514398364391013, 0.00840468539865287, 0.9478846323368232, 0.8840013002003513, 0.06097125899874452, 0.03723330748358914, 0.5162187958969257, 0.7808597342239496, 0.6470681181656949, 0.015326895448928464, 0.587982502405391, 0.883424774565203, 0.27706434422264153, 0.9856595010057615, 0.7903530486167041, 0.07089624519473293, 0.25296987830455014, 0.11942715659888879, 0.09874106242799885, 0.04392685608717288, 0.8724209469011953, 0.6583144785170664, 0.01246683241853306], BATTLES: 286-141-208-402-294-283-385-297-316-
42, 14, -2669.0, [0.025867479369094185, 0.917870878850525, 0.3400927911961296, 0.9951012516217645, 0.9305250939968701, 0.6904259175103018, 0.9962196141152778, 0.13252954869826583, 0.922359759534288, 0.9971448773123635, 0.6377204648799542, 0.4836699509945564, 0.07828264561813851, 0.09375784746842714, 0.3623444286748255, 0.46734741647963535, 0.9371568126620388, 0.15000915955562913, 0.538403767364146, 0.020602287288757733, 0.12369403740605364, 0.003364431181098968, 0.2733328844287723, 0.041337346515138, 0.9557370778406211, 0.9998052616427732, 0.7523829901200567, 0.9357138924330338, 0.07835082214682197, 0.902001909173633, 0.9626596916349823, 0.16658942974293198, 0.9642056385525478, 0.6033061819602045, 0.9147524273729378, 0.012807262857011713, 0.6758002813375281, 0.9770791167762839, 0.9996488584670967, 0.2930775521240818, 0.6406639091891853, 0.014215712622170015, 0.9945306718782622, 0.925342592641226, 0.08115771062052998, 0.0015926012656938965, 0.5370908922789382, 0.7573516163036147, 0.649930021131113, 0.0004369210943241603, 0.7154259615192268, 0.9940652328948043, 0.1325557405511465, 0.9776345522674623, 0.7988617849192959, 0.11038375756238514, 0.5360122289938053, 0.09262394663197797, 0.12216683411283857, 0.0390836504017581, 0.8638242186699717, 0.8066559004478484, 0.09802778018878555], BATTLES: 291-182-207-410-293-300-383-266-284-
43, 0, -2624.0, [0.016449191186081794, 0.9408315607959717, 0.2368912999745384, 0.9836154976193875, 0.8898901190104844, 0.4183185277082777, 0.9890814666930127, 0.36248018399196125, 0.7983196280324718, 0.9844289867390928, 0.7677350596209196, 0.12118843743107077, 0.018293390559960723, 0.007439416456342898, 0.2647801800964092, 0.6654991543503981, 0.9339350778474728, 0.05755733112776275, 0.2596989813727385, 0.022636660350487756, 0.11812702524485295, 0.00613955430024297, 0.6843546101604641, 0.11652862539080462, 0.9369485149682817, 0.9829888420517527, 0.8797388776293535, 0.9147677237961701, 0.07137409921140701, 0.9621921882824394, 0.9122182498225782, 0.1469434825012606, 0.9316575233329532, 0.8449742483612911, 0.8051015856065425, 0.014768499402477485, 0.5646167582745912, 0.9876250702740639, 0.9283022201498715, 0.38250752827298257, 0.44925431984755826, 3.3436384919732776e-05, 0.9593938317493922, 0.9642328223017478, 0.0650930820906523, 0.015768754000878748, 0.6688481694570141, 0.7653915228075246, 0.6233466296757643, 0.0012141564379537693, 0.5990782583168993, 0.8290338413114089, 0.16671083109097523, 0.9795823999723892, 0.6534668466199101, 0.1207798595362663, 0.5503724900556061, 0.10854895564111301, 0.32280003702608706, 0.026031320519143544, 0.9239660379163276, 0.8726168855874115, 0.09886396762548358], BATTLES: 286-178-197-399-272-297-360-257-284-
43, 1, -2588.0, [0.033299329912603336, 0.9289059878312269, 0.12328017858436516, 0.9822858742368141, 0.9426280149458636, 0.9134072876719882, 0.9977850672649272, 0.09745802554409641, 0.9288758172991461, 0.95293569492, 0.5265538523075739, 0.41684191222591854, 0.2782801275404329, 0.035675185231754517, 0.1232791366806297, 0.39168512763459484, 0.9475527880572439, 0.17643452108332533, 0.35110833563359223, 0.029257419473843256, 0.036347525195510814, 0.0023445385340648953, 0.5477097082959512, 0.07474265031545456, 0.9159349305481382, 0.9987023817274898, 0.6427260205959755, 0.8202741398376698, 0.007089576205203674, 0.9635268025485464, 0.9805404966033293, 0.004304166387513769, 0.770694317427623, 0.6891879619001599, 0.6791780421870064, 0.008238100553581961, 0.6354212235658306, 0.98077798027351, 0.9857462834574687, 0.3161471622319482, 0.5441064981804941, 0.09025927638864284, 0.9182994515788695, 0.9122707947170855, 0.07607700334466852, 0.1523687544314755, 0.4534629587098944, 0.8039473037537864, 0.9751831983335099, 0.002058942454002275, 0.4103634565287416, 0.9989855939021091, 0.33949185563510886, 0.9793886900088457, 0.654659164502973, 0.10373833041474485, 0.3570832242118541, 0.2703489989663425, 0.12729696908627902, 0.05349695652007397, 0.8713331480091058, 0.8229420145035956, 0.14644981241692395], BATTLES: 272-153-197-406-280-311-375-282-301-
43, 2, -2707.0, [0.02336563516230372, 0.9469967848592961, 0.16992289575895123, 0.9927421675101953, 0.8790335948681176, 0.7161206298387629, 0.9879235919214232, 0.17740952744119945, 0.7758428479549502, 0.9726705245637128, 0.5604478192204825, 0.4855562794333502, 0.15954696375814503, 0.16228874203147964, 0.21133379927747253, 0.48972772261522474, 0.9426935674377636, 0.13350822275742463, 0.17504839661836624, 0.029275052857364196, 0.06336628513659197, 0.006468937372623887, 0.8492878694727598, 0.04954312728445255, 0.9615963028387634, 0.9881459698601915, 0.577378733117931, 0.8545608642200355, 0.05731675138098027, 0.9130993899924088, 0.9829554333278849, 0.1551529241434423, 0.8787257495089467, 0.7234513914916705, 0.7473101838896888, 0.03405763622360679, 0.626418384477932, 0.9678296314980032, 0.9331971829718262, 0.3524806756856504, 0.6161279790709213, 0.24072274631451032, 0.9798542098863101, 0.9559726836606817, 0.0704499361549352, 0.0616401227192147, 0.6238663730430404, 0.7744212005952812, 0.7498764618080975, 0.0003621471798441484, 0.9609295107035034, 0.8928201307794398, 0.057234284333550836, 0.9759781026608241, 0.8768121442154543, 0.13378558495598927, 0.6260694097593984, 0.0978740438671835, 0.4607486122804769, 0.08291968070755174, 0.6892437358094369, 0.7962358431998238, 0.06457198575618066], BATTLES: 297-192-226-422-308-311-365-270-297-
43, 3, -2582.0, [0.006388284200912826, 0.9457374256507878, 0.18158566436552329, 0.9753339395699199, 0.900671739521253, 0.7864700633620199, 0.989934693906554, 0.1663065265077005, 0.7317343720483598, 0.9979568315132367, 0.7049932238083055, 0.20053534716214322, 0.2892927239786129, 0.013945695520376736, 0.18621229347500867, 0.6746270441402584, 0.9744429401747084, 0.00014937484443387772, 0.07551968558452687, 0.005782849723206564, 0.06984495255482775, 0.0034177611253726993, 0.7309840167020595, 0.03201706917753991, 0.9147752956768871, 0.9906935511728988, 0.5199106959318173, 0.9295313499298019, 0.027792301009152552, 0.9574851977940613, 0.8435954346053166, 0.1621597355114896, 0.8266793851750647, 0.9418183105003298, 0.8594419599515926, 0.010502470460569058, 0.6670020212815073, 0.9985828490785891, 0.9960950365253882, 0.2979397523040967, 0.5623847976046328, 0.030218672680100183, 0.9553617007388987, 0.9865770684155415, 0.06031054174303723, 0.047186366070753286, 0.5874548830746297, 0.7537715589044927, 0.3829973934007791, 0.01266631182238398, 0.7145125996194089, 0.7696522307912308, 0.38149577131326273, 0.983102579221499, 0.9522344512225595, 0.09500333952032497, 0.2697046899102792, 0.021830858505404983, 0.4780475973509998, 0.012561620110101682, 0.8735386025641569, 0.7741964669818182, 0.0764969063351214], BATTLES: 314-182-211-411-274-280-354-273-283-
43, 4, -2615.0, [0.00625327920264767, 0.9189820415279722, 0.19776060374934704, 0.9396124649468613, 0.9367574623793214, 0.46279857222391063, 0.9542037956351689, 0.23070220153658738, 0.8164405047555022, 0.9526211955624192, 0.49075903730895076, 0.5112145744074853, 0.1225204658885038, 0.0594567394310961, 0.12412797539643786, 0.46538434664202544, 0.9813714826994931, 0.28782804062037926, 0.32375363131265456, 0.0275868146113884, 0.14284968588365626, 0.00024480595020565446, 0.43904126693088347, 0.08332139485671004, 0.9015794023932459, 0.9961988016079324, 0.7342067814991051, 0.8210402020453877, 0.11210712318345165, 0.913852831503371, 0.9159433879157732, 0.15337679255386144, 0.8072290068023313, 0.6880839430478276, 0.7358844243034011, 0.029359582603154813, 0.7724259644680479, 0.9879488572550977, 0.9505213181649252, 0.31931577473741807, 0.5812608934434578, 0.038455858526110644, 0.9377956772157927, 0.9736642920256083, 0.07136558468622489, 0.0789952829627679, 0.6118226134537965, 0.7762959776188747, 0.7143901096686109, 0.010220178045380144, 0.8663647920047289, 0.7978177027904547, 0.4433870428787433, 0.9736741517452929, 0.7909127412786199, 0.1269841419458674, 0.45064075820756033, 0.02121853280637163, 0.30764282561552303, 0.07610714927342446, 0.8232263071767361, 0.7224343784806649, 0.04940359207562766], BATTLES: 296-186-216-396-296-298-346-290-291-
43, 5, -2664.0, [0.015825949105975602, 0.9450365938354587, 0.38578807887268585, 0.9903088169811864, 0.9269510651937725, 0.5184753286562299, 0.9930162743991838, 0.3015965751679353, 0.8475119672725657, 0.9533348793987042, 0.5937851926293717, 0.22541873757102432, 0.232006655991506, 0.07163989916142302, 0.31466246465416525, 0.3426098216478962, 0.9669877629878663, 0.1929070011655375, 0.35823944435096977, 0.03866911059923248, 0.08212134971528434, 0.0019184299704545162, 0.3354822400138014, 0.10509589313412421, 0.9072674129751751, 0.9963371599152054, 0.4737049932355242, 0.8054428123720632, 0.040234319685409276, 0.9481624727476854, 0.896940307037659, 0.18954181355005137, 0.8335518233908654, 0.5692490433021267, 0.8050257639756, 0.011256984742861988, 0.7077509848936702, 0.9750083939573133, 0.9517277404536718, 0.36077160172084716, 0.787567801040919, 0.03344681075036833, 0.9814609081183728, 0.9599054785710599, 0.043049697844679456, 0.009656333367039718, 0.54316856997275, 0.7460663977532375, 0.8711398990890837, 0.0002809780286237313, 0.6438179029833242, 0.8404488444409164, 0.0006757774039297115, 0.9782929962813651, 0.8996942431275257, 0.08685709914252635, 0.41129681540328067, 0.15082031406950386, 0.23354565481265938, 0.07578561138566203, 0.8436583285096241, 0.7658526841959533, 0.02527921363470028], BATTLES: 268-168-213-431-293-304-397-307-283-
43, 6, -2638.0, [0.03516162136389241, 0.9643373352330398, 0.34333491607951333, 0.9967968362933278, 0.9224912767229471, 0.7646758494635882, 0.9826768914963282, 0.1555945983767698, 0.8089585279602507, 0.9726468139653432, 0.4909334775982621, 0.30337636725571204, 0.14980421451140363, 0.11823608642762709, 0.3253844827455877, 0.5865531309791768, 0.9789643564141625, 0.17109954703800137, 0.1561524744440829, 0.05197973391625678, 0.09738919425483847, 0.00028532208251207916, 0.5386971955261604, 0.022263806246672513, 0.9469142469093227, 0.9912637118266913, 0.4480886638675308, 0.8653036476578032, 0.02477876106657404, 0.9325440363179875, 0.9342519951799463, 0.17416516914628838, 0.8081010901780534, 0.9600624642879304, 0.8678843470017081, 0.002652714520537504, 0.7441483228751464, 0.9849747839375219, 0.9694187589803689, 0.4206927770624591, 0.615008459730772, 0.20362310924492405, 0.9638375885205426, 0.922680483282799, 0.07763924905743895, 0.03295635706004901, 0.5467802787741879, 0.7883868428804909, 0.7607391919795043, 0.009309476533525953, 0.5762092281734335, 0.9311929478503143, 0.16668372445064214, 0.9835411392771477, 0.9079466097926658, 0.12381705383426062, 0.28767142140000873, 0.10347304642870897, 0.1272794292504771, 0.11993612863177622, 0.8746487981743202, 0.663521800038829, 0.017977971845463042], BATTLES: 278-154-207-407-311-309-388-290-294-
43, 7, -2615.0, [0.04895496829098969, 0.9264718349256785, 0.2965263408918712, 0.9847547848399116, 0.9569258996229909, 0.5022458833163785, 0.9714815637171514, 0.18925819384277304, 0.6844773159031341, 0.9814513089137464, 0.3576607599920275, 0.6600347704831113, 0.30103748101849437, 0.1290879282543931, 0.1445858098002784, 0.5070977581806406, 0.9570558074577401, 0.15214371139949856, 0.2903051532573029, 0.022919486249792856, 0.11811111230884845, 0.002730773213792147, 0.8009610129267042, 0.08455541363129644, 0.9162574826218756, 0.9946845066424247, 0.4437101128215383, 0.9302797969255601, 0.0335164989167496, 0.9440018953451723, 0.928346874413477, 0.1841674312763336, 0.9026108922436599, 0.6441790298399104, 0.8819030453644506, 0.02896634347253592, 0.5817659509449531, 0.9761340337662245, 0.9707997486111853, 0.38433930264024024, 0.631626436988006, 0.23532600067022946, 0.9742429631929322, 0.9980044620777838, 0.07725260459579414, 0.10036727752051619, 0.439827999331431, 0.8184213123341868, 0.8047984728376398, 0.0009754679392493002, 0.8629608874196609, 0.8026440690264756, 0.3010112336343948, 0.9753596139944668, 0.5940062304849065, 0.09236846161707908, 0.426759694251021, 0.15436658387629715, 0.23397526485919262, 0.04295427086310513, 0.7772705374017855, 0.7349423269896186, 0.04178569258935509], BATTLES: 279-151-178-404-249-305-379-302-296-
43, 8, -2655.0, [0.0008145423344264706, 0.9511699352200871, 0.3286649501450159, 0.9968103192192654, 0.8988713316914351, 0.8673877267599663, 0.9909473373756814, 0.23973224618560754, 0.8510910291487295, 0.9996614824831265, 0.4816649959301979, 0.596611398996174, 0.008904110788158653, 0.1028194514961193, 0.3897720091225067, 0.30257931577115904, 0.9424969661612257, 0.03638411260060666, 0.4611765051152461, 0.04118830992072697, 0.002200272660572322, 0.0002278442011634245, 0.4229106743516302, 0.1029064917880882, 0.9229321360638858, 0.9868795631410304, 0.7244055198029886, 0.9531641418730549, 0.03581668707324152, 0.9505934816696862, 0.966892934392837, 0.16459013733569106, 0.8647131709309377, 0.38204564529931984, 0.9117277723696987, 0.02869180827359695, 0.5227504157192995, 0.9849010889527369, 0.9873782257793975, 0.42406647075913567, 0.7397989624258923, 0.00013164419672442862, 0.9719930523667949, 0.9502766266852357, 0.08604120866744153, 0.031976694137326026, 0.6144653988439266, 0.7596694189097111, 0.491333920690206, 0.01415603038837479, 0.625958108954478, 0.9997355234801742, 0.1074900741404422, 0.9758540173665309, 0.8505620183507681, 0.1372005042897282, 0.3523727313826175, 0.05668543095288854, 0.0010349536572872298, 0.05946650545232863, 0.9524601432997448, 0.8078823990353792, 0.08110395600815726], BATTLES: 299-193-214-414-298-293-367-275-302-
43, 9, -2654.0, [0.03927156253914232, 0.9200001221540799, 0.22071062739284578, 0.977141906899691, 0.9020699538682261, 0.4572668090542904, 0.953737638689841, 0.4185858316326223, 0.7069147516122105, 0.9715025973720649, 0.6595654057036662, 0.36425746646768903, 0.30868750999809336, 0.08856488562205131, 0.35914800619668064, 0.5397496735426908, 0.9752920305535564, 0.212256265430592, 0.20006661841112794, 0.024482904736975127, 0.055562915709127296, 0.007072622224158908, 0.6422836324191556, 0.09161734995630377, 0.9373100998796383, 0.9868649988584083, 0.7653001554855557, 0.9105423414732203, 0.08280625856349508, 0.9353150324688744, 0.9026415166792946, 0.18590201658272495, 0.734158638425363, 0.5990911604325043, 0.9373433746387376, 0.030116434028608245, 0.721928027900764, 0.9790546811606556, 0.9686816705652195, 0.36697894689001537, 0.71608074925127, 0.12683322045573617, 0.9997984258883361, 0.9472537531718717, 0.03985192881677731, 0.0540930803556886, 0.6518418721923442, 0.7672508580613395, 0.6319039389713174, 0.0017422268576738913, 0.7576480033504693, 0.7507469493153439, 0.38083015627378863, 0.9755337468703436, 0.8264099948052767, 0.08657340171690563, 0.5576246983847847, 0.16928867048295393, 0.628111911462789, 0.07300225448340754, 0.781425723237961, 0.9323861843314892, 0.09989086703894495], BATTLES: 302-162-209-446-297-282-379-293-284-
43, 10, -2600.0, [0.009749336120114398, 0.976622267321947, 0.38542475177678936, 0.9883016885344498, 0.9479787600691058, 0.6647650378629285, 0.9787865394401698, 0.3571512245839288, 0.8145427734835722, 0.9943086731095716, 0.6538505756230174, 0.05599287746178283, 0.08745861346883146, 0.06359094628358807, 0.017460654014647303, 0.02803534696455029, 0.9894557750104453, 0.07793850740415974, 0.07544593912653666, 0.002492802468350282, 0.16670441526625948, 0.00010403476268683841, 0.826227283890377, 0.19129822236156424, 0.8762619672484191, 0.9864752673410406, 0.7949950479240937, 0.9551249880222513, 0.02096251953910861, 0.9543836597908087, 0.916309836844885, 0.20797469791730583, 0.763604032486402, 0.9659131655231301, 0.7347776016614105, 0.0034036533309641536, 0.5636701488164825, 0.9927324660849107, 0.9736847119084185, 0.512925531801404, 0.777761308445206, 0.05582482647107428, 0.9672622619602999, 0.8423515726001005, 0.0730437748045268, 0.03547507688074845, 0.695224144794206, 0.7585381772142188, 0.5822707871824958, 0.0004648386587635673, 0.6756098671281872, 0.9172035800664748, 0.00036898318141841135, 0.9924071604348297, 0.996875171113094, 0.048507026204086055, 0.3914211325898035, 0.008700232752091069, 0.09102944782893276, 0.017047083480507146, 0.8948848045301114, 0.7696026670108946, 0.12405077168526252], BATTLES: 282-167-205-423-293-289-378-271-286-
43, 11, -2638.0, [0.015659300428299182, 0.9650797310203534, 0.20799810850025652, 0.9981562570090915, 0.9320594699175156, 0.8918144976989217, 0.9680906070527776, 0.2337155448011714, 0.649724504037703, 0.9693866094276574, 0.6369347845763659, 0.4863776424986652, 0.016629993034584116, 0.03166790146751437, 0.061925368571423875, 0.42801885101793935, 0.9418874830757629, 0.2790308995708087, 0.12282140227504534, 0.002165439354819939, 0.09768038292461612, 0.005972161943172625, 0.7104408254741656, 0.06628092921040378, 0.9474036979744925, 0.995530205229064, 0.8457279728751329, 0.9212886448411701, 0.022397705059343024, 0.9918768640638533, 0.9098977408398214, 0.12351667616750112, 0.6082445745127537, 0.9370733250233332, 0.8239125394844958, 0.008969649842931002, 0.7416740865698396, 0.9813149042922537, 0.9962911970526682, 0.381708302171598, 0.6016471805516106, 0.02116581424038131, 0.9525320762177482, 0.8745005244830582, 0.06669983559476822, 0.0617182449886104, 0.538105032932746, 0.7857361987716764, 0.7991978720963553, 0.0015795284260004352, 0.565899672348665, 0.9438243599937596, 0.5655559860888945, 0.9929401811244203, 0.9553461136706747, 0.03840355554298496, 0.31766179404050054, 0.0635232281293022, 0.17900056181472287, 0.04161658124263697, 0.8513762039608627, 0.6583612252583765, 0.07950437946796315], BATTLES: 276-185-216-396-299-299-370-255-308-
43, 12, -2628.0, [0.009018207758395015, 0.9489049192687851, 0.17835371542970896, 0.9883747931121284, 0.9241192385040132, 0.35174168208118034, 0.9802726704298584, 0.19597858132413382, 0.8377571378479484, 0.9945339234925736, 0.49304515236946017, 0.8121083657711393, 0.059154706045676395, 0.014349744603708678, 0.48107505363281905, 0.357619734477627, 0.9414376553406355, 0.19496147070944445, 0.6628259477487988, 0.001427796112451086, 0.07345589548072812, 0.001527623869774904, 0.5408492320112825, 0.1635400764439109, 0.9075335878984592, 0.9975699933719847, 0.8082920489551578, 0.9414531216527686, 0.027907989730787473, 0.9462067975192415, 0.9827755956175118, 0.2211990256539035, 0.9027751222169335, 0.8042752570680586, 0.7820534860125206, 0.019812059743696174, 0.43681392432871985, 0.9765486977803162, 0.9678634699842827, 0.25886717325844033, 0.5728108920529036, 0.09071980915058667, 0.9945465292094743, 0.9524312359105194, 0.0694117799357042, 0.07348647187848599, 0.48681886358944115, 0.7804767928456617, 0.5023583571028956, 0.003428695616904611, 0.4999246298466605, 0.9893199298269536, 0.6086226177643741, 0.9799496515322653, 0.8265461524475016, 0.06413789321384532, 0.35295928480303496, 0.029191201823748698, 0.1937804272431487, 0.009300379516017806, 0.9594134532282698, 0.9564082898093527, 0.09810400305775832], BATTLES: 305-169-193-396-300-303-371-264-320-
43, 13, -2594.0, [0.04082497727262831, 0.9621409570593499, 0.22216473999099612, 0.9959289505714901, 0.8864567344879511, 0.4177532291246631, 0.9735556282644112, 0.32447411126907355, 0.8263628004241972, 0.9851393257293912, 0.6572213870093145, 0.27412964262618084, 0.3200641711785929, 0.08145318891194574, 0.018520430822527457, 0.6528973202813562, 0.9971699124305242, 0.04122035204674972, 0.05543940767525585, 0.011563761395364528, 0.07599024994356354, 0.005242374763535489, 0.5725783619718386, 0.05849608637630062, 0.9466906915431097, 0.9833936518712221, 0.7767660421978666, 0.8518312828814723, 0.003618458319750932, 0.946684106006507, 0.9261524519042884, 0.1191808355741627, 0.8695632606703951, 0.4954905337011781, 0.9831509266391733, 0.011850354933691591, 0.627282121405346, 0.972377528453887, 0.9643435312519791, 0.31881839653605565, 0.6514398364391013, 0.004202342699326435, 0.9899202984001271, 0.8840013002003513, 0.0409609315205777, 0.03723330748358914, 0.5162187958969257, 0.7808597342239496, 0.6470681181656949, 0.007663447724464232, 0.7939912512026954, 0.883424774565203, 0.197690550116504, 0.9856595010057615, 0.8441744858489774, 0.07278797408214686, 0.25296987830455014, 0.155242568074894, 0.09874106242799885, 0.04392685608717288, 0.8724209469011953, 0.8327523352883103, 0.13544898123506696], BATTLES: 290-139-198-409-289-289-386-289-290-
43, 14, -2613.0, [0.029358057026434126, 0.9339036896481188, 0.3400927911961296, 0.9975506258108823, 0.914480025945288, 0.6612973186755808, 0.9962196141152778, 0.08195988778605606, 0.918564329393871, 0.9985724386561817, 0.6424522407159008, 0.35014422796747946, 0.04260043288201384, 0.08627271323640073, 0.3680015102292162, 0.5358568620127708, 0.9371568126620388, 0.09088061268080577, 0.5164746127880494, 0.017875776421158604, 0.09189698147780559, 0.005382502435510819, 0.3411697617786324, 0.025043515317675846, 0.967845718471783, 0.9998052616427732, 0.8022060058545447, 0.9357138924330338, 0.06440584266644572, 0.902001909173633, 0.9626596916349823, 0.16658942974293198, 0.982102819276274, 0.5899819351151557, 0.90078894473507, 0.017208524726694006, 0.6046566530571953, 0.9735370786287683, 0.9996488584670967, 0.314763449880306, 0.6406639091891853, 0.001797983562601366, 0.9837578741109789, 0.9358636420966652, 0.08115771062052998, 0.0015926012656938965, 0.5566136315891275, 0.759090365832761, 0.6089559867056216, 0.0004369210943241603, 0.6121688700885919, 0.9818572024592449, 0.09490901492574322, 0.979657245214305, 0.7518070859607041, 0.1286035161881905, 0.570155457719418, 0.11525739880305257, 0.12216683411283857, 0.030851996052087244, 0.8638242186699717, 0.8066559004478484, 0.09802778018878555], BATTLES: 285-179-213-400-290-301-372-283-289-
