0, 0, -2086.0, [0.10414972453381255, 0.9588160660854926, 0.11605629131463058, 0.2942005646856938, 0.515447399267042, 0.6739857455241609, 0.867936331340664, 0.5583777165929057, 0.768655419693391, 0.5077405810267926, 0.2748886702417138, 0.11785422942039858, 0.03634263710364305, 0.8008947270606458, 0.6724191108221701, 0.41488180465575186, 0.3548038745200831, 0.7239635299682889, 0.41004520344418616, 0.15428563358197234, 0.5867754764364619, 0.8590653541332745, 0.07830297963474842, 0.7177383754934469, 0.4577730283280761, 0.6408352075192518, 0.0038568872064533855, 0.6692592567721942], BATTLES: 243-220-247-249-241-238-189-232-227-
0, 1, -871.0, [0.38700090662998554, 0.3903200949442446, 0.7213279426266278, 0.8336791979970682, 0.436812033812346, 0.783365411999693, 0.9888278554736777, 0.6451059465412365, 0.34022954060120336, 0.668275881646266, 0.29530485701911413, 0.7885567728267104, 0.5660226349977611, 0.4940811092717444, 0.4933008697301854, 0.16690002954607475, 0.1520784924709776, 0.7328225090486717, 0.4954748317421157, 0.4009893891744678, 0.3068972793001943, 0.5799324353061122, 0.7537852508483005, 0.9912337057546032, 0.7560331630818928, 0.8740699113140453, 0.8079682681143012, 0.42251350312815494], BATTLES: 94-58-74-133-91-103-106-103-109-
0, 2, -1213.0, [0.9934293232863615, 0.3767176981246265, 0.9336036508025624, 0.8419844227720948, 0.22089332475613843, 0.2268219811709904, 0.2978692931358867, 0.18043581392330632, 0.2269363571615549, 0.5884937877578158, 0.9988629352357098, 0.19561308716837733, 0.9046642028938328, 0.09181429898485194, 0.22459717766085174, 0.6647740786209099, 0.8127218690419926, 0.5951643404579297, 0.7253562973876141, 0.5748234844350363, 0.06411473659848643, 0.03529479454836226, 0.19374857107482446, 0.6455026545568681, 0.07586997338140566, 0.8313762286562284, 0.09987303688636728, 0.6365415062090941], BATTLES: 172-111-80-198-158-130-145-133-86-
0, 3, -1439.0, [0.8485667483554533, 0.6579815082479907, 0.504017200628006, 0.11179111630000449, 0.9396399736272081, 0.1621809402772445, 0.5669775693614133, 0.44986692544753115, 0.6451354158499417, 0.5759797854302091, 0.2046265954108012, 0.95635020784102, 0.6501737467250138, 0.4832590440029507, 0.4444688080142011, 0.16892798705080347, 0.9421126975658914, 0.6684205954930614, 0.4993568363400074, 0.4938255520311441, 0.9837144952327554, 0.9961273404085719, 0.18729138198787587, 0.052347857916113516, 0.16338600578429252, 0.2424028690240171, 0.3197225856381274, 0.6111030940960406], BATTLES: 140-146-148-181-167-143-185-181-148-
0, 4, -1299.0, [0.6067410488166357, 0.8526000726492828, 0.08039819852224195, 0.15798483211752667, 0.3031200040618073, 0.8129236880265105, 0.42137749720558904, 0.6075848306997668, 0.6223166272688806, 0.5439522994987442, 0.29790532741158005, 0.4024620799656723, 0.8957543105630409, 0.9229376627920023, 0.7555454434927545, 0.6665748299898052, 0.8598215722157538, 0.8771504081906663, 0.9888647898288516, 0.18604871731778538, 0.13654685398669542, 0.25128590239789905, 0.17725413384620214, 0.714175443402964, 0.5330711555005128, 0.5464632307220992, 0.18616252012561296, 0.20748138306994357], BATTLES: 112-85-145-173-129-131-187-155-182-
0, 5, -366.0, [0.7946069102839616, 0.5991790829186351, 0.7237034251167158, 0.07882508377797115, 0.06674706869597724, 0.3146513740957988, 0.8867534777053548, 0.3355410802957287, 0.10155970810386605, 0.009711169987029256, 0.6144183663521754, 0.8810442502738686, 0.3087801481846556, 0.03237714689697846, 0.6292023429129393, 0.7298070529766, 0.2555108041127656, 0.21791060081130798, 0.31412146764124327, 0.28509124908780326, 0.1160436525832883, 0.6745518884204067, 0.9949231482941708, 0.23832812788358748, 0.9732148585348213, 0.47116667755086816, 0.2688949282130638, 0.9657830491433477], BATTLES: 51-10-29-27-5-3-105-77-59-
0, 6, -1526.0, [0.9220825580418609, 0.5179274171325684, 0.19822524904580618, 0.9593879475881231, 0.9635929182927334, 0.027675915945879592, 0.6521490772936338, 0.2791047931347219, 0.5931464809562947, 0.008016618338896553, 0.34830275510872966, 0.036572077458914665, 0.6048345463677486, 0.34887881672513166, 0.6766466209939058, 0.027927860061562892, 0.7396107138261463, 0.7255730780396642, 0.020950961381010935, 0.7932456719901173, 0.42487942553623037, 0.22167190613466448, 0.2260491207627947, 0.6797639558336579, 0.35594339597506786, 0.4555971292745742, 0.28139995237666793, 0.13906444022758435], BATTLES: 149-156-113-208-193-140-186-197-184-
0, 7, -630.0, [0.03097385463196256, 0.428024454508002, 0.7974270841651847, 0.09119042206365968, 0.5840850235466208, 0.8344933093293966, 0.06097065037041216, 0.5764415797720007, 0.03395067363712523, 0.427715769821994, 0.06611410127693274, 0.845889186214547, 0.9448847632363041, 0.16332958397683084, 0.13108625068306734, 0.04455970575889001, 0.04977027125775979, 0.7484623485807195, 0.9063308912698128, 0.21686335113355026, 0.6839254332380528, 0.5033059183809699, 0.5441205683878381, 0.0844364820907173, 0.8691313206092915, 0.2734055470694108, 0.3919850701208947, 0.0696034603244694], BATTLES: 47-39-66-102-78-52-95-86-65-
0, 8, -464.0, [0.19483287266432459, 0.2831991868826327, 0.31509074043308893, 0.32629917272050857, 0.20740394017288355, 0.3711675166809858, 0.5408454746480444, 0.6873745286594213, 0.6875154457731878, 0.6969116173809603, 0.10852381332560757, 0.06938542303960737, 0.6935223781285194, 0.7205012269412495, 0.5246587016336435, 0.7963864278808365, 0.19065567938840022, 0.24381869716069726, 0.5905505465377134, 0.18618992554723035, 0.6500943313315194, 0.8492950711353733, 0.2246166477607513, 0.4608838494614226, 0.2625821036750636, 0.9694731814610339, 0.5760943435126061, 0.7748082910629629], BATTLES: 13-8-5-57-29-40-94-103-115-
0, 9, -1856.0, [0.8620750458198096, 0.07289528295612913, 0.44378401208797413, 0.235777452151814, 0.8045400400803935, 0.9142057295408567, 0.5425948572266771, 0.4114117388054612, 0.873108922435377, 0.09498710146254752, 0.6938332766303831, 0.8124797587753997, 0.7078748500470602, 0.12002118130733275, 0.12088403488860211, 0.98325105127591, 0.8333951900470462, 0.5828740612763996, 0.424242113295483, 0.5151882017128306, 0.02174111497974629, 0.28511108456707046, 0.39411040405569653, 0.13602906580029095, 0.8941546568287345, 0.8519108770179755, 0.5499296332538419, 0.617546819607134], BATTLES: 231-201-226-237-209-205-183-193-171-
0, 10, -1857.0, [0.14746660461291927, 0.04816876070070364, 0.1133319562086681, 0.8927365615351529, 0.5726662365792733, 0.4085065496855176, 0.9433421333484998, 0.6107868059413504, 0.45454873445340604, 0.9688006481548173, 0.6591622495671632, 0.9883007414924356, 0.7014230169119422, 0.7755561179942877, 0.30578838642227435, 0.49144190869808146, 0.4983813533974115, 0.16374077476821436, 0.4962175914464494, 0.2745734185074389, 0.5749162849195374, 0.6789941297392116, 0.8252268554570416, 0.24962784299959284, 0.26207933920840343, 0.8816447887872192, 0.45233529965558483, 0.27819003514525487], BATTLES: 208-204-217-241-226-219-166-182-194-
0, 11, -1601.0, [0.033678404738084255, 0.8833277397164729, 0.834359938677076, 0.737774550068153, 0.5555646456197892, 0.9854010775877969, 0.4407207966293958, 0.6825520606465456, 0.4101991173684001, 0.36782523102871756, 0.07342739478656135, 0.9852320666588976, 0.1192623187857782, 0.7802787248295021, 0.8660814195885883, 0.8916675122824504, 0.8228178596847211, 0.8354728086389089, 0.8668347251147328, 0.4338626617714165, 0.7010788964466361, 0.7319505895923222, 0.07224785162165925, 0.35876346361322686, 0.24142015223924929, 0.7021571417589061, 0.9025852783120143, 0.705722262582198], BATTLES: 204-133-186-204-178-196-157-183-160-
0, 12, -517.0, [0.4058980712021779, 0.7723553028287462, 0.7688367312680683, 0.8604320706422809, 0.7913607990831575, 0.2346611476329893, 0.9734419331632567, 0.8245506879013161, 0.168336828130069, 0.3524878205011758, 0.9000969656042382, 0.8371398647911032, 0.6077728160038588, 0.562741742533079, 0.8685249802620093, 0.1449211069873998, 0.009002315035340103, 0.44990959522583307, 0.6643751420579548, 0.23743348129709896, 0.3264032697457466, 0.6191123227826795, 0.5855593822986931, 0.10234974494914917, 0.7377250802864451, 0.3698695862678676, 0.8848549635995293, 0.24303761946239189], BATTLES: 50-41-29-66-44-32-113-79-63-
0, 13, -1415.0, [0.16483944076644408, 0.39146058873018874, 0.6354805968665284, 0.982059510119283, 0.10982279580768206, 0.7172119709620852, 0.9238469018755593, 0.042651273874636075, 0.7384842892250005, 0.25920922989901063, 0.13123627066740307, 0.6626148431755147, 0.340953983894948, 0.40468283578478614, 0.0936697347249511, 0.39137780260850785, 0.6798574548044467, 0.33935840027351827, 0.004608820074676889, 0.6684036271945711, 0.878963376871063, 0.843914507652253, 0.5126130404690585, 0.9162083084909793, 0.23768748234857817, 0.12926336356737034, 0.9131757595135882, 0.6163548443040633], BATTLES: 182-131-185-175-151-153-146-136-156-
0, 14, -1760.0, [0.7106017459378113, 0.5701976344340285, 0.4188492821729103, 0.9679839389938134, 0.8008241184389068, 0.44329031686363374, 0.9340717130366027, 0.02748721710950186, 0.6198138287593338, 0.6976380625298472, 0.5908794745127363, 0.7172659439312818, 0.324039265362141, 0.0936552672518427, 0.6854358003890872, 0.3002814430863022, 0.23177134129989974, 0.9893342577512488, 0.8232525001333456, 0.828491813839028, 0.9371562772981538, 0.2155745522802156, 0.36074456310335423, 0.516086369506326, 0.6338158048672216, 0.6617959453640649, 0.516919139712406, 0.10845463910189057], BATTLES: 204-190-191-216-201-178-202-197-181-
1, 0, -4111.0, [0.10414972453381255, 0.9588160660854926, 0.11605629131463058, 0.2942005646856938, 0.515447399267042, 0.6739857455241609, 0.867936331340664, 0.5583777165929057, 0.768655419693391, 0.5077405810267926, 0.2748886702417138, 0.11785422942039858, 0.03634263710364305, 0.8008947270606458, 0.6724191108221701, 0.41488180465575186, 0.3548038745200831, 0.7239635299682889, 0.41004520344418616, 0.15428563358197234, 0.5867754764364619, 0.8590653541332745, 0.07830297963474842, 0.7177383754934469, 0.4577730283280761, 0.6408352075192518, 0.0038568872064533855, 0.6692592567721942], BATTLES: 481-440-484-487-466-474-394-429-456-
1, 1, -1931.0, [0.38700090662998554, 0.3903200949442446, 0.7213279426266278, 0.8336791979970682, 0.436812033812346, 0.783365411999693, 0.9888278554736777, 0.6451059465412365, 0.34022954060120336, 0.668275881646266, 0.29530485701911413, 0.7885567728267104, 0.5660226349977611, 0.4940811092717444, 0.4933008697301854, 0.16690002954607475, 0.1520784924709776, 0.7328225090486717, 0.4954748317421157, 0.4009893891744678, 0.3068972793001943, 0.5799324353061122, 0.7537852508483005, 0.9912337057546032, 0.7560331630818928, 0.8740699113140453, 0.8079682681143012, 0.42251350312815494], BATTLES: 195-122-202-281-203-250-253-234-191-
1, 2, -2812.0, [0.9934293232863615, 0.5101029161521905, 0.7857675050672767, 0.9209922113860474, 0.22089332475613843, 0.6177339171228637, 0.2978692931358867, 0.18043581392330632, 0.2269363571615549, 0.5884937877578158, 0.8147828694864018, 0.19561308716837733, 0.5227976442870879, 0.09181429898485194, 0.22459717766085174, 0.6647740786209099, 0.8127218690419926, 0.6738609180799837, 0.7253562973876141, 0.5748234844350363, 0.06411473659848643, 0.03529479454836226, 0.19374857107482446, 0.4009143489053284, 0.07586997338140566, 0.8313762286562284, 0.4333381246526552, 0.4266073254575008], BATTLES: 338-238-186-386-307-259-293-287-184-
1, 3, -3088.0, [0.8485667483554533, 0.6579815082479907, 0.504017200628006, 0.11179111630000449, 0.969819986813604, 0.23864069025941037, 0.7542562645636067, 0.44986692544753115, 0.6451354158499417, 0.5759797854302091, 0.3454691317007109, 0.95635020784102, 0.6501737467250138, 0.4832590440029507, 0.4444688080142011, 0.16892798705080347, 0.9421126975658914, 0.9124989999012433, 0.4993568363400074, 0.4938255520311441, 0.9837144952327554, 0.9961273404085719, 0.18729138198787587, 0.45404605515418994, 0.33952868748863774, 0.2424028690240171, 0.3197225856381274, 0.34872195556609986], BATTLES: 296-300-269-364-351-275-357-380-314-
1, 4, -2735.0, [0.6067410488166357, 0.8526000726492828, 0.08039819852224195, 0.15798483211752667, 0.3031200040618073, 0.8129236880265105, 0.42137749720558904, 0.6075848306997668, 0.6223166272688806, 0.5439522994987442, 0.29790532741158005, 0.4024620799656723, 0.8957543105630409, 0.9229376627920023, 0.7555454434927545, 0.6665748299898052, 0.8598215722157538, 0.8771504081906663, 0.9888647898288516, 0.18604871731778538, 0.13654685398669542, 0.25128590239789905, 0.17725413384620214, 0.714175443402964, 0.5330711555005128, 0.5464632307220992, 0.18616252012561296, 0.20748138306994357], BATTLES: 228-194-302-331-297-307-406-339-331-
1, 5, -1656.0, [0.7946069102839616, 0.5991790829186351, 0.11115341343088525, 0.07882508377797115, 0.06674706869597724, 0.48645241683308554, 0.8461398464289434, 0.3355410802957287, 0.10155970810386605, 0.4154581241038259, 0.5079613698453869, 0.8810442502738686, 0.1543900740923278, 0.03237714689697846, 0.6292023429129393, 0.7298070529766, 0.13281263420558673, 0.21791060081130798, 0.31412146764124327, 0.28509124908780326, 0.21308016558300363, 0.6745518884204067, 0.2607085289108221, 0.23832812788358748, 0.9732148585348213, 0.47116667755086816, 0.2688949282130638, 0.8333787943677794], BATTLES: 142-39-75-80-33-16-251-198-151-
1, 6, -3768.0, [0.9220825580418609, 0.5179274171325684, 0.1331033497189166, 0.9593879475881231, 0.7341523608484656, 0.2985494027217692, 0.5624982587302576, 0.2791047931347219, 0.5931464809562947, 0.31399986528521523, 0.34830275510872966, 0.004825919748143018, 0.6048345463677486, 0.34887881672513166, 0.2724581037883249, 0.027927860061562892, 0.7396107138261463, 0.6771178686765708, 0.020950961381010935, 0.7932456719901173, 0.42487942553623037, 0.44516553894022715, 0.2260491207627947, 0.5505322720380781, 0.7548381036608486, 0.4555971292745742, 0.28139995237666793, 0.13906444022758435], BATTLES: 319-298-237-402-381-272-412-404-361-
1, 7, -1470.0, [0.03097385463196256, 0.428024454508002, 0.7974270841651847, 0.09119042206365968, 0.5840850235466208, 0.8344933093293966, 0.06097065037041216, 0.5764415797720007, 0.03395067363712523, 0.427715769821994, 0.06611410127693274, 0.845889186214547, 0.9448847632363041, 0.16332958397683084, 0.13108625068306734, 0.04455970575889001, 0.04977027125775979, 0.7484623485807195, 0.9063308912698128, 0.21686335113355026, 0.6839254332380528, 0.5033059183809699, 0.5441205683878381, 0.0844364820907173, 0.8691313206092915, 0.2734055470694108, 0.3919850701208947, 0.0696034603244694], BATTLES: 111-87-124-256-183-148-208-195-158-
1, 8, -1693.0, [0.19483287266432459, 0.8871641935657758, 0.18080201814938532, 0.16314958636025428, 0.20740394017288355, 0.3711675166809858, 0.6944981453885737, 0.38790235897996284, 0.5799460641551513, 0.11803462851694535, 0.10852381332560757, 0.06938542303960737, 0.6935223781285194, 0.46012309291776393, 0.5246587016336435, 0.7963864278808365, 0.19065567938840022, 0.24381869716069726, 0.5905505465377134, 0.18618992554723035, 0.6500943313315194, 0.8492950711353733, 0.2893674435938507, 0.4608838494614226, 0.2625821036750636, 0.9694731814610339, 0.5760943435126061, 0.7748082910629629], BATTLES: 55-10-16-164-72-72-218-213-237-
1, 9, -3824.0, [0.8620750458198096, 0.07289528295612913, 0.44378401208797413, 0.235777452151814, 0.8045400400803935, 0.9142057295408567, 0.5425948572266771, 0.4114117388054612, 0.873108922435377, 0.09498710146254752, 0.6938332766303831, 0.8124797587753997, 0.7078748500470602, 0.12002118130733275, 0.12088403488860211, 0.98325105127591, 0.8333951900470462, 0.5828740612763996, 0.424242113295483, 0.5151882017128306, 0.02174111497974629, 0.28511108456707046, 0.39411040405569653, 0.13602906580029095, 0.8941546568287345, 0.8519108770179755, 0.5499296332538419, 0.617546819607134], BATTLES: 447-427-454-482-435-441-381-378-379-
1, 10, -3759.0, [0.14746660461291927, 0.04816876070070364, 0.09322756387931613, 0.8159367577732123, 0.5726662365792733, 0.4085065496855176, 0.6915677591030577, 0.638530273130114, 0.45454873445340604, 0.9688006481548173, 0.6591622495671632, 0.9883007414924356, 0.7014230169119422, 0.8443651559665264, 0.3526558511136665, 0.6333489747136098, 0.4983813533974115, 0.16374077476821436, 0.8225619116641161, 0.29248176544940296, 0.32107284701233996, 0.6789941297392116, 0.8252268554570416, 0.24761902595469482, 0.26207933920840343, 0.8284369165245882, 0.45233529965558483, 0.27819003514525487], BATTLES: 411-409-433-449-454-464-330-363-402-
1, 11, -4047.0, [0.016839202369042128, 0.8833277397164729, 0.10558449032637113, 0.737774550068153, 0.6394385483938739, 0.9854010775877969, 0.4407207966293958, 0.6243802710013551, 0.4101991173684001, 0.36782523102871756, 0.07342739478656135, 0.9926160333294488, 0.1192623187857782, 0.7802787248295021, 0.45601936404545756, 0.8916675122824504, 0.8348083600661975, 0.8354728086389089, 0.8668347251147328, 0.4338626617714165, 0.7788664003790267, 0.7319505895923222, 0.524322090020739, 0.35876346361322686, 0.12071007611962464, 0.7021571417589061, 0.4606762384064722, 0.39214297388756864], BATTLES: 419-316-399-417-341-384-340-351-357-
1, 12, -2390.0, [0.4058980712021779, 0.8679434164153818, 0.38441836563403414, 0.15701057833341509, 0.4670575539219247, 0.39845048903968916, 0.8968103677124453, 0.6151607181105816, 0.6670056162602398, 0.3524878205011758, 0.9000969656042382, 0.03794532141368251, 0.73363862321618, 0.562741742533079, 0.8685249802620093, 0.17246084680557974, 0.2439660749445892, 0.44990959522583307, 0.5831702107797352, 0.23743348129709896, 0.3264032697457466, 0.4713648390209715, 0.5855593822986931, 0.10234974494914917, 0.7377250802864451, 0.3698695862678676, 0.44242748179976465, 0.24303761946239189], BATTLES: 130-93-69-175-132-79-247-210-140-
1, 13, -2856.0, [0.16483944076644408, 0.39146058873018874, 0.6354805968665284, 0.982059510119283, 0.10982279580768206, 0.7172119709620852, 0.9238469018755593, 0.042651273874636075, 0.7384842892250005, 0.25920922989901063, 0.13123627066740307, 0.6626148431755147, 0.340953983894948, 0.40468283578478614, 0.0936697347249511, 0.39137780260850785, 0.6798574548044467, 0.33935840027351827, 0.004608820074676889, 0.6684036271945711, 0.878963376871063, 0.843914507652253, 0.5126130404690585, 0.9162083084909793, 0.23768748234857817, 0.12926336356737034, 0.9131757595135882, 0.6163548443040633], BATTLES: 371-285-360-368-299-310-291-271-301-
1, 14, -3960.0, [0.09091772136868909, 0.744378309470964, 0.4188492821729103, 0.9679839389938134, 0.629629099274101, 0.754671547573606, 0.9340717130366027, 0.02748721710950186, 0.9049851790003177, 0.47344334406480415, 0.5908794745127363, 0.6600882853874641, 0.324039265362141, 0.534161308995389, 0.6232774208333733, 0.23170972327932443, 0.23177134129989974, 0.7642782128828414, 0.33358480742585483, 0.828491813839028, 0.9371562772981538, 0.2155745522802156, 0.36074456310335423, 0.516086369506326, 0.6338158048672216, 0.6617959453640649, 0.6465698644435336, 0.10845463910189057], BATTLES: 421-391-373-463-418-389-427-392-365-
2, 0, -3800.0, [0.10414972453381255, 0.9588160660854926, 0.11605629131463058, 0.2942005646856938, 0.515447399267042, 0.6739857455241609, 0.9600836455698496, 0.5583777165929057, 0.768655419693391, 0.5077405810267926, 0.2748886702417138, 0.11785422942039858, 0.03634263710364305, 0.8008947270606458, 0.6724191108221701, 0.41488180465575186, 0.3548038745200831, 0.8440581803676664, 0.41004520344418616, 0.15428563358197234, 0.5867754764364619, 0.8590653541332745, 0.07830297963474842, 0.9153871788783229, 0.5444410554769092, 0.6408352075192518, 0.0038568872064533855, 0.5401590556317135], BATTLES: 446-386-456-461-443-459-343-360-430-
2, 1, -2367.0, [0.296445401829379, 0.49300449345956193, 0.7213279426266278, 0.9345277699666343, 0.4734006883127432, 0.4919441936453181, 0.9944139277368389, 0.6451059465412365, 0.34022954060120336, 0.8754241378141481, 0.6070111870225261, 0.500986996511147, 0.5660226349977611, 0.4940811092717444, 0.7114111830770505, 0.16690002954607475, 0.1520784924709776, 0.40971302837136453, 0.4954748317421157, 0.307860839895039, 0.26173102235739765, 0.8275096486414525, 0.5391107322720885, 0.9311860728745365, 0.7560331630818928, 0.9370349556570227, 0.8079682681143012, 0.6703689819992878], BATTLES: 161-96-167-199-154-196-201-162-141-
2, 2, -2612.0, [0.0405112876442949, 0.9424091227168512, 0.7857675050672767, 0.4704766767847458, 0.2051751333192682, 0.6177339171228637, 0.4883117388554381, 0.18043581392330632, 0.2269363571615549, 0.5884937877578158, 0.8147828694864018, 0.6619953690849903, 0.5227976442870879, 0.6974261018103053, 0.3452408863585927, 0.6647740786209099, 0.8127218690419926, 0.7588245110646096, 0.8626781486938071, 0.5748234844350363, 0.06411473659848643, 0.7436945288593568, 0.19374857107482446, 0.3986965843365022, 0.07586997338140566, 0.8611231355217721, 0.30047562198938926, 0.6898474805787622], BATTLES: 329-219-198-345-291-298-254-223-161-
2, 3, -3654.0, [0.06532800692606966, 0.6579815082479907, 0.2573084574299979, 0.6533608663174542, 0.969819986813604, 0.7745962897534092, 0.7542562645636067, 0.44986692544753115, 0.8450401095488078, 0.4869303712671143, 0.3454691317007109, 0.3646409753279762, 0.6501737467250138, 0.6754298200113708, 0.4444688080142011, 0.32991534608796913, 0.9421126975658914, 0.8641729728632, 0.36634577059645, 0.49128422790506665, 0.7524568768759822, 0.9961273404085719, 0.22090595716396294, 0.45404605515418994, 0.646487487480604, 0.6688505264221773, 0.3254488312890417, 0.253761743386054], BATTLES: 270-255-235-313-305-235-304-357-233-
2, 4, -3667.0, [0.6067410488166357, 0.8153094393972262, 0.040199099261120974, 0.6448584199072249, 0.34774570483866196, 0.8129236880265105, 0.42137749720558904, 0.5550676511175481, 0.6223166272688806, 0.5439522994987442, 0.29790532741158005, 0.4024620799656723, 0.6154322763632517, 0.9229376627920023, 0.7555454434927545, 0.6665748299898052, 0.7822174083272986, 0.8659010028813983, 0.9888647898288516, 0.3727072033763784, 0.16502294318293323, 0.25128590239789905, 0.3088571256648364, 0.7628743241496495, 0.5941581026644747, 0.5464632307220992, 0.18616252012561296, 0.20748138306994357], BATTLES: 170-146-257-283-228-252-359-272-296-
2, 5, -1314.0, [0.7946069102839616, 0.5991790829186351, 0.11115341343088525, 0.07882508377797115, 0.06674706869597724, 0.48645241683308554, 0.8461398464289434, 0.3355410802957287, 0.10155970810386605, 0.4154581241038259, 0.5079613698453869, 0.8810442502738686, 0.1543900740923278, 0.03237714689697846, 0.6292023429129393, 0.7298070529766, 0.13281263420558673, 0.21791060081130798, 0.31412146764124327, 0.28509124908780326, 0.21308016558300363, 0.6745518884204067, 0.2607085289108221, 0.23832812788358748, 0.9732148585348213, 0.47116667755086816, 0.2688949282130638, 0.8333787943677794], BATTLES: 128-74-83-129-61-31-341-272-195-
2, 6, -3827.0, [0.9220825580418609, 0.620184966220985, 0.0665516748594583, 0.9593879475881231, 0.7248278101727784, 0.5045187064231714, 0.730288238938877, 0.2791047931347219, 0.7339622695081593, 0.3859991371351467, 0.4578421812333774, 0.004825919748143018, 0.4780369129615668, 0.34887881672513166, 0.2724581037883249, 0.027927860061562892, 0.7396107138261463, 0.6771178686765708, 0.16212581182433855, 0.7932456719901173, 0.42487942553623037, 0.44516553894022715, 0.2260491207627947, 0.5349776697458873, 0.7548381036608486, 0.5487095270245271, 0.24674716275445097, 0.13906444022758435], BATTLES: 371-338-253-465-434-311-448-421-356-
2, 7, -1126.0, [0.03097385463196256, 0.8963749737958372, 0.30776191010735, 0.09119042206365968, 0.46832394173140945, 0.8344933093293966, 0.06097065037041216, 0.5764415797720007, 0.11622396069885166, 0.427715769821994, 0.06611410127693274, 0.892141667306958, 0.9448847632363041, 0.16332958397683084, 0.4883214577198056, 0.212560236283095, 0.04977027125775979, 0.7484623485807195, 0.47894126018073563, 0.23695398901448106, 0.3884785010587221, 0.6034262641263214, 0.30643867132633223, 0.0844364820907173, 0.9345656603046457, 0.20101737972288458, 0.3919850701208947, 0.0696034603244694], BATTLES: 85-59-76-197-127-125-159-131-108-
2, 8, -1324.0, [0.19483287266432459, 0.8871641935657758, 0.18080201814938532, 0.16314958636025428, 0.20740394017288355, 0.3711675166809858, 0.6944981453885737, 0.38790235897996284, 0.5799460641551513, 0.11803462851694535, 0.10852381332560757, 0.06938542303960737, 0.6935223781285194, 0.46012309291776393, 0.5246587016336435, 0.7963864278808365, 0.19065567938840022, 0.24381869716069726, 0.5905505465377134, 0.18618992554723035, 0.6500943313315194, 0.8492950711353733, 0.2893674435938507, 0.4608838494614226, 0.2625821036750636, 0.9694731814610339, 0.5760943435126061, 0.7748082910629629], BATTLES: 98-33-79-144-79-126-255-209-301-
2, 9, -3624.0, [0.39045336607434905, 0.5679380711397175, 0.4341871847030274, 0.8596408463048506, 0.6629921856563881, 0.9571028647704283, 0.6940817471273298, 0.1787585435335204, 0.873108922435377, 0.006149170147629307, 0.37176318051279933, 0.8124797587753997, 0.20071479321572352, 0.30562394413094474, 0.12088403488860211, 0.7156598757337418, 0.9166975950235231, 0.5828740612763996, 0.424242113295483, 0.5151882017128306, 0.02174111497974629, 0.5229934468381632, 0.6194639223877677, 0.13602906580029095, 0.46396557829192075, 0.3184640568819702, 0.6834730040213479, 0.4107033945067537], BATTLES: 398-371-409-432-389-388-316-327-310-
2, 10, -3368.0, [0.14746660461291927, 0.04816876070070364, 0.09322756387931613, 0.8159367577732123, 0.5726662365792733, 0.4085065496855176, 0.6915677591030577, 0.638530273130114, 0.45454873445340604, 0.9688006481548173, 0.6591622495671632, 0.9883007414924356, 0.7014230169119422, 0.8443651559665264, 0.3526558511136665, 0.6333489747136098, 0.4983813533974115, 0.16374077476821436, 0.8225619116641161, 0.29248176544940296, 0.32107284701233996, 0.6789941297392116, 0.8252268554570416, 0.24761902595469482, 0.26207933920840343, 0.8284369165245882, 0.45233529965558483, 0.27819003514525487], BATTLES: 396-360-389-476-449-416-267-292-323-
2, 11, -3878.0, [0.34326810354947834, 0.9416638698582365, 0.10558449032637113, 0.60308600095264, 0.5628856049188476, 0.9927005387938985, 0.6068782160344193, 0.43289381319519327, 0.4101991173684001, 0.21464328452686676, 0.2908225377681237, 0.9926160333294488, 0.0596311593928891, 0.7802787248295021, 0.512917568715404, 0.8916675122824504, 0.8033271012993243, 0.8213722459393755, 0.7163873318987573, 0.4876900173147953, 0.7788664003790267, 0.6368460643134322, 0.524322090020739, 0.23763681409302223, 0.12071007611962464, 0.7021571417589061, 0.29348199309121137, 0.42402015401903215], BATTLES: 450-381-438-483-465-429-309-364-397-
2, 12, -2779.0, [0.17640532114665908, 0.8679434164153818, 0.46888360401972995, 0.15701057833341509, 0.6949499212865131, 0.39845048903968916, 0.5083312677450662, 0.5729438039552347, 0.6670056162602398, 0.3524878205011758, 0.9000969656042382, 0.7564823782753105, 0.5829669509249102, 0.562741742533079, 0.8685249802620093, 0.17246084680557974, 0.2439660749445892, 0.44990959522583307, 0.5831702107797352, 0.23743348129709896, 0.3264032697457466, 0.4713648390209715, 0.5855593822986931, 0.10234974494914917, 0.733381176154279, 0.3698695862678676, 0.3735858200868394, 0.24303761946239189], BATTLES: 193-175-223-208-163-185-335-293-216-
2, 13, -2563.0, [0.16483944076644408, 0.5560663338821429, 0.6354805968665284, 0.982059510119283, 0.10982279580768206, 0.5233679228797559, 0.9619234509377796, 0.042651273874636075, 0.7384842892250005, 0.32214850397159345, 0.13123627066740307, 0.627915399737491, 0.340953983894948, 0.40468283578478614, 0.0936697347249511, 0.4368563387878957, 0.6798574548044467, 0.33935840027351827, 0.0023044100373384446, 0.6684036271945711, 0.765888879832664, 0.9219572538261265, 0.3286483580864883, 0.9162083084909793, 0.23768748234857817, 0.3580162472460677, 0.47977042738558023, 0.6163548443040633], BATTLES: 316-230-336-319-245-298-229-217-226-
2, 14, -3527.0, [0.09091772136868909, 0.744378309470964, 0.4188492821729103, 0.9679839389938134, 0.629629099274101, 0.754671547573606, 0.9340717130366027, 0.02748721710950186, 0.9049851790003177, 0.47344334406480415, 0.5908794745127363, 0.6600882853874641, 0.324039265362141, 0.534161308995389, 0.6232774208333733, 0.23170972327932443, 0.23177134129989974, 0.7642782128828414, 0.33358480742585483, 0.828491813839028, 0.9371562772981538, 0.2155745522802156, 0.36074456310335423, 0.516086369506326, 0.6338158048672216, 0.6617959453640649, 0.6465698644435336, 0.10845463910189057], BATTLES: 395-367-419-448-416-403-359-367-353-
3, 0, -3628.0, [0.10414972453381255, 0.9588160660854926, 0.11605629131463058, 0.2942005646856938, 0.7067432162519601, 0.8008955785708097, 0.9600836455698496, 0.5583777165929057, 0.768655419693391, 0.5077405810267926, 0.2748886702417138, 0.11785422942039858, 0.03634263710364305, 0.8008947270606458, 0.6724191108221701, 0.20744090232787593, 0.3548038745200831, 0.8440581803676664, 0.41004520344418616, 0.5771428167909862, 0.5867754764364619, 0.8590653541332745, 0.07830297963474842, 0.8335441271543699, 0.5444410554769092, 0.6408352075192518, 0.0038568872064533855, 0.5401590556317135], BATTLES: 414-336-425-430-396-429-294-318-382-
3, 1, -2590.0, [0.296445401829379, 0.6448524926494639, 0.7213279426266278, 0.9345277699666343, 0.4734006883127432, 0.6480962852039549, 0.9944139277368389, 0.43778794730028303, 0.34022954060120336, 0.8754241378141481, 0.6855977664793068, 0.500986996511147, 0.5660226349977611, 0.5582728395013911, 0.526745439505537, 0.5092928598387418, 0.5417228683426429, 0.5665732183528639, 0.7320877931347614, 0.5187666094329074, 0.2597899919027369, 0.8275096486414525, 0.5391107322720885, 0.9311860728745365, 0.39868698624313015, 0.9319096057171153, 0.7314325506818113, 0.6703689819992878], BATTLES: 238-181-254-236-177-212-264-226-200-
3, 2, -2126.0, [0.0405112876442949, 0.9424091227168512, 0.7857675050672767, 0.4704766767847458, 0.2051751333192682, 0.6177339171228637, 0.4883117388554381, 0.18043581392330632, 0.2269363571615549, 0.5884937877578158, 0.8147828694864018, 0.6619953690849903, 0.5227976442870879, 0.6974261018103053, 0.3452408863585927, 0.6647740786209099, 0.8127218690419926, 0.7588245110646096, 0.8626781486938071, 0.5748234844350363, 0.06411473659848643, 0.7436945288593568, 0.19374857107482446, 0.3986965843365022, 0.07586997338140566, 0.8611231355217721, 0.30047562198938926, 0.6898474805787622], BATTLES: 267-161-237-313-240-274-217-217-200-
3, 3, -3456.0, [0.03266400346303483, 0.6579815082479907, 0.12865422871499896, 0.6533608663174542, 0.969819986813604, 0.7745962897534092, 0.886741584321464, 0.44986692544753115, 0.6771900638023284, 0.4869303712671143, 0.3538882851832262, 0.3646409753279762, 0.6501737467250138, 0.9032141970973966, 0.6042736340074315, 0.32991534608796913, 0.5506357780402018, 0.9357925344062987, 0.5069194294566663, 0.49128422790506665, 0.5526843107293119, 0.9961273404085719, 0.3257325017337734, 0.8026794353584329, 0.646487487480604, 0.9016244345943983, 0.13791342772612913, 0.3073075129817366], BATTLES: 360-332-386-415-401-417-264-312-349-
3, 4, -3663.0, [0.6067410488166357, 0.958304572154824, 0.040199099261120974, 0.30101564540508446, 0.471740184494018, 0.7196646461634588, 0.9207368055707583, 0.38054273112790366, 0.6223166272688806, 0.5439522994987442, 0.29790532741158005, 0.20606332530723925, 0.6154322763632517, 0.9229376627920023, 0.7555454434927545, 0.6665748299898052, 0.4656088780254813, 0.8659010028813983, 0.4722169288826167, 0.25610073263847744, 0.5189211709766012, 0.25128590239789905, 0.4657926308782023, 0.7628743241496495, 0.4734193181495113, 0.5464632307220992, 0.18616252012561296, 0.20748138306994357], BATTLES: 358-313-376-447-365-356-374-283-371-
3, 5, -1130.0, [0.7946069102839616, 0.5991790829186351, 0.2967339140563223, 0.07882508377797115, 0.06674706869597724, 0.48645241683308554, 0.8461398464289434, 0.3355410802957287, 0.10155970810386605, 0.8109598228292187, 0.5079613698453869, 0.8810442502738686, 0.0771950370461639, 0.7979407915537137, 0.6292023429129393, 0.28321937797238317, 0.12544179759933055, 0.5115236198499045, 0.31412146764124327, 0.28509124908780326, 0.21308016558300363, 0.6745518884204067, 0.2607085289108221, 0.23832812788358748, 0.9732148585348213, 0.47116667755086816, 0.46174286428603617, 0.8333787943677794], BATTLES: 92-57-51-79-28-13-286-213-174-
3, 6, -3519.0, [0.9220825580418609, 0.620184966220985, 0.0665516748594583, 0.9593879475881231, 0.7248278101727784, 0.5045187064231714, 0.730288238938877, 0.2791047931347219, 0.7339622695081593, 0.3859991371351467, 0.4578421812333774, 0.004825919748143018, 0.4780369129615668, 0.34887881672513166, 0.2724581037883249, 0.027927860061562892, 0.7396107138261463, 0.6771178686765708, 0.16212581182433855, 0.7932456719901173, 0.42487942553623037, 0.44516553894022715, 0.2260491207627947, 0.5349776697458873, 0.7548381036608486, 0.5487095270245271, 0.24674716275445097, 0.13906444022758435], BATTLES: 398-373-321-476-430-342-444-398-337-
3, 7, -862.0, [0.03097385463196256, 0.8963749737958372, 0.30776191010735, 0.09119042206365968, 0.46832394173140945, 0.8344933093293966, 0.06097065037041216, 0.5764415797720007, 0.11622396069885166, 0.427715769821994, 0.06611410127693274, 0.892141667306958, 0.9448847632363041, 0.16332958397683084, 0.4883214577198056, 0.212560236283095, 0.04977027125775979, 0.7484623485807195, 0.47894126018073563, 0.23695398901448106, 0.3884785010587221, 0.6034262641263214, 0.30643867132633223, 0.0844364820907173, 0.9345656603046457, 0.20101737972288458, 0.3919850701208947, 0.0696034603244694], BATTLES: 31-12-37-123-98-124-127-150-160-
3, 8, -3435.0, [0.542521948707252, 0.9089720686562386, 0.09040100907469266, 0.9020973411339013, 0.4560566436484377, 0.3948104915347669, 0.6944981453885737, 0.09738529405472274, 0.7899730320775756, 0.2565867167028699, 0.4945907056751542, 0.03469271151980369, 0.6935223781285194, 0.46012309291776393, 0.5246587016336435, 0.5396330129088607, 0.5135056975471609, 0.4421846408617697, 0.5905505465377134, 0.18618992554723035, 0.6500943313315194, 0.5437126945614672, 0.18040704525579024, 0.4608838494614226, 0.37606804283803125, 0.9551745029642009, 0.5760943435126061, 0.511171652923298], BATTLES: 53-11-47-90-74-78-223-179-270-
3, 9, -3724.0, [0.39045336607434905, 0.5679380711397175, 0.034831292778730094, 0.7353993052454141, 0.6629921856563881, 0.878304339776833, 0.6940817471273298, 0.1787585435335204, 0.873108922435377, 0.006149170147629307, 0.4810717222451627, 0.8124797587753997, 0.19893468320390953, 0.30562394413094474, 0.37487073128723836, 0.7156598757337418, 0.8928406542804168, 0.8392793898659572, 0.6243189125994231, 0.5585012655456504, 0.15657908619556543, 0.5229934468381632, 0.6194639223877677, 0.011611110175527573, 0.46396557829192075, 0.3184640568819702, 0.6834730040213479, 0.4107033945067537], BATTLES: 353-326-383-410-354-371-312-320-324-
3, 10, -2975.0, [0.14746660461291927, 0.04816876070070364, 0.09322756387931613, 0.8159367577732123, 0.5726662365792733, 0.4085065496855176, 0.6915677591030577, 0.638530273130114, 0.45454873445340604, 0.9688006481548173, 0.6591622495671632, 0.9883007414924356, 0.7014230169119422, 0.8443651559665264, 0.3526558511136665, 0.6333489747136098, 0.4983813533974115, 0.16374077476821436, 0.8225619116641161, 0.29248176544940296, 0.32107284701233996, 0.6789941297392116, 0.8252268554570416, 0.24761902595469482, 0.26207933920840343, 0.8284369165245882, 0.45233529965558483, 0.27819003514525487], BATTLES: 334-304-323-428-409-399-235-256-287-
3, 11, -3607.0, [0.34326810354947834, 0.9416638698582365, 0.10558449032637113, 0.60308600095264, 0.5628856049188476, 0.9927005387938985, 0.6068782160344193, 0.43289381319519327, 0.4101991173684001, 0.21464328452686676, 0.2908225377681237, 0.9926160333294488, 0.0596311593928891, 0.7802787248295021, 0.512917568715404, 0.8916675122824504, 0.8033271012993243, 0.8213722459393755, 0.7163873318987573, 0.4876900173147953, 0.7788664003790267, 0.6368460643134322, 0.524322090020739, 0.23763681409302223, 0.12071007611962464, 0.7021571417589061, 0.29348199309121137, 0.42402015401903215], BATTLES: 435-358-408-474-415-424-366-358-369-
3, 12, -2330.0, [0.25888741876788457, 0.8679434164153818, 0.46888360401972995, 0.15701057833341509, 0.6949499212865131, 0.39845048903968916, 0.5853005065104985, 0.5729438039552347, 0.6670056162602398, 0.3524878205011758, 0.9000969656042382, 0.7564823782753105, 0.2914834754624551, 0.7248910964153956, 0.8758843985006821, 0.17246084680557974, 0.2439660749445892, 0.44990959522583307, 0.6145783610827197, 0.3242036210886193, 0.3264032697457466, 0.7020636347901533, 0.5855593822986931, 0.10234974494914917, 0.5128590032244111, 0.3698695862678676, 0.3735858200868394, 0.24303761946239189], BATTLES: 237-194-262-302-251-254-303-292-207-
3, 13, -2403.0, [0.16483944076644408, 0.8805746965824356, 0.3177402984332642, 0.5810532299586493, 0.10982279580768206, 0.2740137594589225, 0.6576607855534639, 0.030647676632427512, 0.8745407135539791, 0.04077896726876895, 0.21212281822090923, 0.627915399737491, 0.340953983894948, 0.3527568707659407, 0.21523609883381833, 0.5644457229350041, 0.6798574548044467, 0.33935840027351827, 0.0023044100373384446, 0.6163646358558065, 0.7671543716737728, 0.8019627031973179, 0.0006376675292039113, 0.38887293024231506, 0.25139731654287906, 0.5235187269412259, 0.21083451172566983, 0.5440467915580187], BATTLES: 277-162-281-270-180-220-240-225-252-
3, 14, -3066.0, [0.16082562248762078, 0.744378309470964, 0.4188492821729103, 0.5595309241171608, 0.5201558129614565, 0.8197416201361787, 0.4372771027842034, 0.02748721710950186, 0.5937689060815194, 0.3085809611038697, 0.2874181393575158, 0.4384735378761012, 0.6814943919990686, 0.534161308995389, 0.3705014920973591, 0.09723183905449682, 0.23177134129989974, 0.6129484742682827, 0.33358480742585483, 0.828491813839028, 0.9371562772981538, 0.5004167932871388, 0.27355337322678175, 0.3256701879715273, 0.6338158048672216, 0.6617959453640649, 0.6465698644435336, 0.10845463910189057], BATTLES: 326-316-385-359-365-385-297-307-313-
4, 0, -3483.0, [0.4436293195178983, 0.9588160660854926, 0.05802814565731529, 0.2942005646856938, 0.5588899047841549, 0.7913860979474845, 0.8444961910928086, 0.5934549625515535, 0.7533516891703781, 0.37679874491644916, 0.2225833651007966, 0.05892711471019929, 0.3848622929610094, 0.9802523396491785, 0.5156032910668152, 0.29623881575614575, 0.3548038745200831, 0.8440581803676664, 0.12529387672549613, 0.40775855363717217, 0.5867754764364619, 0.8590653541332745, 0.19848478099575523, 0.8335441271543699, 0.5682120017029023, 0.542206667952634, 0.0019284436032266927, 0.39655188567309424], BATTLES: 388-321-390-447-431-440-272-314-384-
4, 1, -2264.0, [0.296445401829379, 0.6448524926494639, 0.7213279426266278, 0.9345277699666343, 0.4734006883127432, 0.6480962852039549, 0.9944139277368389, 0.43778794730028303, 0.34022954060120336, 0.8754241378141481, 0.6855977664793068, 0.500986996511147, 0.5660226349977611, 0.5582728395013911, 0.526745439505537, 0.5092928598387418, 0.5417228683426429, 0.5665732183528639, 0.7320877931347614, 0.5187666094329074, 0.2597899919027369, 0.8275096486414525, 0.5391107322720885, 0.9311860728745365, 0.39868698624313015, 0.9319096057171153, 0.7314325506818113, 0.6703689819992878], BATTLES: 277-165-265-303-218-300-252-261-223-
4, 2, -3084.0, [0.0405112876442949, 0.8919996065855611, 0.07642340847830387, 0.4704766767847458, 0.2051751333192682, 0.6177339171228637, 0.4883117388554381, 0.09107267237194139, 0.6897992680884208, 0.6345127278008204, 0.27060575111426727, 0.18674617558831447, 0.5227976442870879, 0.6974261018103053, 0.3452408863585927, 0.6647740786209099, 0.9122938394720984, 0.8794122555323047, 0.582208087961089, 0.541616525206771, 0.4127527039230265, 0.7436945288593568, 0.20000235299009717, 0.9436011965928601, 0.23266614191325624, 0.9722506229086851, 0.15023781099469463, 0.47583060906370345], BATTLES: 239-96-214-246-201-230-197-199-176-
4, 3, -3288.0, [0.03266400346303483, 0.6579815082479907, 0.12865422871499896, 0.6533608663174542, 0.969819986813604, 0.7745962897534092, 0.886741584321464, 0.44986692544753115, 0.6771900638023284, 0.4869303712671143, 0.3538882851832262, 0.3646409753279762, 0.6501737467250138, 0.9032141970973966, 0.6042736340074315, 0.32991534608796913, 0.5506357780402018, 0.9357925344062987, 0.5069194294566663, 0.49128422790506665, 0.5526843107293119, 0.9961273404085719, 0.3257325017337734, 0.8026794353584329, 0.646487487480604, 0.9016244345943983, 0.13791342772612913, 0.3073075129817366], BATTLES: 380-307-381-445-460-431-251-279-354-
4, 4, -3455.0, [0.6067410488166357, 0.958304572154824, 0.040199099261120974, 0.30101564540508446, 0.471740184494018, 0.7196646461634588, 0.9207368055707583, 0.38054273112790366, 0.6223166272688806, 0.5439522994987442, 0.29790532741158005, 0.20606332530723925, 0.6154322763632517, 0.9229376627920023, 0.7555454434927545, 0.6665748299898052, 0.4656088780254813, 0.8659010028813983, 0.4722169288826167, 0.25610073263847744, 0.5189211709766012, 0.25128590239789905, 0.4657926308782023, 0.7628743241496495, 0.4734193181495113, 0.5464632307220992, 0.18616252012561296, 0.20748138306994357], BATTLES: 362-333-355-473-394-397-417-363-361-
4, 5, -2996.0, [0.25732359371514796, 0.6581691521365534, 0.2967339140563223, 0.07882508377797115, 0.6100966995381887, 0.48645241683308554, 0.8461398464289434, 0.3355410802957287, 0.10155970810386605, 0.5490613146504006, 0.3247715204836592, 0.6164569090496641, 0.0771950370461639, 0.7979407915537137, 0.36363289247336117, 0.28321937797238317, 0.5103944682432804, 0.8856752081625485, 0.31412146764124327, 0.7079103746704325, 0.6088786437652731, 0.6745518884204067, 0.2607085289108221, 0.23832812788358748, 0.9732148585348213, 0.47116667755086816, 0.46174286428603617, 0.8333787943677794], BATTLES: 57-19-53-45-16-9-258-203-208-
4, 6, -3434.0, [0.4209667509998863, 0.620184966220985, 0.0665516748594583, 0.9593879475881231, 0.7248278101727784, 0.5045187064231714, 0.5907115096951502, 0.2791047931347219, 0.7339622695081593, 0.3902848085590477, 0.3258330503669326, 0.004825919748143018, 0.6691647812075083, 0.46128448826925633, 0.5055324612874252, 0.3297113531285272, 0.7396107138261463, 0.6771178686765708, 0.16212581182433855, 0.4420389124872467, 0.20319283910609404, 0.18571109344251086, 0.2260491207627947, 0.5349776697458873, 0.7548381036608486, 0.5487095270245271, 0.24674716275445097, 0.13906444022758435], BATTLES: 379-341-257-485-398-321-431-372-313-
4, 7, -779.0, [0.03097385463196256, 0.8963749737958372, 0.07938363791675948, 0.09119042206365968, 0.46832394173140945, 0.9467178856410718, 0.27820144538914104, 0.5607996879099197, 0.38238844029016555, 0.427715769821994, 0.1088691594175189, 0.6850443744451697, 0.9448847632363041, 0.5038660465063123, 0.4883214577198056, 0.212560236283095, 0.4272251777401518, 0.73703040567954, 0.4068584115948888, 0.1490335428027904, 0.3884785010587221, 0.5877514446742245, 0.45297285736985615, 0.0844364820907173, 0.9345656603046457, 0.20101737972288458, 0.3782214438984327, 0.0696034603244694], BATTLES: 14-3-36-78-50-90-115-105-131-
4, 8, -3394.0, [0.35692678742811107, 0.9089720686562386, 0.09040100907469266, 0.7700405880041754, 0.4560566436484377, 0.3948104915347669, 0.6944981453885737, 0.09738529405472274, 0.9991292532449942, 0.21560441833479296, 0.4945907056751542, 0.03469271151980369, 0.6935223781285194, 0.46012309291776393, 0.37837409087441715, 0.5396330129088607, 0.5135056975471609, 0.7541502978567384, 0.5468504566696275, 0.18618992554723035, 0.6500943313315194, 0.6695958798667616, 0.18040704525579024, 0.5495850111650497, 0.37488796411107644, 0.9551745029642009, 0.35012979732692506, 0.511171652923298], BATTLES: 363-303-325-431-365-360-404-367-339-
4, 9, -3440.0, [0.39045336607434905, 0.5679380711397175, 0.034831292778730094, 0.7353993052454141, 0.6629921856563881, 0.878304339776833, 0.6940817471273298, 0.1787585435335204, 0.873108922435377, 0.006149170147629307, 0.4810717222451627, 0.8124797587753997, 0.19893468320390953, 0.30562394413094474, 0.37487073128723836, 0.7156598757337418, 0.8928406542804168, 0.8392793898659572, 0.6243189125994231, 0.5585012655456504, 0.15657908619556543, 0.5229934468381632, 0.6194639223877677, 0.011611110175527573, 0.46396557829192075, 0.3184640568819702, 0.6834730040213479, 0.4107033945067537], BATTLES: 410-371-367-488-407-370-354-307-366-
4, 10, -2647.0, [0.14746660461291927, 0.04816876070070364, 0.09322756387931613, 0.8159367577732123, 0.5726662365792733, 0.4085065496855176, 0.6915677591030577, 0.638530273130114, 0.45454873445340604, 0.9688006481548173, 0.6591622495671632, 0.9883007414924356, 0.7014230169119422, 0.8443651559665264, 0.3526558511136665, 0.6333489747136098, 0.4983813533974115, 0.16374077476821436, 0.8225619116641161, 0.29248176544940296, 0.32107284701233996, 0.6789941297392116, 0.8252268554570416, 0.24761902595469482, 0.26207933920840343, 0.8284369165245882, 0.45233529965558483, 0.27819003514525487], BATTLES: 280-261-324-420-341-382-184-202-253-
4, 11, -3286.0, [0.34326810354947834, 0.9416638698582365, 0.10558449032637113, 0.60308600095264, 0.5628856049188476, 0.9927005387938985, 0.6068782160344193, 0.43289381319519327, 0.4101991173684001, 0.21464328452686676, 0.2908225377681237, 0.9926160333294488, 0.0596311593928891, 0.7802787248295021, 0.512917568715404, 0.8916675122824504, 0.8033271012993243, 0.8213722459393755, 0.7163873318987573, 0.4876900173147953, 0.7788664003790267, 0.6368460643134322, 0.524322090020739, 0.23763681409302223, 0.12071007611962464, 0.7021571417589061, 0.29348199309121137, 0.42402015401903215], BATTLES: 387-306-372-471-385-383-350-297-335-
4, 12, -2140.0, [0.25888741876788457, 0.8679434164153818, 0.46888360401972995, 0.15701057833341509, 0.6616759352300015, 0.39845048903968916, 0.993831040538576, 0.5729438039552347, 0.6670056162602398, 0.3524878205011758, 0.9000969656042382, 0.7564823782753105, 0.2914834754624551, 0.7248910964153956, 0.8758843985006821, 0.17246084680557974, 0.2439660749445892, 0.44990959522583307, 0.6145783610827197, 0.42088915132382, 0.35796192637290875, 0.6706206817632884, 0.5855593822986931, 0.10234974494914917, 0.39236304271033406, 0.3698695862678676, 0.3735858200868394, 0.3869853105150183], BATTLES: 219-152-239-265-199-236-262-265-208-
4, 13, -2121.0, [0.16483944076644408, 0.8805746965824356, 0.3177402984332642, 0.5810532299586493, 0.10982279580768206, 0.2740137594589225, 0.6576607855534639, 0.030647676632427512, 0.8745407135539791, 0.04077896726876895, 0.21212281822090923, 0.627915399737491, 0.340953983894948, 0.3527568707659407, 0.21523609883381833, 0.5644457229350041, 0.6798574548044467, 0.33935840027351827, 0.0023044100373384446, 0.6163646358558065, 0.7671543716737728, 0.8019627031973179, 0.0006376675292039113, 0.38887293024231506, 0.25139731654287906, 0.5235187269412259, 0.21083451172566983, 0.5440467915580187], BATTLES: 258-146-318-231-170-253-254-227-264-
4, 14, -3432.0, [0.4990581277587187, 0.744378309470964, 0.19850818276795495, 0.5595309241171608, 0.534356212491614, 0.8440345193968488, 0.44158737275179205, 0.02748721710950186, 0.9266309255095508, 0.15429048055193484, 0.2874181393575158, 0.12465013556458437, 0.41593632684726467, 0.534161308995389, 0.3705014920973591, 0.45817047583093745, 0.5978940669024322, 0.6129484742682827, 0.33358480742585483, 0.828491813839028, 0.5552203410933182, 0.5004167932871388, 0.27355337322678175, 0.3256701879715273, 0.6035697757577854, 0.5157124877798899, 0.7335598500492166, 0.39825328034710883], BATTLES: 321-256-344-362-321-339-301-287-326-
5, 0, -3224.0, [0.24641151888467058, 0.9588160660854926, 0.11631942108156229, 0.6149724784564612, 0.8709224772326156, 0.8956930489737422, 0.5745409288256562, 0.38789260206723, 0.7533516891703781, 0.20252325706710395, 0.2225833651007966, 0.05892711471019929, 0.3848622929610094, 0.9901261698245892, 0.3429738781358524, 0.11497747589043306, 0.6651497216189064, 0.9220290901838333, 0.12529387672549613, 0.7703662535485638, 0.5867754764364619, 0.8590653541332745, 0.2070560629473343, 0.8918269217784603, 0.5682120017029023, 0.542206667952634, 0.0019284436032266927, 0.39655188567309424], BATTLES: 346-289-390-459-349-389-354-292-343-
5, 1, -2503.0, [0.6552472738814201, 0.6448524926494639, 0.30329675897358566, 0.95265073649489, 0.48279771459660276, 0.6480962852039549, 0.9944139277368389, 0.43778794730028303, 0.48177572727834306, 0.8754241378141481, 0.6855977664793068, 0.26757768963226286, 0.5660226349977611, 0.5726077942907808, 0.5621691016685724, 0.6692384903772068, 0.5417228683426429, 0.6423185749707392, 0.44155611975403714, 0.29118303769956555, 0.188585217876809, 0.8275096486414525, 0.5816946587660692, 0.6640621867338137, 0.5618234682250375, 0.6586672446500617, 0.5584262844073121, 0.17604244540508188], BATTLES: 232-119-239-252-190-268-200-220-192-
5, 2, -2938.0, [0.226273994230291, 0.8919996065855611, 0.038211704239151933, 0.33059993240411106, 0.2051751333192682, 0.792824822315307, 0.4883117388554381, 0.045536336185970694, 0.6897992680884208, 0.4275322072902031, 0.27060575111426727, 0.18674617558831447, 0.4954243209418824, 0.7919514631623008, 0.3452408863585927, 0.6785046693707671, 0.8845004712719022, 0.9397061277661524, 0.2808942264678843, 0.4445241167840294, 0.4127527039230265, 0.8306911175088489, 0.10000117649504858, 0.9436011965928601, 0.21835089638424948, 0.9722506229086851, 0.15023781099469463, 0.47583060906370345], BATTLES: 370-225-353-371-292-374-188-220-323-
5, 3, -2951.0, [0.03266400346303483, 0.6579815082479907, 0.06432711435749948, 0.4784774609722785, 0.969819986813604, 0.7745962897534092, 0.7672686257093688, 0.44986692544753115, 0.6771900638023284, 0.4869303712671143, 0.3538882851832262, 0.16305816015875566, 0.7720797863676254, 0.922126134006032, 0.6042736340074315, 0.32991534608796913, 0.5506357780402018, 0.9357925344062987, 0.4472718235189446, 0.49128422790506665, 0.2577313268458139, 0.4553556997056767, 0.3257325017337734, 0.7990609870123742, 0.646487487480604, 0.7156740507354286, 0.13791342772612913, 0.006574272764267752], BATTLES: 339-309-359-409-398-404-182-229-308-
5, 4, -3289.0, [0.4993443035197799, 0.958304572154824, 0.032611811683841675, 0.1303867019011908, 0.471740184494018, 0.7196646461634588, 0.7094678706057048, 0.38054273112790366, 0.6223166272688806, 0.5439522994987442, 0.11343618321982837, 0.20606332530723925, 0.6154322763632517, 0.9146600897713549, 0.6758173298977078, 0.6665748299898052, 0.5861447136743757, 0.8659010028813983, 0.36845266883938804, 0.42260426392465134, 0.5189211709766012, 0.5187089303377806, 0.4657926308782023, 0.8814371620748247, 0.4734193181495113, 0.5464632307220992, 0.18616252012561296, 0.3612636070127628], BATTLES: 333-300-355-456-330-350-393-323-310-
5, 5, -2817.0, [0.25732359371514796, 0.6581691521365534, 0.2967339140563223, 0.07882508377797115, 0.6100966995381887, 0.7146236128017528, 0.8461398464289434, 0.3686781913430914, 0.23528133121470368, 0.6933393697500028, 0.19447652150394024, 0.6164569090496641, 0.0771950370461639, 0.7979407915537137, 0.36363289247336117, 0.28321937797238317, 0.5688860517495933, 0.9165517048809959, 0.2977012524015731, 0.7001677807936291, 0.5723779468836039, 0.8969954701744787, 0.21599733417132638, 0.23832812788358748, 0.9732148585348213, 0.7316354271345784, 0.46174286428603617, 0.8294720321957818], BATTLES: 267-213-336-325-258-360-300-300-282-
5, 6, -3264.0, [0.4209667509998863, 0.620184966220985, 0.0665516748594583, 0.9593879475881231, 0.5760607353493159, 0.4742753841601117, 0.5907115096951502, 0.2791047931347219, 0.7339622695081593, 0.3902848085590477, 0.3258330503669326, 0.002412959874071509, 0.6691647812075083, 0.46128448826925633, 0.3080981787723089, 0.3297113531285272, 0.34032202494343355, 0.6159809490949273, 0.16212581182433855, 0.4723938769470586, 0.20319283910609404, 0.646767629365481, 0.2260491207627947, 0.7674888348729436, 0.7548381036608486, 0.6825746673889518, 0.12337358137722548, 0.13906444022758435], BATTLES: 321-293-324-438-388-341-372-313-327-
5, 7, -2943.0, [0.4734022387812542, 0.9481874868979185, 0.07938363791675948, 0.09119042206365968, 0.40718307903060963, 0.9467178856410718, 0.27820144538914104, 0.23730808136912798, 0.38238844029016555, 0.427715769821994, 0.4118513929358327, 0.6850443744451697, 0.6599083302927985, 0.8551047969191455, 0.7407663449702016, 0.6782295873683406, 0.6735895952282362, 0.8030514675482752, 0.4068584115948888, 0.18651609272556513, 0.3884785010587221, 0.5042549084674592, 0.45297285736985615, 0.6455363790284767, 0.46580433629676965, 0.20101737972288458, 0.3782214438984327, 0.3539083137291849], BATTLES: 20-19-54-77-35-120-83-84-148-
5, 8, -3048.0, [0.35692678742811107, 0.9089720686562386, 0.09040100907469266, 0.7700405880041754, 0.4560566436484377, 0.3948104915347669, 0.6944981453885737, 0.09738529405472274, 0.9991292532449942, 0.21560441833479296, 0.4945907056751542, 0.03469271151980369, 0.6935223781285194, 0.46012309291776393, 0.37837409087441715, 0.5396330129088607, 0.5135056975471609, 0.7541502978567384, 0.5468504566696275, 0.18618992554723035, 0.6500943313315194, 0.6695958798667616, 0.18040704525579024, 0.5495850111650497, 0.37488796411107644, 0.9551745029642009, 0.35012979732692506, 0.511171652923298], BATTLES: 335-299-359-403-302-363-350-297-340-
5, 9, -3188.0, [0.39045336607434905, 0.5679380711397175, 0.034831292778730094, 0.7353993052454141, 0.6629921856563881, 0.878304339776833, 0.6940817471273298, 0.1787585435335204, 0.873108922435377, 0.006149170147629307, 0.4810717222451627, 0.8124797587753997, 0.19893468320390953, 0.30562394413094474, 0.37487073128723836, 0.7156598757337418, 0.8928406542804168, 0.8392793898659572, 0.6243189125994231, 0.5585012655456504, 0.15657908619556543, 0.5229934468381632, 0.6194639223877677, 0.011611110175527573, 0.46396557829192075, 0.3184640568819702, 0.6834730040213479, 0.4107033945067537], BATTLES: 391-321-368-471-355-347-320-277-338-
5, 10, -2356.0, [0.14746660461291927, 0.04816876070070364, 0.09322756387931613, 0.8159367577732123, 0.5726662365792733, 0.4085065496855176, 0.6915677591030577, 0.638530273130114, 0.45454873445340604, 0.9688006481548173, 0.6591622495671632, 0.9883007414924356, 0.7014230169119422, 0.8443651559665264, 0.3526558511136665, 0.6333489747136098, 0.4983813533974115, 0.16374077476821436, 0.8225619116641161, 0.29248176544940296, 0.32107284701233996, 0.6789941297392116, 0.8252268554570416, 0.24761902595469482, 0.26207933920840343, 0.8284369165245882, 0.45233529965558483, 0.27819003514525487], BATTLES: 266-213-285-358-337-353-136-177-231-
5, 11, -3093.0, [0.39569534477335006, 0.9416638698582365, 0.10558449032637113, 0.60308600095264, 0.5628856049188476, 0.9927005387938985, 0.726968802167743, 0.43289381319519327, 0.24897822796494884, 0.4545992186117901, 0.2908225377681237, 0.9926160333294488, 0.013708814978398098, 0.7802787248295021, 0.3932485302540373, 0.8916675122824504, 0.7707981286757005, 0.8213722459393755, 0.48220958787829177, 0.5966925003637334, 0.7891467230801946, 0.6368460643134322, 0.524322090020739, 0.23763681409302223, 0.3891005300531374, 0.6773363130207746, 0.2533264386318063, 0.594583166571838], BATTLES: 396-272-369-422-347-365-299-260-334-
5, 12, -1772.0, [0.25888741876788457, 0.8679434164153818, 0.46888360401972995, 0.15701057833341509, 0.6616759352300015, 0.39845048903968916, 0.993831040538576, 0.5729438039552347, 0.6670056162602398, 0.3524878205011758, 0.9000969656042382, 0.7564823782753105, 0.2914834754624551, 0.7248910964153956, 0.8758843985006821, 0.17246084680557974, 0.2439660749445892, 0.44990959522583307, 0.6145783610827197, 0.42088915132382, 0.35796192637290875, 0.6706206817632884, 0.5855593822986931, 0.10234974494914917, 0.39236304271033406, 0.3698695862678676, 0.3735858200868394, 0.3869853105150183], BATTLES: 174-122-226-235-158-220-221-239-177-
5, 13, -1734.0, [0.16483944076644408, 0.8805746965824356, 0.3177402984332642, 0.5810532299586493, 0.10982279580768206, 0.2740137594589225, 0.6576607855534639, 0.030647676632427512, 0.8745407135539791, 0.04077896726876895, 0.21212281822090923, 0.627915399737491, 0.340953983894948, 0.3527568707659407, 0.21523609883381833, 0.5644457229350041, 0.6798574548044467, 0.33935840027351827, 0.0023044100373384446, 0.6163646358558065, 0.7671543716737728, 0.8019627031973179, 0.0006376675292039113, 0.38887293024231506, 0.25139731654287906, 0.5235187269412259, 0.21083451172566983, 0.5440467915580187], BATTLES: 204-83-284-198-130-239-190-182-224-
5, 14, -3234.0, [0.384358934459335, 0.744378309470964, 0.09925409138397748, 0.5301645827653667, 0.534356212491614, 0.8440345193968488, 0.7335567564984616, 0.21912304829195958, 0.9266309255095508, 0.22778975828704615, 0.2874181393575158, 0.12465013556458437, 0.3905406304111454, 0.8759460812400817, 0.3705014920973591, 0.5877101788299097, 0.5978940669024322, 0.7783250757547623, 0.24274101361361725, 0.828491813839028, 0.3880502243270949, 0.5004167932871388, 0.27355337322678175, 0.7958045003517467, 0.709556604682933, 0.5157124877798899, 0.7335598500492166, 0.39825328034710883], BATTLES: 354-254-345-395-351-373-294-321-354-
6, 0, -3084.0, [0.24641151888467058, 0.9588160660854926, 0.11631942108156229, 0.20399600706019325, 0.6604176250014353, 0.7029031849373577, 0.6765102743778745, 0.38789260206723, 0.7533516891703781, 0.49048090634746655, 0.2225833651007966, 0.05892711471019929, 0.7224628972891451, 0.9950630849122946, 0.3429738781358524, 0.25515070258414213, 0.6651497216189064, 0.9220290901838333, 0.08031206427913404, 0.7703662535485638, 0.4460463461116658, 0.8590653541332745, 0.2930079002995759, 0.8918269217784603, 0.5682120017029023, 0.542206667952634, 0.03494900683364925, 0.3544598093231274], BATTLES: 340-257-341-426-412-409-261-251-330-
6, 1, -2473.0, [0.6552472738814201, 0.6448524926494639, 0.2767349435957541, 0.95265073649489, 0.48279771459660276, 0.6480962852039549, 0.9944139277368389, 0.43778794730028303, 0.48177572727834306, 0.8426302963357519, 0.4432832810723882, 0.20278417526664477, 0.5660226349977611, 0.5726077942907808, 0.5621691016685724, 0.6692384903772068, 0.6343960718996191, 0.6423185749707392, 0.44155611975403714, 0.6311103651707116, 0.4446855262207251, 0.8277304251768159, 0.5816946587660692, 0.84896096334277, 0.5618234682250375, 0.8670464484440457, 0.5584262844073121, 0.17604244540508188], BATTLES: 212-171-286-252-221-315-243-278-270-
6, 2, -2696.0, [0.226273994230291, 0.8919996065855611, 0.038211704239151933, 0.33059993240411106, 0.2051751333192682, 0.792824822315307, 0.4883117388554381, 0.045536336185970694, 0.6897992680884208, 0.4275322072902031, 0.27060575111426727, 0.18674617558831447, 0.4954243209418824, 0.7919514631623008, 0.3452408863585927, 0.6785046693707671, 0.8845004712719022, 0.9397061277661524, 0.2808942264678843, 0.4445241167840294, 0.4127527039230265, 0.8306911175088489, 0.10000117649504858, 0.9436011965928601, 0.21835089638424948, 0.9722506229086851, 0.15023781099469463, 0.47583060906370345], BATTLES: 360-184-352-366-258-342-280-204-350-
6, 3, -2844.0, [0.2150289170706008, 0.6402305055441907, 0.05592991910919414, 0.4784774609722785, 0.969819986813604, 0.7745962897534092, 0.7672686257093688, 0.44986692544753115, 0.7038529150299578, 0.44154114905426217, 0.340712250488731, 0.0876117507340934, 0.7720797863676254, 0.922126134006032, 0.48718708119371884, 0.39646565725553906, 0.4518627210446801, 0.9357925344062987, 0.4666204529639958, 0.4908230334409941, 0.2577313268458139, 0.4553556997056767, 0.3257325017337734, 0.7990609870123742, 0.646487487480604, 0.6751401752666043, 0.13791342772612913, 0.006574272764267752], BATTLES: 296-211-328-406-390-396-171-211-287-
6, 4, -3087.0, [0.4993443035197799, 0.9801326245983303, 0.032611811683841675, 0.0651933509505954, 0.6132267277905912, 0.8756383764728528, 0.7308245815246743, 0.38054273112790366, 0.5895298532143924, 0.5439522994987442, 0.11343618321982837, 0.29744474426002393, 0.6154322763632517, 0.9573300448856774, 0.6758173298977078, 0.6665748299898052, 0.5861447136743757, 0.9329505014406991, 0.36845266883938804, 0.42260426392465134, 0.42239071426339453, 0.5245938963073412, 0.5233612324192072, 0.9407185810374123, 0.4734193181495113, 0.6428876702161299, 0.12330945610394978, 0.2847486093822425], BATTLES: 300-267-354-446-310-343-376-284-328-
6, 5, -2572.0, [0.25732359371514796, 0.6581691521365534, 0.2967339140563223, 0.07882508377797115, 0.6100966995381887, 0.7146236128017528, 0.8461398464289434, 0.3686781913430914, 0.23528133121470368, 0.6933393697500028, 0.19447652150394024, 0.6164569090496641, 0.0771950370461639, 0.7979407915537137, 0.36363289247336117, 0.28321937797238317, 0.5688860517495933, 0.9165517048809959, 0.2977012524015731, 0.7001677807936291, 0.5723779468836039, 0.8969954701744787, 0.21599733417132638, 0.23832812788358748, 0.9732148585348213, 0.7316354271345784, 0.46174286428603617, 0.8294720321957818], BATTLES: 259-209-340-304-266-366-254-293-281-
6, 6, -2991.0, [0.4209667509998863, 0.620184966220985, 0.0665516748594583, 0.9593879475881231, 0.4458326061158272, 0.4742753841601117, 0.5907115096951502, 0.2791047931347219, 0.8669811347540797, 0.28245338149140287, 0.1629165251834663, 0.10258765733741018, 0.6691647812075083, 0.46128448826925633, 0.3080981787723089, 0.8376651416011034, 0.34032202494343355, 0.6159809490949273, 0.2551817684262344, 0.6242189473136267, 0.20319283910609404, 0.646767629365481, 0.2260491207627947, 0.7674888348729436, 0.44412389401549524, 0.6825746673889518, 0.12337358137722548, 0.13906444022758435], BATTLES: 325-263-288-457-347-333-339-316-315-
6, 7, -2725.0, [0.4734022387812542, 0.9481874868979185, 0.07938363791675948, 0.09119042206365968, 0.40718307903060963, 0.9467178856410718, 0.27820144538914104, 0.23730808136912798, 0.38238844029016555, 0.427715769821994, 0.4118513929358327, 0.6850443744451697, 0.6599083302927985, 0.8551047969191455, 0.7407663449702016, 0.6782295873683406, 0.6735895952282362, 0.8030514675482752, 0.4068584115948888, 0.18651609272556513, 0.3884785010587221, 0.5042549084674592, 0.45297285736985615, 0.6455363790284767, 0.46580433629676965, 0.20101737972288458, 0.3782214438984327, 0.3539083137291849], BATTLES: 318-229-330-406-263-316-340-231-292-
6, 8, -2875.0, [0.35692678742811107, 0.9089720686562386, 0.09040100907469266, 0.7700405880041754, 0.4560566436484377, 0.3948104915347669, 0.6944981453885737, 0.09738529405472274, 0.9991292532449942, 0.21560441833479296, 0.4945907056751542, 0.03469271151980369, 0.6935223781285194, 0.46012309291776393, 0.37837409087441715, 0.5396330129088607, 0.5135056975471609, 0.7541502978567384, 0.5468504566696275, 0.18618992554723035, 0.6500943313315194, 0.6695958798667616, 0.18040704525579024, 0.5495850111650497, 0.37488796411107644, 0.9551745029642009, 0.35012979732692506, 0.511171652923298], BATTLES: 325-254-325-391-279-339-323-292-347-
6, 9, -3070.0, [0.5129563854742114, 0.5679380711397175, 0.034831292778730094, 0.7353993052454141, 0.6629921856563881, 0.878304339776833, 0.6940817471273298, 0.1787585435335204, 0.873108922435377, 0.11370234715572308, 0.36423929210181516, 0.320668702257663, 0.19893468320390953, 0.3982540877644807, 0.37487073128723836, 0.7156598757337418, 0.8928406542804168, 0.5996884205247699, 0.05255955817034508, 0.5585012655456504, 0.15657908619556543, 0.5229934468381632, 0.5044985647748375, 0.011611110175527573, 0.46396557829192075, 0.3184640568819702, 0.6834730040213479, 0.4107033945067537], BATTLES: 355-284-330-446-338-360-292-250-312-
6, 10, -2388.0, [0.14746660461291927, 0.16605092716195122, 0.09322756387931613, 0.8159367577732123, 0.5792550720048324, 0.4085065496855176, 0.6915677591030577, 0.5007630402571653, 0.517862262651851, 0.9688006481548173, 0.6839470354158508, 0.9883007414924356, 0.6641897532428052, 0.8443651559665264, 0.3526558511136665, 0.4961317081839187, 0.4983813533974115, 0.16374077476821436, 0.5074833966377887, 0.29248176544940296, 0.32107284701233996, 0.6789941297392116, 0.6048962620585624, 0.24761902595469482, 0.26207933920840343, 0.8284369165245882, 0.45233529965558483, 0.27819003514525487], BATTLES: 226-180-265-338-302-338-105-142-219-
6, 11, -2963.0, [0.8049065865566486, 0.8757341465449195, 0.10558449032637113, 0.80154300047632, 0.5073752035207701, 0.9927005387938985, 0.726968802167743, 0.43289381319519327, 0.8366450882273629, 0.6961362326363885, 0.7031518562900515, 0.004456679600550573, 0.013708814978398098, 0.7802787248295021, 0.6111849407110128, 0.8916675122824504, 0.7707981286757005, 0.8213722459393755, 0.48220958787829177, 0.5652059239035484, 0.7891467230801946, 0.6368460643134322, 0.524322090020739, 0.9366043679005034, 0.4259110746701025, 0.6773363130207746, 0.2763139913086955, 0.3746640034883556], BATTLES: 350-250-317-430-315-362-290-249-303-
6, 12, -1497.0, [0.25888741876788457, 0.7932694627583013, 0.46888360401972995, 0.30305444956102356, 0.6616759352300015, 0.39845048903968916, 0.993831040538576, 0.5729438039552347, 0.7250425152997936, 0.3524878205011758, 0.5214141307866089, 0.145796396939048, 0.2914834754624551, 0.9885620397878543, 0.8758843985006821, 0.17246084680557974, 0.4377852968383137, 0.44990959522583307, 0.6145783610827197, 0.28752694694577785, 0.17898096318645437, 0.7714129759276548, 0.40140173472807206, 0.10234974494914917, 0.39236304271033406, 0.3698695862678676, 0.0798754496419102, 0.3869853105150183], BATTLES: 108-94-200-181-134-207-200-197-159-
6, 13, -1820.0, [0.004504931922306998, 0.8805746965824356, 0.20323902003364258, 0.8613282367413547, 0.5961053569570883, 0.2740137594589225, 0.5465094914970711, 0.030647676632427512, 0.8745407135539791, 0.18827166616140123, 0.297695068342024, 0.2908028732318567, 0.340953983894948, 0.4070755390063159, 0.18578145785079933, 0.5644457229350041, 0.5515148407930613, 0.33935840027351827, 0.07031932671458607, 0.662361055002806, 0.35105010709555706, 0.8266090668133986, 0.0436783155167257, 0.38887293024231506, 0.25139731654287906, 0.6890558669186773, 0.21083451172566983, 0.5440467915580187], BATTLES: 187-69-240-153-96-201-179-159-193-
6, 14, -3032.0, [0.384358934459335, 0.744378309470964, 0.09925409138397748, 0.5301645827653667, 0.534356212491614, 0.8440345193968488, 0.6678292811989996, 0.21912304829195958, 0.9266309255095508, 0.2080424789347094, 0.2874181393575158, 0.12465013556458437, 0.3905406304111454, 0.9048912290977565, 0.5391036268765086, 0.5877101788299097, 0.5978940669024322, 0.7783250757547623, 0.24274101361361725, 0.828491813839028, 0.3880502243270949, 0.5004167932871388, 0.27355337322678175, 0.7958045003517467, 0.709556604682933, 0.5157124877798899, 0.7335598500492166, 0.6483374939752207], BATTLES: 333-241-333-430-347-385-304-287-334-
7, 0, -2960.0, [0.24641151888467058, 0.9588160660854926, 0.11631942108156229, 0.20399600706019325, 0.6604176250014353, 0.7029031849373577, 0.6765102743778745, 0.38789260206723, 0.7533516891703781, 0.49048090634746655, 0.2225833651007966, 0.05892711471019929, 0.7224628972891451, 0.9950630849122946, 0.3429738781358524, 0.25515070258414213, 0.6651497216189064, 0.9220290901838333, 0.08031206427913404, 0.7703662535485638, 0.4460463461116658, 0.8590653541332745, 0.2930079002995759, 0.8918269217784603, 0.5682120017029023, 0.542206667952634, 0.03494900683364925, 0.3544598093231274], BATTLES: 365-246-334-396-364-407-257-251-340-
7, 1, -2396.0, [0.4946894431933954, 0.828241953310952, 0.2767349435957541, 0.8825868240741361, 0.4683331966678923, 0.6745291756299582, 0.9944139277368389, 0.16633777987280343, 0.7936477510345521, 0.8426302963357519, 0.11978432939155595, 0.10139208763332239, 0.854533721844623, 0.5726077942907808, 0.19191806148949786, 0.6450018171884281, 0.7895279797783693, 0.6423185749707392, 0.21994862901883, 0.6311103651707116, 0.5963045204404757, 0.8277304251768159, 0.22325644996106994, 0.924480481671385, 0.5618234682250375, 0.9335232242220228, 0.27587980673521434, 0.33236792659424785], BATTLES: 204-194-283-305-224-295-261-263-278-
7, 2, -3005.0, [0.4257834989499154, 0.9459998032927806, 0.019105852119575967, 0.33059993240411106, 0.7444763561219931, 0.792824822315307, 0.4883117388554381, 0.4282201076359853, 0.6417550570593406, 0.5877240827664454, 0.23357631090655653, 0.18674617558831447, 0.4954243209418824, 0.7919514631623008, 0.6714615886964599, 0.5695720679622333, 0.8845004712719022, 0.9698530638830762, 0.37403596898527136, 0.4895534044927672, 0.2382423999691279, 0.8306911175088489, 0.3181187725327831, 0.9282634146968023, 0.5477851710180974, 0.9722506229086851, 0.15023781099469463, 0.22100144299743404], BATTLES: 330-171-313-370-237-337-261-200-354-
7, 3, -2734.0, [0.2150289170706008, 0.6402305055441907, 0.05592991910919414, 0.4784774609722785, 0.969819986813604, 0.7745962897534092, 0.7672686257093688, 0.44986692544753115, 0.7038529150299578, 0.44154114905426217, 0.340712250488731, 0.0876117507340934, 0.7720797863676254, 0.922126134006032, 0.48718708119371884, 0.39646565725553906, 0.4518627210446801, 0.9357925344062987, 0.4666204529639958, 0.4908230334409941, 0.2577313268458139, 0.4553556997056767, 0.3257325017337734, 0.7990609870123742, 0.646487487480604, 0.6751401752666043, 0.13791342772612913, 0.006574272764267752], BATTLES: 322-209-314-417-365-392-226-207-282-
7, 4, -2937.0, [0.4993443035197799, 0.9801326245983303, 0.032611811683841675, 0.0651933509505954, 0.6132267277905912, 0.8756383764728528, 0.7308245815246743, 0.38054273112790366, 0.5895298532143924, 0.5439522994987442, 0.11343618321982837, 0.29744474426002393, 0.6154322763632517, 0.9573300448856774, 0.6758173298977078, 0.6665748299898052, 0.5861447136743757, 0.9329505014406991, 0.36845266883938804, 0.42260426392465134, 0.42239071426339453, 0.5245938963073412, 0.5233612324192072, 0.9407185810374123, 0.4734193181495113, 0.6428876702161299, 0.12330945610394978, 0.2847486093822425], BATTLES: 310-258-333-434-318-353-349-263-319-
7, 5, -2561.0, [0.12866179685757398, 0.6581691521365534, 0.13984847723741603, 0.0438944964145872, 0.3612389938319696, 0.9080719507385107, 0.77686235114715, 0.28022830984575764, 0.23528133121470368, 0.6959134999847907, 0.28939785002083784, 0.6164569090496641, 0.0771950370461639, 0.7979407915537137, 0.19004166774070055, 0.28321937797238317, 0.4982147157343133, 0.9350872831682344, 0.4656203027257, 0.7001677807936291, 0.5723779468836039, 0.9484977350872393, 0.21599733417132638, 0.5231658466133737, 0.7630872235684588, 0.9004461916301101, 0.46174286428603617, 0.7734618724665029], BATTLES: 289-182-317-298-274-373-228-290-268-
7, 6, -2996.0, [0.4209667509998863, 0.6983465296308629, 0.07999516876960813, 0.9593879475881231, 0.568951227281929, 0.7556869027385089, 0.5303354893674959, 0.24699808075399748, 0.8813602288127469, 0.28245338149140287, 0.13081742163941287, 0.16331130896931018, 0.6691647812075083, 0.7171453405690983, 0.3890731134218481, 0.8376651416011034, 0.5427136177033034, 0.738769560299711, 0.19298016027103845, 0.6242189473136267, 0.2504720120695786, 0.7147245879675149, 0.2260491207627947, 0.8778410320157132, 0.586203317016205, 0.6825746673889518, 0.12337358137722548, 0.45302463129838866], BATTLES: 311-263-330-418-342-334-330-305-320-
7, 7, -2942.0, [0.4734022387812542, 0.9481874868979185, 0.049088649135747564, 0.09119042206365968, 0.40718307903060963, 0.9006783548755293, 0.6491588611732504, 0.23730808136912798, 0.38238844029016555, 0.8148763594777971, 0.4118513929358327, 0.6850443744451697, 0.6013555927961676, 0.9213180066591289, 0.7623472694387255, 0.6782295873683406, 0.6735895952282362, 0.8030514675482752, 0.23030097651327283, 0.3896433337050007, 0.3884785010587221, 0.5174288522291999, 0.45297285736985615, 0.6455363790284767, 0.6684211118240652, 0.4711481354064444, 0.20199013339271055, 0.2771433724585665], BATTLES: 309-227-290-394-254-304-336-229-261-
7, 8, -3086.0, [0.7482217099280822, 0.9762804972890374, 0.09040100907469266, 0.09034511929482633, 0.641618708906722, 0.8915462663001996, 0.6944981453885737, 0.1740430569973104, 0.9991292532449942, 0.48094502653958254, 0.09966029085503071, 0.3566467643740279, 0.8467611890642597, 0.46012309291776393, 0.5973381657331865, 0.5396330129088607, 0.7347540195306033, 0.8770751489283692, 0.386732972416356, 0.5535541453756387, 0.6500943313315194, 0.3206165231791428, 0.7539530451349212, 0.9965608220849943, 0.37488796411107644, 0.9551745029642009, 0.35012979732692506, 0.511171652923298], BATTLES: 346-235-309-362-271-327-312-273-297-
7, 9, -2985.0, [0.5129563854742114, 0.5679380711397175, 0.034831292778730094, 0.7353993052454141, 0.6629921856563881, 0.878304339776833, 0.6940817471273298, 0.1787585435335204, 0.873108922435377, 0.11370234715572308, 0.36423929210181516, 0.320668702257663, 0.19893468320390953, 0.3982540877644807, 0.37487073128723836, 0.7156598757337418, 0.8928406542804168, 0.5996884205247699, 0.05255955817034508, 0.5585012655456504, 0.15657908619556543, 0.5229934468381632, 0.5044985647748375, 0.011611110175527573, 0.46396557829192075, 0.3184640568819702, 0.6834730040213479, 0.4107033945067537], BATTLES: 336-258-344-453-351-355-336-250-302-
7, 10, -2411.0, [0.14746660461291927, 0.6185815872874795, 0.12923605888007314, 0.3407879383704713, 0.5792550720048324, 0.4085065496855176, 0.6915677591030577, 0.3526819149442266, 0.5152957511889047, 0.9688006481548173, 0.6839470354158508, 0.7278817070079644, 0.6641897532428052, 0.8443651559665264, 0.33851234844783884, 0.4961317081839187, 0.4983813533974115, 0.16374077476821436, 0.5074833966377887, 0.5285625925379692, 0.317910547599131, 0.6789941297392116, 0.4171485431288944, 0.24761902595469482, 0.26207933920840343, 0.46319892610825064, 0.45233529965558483, 0.40695428157196917], BATTLES: 252-194-297-372-316-358-145-137-204-
7, 11, -2929.0, [0.8049065865566486, 0.9378670732724598, 0.10558449032637113, 0.40077150023816, 0.5073752035207701, 0.9927005387938985, 0.726968802167743, 0.43289381319519327, 0.9042504074148672, 0.6961362326363885, 0.7031518562900515, 0.0022283398002752863, 0.36417548800116634, 0.7802787248295021, 0.5340660193454804, 0.8916675122824504, 0.7707981286757005, 0.9106861229696878, 0.48220958787829177, 0.42211978098961495, 0.7891467230801946, 0.6368460643134322, 0.524322090020739, 0.9475113673601577, 0.4259110746701025, 0.6812244378026183, 0.2763139913086955, 0.18696517983964392], BATTLES: 335-230-317-406-310-339-352-276-317-
7, 12, -1790.0, [0.25888741876788457, 0.8912827175168098, 0.23498686707023206, 0.30305444956102356, 0.6616759352300015, 0.39845048903968916, 0.9798416168889961, 0.5729438039552347, 0.7250425152997936, 0.49789409956655745, 0.5355292394034303, 0.12819218141507308, 0.18511523849945588, 0.9942810198939271, 0.8758843985006821, 0.17246084680557974, 0.4377852968383137, 0.44990959522583307, 0.6145783610827197, 0.37868550923110667, 0.5350759409703688, 0.5682208652452703, 0.6578019081469078, 0.10234974494914917, 0.549956925370599, 0.3698695862678676, 0.0798754496419102, 0.2701242982690846], BATTLES: 112-78-209-161-112-168-217-199-160-
7, 13, -1726.0, [0.004504931922306998, 0.8805746965824356, 0.20323902003364258, 0.8613282367413547, 0.5961053569570883, 0.2740137594589225, 0.5465094914970711, 0.030647676632427512, 0.8745407135539791, 0.18827166616140123, 0.297695068342024, 0.2908028732318567, 0.340953983894948, 0.4070755390063159, 0.18578145785079933, 0.5644457229350041, 0.5515148407930613, 0.33935840027351827, 0.07031932671458607, 0.662361055002806, 0.35105010709555706, 0.8266090668133986, 0.0436783155167257, 0.38887293024231506, 0.25139731654287906, 0.6890558669186773, 0.21083451172566983, 0.5440467915580187], BATTLES: 165-108-274-223-161-282-117-159-237-
7, 14, -2883.0, [0.384358934459335, 0.744378309470964, 0.15224525838375652, 0.34558638064283265, 0.534356212491614, 0.8440345193968488, 0.8624097163458528, 0.21912304829195958, 0.7688079453299538, 0.8273872829904995, 0.30413232358726805, 0.12465013556458437, 0.5530544243690961, 0.9524456145488782, 0.3668887439296713, 0.5877101788299097, 0.5768478673725135, 0.7783250757547623, 0.24274101361361725, 0.7063691098750103, 0.4311873367293306, 0.5004167932871388, 0.27355337322678175, 0.9428542883164845, 0.7453380220188613, 0.5157124877798899, 0.7335598500492166, 0.5059005558273401], BATTLES: 340-242-321-406-333-350-279-227-333-
8, 0, -2864.0, [0.24641151888467058, 0.9588160660854926, 0.11631942108156229, 0.2816175651774341, 0.5927215012726176, 0.7029031849373577, 0.3020209359375895, 0.38789260206723, 0.7533516891703781, 0.49048090634746655, 0.1112916825503983, 0.029463557355099645, 0.42180443423815295, 0.7766405449696547, 0.3429738781358524, 0.7019741518822982, 0.8325748608094532, 0.8838410026701441, 0.04015603213956702, 0.7703662535485638, 0.3345410130264952, 0.9681144376389144, 0.14650395014978795, 0.8918269217784603, 0.5682120017029023, 0.542206667952634, 0.03494900683364925, 0.456464086029678], BATTLES: 330-220-330-395-365-382-266-234-336-
8, 1, -2366.0, [0.4946894431933954, 0.828241953310952, 0.2767349435957541, 0.8825868240741361, 0.4683331966678923, 0.6745291756299582, 0.9944139277368389, 0.16633777987280343, 0.7936477510345521, 0.8426302963357519, 0.11978432939155595, 0.10139208763332239, 0.854533721844623, 0.5726077942907808, 0.19191806148949786, 0.6450018171884281, 0.7895279797783693, 0.6423185749707392, 0.21994862901883, 0.6311103651707116, 0.5963045204404757, 0.8277304251768159, 0.22325644996106994, 0.924480481671385, 0.5618234682250375, 0.9335232242220228, 0.27587980673521434, 0.33236792659424785], BATTLES: 274-203-307-297-222-304-229-252-278-
8, 2, -2869.0, [0.4257834989499154, 0.9459998032927806, 0.019105852119575967, 0.33059993240411106, 0.7444763561219931, 0.792824822315307, 0.4883117388554381, 0.4282201076359853, 0.6417550570593406, 0.5877240827664454, 0.23357631090655653, 0.18674617558831447, 0.4954243209418824, 0.7919514631623008, 0.6714615886964599, 0.5695720679622333, 0.8845004712719022, 0.9698530638830762, 0.37403596898527136, 0.4895534044927672, 0.2382423999691279, 0.8306911175088489, 0.3181187725327831, 0.9282634146968023, 0.5477851710180974, 0.9722506229086851, 0.15023781099469463, 0.22100144299743404], BATTLES: 275-227-310-440-317-363-330-258-349-
8, 3, -2654.0, [0.2150289170706008, 0.9937762374669366, 0.05592991910919414, 0.4784774609722785, 0.969819986813604, 0.7745962897534092, 0.7672686257093688, 0.4976191342571489, 0.7038529150299578, 0.44154114905426217, 0.08409741257889601, 0.0876117507340934, 0.7720797863676254, 0.922126134006032, 0.7440696464052243, 0.39646565725553906, 0.4518627210446801, 0.9678962672031494, 0.4387848910307276, 0.4908230334409941, 0.2577313268458139, 0.4553556997056767, 0.3257325017337734, 0.7990609870123742, 0.39808608621853114, 0.9269171950894786, 0.06895671386306457, 0.24838629911649432], BATTLES: 299-185-293-410-362-376-213-208-274-
8, 4, -2976.0, [0.4993443035197799, 0.9801326245983303, 0.032611811683841675, 0.0651933509505954, 0.6132267277905912, 0.8756383764728528, 0.7308245815246743, 0.38054273112790366, 0.5895298532143924, 0.5439522994987442, 0.11343618321982837, 0.29744474426002393, 0.6154322763632517, 0.9573300448856774, 0.6758173298977078, 0.6665748299898052, 0.5861447136743757, 0.9329505014406991, 0.36845266883938804, 0.42260426392465134, 0.42239071426339453, 0.5245938963073412, 0.5233612324192072, 0.9407185810374123, 0.4734193181495113, 0.6428876702161299, 0.12330945610394978, 0.2847486093822425], BATTLES: 309-238-325-445-311-359-366-286-337-
8, 5, -2450.0, [0.12866179685757398, 0.6581691521365534, 0.13984847723741603, 0.0438944964145872, 0.5960890167838093, 0.4377968836569303, 0.77686235114715, 0.28022830984575764, 0.23528133121470368, 0.6959134999847907, 0.28939785002083784, 0.6164569090496641, 0.0771950370461639, 0.5841051585375616, 0.19004166774070055, 0.28321937797238317, 0.5740475021316849, 0.9350872831682344, 0.4656203027257, 0.7001677807936291, 0.5723779468836039, 0.9890756435175496, 0.21599733417132638, 0.8368955777567103, 0.7630872235684588, 0.933550290858018, 0.2394709216875701, 0.7734618724665029], BATTLES: 329-161-335-320-270-346-180-204-277-
8, 6, -2895.0, [0.4209667509998863, 0.6983465296308629, 0.07999516876960813, 0.9593879475881231, 0.568951227281929, 0.7556869027385089, 0.5303354893674959, 0.24699808075399748, 0.8813602288127469, 0.28245338149140287, 0.13081742163941287, 0.16331130896931018, 0.6691647812075083, 0.7171453405690983, 0.3890731134218481, 0.8376651416011034, 0.5427136177033034, 0.738769560299711, 0.19298016027103845, 0.6242189473136267, 0.2504720120695786, 0.7147245879675149, 0.2260491207627947, 0.8778410320157132, 0.586203317016205, 0.6825746673889518, 0.12337358137722548, 0.45302463129838866], BATTLES: 314-225-344-422-341-357-314-243-335-
8, 7, -2787.0, [0.4734022387812542, 0.9481874868979185, 0.049088649135747564, 0.09119042206365968, 0.40718307903060963, 0.9006783548755293, 0.6491588611732504, 0.23730808136912798, 0.38238844029016555, 0.8148763594777971, 0.4118513929358327, 0.6850443744451697, 0.6013555927961676, 0.9213180066591289, 0.7623472694387255, 0.6782295873683406, 0.6735895952282362, 0.8030514675482752, 0.23030097651327283, 0.3896433337050007, 0.3884785010587221, 0.5174288522291999, 0.45297285736985615, 0.6455363790284767, 0.6684211118240652, 0.4711481354064444, 0.20199013339271055, 0.2771433724585665], BATTLES: 287-217-298-420-285-332-368-263-317-
8, 8, -2996.0, [0.7482217099280822, 0.9762804972890374, 0.09040100907469266, 0.09034511929482633, 0.641618708906722, 0.8915462663001996, 0.6944981453885737, 0.1740430569973104, 0.9991292532449942, 0.48094502653958254, 0.09966029085503071, 0.3566467643740279, 0.8467611890642597, 0.46012309291776393, 0.5973381657331865, 0.5396330129088607, 0.7347540195306033, 0.8770751489283692, 0.386732972416356, 0.5535541453756387, 0.6500943313315194, 0.3206165231791428, 0.7539530451349212, 0.9965608220849943, 0.37488796411107644, 0.9551745029642009, 0.35012979732692506, 0.511171652923298], BATTLES: 371-257-320-426-326-361-336-304-295-
8, 9, -2871.0, [0.9300770453874246, 0.7839690355698588, 0.034831292778730094, 0.7353993052454141, 0.7550244399685541, 0.878304339776833, 0.6940817471273298, 0.1787585435335204, 0.873108922435377, 0.46275173454620416, 0.36423929210181516, 0.1603343511288315, 0.19893468320390953, 0.3982540877644807, 0.37487073128723836, 0.9466943859359762, 0.8928406542804168, 0.5996884205247699, 0.05255955817034508, 0.5585012655456504, 0.15657908619556543, 0.6057511136914014, 0.5044985647748375, 0.011611110175527573, 0.46396557829192075, 0.6592320284409852, 0.6834730040213479, 0.5774432554758419], BATTLES: 330-242-335-439-334-323-319-240-303-
8, 10, -2459.0, [0.4958859704914482, 0.6812290208775137, 0.12923605888007314, 0.3407879383704713, 0.5792550720048324, 0.4085065496855176, 0.8389865383206354, 0.3580008578829556, 0.5152957511889047, 0.7531177954081871, 0.3979437256860786, 0.7278817070079644, 0.5311596951048851, 0.8443651559665264, 0.33851234844783884, 0.4961317081839187, 0.4983813533974115, 0.16374077476821436, 0.38744775359212263, 0.6213907936357526, 0.317910547599131, 0.6789941297392116, 0.4171485431288944, 0.24761902595469482, 0.5873977598262028, 0.675703746819768, 0.45233529965558483, 0.40695428157196917], BATTLES: 257-166-280-313-274-339-187-188-255-
8, 11, -2877.0, [0.5628024198208222, 0.9378670732724598, 0.10558449032637113, 0.11167726984656001, 0.5073752035207701, 0.9927005387938985, 0.6827678874293374, 0.4553250131513186, 0.6737237184908988, 0.6961362326363885, 0.29682567952211925, 0.0022283398002752863, 0.36417548800116634, 0.7802787248295021, 0.5340660193454804, 0.6088200339806262, 0.6436612332467251, 0.9106861229696878, 0.48220958787829177, 0.5574339343331578, 0.7891467230801946, 0.7444860108762344, 0.524322090020739, 0.9737556836800789, 0.4259110746701025, 0.988098640421249, 0.2763139913086955, 0.18696517983964392], BATTLES: 321-214-304-407-283-364-344-269-295-
8, 12, -2069.0, [0.25888741876788457, 0.8912827175168098, 0.15843896155595655, 0.49801973919021814, 0.6616759352300015, 0.39845048903968916, 0.989920808444498, 0.5729438039552347, 0.7250425152997936, 0.9306251373847088, 0.5355292394034303, 0.14781984040159876, 0.601573288701993, 0.9031475787400216, 0.6628991501386857, 0.49718441155064086, 0.7927636876759991, 0.7553763857220207, 0.6145783610827197, 0.3305763435967022, 0.3928567404379941, 0.5682208652452703, 0.4409386016707987, 0.10234974494914917, 0.5255346096711385, 0.937186186470402, 0.0399377248209551, 0.2061695910653604], BATTLES: 156-117-231-188-140-257-177-206-185-
8, 13, -1685.0, [0.004504931922306998, 0.9402873482912177, 0.20323902003364258, 0.8613282367413547, 0.5961053569570883, 0.2740137594589225, 0.5465094914970711, 0.09755328103690916, 0.853777758417808, 0.18827166616140123, 0.4027574014389034, 0.2908028732318567, 0.170476991947474, 0.4070755390063159, 0.545286904870441, 0.5644457229350041, 0.5515148407930613, 0.8787263272280564, 0.07031932671458607, 0.662361055002806, 0.35105010709555706, 0.8266090668133986, 0.008243149947746081, 0.6944364651211575, 0.25139731654287906, 0.8445279334593386, 0.21083451172566983, 0.5440467915580187], BATTLES: 178-115-264-207-165-254-120-139-211-
8, 14, -2924.0, [0.40610263397893476, 0.9923906709150827, 0.06733004404623955, 0.34558638064283265, 0.534356212491614, 0.8440345193968488, 0.6383498159102164, 0.21912304829195958, 0.6031584951145449, 0.8273872829904995, 0.30413232358726805, 0.19342230055405885, 0.44425880960191283, 0.9524456145488782, 0.6809673125018738, 0.5877101788299097, 0.9773978825004025, 0.8891625378773811, 0.24274101361361725, 0.7063691098750103, 0.4311873367293306, 0.7422041071758101, 0.27355337322678175, 0.9714271441582423, 0.7453380220188613, 0.5157124877798899, 0.7335598500492166, 0.41046323145040203], BATTLES: 319-234-314-378-323-347-263-253-305-
9, 0, -2781.0, [0.24641151888467058, 0.9588160660854926, 0.11631942108156229, 0.2816175651774341, 0.5927215012726176, 0.7029031849373577, 0.3020209359375895, 0.38789260206723, 0.7533516891703781, 0.49048090634746655, 0.1112916825503983, 0.029463557355099645, 0.42180443423815295, 0.7766405449696547, 0.3429738781358524, 0.7019741518822982, 0.8325748608094532, 0.8838410026701441, 0.04015603213956702, 0.7703662535485638, 0.3345410130264952, 0.9681144376389144, 0.14650395014978795, 0.8918269217784603, 0.5682120017029023, 0.542206667952634, 0.03494900683364925, 0.456464086029678], BATTLES: 329-212-327-384-345-407-230-243-304-
9, 1, -2381.0, [0.6668803547250356, 0.8164586924866785, 0.2767349435957541, 0.6815116797890157, 0.4683331966678923, 0.8633926416574423, 0.9944139277368389, 0.16633777987280343, 0.8181511993937095, 0.8426302963357519, 0.11978432939155595, 0.18031005550118703, 0.854533721844623, 0.49912992889776836, 0.24610960387923952, 0.8033864712803209, 0.9070455208846271, 0.6423185749707392, 0.07759667551385116, 0.6804037141634884, 0.3147771890025799, 0.8546773123489857, 0.22325644996106994, 0.5386019066393539, 0.5104493554599706, 0.8401455027026771, 0.45686386937010126, 0.33236792659424785], BATTLES: 249-168-281-293-228-305-243-247-251-
9, 2, -2846.0, [0.4257834989499154, 0.9729999016463903, 0.009552926059787983, 0.5940947835350314, 0.7444763561219931, 0.8011814919758518, 0.7717838953960515, 0.1833235481118476, 0.6417550570593406, 0.4819634431420797, 0.20453355009356655, 0.09337308779415723, 0.4954243209418824, 0.8851009370906863, 0.7486136421150437, 0.8898089429482485, 0.9422502356359511, 0.9698530638830762, 0.0800304076663147, 0.4895534044927672, 0.22917806778065825, 0.705370293055143, 0.367533945959591, 0.9641317073484011, 0.35651358906041974, 0.9861253114543426, 0.12140200368346818, 0.5036512088504523], BATTLES: 278-224-305-432-326-364-304-241-315-
9, 3, -2697.0, [0.2150289170706008, 0.9937762374669366, 0.05592991910919414, 0.4784774609722785, 0.969819986813604, 0.7745962897534092, 0.7672686257093688, 0.4976191342571489, 0.7038529150299578, 0.44154114905426217, 0.08409741257889601, 0.0876117507340934, 0.7720797863676254, 0.922126134006032, 0.7440696464052243, 0.39646565725553906, 0.4518627210446801, 0.9678962672031494, 0.4387848910307276, 0.4908230334409941, 0.2577313268458139, 0.4553556997056767, 0.3257325017337734, 0.7990609870123742, 0.39808608621853114, 0.9269171950894786, 0.06895671386306457, 0.24838629911649432], BATTLES: 304-182-304-411-366-381-249-210-290-
9, 4, -2818.0, [0.4993443035197799, 0.9801326245983303, 0.032611811683841675, 0.0651933509505954, 0.6132267277905912, 0.8756383764728528, 0.7308245815246743, 0.38054273112790366, 0.5895298532143924, 0.5439522994987442, 0.11343618321982837, 0.29744474426002393, 0.6154322763632517, 0.9573300448856774, 0.6758173298977078, 0.6665748299898052, 0.5861447136743757, 0.9329505014406991, 0.36845266883938804, 0.42260426392465134, 0.42239071426339453, 0.5245938963073412, 0.5233612324192072, 0.9407185810374123, 0.4734193181495113, 0.6428876702161299, 0.12330945610394978, 0.2847486093822425], BATTLES: 300-244-312-439-292-340-337-247-307-
9, 5, -2443.0, [0.12866179685757398, 0.6581691521365534, 0.13984847723741603, 0.0438944964145872, 0.5960890167838093, 0.4377968836569303, 0.77686235114715, 0.28022830984575764, 0.23528133121470368, 0.6959134999847907, 0.28939785002083784, 0.6164569090496641, 0.0771950370461639, 0.5841051585375616, 0.19004166774070055, 0.28321937797238317, 0.5740475021316849, 0.9350872831682344, 0.4656203027257, 0.7001677807936291, 0.5723779468836039, 0.9890756435175496, 0.21599733417132638, 0.8368955777567103, 0.7630872235684588, 0.933550290858018, 0.2394709216875701, 0.7734618724665029], BATTLES: 278-199-303-307-275-348-190-244-299-
9, 6, -2861.0, [0.4209667509998863, 0.6983465296308629, 0.07999516876960813, 0.9593879475881231, 0.568951227281929, 0.7556869027385089, 0.5303354893674959, 0.24699808075399748, 0.8813602288127469, 0.28245338149140287, 0.13081742163941287, 0.16331130896931018, 0.6691647812075083, 0.7171453405690983, 0.3890731134218481, 0.8376651416011034, 0.5427136177033034, 0.738769560299711, 0.19298016027103845, 0.6242189473136267, 0.2504720120695786, 0.7147245879675149, 0.2260491207627947, 0.8778410320157132, 0.586203317016205, 0.6825746673889518, 0.12337358137722548, 0.45302463129838866], BATTLES: 312-224-325-431-331-354-304-251-329-
9, 7, -2814.0, [0.4734022387812542, 0.9740937434489593, 0.024544324567873782, 0.19114129683867853, 0.40718307903060963, 0.9503391774377646, 0.6491588611732504, 0.34788226939063693, 0.8679844405696763, 0.8148763594777971, 0.20592569646791636, 0.6850443744451697, 0.673211830906369, 0.9606590033295644, 0.551609170915808, 0.6782295873683406, 0.6735895952282362, 0.9015257337741376, 0.23030097651327283, 0.6826268162922836, 0.5311776675519372, 0.5174288522291999, 0.013114937730982934, 0.6455363790284767, 0.6684211118240652, 0.6084029763722744, 0.20199013339271055, 0.2771433724585665], BATTLES: 293-196-299-409-283-324-348-258-317-
9, 8, -2887.0, [0.7482217099280822, 0.9762804972890374, 0.09040100907469266, 0.09034511929482633, 0.641618708906722, 0.8915462663001996, 0.6944981453885737, 0.1740430569973104, 0.9991292532449942, 0.48094502653958254, 0.09966029085503071, 0.3566467643740279, 0.8467611890642597, 0.46012309291776393, 0.5973381657331865, 0.5396330129088607, 0.7347540195306033, 0.8770751489283692, 0.386732972416356, 0.5535541453756387, 0.6500943313315194, 0.3206165231791428, 0.7539530451349212, 0.9965608220849943, 0.37488796411107644, 0.9551745029642009, 0.35012979732692506, 0.511171652923298], BATTLES: 349-268-315-432-297-324-333-285-284-
9, 9, -2831.0, [0.9211436458993143, 0.7839690355698588, 0.034831292778730094, 0.7353993052454141, 0.7550244399685541, 0.9391521698884164, 0.6940817471273298, 0.08951613842199319, 0.8986282290357429, 0.46275173454620416, 0.02591656430892969, 0.31253600765257666, 0.19893468320390953, 0.31437356053845056, 0.37487073128723836, 0.9407523333418861, 0.9464203271402084, 0.799844210262385, 0.05255955817034508, 0.6217552564992723, 0.2740338793965734, 0.6057511136914014, 0.45061562690681045, 0.011611110175527573, 0.4094730887237713, 0.6592320284409852, 0.6834730040213479, 0.5085317507687243], BATTLES: 343-229-302-431-308-311-368-260-262-
9, 10, -2357.0, [0.4958859704914482, 0.6812290208775137, 0.12923605888007314, 0.3407879383704713, 0.6342506901830531, 0.4085065496855176, 0.8389865383206354, 0.3411918087270823, 0.43017785649156576, 0.7531177954081871, 0.3979437256860786, 0.575413446866193, 0.4680207613847788, 0.9221825779832632, 0.6573529614582962, 0.46043397776387496, 0.4983813533974115, 0.16374077476821436, 0.3733342817782665, 0.5690255919106338, 0.317910547599131, 0.6789941297392116, 0.4861614836056822, 0.6503542094194222, 0.5873977598262028, 0.675703746819768, 0.5785654175711121, 0.4739362012346339], BATTLES: 228-190-266-342-240-265-250-267-264-
9, 11, -2979.0, [0.7264023783031841, 0.9639696776847961, 0.10558449032637113, 0.055838634923280006, 0.7002224683957002, 0.9927005387938985, 0.6175340749587953, 0.2807215111992187, 0.8368618592454494, 0.6961362326363885, 0.14148285909164163, 0.0011141699001376432, 0.9249343293199767, 0.5919201758555077, 0.6695061753666524, 0.36990436327637316, 0.7488463307195294, 0.980825237872619, 0.2148733938020765, 0.5562027266349362, 0.37413875452291045, 0.6040339157579946, 0.5386269215722341, 0.9737556836800789, 0.6555270682416996, 0.9940493202106244, 0.2763139913086955, 0.18696517983964392], BATTLES: 352-229-314-388-310-348-290-255-307-
9, 12, -2077.0, [0.31068427019908224, 0.8912827175168098, 0.15843896155595655, 0.49801973919021814, 0.6616759352300015, 0.39845048903968916, 0.989920808444498, 0.5729438039552347, 0.7250425152997936, 0.9306251373847088, 0.2248103408410268, 0.14781984040159876, 0.601573288701993, 0.9031475787400216, 0.6628991501386857, 0.6405117011349104, 0.7927636876759991, 0.8984185163433035, 0.3878500374587961, 0.40941400732176214, 0.3589456447733589, 0.5682208652452703, 0.4409386016707987, 0.10234974494914917, 0.5255346096711385, 0.937186186470402, 0.0399377248209551, 0.2061695910653604], BATTLES: 221-137-249-277-216-312-207-205-232-
9, 13, -2337.0, [0.004504931922306998, 0.9402873482912177, 0.20323902003364258, 0.8613282367413547, 0.5961053569570883, 0.6858626410766946, 0.5465094914970711, 0.09755328103690916, 0.853777758417808, 0.18827166616140123, 0.4027574014389034, 0.3330543428801152, 0.170476991947474, 0.4070755390063159, 0.545286904870441, 0.5644457229350041, 0.5515148407930613, 0.8787263272280564, 0.07031932671458607, 0.662361055002806, 0.35105010709555706, 0.8266090668133986, 0.008243149947746081, 0.6944364651211575, 0.25139731654287906, 0.8445279334593386, 0.08548219098306348, 0.5440467915580187], BATTLES: 149-120-253-197-131-271-115-161-222-
9, 14, -2918.0, [0.40610263397893476, 0.9923906709150827, 0.06733004404623955, 0.03133493463421211, 0.6401609211910078, 0.8721350487612058, 0.6383498159102164, 0.3180755214232865, 0.6031584951145449, 0.8273872829904995, 0.30413232358726805, 0.5866020844075572, 0.44425880960191283, 0.9524456145488782, 0.624272592686405, 0.5456664639596256, 0.9773978825004025, 0.6125559490006784, 0.2356659343547402, 0.7063691098750103, 0.37918191460318695, 0.5529678083574752, 0.27355337322678175, 0.9714271441582423, 0.6728275803907695, 0.5891645429339128, 0.7335598500492166, 0.41046323145040203], BATTLES: 321-242-342-404-328-353-314-270-337-
10, 0, -2802.0, [0.6170946262466573, 0.9588160660854926, 0.12234148736581239, 0.2816175651774341, 0.7319893561729693, 0.8514515924686789, 0.3020209359375895, 0.38789260206723, 0.7533516891703781, 0.49048090634746655, 0.1112916825503983, 0.029463557355099645, 0.42180443423815295, 0.691284599496725, 0.6257333282857993, 0.4126346082756273, 0.8325748608094532, 0.8838410026701441, 0.04015603213956702, 0.7703662535485638, 0.5579389465761282, 0.9681144376389144, 0.5689755453426912, 0.8918269217784603, 0.5682120017029023, 0.8748669139295752, 0.03494900683364925, 0.456464086029678], BATTLES: 311-210-318-373-350-383-232-225-301-
10, 1, -2719.0, [0.6668803547250356, 0.8164586924866785, 0.08646152370868053, 0.6815116797890157, 0.4683331966678923, 0.8256169230072659, 0.9944139277368389, 0.4341056647448902, 0.6439180081175923, 0.8426302963357519, 0.11978432939155595, 0.18031005550118703, 0.854533721844623, 0.762393279910383, 0.24610960387923952, 0.8033864712803209, 0.9070455208846271, 0.6423185749707392, 0.2979887493978404, 0.6804037141634884, 0.3147771890025799, 0.8546773123489857, 0.22325644996106994, 0.5386019066393539, 0.39538810420077053, 0.9398651696405887, 0.45686386937010126, 0.33236792659424785], BATTLES: 271-140-274-297-240-310-243-274-266-
10, 2, -2709.0, [0.4257834989499154, 0.9729999016463903, 0.009552926059787983, 0.5940947835350314, 0.7444763561219931, 0.8011814919758518, 0.7717838953960515, 0.1833235481118476, 0.6417550570593406, 0.4819634431420797, 0.20453355009356655, 0.09337308779415723, 0.4954243209418824, 0.8851009370906863, 0.7486136421150437, 0.8898089429482485, 0.9422502356359511, 0.9698530638830762, 0.0800304076663147, 0.4895534044927672, 0.22917806778065825, 0.705370293055143, 0.367533945959591, 0.9641317073484011, 0.35651358906041974, 0.9861253114543426, 0.12140200368346818, 0.5036512088504523], BATTLES: 290-226-311-426-285-314-329-223-305-
10, 3, -2543.0, [0.2150289170706008, 0.9937762374669366, 0.05592991910919414, 0.4784774609722785, 0.969819986813604, 0.7745962897534092, 0.7672686257093688, 0.4976191342571489, 0.7038529150299578, 0.44154114905426217, 0.08409741257889601, 0.0876117507340934, 0.7720797863676254, 0.922126134006032, 0.7440696464052243, 0.39646565725553906, 0.4518627210446801, 0.9678962672031494, 0.4387848910307276, 0.4908230334409941, 0.2577313268458139, 0.4553556997056767, 0.3257325017337734, 0.7990609870123742, 0.39808608621853114, 0.9269171950894786, 0.06895671386306457, 0.24838629911649432], BATTLES: 284-183-273-399-314-343-251-198-298-
10, 4, -2752.0, [0.5250955932606158, 0.9962723433922129, 0.07794450034102102, 0.0325966754752977, 0.718290725939669, 0.9655233026110741, 0.5606866597985999, 0.236960870669789, 0.5895298532143924, 0.5439522994987442, 0.11343618321982837, 0.5321903690692737, 0.6475448945471209, 0.7076595589613061, 0.6758173298977078, 0.5342656404771559, 0.5861447136743757, 0.7678802124577244, 0.36845266883938804, 0.42260426392465134, 0.4693484898172555, 0.5767512414759574, 0.5233612324192072, 0.9703592905187062, 0.5272701638391163, 0.8323900266666108, 0.12330945610394978, 0.5139766555742823], BATTLES: 285-232-296-424-282-347-355-240-285-
10, 5, -2474.0, [0.12866179685757398, 0.8377710699505506, 0.06992423861870802, 0.0219472482072936, 0.5960890167838093, 0.4377968836569303, 0.77686235114715, 0.17829344348486928, 0.23528133121470368, 0.6959134999847907, 0.28939785002083784, 0.264323349279312, 0.0771950370461639, 0.5647954429820955, 0.19004166774070055, 0.28321937797238317, 0.5740475021316849, 0.9807896885506815, 0.1250668982584974, 0.7068160620298316, 0.5184860938546014, 0.8544422903997505, 0.21854622534359996, 0.7406913786514265, 0.7630872235684588, 0.9217882714065175, 0.15003779579546636, 0.4256628999505858], BATTLES: 243-178-270-301-257-341-173-222-265-
10, 6, -2825.0, [0.4209667509998863, 0.6983465296308629, 0.039997584384804066, 0.737733819419379, 0.568951227281929, 0.6197769672172879, 0.5303354893674959, 0.2757368196385465, 0.9406801144063734, 0.28245338149140287, 0.13081742163941287, 0.04645974419311394, 0.6691647812075083, 0.8585726702845491, 0.3890731134218481, 0.8376651416011034, 0.5427136177033034, 0.7488662533233698, 0.09649008013551923, 0.7410374476516278, 0.2504720120695786, 0.6735419015713264, 0.20237177203520232, 0.9252569437538934, 0.586203317016205, 0.6825746673889518, 0.12337358137722548, 0.45302463129838866], BATTLES: 306-194-309-417-321-364-294-263-311-
10, 7, -2642.0, [0.4734022387812542, 0.9740937434489593, 0.024544324567873782, 0.19114129683867853, 0.40718307903060963, 0.9503391774377646, 0.6491588611732504, 0.34788226939063693, 0.8679844405696763, 0.8148763594777971, 0.20592569646791636, 0.6850443744451697, 0.673211830906369, 0.9606590033295644, 0.551609170915808, 0.6782295873683406, 0.6735895952282362, 0.9015257337741376, 0.23030097651327283, 0.6826268162922836, 0.5311776675519372, 0.5174288522291999, 0.013114937730982934, 0.6455363790284767, 0.6684211118240652, 0.6084029763722744, 0.20199013339271055, 0.2771433724585665], BATTLES: 244-165-305-417-272-332-337-237-333-
10, 8, -2861.0, [0.7482217099280822, 0.9762804972890374, 0.09040100907469266, 0.09034511929482633, 0.641618708906722, 0.8915462663001996, 0.6944981453885737, 0.1740430569973104, 0.9991292532449942, 0.48094502653958254, 0.09966029085503071, 0.3566467643740279, 0.8467611890642597, 0.46012309291776393, 0.5973381657331865, 0.5396330129088607, 0.7347540195306033, 0.8770751489283692, 0.386732972416356, 0.5535541453756387, 0.6500943313315194, 0.3206165231791428, 0.7539530451349212, 0.9965608220849943, 0.37488796411107644, 0.9551745029642009, 0.35012979732692506, 0.511171652923298], BATTLES: 355-226-288-407-331-353-336-291-274-
10, 9, -2732.0, [0.6921413546453462, 0.8919845177849294, 0.017415646389365047, 0.7353993052454141, 0.6188221442267209, 0.9391521698884164, 0.6940817471273298, 0.11967205443613418, 0.5391902775656763, 0.46275173454620416, 0.012958282154464845, 0.31253600765257666, 0.41509257836691127, 0.31437356053845056, 0.37487073128723836, 0.7525230430164009, 0.9464203271402084, 0.791742643686532, 1.648433999412724e-06, 0.7690739355738585, 0.38635824780441635, 0.5253452507001615, 0.45061562690681045, 0.011611110175527573, 0.4094730887237713, 0.3553519385070312, 0.6834730040213479, 0.49227756874170664], BATTLES: 325-245-274-436-282-326-317-245-232-
10, 10, -2698.0, [0.4958859704914482, 0.8155977932620421, 0.10704903507183999, 0.3407879383704713, 0.6342506901830531, 0.7544206349548792, 0.8389865383206354, 0.3411918087270823, 0.7222130792912191, 0.7233452583708803, 0.2281352966188668, 0.575413446866193, 0.7281653332242368, 0.5349267045645767, 0.7766435095752546, 0.46043397776387496, 0.4983813533974115, 0.5093386159937622, 0.4395596958868738, 0.46624329170614043, 0.317910547599131, 0.4044384222271651, 0.7159588870988174, 0.8419832889802218, 0.5873977598262028, 0.837851873409884, 0.5843524707184269, 0.4156335058070446], BATTLES: 236-163-242-314-210-291-228-254-228-
10, 11, -2848.0, [0.7264023783031841, 0.9819848388423981, 0.16726705124079624, 0.055838634923280006, 0.7002224683957002, 0.9963502693969493, 0.6028791629625402, 0.2807215111992187, 0.7654945026027203, 0.6961362326363885, 0.2916107801249865, 0.5752027300693023, 0.9249343293199767, 0.5919201758555077, 0.7897940563469236, 0.6271402450865055, 0.8744231653597647, 0.914699124294668, 0.17037280497322413, 0.5562027266349362, 0.4699531628581223, 0.6040339157579946, 0.23603250761511835, 0.9737556836800789, 0.35088931541070684, 0.9940493202106244, 0.5391007001137689, 0.18696517983964392], BATTLES: 341-211-317-421-312-340-322-281-288-
10, 12, -2244.0, [0.31068427019908224, 0.8912827175168098, 0.14210111020804794, 0.24900986959510907, 0.5300351491166797, 0.39845048903968916, 0.989920808444498, 0.3501579519917197, 0.4987108961174222, 0.9653125686923544, 0.2248103408410268, 0.14781984040159876, 0.601573288701993, 0.9031475787400216, 0.6628991501386857, 0.6405117011349104, 0.7927636876759991, 0.9516041772570343, 0.4810843824854011, 0.45208416424271414, 0.3589456447733589, 0.5682208652452703, 0.5003443561917635, 0.5572261899769069, 0.5255346096711385, 0.937186186470402, 0.0399377248209551, 0.4054554496030607], BATTLES: 158-143-221-264-210-286-221-220-218-
10, 13, -2368.0, [0.2385387543455632, 0.9760114394302792, 0.20323902003364258, 0.8613282367413547, 0.5961053569570883, 0.6858626410766946, 0.5465094914970711, 0.16039099223960274, 0.853777758417808, 0.18827166616140123, 0.3956373780835998, 0.3330543428801152, 0.170476991947474, 0.4070755390063159, 0.545286904870441, 0.7361947502583789, 0.8592844978986661, 0.8787263272280564, 0.18528241020158265, 0.662361055002806, 0.35105010709555706, 0.8266090668133986, 0.14659293176185406, 0.6944364651211575, 0.47073630128058713, 0.7576316014346547, 0.660762824708963, 0.4941485129859585], BATTLES: 248-177-310-296-251-349-175-176-288-
10, 14, -2880.0, [0.40610263397893476, 0.9923906709150827, 0.06733004404623955, 0.03133493463421211, 0.6401609211910078, 0.8077570849158776, 0.6383498159102164, 0.3180755214232865, 0.6031584951145449, 0.8273872829904995, 0.12575382950704045, 0.5866020844075572, 0.44425880960191283, 0.9524456145488782, 0.646971460867669, 0.5456664639596256, 0.7249481789845285, 0.6125559490006784, 0.06427133736762713, 0.7063691098750103, 0.37918191460318695, 0.5529678083574752, 0.27355337322678175, 0.9714271441582423, 0.6728275803907695, 0.5891645429339128, 0.7335598500492166, 0.2086429315604431], BATTLES: 313-212-323-400-334-358-292-262-337-
11, 0, -2697.0, [0.6170946262466573, 0.9794080330427464, 0.11766567885292376, 0.3333722800682475, 0.7319893561729693, 0.8514515924686789, 0.25298772661873337, 0.167014701177215, 0.7533516891703781, 0.30482607052266036, 0.1112916825503983, 0.029463557355099645, 0.42180443423815295, 0.691284599496725, 0.581603476801544, 0.5829932899458026, 0.8325748608094532, 0.8838410026701441, 0.02007801606978351, 0.8929865845063616, 0.45694251172576916, 0.896334517273725, 0.2989199613972108, 0.8918269217784603, 0.5682120017029023, 0.8748669139295752, 0.03494900683364925, 0.456464086029678], BATTLES: 293-193-264-387-316-326-318-273-298-
11, 1, -2740.0, [0.6668803547250356, 0.8164586924866785, 0.08646152370868053, 0.6815116797890157, 0.4683331966678923, 0.8256169230072659, 0.9944139277368389, 0.4341056647448902, 0.6439180081175923, 0.8426302963357519, 0.11978432939155595, 0.18031005550118703, 0.854533721844623, 0.762393279910383, 0.24610960387923952, 0.8033864712803209, 0.9070455208846271, 0.6423185749707392, 0.2979887493978404, 0.6804037141634884, 0.3147771890025799, 0.8546773123489857, 0.22325644996106994, 0.5386019066393539, 0.39538810420077053, 0.9398651696405887, 0.45686386937010126, 0.33236792659424785], BATTLES: 289-196-313-384-280-342-342-285-309-
11, 2, -2630.0, [0.4257834989499154, 0.9729999016463903, 0.009552926059787983, 0.5940947835350314, 0.7444763561219931, 0.8011814919758518, 0.7717838953960515, 0.1833235481118476, 0.6417550570593406, 0.4819634431420797, 0.20453355009356655, 0.09337308779415723, 0.4954243209418824, 0.8851009370906863, 0.7486136421150437, 0.8898089429482485, 0.9422502356359511, 0.9698530638830762, 0.0800304076663147, 0.4895534044927672, 0.22917806778065825, 0.705370293055143, 0.367533945959591, 0.9641317073484011, 0.35651358906041974, 0.9861253114543426, 0.12140200368346818, 0.5036512088504523], BATTLES: 288-210-304-408-264-336-313-221-286-
11, 3, -2581.0, [0.4878687225466489, 0.9935510519133791, 0.05592991910919414, 0.4837247292142623, 0.7355436247965192, 0.970007052403172, 0.5401837971273324, 0.26600385762875495, 0.851926457514979, 0.18478394613454613, 0.042048706289448005, 0.0438058753670467, 0.9362964442752415, 0.6091948566263857, 0.7440696464052243, 0.7062924486739773, 0.6466800057586096, 0.9839481336015747, 0.24297182501933137, 0.4908230334409941, 0.2577313268458139, 0.4553556997056767, 0.4117214881202046, 0.8995304935061871, 0.39808608621853114, 0.9269171950894786, 0.06895671386306457, 0.3923893574999314], BATTLES: 244-166-252-376-322-356-215-193-272-
11, 4, -2807.0, [0.5250955932606158, 0.9962723433922129, 0.07794450034102102, 0.0325966754752977, 0.718290725939669, 0.9655233026110741, 0.5606866597985999, 0.236960870669789, 0.5895298532143924, 0.5439522994987442, 0.11343618321982837, 0.5321903690692737, 0.6475448945471209, 0.7076595589613061, 0.6758173298977078, 0.5342656404771559, 0.5861447136743757, 0.7678802124577244, 0.36845266883938804, 0.42260426392465134, 0.4693484898172555, 0.5767512414759574, 0.5233612324192072, 0.9703592905187062, 0.5272701638391163, 0.8323900266666108, 0.12330945610394978, 0.5139766555742823], BATTLES: 346-233-322-407-297-331-321-263-287-
11, 5, -2528.0, [0.12866179685757398, 0.8377710699505506, 0.1017826108469219, 0.3032705682054879, 0.5960890167838093, 0.9340031257770067, 0.3376071155950677, 0.08914672174243464, 0.23528133121470368, 0.23480144840833617, 0.28939785002083784, 0.264323349279312, 0.0771950370461639, 0.48295505602787514, 0.4461696969530497, 0.6617359113245007, 0.7381643812748013, 0.7959433551534159, 0.0625334491292487, 0.9569206847238534, 0.38177770434913455, 0.8544422903997505, 0.03788564840645284, 0.7406913786514265, 0.7630872235684588, 0.9217882714065175, 0.15003779579546636, 0.47922504855568326], BATTLES: 306-204-267-342-302-348-198-205-284-
11, 6, -2678.0, [0.4209667509998863, 0.6983465296308629, 0.039997584384804066, 0.737733819419379, 0.568951227281929, 0.6414421433730711, 0.439076547242954, 0.2745024458310408, 0.9432906969034935, 0.28245338149140287, 0.045237045593065364, 0.02322987209655697, 0.7328036804201102, 0.8608345539154927, 0.5609409736937399, 0.4802049165060027, 0.5427136177033034, 0.7146323557090185, 0.04824504006775961, 0.7410374476516278, 0.20771876120536725, 0.6735419015713264, 0.2560744041462147, 0.9252569437538934, 0.8338311344473579, 0.7193390108958579, 0.2864045965511677, 0.35476753786520343], BATTLES: 272-197-278-413-297-346-321-216-295-
11, 7, -2586.0, [0.6254277877800787, 0.9870468717244796, 0.01302918384947089, 0.19114129683867853, 0.7764166118258278, 0.9503391774377646, 0.7795215349882705, 0.34788226939063693, 0.7183984185915012, 0.8148763594777971, 0.136005098693121, 0.5933357255713901, 0.5506599114289213, 0.9803295016647822, 0.551609170915808, 0.7224411543162779, 0.7124670148906752, 0.8066072533278654, 0.11515048825663642, 0.6826268162922836, 0.5311776675519372, 0.5174288522291999, 0.21773123863803356, 0.6455363790284767, 0.6684211118240652, 0.6084029763722744, 0.20199013339271055, 0.25769397634186847], BATTLES: 230-156-306-377-250-361-330-236-309-
11, 8, -2703.0, [0.7482217099280822, 0.9762804972890374, 0.09040100907469266, 0.09034511929482633, 0.641618708906722, 0.8915462663001996, 0.6944981453885737, 0.1740430569973104, 0.9991292532449942, 0.48094502653958254, 0.09966029085503071, 0.3566467643740279, 0.8467611890642597, 0.46012309291776393, 0.5973381657331865, 0.5396330129088607, 0.7347540195306033, 0.8770751489283692, 0.386732972416356, 0.5535541453756387, 0.6500943313315194, 0.3206165231791428, 0.7539530451349212, 0.9965608220849943, 0.37488796411107644, 0.9551745029642009, 0.35012979732692506, 0.511171652923298], BATTLES: 334-201-293-393-278-352-315-272-265-
11, 9, -2677.0, [0.6921413546453462, 0.9459922588924647, 0.008707823194682524, 0.46289601395715174, 0.5486507683954358, 0.9321382349214835, 0.9342619279282547, 0.10606936780003827, 0.5391902775656763, 0.8018716572463509, 0.012958282154464845, 0.3636078138033266, 0.305702745722371, 0.9618539239262446, 0.6872991499520633, 0.9450498289810634, 0.9464203271402084, 0.7799589509448607, 8.24216999706362e-07, 0.950885476934907, 0.38635824780441635, 0.5441757915010437, 0.13122062867018808, 0.6976653033117257, 0.4094730887237713, 0.6119305572227021, 0.6203633144407148, 0.49227756874170664], BATTLES: 332-214-294-402-278-311-337-256-241-
11, 10, -2670.0, [0.4958859704914482, 0.8155977932620421, 0.10704903507183999, 0.3407879383704713, 0.6342506901830531, 0.7544206349548792, 0.8389865383206354, 0.3411918087270823, 0.7222130792912191, 0.7233452583708803, 0.2281352966188668, 0.575413446866193, 0.7281653332242368, 0.5349267045645767, 0.7766435095752546, 0.46043397776387496, 0.4983813533974115, 0.5093386159937622, 0.4395596958868738, 0.46624329170614043, 0.317910547599131, 0.4044384222271651, 0.7159588870988174, 0.8419832889802218, 0.5873977598262028, 0.837851873409884, 0.5843524707184269, 0.4156335058070446], BATTLES: 294-240-310-403-336-346-273-210-258-
11, 11, -2715.0, [0.7264023783031841, 0.9819848388423981, 0.16726705124079624, 0.055838634923280006, 0.7002224683957002, 0.9963502693969493, 0.6028791629625402, 0.2807215111992187, 0.7654945026027203, 0.6961362326363885, 0.2916107801249865, 0.5752027300693023, 0.9249343293199767, 0.5919201758555077, 0.7897940563469236, 0.6271402450865055, 0.8744231653597647, 0.914699124294668, 0.17037280497322413, 0.5562027266349362, 0.4699531628581223, 0.6040339157579946, 0.23603250761511835, 0.9737556836800789, 0.35088931541070684, 0.9940493202106244, 0.5391007001137689, 0.18696517983964392], BATTLES: 325-187-302-364-284-334-306-302-311-
11, 12, -2574.0, [0.4969965835691724, 0.8912827175168098, 0.14210111020804794, 0.24900986959510907, 0.5734007363101742, 0.6310978227673315, 0.8454262842983561, 0.23758339898505754, 0.518481946410963, 0.7198504303894502, 0.03421286605769619, 0.14781984040159876, 0.5104918696955487, 0.6155769610843644, 0.5333061646982168, 0.6405117011349104, 0.7445109088998376, 0.9516041772570343, 0.4810843824854011, 0.6069091760709611, 0.3589456447733589, 0.5682208652452703, 0.47605571410903996, 0.5572261899769069, 0.46884752390801826, 0.937186186470402, 0.0399377248209551, 0.3492877233692407], BATTLES: 207-165-254-274-218-314-234-240-248-
11, 13, -2301.0, [0.2385387543455632, 0.9760114394302792, 0.20323902003364258, 0.8613282367413547, 0.5961053569570883, 0.6858626410766946, 0.5465094914970711, 0.16039099223960274, 0.853777758417808, 0.18827166616140123, 0.3956373780835998, 0.3330543428801152, 0.170476991947474, 0.4070755390063159, 0.545286904870441, 0.7361947502583789, 0.8592844978986661, 0.8787263272280564, 0.18528241020158265, 0.662361055002806, 0.35105010709555706, 0.8266090668133986, 0.14659293176185406, 0.6944364651211575, 0.47073630128058713, 0.7576316014346547, 0.660762824708963, 0.4941485129859585], BATTLES: 225-166-269-307-255-344-210-222-303-
11, 14, -2845.0, [0.40610263397893476, 0.9923906709150827, 0.06733004404623955, 0.03133493463421211, 0.6401609211910078, 0.8077570849158776, 0.6383498159102164, 0.3180755214232865, 0.6031584951145449, 0.8273872829904995, 0.12575382950704045, 0.5866020844075572, 0.44425880960191283, 0.9524456145488782, 0.646971460867669, 0.5456664639596256, 0.7249481789845285, 0.6125559490006784, 0.06427133736762713, 0.7063691098750103, 0.37918191460318695, 0.5529678083574752, 0.27355337322678175, 0.9714271441582423, 0.6728275803907695, 0.5891645429339128, 0.7335598500492166, 0.2086429315604431], BATTLES: 284-201-311-392-344-400-320-253-340-
12, 0, -2653.0, [0.6170946262466573, 0.9897040165213732, 0.11766567885292376, 0.16668614003412374, 0.7319893561729693, 0.8514515924686789, 0.33761380625086995, 0.09162219208299968, 0.7533516891703781, 0.30482607052266036, 0.1112916825503983, 0.6474411510428921, 0.7264639579550787, 0.691284599496725, 0.7228088217598082, 0.5829932899458026, 0.8325748608094532, 0.8838410026701441, 0.16047703731740853, 0.6117921690505639, 0.45694251172576916, 0.6691290431183334, 0.43265423123830626, 0.9524945172328046, 0.6043666555512862, 0.9399079791671033, 0.03494900683364925, 0.456464086029678], BATTLES: 298-197-265-395-281-311-303-287-276-
12, 1, -2707.0, [0.6668803547250356, 0.8164586924866785, 0.08646152370868053, 0.6815116797890157, 0.4683331966678923, 0.8256169230072659, 0.9944139277368389, 0.4341056647448902, 0.6439180081175923, 0.8426302963357519, 0.11978432939155595, 0.18031005550118703, 0.854533721844623, 0.762393279910383, 0.24610960387923952, 0.8033864712803209, 0.9070455208846271, 0.6423185749707392, 0.2979887493978404, 0.6804037141634884, 0.3147771890025799, 0.8546773123489857, 0.22325644996106994, 0.5386019066393539, 0.39538810420077053, 0.9398651696405887, 0.45686386937010126, 0.33236792659424785], BATTLES: 292-193-303-395-280-325-349-277-293-
12, 2, -2781.0, [0.6181959860203793, 0.9729999016463903, 0.038169938063632364, 0.16232062764793526, 0.7162186640120095, 0.9005907459879259, 0.7717838953960515, 0.11566622551878211, 0.6425522429191598, 0.5296267787940395, 0.06588586758217373, 0.48891515307239025, 0.6123734755362785, 0.780316414602611, 0.7594635074424104, 0.7977833789077556, 0.8839712294401193, 0.9698530638830762, 0.04001520383315735, 0.6796492092805989, 0.22917806778065825, 0.6552774946953226, 0.23911691026041504, 0.9820658536742006, 0.35651358906041974, 0.9861253114543426, 0.5988824050730599, 0.5036512088504523], BATTLES: 276-207-286-414-276-332-311-248-296-
12, 3, -2609.0, [0.4878687225466489, 0.9550023351685758, 0.08347060978352154, 0.1798487326715537, 0.7355436247965192, 0.970007052403172, 0.5401837971273324, 0.381668101702234, 0.851926457514979, 0.41917234002523013, 0.042048706289448005, 0.502668261412792, 0.9362964442752415, 0.6091948566263857, 0.7440696464052243, 0.7062924486739773, 0.3984549314438192, 0.6772862855390482, 0.24297182501933137, 0.4156975143412739, 0.2577313268458139, 0.34137380877352863, 0.4117214881202046, 0.8834220204167822, 0.39808608621853114, 0.9269171950894786, 0.32451667796180256, 0.42450793065450265], BATTLES: 251-198-282-385-300-316-272-215-272-
12, 4, -2749.0, [0.5250955932606158, 0.9962723433922129, 0.07794450034102102, 0.0325966754752977, 0.6991587914973167, 0.8846311030851091, 0.5208033193763283, 0.236960870669789, 0.5895298532143924, 0.26640465495300547, 0.15317392654941686, 0.5321903690692737, 0.6475448945471209, 0.47082263010709274, 0.6758173298977078, 0.5342656404771559, 0.534851816392063, 0.8834695668399247, 0.346572702078442, 0.42260426392465134, 0.4693484898172555, 0.6955849622224215, 0.46822633890196663, 0.9703592905187062, 0.5272701638391163, 0.8323900266666108, 0.12330945610394978, 0.5139766555742823], BATTLES: 356-213-288-393-282-320-312-259-293-
12, 5, -2519.0, [0.12866179685757398, 0.9171456241192819, 0.1017826108469219, 0.09540948660131734, 0.6810859128929135, 0.9340031257770067, 0.3376071155950677, 0.08914672174243464, 0.4225790803927511, 0.23480144840833617, 0.28939785002083784, 0.264323349279312, 0.22769744032453762, 0.48295505602787514, 0.45688268307518454, 0.6006158805755967, 0.7381643812748013, 0.7526298084458714, 0.03126672456462435, 0.9569206847238534, 0.5031256734534221, 0.8544422903997505, 0.03788564840645284, 0.7406913786514265, 0.7630872235684588, 0.9409251333351426, 0.3380396607592083, 0.4875521165430132], BATTLES: 313-186-289-329-312-311-198-204-323-
12, 6, -2683.0, [0.4209667509998863, 0.6983465296308629, 0.039997584384804066, 0.737733819419379, 0.568951227281929, 0.6414421433730711, 0.439076547242954, 0.2745024458310408, 0.9432906969034935, 0.28245338149140287, 0.045237045593065364, 0.02322987209655697, 0.7328036804201102, 0.8608345539154927, 0.5609409736937399, 0.4802049165060027, 0.5427136177033034, 0.7146323557090185, 0.04824504006775961, 0.7410374476516278, 0.20771876120536725, 0.6735419015713264, 0.2560744041462147, 0.9252569437538934, 0.8338311344473579, 0.7193390108958579, 0.2864045965511677, 0.35476753786520343], BATTLES: 277-188-300-412-317-331-295-250-313-
12, 7, -2588.0, [0.6254277877800787, 0.9870468717244796, 0.01302918384947089, 0.19114129683867853, 0.7764166118258278, 0.9503391774377646, 0.7795215349882705, 0.34788226939063693, 0.7183984185915012, 0.8148763594777971, 0.136005098693121, 0.5933357255713901, 0.5506599114289213, 0.9803295016647822, 0.551609170915808, 0.7224411543162779, 0.7124670148906752, 0.8066072533278654, 0.11515048825663642, 0.6826268162922836, 0.5311776675519372, 0.5174288522291999, 0.21773123863803356, 0.6455363790284767, 0.6684211118240652, 0.6084029763722744, 0.20199013339271055, 0.25769397634186847], BATTLES: 248-154-288-407-299-351-317-230-294-
12, 8, -2742.0, [0.7482217099280822, 0.9881402486445188, 0.09040100907469266, 0.045172559647413166, 0.6351177140427758, 0.8915462663001996, 0.6944981453885737, 0.30282969210734023, 0.9991292532449942, 0.6789410267816735, 0.09966029085503071, 0.3566467643740279, 0.7893569193377225, 0.46012309291776393, 0.8265898719671868, 0.5396330129088607, 0.7347540195306033, 0.8770751489283692, 0.386732972416356, 0.5647158288695003, 0.6500943313315194, 0.3206165231791428, 0.7539530451349212, 0.9982804110424972, 0.37488796411107644, 0.9551745029642009, 0.35012979732692506, 0.511171652923298], BATTLES: 317-212-294-406-292-347-320-262-272-
12, 9, -2650.0, [0.6921413546453462, 0.9338977156483624, 0.004353911597341262, 0.46289601395715174, 0.5486507683954358, 0.9321382349214835, 0.7573556652101514, 0.10606936780003827, 0.5391902775656763, 0.8446524818072253, 0.012958282154464845, 0.4723625951916747, 0.804022705049876, 0.9618539239262446, 0.6872991499520633, 0.9725249144905317, 0.9464203271402084, 0.7799589509448607, 8.24216999706362e-07, 0.950885476934907, 0.38635824780441635, 0.7013854730796365, 0.1103247442008185, 0.8488326516558629, 0.4094730887237713, 0.6119305572227021, 0.6203633144407148, 0.49227756874170664], BATTLES: 287-204-286-412-250-341-328-217-268-
12, 10, -2623.0, [0.4958859704914482, 0.8155977932620421, 0.10704903507183999, 0.3407879383704713, 0.6342506901830531, 0.7544206349548792, 0.8389865383206354, 0.3411918087270823, 0.7222130792912191, 0.7233452583708803, 0.2281352966188668, 0.575413446866193, 0.7281653332242368, 0.5349267045645767, 0.7766435095752546, 0.46043397776387496, 0.4983813533974115, 0.5093386159937622, 0.4395596958868738, 0.46624329170614043, 0.317910547599131, 0.4044384222271651, 0.7159588870988174, 0.8419832889802218, 0.5873977598262028, 0.837851873409884, 0.5843524707184269, 0.4156335058070446], BATTLES: 329-212-261-401-307-327-277-227-282-
12, 11, -2715.0, [0.7264023783031841, 0.9819848388423981, 0.16726705124079624, 0.055838634923280006, 0.7002224683957002, 0.9963502693969493, 0.6028791629625402, 0.2807215111992187, 0.7654945026027203, 0.6961362326363885, 0.2916107801249865, 0.5752027300693023, 0.9249343293199767, 0.5919201758555077, 0.7897940563469236, 0.6271402450865055, 0.8744231653597647, 0.914699124294668, 0.17037280497322413, 0.5562027266349362, 0.4699531628581223, 0.6040339157579946, 0.23603250761511835, 0.9737556836800789, 0.35088931541070684, 0.9940493202106244, 0.5391007001137689, 0.18696517983964392], BATTLES: 333-184-283-362-298-321-327-321-286-
12, 12, -2557.0, [0.6345118580329906, 0.8912827175168098, 0.14210111020804794, 0.24900986959510907, 0.5734007363101742, 0.715298085881323, 0.8747502857608225, 0.34888015870879235, 0.518481946410963, 0.7198504303894502, 0.03421286605769619, 0.38170338370532325, 0.6792428974774972, 0.7751478317075099, 0.6517763543757977, 0.6405117011349104, 0.7445109088998376, 0.9516041772570343, 0.46474935004702345, 0.5737197716743208, 0.3589456447733589, 0.4180226640534486, 0.47605571410903996, 0.7501135563926936, 0.46884752390801826, 0.8153936158667676, 0.0399377248209551, 0.3492877233692407], BATTLES: 290-195-286-339-259-296-255-289-273-
12, 13, -2324.0, [0.2385387543455632, 0.9760114394302792, 0.20323902003364258, 0.2137146516604041, 0.5961053569570883, 0.803042719722381, 0.6922105821570845, 0.20922910057210914, 0.6018922369316635, 0.18827166616140123, 0.22806058856240835, 0.45866946441166484, 0.170476991947474, 0.7012325047500726, 0.545286904870441, 0.5732029184286446, 0.8592844978986661, 0.8787263272280564, 0.18528241020158265, 0.662361055002806, 0.35105010709555706, 0.8266090668133986, 0.30508001872365265, 0.6944364651211575, 0.5660953934233539, 0.7938490511174122, 0.660762824708963, 0.4941485129859585], BATTLES: 214-142-266-281-246-300-202-230-301-
12, 14, -2768.0, [0.40610263397893476, 0.9923906709150827, 0.06733004404623955, 0.03133493463421211, 0.6401609211910078, 0.8077570849158776, 0.6383498159102164, 0.3180755214232865, 0.6031584951145449, 0.8273872829904995, 0.12575382950704045, 0.5866020844075572, 0.44425880960191283, 0.9524456145488782, 0.646971460867669, 0.5456664639596256, 0.7249481789845285, 0.6125559490006784, 0.06427133736762713, 0.7063691098750103, 0.37918191460318695, 0.5529678083574752, 0.27355337322678175, 0.9714271441582423, 0.6728275803907695, 0.5891645429339128, 0.7335598500492166, 0.2086429315604431], BATTLES: 285-213-278-418-326-366-310-266-306-
13, 0, -2725.0, [0.6170946262466573, 0.9897040165213732, 0.11766567885292376, 0.1693742908206413, 0.7319893561729693, 0.9257257962343395, 0.49586640355886336, 0.1793111663342083, 0.8909541822916289, 0.30482607052266036, 0.1112916825503983, 0.6474411510428921, 0.7264639579550787, 0.691284599496725, 0.7228088217598082, 0.8384375411387788, 0.9408556486747064, 0.8838410026701441, 0.16047703731740853, 0.6117921690505639, 0.2604666827024853, 0.6691290431183334, 0.43265423123830626, 0.9524945172328046, 0.4233896645000194, 0.7866071232179876, 0.03494900683364925, 0.456464086029678], BATTLES: 296-216-244-367-274-304-309-286-298-
13, 1, -2640.0, [0.6668803547250356, 0.8164586924866785, 0.08646152370868053, 0.6815116797890157, 0.4683331966678923, 0.8256169230072659, 0.9944139277368389, 0.4341056647448902, 0.6439180081175923, 0.8426302963357519, 0.11978432939155595, 0.18031005550118703, 0.854533721844623, 0.762393279910383, 0.24610960387923952, 0.8033864712803209, 0.9070455208846271, 0.6423185749707392, 0.2979887493978404, 0.6804037141634884, 0.3147771890025799, 0.8546773123489857, 0.22325644996106994, 0.5386019066393539, 0.39538810420077053, 0.9398651696405887, 0.45686386937010126, 0.33236792659424785], BATTLES: 261-188-277-369-285-319-354-280-307-
13, 2, -2709.0, [0.6181959860203793, 0.9729999016463903, 0.038169938063632364, 0.16232062764793526, 0.7162186640120095, 0.9005907459879259, 0.7717838953960515, 0.11566622551878211, 0.6425522429191598, 0.5296267787940395, 0.06588586758217373, 0.48891515307239025, 0.6123734755362785, 0.780316414602611, 0.7594635074424104, 0.7977833789077556, 0.8839712294401193, 0.9698530638830762, 0.04001520383315735, 0.6796492092805989, 0.22917806778065825, 0.6552774946953226, 0.23911691026041504, 0.9820658536742006, 0.35651358906041974, 0.9861253114543426, 0.5988824050730599, 0.5036512088504523], BATTLES: 308-215-264-406-283-315-354-258-306-
13, 3, -2621.0, [0.4878687225466489, 0.9550023351685758, 0.08347060978352154, 0.1798487326715537, 0.7355436247965192, 0.970007052403172, 0.5401837971273324, 0.381668101702234, 0.851926457514979, 0.41917234002523013, 0.042048706289448005, 0.502668261412792, 0.9362964442752415, 0.6091948566263857, 0.7440696464052243, 0.7062924486739773, 0.3984549314438192, 0.6772862855390482, 0.24297182501933137, 0.4156975143412739, 0.2577313268458139, 0.34137380877352863, 0.4117214881202046, 0.8834220204167822, 0.39808608621853114, 0.9269171950894786, 0.32451667796180256, 0.42450793065450265], BATTLES: 273-219-288-370-305-364-282-224-296-
13, 4, -2647.0, [0.5250955932606158, 0.9962723433922129, 0.07794450034102102, 0.0325966754752977, 0.6991587914973167, 0.8846311030851091, 0.5208033193763283, 0.236960870669789, 0.5895298532143924, 0.26640465495300547, 0.15317392654941686, 0.5321903690692737, 0.6475448945471209, 0.47082263010709274, 0.6758173298977078, 0.5342656404771559, 0.534851816392063, 0.8834695668399247, 0.346572702078442, 0.42260426392465134, 0.4693484898172555, 0.6955849622224215, 0.46822633890196663, 0.9703592905187062, 0.5272701638391163, 0.8323900266666108, 0.12330945610394978, 0.5139766555742823], BATTLES: 320-216-258-392-289-281-340-277-274-
13, 5, -2599.0, [0.3378865587544475, 0.9171456241192819, 0.04284595138191078, 0.1369866007244487, 0.6605490715484901, 0.6526890046331394, 0.4159272035470073, 0.13070272472834266, 0.4225790803927511, 0.23480144840833617, 0.04830681094152467, 0.264323349279312, 0.7518699681273113, 0.8070061105538945, 0.5971626770190909, 0.6006158805755967, 0.5768419901615215, 0.7526298084458714, 0.015633362282312175, 0.9569206847238534, 0.5031256734534221, 0.8544422903997505, 0.03788564840645284, 0.7406913786514265, 0.8815436117842295, 0.7438134171409032, 0.5668845353911194, 0.2824381455291005], BATTLES: 278-186-265-336-332-367-196-205-327-
13, 6, -2629.0, [0.4209667509998863, 0.6983465296308629, 0.039997584384804066, 0.737733819419379, 0.568951227281929, 0.6414421433730711, 0.439076547242954, 0.2745024458310408, 0.9432906969034935, 0.28245338149140287, 0.045237045593065364, 0.02322987209655697, 0.7328036804201102, 0.8608345539154927, 0.5609409736937399, 0.4802049165060027, 0.5427136177033034, 0.7146323557090185, 0.04824504006775961, 0.7410374476516278, 0.20771876120536725, 0.6735419015713264, 0.2560744041462147, 0.9252569437538934, 0.8338311344473579, 0.7193390108958579, 0.2864045965511677, 0.35476753786520343], BATTLES: 251-184-259-416-324-334-311-236-314-
13, 7, -2542.0, [0.7391243679293582, 0.9870468717244796, 0.05393522230324198, 0.051701904422407734, 0.9174574244237365, 0.9474995871888624, 0.7795215349882705, 0.34788226939063693, 0.7183984185915012, 0.8148763594777971, 0.11061093795750987, 0.7772994376087177, 0.5506599114289213, 0.9803295016647822, 0.551609170915808, 0.7224411543162779, 0.5191119649632978, 0.5348885290683643, 0.021935221577063388, 0.6577580469188257, 0.41228471212465584, 0.37113920918463095, 0.49313648725659287, 0.6455363790284767, 0.8414050292210519, 0.5344014634087816, 0.6671256138224222, 0.25769397634186847], BATTLES: 233-155-252-404-298-328-320-228-287-
13, 8, -2717.0, [0.7482217099280822, 0.9881402486445188, 0.09040100907469266, 0.045172559647413166, 0.6351177140427758, 0.8915462663001996, 0.6944981453885737, 0.30282969210734023, 0.9991292532449942, 0.6789410267816735, 0.09966029085503071, 0.3566467643740279, 0.7893569193377225, 0.46012309291776393, 0.8265898719671868, 0.5396330129088607, 0.7347540195306033, 0.8770751489283692, 0.386732972416356, 0.5647158288695003, 0.6500943313315194, 0.3206165231791428, 0.7539530451349212, 0.9982804110424972, 0.37488796411107644, 0.9551745029642009, 0.35012979732692506, 0.511171652923298], BATTLES: 323-209-286-387-297-349-321-258-287-
13, 9, -2657.0, [0.6921413546453462, 0.8581367273878012, 0.061450255388103475, 0.46289601395715174, 0.5486507683954358, 0.9321382349214835, 0.7573556652101514, 0.3021581045458577, 0.6611276915321513, 0.9451828386092982, 0.012958282154464845, 0.4723625951916747, 0.804022705049876, 0.848913880985439, 0.7248123731239486, 0.9725249144905317, 0.7546730533360221, 0.7799589509448607, 0.0839442057480341, 0.8263277171520813, 0.28800649301325515, 0.7013854730796365, 0.3309615015843253, 0.8452477186002566, 0.6100542210346744, 0.6119305572227021, 0.9764313120128034, 0.2554250815471942], BATTLES: 282-185-264-375-267-315-335-239-277-
13, 10, -2676.0, [0.7168418080346821, 0.8661146732089928, 0.10704903507183999, 0.17039396918523564, 0.5747746413028418, 0.7544206349548792, 0.8389865383206354, 0.3411918087270823, 0.5867621960441969, 0.7233452583708803, 0.2281352966188668, 0.575413446866193, 0.7735706450885154, 0.6253256151156575, 0.7766435095752546, 0.46043397776387496, 0.623764628081632, 0.5093386159937622, 0.4395596958868738, 0.6648617554566981, 0.3452999530583211, 0.4044384222271651, 0.470118808013271, 0.7926340272643937, 0.5873977598262028, 0.837851873409884, 0.5396762782121046, 0.4156335058070446], BATTLES: 283-232-272-396-289-317-282-222-279-
13, 11, -2774.0, [0.5157584627552092, 0.8828578488327712, 0.10156955311365243, 0.055838634923280006, 0.7052634131419875, 0.8602889424266394, 0.6028791629625402, 0.2819446023358792, 0.5318803457091467, 0.6961362326363885, 0.2916107801249865, 0.5752027300693023, 0.9249343293199767, 0.7456926262324259, 0.876831413046258, 0.6271402450865055, 0.8744231653597647, 0.914699124294668, 0.17037280497322413, 0.5773146847354428, 0.135206427144023, 0.6040339157579946, 0.21563675655192804, 0.9737556836800789, 0.35088931541070684, 0.9940493202106244, 0.7108704545907608, 0.18696517983964392], BATTLES: 316-196-261-349-282-335-339-318-295-
13, 12, -2601.0, [0.6345118580329906, 0.8912827175168098, 0.07105055510402397, 0.24900986959510907, 0.5734007363101742, 0.8576490429406616, 0.8747502857608225, 0.22368160976896873, 0.518481946410963, 0.7198504303894502, 0.017106433028848095, 0.38170338370532325, 0.8975256874053117, 0.7751478317075099, 0.6517763543757977, 0.8678640814331511, 0.7445109088998376, 0.9758020886285171, 0.46474935004702345, 0.5737197716743208, 0.3589456447733589, 0.4563929958596089, 0.472525583194631, 0.8750567781963468, 0.46884752390801826, 0.8153936158667676, 0.0399377248209551, 0.3492877233692407], BATTLES: 277-196-280-333-264-284-289-276-254-
13, 13, -2446.0, [0.4342092713142962, 0.9760114394302792, 0.20323902003364258, 0.2137146516604041, 0.6872984211342846, 0.803042719722381, 0.736368409857317, 0.27935343824389897, 0.6018922369316635, 0.18827166616140123, 0.09128763075699632, 0.5267774092284306, 0.170476991947474, 0.7012325047500726, 0.545286904870441, 0.5732029184286446, 0.8592844978986661, 0.8787263272280564, 0.06312950656004368, 0.67261053649644, 0.4421502671645352, 0.6702400638278598, 0.2609030597537516, 0.6944364651211575, 0.5660953934233539, 0.7938490511174122, 0.660762824708963, 0.4941485129859585], BATTLES: 252-169-286-297-273-329-204-226-324-
13, 14, -2709.0, [0.40610263397893476, 0.9923906709150827, 0.06733004404623955, 0.03133493463421211, 0.6401609211910078, 0.8077570849158776, 0.6383498159102164, 0.3180755214232865, 0.6031584951145449, 0.8273872829904995, 0.12575382950704045, 0.5866020844075572, 0.44425880960191283, 0.9524456145488782, 0.646971460867669, 0.5456664639596256, 0.7249481789845285, 0.6125559490006784, 0.06427133736762713, 0.7063691098750103, 0.37918191460318695, 0.5529678083574752, 0.27355337322678175, 0.9714271441582423, 0.6728275803907695, 0.5891645429339128, 0.7335598500492166, 0.2086429315604431], BATTLES: 276-194-273-393-313-380-320-245-315-
14, 0, -2659.0, [0.6170946262466573, 0.9897040165213732, 0.11766567885292376, 0.1693742908206413, 0.7319893561729693, 0.9257257962343395, 0.49586640355886336, 0.1793111663342083, 0.8909541822916289, 0.30482607052266036, 0.1112916825503983, 0.6474411510428921, 0.7264639579550787, 0.691284599496725, 0.7228088217598082, 0.8384375411387788, 0.9408556486747064, 0.8838410026701441, 0.16047703731740853, 0.6117921690505639, 0.2604666827024853, 0.6691290431183334, 0.43265423123830626, 0.9524945172328046, 0.4233896645000194, 0.7866071232179876, 0.03494900683364925, 0.456464086029678], BATTLES: 309-198-292-372-293-319-303-286-287-
14, 1, -2602.0, [0.6668803547250356, 0.8164586924866785, 0.08646152370868053, 0.6815116797890157, 0.4683331966678923, 0.8256169230072659, 0.9944139277368389, 0.4341056647448902, 0.6439180081175923, 0.8426302963357519, 0.11978432939155595, 0.18031005550118703, 0.854533721844623, 0.762393279910383, 0.24610960387923952, 0.8033864712803209, 0.9070455208846271, 0.6423185749707392, 0.2979887493978404, 0.6804037141634884, 0.3147771890025799, 0.8546773123489857, 0.22325644996106994, 0.5386019066393539, 0.39538810420077053, 0.9398651696405887, 0.45686386937010126, 0.33236792659424785], BATTLES: 258-193-281-357-277-297-351-279-309-
14, 2, -2668.0, [0.6181959860203793, 0.9729999016463903, 0.038169938063632364, 0.16232062764793526, 0.7162186640120095, 0.9005907459879259, 0.7717838953960515, 0.11566622551878211, 0.6425522429191598, 0.5296267787940395, 0.06588586758217373, 0.48891515307239025, 0.6123734755362785, 0.780316414602611, 0.7594635074424104, 0.7977833789077556, 0.8839712294401193, 0.9698530638830762, 0.04001520383315735, 0.6796492092805989, 0.22917806778065825, 0.6552774946953226, 0.23911691026041504, 0.9820658536742006, 0.35651358906041974, 0.9861253114543426, 0.5988824050730599, 0.5036512088504523], BATTLES: 279-197-255-408-281-325-350-288-285-
14, 3, -2599.0, [0.4878687225466489, 0.9550023351685758, 0.08347060978352154, 0.1798487326715537, 0.7355436247965192, 0.970007052403172, 0.5401837971273324, 0.381668101702234, 0.851926457514979, 0.41917234002523013, 0.042048706289448005, 0.502668261412792, 0.9362964442752415, 0.6091948566263857, 0.7440696464052243, 0.7062924486739773, 0.3984549314438192, 0.6772862855390482, 0.24297182501933137, 0.4156975143412739, 0.2577313268458139, 0.34137380877352863, 0.4117214881202046, 0.8834220204167822, 0.39808608621853114, 0.9269171950894786, 0.32451667796180256, 0.42450793065450265], BATTLES: 282-202-281-377-281-319-308-229-320-
14, 4, -2675.0, [0.5250955932606158, 0.9962723433922129, 0.07794450034102102, 0.0325966754752977, 0.6899435660188935, 0.8347161999448842, 0.5208033193763283, 0.236960870669789, 0.6365986743078575, 0.3238234436177245, 0.15317392654941686, 0.5750499890533239, 0.6475448945471209, 0.47082263010709274, 0.6758173298977078, 0.5342656404771559, 0.534851816392063, 0.8834695668399247, 0.346572702078442, 0.42260426392465134, 0.4693484898172555, 0.6693507654569384, 0.46822633890196663, 0.9635256799252877, 0.6010630016685905, 0.67987976416348, 0.12330945610394978, 0.5018498097701537], BATTLES: 306-223-257-399-284-281-377-265-269-
14, 5, -2641.0, [0.3378865587544475, 0.9171456241192819, 0.04284595138191078, 0.1369866007244487, 0.6605490715484901, 0.6526890046331394, 0.4159272035470073, 0.13070272472834266, 0.4225790803927511, 0.23480144840833617, 0.04830681094152467, 0.264323349279312, 0.7518699681273113, 0.8070061105538945, 0.5971626770190909, 0.6006158805755967, 0.5768419901615215, 0.7526298084458714, 0.015633362282312175, 0.9569206847238534, 0.5031256734534221, 0.8544422903997505, 0.03788564840645284, 0.7406913786514265, 0.8815436117842295, 0.7438134171409032, 0.5668845353911194, 0.2824381455291005], BATTLES: 281-203-256-389-297-318-349-230-318-
14, 6, -2677.0, [0.4209667509998863, 0.6983465296308629, 0.039997584384804066, 0.5411220574872181, 0.568951227281929, 0.6414421433730711, 0.439076547242954, 0.2745024458310408, 0.9432906969034935, 0.5420915519905303, 0.08513574443523478, 0.02322987209655697, 0.7328036804201102, 0.8398836510619933, 0.5609409736937399, 0.5994378497534432, 0.6790303418026563, 0.6991714467414629, 0.04824504006775961, 0.7410374476516278, 0.13653007782565843, 0.690860063878194, 0.24889926320820602, 0.9252569437538934, 0.8338311344473579, 0.7193390108958579, 0.5916783815743498, 0.35476753786520343], BATTLES: 232-183-269-410-328-321-323-243-275-
14, 7, -2607.0, [0.7391243679293582, 0.9935234358622398, 0.05393522230324198, 0.051701904422407734, 0.9174574244237365, 0.9474995871888624, 0.7795215349882705, 0.34788226939063693, 0.7183984185915012, 0.8148763594777971, 0.0025027870632692295, 0.7838853007244974, 0.5506599114289213, 0.9901647508323911, 0.42855453400519866, 0.8612205771581389, 0.7986750155942713, 0.5348885290683643, 0.021935221577063388, 0.5824043065727517, 0.28800449870918776, 0.37113920918463095, 0.49313648725659287, 0.7242060201515934, 0.6617746298306918, 0.8838555550906158, 0.6671256138224222, 0.25769397634186847], BATTLES: 282-205-236-383-300-333-303-264-262-
14, 8, -2628.0, [0.7482217099280822, 0.9881402486445188, 0.09040100907469266, 0.045172559647413166, 0.6351177140427758, 0.8915462663001996, 0.6944981453885737, 0.30282969210734023, 0.9991292532449942, 0.6789410267816735, 0.09966029085503071, 0.3566467643740279, 0.7893569193377225, 0.46012309291776393, 0.8265898719671868, 0.5396330129088607, 0.7347540195306033, 0.8770751489283692, 0.386732972416356, 0.5647158288695003, 0.6500943313315194, 0.3206165231791428, 0.7539530451349212, 0.9982804110424972, 0.37488796411107644, 0.9551745029642009, 0.35012979732692506, 0.511171652923298], BATTLES: 312-213-287-382-307-321-294-247-265-
14, 9, -2696.0, [0.6103680953219678, 0.8742629110017786, 0.0979624361317347, 0.23144800697857587, 0.6193011069166835, 0.9321382349214835, 0.7573556652101514, 0.3021581045458577, 0.4309831241235726, 0.9451828386092982, 0.012958282154464845, 0.8197882003692079, 0.7053937155653341, 0.7069445559936925, 0.7740368187395336, 0.6684746651579359, 0.7546730533360221, 0.7799589509448607, 0.19561260149505869, 0.8263277171520813, 0.28800649301325515, 0.7853457325042508, 0.29639674164597085, 0.8452477186002566, 0.6100542210346744, 0.6119305572227021, 0.8523175594929205, 0.2554250815471942], BATTLES: 318-206-271-373-296-313-325-260-312-
14, 10, -2588.0, [0.7168418080346821, 0.8661146732089928, 0.10704903507183999, 0.17039396918523564, 0.5747746413028418, 0.7544206349548792, 0.8389865383206354, 0.3411918087270823, 0.5867621960441969, 0.7233452583708803, 0.2281352966188668, 0.575413446866193, 0.7735706450885154, 0.6253256151156575, 0.7766435095752546, 0.46043397776387496, 0.623764628081632, 0.5093386159937622, 0.4395596958868738, 0.6648617554566981, 0.3452999530583211, 0.4044384222271651, 0.470118808013271, 0.7926340272643937, 0.5873977598262028, 0.837851873409884, 0.5396762782121046, 0.4156335058070446], BATTLES: 307-212-242-374-292-274-322-281-284-
14, 11, -2728.0, [0.5157584627552092, 0.8828578488327712, 0.10156955311365243, 0.055838634923280006, 0.7052634131419875, 0.8602889424266394, 0.6028791629625402, 0.2819446023358792, 0.5318803457091467, 0.6961362326363885, 0.2916107801249865, 0.5752027300693023, 0.9249343293199767, 0.7456926262324259, 0.876831413046258, 0.6271402450865055, 0.8744231653597647, 0.914699124294668, 0.17037280497322413, 0.5773146847354428, 0.135206427144023, 0.6040339157579946, 0.21563675655192804, 0.9737556836800789, 0.35088931541070684, 0.9940493202106244, 0.7108704545907608, 0.18696517983964392], BATTLES: 277-220-266-374-287-356-332-313-303-
14, 12, -2663.0, [0.6345118580329906, 0.8115399368327125, 0.07105055510402397, 0.1303707790050881, 0.5734007363101742, 0.8576490429406616, 0.8444256532665189, 0.27602543242931565, 0.4201332403444844, 0.7198504303894502, 0.017106433028848095, 0.7265640531266393, 0.8975256874053117, 0.8917156545722458, 0.6517763543757977, 0.8820057698004273, 0.8764028505890983, 0.9758020886285171, 0.46474935004702345, 0.7617126557561, 0.25169141814890533, 0.4563929958596089, 0.472525583194631, 0.8750567781963468, 0.46884752390801826, 0.8153936158667676, 0.0399377248209551, 0.3492877233692407], BATTLES: 305-192-254-378-283-303-306-255-295-
14, 13, -2394.0, [0.4342092713142962, 0.9760114394302792, 0.20323902003364258, 0.2137146516604041, 0.6872984211342846, 0.803042719722381, 0.736368409857317, 0.27935343824389897, 0.6018922369316635, 0.18827166616140123, 0.09128763075699632, 0.5267774092284306, 0.170476991947474, 0.7012325047500726, 0.545286904870441, 0.5732029184286446, 0.8592844978986661, 0.8787263272280564, 0.06312950656004368, 0.67261053649644, 0.4421502671645352, 0.6702400638278598, 0.2609030597537516, 0.6944364651211575, 0.5660953934233539, 0.7938490511174122, 0.660762824708963, 0.4941485129859585], BATTLES: 231-190-245-310-252-285-275-288-318-
14, 14, -2784.0, [0.40610263397893476, 0.9923906709150827, 0.06733004404623955, 0.03133493463421211, 0.6401609211910078, 0.8077570849158776, 0.6383498159102164, 0.3180755214232865, 0.6031584951145449, 0.8273872829904995, 0.12575382950704045, 0.5866020844075572, 0.44425880960191283, 0.9524456145488782, 0.646971460867669, 0.5456664639596256, 0.7249481789845285, 0.6125559490006784, 0.06427133736762713, 0.7063691098750103, 0.37918191460318695, 0.5529678083574752, 0.27355337322678175, 0.9714271441582423, 0.6728275803907695, 0.5891645429339128, 0.7335598500492166, 0.2086429315604431], BATTLES: 292-203-283-397-322-362-332-277-316-
15, 0, -2634.0, [0.6170946262466573, 0.9897040165213732, 0.11766567885292376, 0.1693742908206413, 0.7319893561729693, 0.9257257962343395, 0.6666233810433811, 0.3209683700863316, 0.9218063151576451, 0.30482607052266036, 0.1112916825503983, 0.7481632121097099, 0.7591565312674966, 0.691284599496725, 0.7228088217598082, 0.6809279309212684, 0.9408556486747064, 0.8838410026701441, 0.16047703731740853, 0.6117921690505639, 0.305202776544622, 0.5082310033754849, 0.4621523279841734, 0.9762472586164024, 0.4847145728321698, 0.7866071232179876, 0.03494900683364925, 0.456464086029678], BATTLES: 326-199-256-371-294-293-298-274-287-
15, 1, -2674.0, [0.6668803547250356, 0.8745697769000538, 0.08646152370868053, 0.6815116797890157, 0.7476433415465541, 0.8486877131951944, 0.824094958794353, 0.4341056647448902, 0.6439180081175923, 0.8426302963357519, 0.1941937752181553, 0.18031005550118703, 0.7701683859380782, 0.7677468241861926, 0.41763128011576117, 0.6707945931820821, 0.8238765385955855, 0.6423185749707392, 0.2979887493978404, 0.4629589014022518, 0.186623961184133, 0.586824416819304, 0.3962605223583772, 0.5386019066393539, 0.49120762500363596, 0.9398651696405887, 0.5955508216539056, 0.1571531687362973], BATTLES: 276-176-282-371-292-320-334-278-304-
15, 2, -2752.0, [0.6181959860203793, 0.9729999016463903, 0.038169938063632364, 0.16232062764793526, 0.7162186640120095, 0.9005907459879259, 0.7717838953960515, 0.11566622551878211, 0.6425522429191598, 0.5296267787940395, 0.06588586758217373, 0.48891515307239025, 0.6123734755362785, 0.780316414602611, 0.7594635074424104, 0.7977833789077556, 0.8839712294401193, 0.9698530638830762, 0.04001520383315735, 0.6796492092805989, 0.22917806778065825, 0.6552774946953226, 0.23911691026041504, 0.9820658536742006, 0.35651358906041974, 0.9861253114543426, 0.5988824050730599, 0.5036512088504523], BATTLES: 292-208-297-402-300-346-337-271-299-
15, 3, -2576.0, [0.4878687225466489, 0.9550023351685758, 0.08347060978352154, 0.1798487326715537, 0.6649436215357386, 0.970007052403172, 0.5401837971273324, 0.401707600508147, 0.851926457514979, 0.41917234002523013, 0.042048706289448005, 0.7246081574197798, 0.9681482221376208, 0.5566336084806763, 0.7440696464052243, 0.7062924486739773, 0.6084181082169587, 0.6772862855390482, 0.24297182501933137, 0.4156975143412739, 0.2969463333683332, 0.167551035507423, 0.4117214881202046, 0.992686440844591, 0.39808608621853114, 0.9269171950894786, 0.32451667796180256, 0.42450793065450265], BATTLES: 254-199-300-370-299-319-276-250-281-
15, 4, -2742.0, [0.5250955932606158, 0.9813707554346678, 0.07794450034102102, 0.01629833773764885, 0.6899435660188935, 0.8347161999448842, 0.5208033193763283, 0.236960870669789, 0.4380698786503696, 0.6254433305792908, 0.3155178583803599, 0.7004005055806701, 0.6475448945471209, 0.7500038882599558, 0.9630833933244091, 0.5342656404771559, 0.5429131934236028, 0.7599081370853089, 0.346572702078442, 0.42260426392465134, 0.3440714551573407, 0.5422849257989939, 0.46822633890196663, 0.9635256799252877, 0.6010630016685905, 0.9147250807832051, 0.12330945610394978, 0.5018498097701537], BATTLES: 312-233-265-403-271-304-354-266-276-
15, 5, -2613.0, [0.3378865587544475, 0.958572812059641, 0.04284595138191078, 0.06849330036222435, 0.6520670914796597, 0.9299484965825602, 0.4497898239224612, 0.13070272472834266, 0.4225790803927511, 0.23480144840833617, 0.024153405470762335, 0.30929960448895477, 0.757833515958555, 0.6694339079895706, 0.5971626770190909, 0.6111524026899043, 0.7438990493429929, 0.7526298084458714, 0.015633362282312175, 0.8461827727213708, 0.5031256734534221, 0.5677348473357685, 0.2566400134670304, 0.7406913786514265, 0.6985198979416047, 0.7438134171409032, 0.5400495225097567, 0.2665528340428156], BATTLES: 284-182-281-364-296-314-333-245-292-
15, 6, -2627.0, [0.4209667509998863, 0.6983465296308629, 0.039997584384804066, 0.5411220574872181, 0.568951227281929, 0.6414421433730711, 0.439076547242954, 0.2745024458310408, 0.9432906969034935, 0.5420915519905303, 0.08513574443523478, 0.02322987209655697, 0.7328036804201102, 0.8398836510619933, 0.5609409736937399, 0.5994378497534432, 0.6790303418026563, 0.6991714467414629, 0.04824504006775961, 0.7410374476516278, 0.13653007782565843, 0.690860063878194, 0.24889926320820602, 0.9252569437538934, 0.8338311344473579, 0.7193390108958579, 0.5916783815743498, 0.35476753786520343], BATTLES: 262-183-280-423-317-333-296-223-310-
15, 7, -2584.0, [0.8275360874041707, 0.9360500482175921, 0.05393522230324198, 0.025850952211203867, 0.9174574244237365, 0.8984664396548673, 0.7795215349882705, 0.34788226939063693, 0.7183984185915012, 0.8148763594777971, 0.0025027870632692295, 0.7838853007244974, 0.5506599114289213, 0.9901647508323911, 0.42855453400519866, 0.8612205771581389, 0.7986750155942713, 0.7896269327147359, 0.021935221577063388, 0.5824043065727517, 0.14400224935459388, 0.3884779191796704, 0.49313648725659287, 0.9266152982253689, 0.6617746298306918, 0.8838555550906158, 0.8335628069112111, 0.27935960063477816], BATTLES: 288-207-255-396-293-325-304-249-249-
15, 8, -2681.0, [0.7482217099280822, 0.9881402486445188, 0.09040100907469266, 0.045172559647413166, 0.6351177140427758, 0.8915462663001996, 0.6944981453885737, 0.30282969210734023, 0.9991292532449942, 0.6789410267816735, 0.09966029085503071, 0.3566467643740279, 0.7893569193377225, 0.46012309291776393, 0.8265898719671868, 0.5396330129088607, 0.7347540195306033, 0.8770751489283692, 0.386732972416356, 0.5647158288695003, 0.6500943313315194, 0.3206165231791428, 0.7539530451349212, 0.9982804110424972, 0.37488796411107644, 0.9551745029642009, 0.35012979732692506, 0.511171652923298], BATTLES: 318-208-285-364-286-339-323-271-287-
15, 9, -2676.0, [0.6103680953219678, 0.8742629110017786, 0.0979624361317347, 0.23144800697857587, 0.6193011069166835, 0.9321382349214835, 0.7573556652101514, 0.3021581045458577, 0.4309831241235726, 0.9451828386092982, 0.012958282154464845, 0.8197882003692079, 0.7053937155653341, 0.7069445559936925, 0.7740368187395336, 0.6684746651579359, 0.7546730533360221, 0.7799589509448607, 0.19561260149505869, 0.8263277171520813, 0.28800649301325515, 0.7853457325042508, 0.29639674164597085, 0.8452477186002566, 0.6100542210346744, 0.6119305572227021, 0.8523175594929205, 0.2554250815471942], BATTLES: 308-178-279-365-275-346-321-278-326-
15, 10, -2727.0, [0.7168418080346821, 0.8659869229642455, 0.11694667959828332, 0.1093812451177333, 0.5747746413028418, 0.8377110968144796, 0.8389865383206354, 0.3411918087270823, 0.5210097209954868, 0.7233452583708803, 0.25553310902363807, 0.777627028918362, 0.7735706450885154, 0.6494152239604291, 0.8793718538531752, 0.4453406515670201, 0.623764628081632, 0.5093386159937622, 0.19095775420371003, 0.6648617554566981, 0.3452999530583211, 0.4044384222271651, 0.470118808013271, 0.8625113326857466, 0.5433866897470165, 0.837851873409884, 0.5396762782121046, 0.4156335058070446], BATTLES: 303-202-243-375-264-291-305-266-266-
15, 11, -2746.0, [0.5157584627552092, 0.8828578488327712, 0.10156955311365243, 0.055838634923280006, 0.7052634131419875, 0.8602889424266394, 0.6028791629625402, 0.2819446023358792, 0.5318803457091467, 0.6961362326363885, 0.2916107801249865, 0.5752027300693023, 0.9249343293199767, 0.7456926262324259, 0.876831413046258, 0.6271402450865055, 0.8744231653597647, 0.914699124294668, 0.17037280497322413, 0.5773146847354428, 0.135206427144023, 0.6040339157579946, 0.21563675655192804, 0.9737556836800789, 0.35088931541070684, 0.9940493202106244, 0.7108704545907608, 0.18696517983964392], BATTLES: 290-238-282-382-306-343-315-284-306-
15, 12, -2631.0, [0.6345118580329906, 0.8115399368327125, 0.07105055510402397, 0.1303707790050881, 0.5734007363101742, 0.8576490429406616, 0.8444256532665189, 0.27602543242931565, 0.4201332403444844, 0.7198504303894502, 0.017106433028848095, 0.7265640531266393, 0.8975256874053117, 0.8917156545722458, 0.6517763543757977, 0.8820057698004273, 0.8764028505890983, 0.9758020886285171, 0.46474935004702345, 0.7617126557561, 0.25169141814890533, 0.4563929958596089, 0.472525583194631, 0.8750567781963468, 0.46884752390801826, 0.8153936158667676, 0.0399377248209551, 0.3492877233692407], BATTLES: 339-219-240-387-290-286-343-240-287-
15, 13, -2396.0, [0.4342092713142962, 0.9760114394302792, 0.20323902003364258, 0.2137146516604041, 0.6872984211342846, 0.803042719722381, 0.736368409857317, 0.27935343824389897, 0.6018922369316635, 0.18827166616140123, 0.09128763075699632, 0.5267774092284306, 0.170476991947474, 0.7012325047500726, 0.545286904870441, 0.5732029184286446, 0.8592844978986661, 0.8787263272280564, 0.06312950656004368, 0.67261053649644, 0.4421502671645352, 0.6702400638278598, 0.2609030597537516, 0.6944364651211575, 0.5660953934233539, 0.7938490511174122, 0.660762824708963, 0.4941485129859585], BATTLES: 232-190-277-308-256-280-248-290-315-
15, 14, -2654.0, [0.40610263397893476, 0.9923906709150827, 0.06733004404623955, 0.03133493463421211, 0.6401609211910078, 0.8077570849158776, 0.6383498159102164, 0.3180755214232865, 0.6031584951145449, 0.8273872829904995, 0.12575382950704045, 0.5866020844075572, 0.44425880960191283, 0.9524456145488782, 0.646971460867669, 0.5456664639596256, 0.7249481789845285, 0.6125559490006784, 0.06427133736762713, 0.7063691098750103, 0.37918191460318695, 0.5529678083574752, 0.27355337322678175, 0.9714271441582423, 0.6728275803907695, 0.5891645429339128, 0.7335598500492166, 0.2086429315604431], BATTLES: 264-182-266-389-324-350-305-257-317-
16, 0, -2626.0, [0.6170946262466573, 0.9897040165213732, 0.11766567885292376, 0.1693742908206413, 0.7319893561729693, 0.9257257962343395, 0.6666233810433811, 0.3209683700863316, 0.9218063151576451, 0.30482607052266036, 0.1112916825503983, 0.7481632121097099, 0.7591565312674966, 0.691284599496725, 0.7228088217598082, 0.6809279309212684, 0.9408556486747064, 0.8838410026701441, 0.16047703731740853, 0.6117921690505639, 0.305202776544622, 0.5082310033754849, 0.4621523279841734, 0.9762472586164024, 0.4847145728321698, 0.7866071232179876, 0.03494900683364925, 0.456464086029678], BATTLES: 281-197-267-374-321-331-319-254-282-
16, 1, -2595.0, [0.6668803547250356, 0.8745697769000538, 0.08646152370868053, 0.6815116797890157, 0.7476433415465541, 0.8486877131951944, 0.824094958794353, 0.4341056647448902, 0.6439180081175923, 0.8426302963357519, 0.1941937752181553, 0.18031005550118703, 0.7701683859380782, 0.7677468241861926, 0.41763128011576117, 0.6707945931820821, 0.8238765385955855, 0.6423185749707392, 0.2979887493978404, 0.4629589014022518, 0.186623961184133, 0.586824416819304, 0.3962605223583772, 0.5386019066393539, 0.49120762500363596, 0.9398651696405887, 0.5955508216539056, 0.1571531687362973], BATTLES: 294-193-257-399-287-335-302-253-275-
16, 2, -2766.0, [0.6181959860203793, 0.9729999016463903, 0.038169938063632364, 0.16232062764793526, 0.7162186640120095, 0.9005907459879259, 0.7717838953960515, 0.11566622551878211, 0.6425522429191598, 0.5296267787940395, 0.06588586758217373, 0.48891515307239025, 0.6123734755362785, 0.780316414602611, 0.7594635074424104, 0.7977833789077556, 0.8839712294401193, 0.9698530638830762, 0.04001520383315735, 0.6796492092805989, 0.22917806778065825, 0.6552774946953226, 0.23911691026041504, 0.9820658536742006, 0.35651358906041974, 0.9861253114543426, 0.5988824050730599, 0.5036512088504523], BATTLES: 319-219-283-411-289-346-335-269-295-
16, 3, -2542.0, [0.9765473706653671, 0.9550023351685758, 0.04173530489176077, 0.08992436633577686, 0.7154233711435586, 0.9850035262015859, 0.7524121396862902, 0.35655185147237367, 0.851926457514979, 0.7552610857824793, 0.042048706289448005, 0.6296453968650699, 0.9681482221376208, 0.5566336084806763, 0.9099530550126169, 0.7435722892354134, 0.6084181082169587, 0.6772862855390482, 0.30640572849403835, 0.4156975143412739, 0.2969463333683332, 0.15733845464186602, 0.7321450805368148, 0.9963432204222955, 0.44388658264548986, 0.9634585975447393, 0.5557948457410752, 0.4503764805429922], BATTLES: 259-204-276-395-288-307-282-219-290-
16, 4, -2749.0, [0.5250955932606158, 0.9337213473827182, 0.0957642989556893, 0.021426342985038448, 0.6899435660188935, 0.8347161999448842, 0.6187271630069536, 0.14739355733298976, 0.4380698786503696, 0.5228047152854862, 0.23708970765405937, 0.5466856073644581, 0.6475448945471209, 0.6616700471909132, 0.9630833933244091, 0.6358861380042078, 0.5429131934236028, 0.7599081370853089, 0.17125501020998124, 0.42260426392465134, 0.09968643608443367, 0.6377675028931515, 0.4555074831039261, 0.9635256799252877, 0.33217723523191334, 0.9147250807832051, 0.12330945610394978, 0.4595725347350819], BATTLES: 340-209-258-392-269-316-351-280-275-
16, 5, -2687.0, [0.43321772923494933, 0.958572812059641, 0.04284595138191078, 0.06849330036222435, 0.6805778764617851, 0.9299484965825602, 0.5318386779040019, 0.13070272472834266, 0.4225790803927511, 0.23480144840833617, 0.18218224236037578, 0.5601886581075385, 0.8473918765972311, 0.7232160020800614, 0.8021099476889677, 0.6116318222857907, 0.7438990493429929, 0.8394915175259843, 0.007816681141156087, 0.8461827727213708, 0.5031256734534221, 0.5871894807107383, 0.2346641511340298, 0.7406913786514265, 0.4886179611406273, 0.8779283672781648, 0.6316016959085566, 0.2665528340428156], BATTLES: 310-187-271-390-284-338-333-236-295-
16, 6, -2629.0, [0.4209667509998863, 0.6983465296308629, 0.039997584384804066, 0.5411220574872181, 0.568951227281929, 0.6414421433730711, 0.439076547242954, 0.2745024458310408, 0.9432906969034935, 0.5420915519905303, 0.08513574443523478, 0.02322987209655697, 0.7328036804201102, 0.8398836510619933, 0.5609409736937399, 0.5994378497534432, 0.6790303418026563, 0.6991714467414629, 0.04824504006775961, 0.7410374476516278, 0.13653007782565843, 0.690860063878194, 0.24889926320820602, 0.9252569437538934, 0.8338311344473579, 0.7193390108958579, 0.5916783815743498, 0.35476753786520343], BATTLES: 266-179-263-411-312-341-298-233-326-
16, 7, -2595.0, [0.8275360874041707, 0.9677250645701369, 0.05393522230324198, 0.012925476105601933, 0.8853937683921713, 0.8984664396548673, 0.5926624866881994, 0.28857913281185027, 0.5331759147390707, 0.8148763594777971, 0.27007261341491884, 0.7926383660611453, 0.5506599114289213, 0.9901647508323911, 0.42855453400519866, 0.8612205771581389, 0.7371664395713843, 0.7896269327147359, 0.20783163584888434, 0.39752676860483405, 0.16537877262598213, 0.4140087671579919, 0.42971806106638194, 0.9266152982253689, 0.5171168641496042, 0.9419277775453079, 0.8335628069112111, 0.27935960063477816], BATTLES: 307-207-232-409-275-296-303-238-243-
16, 8, -2673.0, [0.7482217099280822, 0.9075400214106673, 0.09040100907469266, 0.045172559647413166, 0.6351177140427758, 0.88804064676293, 0.8472490726942868, 0.1282478498545947, 0.5594957657013864, 0.6789410267816735, 0.09966029085503071, 0.3566467643740279, 0.9198338783853979, 0.6678945038912958, 0.9658229325780057, 0.7567600240237566, 0.6902672744751541, 0.8770751489283692, 0.24047982395066764, 0.5717545770996824, 0.17713944723901695, 0.3206165231791428, 0.2958256158329746, 0.9982804110424972, 0.34263899650634994, 0.9506474974273582, 0.9126095256875072, 0.511171652923298], BATTLES: 319-191-297-392-304-341-305-223-282-
16, 9, -2718.0, [0.6103680953219678, 0.8742629110017786, 0.0979624361317347, 0.23144800697857587, 0.6193011069166835, 0.9321382349214835, 0.7573556652101514, 0.3021581045458577, 0.4309831241235726, 0.9451828386092982, 0.012958282154464845, 0.8197882003692079, 0.7053937155653341, 0.7069445559936925, 0.7740368187395336, 0.6684746651579359, 0.7546730533360221, 0.7799589509448607, 0.19561260149505869, 0.8263277171520813, 0.28800649301325515, 0.7853457325042508, 0.29639674164597085, 0.8452477186002566, 0.6100542210346744, 0.6119305572227021, 0.8523175594929205, 0.2554250815471942], BATTLES: 295-211-279-370-287-337-327-269-343-
16, 10, -2611.0, [0.7168418080346821, 0.8659869229642455, 0.11694667959828332, 0.1093812451177333, 0.5747746413028418, 0.8377110968144796, 0.8389865383206354, 0.3411918087270823, 0.5210097209954868, 0.7233452583708803, 0.25553310902363807, 0.777627028918362, 0.7735706450885154, 0.6494152239604291, 0.8793718538531752, 0.4453406515670201, 0.623764628081632, 0.5093386159937622, 0.19095775420371003, 0.6648617554566981, 0.3452999530583211, 0.4044384222271651, 0.470118808013271, 0.8625113326857466, 0.5433866897470165, 0.837851873409884, 0.5396762782121046, 0.4156335058070446], BATTLES: 317-194-245-367-286-306-337-297-262-
16, 11, -2768.0, [0.5157584627552092, 0.8828578488327712, 0.10156955311365243, 0.055838634923280006, 0.7052634131419875, 0.8602889424266394, 0.6028791629625402, 0.2819446023358792, 0.5318803457091467, 0.6961362326363885, 0.2916107801249865, 0.5752027300693023, 0.9249343293199767, 0.7456926262324259, 0.876831413046258, 0.6271402450865055, 0.8744231653597647, 0.914699124294668, 0.17037280497322413, 0.5773146847354428, 0.135206427144023, 0.6040339157579946, 0.21563675655192804, 0.9737556836800789, 0.35088931541070684, 0.9940493202106244, 0.7108704545907608, 0.18696517983964392], BATTLES: 275-201-272-392-318-337-326-318-329-
16, 12, -2704.0, [0.6345118580329906, 0.7941129619556315, 0.07105055510402397, 0.099192847830762, 0.5378222136590886, 0.8201928971286523, 0.8444256532665189, 0.24944340842967758, 0.38701738860757934, 0.6567578096949919, 0.017106433028848095, 0.5671016227369169, 0.9487628437026558, 0.8917156545722458, 0.9499931804948596, 0.665453021611725, 0.8764028505890983, 0.9879010443142586, 0.40011339336489293, 0.6777891325038079, 0.13242670523450661, 0.6249311571969877, 0.23584639042068953, 0.9375283890981734, 0.2789139307670593, 0.8153936158667676, 0.35646641572003385, 0.3492877233692407], BATTLES: 316-214-243-377-277-311-330-252-277-
16, 13, -2427.0, [0.3651524389291675, 0.927747959268253, 0.20323902003364258, 0.05584586191205784, 0.6478927889300914, 0.7706476951134077, 0.7411667344641055, 0.35476562287253555, 0.6018922369316635, 0.7379966400282563, 0.20587408989059933, 0.520154762336335, 0.4224202445062053, 0.8642792517627093, 0.6817048863793133, 0.44578677653190224, 0.8592844978986661, 0.8787263272280564, 0.06312950656004368, 0.6722270025205981, 0.4421502671645352, 0.6702400638278598, 0.2609030597537516, 0.8535517467019843, 0.5843578404307077, 0.7938490511174122, 0.8303814123544815, 0.19805748567930007], BATTLES: 240-190-253-309-269-296-275-276-301-
16, 14, -2723.0, [0.40610263397893476, 0.9923906709150827, 0.06733004404623955, 0.03133493463421211, 0.6401609211910078, 0.8077570849158776, 0.6383498159102164, 0.3180755214232865, 0.6031584951145449, 0.8273872829904995, 0.12575382950704045, 0.5866020844075572, 0.44425880960191283, 0.9524456145488782, 0.646971460867669, 0.5456664639596256, 0.7249481789845285, 0.6125559490006784, 0.06427133736762713, 0.7063691098750103, 0.37918191460318695, 0.5529678083574752, 0.27355337322678175, 0.9714271441582423, 0.6728275803907695, 0.5891645429339128, 0.7335598500492166, 0.2086429315604431], BATTLES: 273-184-272-402-327-369-320-263-313-
17, 0, -2606.0, [0.6170946262466573, 0.9897040165213732, 0.11766567885292376, 0.1693742908206413, 0.7982509392784546, 0.9362594792783095, 0.8807823058468424, 0.3209683700863316, 0.9218063151576451, 0.30482607052266036, 0.1658743434047109, 0.7481632121097099, 0.7591565312674966, 0.8780386957392892, 0.6667726429986744, 0.871134280650399, 0.8675366633193804, 0.8798922749623447, 0.16047703731740853, 0.4059295588973044, 0.305202776544622, 0.3468160938544128, 0.41774612641442155, 0.9957968444001957, 0.4847145728321698, 0.9149474019738314, 0.03494900683364925, 0.456464086029678], BATTLES: 268-166-240-395-292-298-330-268-279-
17, 1, -2549.0, [0.6668803547250356, 0.8745697769000538, 0.08646152370868053, 0.6815116797890157, 0.7476433415465541, 0.8486877131951944, 0.824094958794353, 0.4341056647448902, 0.6439180081175923, 0.8426302963357519, 0.1941937752181553, 0.18031005550118703, 0.7701683859380782, 0.7677468241861926, 0.41763128011576117, 0.6707945931820821, 0.8238765385955855, 0.6423185749707392, 0.2979887493978404, 0.4629589014022518, 0.186623961184133, 0.586824416819304, 0.3962605223583772, 0.5386019066393539, 0.49120762500363596, 0.9398651696405887, 0.5955508216539056, 0.1571531687362973], BATTLES: 276-212-236-388-299-305-299-238-296-
17, 2, -2651.0, [0.6181959860203793, 0.9729999016463903, 0.038169938063632364, 0.16232062764793526, 0.7162186640120095, 0.9005907459879259, 0.7717838953960515, 0.11566622551878211, 0.6425522429191598, 0.5296267787940395, 0.06588586758217373, 0.48891515307239025, 0.6123734755362785, 0.780316414602611, 0.7594635074424104, 0.7977833789077556, 0.8839712294401193, 0.9698530638830762, 0.04001520383315735, 0.6796492092805989, 0.22917806778065825, 0.6552774946953226, 0.23911691026041504, 0.9820658536742006, 0.35651358906041974, 0.9861253114543426, 0.5988824050730599, 0.5036512088504523], BATTLES: 296-207-240-388-302-289-347-261-321-
17, 3, -2595.0, [0.9765473706653671, 0.9550023351685758, 0.04173530489176077, 0.08992436633577686, 0.7154233711435586, 0.9850035262015859, 0.7524121396862902, 0.35655185147237367, 0.851926457514979, 0.7552610857824793, 0.042048706289448005, 0.6296453968650699, 0.9681482221376208, 0.5566336084806763, 0.9099530550126169, 0.7435722892354134, 0.6084181082169587, 0.6772862855390482, 0.30640572849403835, 0.4156975143412739, 0.2969463333683332, 0.15733845464186602, 0.7321450805368148, 0.9963432204222955, 0.44388658264548986, 0.9634585975447393, 0.5557948457410752, 0.4503764805429922], BATTLES: 287-201-260-409-296-311-323-265-243-
17, 4, -2769.0, [0.5250955932606158, 0.9337213473827182, 0.0957642989556893, 0.021426342985038448, 0.6899435660188935, 0.8347161999448842, 0.6187271630069536, 0.14739355733298976, 0.4380698786503696, 0.5228047152854862, 0.23708970765405937, 0.5466856073644581, 0.6475448945471209, 0.6616700471909132, 0.9630833933244091, 0.6358861380042078, 0.5429131934236028, 0.7599081370853089, 0.17125501020998124, 0.42260426392465134, 0.09968643608443367, 0.6377675028931515, 0.4555074831039261, 0.9635256799252877, 0.33217723523191334, 0.9147250807832051, 0.12330945610394978, 0.4595725347350819], BATTLES: 328-242-240-401-279-298-390-298-293-
17, 5, -2617.0, [0.43321772923494933, 0.958572812059641, 0.04284595138191078, 0.06849330036222435, 0.6805778764617851, 0.9299484965825602, 0.5318386779040019, 0.13070272472834266, 0.4225790803927511, 0.23480144840833617, 0.18218224236037578, 0.5601886581075385, 0.8473918765972311, 0.7232160020800614, 0.8021099476889677, 0.6116318222857907, 0.7438990493429929, 0.8394915175259843, 0.007816681141156087, 0.8461827727213708, 0.5031256734534221, 0.5871894807107383, 0.2346641511340298, 0.7406913786514265, 0.4886179611406273, 0.8779283672781648, 0.6316016959085566, 0.2665528340428156], BATTLES: 285-209-253-388-288-287-354-264-289-
17, 6, -2580.0, [0.623881995622128, 0.6983465296308629, 0.039997584384804066, 0.6073840641075232, 0.568951227281929, 0.6414421433730711, 0.439076547242954, 0.2063114766769999, 0.6689119375755193, 0.7637495098581804, 0.08513574443523478, 0.02322987209655697, 0.7328036804201102, 0.9216158394847664, 0.5609409736937399, 0.5994378497534432, 0.9057612418491052, 0.6991714467414629, 0.07347837930218369, 0.7334185159001076, 0.1269978820801882, 0.8977932329996381, 0.24889926320820602, 0.9252569437538934, 0.6266255024730663, 0.7193390108958579, 0.7417385443076132, 0.2908733878854315], BATTLES: 250-192-235-390-319-325-322-233-298-
17, 7, -2686.0, [0.6235520556028303, 0.9838625322850685, 0.05393522230324198, 0.012925476105601933, 0.8853937683921713, 0.9014284670073963, 0.5538512333135545, 0.28857913281185027, 0.5331759147390707, 0.8148763594777971, 0.3137908460475559, 0.7926383660611453, 0.5506599114289213, 0.7689105154202516, 0.42855453400519866, 0.6633237171951457, 0.7371664395713843, 0.8636888208627591, 0.20783163584888434, 0.45828454505798544, 0.16537877262598213, 0.6558037393155937, 0.42971806106638194, 0.9266152982253689, 0.3439281386652095, 0.9709638887726539, 0.9167814034556055, 0.3178873367534339], BATTLES: 283-193-229-384-261-277-353-292-267-
17, 8, -2631.0, [0.6708149503798406, 0.9075400214106673, 0.09040100907469266, 0.045172559647413166, 0.6351177140427758, 0.9137281393024556, 0.8472490726942868, 0.1282478498545947, 0.5065245294310432, 0.6636578790256591, 0.15788072778212017, 0.4911574294966767, 0.9198338783853979, 0.6678945038912958, 0.9658229325780057, 0.7567600240237566, 0.6902672744751541, 0.8770751489283692, 0.24047982395066764, 0.6082595386714367, 0.17713944723901695, 0.48388765699483166, 0.2958256158329746, 0.9982804110424972, 0.34263899650634994, 0.9650996506214555, 0.9126095256875072, 0.4032157811406621], BATTLES: 308-211-248-361-260-300-361-294-268-
17, 9, -2701.0, [0.6103680953219678, 0.8742629110017786, 0.0979624361317347, 0.23144800697857587, 0.6193011069166835, 0.9321382349214835, 0.7573556652101514, 0.3021581045458577, 0.4309831241235726, 0.9451828386092982, 0.012958282154464845, 0.8197882003692079, 0.7053937155653341, 0.7069445559936925, 0.7740368187395336, 0.6684746651579359, 0.7546730533360221, 0.7799589509448607, 0.19561260149505869, 0.8263277171520813, 0.28800649301325515, 0.7853457325042508, 0.29639674164597085, 0.8452477186002566, 0.6100542210346744, 0.6119305572227021, 0.8523175594929205, 0.2554250815471942], BATTLES: 319-219-247-382-293-294-329-280-338-
17, 10, -2645.0, [0.7168418080346821, 0.8659869229642455, 0.11694667959828332, 0.1093812451177333, 0.5747746413028418, 0.8377110968144796, 0.8389865383206354, 0.3411918087270823, 0.5210097209954868, 0.7233452583708803, 0.25553310902363807, 0.777627028918362, 0.7735706450885154, 0.6494152239604291, 0.8793718538531752, 0.4453406515670201, 0.623764628081632, 0.5093386159937622, 0.19095775420371003, 0.6648617554566981, 0.3452999530583211, 0.4044384222271651, 0.470118808013271, 0.8625113326857466, 0.5433866897470165, 0.837851873409884, 0.5396762782121046, 0.4156335058070446], BATTLES: 295-218-238-372-284-289-359-295-295-
17, 11, -2720.0, [0.5157584627552092, 0.8828578488327712, 0.10156955311365243, 0.055838634923280006, 0.7052634131419875, 0.8602889424266394, 0.6028791629625402, 0.2819446023358792, 0.5318803457091467, 0.6961362326363885, 0.2916107801249865, 0.5752027300693023, 0.9249343293199767, 0.7456926262324259, 0.876831413046258, 0.6271402450865055, 0.8744231653597647, 0.914699124294668, 0.17037280497322413, 0.5773146847354428, 0.135206427144023, 0.6040339157579946, 0.21563675655192804, 0.9737556836800789, 0.35088931541070684, 0.9940493202106244, 0.7108704545907608, 0.18696517983964392], BATTLES: 272-198-253-370-312-350-334-305-326-
17, 12, -2714.0, [0.6345118580329906, 0.7941129619556315, 0.07105055510402397, 0.099192847830762, 0.5378222136590886, 0.8201928971286523, 0.8444256532665189, 0.24944340842967758, 0.38701738860757934, 0.6567578096949919, 0.017106433028848095, 0.5671016227369169, 0.9487628437026558, 0.8917156545722458, 0.9499931804948596, 0.665453021611725, 0.8764028505890983, 0.9879010443142586, 0.40011339336489293, 0.6777891325038079, 0.13242670523450661, 0.6249311571969877, 0.23584639042068953, 0.9375283890981734, 0.2789139307670593, 0.8153936158667676, 0.35646641572003385, 0.3492877233692407], BATTLES: 297-216-276-375-284-303-369-286-308-
17, 13, -2635.0, [0.3651524389291675, 0.9065022530743072, 0.15391551680948473, 0.028401851408957384, 0.6495581933420063, 0.8176373291396476, 0.7411667344641055, 0.34533615570864273, 0.6018922369316635, 0.7379966400282563, 0.2496467678679204, 0.520154762336335, 0.5966538216588542, 0.840061683184858, 0.7583992882905956, 0.44578677653190224, 0.8592844978986661, 0.8787263272280564, 0.06312950656004368, 0.7112070528705341, 0.4421502671645352, 0.6702400638278598, 0.2609030597537516, 0.827952482502271, 0.4867619694316067, 0.832477631494726, 0.9637283960262891, 0.19805748567930007], BATTLES: 250-131-257-298-299-318-258-291-305-
17, 14, -2680.0, [0.40610263397893476, 0.9923906709150827, 0.06733004404623955, 0.03133493463421211, 0.6401609211910078, 0.8077570849158776, 0.6383498159102164, 0.3180755214232865, 0.6031584951145449, 0.8273872829904995, 0.12575382950704045, 0.5866020844075572, 0.44425880960191283, 0.9524456145488782, 0.646971460867669, 0.5456664639596256, 0.7249481789845285, 0.6125559490006784, 0.06427133736762713, 0.7063691098750103, 0.37918191460318695, 0.5529678083574752, 0.27355337322678175, 0.9714271441582423, 0.6728275803907695, 0.5891645429339128, 0.7335598500492166, 0.2086429315604431], BATTLES: 250-176-256-394-345-366-322-253-318-
18, 0, -2554.0, [0.5463845617407489, 0.9583127602213424, 0.11766567885292376, 0.05481008491036969, 0.7825869593500199, 0.9762475461727341, 0.7513990679565641, 0.20006521497777624, 0.6962049344608642, 0.4639505793633939, 0.1924965341445307, 0.6247415075071396, 0.9088850132405955, 0.8780386957392892, 0.8583414515384161, 0.8962450569038511, 0.8675366633193804, 0.9399461374811724, 0.06969971670398857, 0.4059295588973044, 0.1429429853180459, 0.3468160938544128, 0.23713467290863818, 0.9978984222000978, 0.3030563771783911, 0.9574737009869156, 0.5382271194857481, 0.3211903721896473], BATTLES: 275-195-230-377-276-315-304-276-288-
18, 1, -2634.0, [0.6668803547250356, 0.8745697769000538, 0.08870005059823274, 0.3423527208159983, 0.7476433415465541, 0.8486877131951944, 0.5629092599522167, 0.22837574001857147, 0.4167337006584856, 0.8426302963357519, 0.3485419102681409, 0.2756695856812959, 0.7701683859380782, 0.7677468241861926, 0.8814923683369694, 0.5074524630586641, 0.8238765385955855, 0.9637096636392165, 0.2190398758020118, 0.4629589014022518, 0.186623961184133, 0.586824416819304, 0.3962605223583772, 0.7901737175349816, 0.49120762500363596, 0.9667452394882078, 0.6399985918986573, 0.178693597207713], BATTLES: 270-216-236-362-300-320-288-253-275-
18, 2, -2720.0, [0.6181959860203793, 0.9729999016463903, 0.038169938063632364, 0.16232062764793526, 0.7162186640120095, 0.9005907459879259, 0.7717838953960515, 0.11566622551878211, 0.6425522429191598, 0.5296267787940395, 0.06588586758217373, 0.48891515307239025, 0.6123734755362785, 0.780316414602611, 0.7594635074424104, 0.7977833789077556, 0.8839712294401193, 0.9698530638830762, 0.04001520383315735, 0.6796492092805989, 0.22917806778065825, 0.6552774946953226, 0.23911691026041504, 0.9820658536742006, 0.35651358906041974, 0.9861253114543426, 0.5988824050730599, 0.5036512088504523], BATTLES: 280-201-259-412-306-319-353-284-306-
18, 3, -2538.0, [0.9765473706653671, 0.9550023351685758, 0.04173530489176077, 0.08992436633577686, 0.8166478972484031, 0.9850035262015859, 0.7524121396862902, 0.35655185147237367, 0.851926457514979, 0.7552610857824793, 0.15347839906625746, 0.6296453968650699, 0.9681482221376208, 0.5493713820411834, 0.9549765275063085, 0.7435722892354134, 0.6084181082169587, 0.7052052786619605, 0.1653126806542975, 0.4156975143412739, 0.16333673090493958, 0.15733845464186602, 0.7321450805368148, 0.9963432204222955, 0.44388658264548986, 0.9817292987723696, 0.5557948457410752, 0.4503764805429922], BATTLES: 270-187-263-373-274-300-331-215-265-
18, 4, -2671.0, [0.5250955932606158, 0.9337213473827182, 0.0957642989556893, 0.021426342985038448, 0.6899435660188935, 0.8347161999448842, 0.6187271630069536, 0.14739355733298976, 0.4380698786503696, 0.5228047152854862, 0.23708970765405937, 0.5466856073644581, 0.6475448945471209, 0.6616700471909132, 0.9630833933244091, 0.6358861380042078, 0.5429131934236028, 0.7599081370853089, 0.17125501020998124, 0.42260426392465134, 0.09968643608443367, 0.6377675028931515, 0.4555074831039261, 0.9635256799252877, 0.33217723523191334, 0.9147250807832051, 0.12330945610394978, 0.4595725347350819], BATTLES: 319-247-252-379-279-293-348-285-269-
18, 5, -2603.0, [0.43321772923494933, 0.958572812059641, 0.04284595138191078, 0.06849330036222435, 0.6805778764617851, 0.9299484965825602, 0.5318386779040019, 0.13070272472834266, 0.4225790803927511, 0.23480144840833617, 0.18218224236037578, 0.5601886581075385, 0.8473918765972311, 0.7232160020800614, 0.8021099476889677, 0.6116318222857907, 0.7438990493429929, 0.8394915175259843, 0.007816681141156087, 0.8461827727213708, 0.5031256734534221, 0.5871894807107383, 0.2346641511340298, 0.7406913786514265, 0.4886179611406273, 0.8779283672781648, 0.6316016959085566, 0.2665528340428156], BATTLES: 270-212-255-390-291-308-345-250-282-
18, 6, -2574.0, [0.623881995622128, 0.6983465296308629, 0.039997584384804066, 0.6073840641075232, 0.568951227281929, 0.68773332043414, 0.5759235527409788, 0.2063114766769999, 0.5756566184769446, 0.7637495098581804, 0.08513574443523478, 0.02322987209655697, 0.7328036804201102, 0.9216158394847664, 0.5609409736937399, 0.5994378497534432, 0.9412924732627809, 0.6991714467414629, 0.07347837930218369, 0.7334185159001076, 0.1269978820801882, 0.8977932329996381, 0.24889926320820602, 0.9252569437538934, 0.6266255024730663, 0.7193390108958579, 0.7417385443076132, 0.2908733878854315], BATTLES: 295-191-244-379-275-305-299-263-293-
18, 7, -2618.0, [0.6235520556028303, 0.9838625322850685, 0.05393522230324198, 0.012925476105601933, 0.8853937683921713, 0.9014284670073963, 0.5538512333135545, 0.28857913281185027, 0.5331759147390707, 0.8148763594777971, 0.3137908460475559, 0.7926383660611453, 0.5506599114289213, 0.7689105154202516, 0.42855453400519866, 0.6633237171951457, 0.7371664395713843, 0.8636888208627591, 0.20783163584888434, 0.45828454505798544, 0.16537877262598213, 0.6558037393155937, 0.42971806106638194, 0.9266152982253689, 0.3439281386652095, 0.9709638887726539, 0.9167814034556055, 0.3178873367534339], BATTLES: 289-206-275-383-292-300-340-256-277-
18, 8, -2722.0, [0.6708149503798406, 0.9075400214106673, 0.09040100907469266, 0.045172559647413166, 0.6351177140427758, 0.9137281393024556, 0.8472490726942868, 0.1282478498545947, 0.5065245294310432, 0.6636578790256591, 0.15788072778212017, 0.4911574294966767, 0.9198338783853979, 0.6678945038912958, 0.9658229325780057, 0.7567600240237566, 0.6902672744751541, 0.8770751489283692, 0.24047982395066764, 0.6082595386714367, 0.17713944723901695, 0.48388765699483166, 0.2958256158329746, 0.9982804110424972, 0.34263899650634994, 0.9650996506214555, 0.9126095256875072, 0.4032157811406621], BATTLES: 309-225-248-383-279-321-376-292-289-
18, 9, -2704.0, [0.6103680953219678, 0.8742629110017786, 0.0979624361317347, 0.23144800697857587, 0.6193011069166835, 0.9321382349214835, 0.7573556652101514, 0.3021581045458577, 0.4309831241235726, 0.9451828386092982, 0.012958282154464845, 0.8197882003692079, 0.7053937155653341, 0.7069445559936925, 0.7740368187395336, 0.6684746651579359, 0.7546730533360221, 0.7799589509448607, 0.19561260149505869, 0.8263277171520813, 0.28800649301325515, 0.7853457325042508, 0.29639674164597085, 0.8452477186002566, 0.6100542210346744, 0.6119305572227021, 0.8523175594929205, 0.2554250815471942], BATTLES: 293-182-290-388-296-308-315-289-343-
18, 10, -2652.0, [0.7168418080346821, 0.8659869229642455, 0.11694667959828332, 0.1093812451177333, 0.5747746413028418, 0.8377110968144796, 0.8389865383206354, 0.3411918087270823, 0.5210097209954868, 0.7233452583708803, 0.25553310902363807, 0.777627028918362, 0.7735706450885154, 0.6494152239604291, 0.8793718538531752, 0.4453406515670201, 0.623764628081632, 0.5093386159937622, 0.19095775420371003, 0.6648617554566981, 0.3452999530583211, 0.4044384222271651, 0.470118808013271, 0.8625113326857466, 0.5433866897470165, 0.837851873409884, 0.5396762782121046, 0.4156335058070446], BATTLES: 302-201-245-376-291-302-345-315-275-
18, 11, -2715.0, [0.5157584627552092, 0.8828578488327712, 0.10156955311365243, 0.055838634923280006, 0.7052634131419875, 0.8602889424266394, 0.6028791629625402, 0.2819446023358792, 0.5318803457091467, 0.6961362326363885, 0.2916107801249865, 0.5752027300693023, 0.9249343293199767, 0.7456926262324259, 0.876831413046258, 0.6271402450865055, 0.8744231653597647, 0.914699124294668, 0.17037280497322413, 0.5773146847354428, 0.135206427144023, 0.6040339157579946, 0.21563675655192804, 0.9737556836800789, 0.35088931541070684, 0.9940493202106244, 0.7108704545907608, 0.18696517983964392], BATTLES: 286-214-262-382-304-333-321-323-290-
18, 12, -2691.0, [0.6345118580329906, 0.7941129619556315, 0.07105055510402397, 0.099192847830762, 0.5378222136590886, 0.8201928971286523, 0.8444256532665189, 0.24944340842967758, 0.38701738860757934, 0.6567578096949919, 0.017106433028848095, 0.5671016227369169, 0.9487628437026558, 0.8917156545722458, 0.9499931804948596, 0.665453021611725, 0.8764028505890983, 0.9879010443142586, 0.40011339336489293, 0.6777891325038079, 0.13242670523450661, 0.6249311571969877, 0.23584639042068953, 0.9375283890981734, 0.2789139307670593, 0.8153936158667676, 0.35646641572003385, 0.3492877233692407], BATTLES: 297-203-266-370-278-300-371-309-297-
18, 13, -2561.0, [0.3651524389291675, 0.9065022530743072, 0.15391551680948473, 0.028401851408957384, 0.6495581933420063, 0.8176373291396476, 0.7411667344641055, 0.34533615570864273, 0.6018922369316635, 0.7379966400282563, 0.2496467678679204, 0.520154762336335, 0.5966538216588542, 0.840061683184858, 0.7583992882905956, 0.44578677653190224, 0.8592844978986661, 0.8787263272280564, 0.06312950656004368, 0.7112070528705341, 0.4421502671645352, 0.6702400638278598, 0.2609030597537516, 0.827952482502271, 0.4867619694316067, 0.832477631494726, 0.9637283960262891, 0.19805748567930007], BATTLES: 261-183-245-325-319-346-276-289-317-
18, 14, -2696.0, [0.7463998950217978, 0.9798270853140713, 0.08127396684152564, 0.015667467317106054, 0.6401609211910078, 0.8077570849158776, 0.6383498159102164, 0.34205521685967144, 0.6205009172361231, 0.9136936414952497, 0.12575382950704045, 0.5866020844075572, 0.9152964943619781, 0.9146111815671432, 0.646971460867669, 0.6005935959919056, 0.7249481789845285, 0.6125559490006784, 0.20026738005140654, 0.7063691098750103, 0.37918191460318695, 0.5529678083574752, 0.5230777404911893, 0.9857135720791211, 0.6728275803907695, 0.5980602221196188, 0.7335598500492166, 0.22401192155232474], BATTLES: 249-189-273-383-335-341-328-223-306-
19, 0, -2681.0, [0.5463845617407489, 0.9583127602213424, 0.11766567885292376, 0.05481008491036969, 0.7825869593500199, 0.9762475461727341, 0.7513990679565641, 0.20006521497777624, 0.6962049344608642, 0.4639505793633939, 0.1924965341445307, 0.6247415075071396, 0.9088850132405955, 0.8780386957392892, 0.8583414515384161, 0.8962450569038511, 0.8675366633193804, 0.9399461374811724, 0.06969971670398857, 0.4059295588973044, 0.1429429853180459, 0.3468160938544128, 0.23713467290863818, 0.9978984222000978, 0.3030563771783911, 0.9574737009869156, 0.5382271194857481, 0.3211903721896473], BATTLES: 288-217-241-401-305-304-339-294-292-
19, 1, -2589.0, [0.6668803547250356, 0.8745697769000538, 0.08870005059823274, 0.3423527208159983, 0.7476433415465541, 0.8486877131951944, 0.5629092599522167, 0.22837574001857147, 0.4167337006584856, 0.8426302963357519, 0.3485419102681409, 0.2756695856812959, 0.7701683859380782, 0.7677468241861926, 0.8814923683369694, 0.5074524630586641, 0.8238765385955855, 0.9637096636392165, 0.2190398758020118, 0.4629589014022518, 0.186623961184133, 0.586824416819304, 0.3962605223583772, 0.7901737175349816, 0.49120762500363596, 0.9667452394882078, 0.6399985918986573, 0.178693597207713], BATTLES: 308-198-216-387-302-270-355-267-286-
19, 2, -2675.0, [0.6181959860203793, 0.9729999016463903, 0.038169938063632364, 0.16232062764793526, 0.7162186640120095, 0.9005907459879259, 0.7717838953960515, 0.11566622551878211, 0.6425522429191598, 0.5296267787940395, 0.06588586758217373, 0.48891515307239025, 0.6123734755362785, 0.780316414602611, 0.7594635074424104, 0.7977833789077556, 0.8839712294401193, 0.9698530638830762, 0.04001520383315735, 0.6796492092805989, 0.22917806778065825, 0.6552774946953226, 0.23911691026041504, 0.9820658536742006, 0.35651358906041974, 0.9861253114543426, 0.5988824050730599, 0.5036512088504523], BATTLES: 300-210-233-407-296-294-342-283-310-
19, 3, -2554.0, [0.7195802727962044, 0.88398289686169, 0.04173530489176077, 0.04496218316788843, 0.7431200152068163, 0.9850035262015859, 0.8153014668065347, 0.35655185147237367, 0.5511241328510281, 0.7611809573097466, 0.15347839906625746, 0.6296453968650699, 0.8707055164431338, 0.45892940998945664, 0.9774882637531542, 0.5506922872782856, 0.5355412466806112, 0.8191775482247771, 0.3448746252801965, 0.4156975143412739, 0.10726962741919809, 0.42956007768305915, 0.7321450805368148, 0.9963432204222955, 0.44388658264548986, 0.9707016606013923, 0.94622587664917, 0.2620384814973481], BATTLES: 273-206-237-401-276-292-323-237-254-
19, 4, -2705.0, [0.5250955932606158, 0.9337213473827182, 0.0957642989556893, 0.021426342985038448, 0.6899435660188935, 0.8347161999448842, 0.6187271630069536, 0.14739355733298976, 0.4380698786503696, 0.5228047152854862, 0.23708970765405937, 0.5466856073644581, 0.6475448945471209, 0.6616700471909132, 0.9630833933244091, 0.6358861380042078, 0.5429131934236028, 0.7599081370853089, 0.17125501020998124, 0.42260426392465134, 0.09968643608443367, 0.6377675028931515, 0.4555074831039261, 0.9635256799252877, 0.33217723523191334, 0.9147250807832051, 0.12330945610394978, 0.4595725347350819], BATTLES: 323-201-240-377-289-288-379-319-289-
19, 5, -2631.0, [0.43321772923494933, 0.958572812059641, 0.04284595138191078, 0.06849330036222435, 0.6805778764617851, 0.9299484965825602, 0.5318386779040019, 0.13070272472834266, 0.4225790803927511, 0.23480144840833617, 0.18218224236037578, 0.5601886581075385, 0.8473918765972311, 0.7232160020800614, 0.8021099476889677, 0.6116318222857907, 0.7438990493429929, 0.8394915175259843, 0.007816681141156087, 0.8461827727213708, 0.5031256734534221, 0.5871894807107383, 0.2346641511340298, 0.7406913786514265, 0.4886179611406273, 0.8779283672781648, 0.6316016959085566, 0.2665528340428156], BATTLES: 296-193-242-394-303-312-341-264-286-
19, 6, -2648.0, [0.8281630245287003, 0.8758095823608167, 0.039997584384804066, 0.33893374831083706, 0.6501286259088018, 0.84386666021707, 0.5759235527409788, 0.2063114766769999, 0.6333123590572013, 0.8818747549290902, 0.04333062645717657, 0.02322987209655697, 0.6050060998311554, 0.7368096331021967, 0.8483761491821786, 0.5994378497534432, 0.9412924732627809, 0.6991714467414629, 0.18566336453526822, 0.7334185159001076, 0.04052231664816672, 0.8977932329996381, 0.4393468451571655, 0.9626284718769467, 0.6266255024730663, 0.7193390108958579, 0.850907363853497, 0.2908733878854315], BATTLES: 275-196-224-396-272-277-304-268-286-
19, 7, -2642.0, [0.6235520556028303, 0.9838625322850685, 0.05393522230324198, 0.006462738052800967, 0.6962233954688419, 0.8067680089902035, 0.6634153305389032, 0.03510679962565555, 0.5331759147390707, 0.5516728330911627, 0.3406348948478556, 0.5289094441976092, 0.5506599114289213, 0.7689105154202516, 0.42855453400519866, 0.6633237171951457, 0.6600564853119466, 0.8636888208627591, 0.13751421123586516, 0.45828454505798544, 0.16537877262598213, 0.8674457074248858, 0.14809169267104855, 0.9532649939271369, 0.3439281386652095, 0.933509461957148, 0.9167814034556055, 0.3827317780673721], BATTLES: 289-205-228-390-300-293-339-292-297-
19, 8, -2643.0, [0.6708149503798406, 0.9537700107053336, 0.089617027247292, 0.022586279823706583, 0.6351177140427758, 0.9137281393024556, 0.9899662449245648, 0.06011392874780912, 0.5065245294310432, 0.6583110263247193, 0.1496233568358501, 0.6909164273639278, 0.9198338783853979, 0.6423427161347374, 0.9829114662890028, 0.7567600240237566, 0.7781781190066759, 0.8770751489283692, 0.2369495774387083, 0.6082595386714367, 0.17713944723901695, 0.48388765699483166, 0.2916294062866053, 0.9991402055212486, 0.34263899650634994, 0.9825498253107278, 0.9126095256875072, 0.4032157811406621], BATTLES: 290-216-235-380-272-278-363-302-284-
19, 9, -2700.0, [0.6103680953219678, 0.8742629110017786, 0.0979624361317347, 0.04297115529513165, 0.6193011069166835, 0.8133572101266994, 0.7573556652101514, 0.3021581045458577, 0.4309831241235726, 0.9141577181929016, 0.09767477072918264, 0.8197882003692079, 0.7053937155653341, 0.7069445559936925, 0.7740368187395336, 0.6684746651579359, 0.7546730533360221, 0.7799589509448607, 0.3382484644070126, 0.8263277171520813, 0.28800649301325515, 0.7853457325042508, 0.29639674164597085, 0.9915060007718559, 0.6100542210346744, 0.6119305572227021, 0.9174482648825146, 0.2554250815471942], BATTLES: 295-197-291-367-314-299-308-271-334-
19, 10, -2613.0, [0.7168418080346821, 0.8659869229642455, 0.11694667959828332, 0.1093812451177333, 0.5747746413028418, 0.8377110968144796, 0.8389865383206354, 0.3411918087270823, 0.5210097209954868, 0.7233452583708803, 0.25553310902363807, 0.777627028918362, 0.7735706450885154, 0.6494152239604291, 0.8793718538531752, 0.4453406515670201, 0.623764628081632, 0.5093386159937622, 0.19095775420371003, 0.6648617554566981, 0.3452999530583211, 0.4044384222271651, 0.470118808013271, 0.8625113326857466, 0.5433866897470165, 0.837851873409884, 0.5396762782121046, 0.4156335058070446], BATTLES: 294-198-241-390-276-272-340-307-295-
19, 11, -2775.0, [0.5954760089902087, 0.8518739116302981, 0.10156955311365243, 0.055838634923280006, 0.6134012151548867, 0.8461761410057465, 0.6662562469131349, 0.24018631411441116, 0.3985548541228756, 0.6961362326363885, 0.2916107801249865, 0.5752027300693023, 0.9249343293199767, 0.6498259628795422, 0.876831413046258, 0.5344796776502304, 0.8744231653597647, 0.914699124294668, 0.17037280497322413, 0.6680052435825657, 0.16087028828814665, 0.6040339157579946, 0.21563675655192804, 0.9737556836800789, 0.36666421387829295, 0.9608721567645204, 0.9318946001596025, 0.18696517983964392], BATTLES: 258-204-266-373-337-327-337-328-313-
19, 12, -2673.0, [0.6345118580329906, 0.7941129619556315, 0.07105055510402397, 0.099192847830762, 0.5378222136590886, 0.8201928971286523, 0.8444256532665189, 0.24944340842967758, 0.38701738860757934, 0.6567578096949919, 0.017106433028848095, 0.5671016227369169, 0.9487628437026558, 0.8917156545722458, 0.9499931804948596, 0.665453021611725, 0.8764028505890983, 0.9879010443142586, 0.40011339336489293, 0.6777891325038079, 0.13242670523450661, 0.6249311571969877, 0.23584639042068953, 0.9375283890981734, 0.2789139307670593, 0.8153936158667676, 0.35646641572003385, 0.3492877233692407], BATTLES: 277-212-242-355-295-289-379-313-311-
19, 13, -2579.0, [0.47823299691919174, 0.8888470746509726, 0.15391551680948473, 0.1378860877147253, 0.6641061128447314, 0.8104576567029147, 0.6697483683673372, 0.34533615570864273, 0.6018922369316635, 0.6686437741094777, 0.2496467678679204, 0.386182003716435, 0.6869766705696442, 0.840061683184858, 0.8854764100173459, 0.44578677653190224, 0.8592844978986661, 0.974041304609719, 0.06312950656004368, 0.6147414372091584, 0.22807158323137194, 0.6702400638278598, 0.2609030597537516, 0.827952482502271, 0.3687028241811786, 0.916238815747363, 0.9918213054416312, 0.28506475185117963], BATTLES: 267-178-245-343-306-313-318-284-309-
19, 14, -2666.0, [0.7463998950217978, 0.9798270853140713, 0.08127396684152564, 0.015667467317106054, 0.6401609211910078, 0.8077570849158776, 0.6383498159102164, 0.34205521685967144, 0.6205009172361231, 0.9136936414952497, 0.12575382950704045, 0.5866020844075572, 0.9152964943619781, 0.9146111815671432, 0.646971460867669, 0.6005935959919056, 0.7249481789845285, 0.6125559490006784, 0.20026738005140654, 0.7063691098750103, 0.37918191460318695, 0.5529678083574752, 0.5230777404911893, 0.9857135720791211, 0.6728275803907695, 0.5980602221196188, 0.7335598500492166, 0.22401192155232474], BATTLES: 295-238-216-394-287-275-373-307-281-
20, 0, -2627.0, [0.5463845617407489, 0.9583127602213424, 0.11766567885292376, 0.05481008491036969, 0.7825869593500199, 0.9762475461727341, 0.7513990679565641, 0.20006521497777624, 0.6962049344608642, 0.4639505793633939, 0.1924965341445307, 0.6247415075071396, 0.9088850132405955, 0.8780386957392892, 0.8583414515384161, 0.8962450569038511, 0.8675366633193804, 0.9399461374811724, 0.06969971670398857, 0.4059295588973044, 0.1429429853180459, 0.3468160938544128, 0.23713467290863818, 0.9978984222000978, 0.3030563771783911, 0.9574737009869156, 0.5382271194857481, 0.3211903721896473], BATTLES: 310-200-251-383-324-284-324-286-265-
20, 1, -2622.0, [0.46364306791503856, 0.8574757123918356, 0.11470389436086002, 0.2043574011206157, 0.646211900462617, 0.7892938719960513, 0.5511167027940118, 0.22837574001857147, 0.4167337006584856, 0.6953300072637275, 0.35891265441499526, 0.2756695856812959, 0.7057064077253343, 0.7677468241861926, 0.8814923683369694, 0.47609985435019986, 0.8180621630153253, 0.9659223019426285, 0.20243251459552036, 0.4629589014022518, 0.15187210685058844, 0.7802594817768586, 0.21852030910473055, 0.8487767470494806, 0.39937477171598396, 0.9384173989764073, 0.6399985918986573, 0.178693597207713], BATTLES: 296-206-180-380-281-275-346-296-275-
20, 2, -2667.0, [0.6181959860203793, 0.9729999016463903, 0.038169938063632364, 0.16232062764793526, 0.7162186640120095, 0.9005907459879259, 0.7717838953960515, 0.11566622551878211, 0.6425522429191598, 0.5296267787940395, 0.06588586758217373, 0.48891515307239025, 0.6123734755362785, 0.780316414602611, 0.7594635074424104, 0.7977833789077556, 0.8839712294401193, 0.9698530638830762, 0.04001520383315735, 0.6796492092805989, 0.22917806778065825, 0.6552774946953226, 0.23911691026041504, 0.9820658536742006, 0.35651358906041974, 0.9861253114543426, 0.5988824050730599, 0.5036512088504523], BATTLES: 289-207-250-402-301-298-363-259-298-
20, 3, -2564.0, [0.7195802727962044, 0.88398289686169, 0.04173530489176077, 0.04496218316788843, 0.7431200152068163, 0.9850035262015859, 0.8153014668065347, 0.35655185147237367, 0.5511241328510281, 0.7611809573097466, 0.15347839906625746, 0.6296453968650699, 0.8707055164431338, 0.45892940998945664, 0.9774882637531542, 0.5506922872782856, 0.5355412466806112, 0.8191775482247771, 0.3448746252801965, 0.4156975143412739, 0.10726962741919809, 0.42956007768305915, 0.7321450805368148, 0.9963432204222955, 0.44388658264548986, 0.9707016606013923, 0.94622587664917, 0.2620384814973481], BATTLES: 270-230-251-382-285-295-326-259-266-
20, 4, -2667.0, [0.5250955932606158, 0.9369170340555089, 0.06950858710461906, 0.021426342985038448, 0.6852756468502149, 0.8347161999448842, 0.5286002561050058, 0.18841625229667877, 0.4678959283762486, 0.5228047152854862, 0.3067885635578794, 0.6580685258539818, 0.6475448945471209, 0.7225682589949374, 0.9630833933244091, 0.568447939815454, 0.6917702577128728, 0.6719830386019481, 0.0446267642388434, 0.6030048345643986, 0.13853903263720857, 0.6377675028931515, 0.3634826548883705, 0.9635256799252877, 0.4459705246007475, 0.9147250807832051, 0.8401427340999013, 0.26970799785166444], BATTLES: 321-210-234-407-281-265-374-296-266-
20, 5, -2648.0, [0.5403302198411667, 0.958572812059641, 0.04284595138191078, 0.06849330036222435, 0.6805778764617851, 0.9299484965825602, 0.5318386779040019, 0.13070272472834266, 0.4225790803927511, 0.23480144840833617, 0.18218224236037578, 0.6684402232038532, 0.7881794333140789, 0.6764550342140049, 0.8021099476889677, 0.5966960303792413, 0.7483917490775084, 0.8394915175259843, 0.14560489673069, 0.8461827727213708, 0.5031256734534221, 0.5871894807107383, 0.2346641511340298, 0.8452796809151095, 0.4886179611406273, 0.8779283672781648, 0.8429639643960657, 0.2665528340428156], BATTLES: 300-206-231-387-297-292-348-265-299-
20, 6, -2620.0, [0.8281630245287003, 0.8758095823608167, 0.039997584384804066, 0.33893374831083706, 0.6501286259088018, 0.84386666021707, 0.5759235527409788, 0.2063114766769999, 0.6333123590572013, 0.8818747549290902, 0.04333062645717657, 0.02322987209655697, 0.6050060998311554, 0.7368096331021967, 0.8483761491821786, 0.5994378497534432, 0.9412924732627809, 0.6991714467414629, 0.18566336453526822, 0.7334185159001076, 0.04052231664816672, 0.8977932329996381, 0.4393468451571655, 0.9626284718769467, 0.6266255024730663, 0.7193390108958579, 0.850907363853497, 0.2908733878854315], BATTLES: 284-221-238-388-296-266-329-282-316-
20, 7, -2613.0, [0.314081871128054, 0.9665177380612833, 0.05393522230324198, 0.006462738052800967, 0.6962233954688419, 0.8067680089902035, 0.6634153305389032, 0.017553399812827775, 0.2876687527232693, 0.5516728330911627, 0.3406348948478556, 0.3995882083917286, 0.5506599114289213, 0.7689105154202516, 0.9988454575414457, 0.6633237171951457, 0.6600564853119466, 0.8636888208627591, 0.13751421123586516, 0.6015337218762716, 0.3496580194891611, 0.8674457074248858, 0.1788289365475228, 0.9532649939271369, 0.2278033326201095, 0.9179902156512119, 0.29163409604757595, 0.4229461110579061], BATTLES: 307-194-235-368-254-263-398-301-280-
20, 8, -2620.0, [0.6708149503798406, 0.9537700107053336, 0.089617027247292, 0.022586279823706583, 0.6351177140427758, 0.9137281393024556, 0.9899662449245648, 0.06011392874780912, 0.5065245294310432, 0.6583110263247193, 0.1496233568358501, 0.6909164273639278, 0.9198338783853979, 0.6423427161347374, 0.9829114662890028, 0.7567600240237566, 0.7781781190066759, 0.8770751489283692, 0.2369495774387083, 0.6082595386714367, 0.17713944723901695, 0.48388765699483166, 0.2916294062866053, 0.9991402055212486, 0.34263899650634994, 0.9825498253107278, 0.9126095256875072, 0.4032157811406621], BATTLES: 313-221-211-367-278-314-362-281-273-
20, 9, -2714.0, [0.6103680953219678, 0.8742629110017786, 0.0979624361317347, 0.04297115529513165, 0.6193011069166835, 0.8133572101266994, 0.7573556652101514, 0.3021581045458577, 0.4309831241235726, 0.9141577181929016, 0.09767477072918264, 0.8197882003692079, 0.7053937155653341, 0.7069445559936925, 0.7740368187395336, 0.6684746651579359, 0.7546730533360221, 0.7799589509448607, 0.3382484644070126, 0.8263277171520813, 0.28800649301325515, 0.7853457325042508, 0.29639674164597085, 0.9915060007718559, 0.6100542210346744, 0.6119305572227021, 0.9174482648825146, 0.2554250815471942], BATTLES: 282-206-224-390-325-300-351-328-308-
20, 10, -2623.0, [0.7168418080346821, 0.8659869229642455, 0.11694667959828332, 0.1093812451177333, 0.5747746413028418, 0.8377110968144796, 0.8389865383206354, 0.3411918087270823, 0.5210097209954868, 0.7233452583708803, 0.25553310902363807, 0.777627028918362, 0.7735706450885154, 0.6494152239604291, 0.8793718538531752, 0.4453406515670201, 0.623764628081632, 0.5093386159937622, 0.19095775420371003, 0.6648617554566981, 0.3452999530583211, 0.4044384222271651, 0.470118808013271, 0.8625113326857466, 0.5433866897470165, 0.837851873409884, 0.5396762782121046, 0.4156335058070446], BATTLES: 301-203-220-366-277-288-372-311-285-
20, 11, -2771.0, [0.5954760089902087, 0.8518739116302981, 0.10156955311365243, 0.055838634923280006, 0.6134012151548867, 0.8461761410057465, 0.6662562469131349, 0.24018631411441116, 0.3985548541228756, 0.6961362326363885, 0.2916107801249865, 0.5752027300693023, 0.9249343293199767, 0.6498259628795422, 0.876831413046258, 0.5344796776502304, 0.8744231653597647, 0.914699124294668, 0.17037280497322413, 0.6680052435825657, 0.16087028828814665, 0.6040339157579946, 0.21563675655192804, 0.9737556836800789, 0.36666421387829295, 0.9608721567645204, 0.9318946001596025, 0.18696517983964392], BATTLES: 295-202-242-393-314-303-383-344-295-
20, 12, -2718.0, [0.6345118580329906, 0.7941129619556315, 0.07105055510402397, 0.099192847830762, 0.5378222136590886, 0.8201928971286523, 0.8444256532665189, 0.24944340842967758, 0.38701738860757934, 0.6567578096949919, 0.017106433028848095, 0.5671016227369169, 0.9487628437026558, 0.8917156545722458, 0.9499931804948596, 0.665453021611725, 0.8764028505890983, 0.9879010443142586, 0.40011339336489293, 0.6777891325038079, 0.13242670523450661, 0.6249311571969877, 0.23584639042068953, 0.9375283890981734, 0.2789139307670593, 0.8153936158667676, 0.35646641572003385, 0.3492877233692407], BATTLES: 275-223-264-384-306-262-391-303-310-
20, 13, -2526.0, [0.47823299691919174, 0.8888470746509726, 0.15391551680948473, 0.1378860877147253, 0.6641061128447314, 0.8104576567029147, 0.6697483683673372, 0.34533615570864273, 0.6018922369316635, 0.6686437741094777, 0.2496467678679204, 0.386182003716435, 0.6869766705696442, 0.840061683184858, 0.8854764100173459, 0.44578677653190224, 0.8592844978986661, 0.974041304609719, 0.06312950656004368, 0.6147414372091584, 0.22807158323137194, 0.6702400638278598, 0.2609030597537516, 0.827952482502271, 0.3687028241811786, 0.916238815747363, 0.9918213054416312, 0.28506475185117963], BATTLES: 270-201-237-317-294-300-313-301-293-
20, 14, -2642.0, [0.6238801780303149, 0.9202696932297572, 0.126334329827194, 0.007833733658553027, 0.6661275944239172, 0.8077570849158776, 0.6966768754175325, 0.20887559769482691, 0.3910668006770409, 0.9136936414952497, 0.2949566155116816, 0.38588143598198343, 0.9152964943619781, 0.9146111815671432, 0.8896970801313082, 0.48111214759045273, 0.7249481789845285, 0.8481664230696797, 0.20026738005140654, 0.7063691098750103, 0.37918191460318695, 0.8646459218223552, 0.5230777404911893, 0.9857135720791211, 0.47651508600138265, 0.5980602221196188, 0.7335598500492166, 0.22401192155232474], BATTLES: 309-192-230-366-311-292-352-291-272-
21, 0, -2634.0, [0.5463845617407489, 0.9583127602213424, 0.11766567885292376, 0.05481008491036969, 0.7825869593500199, 0.9762475461727341, 0.7513990679565641, 0.20006521497777624, 0.6962049344608642, 0.4639505793633939, 0.1924965341445307, 0.6247415075071396, 0.9088850132405955, 0.8780386957392892, 0.8583414515384161, 0.8962450569038511, 0.8675366633193804, 0.9399461374811724, 0.06969971670398857, 0.4059295588973044, 0.1429429853180459, 0.3468160938544128, 0.23713467290863818, 0.9978984222000978, 0.3030563771783911, 0.9574737009869156, 0.5382271194857481, 0.3211903721896473], BATTLES: 292-228-240-387-300-317-318-301-251-
21, 1, -2672.0, [0.46364306791503856, 0.8574757123918356, 0.11470389436086002, 0.2043574011206157, 0.646211900462617, 0.7892938719960513, 0.5511167027940118, 0.22837574001857147, 0.4167337006584856, 0.6953300072637275, 0.35891265441499526, 0.2756695856812959, 0.7057064077253343, 0.7677468241861926, 0.8814923683369694, 0.47609985435019986, 0.8180621630153253, 0.9659223019426285, 0.20243251459552036, 0.4629589014022518, 0.15187210685058844, 0.7802594817768586, 0.21852030910473055, 0.8487767470494806, 0.39937477171598396, 0.9384173989764073, 0.6399985918986573, 0.178693597207713], BATTLES: 291-228-246-361-304-274-335-303-330-
21, 2, -2656.0, [0.6181959860203793, 0.9729999016463903, 0.038169938063632364, 0.16232062764793526, 0.7162186640120095, 0.9005907459879259, 0.7717838953960515, 0.11566622551878211, 0.6425522429191598, 0.5296267787940395, 0.06588586758217373, 0.48891515307239025, 0.6123734755362785, 0.780316414602611, 0.7594635074424104, 0.7977833789077556, 0.8839712294401193, 0.9698530638830762, 0.04001520383315735, 0.6796492092805989, 0.22917806778065825, 0.6552774946953226, 0.23911691026041504, 0.9820658536742006, 0.35651358906041974, 0.9861253114543426, 0.5988824050730599, 0.5036512088504523], BATTLES: 284-192-250-385-290-298-381-267-309-
21, 3, -2552.0, [0.7195802727962044, 0.88398289686169, 0.04173530489176077, 0.04496218316788843, 0.7431200152068163, 0.9850035262015859, 0.8153014668065347, 0.35655185147237367, 0.5511241328510281, 0.7611809573097466, 0.15347839906625746, 0.6296453968650699, 0.8707055164431338, 0.45892940998945664, 0.9774882637531542, 0.5506922872782856, 0.5355412466806112, 0.8191775482247771, 0.3448746252801965, 0.4156975143412739, 0.10726962741919809, 0.42956007768305915, 0.7321450805368148, 0.9963432204222955, 0.44388658264548986, 0.9707016606013923, 0.94622587664917, 0.2620384814973481], BATTLES: 277-218-246-390-299-261-332-259-270-
21, 4, -2667.0, [0.5250955932606158, 0.9369170340555089, 0.06950858710461906, 0.021426342985038448, 0.6852756468502149, 0.8347161999448842, 0.5286002561050058, 0.18841625229667877, 0.4678959283762486, 0.5228047152854862, 0.3067885635578794, 0.6580685258539818, 0.6475448945471209, 0.7225682589949374, 0.9630833933244091, 0.568447939815454, 0.6917702577128728, 0.6719830386019481, 0.0446267642388434, 0.6030048345643986, 0.13853903263720857, 0.6377675028931515, 0.3634826548883705, 0.9635256799252877, 0.4459705246007475, 0.9147250807832051, 0.8401427340999013, 0.26970799785166444], BATTLES: 286-199-236-362-308-282-386-309-299-
21, 5, -2543.0, [0.5403302198411667, 0.958572812059641, 0.04284595138191078, 0.06849330036222435, 0.6805778764617851, 0.9299484965825602, 0.5318386779040019, 0.13070272472834266, 0.4225790803927511, 0.23480144840833617, 0.18218224236037578, 0.6684402232038532, 0.7881794333140789, 0.6764550342140049, 0.8021099476889677, 0.5966960303792413, 0.7483917490775084, 0.8394915175259843, 0.14560489673069, 0.8461827727213708, 0.5031256734534221, 0.5871894807107383, 0.2346641511340298, 0.8452796809151095, 0.4886179611406273, 0.8779283672781648, 0.8429639643960657, 0.2665528340428156], BATTLES: 290-203-214-386-277-287-356-257-273-
21, 6, -2593.0, [0.7867152124826752, 0.8758095823608167, 0.039997584384804066, 0.05750316176758749, 0.6501286259088018, 0.9219333301085351, 0.6737572936553244, 0.20845704472393647, 0.5047897592176114, 0.8818747549290902, 0.04333062645717657, 0.4359049817415439, 0.6050060998311554, 0.7052236827698799, 0.9626644367452114, 0.7429158495559522, 0.9412924732627809, 0.6991714467414629, 0.18566336453526822, 0.8390013766116771, 0.07298169895709664, 0.8977932329996381, 0.4393468451571655, 0.9813142359384733, 0.45644757886652587, 0.7193390108958579, 0.7694671595830403, 0.2908733878854315], BATTLES: 304-208-218-391-273-251-323-296-314-
21, 7, -2600.0, [0.5628238161001149, 0.9665177380612833, 0.05393522230324198, 0.0032313690264004834, 0.6962233954688419, 0.8067680089902035, 0.8689027940834674, 0.11070579529357466, 0.19691306962960078, 0.75309026439233, 0.3406348948478556, 0.5322573651264754, 0.5506599114289213, 0.7565395383542347, 0.9988454575414457, 0.6633237171951457, 0.6600564853119466, 0.9835694932112685, 0.30172379509201463, 0.6015337218762716, 0.1840108634228596, 0.8674457074248858, 0.1788289365475228, 0.9970470382017255, 0.2714621637921254, 0.9179902156512119, 0.29163409604757595, 0.31656958720177686], BATTLES: 284-230-234-362-301-268-351-244-293-
21, 8, -2665.0, [0.6708149503798406, 0.9537700107053336, 0.089617027247292, 0.022586279823706583, 0.6351177140427758, 0.9137281393024556, 0.9899662449245648, 0.06011392874780912, 0.5065245294310432, 0.6583110263247193, 0.1496233568358501, 0.6909164273639278, 0.9198338783853979, 0.6423427161347374, 0.9829114662890028, 0.7567600240237566, 0.7781781190066759, 0.8770751489283692, 0.2369495774387083, 0.6082595386714367, 0.17713944723901695, 0.48388765699483166, 0.2916294062866053, 0.9991402055212486, 0.34263899650634994, 0.9825498253107278, 0.9126095256875072, 0.4032157811406621], BATTLES: 327-220-217-378-286-297-371-279-290-
21, 9, -2699.0, [0.6103680953219678, 0.8742629110017786, 0.0979624361317347, 0.04297115529513165, 0.6193011069166835, 0.8133572101266994, 0.7573556652101514, 0.3021581045458577, 0.4309831241235726, 0.9141577181929016, 0.09767477072918264, 0.8197882003692079, 0.7053937155653341, 0.7069445559936925, 0.7740368187395336, 0.6684746651579359, 0.7546730533360221, 0.7799589509448607, 0.3382484644070126, 0.8263277171520813, 0.28800649301325515, 0.7853457325042508, 0.29639674164597085, 0.9915060007718559, 0.6100542210346744, 0.6119305572227021, 0.9174482648825146, 0.2554250815471942], BATTLES: 284-206-223-368-304-312-351-303-348-
21, 10, -2574.0, [0.7168418080346821, 0.8659869229642455, 0.11694667959828332, 0.1093812451177333, 0.5747746413028418, 0.8377110968144796, 0.8389865383206354, 0.3411918087270823, 0.5210097209954868, 0.7233452583708803, 0.25553310902363807, 0.777627028918362, 0.7735706450885154, 0.6494152239604291, 0.8793718538531752, 0.4453406515670201, 0.623764628081632, 0.5093386159937622, 0.19095775420371003, 0.6648617554566981, 0.3452999530583211, 0.4044384222271651, 0.470118808013271, 0.8625113326857466, 0.5433866897470165, 0.837851873409884, 0.5396762782121046, 0.4156335058070446], BATTLES: 300-192-218-358-301-271-360-317-257-
21, 11, -2744.0, [0.5954760089902087, 0.8518739116302981, 0.10156955311365243, 0.055838634923280006, 0.6134012151548867, 0.8461761410057465, 0.6662562469131349, 0.24018631411441116, 0.3985548541228756, 0.6961362326363885, 0.2916107801249865, 0.5752027300693023, 0.9249343293199767, 0.6498259628795422, 0.876831413046258, 0.5344796776502304, 0.8744231653597647, 0.914699124294668, 0.17037280497322413, 0.6680052435825657, 0.16087028828814665, 0.6040339157579946, 0.21563675655192804, 0.9737556836800789, 0.36666421387829295, 0.9608721567645204, 0.9318946001596025, 0.18696517983964392], BATTLES: 276-226-239-385-288-278-394-344-314-
21, 12, -2698.0, [0.6345118580329906, 0.7941129619556315, 0.07105055510402397, 0.099192847830762, 0.5378222136590886, 0.8201928971286523, 0.8444256532665189, 0.24944340842967758, 0.38701738860757934, 0.6567578096949919, 0.017106433028848095, 0.5671016227369169, 0.9487628437026558, 0.8917156545722458, 0.9499931804948596, 0.665453021611725, 0.8764028505890983, 0.9879010443142586, 0.40011339336489293, 0.6777891325038079, 0.13242670523450661, 0.6249311571969877, 0.23584639042068953, 0.9375283890981734, 0.2789139307670593, 0.8153936158667676, 0.35646641572003385, 0.3492877233692407], BATTLES: 269-210-243-389-315-274-393-314-291-
21, 13, -2474.0, [0.47823299691919174, 0.8888470746509726, 0.15391551680948473, 0.1378860877147253, 0.6641061128447314, 0.8104576567029147, 0.6697483683673372, 0.34533615570864273, 0.6018922369316635, 0.6686437741094777, 0.2496467678679204, 0.386182003716435, 0.6869766705696442, 0.840061683184858, 0.8854764100173459, 0.44578677653190224, 0.8592844978986661, 0.974041304609719, 0.06312950656004368, 0.6147414372091584, 0.22807158323137194, 0.6702400638278598, 0.2609030597537516, 0.827952482502271, 0.3687028241811786, 0.916238815747363, 0.9918213054416312, 0.28506475185117963], BATTLES: 271-179-231-336-269-292-297-291-308-
21, 14, -2677.0, [0.6243075754265771, 0.9202696932297572, 0.126334329827194, 0.05905976008412765, 0.6661275944239172, 0.7349609297677547, 0.6966768754175325, 0.17020757532120842, 0.3910668006770409, 0.9136936414952497, 0.2949566155116816, 0.2741202190857345, 0.9476073630023418, 0.9146111815671432, 0.9448485400656541, 0.48111214759045273, 0.8699077287632498, 0.8481664230696797, 0.2845103462400581, 0.7063691098750103, 0.07250691047029922, 0.8759691963501394, 0.5230777404911893, 0.9928567860395605, 0.24792845447242434, 0.8661777945125997, 0.7335598500492166, 0.23715261364056395], BATTLES: 308-225-198-364-294-261-344-363-306-
22, 0, -2598.0, [0.5463845617407489, 0.9583127602213424, 0.11766567885292376, 0.05481008491036969, 0.7825869593500199, 0.9762475461727341, 0.7513990679565641, 0.20006521497777624, 0.6962049344608642, 0.4639505793633939, 0.1924965341445307, 0.6247415075071396, 0.9088850132405955, 0.8780386957392892, 0.8583414515384161, 0.8962450569038511, 0.8675366633193804, 0.9399461374811724, 0.06969971670398857, 0.4059295588973044, 0.1429429853180459, 0.3468160938544128, 0.23713467290863818, 0.9978984222000978, 0.3030563771783911, 0.9574737009869156, 0.5382271194857481, 0.3211903721896473], BATTLES: 330-206-257-388-288-297-314-283-235-
22, 1, -2733.0, [0.46364306791503856, 0.8574757123918356, 0.11470389436086002, 0.2043574011206157, 0.646211900462617, 0.7892938719960513, 0.5511167027940118, 0.22837574001857147, 0.4167337006584856, 0.6953300072637275, 0.35891265441499526, 0.2756695856812959, 0.7057064077253343, 0.7677468241861926, 0.8814923683369694, 0.47609985435019986, 0.8180621630153253, 0.9659223019426285, 0.20243251459552036, 0.4629589014022518, 0.15187210685058844, 0.7802594817768586, 0.21852030910473055, 0.8487767470494806, 0.39937477171598396, 0.9384173989764073, 0.6399985918986573, 0.178693597207713], BATTLES: 315-222-250-373-321-293-347-306-306-
22, 2, -2665.0, [0.6181959860203793, 0.9729999016463903, 0.09096421147348664, 0.16232062764793526, 0.7162186640120095, 0.9005907459879259, 0.7717838953960515, 0.30312595523148156, 0.1514323503580116, 0.5296267787940395, 0.06588586758217373, 0.6503461881159738, 0.6123734755362785, 0.780316414602611, 0.7594635074424104, 0.7977833789077556, 0.8726710882622315, 0.9698530638830762, 0.04001520383315735, 0.6796492092805989, 0.021776692026329536, 0.8406871916865559, 0.23911691026041504, 0.9910329268371003, 0.35651358906041974, 0.9861253114543426, 0.5988824050730599, 0.5036512088504523], BATTLES: 287-202-230-400-283-287-333-252-311-
22, 3, -2586.0, [0.7195802727962044, 0.88398289686169, 0.04173530489176077, 0.04496218316788843, 0.7431200152068163, 0.9850035262015859, 0.8153014668065347, 0.35655185147237367, 0.5511241328510281, 0.7611809573097466, 0.15347839906625746, 0.6296453968650699, 0.8707055164431338, 0.45892940998945664, 0.9774882637531542, 0.5506922872782856, 0.5355412466806112, 0.8191775482247771, 0.3448746252801965, 0.4156975143412739, 0.10726962741919809, 0.42956007768305915, 0.7321450805368148, 0.9963432204222955, 0.44388658264548986, 0.9707016606013923, 0.94622587664917, 0.2620384814973481], BATTLES: 303-220-237-407-295-279-320-257-268-
22, 4, -2661.0, [0.5250955932606158, 0.9369170340555089, 0.06950858710461906, 0.021426342985038448, 0.6852756468502149, 0.8347161999448842, 0.5286002561050058, 0.18841625229667877, 0.4678959283762486, 0.5228047152854862, 0.3067885635578794, 0.6580685258539818, 0.6475448945471209, 0.7225682589949374, 0.9630833933244091, 0.568447939815454, 0.6917702577128728, 0.6719830386019481, 0.0446267642388434, 0.6030048345643986, 0.13853903263720857, 0.6377675028931515, 0.3634826548883705, 0.9635256799252877, 0.4459705246007475, 0.9147250807832051, 0.8401427340999013, 0.26970799785166444], BATTLES: 295-205-243-376-300-273-376-305-288-
22, 5, -2510.0, [0.5403302198411667, 0.958572812059641, 0.04284595138191078, 0.06849330036222435, 0.6805778764617851, 0.9299484965825602, 0.5318386779040019, 0.13070272472834266, 0.4225790803927511, 0.23480144840833617, 0.18218224236037578, 0.6684402232038532, 0.7881794333140789, 0.6764550342140049, 0.8021099476889677, 0.5966960303792413, 0.7483917490775084, 0.8394915175259843, 0.14560489673069, 0.8461827727213708, 0.5031256734534221, 0.5871894807107383, 0.2346641511340298, 0.8452796809151095, 0.4886179611406273, 0.8779283672781648, 0.8429639643960657, 0.2665528340428156], BATTLES: 264-210-204-400-290-258-340-255-289-
22, 6, -2615.0, [0.7867152124826752, 0.9379047911804084, 0.039997584384804066, 0.05750316176758749, 0.6501286259088018, 0.9219333301085351, 0.8371842098545482, 0.16103918592338834, 0.5047897592176114, 0.9409373774645451, 0.04333062645717657, 0.4359049817415439, 0.9544256858554812, 0.7178547120211486, 0.9626644367452114, 0.7429158495559522, 0.9412924732627809, 0.9373681055539455, 0.18566336453526822, 0.7046103058216081, 0.07298169895709664, 0.8977932329996381, 0.47232532106445246, 0.9813142359384733, 0.45644757886652587, 0.9731199350577708, 0.7694671595830403, 0.1461195038822277], BATTLES: 280-194-239-411-285-264-363-264-301-
22, 7, -2609.0, [0.5628238161001149, 0.9665177380612833, 0.05393522230324198, 0.0032313690264004834, 0.6962233954688419, 0.8067680089902035, 0.8689027940834674, 0.11070579529357466, 0.19691306962960078, 0.75309026439233, 0.3406348948478556, 0.5322573651264754, 0.5506599114289213, 0.7565395383542347, 0.9988454575414457, 0.6633237171951457, 0.6600564853119466, 0.9835694932112685, 0.30172379509201463, 0.6015337218762716, 0.1840108634228596, 0.8674457074248858, 0.1788289365475228, 0.9970470382017255, 0.2714621637921254, 0.9179902156512119, 0.29163409604757595, 0.31656958720177686], BATTLES: 314-208-230-371-273-263-342-303-305-
22, 8, -2655.0, [0.6708149503798406, 0.9537700107053336, 0.089617027247292, 0.022586279823706583, 0.6351177140427758, 0.9137281393024556, 0.9899662449245648, 0.06011392874780912, 0.5065245294310432, 0.6583110263247193, 0.1496233568358501, 0.6909164273639278, 0.9198338783853979, 0.6423427161347374, 0.9829114662890028, 0.7567600240237566, 0.7781781190066759, 0.8770751489283692, 0.2369495774387083, 0.6082595386714367, 0.17713944723901695, 0.48388765699483166, 0.2916294062866053, 0.9991402055212486, 0.34263899650634994, 0.9825498253107278, 0.9126095256875072, 0.4032157811406621], BATTLES: 319-229-209-368-300-288-383-279-280-
22, 9, -2694.0, [0.6103680953219678, 0.8742629110017786, 0.0979624361317347, 0.04297115529513165, 0.6193011069166835, 0.8133572101266994, 0.7573556652101514, 0.3021581045458577, 0.4309831241235726, 0.9141577181929016, 0.09767477072918264, 0.8197882003692079, 0.7053937155653341, 0.7069445559936925, 0.7740368187395336, 0.6684746651579359, 0.7546730533360221, 0.7799589509448607, 0.3382484644070126, 0.8263277171520813, 0.28800649301325515, 0.7853457325042508, 0.29639674164597085, 0.9915060007718559, 0.6100542210346744, 0.6119305572227021, 0.9174482648825146, 0.2554250815471942], BATTLES: 300-197-232-381-306-299-323-327-329-
22, 10, -2616.0, [0.7168418080346821, 0.8513007488623474, 0.11694667959828332, 0.022312914350462197, 0.6147888285010488, 0.889621523478994, 0.8389865383206354, 0.23655781284227928, 0.3600985329400288, 0.7233452583708803, 0.3070978501768892, 0.6726698111228288, 0.7735706450885154, 0.6494152239604291, 0.9299495191858179, 0.5298641223496692, 0.8834277727315931, 0.9292612144629523, 0.040866981194567, 0.6681181696239399, 0.15424487374209989, 0.6112041445160008, 0.20649479401807613, 0.9312556663428733, 0.3375196133536563, 0.9652915129229361, 0.9459845730427351, 0.17875054443935456], BATTLES: 287-203-232-356-300-273-353-297-264-
22, 11, -2744.0, [0.5954760089902087, 0.8518739116302981, 0.10156955311365243, 0.055838634923280006, 0.6134012151548867, 0.8461761410057465, 0.6662562469131349, 0.24018631411441116, 0.3985548541228756, 0.6961362326363885, 0.2916107801249865, 0.5752027300693023, 0.9249343293199767, 0.6498259628795422, 0.876831413046258, 0.5344796776502304, 0.8744231653597647, 0.914699124294668, 0.17037280497322413, 0.6680052435825657, 0.16087028828814665, 0.6040339157579946, 0.21563675655192804, 0.9737556836800789, 0.36666421387829295, 0.9608721567645204, 0.9318946001596025, 0.18696517983964392], BATTLES: 289-209-241-366-290-304-390-343-312-
22, 12, -2699.0, [0.6185434769598692, 0.7941129619556315, 0.07105055510402397, 0.08553767896019673, 0.5378222136590886, 0.8201928971286523, 0.8444256532665189, 0.24944340842967758, 0.38701738860757934, 0.6528551262199009, 0.13308855321430849, 0.5272654633595275, 0.9487628437026558, 0.8917156545722458, 0.9499931804948596, 0.545103532844536, 0.8041352388165034, 0.9939505221571293, 0.4255185763057855, 0.6296793145081275, 0.09091343036058518, 0.6351597701559071, 0.23584639042068953, 0.9687641945490867, 0.2434395130636919, 0.8153936158667676, 0.5894034059429893, 0.3492877233692407], BATTLES: 279-217-219-356-284-280-390-289-295-
22, 13, -2617.0, [0.47823299691919174, 0.8888470746509726, 0.15391551680948473, 0.1378860877147253, 0.6641061128447314, 0.8104576567029147, 0.6697483683673372, 0.34533615570864273, 0.6018922369316635, 0.6686437741094777, 0.2496467678679204, 0.386182003716435, 0.6869766705696442, 0.840061683184858, 0.8854764100173459, 0.44578677653190224, 0.8592844978986661, 0.974041304609719, 0.06312950656004368, 0.6147414372091584, 0.22807158323137194, 0.6702400638278598, 0.2609030597537516, 0.827952482502271, 0.3687028241811786, 0.916238815747363, 0.9918213054416312, 0.28506475185117963], BATTLES: 282-194-246-326-320-318-293-323-315-
22, 14, -2581.0, [0.6243075754265771, 0.9202696932297572, 0.126334329827194, 0.05905976008412765, 0.6661275944239172, 0.7349609297677547, 0.6966768754175325, 0.17020757532120842, 0.3910668006770409, 0.9136936414952497, 0.2949566155116816, 0.2741202190857345, 0.9476073630023418, 0.9146111815671432, 0.9448485400656541, 0.48111214759045273, 0.8699077287632498, 0.8481664230696797, 0.2845103462400581, 0.7063691098750103, 0.07250691047029922, 0.8759691963501394, 0.5230777404911893, 0.9928567860395605, 0.24792845447242434, 0.8661777945125997, 0.7335598500492166, 0.23715261364056395], BATTLES: 288-220-196-358-275-281-331-343-289-
23, 0, -2661.0, [0.5463845617407489, 0.9583127602213424, 0.11766567885292376, 0.05481008491036969, 0.7825869593500199, 0.9762475461727341, 0.7513990679565641, 0.20006521497777624, 0.6962049344608642, 0.4639505793633939, 0.1924965341445307, 0.6247415075071396, 0.9088850132405955, 0.8780386957392892, 0.8583414515384161, 0.8962450569038511, 0.8675366633193804, 0.9399461374811724, 0.06969971670398857, 0.4059295588973044, 0.1429429853180459, 0.3468160938544128, 0.23713467290863818, 0.9978984222000978, 0.3030563771783911, 0.9574737009869156, 0.5382271194857481, 0.3211903721896473], BATTLES: 286-220-248-378-321-287-359-294-268-
23, 1, -2679.0, [0.46364306791503856, 0.8574757123918356, 0.11470389436086002, 0.2043574011206157, 0.646211900462617, 0.7892938719960513, 0.5511167027940118, 0.22837574001857147, 0.4167337006584856, 0.6953300072637275, 0.35891265441499526, 0.2756695856812959, 0.7057064077253343, 0.7677468241861926, 0.8814923683369694, 0.47609985435019986, 0.8180621630153253, 0.9659223019426285, 0.20243251459552036, 0.4629589014022518, 0.15187210685058844, 0.7802594817768586, 0.21852030910473055, 0.8487767470494806, 0.39937477171598396, 0.9384173989764073, 0.6399985918986573, 0.178693597207713], BATTLES: 301-234-223-357-312-285-346-305-316-
23, 2, -2557.0, [0.6181959860203793, 0.9729999016463903, 0.09096421147348664, 0.16232062764793526, 0.7162186640120095, 0.9005907459879259, 0.7717838953960515, 0.30312595523148156, 0.1514323503580116, 0.5296267787940395, 0.06588586758217373, 0.6503461881159738, 0.6123734755362785, 0.780316414602611, 0.7594635074424104, 0.7977833789077556, 0.8726710882622315, 0.9698530638830762, 0.04001520383315735, 0.6796492092805989, 0.021776692026329536, 0.8406871916865559, 0.23911691026041504, 0.9910329268371003, 0.35651358906041974, 0.9861253114543426, 0.5988824050730599, 0.5036512088504523], BATTLES: 272-203-196-378-285-246-370-316-291-
23, 3, -2563.0, [0.561961112525266, 0.88398289686169, 0.09346967735673033, 0.04496218316788843, 0.7431200152068163, 0.9850035262015859, 0.5312152854793335, 0.17978661881404454, 0.12962433432876364, 0.8805904786548733, 0.15347839906625746, 0.10492122696128936, 0.8707055164431338, 0.45892940998945664, 0.9774882637531542, 0.5506922872782856, 0.7160802729579702, 0.8191775482247771, 0.33320877521203907, 0.636039232621066, 0.05363481370959904, 0.42956007768305915, 0.47340543962292425, 0.9009656583094465, 0.2656251449922925, 0.9193369766623017, 0.94622587664917, 0.2620384814973481], BATTLES: 274-230-229-395-298-232-337-237-275-
23, 4, -2658.0, [0.5250955932606158, 0.9369170340555089, 0.06950858710461906, 0.021426342985038448, 0.6852756468502149, 0.8347161999448842, 0.5286002561050058, 0.18841625229667877, 0.4678959283762486, 0.5228047152854862, 0.3067885635578794, 0.6580685258539818, 0.6475448945471209, 0.7225682589949374, 0.9630833933244091, 0.568447939815454, 0.6917702577128728, 0.6719830386019481, 0.0446267642388434, 0.6030048345643986, 0.13853903263720857, 0.6377675028931515, 0.3634826548883705, 0.9635256799252877, 0.4459705246007475, 0.9147250807832051, 0.8401427340999013, 0.26970799785166444], BATTLES: 307-211-243-357-290-275-378-310-287-
23, 5, -2583.0, [0.5403302198411667, 0.958572812059641, 0.04284595138191078, 0.06849330036222435, 0.6805778764617851, 0.9299484965825602, 0.5318386779040019, 0.13070272472834266, 0.4225790803927511, 0.23480144840833617, 0.18218224236037578, 0.6684402232038532, 0.7881794333140789, 0.6764550342140049, 0.8021099476889677, 0.5966960303792413, 0.7483917490775084, 0.8394915175259843, 0.14560489673069, 0.8461827727213708, 0.5031256734534221, 0.5871894807107383, 0.2346641511340298, 0.8452796809151095, 0.4886179611406273, 0.8779283672781648, 0.8429639643960657, 0.2665528340428156], BATTLES: 282-207-204-391-298-263-355-305-278-
23, 6, -2595.0, [0.4816975113651506, 0.8991080584110922, 0.08402051398537541, 0.05750316176758749, 0.5350003004816161, 0.9219333301085351, 0.5753332497333516, 0.16103918592338834, 0.5047897592176114, 0.6787498423777434, 0.04333062645717657, 0.29641783123927595, 0.8803869778434962, 0.7178547120211486, 0.9626644367452114, 0.7429158495559522, 0.8290720878013159, 0.9373681055539455, 0.20490551734512785, 0.5968196298459548, 0.07298169895709664, 0.962041113294979, 0.47232532106445246, 0.9346837466498344, 0.32338505806145273, 0.9712508504945039, 0.709543173563054, 0.1461195038822277], BATTLES: 274-214-221-400-286-275-355-275-290-
23, 7, -2695.0, [0.5628238161001149, 0.8200004208986709, 0.12899998448120148, 0.0032313690264004834, 0.6165097335676072, 0.846416435992535, 0.7826585280247479, 0.30423232446403153, 0.22525987218355906, 0.8221707368086846, 0.3313811106313195, 0.463834727888511, 0.7798668910019999, 0.6908697621818238, 0.9994227287707229, 0.46884963147695924, 0.6600564853119466, 0.9917847466056342, 0.1828995720770384, 0.6447476465200817, 0.15776875487431857, 0.6591786341220309, 0.23831698517941963, 0.8937832982859858, 0.345146648633455, 0.9496517898961401, 0.5206048295605293, 0.10925496146812932], BATTLES: 308-231-193-391-283-256-378-299-279-
23, 8, -2686.0, [0.6708149503798406, 0.9537700107053336, 0.089617027247292, 0.022586279823706583, 0.6351177140427758, 0.9137281393024556, 0.9899662449245648, 0.06011392874780912, 0.5065245294310432, 0.6583110263247193, 0.1496233568358501, 0.6909164273639278, 0.9198338783853979, 0.6423427161347374, 0.9829114662890028, 0.7567600240237566, 0.7781781190066759, 0.8770751489283692, 0.2369495774387083, 0.6082595386714367, 0.17713944723901695, 0.48388765699483166, 0.2916294062866053, 0.9991402055212486, 0.34263899650634994, 0.9825498253107278, 0.9126095256875072, 0.4032157811406621], BATTLES: 296-212-225-390-303-290-390-317-263-
23, 9, -2644.0, [0.6103680953219678, 0.8099610256598354, 0.0979624361317347, 0.0721785107989844, 0.5776687719450727, 0.8133572101266994, 0.7573556652101514, 0.3021581045458577, 0.4677990216959001, 0.9141577181929016, 0.16567386497084233, 0.8197882003692079, 0.7053937155653341, 0.7069445559936925, 0.7650181994772026, 0.545138925112054, 0.7546730533360221, 0.7799589509448607, 0.3382484644070126, 0.8263277171520813, 0.28800649301325515, 0.5766616722466034, 0.29639674164597085, 0.9927919052813815, 0.5610045146665924, 0.6119305572227021, 0.9587241324412573, 0.11256792730284935], BATTLES: 287-219-212-358-300-297-331-314-307-
23, 10, -2690.0, [0.7168418080346821, 0.8513007488623474, 0.09211330080512002, 0.022312914350462197, 0.5994171860655508, 0.8910626289822988, 0.8389865383206354, 0.24722250099853293, 0.3600985329400288, 0.840062304320069, 0.3070978501768892, 0.6726698111228288, 0.7735706450885154, 0.5355395887406583, 0.9299495191858179, 0.5298641223496692, 0.790684211431717, 0.9292612144629523, 0.1262409350338729, 0.6681181696239399, 0.10221390787755938, 0.6112041445160008, 0.20649479401807613, 0.9312556663428733, 0.33434202071724534, 0.9652915129229361, 0.9459845730427351, 0.17875054443935456], BATTLES: 274-211-212-358-279-259-404-344-269-
23, 11, -2736.0, [0.5954760089902087, 0.8518739116302981, 0.10156955311365243, 0.055838634923280006, 0.6134012151548867, 0.8461761410057465, 0.6662562469131349, 0.24018631411441116, 0.3985548541228756, 0.6961362326363885, 0.2916107801249865, 0.5752027300693023, 0.9249343293199767, 0.6498259628795422, 0.876831413046258, 0.5344796776502304, 0.8744231653597647, 0.914699124294668, 0.17037280497322413, 0.6680052435825657, 0.16087028828814665, 0.6040339157579946, 0.21563675655192804, 0.9737556836800789, 0.36666421387829295, 0.9608721567645204, 0.9318946001596025, 0.18696517983964392], BATTLES: 299-203-208-399-305-270-402-344-306-
23, 12, -2668.0, [0.6185434769598692, 0.7941129619556315, 0.06394598814191957, 0.08553767896019673, 0.5378222136590886, 0.8239179016653407, 0.8444256532665189, 0.24944340842967758, 0.27668398751635614, 0.6528551262199009, 0.27568630189016924, 0.5272654633595275, 0.9073764525527471, 0.8068842277458921, 0.9499931804948596, 0.545103532844536, 0.8041352388165034, 0.8766926151647911, 0.27608257266242775, 0.6415773646221639, 0.09091343036058518, 0.6351597701559071, 0.23584639042068953, 0.9687641945490867, 0.2434395130636919, 0.8638483105832953, 0.7947017029714947, 0.3492877233692407], BATTLES: 287-199-235-357-269-266-370-320-319-
23, 13, -2705.0, [0.6992639706226271, 0.97583408080464, 0.11167287520885723, 0.06894304385736265, 0.6182483958144576, 0.9052288283514573, 0.6674660808722929, 0.34533615570864273, 0.6018922369316635, 0.6686437741094777, 0.21769986490423945, 0.386182003716435, 0.6869766705696442, 0.840061683184858, 0.942738205008673, 0.5491286146156183, 0.8592844978986661, 0.9870206523048595, 0.06312950656004368, 0.6147414372091584, 0.07718771426468378, 0.5826664489322286, 0.2609030597537516, 0.9139762412511355, 0.3687028241811786, 0.9581194078736814, 0.9959106527208156, 0.28506475185117963], BATTLES: 273-194-225-345-298-283-300-313-335-
23, 14, -2599.0, [0.6243075754265771, 0.9202696932297572, 0.126334329827194, 0.05905976008412765, 0.6661275944239172, 0.7349609297677547, 0.6966768754175325, 0.17020757532120842, 0.3910668006770409, 0.9136936414952497, 0.2949566155116816, 0.2741202190857345, 0.9476073630023418, 0.9146111815671432, 0.9448485400656541, 0.48111214759045273, 0.8699077287632498, 0.8481664230696797, 0.2845103462400581, 0.7063691098750103, 0.07250691047029922, 0.8759691963501394, 0.5230777404911893, 0.9928567860395605, 0.24792845447242434, 0.8661777945125997, 0.7335598500492166, 0.23715261364056395], BATTLES: 292-210-208-344-300-255-349-341-300-
24, 0, -2630.0, [0.5463845617407489, 0.9791563801106712, 0.13507534120591264, 0.027405042455184846, 0.7290859743134152, 0.988123773086367, 0.7513990679565641, 0.144976538928963, 0.6962049344608642, 0.5297741797324054, 0.2774598778454854, 0.9457641574050375, 0.9544425066202977, 0.6144860952297508, 0.9291707257692081, 0.7900715790215778, 0.8675366633193804, 0.9699730687405862, 0.2068777537667549, 0.477034504703857, 0.1782931866874109, 0.3468160938544128, 0.24816120399051364, 0.9989492111000489, 0.3030563771783911, 0.9787368504934578, 0.831408846505975, 0.3211903721896473], BATTLES: 296-208-234-384-312-264-323-250-260-
24, 1, -2721.0, [0.46364306791503856, 0.9573046177420459, 0.11470389436086002, 0.2043574011206157, 0.646211900462617, 0.8739083182888261, 0.5511167027940118, 0.2823347147018205, 0.4167337006584856, 0.6953300072637275, 0.35891265441499526, 0.424447079093119, 0.8474265659889257, 0.8895772453953879, 0.8600828717775097, 0.5886005721002564, 0.8180621630153253, 0.9659223019426285, 0.07556407561163364, 0.3231571244042942, 0.15187210685058844, 0.4082174347347851, 0.21852030910473055, 0.8894235281165276, 0.3078947296514154, 0.9692086994882037, 0.6399985918986573, 0.2466280900893721], BATTLES: 285-231-206-379-280-280-331-283-307-
24, 2, -2629.0, [0.6181959860203793, 0.9729999016463903, 0.1163240004195714, 0.11204185523912925, 0.6397568570082047, 0.8332839592132063, 0.7717838953960515, 0.26435198894091316, 0.1514323503580116, 0.7284824524393022, 0.15241595133127187, 0.33511741378358495, 0.6666228264837505, 0.780316414602611, 0.8996048200956366, 0.7977833789077556, 0.8726710882622315, 0.9698530638830762, 0.11655829715929616, 0.7154227414203765, 0.021776692026329536, 0.8484471003137863, 0.23911691026041504, 0.9587120524022295, 0.30589174804068126, 0.9861253114543426, 0.5988824050730599, 0.4097378465695647], BATTLES: 282-210-211-371-265-253-350-340-275-
24, 3, -2605.0, [0.561961112525266, 0.88398289686169, 0.09346967735673033, 0.04496218316788843, 0.7431200152068163, 0.9850035262015859, 0.5312152854793335, 0.17978661881404454, 0.12962433432876364, 0.8805904786548733, 0.15347839906625746, 0.10492122696128936, 0.8707055164431338, 0.45892940998945664, 0.9774882637531542, 0.5506922872782856, 0.7160802729579702, 0.8191775482247771, 0.33320877521203907, 0.636039232621066, 0.05363481370959904, 0.42956007768305915, 0.47340543962292425, 0.9009656583094465, 0.2656251449922925, 0.9193369766623017, 0.94622587664917, 0.2620384814973481], BATTLES: 312-238-235-371-275-267-350-281-276-
24, 4, -2667.0, [0.5250955932606158, 0.9369170340555089, 0.06950858710461906, 0.021426342985038448, 0.6852756468502149, 0.8347161999448842, 0.5286002561050058, 0.18841625229667877, 0.4678959283762486, 0.5228047152854862, 0.3067885635578794, 0.6580685258539818, 0.6475448945471209, 0.7225682589949374, 0.9630833933244091, 0.568447939815454, 0.6917702577128728, 0.6719830386019481, 0.0446267642388434, 0.6030048345643986, 0.13853903263720857, 0.6377675028931515, 0.3634826548883705, 0.9635256799252877, 0.4459705246007475, 0.9147250807832051, 0.8401427340999013, 0.26970799785166444], BATTLES: 281-212-235-385-312-282-375-300-285-
24, 5, -2551.0, [0.5403302198411667, 0.9792864060298205, 0.08917594325023386, 0.06817753095216801, 0.6805778764617851, 0.9797241365539909, 0.5318386779040019, 0.2031270405403605, 0.6100515513683694, 0.23480144840833617, 0.14748693806171573, 0.6684402232038532, 0.7242122549543851, 0.8379128140572656, 0.8687428145099148, 0.7175563363871568, 0.8051326291120952, 0.9337499970690986, 0.045687765160901256, 0.6264197428486048, 0.2749748050225205, 0.4443960732125328, 0.2346641511340298, 0.8959284032941561, 0.4886179611406273, 0.9017228745151397, 0.8322184072143106, 0.3498789640837612], BATTLES: 299-191-201-382-280-262-354-256-284-
24, 6, -2584.0, [0.735073718815727, 0.8991080584110922, 0.10787257205258712, 0.07300895594903854, 0.5350003004816161, 0.9219333301085351, 0.6743405574023982, 0.16103918592338834, 0.610363841882079, 0.6549970675493694, 0.10679491973200851, 0.29641783123927595, 0.8803869778434962, 0.7178547120211486, 0.9626644367452114, 0.5712075992861959, 0.83859488683571, 0.9373681055539455, 0.20490551734512785, 0.5968196298459548, 0.038985662482252534, 0.708873278868425, 0.47232532106445246, 0.8838363196006888, 0.363268082342272, 0.9402564627772638, 0.854771586781527, 0.1461195038822277], BATTLES: 292-232-210-345-277-292-351-259-306-
24, 7, -2678.0, [0.5628238161001149, 0.8200004208986709, 0.12899998448120148, 0.0032313690264004834, 0.6165097335676072, 0.846416435992535, 0.7826585280247479, 0.30423232446403153, 0.22525987218355906, 0.8221707368086846, 0.3313811106313195, 0.463834727888511, 0.7798668910019999, 0.6908697621818238, 0.9994227287707229, 0.46884963147695924, 0.6600564853119466, 0.9917847466056342, 0.1828995720770384, 0.6447476465200817, 0.15776875487431857, 0.6591786341220309, 0.23831698517941963, 0.8937832982859858, 0.345146648633455, 0.9496517898961401, 0.5206048295605293, 0.10925496146812932], BATTLES: 271-221-215-341-301-276-377-378-298-
24, 8, -2633.0, [0.6708149503798406, 0.8983502717818428, 0.10471641420184458, 0.0383998022715116, 0.6351177140427758, 0.9137281393024556, 0.6747510131721816, 0.06011392874780912, 0.3098838464823653, 0.6583110263247193, 0.1496233568358501, 0.558424363635295, 0.9198338783853979, 0.49965703206124523, 0.9914557331445014, 0.47422659405764944, 0.77233071115591, 0.8331800491544948, 0.21287623956222468, 0.6523336387826298, 0.16521810548780136, 0.48388765699483166, 0.2916294062866053, 0.9991402055212486, 0.2374382721252223, 0.9825498253107278, 0.9126095256875072, 0.4032157811406621], BATTLES: 285-223-196-382-269-259-404-289-269-
24, 9, -2644.0, [0.6103680953219678, 0.8099610256598354, 0.0979624361317347, 0.0721785107989844, 0.5776687719450727, 0.8133572101266994, 0.7573556652101514, 0.3021581045458577, 0.4677990216959001, 0.9141577181929016, 0.16567386497084233, 0.8197882003692079, 0.7053937155653341, 0.7069445559936925, 0.7650181994772026, 0.545138925112054, 0.7546730533360221, 0.7799589509448607, 0.3382484644070126, 0.8263277171520813, 0.28800649301325515, 0.5766616722466034, 0.29639674164597085, 0.9927919052813815, 0.5610045146665924, 0.6119305572227021, 0.9587241324412573, 0.11256792730284935], BATTLES: 281-220-223-397-302-290-333-286-312-
24, 10, -2657.0, [0.7168418080346821, 0.8513007488623474, 0.09211330080512002, 0.022312914350462197, 0.5994171860655508, 0.8910626289822988, 0.8389865383206354, 0.24722250099853293, 0.3600985329400288, 0.840062304320069, 0.3070978501768892, 0.6726698111228288, 0.7735706450885154, 0.5355395887406583, 0.9299495191858179, 0.5298641223496692, 0.790684211431717, 0.9292612144629523, 0.1262409350338729, 0.6681181696239399, 0.10221390787755938, 0.6112041445160008, 0.20649479401807613, 0.9312556663428733, 0.33434202071724534, 0.9652915129229361, 0.9459845730427351, 0.17875054443935456], BATTLES: 285-207-239-361-275-274-403-342-271-
24, 11, -2751.0, [0.5954760089902087, 0.8518739116302981, 0.10156955311365243, 0.055838634923280006, 0.6134012151548867, 0.8461761410057465, 0.6662562469131349, 0.24018631411441116, 0.3985548541228756, 0.6961362326363885, 0.2916107801249865, 0.5752027300693023, 0.9249343293199767, 0.6498259628795422, 0.876831413046258, 0.5344796776502304, 0.8744231653597647, 0.914699124294668, 0.17037280497322413, 0.6680052435825657, 0.16087028828814665, 0.6040339157579946, 0.21563675655192804, 0.9737556836800789, 0.36666421387829295, 0.9608721567645204, 0.9318946001596025, 0.18696517983964392], BATTLES: 319-216-223-379-320-265-365-333-331-
24, 12, -2635.0, [0.6185434769598692, 0.7941129619556315, 0.06394598814191957, 0.08553767896019673, 0.5378222136590886, 0.8239179016653407, 0.8444256532665189, 0.24944340842967758, 0.27668398751635614, 0.6528551262199009, 0.27568630189016924, 0.5272654633595275, 0.9073764525527471, 0.8068842277458921, 0.9499931804948596, 0.545103532844536, 0.8041352388165034, 0.8766926151647911, 0.27608257266242775, 0.6415773646221639, 0.09091343036058518, 0.6351597701559071, 0.23584639042068953, 0.9687641945490867, 0.2434395130636919, 0.8638483105832953, 0.7947017029714947, 0.3492877233692407], BATTLES: 293-190-227-353-287-263-378-325-319-
24, 13, -2693.0, [0.6992639706226271, 0.97583408080464, 0.11167287520885723, 0.06894304385736265, 0.6182483958144576, 0.9052288283514573, 0.6674660808722929, 0.34533615570864273, 0.6018922369316635, 0.6686437741094777, 0.21769986490423945, 0.386182003716435, 0.6869766705696442, 0.840061683184858, 0.942738205008673, 0.5491286146156183, 0.8592844978986661, 0.9870206523048595, 0.06312950656004368, 0.6147414372091584, 0.07718771426468378, 0.5826664489322286, 0.2609030597537516, 0.9139762412511355, 0.3687028241811786, 0.9581194078736814, 0.9959106527208156, 0.28506475185117963], BATTLES: 289-222-242-357-319-287-386-319-272-
24, 14, -2596.0, [0.6243075754265771, 0.9202696932297572, 0.126334329827194, 0.05905976008412765, 0.6661275944239172, 0.7349609297677547, 0.6966768754175325, 0.17020757532120842, 0.3910668006770409, 0.9136936414952497, 0.2949566155116816, 0.2741202190857345, 0.9476073630023418, 0.9146111815671432, 0.9448485400656541, 0.48111214759045273, 0.8699077287632498, 0.8481664230696797, 0.2845103462400581, 0.7063691098750103, 0.07250691047029922, 0.8759691963501394, 0.5230777404911893, 0.9928567860395605, 0.24792845447242434, 0.8661777945125997, 0.7335598500492166, 0.23715261364056395], BATTLES: 316-228-202-343-281-256-335-333-302-
25, 0, -2576.0, [0.5463845617407489, 0.9791563801106712, 0.13547473386772343, 0.027405042455184846, 0.6054020483409747, 0.867391034074765, 0.8129613216752212, 0.28536278786332675, 0.6962049344608642, 0.5297741797324054, 0.37336633364085214, 0.6419451044698101, 0.9544425066202977, 0.6144860952297508, 0.9291707257692081, 0.7900715790215778, 0.8675366633193804, 0.9699730687405862, 0.28195113580838777, 0.477034504703857, 0.1782931866874109, 0.3468160938544128, 0.24816120399051364, 0.9994746055500244, 0.3030563771783911, 0.9657954897631196, 0.831408846505975, 0.3211903721896473], BATTLES: 312-199-224-366-297-275-315-286-276-
25, 1, -2663.0, [0.46364306791503856, 0.9675541005899795, 0.10603666584578252, 0.2043574011206157, 0.6412708524339439, 0.820942513292659, 0.5511167027940118, 0.2732912343587561, 0.4167337006584856, 0.6953300072637275, 0.21905794541270074, 0.424447079093119, 0.8288786770817436, 0.8209992691369012, 0.8515169902772253, 0.5886005721002564, 0.8467938964910438, 0.9592243289574431, 0.07556407561163364, 0.5702220323749597, 0.15187210685058844, 0.4082174347347851, 0.23725626494599483, 0.8894235281165276, 0.32499455258638205, 0.9770822483049836, 0.6399985918986573, 0.2466280900893721], BATTLES: 274-214-238-371-303-312-354-301-272-
25, 2, -2633.0, [0.6181959860203793, 0.9729999016463903, 0.1163240004195714, 0.11204185523912925, 0.6397568570082047, 0.8332839592132063, 0.7717838953960515, 0.26435198894091316, 0.1514323503580116, 0.7284824524393022, 0.15241595133127187, 0.33511741378358495, 0.6666228264837505, 0.780316414602611, 0.8996048200956366, 0.7977833789077556, 0.8726710882622315, 0.9698530638830762, 0.11655829715929616, 0.7154227414203765, 0.021776692026329536, 0.8484471003137863, 0.23911691026041504, 0.9587120524022295, 0.30589174804068126, 0.9861253114543426, 0.5988824050730599, 0.4097378465695647], BATTLES: 285-203-214-375-285-268-378-343-282-
25, 3, -2566.0, [0.4738451889686014, 0.88398289686169, 0.10500823240037026, 0.04496218316788843, 0.7431200152068163, 0.9850035262015859, 0.4431059514264737, 0.07080239726733636, 0.12962433432876364, 0.8805904786548733, 0.15347839906625746, 0.10492122696128936, 0.8707055164431338, 0.6451052157496472, 0.9774882637531542, 0.5506922872782856, 0.8690282863710278, 0.8191775482247771, 0.33320877521203907, 0.636039232621066, 0.05363481370959904, 0.42956007768305915, 0.47340543962292425, 0.9504828291547233, 0.2656251449922925, 0.9596684883311508, 0.9869467986907831, 0.24505069661367254], BATTLES: 291-194-235-352-286-289-334-264-300-
25, 4, -2648.0, [0.5250955932606158, 0.9369170340555089, 0.06950858710461906, 0.021426342985038448, 0.6852756468502149, 0.8347161999448842, 0.5286002561050058, 0.18841625229667877, 0.4678959283762486, 0.5228047152854862, 0.3067885635578794, 0.6580685258539818, 0.6475448945471209, 0.7225682589949374, 0.9630833933244091, 0.568447939815454, 0.6917702577128728, 0.6719830386019481, 0.0446267642388434, 0.6030048345643986, 0.13853903263720857, 0.6377675028931515, 0.3634826548883705, 0.9635256799252877, 0.4459705246007475, 0.9147250807832051, 0.8401427340999013, 0.26970799785166444], BATTLES: 294-222-238-363-293-258-380-303-297-
25, 5, -2587.0, [0.5574830601990044, 0.99603838083133, 0.13662280680712932, 0.06817753095216801, 0.6805778764617851, 0.9898620682769954, 0.7637932788968372, 0.24862930187253077, 0.30095573920434454, 0.23480144840833617, 0.37238637686212406, 0.9627062139315463, 0.9762163616413808, 0.5429146707129192, 0.9343714072549574, 0.5584488839719854, 0.8051326291120952, 0.9668749985345493, 0.1878248357536016, 0.6111348894247821, 0.22350813534346273, 0.3583608737173901, 0.2011216323478612, 0.9769630353961329, 0.24363007702592726, 0.9508614372575699, 0.9161092036071553, 0.3498789640837612], BATTLES: 303-202-233-384-273-272-355-255-248-
25, 6, -2611.0, [0.735073718815727, 0.8991080584110922, 0.06011566144514035, 0.07300895594903854, 0.5350003004816161, 0.9219333301085351, 0.7569805828771783, 0.15273236270398052, 0.610363841882079, 0.6549970675493694, 0.21139173858160187, 0.29641783123927595, 0.8803869778434962, 0.6676504140645935, 0.9626644367452114, 0.5712075992861959, 0.8290105311257808, 0.9373681055539455, 0.29341262654185485, 0.5968196298459548, 0.038985662482252534, 0.6394648056607444, 0.47232532106445246, 0.9982926589297132, 0.3028147117195049, 0.9402564627772638, 0.795246140317896, 0.1461195038822277], BATTLES: 273-193-213-361-266-268-355-337-262-
25, 7, -2686.0, [0.5628238161001149, 0.8200004208986709, 0.10566148431382336, 0.0032313690264004834, 0.6165097335676072, 0.846416435992535, 0.7826585280247479, 0.18743027102077986, 0.3943324927141982, 0.8221707368086846, 0.3313811106313195, 0.38365717238185615, 0.7798668910019999, 0.5735066386066062, 0.9997113643853615, 0.553224840116355, 0.9253163964659421, 0.9917847466056342, 0.1828995720770384, 0.6447476465200817, 0.15776875487431857, 0.6470939212391902, 0.23831698517941963, 0.8937832982859858, 0.24823574271883103, 0.9496517898961401, 0.8494393380372056, 0.05462748073406466], BATTLES: 268-209-203-369-299-268-367-347-315-
25, 8, -2628.0, [0.6708149503798406, 0.8983502717818428, 0.10471641420184458, 0.0383998022715116, 0.6351177140427758, 0.9137281393024556, 0.6747510131721816, 0.06011392874780912, 0.3098838464823653, 0.6583110263247193, 0.1496233568358501, 0.558424363635295, 0.9198338783853979, 0.49965703206124523, 0.9914557331445014, 0.47422659405764944, 0.77233071115591, 0.8331800491544948, 0.21287623956222468, 0.6523336387826298, 0.16521810548780136, 0.48388765699483166, 0.2916294062866053, 0.9991402055212486, 0.2374382721252223, 0.9825498253107278, 0.9126095256875072, 0.4032157811406621], BATTLES: 308-209-201-399-305-246-374-300-286-
25, 9, -2644.0, [0.6103680953219678, 0.8099610256598354, 0.0979624361317347, 0.0721785107989844, 0.5776687719450727, 0.8133572101266994, 0.7573556652101514, 0.3021581045458577, 0.4677990216959001, 0.9141577181929016, 0.16567386497084233, 0.8197882003692079, 0.7053937155653341, 0.7069445559936925, 0.7650181994772026, 0.545138925112054, 0.7546730533360221, 0.7799589509448607, 0.3382484644070126, 0.8263277171520813, 0.28800649301325515, 0.5766616722466034, 0.29639674164597085, 0.9927919052813815, 0.5610045146665924, 0.6119305572227021, 0.9587241324412573, 0.11256792730284935], BATTLES: 305-215-223-385-312-270-348-297-289-
25, 10, -2680.0, [0.7168418080346821, 0.8513007488623474, 0.09211330080512002, 0.022312914350462197, 0.5994171860655508, 0.8910626289822988, 0.8389865383206354, 0.24722250099853293, 0.3600985329400288, 0.840062304320069, 0.3070978501768892, 0.6726698111228288, 0.7735706450885154, 0.5355395887406583, 0.9299495191858179, 0.5298641223496692, 0.790684211431717, 0.9292612144629523, 0.1262409350338729, 0.6681181696239399, 0.10221390787755938, 0.6112041445160008, 0.20649479401807613, 0.9312556663428733, 0.33434202071724534, 0.9652915129229361, 0.9459845730427351, 0.17875054443935456], BATTLES: 287-217-227-377-294-250-394-330-304-
25, 11, -2693.0, [0.5954760089902087, 0.8518739116302981, 0.10156955311365243, 0.055838634923280006, 0.6134012151548867, 0.8461761410057465, 0.6662562469131349, 0.24018631411441116, 0.3985548541228756, 0.6961362326363885, 0.2916107801249865, 0.5752027300693023, 0.9249343293199767, 0.6498259628795422, 0.876831413046258, 0.5344796776502304, 0.8744231653597647, 0.914699124294668, 0.17037280497322413, 0.6680052435825657, 0.16087028828814665, 0.6040339157579946, 0.21563675655192804, 0.9737556836800789, 0.36666421387829295, 0.9608721567645204, 0.9318946001596025, 0.18696517983964392], BATTLES: 292-213-200-354-301-279-370-347-337-
25, 12, -2709.0, [0.6185434769598692, 0.7941129619556315, 0.06394598814191957, 0.08553767896019673, 0.5378222136590886, 0.8239179016653407, 0.8444256532665189, 0.24944340842967758, 0.27668398751635614, 0.6528551262199009, 0.27568630189016924, 0.5272654633595275, 0.9073764525527471, 0.8068842277458921, 0.9499931804948596, 0.545103532844536, 0.8041352388165034, 0.8766926151647911, 0.27608257266242775, 0.6415773646221639, 0.09091343036058518, 0.6351597701559071, 0.23584639042068953, 0.9687641945490867, 0.2434395130636919, 0.8638483105832953, 0.7947017029714947, 0.3492877233692407], BATTLES: 299-206-242-392-296-278-390-307-299-
25, 13, -2707.0, [0.6992639706226271, 0.97583408080464, 0.11167287520885723, 0.06894304385736265, 0.6182483958144576, 0.9052288283514573, 0.6674660808722929, 0.34533615570864273, 0.6018922369316635, 0.6686437741094777, 0.21769986490423945, 0.386182003716435, 0.6869766705696442, 0.840061683184858, 0.942738205008673, 0.5491286146156183, 0.8592844978986661, 0.9870206523048595, 0.06312950656004368, 0.6147414372091584, 0.07718771426468378, 0.5826664489322286, 0.2609030597537516, 0.9139762412511355, 0.3687028241811786, 0.9581194078736814, 0.9959106527208156, 0.28506475185117963], BATTLES: 278-215-243-373-300-289-390-334-285-
25, 14, -2603.0, [0.6243075754265771, 0.9202696932297572, 0.126334329827194, 0.05905976008412765, 0.6661275944239172, 0.7349609297677547, 0.6966768754175325, 0.17020757532120842, 0.3910668006770409, 0.9136936414952497, 0.2949566155116816, 0.2741202190857345, 0.9476073630023418, 0.9146111815671432, 0.9448485400656541, 0.48111214759045273, 0.8699077287632498, 0.8481664230696797, 0.2845103462400581, 0.7063691098750103, 0.07250691047029922, 0.8759691963501394, 0.5230777404911893, 0.9928567860395605, 0.24792845447242434, 0.8661777945125997, 0.7335598500492166, 0.23715261364056395], BATTLES: 302-190-199-360-289-279-334-358-292-
26, 0, -2585.0, [0.5463845617407489, 0.9791563801106712, 0.13547473386772343, 0.027405042455184846, 0.6054020483409747, 0.867391034074765, 0.8129613216752212, 0.28536278786332675, 0.6962049344608642, 0.5297741797324054, 0.37336633364085214, 0.6419451044698101, 0.9544425066202977, 0.6144860952297508, 0.9291707257692081, 0.7900715790215778, 0.8675366633193804, 0.9699730687405862, 0.28195113580838777, 0.477034504703857, 0.1782931866874109, 0.3468160938544128, 0.24816120399051364, 0.9994746055500244, 0.3030563771783911, 0.9657954897631196, 0.831408846505975, 0.3211903721896473], BATTLES: 267-203-219-351-293-276-345-326-305-
26, 1, -2660.0, [0.46364306791503856, 0.9675541005899795, 0.10603666584578252, 0.2043574011206157, 0.6412708524339439, 0.820942513292659, 0.5511167027940118, 0.2732912343587561, 0.4167337006584856, 0.6953300072637275, 0.21905794541270074, 0.424447079093119, 0.8288786770817436, 0.8209992691369012, 0.8515169902772253, 0.5886005721002564, 0.8467938964910438, 0.9592243289574431, 0.07556407561163364, 0.5702220323749597, 0.15187210685058844, 0.4082174347347851, 0.23725626494599483, 0.8894235281165276, 0.32499455258638205, 0.9770822483049836, 0.6399985918986573, 0.2466280900893721], BATTLES: 303-220-237-386-319-278-336-286-295-
26, 2, -2677.0, [0.6181959860203793, 0.9729999016463903, 0.1163240004195714, 0.11204185523912925, 0.6397568570082047, 0.8332839592132063, 0.7717838953960515, 0.26435198894091316, 0.1514323503580116, 0.7284824524393022, 0.15241595133127187, 0.33511741378358495, 0.6666228264837505, 0.780316414602611, 0.8996048200956366, 0.7977833789077556, 0.8726710882622315, 0.9698530638830762, 0.11655829715929616, 0.7154227414203765, 0.021776692026329536, 0.8484471003137863, 0.23911691026041504, 0.9587120524022295, 0.30589174804068126, 0.9861253114543426, 0.5988824050730599, 0.4097378465695647], BATTLES: 306-207-201-359-295-275-393-328-313-
26, 3, -2588.0, [0.4738451889686014, 0.88398289686169, 0.10500823240037026, 0.04496218316788843, 0.7431200152068163, 0.9850035262015859, 0.4431059514264737, 0.07080239726733636, 0.12962433432876364, 0.8805904786548733, 0.15347839906625746, 0.10492122696128936, 0.8707055164431338, 0.6451052157496472, 0.9774882637531542, 0.5506922872782856, 0.8690282863710278, 0.8191775482247771, 0.33320877521203907, 0.636039232621066, 0.05363481370959904, 0.42956007768305915, 0.47340543962292425, 0.9504828291547233, 0.2656251449922925, 0.9596684883311508, 0.9869467986907831, 0.24505069661367254], BATTLES: 311-220-230-368-309-278-329-257-286-
26, 4, -2668.0, [0.5471729250912638, 0.9369170340555089, 0.06950858710461906, 0.06503591388088882, 0.6037338141624822, 0.8378870499408492, 0.5961085406170865, 0.3264254097220682, 0.3940492697665112, 0.5822297913050565, 0.3067885635578794, 0.6078164224733783, 0.6475448945471209, 0.8498428193611057, 0.9451323128318189, 0.4538308754625211, 0.8314004698694992, 0.828124240359614, 0.0714755168259743, 0.6434770277919502, 0.06530677310171637, 0.7665104293126079, 0.2828161371210549, 0.9242909521147572, 0.3584022636200204, 0.9147250807832051, 0.8589300388349516, 0.26970799785166444], BATTLES: 283-244-196-385-310-260-394-315-264-
26, 5, -2529.0, [0.5574830601990044, 0.99603838083133, 0.13662280680712932, 0.06817753095216801, 0.6805778764617851, 0.9898620682769954, 0.7637932788968372, 0.24862930187253077, 0.30095573920434454, 0.23480144840833617, 0.37238637686212406, 0.9627062139315463, 0.9762163616413808, 0.5429146707129192, 0.9343714072549574, 0.5584488839719854, 0.8051326291120952, 0.9668749985345493, 0.1878248357536016, 0.6111348894247821, 0.22350813534346273, 0.3583608737173901, 0.2011216323478612, 0.9769630353961329, 0.24363007702592726, 0.9508614372575699, 0.9161092036071553, 0.3498789640837612], BATTLES: 296-191-221-339-266-239-383-305-289-
26, 6, -2650.0, [0.735073718815727, 0.8991080584110922, 0.06011566144514035, 0.07300895594903854, 0.5350003004816161, 0.9219333301085351, 0.7569805828771783, 0.15273236270398052, 0.610363841882079, 0.6549970675493694, 0.21139173858160187, 0.29641783123927595, 0.8803869778434962, 0.6676504140645935, 0.9626644367452114, 0.5712075992861959, 0.8290105311257808, 0.9373681055539455, 0.29341262654185485, 0.5968196298459548, 0.038985662482252534, 0.6394648056607444, 0.47232532106445246, 0.9982926589297132, 0.3028147117195049, 0.9402564627772638, 0.795246140317896, 0.1461195038822277], BATTLES: 301-233-235-365-278-264-378-303-293-
26, 7, -2635.0, [0.5628238161001149, 0.8200004208986709, 0.10566148431382336, 0.0032313690264004834, 0.6165097335676072, 0.846416435992535, 0.7826585280247479, 0.18743027102077986, 0.3943324927141982, 0.8221707368086846, 0.3313811106313195, 0.38365717238185615, 0.7798668910019999, 0.5735066386066062, 0.9997113643853615, 0.553224840116355, 0.9253163964659421, 0.9917847466056342, 0.1828995720770384, 0.6447476465200817, 0.15776875487431857, 0.6470939212391902, 0.23831698517941963, 0.8937832982859858, 0.24823574271883103, 0.9496517898961401, 0.8494393380372056, 0.05462748073406466], BATTLES: 298-196-207-358-316-300-355-326-279-
26, 8, -2648.0, [0.6708149503798406, 0.8983502717818428, 0.10471641420184458, 0.0383998022715116, 0.6351177140427758, 0.9137281393024556, 0.6747510131721816, 0.06011392874780912, 0.3098838464823653, 0.6583110263247193, 0.1496233568358501, 0.558424363635295, 0.9198338783853979, 0.49965703206124523, 0.9914557331445014, 0.47422659405764944, 0.77233071115591, 0.8331800491544948, 0.21287623956222468, 0.6523336387826298, 0.16521810548780136, 0.48388765699483166, 0.2916294062866053, 0.9991402055212486, 0.2374382721252223, 0.9825498253107278, 0.9126095256875072, 0.4032157811406621], BATTLES: 293-224-193-378-278-276-373-334-299-
26, 9, -2638.0, [0.6103680953219678, 0.8099610256598354, 0.0979624361317347, 0.0721785107989844, 0.5776687719450727, 0.8133572101266994, 0.7573556652101514, 0.3021581045458577, 0.4677990216959001, 0.9141577181929016, 0.16567386497084233, 0.8197882003692079, 0.7053937155653341, 0.7069445559936925, 0.7650181994772026, 0.545138925112054, 0.7546730533360221, 0.7799589509448607, 0.3382484644070126, 0.8263277171520813, 0.28800649301325515, 0.5766616722466034, 0.29639674164597085, 0.9927919052813815, 0.5610045146665924, 0.6119305572227021, 0.9587241324412573, 0.11256792730284935], BATTLES: 311-216-224-377-298-278-332-319-283-
26, 10, -2652.0, [0.6072033841771143, 0.9335377331863135, 0.09211330080512002, 0.022312914350462197, 0.5994171860655508, 0.8910626289822988, 0.8389865383206354, 0.24722250099853293, 0.3600985329400288, 0.840062304320069, 0.4414410065211565, 0.6529076215758128, 0.7735706450885154, 0.5355395887406583, 0.9294485977843275, 0.6972300516120722, 0.8401158541324525, 0.9292612144629523, 0.1262409350338729, 0.6681181696239399, 0.15114824418937067, 0.6112041445160008, 0.23329470787626383, 0.9751342173257392, 0.3142190355022028, 0.9967818232520265, 0.9459845730427351, 0.17875054443935456], BATTLES: 288-223-201-371-261-271-396-319-309-
26, 11, -2749.0, [0.5954760089902087, 0.8518739116302981, 0.10156955311365243, 0.055838634923280006, 0.6134012151548867, 0.8461761410057465, 0.6662562469131349, 0.24018631411441116, 0.3985548541228756, 0.6961362326363885, 0.2916107801249865, 0.5752027300693023, 0.9249343293199767, 0.6498259628795422, 0.876831413046258, 0.5344796776502304, 0.8744231653597647, 0.914699124294668, 0.17037280497322413, 0.6680052435825657, 0.16087028828814665, 0.6040339157579946, 0.21563675655192804, 0.9737556836800789, 0.36666421387829295, 0.9608721567645204, 0.9318946001596025, 0.18696517983964392], BATTLES: 292-227-258-374-324-258-377-328-311-
26, 12, -2695.0, [0.6820207364392996, 0.7941129619556315, 0.06394598814191957, 0.03135413358564633, 0.5470842639904433, 0.8828636141756934, 0.8444256532665189, 0.2647590008374368, 0.4555626856238226, 0.6528551262199009, 0.30371411929854447, 0.5272654633595275, 0.9274448532797619, 0.7248479725518278, 0.9655304779625858, 0.6936186882576652, 0.8311688454953462, 0.8766926151647911, 0.27858485757324447, 0.571418263439168, 0.09091343036058518, 0.6351597701559071, 0.24109727916617493, 0.9687641945490867, 0.26885942860249273, 0.9251747465344049, 0.8120968371531184, 0.3492877233692407], BATTLES: 272-206-225-366-279-254-371-322-306-
26, 13, -2772.0, [0.6992639706226271, 0.97583408080464, 0.11167287520885723, 0.06894304385736265, 0.6182483958144576, 0.9052288283514573, 0.6674660808722929, 0.34533615570864273, 0.6018922369316635, 0.6686437741094777, 0.21769986490423945, 0.386182003716435, 0.6869766705696442, 0.840061683184858, 0.942738205008673, 0.5491286146156183, 0.8592844978986661, 0.9870206523048595, 0.06312950656004368, 0.6147414372091584, 0.07718771426468378, 0.5826664489322286, 0.2609030597537516, 0.9139762412511355, 0.3687028241811786, 0.9581194078736814, 0.9959106527208156, 0.28506475185117963], BATTLES: 285-233-230-361-323-286-407-327-320-
26, 14, -2619.0, [0.6243075754265771, 0.9202696932297572, 0.126334329827194, 0.05905976008412765, 0.6661275944239172, 0.7349609297677547, 0.6966768754175325, 0.17020757532120842, 0.3910668006770409, 0.9136936414952497, 0.2949566155116816, 0.2741202190857345, 0.9476073630023418, 0.9146111815671432, 0.9448485400656541, 0.48111214759045273, 0.8699077287632498, 0.8481664230696797, 0.2845103462400581, 0.7063691098750103, 0.07250691047029922, 0.8759691963501394, 0.5230777404911893, 0.9928567860395605, 0.24792845447242434, 0.8661777945125997, 0.7335598500492166, 0.23715261364056395], BATTLES: 298-220-203-350-293-276-343-346-290-
27, 0, -2633.0, [0.6055177064161957, 0.9791563801106712, 0.13547473386772343, 0.028414526337597834, 0.6054020483409747, 0.9071912770011017, 0.7454875994762797, 0.2546246689554341, 0.622684604611763, 0.5297741797324054, 0.41717643770564516, 0.2535288586554332, 0.9544425066202977, 0.6144860952297508, 0.9645853628846041, 0.5901117003112778, 0.9586999916077481, 0.984986534370293, 0.07189889913112199, 0.45240495677824727, 0.04842149446110125, 0.401606065918052, 0.22270936612575715, 0.896617772461751, 0.13679101411307826, 0.9828977448815598, 0.8855781195141835, 0.3211903721896473], BATTLES: 293-230-241-356-267-271-322-285-281-
27, 1, -2633.0, [0.4102690551889315, 0.9205907653044433, 0.10291196211296282, 0.2043574011206157, 0.7087187265042914, 0.9437699906241026, 0.5511167027940118, 0.2732912343587561, 0.18851563074902408, 0.6953300072637275, 0.21804770286904235, 0.27092909545462596, 0.9216369741367516, 0.7483092527877218, 0.8515169902772253, 0.5886005721002564, 0.8467938964910438, 0.9796121644787216, 0.07002221987984836, 0.6033327455619397, 0.15187210685058844, 0.5142984417799304, 0.2284539365552641, 0.8894235281165276, 0.19050621181563793, 0.9770822483049836, 0.6399985918986573, 0.2466280900893721], BATTLES: 279-218-218-381-305-298-335-288-294-
27, 2, -2690.0, [0.6181959860203793, 0.9729999016463903, 0.1163240004195714, 0.11204185523912925, 0.6397568570082047, 0.8332839592132063, 0.7717838953960515, 0.26435198894091316, 0.1514323503580116, 0.7284824524393022, 0.15241595133127187, 0.33511741378358495, 0.6666228264837505, 0.780316414602611, 0.8996048200956366, 0.7977833789077556, 0.8726710882622315, 0.9698530638830762, 0.11655829715929616, 0.7154227414203765, 0.021776692026329536, 0.8484471003137863, 0.23911691026041504, 0.9587120524022295, 0.30589174804068126, 0.9861253114543426, 0.5988824050730599, 0.4097378465695647], BATTLES: 311-219-214-346-280-272-395-338-315-
27, 3, -2569.0, [0.4738451889686014, 0.88398289686169, 0.10500823240037026, 0.04496218316788843, 0.7431200152068163, 0.9850035262015859, 0.4431059514264737, 0.07080239726733636, 0.12962433432876364, 0.8805904786548733, 0.15347839906625746, 0.10492122696128936, 0.8707055164431338, 0.6451052157496472, 0.9774882637531542, 0.5506922872782856, 0.8690282863710278, 0.8191775482247771, 0.33320877521203907, 0.636039232621066, 0.05363481370959904, 0.42956007768305915, 0.47340543962292425, 0.9504828291547233, 0.2656251449922925, 0.9596684883311508, 0.9869467986907831, 0.24505069661367254], BATTLES: 326-221-205-367-313-264-323-270-280-
27, 4, -2667.0, [0.5471729250912638, 0.9684585170277544, 0.07174148387134255, 0.03251795694044441, 0.5947345508410229, 0.9189435249704245, 0.5961085406170865, 0.2931819263241644, 0.3940492697665112, 0.5822297913050565, 0.3067885635578794, 0.5439766192750534, 0.8003374849129681, 0.674266329137468, 0.9725661564159094, 0.4538308754625211, 0.9951047447631535, 0.9140621201798069, 0.0714755168259743, 0.6746381808878508, 0.06530677310171637, 0.6550615903827035, 0.16111597031129093, 0.9242909521147572, 0.24197336237404335, 0.9147250807832051, 0.9294650194174758, 0.26970799785166444], BATTLES: 288-207-222-387-292-262-359-307-287-
27, 5, -2605.0, [0.5574830601990044, 0.9144897473491491, 0.06914431391367662, 0.06817753095216801, 0.6020345926983, 0.9898620682769954, 0.7637932788968372, 0.24862930187253077, 0.4382515172537418, 0.23480144840833617, 0.37238637686212406, 0.3247360659426627, 0.9881081808206904, 0.6348204544214353, 0.9343714072549574, 0.6332811254487696, 0.8051326291120952, 0.9668749985345493, 0.2502497048275365, 0.6111348894247821, 0.11175406767173136, 0.7113796451986788, 0.21340176319091445, 0.9884815176980665, 0.24363007702592726, 0.9508614372575699, 0.9580546018035776, 0.3498789640837612], BATTLES: 273-185-213-359-255-231-372-294-274-
27, 6, -2610.0, [0.735073718815727, 0.7934600683477774, 0.055444416641601366, 0.03650447797451927, 0.5245940837917392, 0.9219333301085351, 0.7569805828771783, 0.18781596583553473, 0.610363841882079, 0.6543264477660036, 0.2239537256674182, 0.29641783123927595, 0.8803869778434962, 0.6676504140645935, 0.9725122842539697, 0.6054938973741831, 0.8290105311257808, 0.881187403260521, 0.29341262654185485, 0.7572035131474375, 0.038985662482252534, 0.6394648056607444, 0.47232532106445246, 0.9982926589297132, 0.31527311957776577, 0.9284989123228362, 0.9502578757331048, 0.1461195038822277], BATTLES: 293-215-237-369-270-258-371-281-286-
27, 7, -2576.0, [0.5628238161001149, 0.8666070128494598, 0.11867572714186218, 0.043173690659912084, 0.6165097335676072, 0.846416435992535, 0.5982299657606216, 0.19986651787282697, 0.3943324927141982, 0.8221707368086846, 0.39377767615446546, 0.38365717238185615, 0.7798668910019999, 0.5735066386066062, 0.914400449203002, 0.553224840116355, 0.962658198232971, 0.9543385475741755, 0.1828995720770384, 0.7827067483178275, 0.15776875487431857, 0.6470939212391902, 0.11915849258970981, 0.8937832982859858, 0.2663404190696833, 0.9496517898961401, 0.8467791677011839, 0.05462748073406466], BATTLES: 300-198-204-341-309-287-343-316-274-
27, 8, -2577.0, [0.6708149503798406, 0.8983502717818428, 0.10471641420184458, 0.0383998022715116, 0.6351177140427758, 0.9137281393024556, 0.6747510131721816, 0.06011392874780912, 0.3098838464823653, 0.6583110263247193, 0.1496233568358501, 0.558424363635295, 0.9198338783853979, 0.49965703206124523, 0.9914557331445014, 0.47422659405764944, 0.77233071115591, 0.8331800491544948, 0.21287623956222468, 0.6523336387826298, 0.16521810548780136, 0.48388765699483166, 0.2916294062866053, 0.9991402055212486, 0.2374382721252223, 0.9825498253107278, 0.9126095256875072, 0.4032157811406621], BATTLES: 308-211-188-371-281-240-384-301-293-
27, 9, -2657.0, [0.6653986016269322, 0.912071655075153, 0.0979624361317347, 0.0721785107989844, 0.5672035219236714, 0.891343120865703, 0.7695283970621534, 0.3021581045458577, 0.30466332868223533, 0.9141577181929016, 0.07595894911591292, 0.40649968726463914, 0.7053937155653341, 0.7069445559936925, 0.7650181994772026, 0.545138925112054, 0.963640621044337, 0.9862915149113392, 0.14321389416765992, 0.8263277171520813, 0.05453743993976616, 0.5681021949889391, 0.29639674164597085, 0.9927919052813815, 0.4092730003804479, 0.6119305572227021, 0.9587241324412573, 0.11256792730284935], BATTLES: 281-212-248-376-314-259-315-309-290-
27, 10, -2650.0, [0.6072033841771143, 0.9335377331863135, 0.09211330080512002, 0.022312914350462197, 0.5994171860655508, 0.8910626289822988, 0.8389865383206354, 0.24722250099853293, 0.3600985329400288, 0.840062304320069, 0.4414410065211565, 0.6529076215758128, 0.7735706450885154, 0.5355395887406583, 0.9294485977843275, 0.6972300516120722, 0.8401158541324525, 0.9292612144629523, 0.1262409350338729, 0.6681181696239399, 0.15114824418937067, 0.6112041445160008, 0.23329470787626383, 0.9751342173257392, 0.3142190355022028, 0.9967818232520265, 0.9459845730427351, 0.17875054443935456], BATTLES: 290-213-219-373-287-276-381-317-294-
27, 11, -2676.0, [0.5954760089902087, 0.8518739116302981, 0.10156955311365243, 0.055838634923280006, 0.6134012151548867, 0.8461761410057465, 0.6662562469131349, 0.24018631411441116, 0.3985548541228756, 0.6961362326363885, 0.2916107801249865, 0.5752027300693023, 0.9249343293199767, 0.6498259628795422, 0.876831413046258, 0.5344796776502304, 0.8744231653597647, 0.914699124294668, 0.17037280497322413, 0.6680052435825657, 0.16087028828814665, 0.6040339157579946, 0.21563675655192804, 0.9737556836800789, 0.36666421387829295, 0.9608721567645204, 0.9318946001596025, 0.18696517983964392], BATTLES: 287-220-207-386-285-296-368-334-293-
27, 12, -2642.0, [0.6820207364392996, 0.7941129619556315, 0.06394598814191957, 0.03135413358564633, 0.5470842639904433, 0.8828636141756934, 0.8444256532665189, 0.2647590008374368, 0.4555626856238226, 0.6528551262199009, 0.30371411929854447, 0.5272654633595275, 0.9274448532797619, 0.7248479725518278, 0.9655304779625858, 0.6936186882576652, 0.8311688454953462, 0.8766926151647911, 0.27858485757324447, 0.571418263439168, 0.09091343036058518, 0.6351597701559071, 0.24109727916617493, 0.9687641945490867, 0.26885942860249273, 0.9251747465344049, 0.8120968371531184, 0.3492877233692407], BATTLES: 303-209-211-378-257-264-389-334-297-
27, 13, -2716.0, [0.6992639706226271, 0.97583408080464, 0.11049885947055171, 0.06894304385736265, 0.6281553674288411, 0.8754502339426655, 0.5474379569195226, 0.2677952165733217, 0.6018922369316635, 0.6686437741094777, 0.33069537820606487, 0.26680676332686093, 0.8961043222370247, 0.7959839949539848, 0.942738205008673, 0.5491286146156183, 0.8592844978986661, 0.9935103261524297, 0.03156475328002184, 0.4973788371398483, 0.0468395381412505, 0.5826664489322286, 0.20049417747278864, 0.8895000647472986, 0.2025901814920799, 0.9790597039368407, 0.9959106527208156, 0.28506475185117963], BATTLES: 278-214-226-389-309-275-399-330-295-
27, 14, -2679.0, [0.6430084226270529, 0.9202696932297572, 0.126334329827194, 0.05905976008412765, 0.6482386663864816, 0.7349609297677547, 0.5578524419766121, 0.17020757532120842, 0.3910668006770409, 0.9136936414952497, 0.2949566155116816, 0.2741202190857345, 0.9476073630023418, 0.9146111815671432, 0.972424270032827, 0.48111214759045273, 0.8699077287632498, 0.8481664230696797, 0.05721532101701646, 0.7063691098750103, 0.07250691047029922, 0.8759691963501394, 0.2993164294935157, 0.9928567860395605, 0.18592043107253908, 0.8661777945125997, 0.8753191469005156, 0.23715261364056395], BATTLES: 280-211-212-352-271-267-317-339-298-
28, 0, -2617.0, [0.6055177064161957, 0.9791563801106712, 0.13547473386772343, 0.028414526337597834, 0.6054020483409747, 0.9071912770011017, 0.7454875994762797, 0.2546246689554341, 0.622684604611763, 0.5297741797324054, 0.41717643770564516, 0.2535288586554332, 0.9544425066202977, 0.6144860952297508, 0.9645853628846041, 0.5901117003112778, 0.9586999916077481, 0.984986534370293, 0.07189889913112199, 0.45240495677824727, 0.04842149446110125, 0.401606065918052, 0.22270936612575715, 0.896617772461751, 0.13679101411307826, 0.9828977448815598, 0.8855781195141835, 0.3211903721896473], BATTLES: 288-192-229-370-287-258-370-330-293-
28, 1, -2607.0, [0.4102690551889315, 0.9205907653044433, 0.10291196211296282, 0.046896591594547135, 0.5758498947457134, 0.8848992549513506, 0.5311990571305535, 0.2211353148274486, 0.35628664842665925, 0.6953300072637275, 0.21804770286904235, 0.08928568883316829, 0.9608184870683758, 0.7483092527877218, 0.8515169902772253, 0.49786505522026747, 0.9834366480647134, 0.9898060822393608, 0.026868247274321855, 0.42578425046094637, 0.07593605342529422, 0.5142984417799304, 0.2284539365552641, 0.8894235281165276, 0.09525310590781896, 0.9885411241524917, 0.8199992959493286, 0.30046320465082227], BATTLES: 272-195-242-377-311-273-343-282-300-
28, 2, -2689.0, [0.6260415480232313, 0.9729999016463903, 0.13904916919895188, 0.11204185523912925, 0.6397568570082047, 0.8648419906457815, 0.6601042366620591, 0.26435198894091316, 0.1514323503580116, 0.7284824524393022, 0.15241595133127187, 0.2527407104375087, 0.8435507503862629, 0.780316414602611, 0.9498024100478183, 0.6594028867555081, 0.9842287879818391, 0.9698530638830762, 0.10128040383639124, 0.7154227414203765, 0.02850869610892831, 0.6609333354230373, 0.21305885213872497, 0.9587120524022295, 0.2361181051975356, 0.9896264356081055, 0.5988824050730599, 0.23508997928076258], BATTLES: 299-207-217-355-288-254-374-337-301-
28, 3, -2533.0, [0.4738451889686014, 0.9518500463288817, 0.16700009743280517, 0.10440119728509924, 0.7431200152068163, 0.9507571887059388, 0.7173302268229418, 0.07080239726733636, 0.12962433432876364, 0.8805904786548733, 0.2038696088994723, 0.16109250200646036, 0.9353527582215668, 0.6322781214871019, 0.9774882637531542, 0.6667771042313135, 0.934514143185514, 0.8191775482247771, 0.14476302559855758, 0.589476037350883, 0.05363481370959904, 0.39821365962975064, 0.34628554643180587, 0.9181580973341867, 0.2656251449922925, 0.9798342441655754, 0.9934733993453915, 0.2870648455122216], BATTLES: 300-218-200-364-303-256-318-276-290-
28, 4, -2621.0, [0.5471729250912638, 0.9684585170277544, 0.07174148387134255, 0.03251795694044441, 0.5947345508410229, 0.9189435249704245, 0.5961085406170865, 0.2931819263241644, 0.3940492697665112, 0.5822297913050565, 0.3067885635578794, 0.5439766192750534, 0.8003374849129681, 0.674266329137468, 0.9725661564159094, 0.4538308754625211, 0.9951047447631535, 0.9140621201798069, 0.0714755168259743, 0.6746381808878508, 0.06530677310171637, 0.6550615903827035, 0.16111597031129093, 0.9242909521147572, 0.24197336237404335, 0.9147250807832051, 0.9294650194174758, 0.26970799785166444], BATTLES: 263-210-253-366-284-276-369-311-289-
28, 5, -2616.0, [0.5886203585490155, 0.8967037028551096, 0.06514556290802878, 0.0724260728692239, 0.5806531693504375, 0.9875810734975201, 0.7637932788968372, 0.2776232341692207, 0.4382515172537418, 0.29602179465771766, 0.31685300633934993, 0.3940240610220968, 0.9881081808206904, 0.6231814433645747, 0.9306681866389402, 0.7324065429737996, 0.8127047866541669, 0.9751582872046575, 0.2135407915120332, 0.6111348894247821, 0.09293622822108243, 0.7113796451986788, 0.1460229469178444, 0.9743197820810645, 0.24363007702592726, 0.975645060082143, 0.8842683062055209, 0.3951006579956284], BATTLES: 283-201-247-366-283-266-363-289-298-
28, 6, -2596.0, [0.5858392446283511, 0.9007993587883639, 0.10361558070986635, 0.08960951599459735, 0.5245940837917392, 0.9219333301085351, 0.6325045839045768, 0.2038910365199269, 0.610363841882079, 0.6543264477660036, 0.23229537121047666, 0.15852219866335504, 0.766094425567532, 0.7506330602273878, 0.9237822263169045, 0.7242940155121236, 0.9478020248389496, 0.881187403260521, 0.29341262654185485, 0.7973128016947678, 0.06011012551514508, 0.774363039479087, 0.47232532106445246, 0.9982926589297132, 0.2726434054108841, 0.9284989123228362, 0.702036165419934, 0.1461195038822277], BATTLES: 307-205-210-392-272-278-347-274-279-
28, 7, -2564.0, [0.5628238161001149, 0.8666070128494598, 0.11867572714186218, 0.043173690659912084, 0.6165097335676072, 0.846416435992535, 0.5982299657606216, 0.19986651787282697, 0.3943324927141982, 0.8221707368086846, 0.39377767615446546, 0.38365717238185615, 0.7798668910019999, 0.5735066386066062, 0.914400449203002, 0.553224840116355, 0.962658198232971, 0.9543385475741755, 0.1828995720770384, 0.7827067483178275, 0.15776875487431857, 0.6470939212391902, 0.11915849258970981, 0.8937832982859858, 0.2663404190696833, 0.9496517898961401, 0.8467791677011839, 0.05462748073406466], BATTLES: 309-202-215-338-292-291-332-312-273-
28, 8, -2595.0, [0.6708149503798406, 0.8983502717818428, 0.10471641420184458, 0.0383998022715116, 0.6351177140427758, 0.9137281393024556, 0.6747510131721816, 0.06011392874780912, 0.3098838464823653, 0.6583110263247193, 0.1496233568358501, 0.558424363635295, 0.9198338783853979, 0.49965703206124523, 0.9914557331445014, 0.47422659405764944, 0.77233071115591, 0.8331800491544948, 0.21287623956222468, 0.6523336387826298, 0.16521810548780136, 0.48388765699483166, 0.2916294062866053, 0.9991402055212486, 0.2374382721252223, 0.9825498253107278, 0.9126095256875072, 0.4032157811406621], BATTLES: 318-238-171-377-272-263-379-315-262-
28, 9, -2654.0, [0.7936672716515796, 0.925474282548316, 0.0979624361317347, 0.06550912325869179, 0.5822661666061902, 0.891343120865703, 0.6663071013723049, 0.3021581045458577, 0.444545415798981, 0.9570788590964507, 0.2694288811226758, 0.40649968726463914, 0.8585469048138556, 0.7069445559936925, 0.9482350664084237, 0.4785293248429829, 0.9750392481450025, 0.9946584970161727, 0.1104431562065406, 0.5795554951084303, 0.05453743993976616, 0.7277925682021493, 0.27994554991312093, 0.9927919052813815, 0.14111821179429182, 0.6119305572227021, 0.9793620662206286, 0.11256792730284935], BATTLES: 281-225-198-364-311-272-375-344-274-
28, 10, -2712.0, [0.5929182262951563, 0.9667688665931568, 0.09211330080512002, 0.022312914350462197, 0.6434406571431173, 0.9927744503040183, 0.8389865383206354, 0.19828331412034067, 0.5660432153434641, 0.5693986097209609, 0.4414410065211565, 0.6529076215758128, 0.7735706450885154, 0.5355395887406583, 0.9647242988921638, 0.6972300516120722, 0.8401158541324525, 0.9646306072314761, 0.1262409350338729, 0.6681181696239399, 0.15114824418937067, 0.5879411969162919, 0.025500665182966398, 0.9751342173257392, 0.1571095177511014, 0.9983909116260132, 0.9729922865213676, 0.17875054443935456], BATTLES: 309-226-223-369-301-265-363-314-291-
28, 11, -2737.0, [0.5954760089902087, 0.8518739116302981, 0.10156955311365243, 0.055838634923280006, 0.6134012151548867, 0.8461761410057465, 0.6662562469131349, 0.24018631411441116, 0.3985548541228756, 0.6961362326363885, 0.2916107801249865, 0.5752027300693023, 0.9249343293199767, 0.6498259628795422, 0.876831413046258, 0.5344796776502304, 0.8744231653597647, 0.914699124294668, 0.17037280497322413, 0.6680052435825657, 0.16087028828814665, 0.6040339157579946, 0.21563675655192804, 0.9737556836800789, 0.36666421387829295, 0.9608721567645204, 0.9318946001596025, 0.18696517983964392], BATTLES: 306-238-231-382-291-278-354-355-302-
28, 12, -2723.0, [0.6820207364392996, 0.7941129619556315, 0.06394598814191957, 0.03135413358564633, 0.5470842639904433, 0.8828636141756934, 0.8444256532665189, 0.2647590008374368, 0.4555626856238226, 0.6528551262199009, 0.21603564432700353, 0.5272654633595275, 0.9274448532797619, 0.7248479725518278, 0.9655304779625858, 0.6936186882576652, 0.8311688454953462, 0.8766926151647911, 0.27858485757324447, 0.6481723269167344, 0.09091343036058518, 0.6351597701559071, 0.24109727916617493, 0.9843820972745434, 0.26885942860249273, 0.9251747465344049, 0.8120968371531184, 0.3492877233692407], BATTLES: 268-220-231-387-286-248-378-290-321-
28, 13, -2719.0, [0.7149674674267494, 0.97583408080464, 0.11049885947055171, 0.0035904656529709006, 0.6281553674288411, 0.8754502339426655, 0.41204327769765864, 0.2677952165733217, 0.6018922369316635, 0.6686437741094777, 0.33069537820606487, 0.26680676332686093, 0.9480521611185124, 0.7959839949539848, 0.942738205008673, 0.5491286146156183, 0.8592844978986661, 0.9935103261524297, 0.04245050341850737, 0.5142895452755398, 0.0468395381412505, 0.6049960111699249, 0.20049417747278864, 0.8906543636019826, 0.2025901814920799, 0.9790597039368407, 0.9959106527208156, 0.28506475185117963], BATTLES: 277-219-219-386-298-253-387-356-310-
28, 14, -2595.0, [0.6430084226270529, 0.9202696932297572, 0.126334329827194, 0.05905976008412765, 0.6482386663864816, 0.7349609297677547, 0.5578524419766121, 0.17020757532120842, 0.3910668006770409, 0.9136936414952497, 0.2949566155116816, 0.2741202190857345, 0.9476073630023418, 0.9146111815671432, 0.972424270032827, 0.48111214759045273, 0.8699077287632498, 0.8481664230696797, 0.05721532101701646, 0.7063691098750103, 0.07250691047029922, 0.8759691963501394, 0.2993164294935157, 0.9928567860395605, 0.18592043107253908, 0.8661777945125997, 0.8753191469005156, 0.23715261364056395], BATTLES: 309-204-176-362-292-258-355-347-292-
29, 0, -2680.0, [0.6055177064161957, 0.9791563801106712, 0.13547473386772343, 0.028414526337597834, 0.6054020483409747, 0.9071912770011017, 0.7454875994762797, 0.2546246689554341, 0.622684604611763, 0.5297741797324054, 0.41717643770564516, 0.2535288586554332, 0.9544425066202977, 0.6144860952297508, 0.9645853628846041, 0.5901117003112778, 0.9586999916077481, 0.984986534370293, 0.07189889913112199, 0.45240495677824727, 0.04842149446110125, 0.401606065918052, 0.22270936612575715, 0.896617772461751, 0.13679101411307826, 0.9828977448815598, 0.8855781195141835, 0.3211903721896473], BATTLES: 306-220-250-353-303-267-371-334-276-
29, 1, -2597.0, [0.4102690551889315, 0.9205907653044433, 0.10291196211296282, 0.046896591594547135, 0.5758498947457134, 0.8848992549513506, 0.5311990571305535, 0.2211353148274486, 0.35628664842665925, 0.6953300072637275, 0.21804770286904235, 0.08928568883316829, 0.9608184870683758, 0.7483092527877218, 0.8515169902772253, 0.49786505522026747, 0.9834366480647134, 0.9898060822393608, 0.026868247274321855, 0.42578425046094637, 0.07593605342529422, 0.5142984417799304, 0.2284539365552641, 0.8894235281165276, 0.09525310590781896, 0.9885411241524917, 0.8199992959493286, 0.30046320465082227], BATTLES: 292-209-233-390-290-244-370-306-263-
29, 2, -2580.0, [0.6260415480232313, 0.9729999016463903, 0.13904916919895188, 0.11204185523912925, 0.6397568570082047, 0.8648419906457815, 0.6601042366620591, 0.26435198894091316, 0.1514323503580116, 0.7284824524393022, 0.15241595133127187, 0.2527407104375087, 0.8435507503862629, 0.780316414602611, 0.9498024100478183, 0.6594028867555081, 0.9842287879818391, 0.9698530638830762, 0.10128040383639124, 0.7154227414203765, 0.02850869610892831, 0.6609333354230373, 0.21305885213872497, 0.9587120524022295, 0.2361181051975356, 0.9896264356081055, 0.5988824050730599, 0.23508997928076258], BATTLES: 280-206-201-349-298-236-381-333-296-
29, 3, -2539.0, [0.4738451889686014, 0.9518500463288817, 0.16700009743280517, 0.10440119728509924, 0.7431200152068163, 0.9507571887059388, 0.7173302268229418, 0.07080239726733636, 0.12962433432876364, 0.8805904786548733, 0.2038696088994723, 0.16109250200646036, 0.9353527582215668, 0.6322781214871019, 0.9774882637531542, 0.6667771042313135, 0.934514143185514, 0.8191775482247771, 0.14476302559855758, 0.589476037350883, 0.05363481370959904, 0.39821365962975064, 0.34628554643180587, 0.9181580973341867, 0.2656251449922925, 0.9798342441655754, 0.9934733993453915, 0.2870648455122216], BATTLES: 328-221-208-355-295-266-318-282-266-
29, 4, -2636.0, [0.5471729250912638, 0.9684585170277544, 0.10268482096391345, 0.04869578593669296, 0.5464992376120487, 0.9099594031091255, 0.5961085406170865, 0.348936368370396, 0.4060270770118286, 0.5822297913050565, 0.3777203894654858, 0.463876238699546, 0.9578291298920456, 0.6003771879701207, 0.9725661564159094, 0.5733972147824066, 0.964310900779352, 0.9140621201798069, 0.252300799689236, 0.5311748425913507, 0.032653386550858185, 0.6550615903827035, 0.14086186386356514, 0.9621454760573787, 0.17056424582735633, 0.9573625403916026, 0.9647325097087379, 0.26970799785166444], BATTLES: 253-194-230-386-293-283-377-297-286-
29, 5, -2698.0, [0.5886203585490155, 0.8457078635769896, 0.06514556290802878, 0.0724260728692239, 0.5806531693504375, 0.9875810734975201, 0.7637932788968372, 0.20555050167992686, 0.4382515172537418, 0.4736315276483601, 0.31685300633934993, 0.34609724116285107, 0.9881081808206904, 0.7151031084610627, 0.9186699809124799, 0.7324065429737996, 0.8127047866541669, 0.9907568673523622, 0.2135407915120332, 0.6111348894247821, 0.09293622822108243, 0.7714498891633174, 0.1460229469178444, 0.9743197820810645, 0.24363007702592726, 0.975645060082143, 0.8842683062055209, 0.28745932758386944], BATTLES: 275-213-235-398-290-269-396-289-286-
29, 6, -2558.0, [0.5858392446283511, 0.9007993587883639, 0.10361558070986635, 0.08960951599459735, 0.5245940837917392, 0.9219333301085351, 0.6325045839045768, 0.2038910365199269, 0.610363841882079, 0.6543264477660036, 0.23229537121047666, 0.15852219866335504, 0.766094425567532, 0.7506330602273878, 0.9237822263169045, 0.7242940155121236, 0.9478020248389496, 0.881187403260521, 0.29341262654185485, 0.7973128016947678, 0.06011012551514508, 0.774363039479087, 0.47232532106445246, 0.9982926589297132, 0.2726434054108841, 0.9284989123228362, 0.702036165419934, 0.1461195038822277], BATTLES: 311-208-231-372-298-252-304-273-309-
29, 7, -2648.0, [0.577110123765333, 0.843199203665958, 0.11867572714186218, 0.043173690659912084, 0.6165097335676072, 0.8451922097192336, 0.5982299657606216, 0.19486612076215193, 0.3943324927141982, 0.7881514171121881, 0.31825877769315125, 0.38681650775900217, 0.7798668910019999, 0.5735066386066062, 0.914400449203002, 0.553224840116355, 0.9606243580962314, 0.924875797658273, 0.2244883871337887, 0.7721870891289753, 0.15776875487431857, 0.6677064328031234, 0.14218295187492327, 0.8937832982859858, 0.2663404190696833, 0.9518363166352541, 0.8467791677011839, 0.05462748073406466], BATTLES: 300-213-207-352-306-266-332-312-290-
29, 8, -2573.0, [0.6708149503798406, 0.8983502717818428, 0.10471641420184458, 0.04715623754567441, 0.6351177140427758, 0.862810004518258, 0.6687151023737617, 0.06011392874780912, 0.2669449609352992, 0.862302105487133, 0.270742679660456, 0.558424363635295, 0.9198338783853979, 0.49965703206124523, 0.9914557331445014, 0.47422659405764944, 0.77233071115591, 0.8331800491544948, 0.21588377981996262, 0.6401324888686056, 0.14833781091225967, 0.48388765699483166, 0.2916294062866053, 0.9995701027606243, 0.2374382721252223, 0.7525448561492623, 0.9143204882207735, 0.16015522784755268], BATTLES: 301-212-187-372-266-257-368-325-271-
29, 9, -2647.0, [0.6937277750092059, 0.925474282548316, 0.1261261007164119, 0.11011945618849125, 0.622093454430073, 0.8515643678016005, 0.6663071013723049, 0.3021581045458577, 0.3026450694661974, 0.9570788590964507, 0.12073799767538984, 0.40649968726463914, 0.934533895710516, 0.8115118561713783, 0.9197889706521968, 0.4886279643050873, 0.9750392481450025, 0.9946584970161727, 0.12992871865837147, 0.6552007921481193, 0.045450987718501326, 0.7277925682021493, 0.2328354094664438, 0.9927919052813815, 0.14111821179429182, 0.8023813618199765, 0.7594991763353931, 0.18541728878908487], BATTLES: 288-203-183-379-302-259-384-362-270-
29, 10, -2665.0, [0.5929182262951563, 0.9667688665931568, 0.09211330080512002, 0.022312914350462197, 0.6434406571431173, 0.9927744503040183, 0.8389865383206354, 0.19828331412034067, 0.5660432153434641, 0.5693986097209609, 0.4414410065211565, 0.6529076215758128, 0.7735706450885154, 0.5355395887406583, 0.9647242988921638, 0.6972300516120722, 0.8401158541324525, 0.9646306072314761, 0.1262409350338729, 0.6681181696239399, 0.15114824418937067, 0.5879411969162919, 0.025500665182966398, 0.9751342173257392, 0.1571095177511014, 0.9983909116260132, 0.9729922865213676, 0.17875054443935456], BATTLES: 283-229-226-379-304-285-382-299-278-
29, 11, -2783.0, [0.5434790895092976, 0.908987197620462, 0.10156955311365243, 0.07870379208957887, 0.6134012151548867, 0.8461761410057465, 0.6213674020031065, 0.24018631411441116, 0.3985548541228756, 0.6961362326363885, 0.2916107801249865, 0.5010259159561792, 0.9587062072163928, 0.6498259628795422, 0.876831413046258, 0.5344796776502304, 0.8641440401298498, 0.9695159434161603, 0.13416212636474195, 0.6680052435825657, 0.16087028828814665, 0.6040339157579946, 0.21563675655192804, 0.9737556836800789, 0.36666421387829295, 0.9608721567645204, 0.9318946001596025, 0.18696517983964392], BATTLES: 266-216-192-370-299-258-364-338-310-
29, 12, -2657.0, [0.6820207364392996, 0.7941129619556315, 0.06394598814191957, 0.03135413358564633, 0.5470842639904433, 0.8828636141756934, 0.8444256532665189, 0.2647590008374368, 0.4555626856238226, 0.6528551262199009, 0.21603564432700353, 0.5272654633595275, 0.9274448532797619, 0.7248479725518278, 0.9655304779625858, 0.6936186882576652, 0.8311688454953462, 0.8766926151647911, 0.27858485757324447, 0.6481723269167344, 0.09091343036058518, 0.6351597701559071, 0.24109727916617493, 0.9843820972745434, 0.26885942860249273, 0.9251747465344049, 0.8120968371531184, 0.3492877233692407], BATTLES: 298-220-218-375-277-267-377-309-316-
29, 13, -2655.0, [0.7149674674267494, 0.97583408080464, 0.11049885947055171, 0.0035904656529709006, 0.6281553674288411, 0.8754502339426655, 0.41204327769765864, 0.2677952165733217, 0.6018922369316635, 0.6686437741094777, 0.33069537820606487, 0.26680676332686093, 0.9480521611185124, 0.7959839949539848, 0.942738205008673, 0.5491286146156183, 0.8592844978986661, 0.9935103261524297, 0.04245050341850737, 0.5142895452755398, 0.0468395381412505, 0.6049960111699249, 0.20049417747278864, 0.8906543636019826, 0.2025901814920799, 0.9790597039368407, 0.9959106527208156, 0.28506475185117963], BATTLES: 283-215-197-393-293-264-403-326-281-
29, 14, -2641.0, [0.7129443824309908, 0.9202696932297572, 0.126334329827194, 0.05905976008412765, 0.6482386663864816, 0.7975498609733599, 0.718256093537177, 0.17020757532120842, 0.3910668006770409, 0.9532820659723122, 0.2949566155116816, 0.2741202190857345, 0.9476073630023418, 0.8054728779269573, 0.9862121350164135, 0.5061232641367716, 0.8699077287632498, 0.8953017481403354, 0.05721532101701646, 0.6013325332349533, 0.07250691047029922, 0.8759691963501394, 0.2993164294935157, 0.9928567860395605, 0.11107507095279125, 0.9099741664106136, 0.9825958133137737, 0.28986273458961764], BATTLES: 261-194-182-367-298-256-383-336-277-
30, 0, -2631.0, [0.6055177064161957, 0.9791563801106712, 0.13547473386772343, 0.028414526337597834, 0.6054020483409747, 0.9071912770011017, 0.7454875994762797, 0.2546246689554341, 0.622684604611763, 0.5297741797324054, 0.41717643770564516, 0.2535288586554332, 0.9544425066202977, 0.6144860952297508, 0.9645853628846041, 0.5901117003112778, 0.9586999916077481, 0.984986534370293, 0.07189889913112199, 0.45240495677824727, 0.04842149446110125, 0.401606065918052, 0.22270936612575715, 0.896617772461751, 0.13679101411307826, 0.9828977448815598, 0.8855781195141835, 0.3211903721896473], BATTLES: 279-200-246-372-295-279-363-305-292-
30, 1, -2638.0, [0.43944937533351486, 0.9205907653044433, 0.11004880466595636, 0.046896591594547135, 0.5913131942570188, 0.8609607017206341, 0.5311990571305535, 0.2117104497758818, 0.35628664842665925, 0.680868243801709, 0.20400631393401858, 0.13050194874852805, 0.9608184870683758, 0.7311841703065314, 0.8515169902772253, 0.49786505522026747, 0.9837807262785812, 0.9828233132322026, 0.08503300185047823, 0.523778496501302, 0.10184451317025393, 0.5556812794927224, 0.2284539365552641, 0.890267168126719, 0.09525310590781896, 0.9679924440660937, 0.8235903248145255, 0.23322041598326818], BATTLES: 269-202-226-394-301-274-347-301-264-
30, 2, -2647.0, [0.6260415480232313, 0.9729999016463903, 0.13904916919895188, 0.11204185523912925, 0.6397568570082047, 0.8648419906457815, 0.6601042366620591, 0.26435198894091316, 0.1514323503580116, 0.7284824524393022, 0.15241595133127187, 0.2527407104375087, 0.8435507503862629, 0.780316414602611, 0.9498024100478183, 0.6594028867555081, 0.9842287879818391, 0.9698530638830762, 0.10128040383639124, 0.7154227414203765, 0.02850869610892831, 0.6609333354230373, 0.21305885213872497, 0.9587120524022295, 0.2361181051975356, 0.9896264356081055, 0.5988824050730599, 0.23508997928076258], BATTLES: 299-191-217-353-286-255-384-364-298-
30, 3, -2467.0, [0.4738451889686014, 0.9518500463288817, 0.16700009743280517, 0.10440119728509924, 0.7431200152068163, 0.9507571887059388, 0.7173302268229418, 0.07080239726733636, 0.12962433432876364, 0.8805904786548733, 0.2038696088994723, 0.16109250200646036, 0.9353527582215668, 0.6322781214871019, 0.9774882637531542, 0.6667771042313135, 0.934514143185514, 0.8191775482247771, 0.14476302559855758, 0.589476037350883, 0.05363481370959904, 0.39821365962975064, 0.34628554643180587, 0.9181580973341867, 0.2656251449922925, 0.9798342441655754, 0.9934733993453915, 0.2870648455122216], BATTLES: 305-182-181-363-288-259-318-284-287-
30, 4, -2621.0, [0.5025555651665385, 0.934274908212921, 0.11709095539418422, 0.061147399708257694, 0.6167283112156763, 0.8266743856672177, 0.6369157455750236, 0.22171721135659783, 0.3738123057848438, 0.5822297913050565, 0.34570062885587166, 0.463876238699546, 0.9789145649460228, 0.678588554330146, 0.942039090016642, 0.5674122746940548, 0.8558031170997334, 0.8908578008984456, 0.161727264559832, 0.5311748425913507, 0.10991828877039866, 0.706408403893851, 0.14086186386356514, 0.9683161918919605, 0.2583314180896125, 0.9786812701958013, 0.949085615391784, 0.31968221974830097], BATTLES: 245-224-241-368-273-282-386-300-297-
30, 5, -2672.0, [0.5886203585490155, 0.8457078635769896, 0.06514556290802878, 0.0724260728692239, 0.5806531693504375, 0.9875810734975201, 0.7637932788968372, 0.20555050167992686, 0.4382515172537418, 0.4736315276483601, 0.31685300633934993, 0.34609724116285107, 0.9881081808206904, 0.7151031084610627, 0.9186699809124799, 0.7324065429737996, 0.8127047866541669, 0.9907568673523622, 0.2135407915120332, 0.6111348894247821, 0.09293622822108243, 0.7714498891633174, 0.1460229469178444, 0.9743197820810645, 0.24363007702592726, 0.975645060082143, 0.8842683062055209, 0.28745932758386944], BATTLES: 303-195-242-388-279-276-385-297-307-
30, 6, -2551.0, [0.5858392446283511, 0.9007993587883639, 0.10361558070986635, 0.08960951599459735, 0.5245940837917392, 0.9219333301085351, 0.6325045839045768, 0.2038910365199269, 0.610363841882079, 0.6543264477660036, 0.23229537121047666, 0.15852219866335504, 0.766094425567532, 0.7506330602273878, 0.9237822263169045, 0.7242940155121236, 0.9478020248389496, 0.881187403260521, 0.29341262654185485, 0.7973128016947678, 0.06011012551514508, 0.774363039479087, 0.47232532106445246, 0.9982926589297132, 0.2726434054108841, 0.9284989123228362, 0.702036165419934, 0.1461195038822277], BATTLES: 292-205-243-367-286-251-317-279-311-
30, 7, -2666.0, [0.577110123765333, 0.843199203665958, 0.11867572714186218, 0.043173690659912084, 0.6165097335676072, 0.8451922097192336, 0.5982299657606216, 0.19486612076215193, 0.3943324927141982, 0.7881514171121881, 0.31825877769315125, 0.38681650775900217, 0.7798668910019999, 0.5735066386066062, 0.914400449203002, 0.553224840116355, 0.9606243580962314, 0.924875797658273, 0.2244883871337887, 0.7721870891289753, 0.15776875487431857, 0.6677064328031234, 0.14218295187492327, 0.8937832982859858, 0.2663404190696833, 0.9518363166352541, 0.8467791677011839, 0.05462748073406466], BATTLES: 296-212-221-383-307-270-332-341-304-
30, 8, -2548.0, [0.6708149503798406, 0.8983502717818428, 0.10471641420184458, 0.04715623754567441, 0.6351177140427758, 0.862810004518258, 0.6687151023737617, 0.06011392874780912, 0.2669449609352992, 0.862302105487133, 0.270742679660456, 0.558424363635295, 0.9198338783853979, 0.49965703206124523, 0.9914557331445014, 0.47422659405764944, 0.77233071115591, 0.8331800491544948, 0.21588377981996262, 0.6401324888686056, 0.14833781091225967, 0.48388765699483166, 0.2916294062866053, 0.9995701027606243, 0.2374382721252223, 0.7525448561492623, 0.9143204882207735, 0.16015522784755268], BATTLES: 292-224-171-376-264-245-369-336-271-
30, 9, -2693.0, [0.6937277750092059, 0.925474282548316, 0.1261261007164119, 0.11011945618849125, 0.622093454430073, 0.8515643678016005, 0.6663071013723049, 0.3021581045458577, 0.3026450694661974, 0.9570788590964507, 0.12073799767538984, 0.40649968726463914, 0.934533895710516, 0.8115118561713783, 0.9197889706521968, 0.4886279643050873, 0.9750392481450025, 0.9946584970161727, 0.12992871865837147, 0.6552007921481193, 0.045450987718501326, 0.7277925682021493, 0.2328354094664438, 0.9927919052813815, 0.14111821179429182, 0.8023813618199765, 0.7594991763353931, 0.18541728878908487], BATTLES: 282-212-236-387-286-272-372-341-305-
30, 10, -2692.0, [0.5929182262951563, 0.9001059183696571, 0.09211330080512002, 0.035588965343905224, 0.6638687283457184, 0.9927744503040183, 0.7495369423415279, 0.19828331412034067, 0.5660432153434641, 0.6304355728892622, 0.4057413028392202, 0.6529076215758128, 0.7735706450885154, 0.5418711201391883, 0.9647242988921638, 0.6972300516120722, 0.8401158541324525, 0.9219128171541134, 0.13158792887094323, 0.6606372992119491, 0.15114824418937067, 0.603226187425309, 0.012750332591483199, 0.975387589711897, 0.16868022338360944, 0.9983909116260132, 0.9729922865213676, 0.17875054443935456], BATTLES: 316-211-229-381-297-274-384-313-275-
30, 11, -2772.0, [0.5434790895092976, 0.908987197620462, 0.10156955311365243, 0.07870379208957887, 0.6134012151548867, 0.8461761410057465, 0.6213674020031065, 0.24018631411441116, 0.3985548541228756, 0.6961362326363885, 0.2916107801249865, 0.5010259159561792, 0.9587062072163928, 0.6498259628795422, 0.876831413046258, 0.5344796776502304, 0.8641440401298498, 0.9695159434161603, 0.13416212636474195, 0.6680052435825657, 0.16087028828814665, 0.6040339157579946, 0.21563675655192804, 0.9737556836800789, 0.36666421387829295, 0.9608721567645204, 0.9318946001596025, 0.18696517983964392], BATTLES: 307-228-245-395-316-272-351-351-307-
30, 12, -2711.0, [0.6059630758124932, 0.80830235706434, 0.06394598814191957, 0.051559237167862294, 0.5636121990713091, 0.8828636141756934, 0.8444256532665189, 0.2647590008374368, 0.46108362475826514, 0.577449160537989, 0.2525677569143551, 0.5272654633595275, 0.9492899331299297, 0.7248479725518278, 0.9655304779625858, 0.7138942135996156, 0.8311688454953462, 0.8766926151647911, 0.28941722375916795, 0.6481723269167344, 0.09091343036058518, 0.6980569081539922, 0.18909868468640012, 0.9843820972745434, 0.26885942860249273, 0.9372506626505634, 0.8032772096311054, 0.3492877233692407], BATTLES: 305-193-220-365-287-261-387-292-284-
30, 13, -2723.0, [0.7149674674267494, 0.8603573132486777, 0.07761839224892164, 0.06819982224191108, 0.6281553674288411, 0.9281928565215916, 0.41204327769765864, 0.16995879722307294, 0.4367807334495173, 0.6686437741094777, 0.33069537820606487, 0.4037096986125931, 0.9480521611185124, 0.687291716728592, 0.942738205008673, 0.5491286146156183, 0.8592844978986661, 0.9935103261524297, 0.04245050341850737, 0.6602331808498577, 0.0468395381412505, 0.6386239737354867, 0.10693968405098933, 0.8906543636019826, 0.4125607454199185, 0.9790597039368407, 0.8705912814726268, 0.28506475185117963], BATTLES: 279-207-208-374-286-272-387-332-285-
30, 14, -2645.0, [0.7129443824309908, 0.9202696932297572, 0.126334329827194, 0.05905976008412765, 0.6482386663864816, 0.7975498609733599, 0.718256093537177, 0.17020757532120842, 0.3910668006770409, 0.9532820659723122, 0.2949566155116816, 0.2741202190857345, 0.9476073630023418, 0.8054728779269573, 0.9862121350164135, 0.5061232641367716, 0.8699077287632498, 0.8953017481403354, 0.05721532101701646, 0.6013325332349533, 0.07250691047029922, 0.8759691963501394, 0.2993164294935157, 0.9928567860395605, 0.11107507095279125, 0.9099741664106136, 0.9825958133137737, 0.28986273458961764], BATTLES: 302-218-193-370-283-254-367-366-292-
31, 0, -2567.0, [0.5850005777685576, 0.9791563801106712, 0.11686778481648744, 0.028414526337597834, 0.5917108728102626, 0.8555421508852847, 0.44661192055869026, 0.2546246689554341, 0.622684604611763, 0.5297741797324054, 0.41717643770564516, 0.2535288586554332, 0.9772212533101489, 0.6144860952297508, 0.9645853628846041, 0.5901117003112778, 0.9793244568336239, 0.9974389913073723, 0.07189889913112199, 0.45240495677824727, 0.02470387116136546, 0.4970429782942689, 0.22270936612575715, 0.896617772461751, 0.13679101411307826, 0.9669402398487174, 0.8855781195141835, 0.3297405571740469], BATTLES: 279-211-211-353-302-241-357-319-291-
31, 1, -2657.0, [0.43944937533351486, 0.9205907653044433, 0.10246720431877623, 0.11159625010950719, 0.5913131942570188, 0.8518993068266864, 0.4883053602629148, 0.2607008963962309, 0.3843248137006207, 0.680868243801709, 0.2328547768713896, 0.4247469389204396, 0.9804092435341879, 0.7311841703065314, 0.7926758406539699, 0.5086420128489431, 0.8747359429620412, 0.9828233132322026, 0.08526922084430308, 0.523778496501302, 0.1393130977265266, 0.5556812794927224, 0.20704567522468287, 0.9888493976412497, 0.09525310590781896, 0.9679924440660937, 0.9386361883556149, 0.2851362017871134], BATTLES: 289-244-219-380-317-255-345-299-277-
31, 2, -2586.0, [0.5248158835306491, 0.9729999016463903, 0.13904916919895188, 0.11204185523912925, 0.6397568570082047, 0.8792131313641229, 0.7136649107498128, 0.26435198894091316, 0.1514323503580116, 0.7284824524393022, 0.15241595133127187, 0.2173526602470523, 0.9037309432567638, 0.780316414602611, 0.9498024100478183, 0.6389205626429402, 0.9842287879818391, 0.9080218556278717, 0.10128040383639124, 0.7154227414203765, 0.02850869610892831, 0.4572047808280266, 0.21305885213872497, 0.9587120524022295, 0.2361181051975356, 0.9896264356081055, 0.5988824050730599, 0.23508997928076258], BATTLES: 261-184-198-358-293-226-373-352-299-
31, 3, -2549.0, [0.4738451889686014, 0.9518500463288817, 0.16700009743280517, 0.10440119728509924, 0.6998307754250818, 0.9507571887059388, 0.7173302268229418, 0.07080239726733636, 0.12962433432876364, 0.8901272191964446, 0.2038696088994723, 0.16109250200646036, 0.9676763791107834, 0.6322781214871019, 0.9942144306880307, 0.6667771042313135, 0.934514143185514, 0.8191775482247771, 0.14476302559855758, 0.589476037350883, 0.02681740685479952, 0.4707480144135087, 0.34628554643180587, 0.9181580973341867, 0.19825962381308954, 0.9798342441655754, 0.9934733993453915, 0.25601564674998634], BATTLES: 322-232-195-339-286-263-316-310-270-
31, 4, -2749.0, [0.5025555651665385, 0.934274908212921, 0.11709095539418422, 0.061147399708257694, 0.6167283112156763, 0.8266743856672177, 0.6369157455750236, 0.22171721135659783, 0.3738123057848438, 0.5822297913050565, 0.34570062885587166, 0.463876238699546, 0.9789145649460228, 0.678588554330146, 0.942039090016642, 0.5674122746940548, 0.8558031170997334, 0.8908578008984456, 0.161727264559832, 0.5311748425913507, 0.10991828877039866, 0.706408403893851, 0.14086186386356514, 0.9683161918919605, 0.2583314180896125, 0.9786812701958013, 0.949085615391784, 0.31968221974830097], BATTLES: 301-217-227-380-291-282-380-351-320-
31, 5, -2641.0, [0.5886203585490155, 0.8457078635769896, 0.0731241386811544, 0.07521692022054374, 0.5755917594177291, 0.9645764445837718, 0.7637932788968372, 0.18067151263106432, 0.4382515172537418, 0.4736315276483601, 0.37998140906841377, 0.29654074152118154, 0.9940540904103452, 0.5860610227366781, 0.9186699809124799, 0.7324065429737996, 0.8796342288548376, 0.9953784336761811, 0.18221370823547645, 0.6111348894247821, 0.09293622822108243, 0.7714498891633174, 0.1460229469178444, 0.9871598910405323, 0.1429454452315287, 0.975645060082143, 0.8842683062055209, 0.29750341427003407], BATTLES: 294-228-234-381-283-268-373-277-296-
31, 6, -2616.0, [0.5858392446283511, 0.9007993587883639, 0.10361558070986635, 0.08960951599459735, 0.5245940837917392, 0.9219333301085351, 0.6325045839045768, 0.2038910365199269, 0.610363841882079, 0.6543264477660036, 0.23229537121047666, 0.15852219866335504, 0.766094425567532, 0.7506330602273878, 0.9237822263169045, 0.7242940155121236, 0.9478020248389496, 0.881187403260521, 0.29341262654185485, 0.7973128016947678, 0.06011012551514508, 0.774363039479087, 0.47232532106445246, 0.9982926589297132, 0.2726434054108841, 0.9284989123228362, 0.702036165419934, 0.1461195038822277], BATTLES: 307-219-244-370-280-264-339-281-312-
31, 7, -2644.0, [0.577110123765333, 0.843199203665958, 0.11867572714186218, 0.043173690659912084, 0.5970201187727162, 0.8386036138935579, 0.6676465353228985, 0.19486612076215193, 0.27657567981648906, 0.7881514171121881, 0.31825877769315125, 0.38681650775900217, 0.8733401203804346, 0.5791263313184444, 0.851571189443219, 0.553224840116355, 0.9742916885085839, 0.9414395529736326, 0.20119698716291937, 0.7721870891289753, 0.18611553491016222, 0.6125865370768434, 0.14218295187492327, 0.9326082756111931, 0.26291904799087223, 0.9518363166352541, 0.8042369799918393, 0.09389550290903884], BATTLES: 258-206-220-367-300-276-351-321-300-
31, 8, -2566.0, [0.7543030187090148, 0.8983502717818428, 0.10471641420184458, 0.04715623754567441, 0.6351177140427758, 0.862810004518258, 0.6111833616851807, 0.06011392874780912, 0.5888792565165205, 0.862302105487133, 0.4160828794102579, 0.558424363635295, 0.9198338783853979, 0.49965703206124523, 0.9914557331445014, 0.47422659405764944, 0.77233071115591, 0.8331800491544948, 0.21588377981996262, 0.6401324888686056, 0.15254734581704965, 0.48388765699483166, 0.14581470314330264, 0.9995701027606243, 0.2374382721252223, 0.7525448561492623, 0.8418419895698879, 0.16015522784755268], BATTLES: 284-216-173-378-261-235-400-316-262-
31, 9, -2733.0, [0.6937277750092059, 0.925474282548316, 0.1261261007164119, 0.11011945618849125, 0.622093454430073, 0.8515643678016005, 0.6663071013723049, 0.3021581045458577, 0.3026450694661974, 0.9570788590964507, 0.12073799767538984, 0.40649968726463914, 0.934533895710516, 0.8115118561713783, 0.9197889706521968, 0.4886279643050873, 0.9750392481450025, 0.9946584970161727, 0.12992871865837147, 0.6552007921481193, 0.045450987718501326, 0.7277925682021493, 0.2328354094664438, 0.9927919052813815, 0.14111821179429182, 0.8023813618199765, 0.7594991763353931, 0.18541728878908487], BATTLES: 306-220-219-388-300-275-355-358-312-
31, 10, -2651.0, [0.5929182262951563, 0.9001059183696571, 0.09211330080512002, 0.035588965343905224, 0.6638687283457184, 0.9927744503040183, 0.7495369423415279, 0.19828331412034067, 0.5660432153434641, 0.6304355728892622, 0.4057413028392202, 0.6529076215758128, 0.7735706450885154, 0.5418711201391883, 0.9647242988921638, 0.6972300516120722, 0.8401158541324525, 0.9219128171541134, 0.13158792887094323, 0.6606372992119491, 0.15114824418937067, 0.603226187425309, 0.012750332591483199, 0.975387589711897, 0.16868022338360944, 0.9983909116260132, 0.9729922865213676, 0.17875054443935456], BATTLES: 300-194-233-397-272-283-357-304-311-
31, 11, -2673.0, [0.5434790895092976, 0.908987197620462, 0.10156955311365243, 0.07870379208957887, 0.6134012151548867, 0.8461761410057465, 0.6213674020031065, 0.24018631411441116, 0.3985548541228756, 0.6961362326363885, 0.2916107801249865, 0.5010259159561792, 0.9587062072163928, 0.6498259628795422, 0.876831413046258, 0.5344796776502304, 0.8641440401298498, 0.9695159434161603, 0.13416212636474195, 0.6680052435825657, 0.16087028828814665, 0.6040339157579946, 0.21563675655192804, 0.9737556836800789, 0.36666421387829295, 0.9608721567645204, 0.9318946001596025, 0.18696517983964392], BATTLES: 292-229-226-379-298-268-369-312-300-
31, 12, -2703.0, [0.6059630758124932, 0.80830235706434, 0.06394598814191957, 0.051559237167862294, 0.5636121990713091, 0.8828636141756934, 0.8444256532665189, 0.2647590008374368, 0.46108362475826514, 0.577449160537989, 0.2525677569143551, 0.5272654633595275, 0.9492899331299297, 0.7248479725518278, 0.9655304779625858, 0.7138942135996156, 0.8311688454953462, 0.8766926151647911, 0.28941722375916795, 0.6481723269167344, 0.09091343036058518, 0.6980569081539922, 0.18909868468640012, 0.9843820972745434, 0.26885942860249273, 0.9372506626505634, 0.8032772096311054, 0.3492877233692407], BATTLES: 287-224-244-383-308-260-394-304-299-
31, 13, -2588.0, [0.7149674674267494, 0.8603573132486777, 0.07761839224892164, 0.06819982224191108, 0.6281553674288411, 0.9281928565215916, 0.41204327769765864, 0.16995879722307294, 0.4367807334495173, 0.6686437741094777, 0.33069537820606487, 0.4037096986125931, 0.9480521611185124, 0.687291716728592, 0.942738205008673, 0.5491286146156183, 0.8592844978986661, 0.9935103261524297, 0.04245050341850737, 0.6602331808498577, 0.0468395381412505, 0.6386239737354867, 0.10693968405098933, 0.8906543636019826, 0.4125607454199185, 0.9790597039368407, 0.8705912814726268, 0.28506475185117963], BATTLES: 289-198-211-378-268-258-394-304-288-
31, 14, -2646.0, [0.7129443824309908, 0.9202696932297572, 0.126334329827194, 0.05905976008412765, 0.6482386663864816, 0.7975498609733599, 0.718256093537177, 0.17020757532120842, 0.3910668006770409, 0.9532820659723122, 0.2949566155116816, 0.2741202190857345, 0.9476073630023418, 0.8054728779269573, 0.9862121350164135, 0.5061232641367716, 0.8699077287632498, 0.8953017481403354, 0.05721532101701646, 0.6013325332349533, 0.07250691047029922, 0.8759691963501394, 0.2993164294935157, 0.9928567860395605, 0.11107507095279125, 0.9099741664106136, 0.9825958133137737, 0.28986273458961764], BATTLES: 300-212-186-361-314-245-385-352-291-
32, 0, -2657.0, [0.5850005777685576, 0.9791563801106712, 0.11686778481648744, 0.028414526337597834, 0.5917108728102626, 0.8555421508852847, 0.44661192055869026, 0.2546246689554341, 0.622684604611763, 0.5297741797324054, 0.41717643770564516, 0.2535288586554332, 0.9772212533101489, 0.6144860952297508, 0.9645853628846041, 0.5901117003112778, 0.9793244568336239, 0.9974389913073723, 0.07189889913112199, 0.45240495677824727, 0.02470387116136546, 0.4970429782942689, 0.22270936612575715, 0.896617772461751, 0.13679101411307826, 0.9669402398487174, 0.8855781195141835, 0.3297405571740469], BATTLES: 270-215-239-378-293-270-387-319-286-
32, 1, -2682.0, [0.43944937533351486, 0.9205907653044433, 0.10246720431877623, 0.11159625010950719, 0.5913131942570188, 0.8518993068266864, 0.4883053602629148, 0.2607008963962309, 0.3843248137006207, 0.680868243801709, 0.2328547768713896, 0.4247469389204396, 0.9804092435341879, 0.7311841703065314, 0.7926758406539699, 0.5086420128489431, 0.8747359429620412, 0.9828233132322026, 0.08526922084430308, 0.523778496501302, 0.1393130977265266, 0.5556812794927224, 0.20704567522468287, 0.9888493976412497, 0.09525310590781896, 0.9679924440660937, 0.9386361883556149, 0.2851362017871134], BATTLES: 271-212-238-374-308-282-365-330-302-
32, 2, -2628.0, [0.5248158835306491, 0.9729999016463903, 0.13904916919895188, 0.11204185523912925, 0.6397568570082047, 0.8792131313641229, 0.7136649107498128, 0.26435198894091316, 0.1514323503580116, 0.7284824524393022, 0.15241595133127187, 0.2173526602470523, 0.9037309432567638, 0.780316414602611, 0.9498024100478183, 0.6389205626429402, 0.9842287879818391, 0.9080218556278717, 0.10128040383639124, 0.7154227414203765, 0.02850869610892831, 0.4572047808280266, 0.21305885213872497, 0.9587120524022295, 0.2361181051975356, 0.9896264356081055, 0.5988824050730599, 0.23508997928076258], BATTLES: 314-212-208-359-303-260-356-326-290-
32, 3, -2524.0, [0.4738451889686014, 0.9356464298915891, 0.15919166586030697, 0.10440119728509924, 0.6998307754250818, 0.9507571887059388, 0.7173302268229418, 0.07080239726733636, 0.12962433432876364, 0.9312581112461674, 0.06145239526189225, 0.16109250200646036, 0.9676763791107834, 0.6322781214871019, 0.931016593225204, 0.5635374075813878, 0.9594102281788296, 0.8191775482247771, 0.14476302559855758, 0.589476037350883, 0.03268256442470179, 0.6286600806398176, 0.34628554643180587, 0.9640084320312989, 0.16315552101853367, 0.9878193530860264, 0.9934733993453915, 0.25601564674998634], BATTLES: 297-191-195-345-282-259-310-311-272-
32, 4, -2688.0, [0.4772337558231254, 0.934274908212921, 0.11709095539418422, 0.061147399708257694, 0.6700674307607362, 0.7835777894069339, 0.6369157455750236, 0.3132311495466196, 0.18535376864352593, 0.7672360295824235, 0.2901808720875614, 0.5312945030760303, 0.9789145649460228, 0.7666947063131109, 0.9157805437612277, 0.5168374037363266, 0.8558031170997334, 0.9259445890149433, 0.161727264559832, 0.5669296597502013, 0.10991828877039866, 0.7605036441251543, 0.07043093193178257, 0.9683161918919605, 0.15930240664018255, 0.8942413784380606, 0.9271928316448079, 0.34374965963276555], BATTLES: 293-198-246-378-281-259-391-332-305-
32, 5, -2726.0, [0.5886203585490155, 0.8457078635769896, 0.0731241386811544, 0.07521692022054374, 0.5755917594177291, 0.9645764445837718, 0.7637932788968372, 0.18067151263106432, 0.4382515172537418, 0.4736315276483601, 0.37998140906841377, 0.29654074152118154, 0.9940540904103452, 0.5860610227366781, 0.9186699809124799, 0.7324065429737996, 0.8796342288548376, 0.9953784336761811, 0.18221370823547645, 0.6111348894247821, 0.09293622822108243, 0.7714498891633174, 0.1460229469178444, 0.9871598910405323, 0.1429454452315287, 0.975645060082143, 0.8842683062055209, 0.29750341427003407], BATTLES: 293-239-238-370-304-280-389-303-310-
32, 6, -2583.0, [0.5858392446283511, 0.8799387666304066, 0.10361558070986635, 0.030111026104075712, 0.46760102965465994, 0.9219333301085351, 0.6325045839045768, 0.2038910365199269, 0.610363841882079, 0.6543264477660036, 0.23229537121047666, 0.15852219866335504, 0.766094425567532, 0.7506330602273878, 0.9618911131584522, 0.7242940155121236, 0.9478020248389496, 0.881187403260521, 0.29341262654185485, 0.7973128016947678, 0.03005506275757254, 0.774363039479087, 0.12206823553405971, 0.9982926589297132, 0.2726434054108841, 0.9284989123228362, 0.8510180827099669, 0.07999596026363556], BATTLES: 296-235-212-346-302-247-313-297-300-
32, 7, -2638.0, [0.577110123765333, 0.843199203665958, 0.11867572714186218, 0.043173690659912084, 0.5970201187727162, 0.8386036138935579, 0.6676465353228985, 0.19486612076215193, 0.27657567981648906, 0.7881514171121881, 0.31825877769315125, 0.38681650775900217, 0.8733401203804346, 0.5791263313184444, 0.851571189443219, 0.553224840116355, 0.9742916885085839, 0.9414395529736326, 0.20119698716291937, 0.7721870891289753, 0.18611553491016222, 0.6125865370768434, 0.14218295187492327, 0.9326082756111931, 0.26291904799087223, 0.9518363166352541, 0.8042369799918393, 0.09389550290903884], BATTLES: 290-209-222-349-285-269-373-345-296-
32, 8, -2554.0, [0.7543030187090148, 0.8983502717818428, 0.10471641420184458, 0.04715623754567441, 0.6351177140427758, 0.862810004518258, 0.6111833616851807, 0.06011392874780912, 0.5888792565165205, 0.862302105487133, 0.4160828794102579, 0.558424363635295, 0.9198338783853979, 0.49965703206124523, 0.9914557331445014, 0.47422659405764944, 0.77233071115591, 0.8331800491544948, 0.21588377981996262, 0.6401324888686056, 0.15254734581704965, 0.48388765699483166, 0.14581470314330264, 0.9995701027606243, 0.2374382721252223, 0.7525448561492623, 0.8418419895698879, 0.16015522784755268], BATTLES: 295-219-196-392-264-239-369-316-264-
32, 9, -2630.0, [0.6937277750092059, 0.925474282548316, 0.1261261007164119, 0.11011945618849125, 0.622093454430073, 0.8515643678016005, 0.6663071013723049, 0.3021581045458577, 0.3026450694661974, 0.9570788590964507, 0.12073799767538984, 0.40649968726463914, 0.934533895710516, 0.8115118561713783, 0.9197889706521968, 0.4886279643050873, 0.9750392481450025, 0.9946584970161727, 0.12992871865837147, 0.6552007921481193, 0.045450987718501326, 0.7277925682021493, 0.2328354094664438, 0.9927919052813815, 0.14111821179429182, 0.8023813618199765, 0.7594991763353931, 0.18541728878908487], BATTLES: 291-224-197-343-305-270-375-357-268-
32, 10, -2676.0, [0.5929182262951563, 0.9001059183696571, 0.09211330080512002, 0.035588965343905224, 0.6638687283457184, 0.9927744503040183, 0.7495369423415279, 0.19828331412034067, 0.5660432153434641, 0.6304355728892622, 0.4057413028392202, 0.6529076215758128, 0.7735706450885154, 0.5418711201391883, 0.9647242988921638, 0.6972300516120722, 0.8401158541324525, 0.9219128171541134, 0.13158792887094323, 0.6606372992119491, 0.15114824418937067, 0.603226187425309, 0.012750332591483199, 0.975387589711897, 0.16868022338360944, 0.9983909116260132, 0.9729922865213676, 0.17875054443935456], BATTLES: 298-221-254-389-288-280-357-305-284-
32, 11, -2682.0, [0.5434790895092976, 0.908987197620462, 0.10156955311365243, 0.07870379208957887, 0.6134012151548867, 0.8461761410057465, 0.6213674020031065, 0.24018631411441116, 0.3985548541228756, 0.6961362326363885, 0.2916107801249865, 0.5010259159561792, 0.9587062072163928, 0.6498259628795422, 0.876831413046258, 0.5344796776502304, 0.8641440401298498, 0.9695159434161603, 0.13416212636474195, 0.6680052435825657, 0.16087028828814665, 0.6040339157579946, 0.21563675655192804, 0.9737556836800789, 0.36666421387829295, 0.9608721567645204, 0.9318946001596025, 0.18696517983964392], BATTLES: 303-212-247-382-315-252-360-318-293-
32, 12, -2684.0, [0.6059630758124932, 0.8302854434812575, 0.07416045581036004, 0.051559237167862294, 0.5636121990713091, 0.8828636141756934, 0.7547488188092183, 0.27023145891195804, 0.46108362475826514, 0.577449160537989, 0.2556134554036838, 0.5799989413896998, 0.9492899331299297, 0.7248479725518278, 0.9655304779625858, 0.569079355233569, 0.8311688454953462, 0.8766926151647911, 0.28941722375916795, 0.6314701335863927, 0.1268490867045941, 0.6868238001684356, 0.20825130709126607, 0.9940808657746821, 0.27001934364137603, 0.8695869310689908, 0.8032772096311054, 0.3492877233692407], BATTLES: 283-215-250-394-272-260-377-300-304-
32, 13, -2730.0, [0.7149674674267494, 0.8603573132486777, 0.07761839224892164, 0.06819982224191108, 0.6281553674288411, 0.9281928565215916, 0.41204327769765864, 0.16995879722307294, 0.4367807334495173, 0.6686437741094777, 0.33069537820606487, 0.4037096986125931, 0.9480521611185124, 0.687291716728592, 0.942738205008673, 0.5491286146156183, 0.8592844978986661, 0.9935103261524297, 0.04245050341850737, 0.6602331808498577, 0.0468395381412505, 0.6386239737354867, 0.10693968405098933, 0.8906543636019826, 0.4125607454199185, 0.9790597039368407, 0.8705912814726268, 0.28506475185117963], BATTLES: 299-221-222-396-296-282-390-334-290-
32, 14, -2607.0, [0.7129443824309908, 0.9202696932297572, 0.126334329827194, 0.05905976008412765, 0.6482386663864816, 0.7975498609733599, 0.718256093537177, 0.17020757532120842, 0.3910668006770409, 0.9532820659723122, 0.2949566155116816, 0.2741202190857345, 0.9476073630023418, 0.8054728779269573, 0.9862121350164135, 0.5061232641367716, 0.8699077287632498, 0.8953017481403354, 0.05721532101701646, 0.6013325332349533, 0.07250691047029922, 0.8759691963501394, 0.2993164294935157, 0.9928567860395605, 0.11107507095279125, 0.9099741664106136, 0.9825958133137737, 0.28986273458961764], BATTLES: 292-232-186-362-274-257-375-357-272-
33, 0, -2646.0, [0.5850005777685576, 0.8180498028533427, 0.11686778481648744, 0.028414526337597834, 0.5917108728102626, 0.9182775183265044, 0.4922541931303095, 0.12808467563795728, 0.622684604611763, 0.7240964819078995, 0.43653595325521777, 0.1267644293277166, 0.9929671596011118, 0.5112626948140281, 0.9645853628846041, 0.5901117003112778, 0.9664572832565282, 0.9974389913073723, 0.23302974162961337, 0.45240495677824727, 0.01235193558068273, 0.9620223455182151, 0.11135468306287857, 0.896617772461751, 0.00039026232410543926, 0.9669402398487174, 0.8855781195141835, 0.3297405571740469], BATTLES: 300-203-208-361-290-244-386-324-273-
33, 1, -2641.0, [0.43944937533351486, 0.9205907653044433, 0.10246720431877623, 0.11159625010950719, 0.5913131942570188, 0.8518993068266864, 0.4883053602629148, 0.2607008963962309, 0.3843248137006207, 0.680868243801709, 0.2328547768713896, 0.4247469389204396, 0.9804092435341879, 0.7311841703065314, 0.7926758406539699, 0.5086420128489431, 0.8747359429620412, 0.9828233132322026, 0.08526922084430308, 0.523778496501302, 0.1393130977265266, 0.5556812794927224, 0.20704567522468287, 0.9888493976412497, 0.09525310590781896, 0.9679924440660937, 0.9386361883556149, 0.2851362017871134], BATTLES: 269-205-234-384-293-295-347-317-297-
33, 2, -2603.0, [0.5248158835306491, 0.9729999016463903, 0.13904916919895188, 0.11204185523912925, 0.6397568570082047, 0.8792131313641229, 0.7136649107498128, 0.26435198894091316, 0.1514323503580116, 0.7284824524393022, 0.15241595133127187, 0.2173526602470523, 0.9037309432567638, 0.780316414602611, 0.9498024100478183, 0.6389205626429402, 0.9842287879818391, 0.9080218556278717, 0.10128040383639124, 0.7154227414203765, 0.02850869610892831, 0.4572047808280266, 0.21305885213872497, 0.9587120524022295, 0.2361181051975356, 0.9896264356081055, 0.5988824050730599, 0.23508997928076258], BATTLES: 278-219-214-376-302-265-340-333-276-
33, 3, -2570.0, [0.5179613265911458, 0.893551961028832, 0.11020026360698643, 0.09074191081305565, 0.6352745078432325, 0.933051455113914, 0.7173302268229418, 0.07080239726733636, 0.2740729048829401, 0.7170724869540803, 0.21053537715713266, 0.2244871271867614, 0.9906833612656999, 0.6322781214871019, 0.9252379366504424, 0.642574208510498, 0.9317251925783313, 0.8191775482247771, 0.16229128581825458, 0.5996131555148381, 0.03268256442470179, 0.7401587146086137, 0.2525554803984226, 0.9748441436767643, 0.1536964820234686, 0.9746526644780705, 0.9423615061809953, 0.2794351998957057], BATTLES: 314-210-188-350-284-258-295-323-288-
33, 4, -2650.0, [0.5562799709610923, 0.8358690478764015, 0.077355441982974, 0.06993836237858406, 0.6700674307607362, 0.9070096510983173, 0.6369157455750236, 0.20107106622602394, 0.27289741638679754, 0.7672360295824235, 0.26331334000697043, 0.5312945030760303, 0.8881471023571472, 0.7433820786511313, 0.9157805437612277, 0.5953335334444184, 0.9103533828847754, 0.9158035445022625, 0.161727264559832, 0.7579320311889411, 0.02333701763924334, 0.9902897198980843, 0.043966630620258865, 0.9775715803248044, 0.13479329307226917, 0.9173550746242615, 0.914974788279549, 0.19312050036092063], BATTLES: 251-208-192-374-292-267-364-348-275-
33, 5, -2608.0, [0.5886203585490155, 0.8457078635769896, 0.0731241386811544, 0.07521692022054374, 0.5755917594177291, 0.9645764445837718, 0.7637932788968372, 0.18067151263106432, 0.4382515172537418, 0.4736315276483601, 0.37998140906841377, 0.29654074152118154, 0.9940540904103452, 0.5860610227366781, 0.9186699809124799, 0.7324065429737996, 0.8796342288548376, 0.9953784336761811, 0.18221370823547645, 0.6111348894247821, 0.09293622822108243, 0.7714498891633174, 0.1460229469178444, 0.9871598910405323, 0.1429454452315287, 0.975645060082143, 0.8842683062055209, 0.29750341427003407], BATTLES: 284-221-213-390-293-249-358-298-302-
33, 6, -2607.0, [0.5858392446283511, 0.860891819529743, 0.1055327747280856, 0.030111026104075712, 0.46760102965465994, 0.8573917129901172, 0.5348662545947005, 0.2038910365199269, 0.45731119351754834, 0.6543264477660036, 0.23229537121047666, 0.15852219866335504, 0.915234545105336, 0.7044487161066979, 0.836682689139599, 0.7242940155121236, 0.9478020248389496, 0.881187403260521, 0.1064095709888777, 0.7973128016947678, 0.03005506275757254, 0.774363039479087, 0.12206823553405971, 0.9982926589297132, 0.2726434054108841, 0.9720214350265051, 0.8510180827099669, 0.07999596026363556], BATTLES: 309-198-222-347-275-273-338-310-313-
33, 7, -2647.0, [0.577110123765333, 0.8537919345171017, 0.11867572714186218, 0.043173690659912084, 0.5970201187727162, 0.8386036138935579, 0.6676465353228985, 0.15789254297908473, 0.3639255345969521, 0.8494460719193353, 0.31825877769315125, 0.38681650775900217, 0.9387290662627633, 0.5791263313184444, 0.851571189443219, 0.553224840116355, 0.9742916885085839, 0.9760249279758043, 0.20119698716291937, 0.6975819843560778, 0.18611553491016222, 0.6125865370768434, 0.14218295187492327, 0.9326082756111931, 0.26291904799087223, 0.9583069238319251, 0.8956531962982796, 0.09065329124217034], BATTLES: 291-229-225-353-286-258-345-348-295-
33, 8, -2589.0, [0.5942619338381304, 0.9308396603651797, 0.09300421629507749, 0.04715623754567441, 0.6122082747962897, 0.9719454710460651, 0.48221152438212256, 0.07839772956485809, 0.5271781086233444, 0.5491084784940861, 0.498350662312528, 0.24440958801603896, 0.9599169391926989, 0.5403039188222695, 0.9914557331445014, 0.47422659405764944, 0.886165355577955, 0.9165900245772474, 0.21588377981996262, 0.5102517462936482, 0.07627367290852483, 0.48388765699483166, 0.012842699212055442, 0.9997850513803122, 0.11871913606261116, 0.9419906206580808, 0.9209209947849439, 0.16015522784755268], BATTLES: 292-211-196-371-277-248-374-334-254-
33, 9, -2683.0, [0.6937277750092059, 0.925474282548316, 0.1261261007164119, 0.11011945618849125, 0.622093454430073, 0.8515643678016005, 0.6663071013723049, 0.3021581045458577, 0.3026450694661974, 0.9570788590964507, 0.12073799767538984, 0.40649968726463914, 0.934533895710516, 0.8115118561713783, 0.9197889706521968, 0.4886279643050873, 0.9750392481450025, 0.9946584970161727, 0.12992871865837147, 0.6552007921481193, 0.045450987718501326, 0.7277925682021493, 0.2328354094664438, 0.9927919052813815, 0.14111821179429182, 0.8023813618199765, 0.7594991763353931, 0.18541728878908487], BATTLES: 298-203-205-363-318-278-365-359-294-
33, 10, -2626.0, [0.5929182262951563, 0.9001059183696571, 0.09211330080512002, 0.035588965343905224, 0.6638687283457184, 0.9927744503040183, 0.7495369423415279, 0.19828331412034067, 0.5660432153434641, 0.6304355728892622, 0.4057413028392202, 0.6529076215758128, 0.7735706450885154, 0.5418711201391883, 0.9647242988921638, 0.6972300516120722, 0.8401158541324525, 0.9219128171541134, 0.13158792887094323, 0.6606372992119491, 0.15114824418937067, 0.603226187425309, 0.012750332591483199, 0.975387589711897, 0.16868022338360944, 0.9983909116260132, 0.9729922865213676, 0.17875054443935456], BATTLES: 301-202-240-362-309-267-348-311-286-
33, 11, -2670.0, [0.5568775160728897, 0.845029853027399, 0.07554858642364437, 0.07870379208957887, 0.6134012151548867, 0.9078296526356922, 0.6213674020031065, 0.24018631411441116, 0.40321623984741173, 0.6961362326363885, 0.2916107801249865, 0.3704255122008915, 0.9793531036081964, 0.5077299137954855, 0.876831413046258, 0.6099342147846297, 0.91030134318182, 0.9695159434161603, 0.17110431240677826, 0.7599508422127544, 0.16087028828814665, 0.8054364087116536, 0.16377120743943954, 0.9737556836800789, 0.36666421387829295, 0.9695432195788275, 0.9659473000798012, 0.18696517983964392], BATTLES: 292-228-219-359-300-258-379-328-280-
33, 12, -2647.0, [0.6059630758124932, 0.8302854434812575, 0.07416045581036004, 0.051559237167862294, 0.5636121990713091, 0.8828636141756934, 0.7547488188092183, 0.27023145891195804, 0.46108362475826514, 0.577449160537989, 0.2556134554036838, 0.5799989413896998, 0.9492899331299297, 0.7248479725518278, 0.9655304779625858, 0.569079355233569, 0.8311688454953462, 0.8766926151647911, 0.28941722375916795, 0.6314701335863927, 0.1268490867045941, 0.6868238001684356, 0.20825130709126607, 0.9940808657746821, 0.27001934364137603, 0.8695869310689908, 0.8032772096311054, 0.3492877233692407], BATTLES: 301-215-247-375-285-273-374-284-293-
33, 13, -2659.0, [0.7149674674267494, 0.8603573132486777, 0.07761839224892164, 0.06819982224191108, 0.6281553674288411, 0.9281928565215916, 0.41204327769765864, 0.16995879722307294, 0.4367807334495173, 0.6686437741094777, 0.33069537820606487, 0.4037096986125931, 0.9480521611185124, 0.687291716728592, 0.942738205008673, 0.5491286146156183, 0.8592844978986661, 0.9935103261524297, 0.04245050341850737, 0.6602331808498577, 0.0468395381412505, 0.6386239737354867, 0.10693968405098933, 0.8906543636019826, 0.4125607454199185, 0.9790597039368407, 0.8705912814726268, 0.28506475185117963], BATTLES: 268-208-232-398-284-264-399-326-280-
33, 14, -2639.0, [0.5965349892015317, 0.8712203971757159, 0.126334329827194, 0.05905976008412765, 0.6482386663864816, 0.856656827637329, 0.718256093537177, 0.14540374632429598, 0.3910668006770409, 0.9532820659723122, 0.2949566155116816, 0.0008948315293072495, 0.9738036815011709, 0.6350346468646153, 0.9931060675082067, 0.5029360526516321, 0.8699077287632498, 0.8953017481403354, 0.09257933019528751, 0.6013325332349533, 0.07250691047029922, 0.8759691963501394, 0.2993164294935157, 0.9698645117354375, 0.11107507095279125, 0.9854027961279376, 0.9825958133137737, 0.17499541803278273], BATTLES: 290-198-169-368-293-252-382-351-277-
34, 0, -2686.0, [0.5850005777685576, 0.8180498028533427, 0.11686778481648744, 0.028414526337597834, 0.5917108728102626, 0.9182775183265044, 0.4922541931303095, 0.12808467563795728, 0.622684604611763, 0.7240964819078995, 0.43653595325521777, 0.1267644293277166, 0.9929671596011118, 0.5112626948140281, 0.9645853628846041, 0.5901117003112778, 0.9664572832565282, 0.9974389913073723, 0.23302974162961337, 0.45240495677824727, 0.01235193558068273, 0.9620223455182151, 0.11135468306287857, 0.896617772461751, 0.00039026232410543926, 0.9669402398487174, 0.8855781195141835, 0.3297405571740469], BATTLES: 288-201-257-360-290-298-344-346-302-
34, 1, -2657.0, [0.43944937533351486, 0.9205907653044433, 0.10246720431877623, 0.11159625010950719, 0.5913131942570188, 0.8518993068266864, 0.4883053602629148, 0.2607008963962309, 0.3843248137006207, 0.680868243801709, 0.2328547768713896, 0.4247469389204396, 0.9804092435341879, 0.7311841703065314, 0.7926758406539699, 0.5086420128489431, 0.8747359429620412, 0.9828233132322026, 0.08526922084430308, 0.523778496501302, 0.1393130977265266, 0.5556812794927224, 0.20704567522468287, 0.9888493976412497, 0.09525310590781896, 0.9679924440660937, 0.9386361883556149, 0.2851362017871134], BATTLES: 277-244-250-388-293-272-348-286-299-
34, 2, -2617.0, [0.5248158835306491, 0.9110738994874322, 0.14193691431779257, 0.11204185523912925, 0.6063659617380572, 0.9036078924808767, 0.7136649107498128, 0.34506176245929093, 0.1514323503580116, 0.8524485036864999, 0.12559902659677485, 0.2173526602470523, 0.9518654716283819, 0.7038934077184793, 0.9749012050239092, 0.6389205626429402, 0.9842287879818391, 0.9080218556278717, 0.12196194212661919, 0.7154227414203765, 0.03264039286054739, 0.526514449638535, 0.21305885213872497, 0.9768455917759346, 0.2361181051975356, 0.9393796133629944, 0.5988824050730599, 0.15353163679087156], BATTLES: 288-184-190-362-300-267-354-334-268-
34, 3, -2636.0, [0.6325467327541312, 0.893551961028832, 0.11020026360698643, 0.11193676481038324, 0.6352745078432325, 0.933051455113914, 0.7173302268229418, 0.24442996564398284, 0.2740729048829401, 0.8571395796350487, 0.21053537715713266, 0.13502112591200158, 0.9906833612656999, 0.77327723391214, 0.9252379366504424, 0.4600231303542589, 0.9351071960196805, 0.8191775482247771, 0.16229128581825458, 0.7018698638301859, 0.03268256442470179, 0.8996817433605382, 0.2235226767592845, 0.9748441436767643, 0.13148717678064453, 0.8376335216246902, 0.8396321801787356, 0.2794351998957057], BATTLES: 308-223-231-360-271-256-358-300-256-
34, 4, -2627.0, [0.5562799709610923, 0.8358690478764015, 0.05228573580316546, 0.00038309916469952965, 0.6700674307607362, 0.9598734359894842, 0.750820628398611, 0.20107106622602394, 0.27289741638679754, 0.5980509617994734, 0.26331334000697043, 0.5312945030760303, 0.9440735511785736, 0.4318391240295707, 0.9271277851081594, 0.5953335334444184, 0.9459009616279157, 0.9638600893024724, 0.161727264559832, 0.92549821686145, 0.06875226137813956, 0.9902897198980843, 0.07130174477523879, 0.9775715803248044, 0.1734620370317651, 0.9173550746242615, 0.9574873941397746, 0.21896066902318467], BATTLES: 270-210-226-363-283-274-359-314-285-
34, 5, -2604.0, [0.5886203585490155, 0.8457078635769896, 0.0731241386811544, 0.07521692022054374, 0.5755917594177291, 0.9645764445837718, 0.7637932788968372, 0.18067151263106432, 0.4382515172537418, 0.4736315276483601, 0.37998140906841377, 0.29654074152118154, 0.9940540904103452, 0.5860610227366781, 0.9186699809124799, 0.7324065429737996, 0.8796342288548376, 0.9953784336761811, 0.18221370823547645, 0.6111348894247821, 0.09293622822108243, 0.7714498891633174, 0.1460229469178444, 0.9871598910405323, 0.1429454452315287, 0.975645060082143, 0.8842683062055209, 0.29750341427003407], BATTLES: 313-216-237-389-279-263-343-307-257-
34, 6, -2619.0, [0.5858392446283511, 0.860891819529743, 0.1055327747280856, 0.030111026104075712, 0.46760102965465994, 0.8573917129901172, 0.5348662545947005, 0.2038910365199269, 0.45731119351754834, 0.6543264477660036, 0.23229537121047666, 0.15852219866335504, 0.915234545105336, 0.7044487161066979, 0.836682689139599, 0.7242940155121236, 0.9478020248389496, 0.881187403260521, 0.1064095709888777, 0.7973128016947678, 0.03005506275757254, 0.774363039479087, 0.12206823553405971, 0.9982926589297132, 0.2726434054108841, 0.9720214350265051, 0.8510180827099669, 0.07999596026363556], BATTLES: 286-197-221-370-273-254-378-333-307-
34, 7, -2614.0, [0.577110123765333, 0.8537919345171017, 0.11867572714186218, 0.043173690659912084, 0.5970201187727162, 0.8386036138935579, 0.6676465353228985, 0.15789254297908473, 0.3639255345969521, 0.8494460719193353, 0.31825877769315125, 0.38681650775900217, 0.9387290662627633, 0.5791263313184444, 0.851571189443219, 0.553224840116355, 0.9742916885085839, 0.9760249279758043, 0.20119698716291937, 0.6975819843560778, 0.18611553491016222, 0.6125865370768434, 0.14218295187492327, 0.9326082756111931, 0.26291904799087223, 0.9583069238319251, 0.8956531962982796, 0.09065329124217034], BATTLES: 312-198-210-364-297-271-349-331-282-
34, 8, -2709.0, [0.5942619338381304, 0.925379950728977, 0.09300421629507749, 0.04715623754567441, 0.6122082747962897, 0.9719454710460651, 0.6381233714666411, 0.20433848436626334, 0.5271781086233444, 0.6902470287980512, 0.498350662312528, 0.15209709098565108, 0.9843405090019423, 0.5403039188222695, 0.9914557331445014, 0.47422659405764944, 0.886165355577955, 0.9510048533666962, 0.14092190683500527, 0.5663490876993984, 0.07627367290852483, 0.7525711706616921, 0.012842699212055442, 0.9997850513803122, 0.0857671810263448, 0.9863070243466194, 0.9209209947849439, 0.16015522784755268], BATTLES: 280-179-231-403-298-258-377-310-294-
34, 9, -2677.0, [0.6937277750092059, 0.925474282548316, 0.1261261007164119, 0.11011945618849125, 0.622093454430073, 0.8515643678016005, 0.6663071013723049, 0.3021581045458577, 0.3026450694661974, 0.9570788590964507, 0.12073799767538984, 0.40649968726463914, 0.934533895710516, 0.8115118561713783, 0.9197889706521968, 0.4886279643050873, 0.9750392481450025, 0.9946584970161727, 0.12992871865837147, 0.6552007921481193, 0.045450987718501326, 0.7277925682021493, 0.2328354094664438, 0.9927919052813815, 0.14111821179429182, 0.8023813618199765, 0.7594991763353931, 0.18541728878908487], BATTLES: 298-239-200-381-309-284-342-333-291-
34, 10, -2663.0, [0.5929182262951563, 0.9001059183696571, 0.09211330080512002, 0.035588965343905224, 0.6638687283457184, 0.9927744503040183, 0.7495369423415279, 0.19828331412034067, 0.5660432153434641, 0.6304355728892622, 0.4057413028392202, 0.6529076215758128, 0.7735706450885154, 0.5418711201391883, 0.9647242988921638, 0.6972300516120722, 0.8401158541324525, 0.9219128171541134, 0.13158792887094323, 0.6606372992119491, 0.15114824418937067, 0.603226187425309, 0.012750332591483199, 0.975387589711897, 0.16868022338360944, 0.9983909116260132, 0.9729922865213676, 0.17875054443935456], BATTLES: 294-223-248-357-312-270-354-290-315-
34, 11, -2689.0, [0.5568775160728897, 0.845029853027399, 0.07554858642364437, 0.07870379208957887, 0.6134012151548867, 0.9078296526356922, 0.6213674020031065, 0.24018631411441116, 0.40321623984741173, 0.6961362326363885, 0.2916107801249865, 0.3704255122008915, 0.9793531036081964, 0.5077299137954855, 0.876831413046258, 0.6099342147846297, 0.91030134318182, 0.9695159434161603, 0.17110431240677826, 0.7599508422127544, 0.16087028828814665, 0.8054364087116536, 0.16377120743943954, 0.9737556836800789, 0.36666421387829295, 0.9695432195788275, 0.9659473000798012, 0.18696517983964392], BATTLES: 295-234-246-385-311-287-354-290-287-
34, 12, -2679.0, [0.6059630758124932, 0.8302854434812575, 0.07416045581036004, 0.051559237167862294, 0.5636121990713091, 0.8828636141756934, 0.7547488188092183, 0.27023145891195804, 0.46108362475826514, 0.577449160537989, 0.2556134554036838, 0.5799989413896998, 0.9492899331299297, 0.7248479725518278, 0.9655304779625858, 0.569079355233569, 0.8311688454953462, 0.8766926151647911, 0.28941722375916795, 0.6314701335863927, 0.1268490867045941, 0.6868238001684356, 0.20825130709126607, 0.9940808657746821, 0.27001934364137603, 0.8695869310689908, 0.8032772096311054, 0.3492877233692407], BATTLES: 304-222-222-367-282-279-382-302-319-
34, 13, -2594.0, [0.7149674674267494, 0.8603573132486777, 0.07761839224892164, 0.06819982224191108, 0.6281553674288411, 0.9281928565215916, 0.41204327769765864, 0.16995879722307294, 0.4367807334495173, 0.6686437741094777, 0.33069537820606487, 0.4037096986125931, 0.9480521611185124, 0.687291716728592, 0.942738205008673, 0.5491286146156183, 0.8592844978986661, 0.9935103261524297, 0.04245050341850737, 0.6602331808498577, 0.0468395381412505, 0.6386239737354867, 0.10693968405098933, 0.8906543636019826, 0.4125607454199185, 0.9790597039368407, 0.8705912814726268, 0.28506475185117963], BATTLES: 299-232-208-377-267-234-387-317-273-
34, 14, -2604.0, [0.5965349892015317, 0.8712203971757159, 0.126334329827194, 0.05905976008412765, 0.6482386663864816, 0.856656827637329, 0.718256093537177, 0.14540374632429598, 0.3910668006770409, 0.9532820659723122, 0.2949566155116816, 0.0008948315293072495, 0.9738036815011709, 0.6350346468646153, 0.9931060675082067, 0.5029360526516321, 0.8699077287632498, 0.8953017481403354, 0.09257933019528751, 0.6013325332349533, 0.07250691047029922, 0.8759691963501394, 0.2993164294935157, 0.9698645117354375, 0.11107507095279125, 0.9854027961279376, 0.9825958133137737, 0.17499541803278273], BATTLES: 312-194-202-365-314-271-340-347-259-
35, 0, -2711.0, [0.5117190417744517, 0.8300904514121734, 0.11285613363156788, 0.03395298215919323, 0.5917108728102626, 0.9442685215632655, 0.5446162353882161, 0.19593246771001682, 0.5091596657256321, 0.7014930831057793, 0.43653595325521777, 0.3850469712452439, 0.9929671596011118, 0.5112626948140281, 0.9645853628846041, 0.5901117003112778, 0.9470691786803316, 0.9974389913073723, 0.23302974162961337, 0.6122259737775613, 0.12453928275547801, 0.879037852045754, 0.05567734153143929, 0.9199575640251453, 0.00039026232410543926, 0.9669402398487174, 0.9966613248909391, 0.3297405571740469], BATTLES: 290-196-244-371-310-275-378-321-300-
35, 1, -2646.0, [0.43944937533351486, 0.9205907653044433, 0.10246720431877623, 0.11159625010950719, 0.5913131942570188, 0.8518993068266864, 0.4883053602629148, 0.2607008963962309, 0.3843248137006207, 0.680868243801709, 0.2328547768713896, 0.4247469389204396, 0.9804092435341879, 0.7311841703065314, 0.7926758406539699, 0.5086420128489431, 0.8747359429620412, 0.9828233132322026, 0.08526922084430308, 0.523778496501302, 0.1393130977265266, 0.5556812794927224, 0.20704567522468287, 0.9888493976412497, 0.09525310590781896, 0.9679924440660937, 0.9386361883556149, 0.2851362017871134], BATTLES: 269-200-232-392-311-272-356-322-292-
35, 2, -2566.0, [0.5248158835306491, 0.9110738994874322, 0.14193691431779257, 0.11204185523912925, 0.6063659617380572, 0.9036078924808767, 0.7136649107498128, 0.34506176245929093, 0.1514323503580116, 0.8524485036864999, 0.12559902659677485, 0.2173526602470523, 0.9518654716283819, 0.7038934077184793, 0.9749012050239092, 0.6389205626429402, 0.9842287879818391, 0.9080218556278717, 0.12196194212661919, 0.7154227414203765, 0.03264039286054739, 0.526514449638535, 0.21305885213872497, 0.9768455917759346, 0.2361181051975356, 0.9393796133629944, 0.5988824050730599, 0.15353163679087156], BATTLES: 272-214-200-369-304-284-324-315-284-
35, 3, -2638.0, [0.6325467327541312, 0.893551961028832, 0.11020026360698643, 0.11193676481038324, 0.6352745078432325, 0.933051455113914, 0.7173302268229418, 0.24442996564398284, 0.2740729048829401, 0.8571395796350487, 0.21053537715713266, 0.13502112591200158, 0.9906833612656999, 0.77327723391214, 0.9252379366504424, 0.4600231303542589, 0.9351071960196805, 0.8191775482247771, 0.16229128581825458, 0.7018698638301859, 0.03268256442470179, 0.8996817433605382, 0.2235226767592845, 0.9748441436767643, 0.13148717678064453, 0.8376335216246902, 0.8396321801787356, 0.2794351998957057], BATTLES: 288-212-222-388-278-262-369-327-292-
35, 4, -2668.0, [0.5673896228104222, 0.8358690478764015, 0.09183999635168716, 0.007736208131281534, 0.6526539862164916, 0.9024169829146331, 0.6631730019097202, 0.1521937729773618, 0.27289741638679754, 0.8690048347872958, 0.36254375078598156, 0.3691281109617598, 0.9402493622718101, 0.4318391240295707, 0.9271277851081594, 0.5953335334444184, 0.9886459019204473, 0.958828717041021, 0.14781522797348895, 0.8110506580083443, 0.11101432740006009, 0.8490625456347897, 0.045156090466602794, 0.9693886470294956, 0.1734620370317651, 0.9390163540190001, 0.9469192211834909, 0.06651077171570172], BATTLES: 297-216-229-390-273-287-355-273-304-
35, 5, -2680.0, [0.5886203585490155, 0.8457078635769896, 0.0731241386811544, 0.07521692022054374, 0.5755917594177291, 0.9645764445837718, 0.7637932788968372, 0.18067151263106432, 0.4382515172537418, 0.4736315276483601, 0.37998140906841377, 0.29654074152118154, 0.9940540904103452, 0.5860610227366781, 0.9186699809124799, 0.7324065429737996, 0.8796342288548376, 0.9953784336761811, 0.18221370823547645, 0.6111348894247821, 0.09293622822108243, 0.7714498891633174, 0.1460229469178444, 0.9871598910405323, 0.1429454452315287, 0.975645060082143, 0.8842683062055209, 0.29750341427003407], BATTLES: 321-211-238-381-287-273-374-306-289-
35, 6, -2539.0, [0.5858392446283511, 0.8662426997421449, 0.1055327747280856, 0.030111026104075712, 0.46760102965465994, 0.8573917129901172, 0.5348662545947005, 0.2038910365199269, 0.43169998437337054, 0.7227345728944246, 0.39899224977347847, 0.18442506592698144, 0.9576172725526679, 0.7044487161066979, 0.8564374541082698, 0.7242940155121236, 0.9478020248389496, 0.9405937016302606, 0.10905311371896993, 0.5875386723804158, 0.03005506275757254, 0.991169516604184, 0.061034117767029855, 0.9209138201262731, 0.2726434054108841, 0.9720214350265051, 0.8818253689780066, 0.2581530492732209], BATTLES: 296-198-206-361-259-261-346-330-269-
35, 7, -2600.0, [0.577110123765333, 0.8537919345171017, 0.11867572714186218, 0.043173690659912084, 0.5970201187727162, 0.8386036138935579, 0.6676465353228985, 0.15789254297908473, 0.3639255345969521, 0.8494460719193353, 0.31825877769315125, 0.38681650775900217, 0.9387290662627633, 0.5791263313184444, 0.851571189443219, 0.553224840116355, 0.9742916885085839, 0.9760249279758043, 0.20119698716291937, 0.6975819843560778, 0.18611553491016222, 0.6125865370768434, 0.14218295187492327, 0.9326082756111931, 0.26291904799087223, 0.9583069238319251, 0.8956531962982796, 0.09065329124217034], BATTLES: 289-196-203-393-297-261-373-318-270-
35, 8, -2663.0, [0.5942619338381304, 0.925379950728977, 0.09300421629507749, 0.04715623754567441, 0.6122082747962897, 0.9719454710460651, 0.6381233714666411, 0.20433848436626334, 0.5271781086233444, 0.6902470287980512, 0.498350662312528, 0.15209709098565108, 0.9843405090019423, 0.5403039188222695, 0.9914557331445014, 0.47422659405764944, 0.886165355577955, 0.9510048533666962, 0.14092190683500527, 0.5663490876993984, 0.07627367290852483, 0.7525711706616921, 0.012842699212055442, 0.9997850513803122, 0.0857671810263448, 0.9863070243466194, 0.9209209947849439, 0.16015522784755268], BATTLES: 304-210-226-392-305-257-363-307-299-
35, 9, -2599.0, [0.6580371704423794, 0.8946215666071878, 0.1261261007164119, 0.11011945618849125, 0.622093454430073, 0.8847856425110998, 0.6663071013723049, 0.3065843613584791, 0.3026450694661974, 0.9570788590964507, 0.15650466255909534, 0.40649968726463914, 0.9744452553915975, 0.8115118561713783, 0.9432533955956102, 0.4886279643050873, 0.9750392481450025, 0.9649521053940249, 0.12992871865837147, 0.6552007921481193, 0.045450987718501326, 0.777985749550306, 0.2328354094664438, 0.9927919052813815, 0.14111821179429182, 0.8023813618199765, 0.7594991763353931, 0.18541728878908487], BATTLES: 309-192-185-353-309-246-362-343-285-
35, 10, -2642.0, [0.5929182262951563, 0.9001059183696571, 0.09211330080512002, 0.035588965343905224, 0.6638687283457184, 0.9927744503040183, 0.7495369423415279, 0.19828331412034067, 0.5660432153434641, 0.6304355728892622, 0.4057413028392202, 0.6529076215758128, 0.7735706450885154, 0.5418711201391883, 0.9647242988921638, 0.6972300516120722, 0.8401158541324525, 0.9219128171541134, 0.13158792887094323, 0.6606372992119491, 0.15114824418937067, 0.603226187425309, 0.012750332591483199, 0.975387589711897, 0.16868022338360944, 0.9983909116260132, 0.9729922865213676, 0.17875054443935456], BATTLES: 289-199-233-382-296-265-369-294-315-
35, 11, -2683.0, [0.5568775160728897, 0.845029853027399, 0.07554858642364437, 0.07870379208957887, 0.6134012151548867, 0.9078296526356922, 0.48631047257368293, 0.24018631411441116, 0.38279554088266116, 0.6961362326363885, 0.2916107801249865, 0.3704255122008915, 0.9896765518040982, 0.5292181532486658, 0.876831413046258, 0.6099342147846297, 0.91030134318182, 0.9850023358151078, 0.17110431240677826, 0.706374306619834, 0.16087028828814665, 0.8054364087116536, 0.16377120743943954, 0.9737556836800789, 0.36666421387829295, 0.9695432195788275, 0.9659473000798012, 0.18696517983964392], BATTLES: 271-205-226-392-304-254-334-290-280-
35, 12, -2603.0, [0.569111106026994, 0.8302854434812575, 0.07416045581036004, 0.025779618583931147, 0.4832998211779251, 0.8689540786540233, 0.6144479342724931, 0.27023145891195804, 0.28401725508922554, 0.577449160537989, 0.2556134554036838, 0.5799989413896998, 0.9492899331299297, 0.7248479725518278, 0.9655304779625858, 0.4069390822531096, 0.915584422747673, 0.8766926151647911, 0.2510732094655035, 0.6314701335863927, 0.06342454335229705, 0.6868238001684356, 0.041881864547814875, 0.9940808657746821, 0.13500967182068802, 0.8695869310689908, 0.9016386048155527, 0.13059488077843], BATTLES: 272-222-218-383-255-250-385-302-286-
35, 13, -2635.0, [0.7149674674267494, 0.8603573132486777, 0.07761839224892164, 0.06819982224191108, 0.6281553674288411, 0.9281928565215916, 0.41204327769765864, 0.16995879722307294, 0.4367807334495173, 0.6686437741094777, 0.33069537820606487, 0.4037096986125931, 0.9480521611185124, 0.687291716728592, 0.942738205008673, 0.5491286146156183, 0.8592844978986661, 0.9935103261524297, 0.04245050341850737, 0.6602331808498577, 0.0468395381412505, 0.6386239737354867, 0.10693968405098933, 0.8906543636019826, 0.4125607454199185, 0.9790597039368407, 0.8705912814726268, 0.28506475185117963], BATTLES: 302-212-210-397-273-237-400-321-283-
35, 14, -2653.0, [0.5965349892015317, 0.8712203971757159, 0.09136973246742465, 0.034171354030114544, 0.6653969925957391, 0.867606701210571, 0.718256093537177, 0.14540374632429598, 0.31187701519376276, 0.9532820659723122, 0.23684855092331042, 0.2986688884870364, 0.9539111058103655, 0.4643134545461082, 0.9292608442650446, 0.538627524278098, 0.8699077287632498, 0.9321038671224178, 0.09257933019528751, 0.6013325332349533, 0.0959538022189628, 0.9836770981803274, 0.1558046930373621, 0.966236589957504, 0.2069171765558613, 0.9598860912787162, 0.9825958133137737, 0.17499541803278273], BATTLES: 292-206-191-386-313-229-361-347-308-
36, 0, -2642.0, [0.5800603009303255, 0.7990049178557914, 0.11285613363156788, 0.03395298215919323, 0.5917108728102626, 0.9226435247917898, 0.5446162353882161, 0.18197064388333545, 0.46366903439919926, 0.7014930831057793, 0.39372101648155583, 0.3850469712452439, 0.9964835798005559, 0.5112626948140281, 0.9272613457523864, 0.5901117003112778, 0.9850354097167497, 0.9974389913073723, 0.22141740362207488, 0.7586359083207848, 0.08963004372242891, 0.939518926022877, 0.05567734153143929, 0.9199575640251453, 0.00039026232410543926, 0.9669402398487174, 0.9966613248909391, 0.2761428902617959], BATTLES: 296-194-236-359-300-287-313-301-300-
36, 1, -2591.0, [0.449383312848789, 0.856862103624816, 0.07218972904448465, 0.11159625010950719, 0.5913131942570188, 0.8872321240948519, 0.4883053602629148, 0.1736760537728527, 0.38810620877092644, 0.6864996815401928, 0.2328547768713896, 0.4247469389204396, 0.9804092435341879, 0.4615884533436535, 0.7926758406539699, 0.5086420128489431, 0.8747359429620412, 0.9828233132322026, 0.08526922084430308, 0.5869734073138149, 0.1393130977265266, 0.5556812794927224, 0.20704567522468287, 0.9888493976412497, 0.09525310590781896, 0.9679924440660937, 0.9386361883556149, 0.23182579461297648], BATTLES: 249-208-231-368-281-280-350-313-308-
36, 2, -2603.0, [0.5248158835306491, 0.9110738994874322, 0.14193691431779257, 0.11204185523912925, 0.6063659617380572, 0.9036078924808767, 0.7136649107498128, 0.34506176245929093, 0.1514323503580116, 0.783355988713019, 0.22048963859202464, 0.2318655922648012, 0.9518654716283819, 0.7038934077184793, 0.9749012050239092, 0.6389205626429402, 0.9617040915575593, 0.9540109278139359, 0.12196194212661919, 0.7546422460856341, 0.03264039286054739, 0.6653577966329132, 0.21305885213872497, 0.9369213850163407, 0.3709598060197883, 0.9807045273503083, 0.8081209968713476, 0.15353163679087156], BATTLES: 270-209-230-355-287-264-328-311-283-
36, 3, -2658.0, [0.6325467327541312, 0.893551961028832, 0.11020026360698643, 0.10234378837651707, 0.6110041979008451, 0.933051455113914, 0.7173302268229418, 0.24442996564398284, 0.3691306576071895, 0.8571395796350487, 0.2292601015359605, 0.13502112591200158, 0.9787436309134114, 0.7283946041097812, 0.9041963072725151, 0.4600231303542589, 0.9479215790181266, 0.8191775482247771, 0.1459864702324013, 0.7018698638301859, 0.03268256442470179, 0.8996817433605382, 0.2235226767592845, 0.9748441436767643, 0.13148717678064453, 0.8096886655688792, 0.8004810202125191, 0.15031797498080302], BATTLES: 304-210-239-371-302-262-352-306-277-
36, 4, -2613.0, [0.5673896228104222, 0.8358690478764015, 0.09183999635168716, 0.007736208131281534, 0.6149555279732821, 0.8812704906842219, 0.6631730019097202, 0.1521937729773618, 0.34034714006394395, 0.8690048347872958, 0.35717683272238016, 0.3691281109617598, 0.9402493622718101, 0.4318391240295707, 0.9271277851081594, 0.5860992602977148, 0.9838098099359908, 0.958828717041021, 0.16888297968128602, 0.75565229485997, 0.1823944348609038, 0.7076248428683152, 0.11794509202257097, 0.955760725528067, 0.28132987905884277, 0.9630113259795265, 0.946820690617202, 0.07254896556378534], BATTLES: 273-211-218-370-281-282-344-302-298-
36, 5, -2605.0, [0.5886203585490155, 0.8457078635769896, 0.0731241386811544, 0.07521692022054374, 0.5755917594177291, 0.9645764445837718, 0.7637932788968372, 0.18067151263106432, 0.4382515172537418, 0.4736315276483601, 0.37998140906841377, 0.29654074152118154, 0.9940540904103452, 0.5860610227366781, 0.9186699809124799, 0.7324065429737996, 0.8796342288548376, 0.9953784336761811, 0.18221370823547645, 0.6111348894247821, 0.09293622822108243, 0.7714498891633174, 0.1460229469178444, 0.9871598910405323, 0.1429454452315287, 0.975645060082143, 0.8842683062055209, 0.29750341427003407], BATTLES: 283-208-238-374-270-270-367-302-293-
36, 6, -2650.0, [0.5813653284223349, 0.8662426997421449, 0.1055327747280856, 0.08038928661610195, 0.5076289737824202, 0.8184206800080174, 0.46238972101222925, 0.2038910365199269, 0.43169998437337054, 0.846415633308078, 0.39899224977347847, 0.20727032641928167, 0.9723155001748577, 0.689074545692979, 0.8564374541082698, 0.638206527342192, 0.9478020248389496, 0.9717198922720722, 0.16490896612800082, 0.5875386723804158, 0.03005506275757254, 0.991169516604184, 0.15655726547588628, 0.9209138201262731, 0.3735911693979053, 0.9720214350265051, 0.8940878693935813, 0.2581530492732209], BATTLES: 294-198-214-374-287-272-365-310-276-
36, 7, -2666.0, [0.577110123765333, 0.8811438200752384, 0.10637129479439072, 0.048420871268953794, 0.5970201187727162, 0.9862841913405341, 0.6543864645516574, 0.18370251411799243, 0.5081741913249425, 0.7743161522123485, 0.31825877769315125, 0.38681650775900217, 0.9693645331313816, 0.42353943153589124, 0.9257855947216095, 0.4102640775327622, 0.914701940127707, 0.9880124639879022, 0.20119698716291937, 0.48545519015809746, 0.17581656487571232, 0.6125865370768434, 0.010923920454179434, 0.9251254084898674, 0.26291904799087223, 0.9736765436752471, 0.9478265981491398, 0.3047428293029092], BATTLES: 309-198-215-376-283-297-340-334-294-
36, 8, -2682.0, [0.5942619338381304, 0.925379950728977, 0.09300421629507749, 0.04715623754567441, 0.6122082747962897, 0.9719454710460651, 0.6381233714666411, 0.20433848436626334, 0.5271781086233444, 0.6902470287980512, 0.498350662312528, 0.15209709098565108, 0.9843405090019423, 0.5403039188222695, 0.9914557331445014, 0.47422659405764944, 0.886165355577955, 0.9510048533666962, 0.14092190683500527, 0.5663490876993984, 0.07627367290852483, 0.7525711706616921, 0.012842699212055442, 0.9997850513803122, 0.0857671810263448, 0.9863070243466194, 0.9209209947849439, 0.16015522784755268], BATTLES: 306-211-231-360-284-302-377-318-293-
36, 9, -2700.0, [0.6580371704423794, 0.8946215666071878, 0.1261261007164119, 0.11011945618849125, 0.622093454430073, 0.8847856425110998, 0.6663071013723049, 0.3065843613584791, 0.3026450694661974, 0.9570788590964507, 0.15650466255909534, 0.40649968726463914, 0.9744452553915975, 0.8115118561713783, 0.9432533955956102, 0.4886279643050873, 0.9750392481450025, 0.9649521053940249, 0.12992871865837147, 0.6552007921481193, 0.045450987718501326, 0.777985749550306, 0.2328354094664438, 0.9927919052813815, 0.14111821179429182, 0.8023813618199765, 0.7594991763353931, 0.18541728878908487], BATTLES: 308-215-214-354-319-273-358-338-321-
36, 10, -2651.0, [0.5929182262951563, 0.9362160693604734, 0.10737735255244901, 0.09482815702465264, 0.6720132100851116, 0.9151068736402792, 0.7495369423415279, 0.19828331412034067, 0.5660432153434641, 0.6304355728892622, 0.3530055935616563, 0.6529076215758128, 0.7735706450885154, 0.5673700082029522, 0.8305518481509331, 0.6049444917018539, 0.8401158541324525, 0.9219128171541134, 0.13158792887094323, 0.6606372992119491, 0.20629949854320806, 0.603226187425309, 0.012750332591483199, 0.975387589711897, 0.16868022338360944, 0.9991954558130066, 0.9729922865213676, 0.17875054443935456], BATTLES: 282-206-223-404-307-279-360-292-269-
36, 11, -2667.0, [0.5568775160728897, 0.845029853027399, 0.07554858642364437, 0.07870379208957887, 0.6024264727208014, 0.904119566882328, 0.48631047257368293, 0.24018631411441116, 0.3656731638088838, 0.7306516941359634, 0.2916107801249865, 0.3704255122008915, 0.9948382759020491, 0.5323826426816379, 0.876831413046258, 0.6099342147846297, 0.91030134318182, 0.9925011679075539, 0.1579887573637633, 0.6643636348971109, 0.16087028828814665, 0.8054364087116536, 0.16377120743943954, 0.9956183079873098, 0.36473761518680814, 0.9731868650855728, 0.9934686175206081, 0.20725157315559928], BATTLES: 283-214-249-372-313-282-365-298-290-
36, 12, -2509.0, [0.569111106026994, 0.8302854434812575, 0.07416045581036004, 0.025779618583931147, 0.4832998211779251, 0.8689540786540233, 0.6144479342724931, 0.27023145891195804, 0.28401725508922554, 0.577449160537989, 0.2556134554036838, 0.5799989413896998, 0.9492899331299297, 0.7248479725518278, 0.9655304779625858, 0.4069390822531096, 0.915584422747673, 0.8766926151647911, 0.2510732094655035, 0.6314701335863927, 0.06342454335229705, 0.6868238001684356, 0.041881864547814875, 0.9940808657746821, 0.13500967182068802, 0.8695869310689908, 0.9016386048155527, 0.13059488077843], BATTLES: 288-203-209-378-280-238-350-313-250-
36, 13, -2616.0, [0.7149674674267494, 0.8603573132486777, 0.07761839224892164, 0.06819982224191108, 0.6281553674288411, 0.9281928565215916, 0.41204327769765864, 0.16995879722307294, 0.4367807334495173, 0.6686437741094777, 0.33069537820606487, 0.4037096986125931, 0.9480521611185124, 0.687291716728592, 0.942738205008673, 0.5491286146156183, 0.8592844978986661, 0.9935103261524297, 0.04245050341850737, 0.6602331808498577, 0.0468395381412505, 0.6386239737354867, 0.10693968405098933, 0.8906543636019826, 0.4125607454199185, 0.9790597039368407, 0.8705912814726268, 0.28506475185117963], BATTLES: 287-205-227-368-273-251-383-318-304-
36, 14, -2662.0, [0.5965349892015317, 0.8712203971757159, 0.08819337140643053, 0.028801907233151257, 0.6726956952335013, 0.8978026494184883, 0.718256093537177, 0.1873124868290423, 0.31187701519376276, 0.9532820659723122, 0.23684855092331042, 0.2986688884870364, 0.9539111058103655, 0.4643134545461082, 0.9236489930339672, 0.508278332000182, 0.8890514317111429, 0.9660519335612089, 0.09257933019528751, 0.6013325332349533, 0.15838715088462238, 0.9836770981803274, 0.1558046930373621, 0.932054688041231, 0.1526120391853455, 0.9598860912787162, 0.9825958133137737, 0.17499541803278273], BATTLES: 315-218-200-371-271-252-351-325-299-
37, 0, -2610.0, [0.5800603009303255, 0.7990049178557914, 0.11285613363156788, 0.03395298215919323, 0.5917108728102626, 0.9226435247917898, 0.5446162353882161, 0.18197064388333545, 0.46366903439919926, 0.7014930831057793, 0.39372101648155583, 0.3850469712452439, 0.9964835798005559, 0.5112626948140281, 0.9272613457523864, 0.5901117003112778, 0.9850354097167497, 0.9974389913073723, 0.22141740362207488, 0.7586359083207848, 0.08963004372242891, 0.939518926022877, 0.05567734153143929, 0.9199575640251453, 0.00039026232410543926, 0.9669402398487174, 0.9966613248909391, 0.2761428902617959], BATTLES: 299-212-216-362-303-257-353-303-305-
37, 1, -2679.0, [0.59073527037304, 0.9069048617942277, 0.11906935746176135, 0.15072722084159715, 0.5913131942570188, 0.8872321240948519, 0.4883053602629148, 0.2637144056400681, 0.3302108050036719, 0.6864996815401928, 0.1454059558263619, 0.4247469389204396, 0.9804092435341879, 0.4615884533436535, 0.7926758406539699, 0.43256496511417886, 0.8747359429620412, 0.9707165147268547, 0.08526922084430308, 0.6331938535318462, 0.1393130977265266, 0.7062808052883861, 0.20704567522468287, 0.9915202381371508, 0.1263242903751467, 0.9679924440660937, 0.9386361883556149, 0.2003864854162114], BATTLES: 279-223-238-384-279-269-330-249-323-
37, 2, -2539.0, [0.5248158835306491, 0.9110738994874322, 0.14193691431779257, 0.11204185523912925, 0.6063659617380572, 0.9036078924808767, 0.7136649107498128, 0.34506176245929093, 0.1514323503580116, 0.783355988713019, 0.22048963859202464, 0.2318655922648012, 0.9518654716283819, 0.7038934077184793, 0.9749012050239092, 0.6389205626429402, 0.9617040915575593, 0.9540109278139359, 0.12196194212661919, 0.7546422460856341, 0.03264039286054739, 0.6653577966329132, 0.21305885213872497, 0.9369213850163407, 0.3709598060197883, 0.9807045273503083, 0.8081209968713476, 0.15353163679087156], BATTLES: 273-212-199-344-311-259-335-324-282-
37, 3, -2639.0, [0.6325467327541312, 0.893551961028832, 0.11020026360698643, 0.10234378837651707, 0.6290817061695597, 0.966525727556957, 0.6200787261063055, 0.16887535267145654, 0.3691306576071895, 0.6465510087945309, 0.4393872981415204, 0.13502112591200158, 0.9787436309134114, 0.7283946041097812, 0.9287763585027907, 0.4922648100100401, 0.9479215790181266, 0.9715980601745812, 0.1459864702324013, 0.6435794341748837, 0.060435581335118956, 0.8996817433605382, 0.2235226767592845, 0.9874220718383822, 0.027059358450221005, 0.9478569626587849, 0.8004810202125191, 0.12479599157131688], BATTLES: 302-213-219-387-292-269-358-317-273-
37, 4, -2647.0, [0.5673896228104222, 0.8629243053859185, 0.09183999635168716, 0.007736208131281534, 0.5582398152156763, 0.8708506660730184, 0.6631730019097202, 0.15724182990753421, 0.34034714006394395, 0.786587755861181, 0.35717683272238016, 0.3691281109617598, 0.9402493622718101, 0.4318391240295707, 0.9251824092349636, 0.5860992602977148, 0.9468600777998409, 0.9794143585205105, 0.15785960483169462, 0.6235833231038416, 0.1823944348609038, 0.7076248428683152, 0.11794509202257097, 0.955760725528067, 0.30157350411628164, 0.9630113259795265, 0.946820690617202, 0.07254896556378534], BATTLES: 282-210-208-377-298-284-361-307-279-
37, 5, -2646.0, [0.5886203585490155, 0.8457078635769896, 0.07262968908528414, 0.07521692022054374, 0.5755917594177291, 0.9412284168044838, 0.7637932788968372, 0.18067151263106432, 0.4382515172537418, 0.586272245953222, 0.32105447951486427, 0.29654074152118154, 0.9970270452051726, 0.5860610227366781, 0.9186699809124799, 0.6139999286278065, 0.8796342288548376, 0.9730154498820105, 0.18221370823547645, 0.5983496669735536, 0.11747688307393833, 0.7714498891633174, 0.17831356354478006, 0.9871598910405323, 0.11770870004045764, 0.9715956231457138, 0.9130374630105006, 0.29750341427003407], BATTLES: 314-202-239-380-272-256-388-295-288-
37, 6, -2636.0, [0.5813653284223349, 0.8662426997421449, 0.1055327747280856, 0.08038928661610195, 0.5076289737824202, 0.8184206800080174, 0.46238972101222925, 0.2038910365199269, 0.43169998437337054, 0.846415633308078, 0.39899224977347847, 0.20727032641928167, 0.9723155001748577, 0.689074545692979, 0.8564374541082698, 0.638206527342192, 0.9478020248389496, 0.9717198922720722, 0.16490896612800082, 0.5875386723804158, 0.03005506275757254, 0.991169516604184, 0.15655726547588628, 0.9209138201262731, 0.3735911693979053, 0.9720214350265051, 0.8940878693935813, 0.2581530492732209], BATTLES: 299-202-229-366-298-257-368-323-294-
37, 7, -2653.0, [0.577110123765333, 0.8811438200752384, 0.10637129479439072, 0.048420871268953794, 0.5970201187727162, 0.9862841913405341, 0.6543864645516574, 0.18370251411799243, 0.5081741913249425, 0.7743161522123485, 0.31825877769315125, 0.38681650775900217, 0.9693645331313816, 0.42353943153589124, 0.9257855947216095, 0.4102640775327622, 0.914701940127707, 0.9880124639879022, 0.20119698716291937, 0.48545519015809746, 0.17581656487571232, 0.6125865370768434, 0.010923920454179434, 0.9251254084898674, 0.26291904799087223, 0.9736765436752471, 0.9478265981491398, 0.3047428293029092], BATTLES: 300-232-247-362-287-280-367-295-283-
37, 8, -2704.0, [0.5942619338381304, 0.925379950728977, 0.09300421629507749, 0.04715623754567441, 0.6122082747962897, 0.9719454710460651, 0.6381233714666411, 0.20433848436626334, 0.5271781086233444, 0.6902470287980512, 0.498350662312528, 0.15209709098565108, 0.9843405090019423, 0.5403039188222695, 0.9914557331445014, 0.47422659405764944, 0.886165355577955, 0.9510048533666962, 0.14092190683500527, 0.5663490876993984, 0.07627367290852483, 0.7525711706616921, 0.012842699212055442, 0.9997850513803122, 0.0857671810263448, 0.9863070243466194, 0.9209209947849439, 0.16015522784755268], BATTLES: 308-216-246-375-306-279-373-293-308-
37, 9, -2636.0, [0.6580371704423794, 0.8946215666071878, 0.1261261007164119, 0.11011945618849125, 0.622093454430073, 0.8847856425110998, 0.6663071013723049, 0.3065843613584791, 0.3026450694661974, 0.9570788590964507, 0.15650466255909534, 0.40649968726463914, 0.9744452553915975, 0.8115118561713783, 0.9432533955956102, 0.4886279643050873, 0.9750392481450025, 0.9649521053940249, 0.12992871865837147, 0.6552007921481193, 0.045450987718501326, 0.777985749550306, 0.2328354094664438, 0.9927919052813815, 0.14111821179429182, 0.8023813618199765, 0.7594991763353931, 0.18541728878908487], BATTLES: 279-231-209-369-301-273-358-326-290-
37, 10, -2625.0, [0.5929182262951563, 0.9362160693604734, 0.10737735255244901, 0.09482815702465264, 0.6720132100851116, 0.9151068736402792, 0.7495369423415279, 0.19828331412034067, 0.5660432153434641, 0.6304355728892622, 0.3530055935616563, 0.6529076215758128, 0.7735706450885154, 0.5673700082029522, 0.8305518481509331, 0.6049444917018539, 0.8401158541324525, 0.9219128171541134, 0.13158792887094323, 0.6606372992119491, 0.20629949854320806, 0.603226187425309, 0.012750332591483199, 0.975387589711897, 0.16868022338360944, 0.9991954558130066, 0.9729922865213676, 0.17875054443935456], BATTLES: 299-214-205-362-338-272-336-305-294-
37, 11, -2648.0, [0.5568775160728897, 0.845029853027399, 0.07554858642364437, 0.07870379208957887, 0.6024264727208014, 0.904119566882328, 0.48631047257368293, 0.24018631411441116, 0.3656731638088838, 0.7306516941359634, 0.2916107801249865, 0.3704255122008915, 0.9948382759020491, 0.5323826426816379, 0.876831413046258, 0.6099342147846297, 0.91030134318182, 0.9925011679075539, 0.1579887573637633, 0.6643636348971109, 0.16087028828814665, 0.8054364087116536, 0.16377120743943954, 0.9956183079873098, 0.36473761518680814, 0.9731868650855728, 0.9934686175206081, 0.20725157315559928], BATTLES: 286-212-238-364-293-267-372-311-305-
37, 12, -2502.0, [0.569111106026994, 0.8302854434812575, 0.07416045581036004, 0.025779618583931147, 0.4832998211779251, 0.8689540786540233, 0.6144479342724931, 0.27023145891195804, 0.28401725508922554, 0.577449160537989, 0.2556134554036838, 0.5799989413896998, 0.9492899331299297, 0.7248479725518278, 0.9655304779625858, 0.4069390822531096, 0.915584422747673, 0.8766926151647911, 0.2510732094655035, 0.6314701335863927, 0.06342454335229705, 0.6868238001684356, 0.041881864547814875, 0.9940808657746821, 0.13500967182068802, 0.8695869310689908, 0.9016386048155527, 0.13059488077843], BATTLES: 264-217-194-378-268-229-381-319-252-
37, 13, -2640.0, [0.7149674674267494, 0.8603573132486777, 0.07761839224892164, 0.06819982224191108, 0.6281553674288411, 0.9281928565215916, 0.41204327769765864, 0.16995879722307294, 0.4367807334495173, 0.6686437741094777, 0.33069537820606487, 0.4037096986125931, 0.9480521611185124, 0.687291716728592, 0.942738205008673, 0.5491286146156183, 0.8592844978986661, 0.9935103261524297, 0.04245050341850737, 0.6602331808498577, 0.0468395381412505, 0.6386239737354867, 0.10693968405098933, 0.8906543636019826, 0.4125607454199185, 0.9790597039368407, 0.8705912814726268, 0.28506475185117963], BATTLES: 300-209-206-382-277-259-394-322-291-
37, 14, -2688.0, [0.6423107807683038, 0.8886377803107764, 0.08819337140643053, 0.0821861777698553, 0.6726956952335013, 0.8881141508482929, 0.6795906968070904, 0.2760859962897361, 0.31187701519376276, 0.9532820659723122, 0.1909856896360355, 0.3789268577124228, 0.9539111058103655, 0.6893256976748479, 0.9225792717029664, 0.508278332000182, 0.8890514317111429, 0.9660519335612089, 0.10824270931784853, 0.6414264314077267, 0.07432928234824994, 0.8305819703001711, 0.1558046930373621, 0.9772611204089389, 0.1526120391853455, 0.8218568148955856, 0.7874059802122445, 0.08665101004128806], BATTLES: 296-220-213-373-306-276-361-327-293-
38, 0, -2622.0, [0.6106226992184933, 0.8318882553347241, 0.1215946182499312, 0.03395298215919323, 0.5961347996960314, 0.9226435247917898, 0.5446162353882161, 0.18197064388333545, 0.3756734142049061, 0.7014930831057793, 0.39372101648155583, 0.27786196963079274, 0.9964835798005559, 0.6468354320270774, 0.8834074517048134, 0.5901117003112778, 0.9850354097167497, 0.9974389913073723, 0.22141740362207488, 0.7586359083207848, 0.08963004372242891, 0.9697594630114386, 0.11717490275665329, 0.9221235583743184, 0.00039026232410543926, 0.8842998738823514, 0.9966613248909391, 0.2761428902617959], BATTLES: 288-210-237-371-315-261-324-318-283-
38, 1, -2656.0, [0.59073527037304, 0.9101719220698568, 0.11906935746176135, 0.15072722084159715, 0.5950347785272795, 0.961516289696529, 0.5350872691475582, 0.19903856542155007, 0.5111531276106424, 0.6864996815401928, 0.38339310752042216, 0.4247469389204396, 0.9804092435341879, 0.3398118935168395, 0.7926758406539699, 0.4282044906270067, 0.8630018745507859, 0.9707165147268547, 0.08526922084430308, 0.4806582350665702, 0.182444142719289, 0.7062808052883861, 0.10352283761234143, 0.9915202381371508, 0.17526048126666072, 0.9679924440660937, 0.9693180941778075, 0.26187990267365285], BATTLES: 288-227-213-389-272-265-360-336-287-
38, 2, -2602.0, [0.610384264281688, 0.9525513444073477, 0.10676864268903162, 0.11204185523912925, 0.613442802011835, 0.9736386667218088, 0.7136649107498128, 0.24799680607199667, 0.1514323503580116, 0.7704824515873104, 0.22048963859202464, 0.2318655922648012, 0.9574959520565675, 0.5444089623057589, 0.9607842541706786, 0.6389205626429402, 0.9617040915575593, 0.9461211308153921, 0.12196194212661919, 0.7546422460856341, 0.03264039286054739, 0.5516124201630247, 0.05759982224475727, 0.9369213850163407, 0.3565772097740137, 0.9807045273503083, 0.8081209968713476, 0.14187130919333635], BATTLES: 273-208-184-344-300-273-339-319-285-
38, 3, -2602.0, [0.6325467327541312, 0.9149517307140181, 0.07267285529405185, 0.10234378837651707, 0.7143682821627685, 0.966525727556957, 0.6200787261063055, 0.3300289586666523, 0.3691306576071895, 0.6465510087945309, 0.4393872981415204, 0.303761815037456, 0.9787436309134114, 0.7792496252412555, 0.9287763585027907, 0.47157905003519374, 0.9479215790181266, 0.9605025994016503, 0.1459864702324013, 0.6435794341748837, 0.060435581335118956, 0.9498408716802691, 0.18484634088948776, 0.9874220718383822, 0.027059358450221005, 0.9478569626587849, 0.8004810202125191, 0.12479599157131688], BATTLES: 307-197-190-362-283-251-362-321-277-
38, 4, -2657.0, [0.5673896228104222, 0.8629243053859185, 0.09183999635168716, 0.007736208131281534, 0.5582398152156763, 0.8708506660730184, 0.6631730019097202, 0.15724182990753421, 0.34034714006394395, 0.786587755861181, 0.35717683272238016, 0.3691281109617598, 0.9402493622718101, 0.4318391240295707, 0.9251824092349636, 0.5860992602977148, 0.9468600777998409, 0.9794143585205105, 0.15785960483169462, 0.6235833231038416, 0.1823944348609038, 0.7076248428683152, 0.11794509202257097, 0.955760725528067, 0.30157350411628164, 0.9630113259795265, 0.946820690617202, 0.07254896556378534], BATTLES: 309-224-226-381-278-271-343-322-303-
38, 5, -2680.0, [0.5886203585490155, 0.8457078635769896, 0.07262968908528414, 0.07521692022054374, 0.5755917594177291, 0.9412284168044838, 0.7637932788968372, 0.18067151263106432, 0.4382515172537418, 0.586272245953222, 0.32105447951486427, 0.29654074152118154, 0.9970270452051726, 0.5860610227366781, 0.9186699809124799, 0.6139999286278065, 0.8796342288548376, 0.9730154498820105, 0.18221370823547645, 0.5983496669735536, 0.11747688307393833, 0.7714498891633174, 0.17831356354478006, 0.9871598910405323, 0.11770870004045764, 0.9715956231457138, 0.9130374630105006, 0.29750341427003407], BATTLES: 290-217-242-380-296-254-375-314-312-
38, 6, -2564.0, [0.5813653284223349, 0.8662426997421449, 0.1055327747280856, 0.08038928661610195, 0.5076289737824202, 0.8184206800080174, 0.46238972101222925, 0.2038910365199269, 0.43169998437337054, 0.846415633308078, 0.39899224977347847, 0.20727032641928167, 0.9723155001748577, 0.689074545692979, 0.8564374541082698, 0.638206527342192, 0.9478020248389496, 0.9717198922720722, 0.16490896612800082, 0.5875386723804158, 0.03005506275757254, 0.991169516604184, 0.15655726547588628, 0.9209138201262731, 0.3735911693979053, 0.9720214350265051, 0.8940878693935813, 0.2581530492732209], BATTLES: 285-193-226-375-298-236-371-330-250-
38, 7, -2644.0, [0.6293199794155475, 0.8811438200752384, 0.10637129479439072, 0.048420871268953794, 0.5970201187727162, 0.9862841913405341, 0.6551336101128018, 0.18370251411799243, 0.5081741913249425, 0.9659779172542005, 0.30667937921236516, 0.38681650775900217, 0.9502624208799393, 0.42353943153589124, 0.912047292315996, 0.4102640775327622, 0.914701940127707, 0.9674966652801139, 0.20119698716291937, 0.48545519015809746, 0.04058758281742768, 0.6125865370768434, 0.09106315581375538, 0.9251254084898674, 0.26291904799087223, 0.9736765436752471, 0.8126106902782474, 0.3047428293029092], BATTLES: 284-208-215-369-289-262-366-317-287-
38, 8, -2663.0, [0.5942619338381304, 0.925379950728977, 0.09300421629507749, 0.04715623754567441, 0.6122082747962897, 0.9719454710460651, 0.6381233714666411, 0.20433848436626334, 0.5271781086233444, 0.6902470287980512, 0.498350662312528, 0.15209709098565108, 0.9843405090019423, 0.5403039188222695, 0.9914557331445014, 0.47422659405764944, 0.886165355577955, 0.9510048533666962, 0.14092190683500527, 0.5663490876993984, 0.07627367290852483, 0.7525711706616921, 0.012842699212055442, 0.9997850513803122, 0.0857671810263448, 0.9863070243466194, 0.9209209947849439, 0.16015522784755268], BATTLES: 305-198-220-382-313-272-368-317-288-
38, 9, -2639.0, [0.6580371704423794, 0.8946215666071878, 0.1261261007164119, 0.11011945618849125, 0.622093454430073, 0.8847856425110998, 0.6663071013723049, 0.3065843613584791, 0.3026450694661974, 0.9570788590964507, 0.15650466255909534, 0.40649968726463914, 0.9744452553915975, 0.8115118561713783, 0.9432533955956102, 0.4886279643050873, 0.9750392481450025, 0.9649521053940249, 0.12992871865837147, 0.6552007921481193, 0.045450987718501326, 0.777985749550306, 0.2328354094664438, 0.9927919052813815, 0.14111821179429182, 0.8023813618199765, 0.7594991763353931, 0.18541728878908487], BATTLES: 294-204-226-363-300-266-356-334-296-
38, 10, -2583.0, [0.5929182262951563, 0.8949398004767785, 0.10737735255244901, 0.05643332871122861, 0.6838014959831694, 0.9151068736402792, 0.668842312578508, 0.23884510470892042, 0.3077363036456773, 0.6304355728892622, 0.34500540209837005, 0.5537255288765246, 0.7735706450885154, 0.5673700082029522, 0.8305518481509331, 0.5646476446795826, 0.9223042471554341, 0.9219128171541134, 0.13158792887094323, 0.6606372992119491, 0.20629949854320806, 0.603226187425309, 0.012750332591483199, 0.9553519372750007, 0.16868022338360944, 0.9991954558130066, 0.9562319694195833, 0.17875054443935456], BATTLES: 292-201-212-363-317-256-328-299-303-
38, 11, -2632.0, [0.5568775160728897, 0.845029853027399, 0.07554858642364437, 0.07870379208957887, 0.6024264727208014, 0.904119566882328, 0.48631047257368293, 0.24018631411441116, 0.3656731638088838, 0.7306516941359634, 0.2916107801249865, 0.3704255122008915, 0.9948382759020491, 0.5323826426816379, 0.876831413046258, 0.6099342147846297, 0.91030134318182, 0.9925011679075539, 0.1579887573637633, 0.6643636348971109, 0.16087028828814665, 0.8054364087116536, 0.16377120743943954, 0.9956183079873098, 0.36473761518680814, 0.9731868650855728, 0.9934686175206081, 0.20725157315559928], BATTLES: 293-201-241-361-281-276-355-312-312-
38, 12, -2566.0, [0.6038336079580278, 0.8467035953766726, 0.1013720072257921, 0.020245214793038653, 0.5948674417925447, 0.8689540786540233, 0.6144479342724931, 0.19371153310928022, 0.28401725508922554, 0.7887245802689945, 0.2556134554036838, 0.42902076791965693, 0.9204011531977102, 0.7248479725518278, 0.9331678149745123, 0.4069390822531096, 0.9874911346235247, 0.9392407566592498, 0.1184397064252071, 0.6464396201242271, 0.06342454335229705, 0.7803655830510967, 0.041881864547814875, 0.9940808657746821, 0.185484802623503, 0.8292554571540771, 0.8671089939694229, 0.13059488077843], BATTLES: 282-195-206-370-269-242-397-295-294-
38, 13, -2598.0, [0.7149674674267494, 0.8603573132486777, 0.07761839224892164, 0.06819982224191108, 0.6281553674288411, 0.9281928565215916, 0.41204327769765864, 0.16995879722307294, 0.4367807334495173, 0.6686437741094777, 0.33069537820606487, 0.4037096986125931, 0.9480521611185124, 0.687291716728592, 0.942738205008673, 0.5491286146156183, 0.8592844978986661, 0.9935103261524297, 0.04245050341850737, 0.6602331808498577, 0.0468395381412505, 0.6386239737354867, 0.10693968405098933, 0.8906543636019826, 0.4125607454199185, 0.9790597039368407, 0.8705912814726268, 0.28506475185117963], BATTLES: 285-213-208-384-276-247-401-312-272-
38, 14, -2710.0, [0.6423107807683038, 0.8886377803107764, 0.08819337140643053, 0.0821861777698553, 0.6726956952335013, 0.8881141508482929, 0.6795906968070904, 0.2760859962897361, 0.31187701519376276, 0.9532820659723122, 0.1909856896360355, 0.3789268577124228, 0.9539111058103655, 0.6893256976748479, 0.9225792717029664, 0.508278332000182, 0.8890514317111429, 0.9660519335612089, 0.10824270931784853, 0.6414264314077267, 0.07432928234824994, 0.8305819703001711, 0.1558046930373621, 0.9772611204089389, 0.1526120391853455, 0.8218568148955856, 0.7874059802122445, 0.08665101004128806], BATTLES: 290-227-225-374-290-282-378-337-307-
39, 0, -2658.0, [0.6106226992184933, 0.8318882553347241, 0.1215946182499312, 0.03395298215919323, 0.5961347996960314, 0.9226435247917898, 0.5446162353882161, 0.18197064388333545, 0.3756734142049061, 0.7014930831057793, 0.39372101648155583, 0.27786196963079274, 0.9964835798005559, 0.6468354320270774, 0.8834074517048134, 0.5901117003112778, 0.9850354097167497, 0.9974389913073723, 0.22141740362207488, 0.7586359083207848, 0.08963004372242891, 0.9697594630114386, 0.11717490275665329, 0.9221235583743184, 0.00039026232410543926, 0.8842998738823514, 0.9966613248909391, 0.2761428902617959], BATTLES: 297-190-211-359-322-263-373-332-311-
39, 1, -2621.0, [0.59073527037304, 0.8786191018466214, 0.11906935746176135, 0.11372797273678018, 0.6292556666948284, 0.961516289696529, 0.5350872691475582, 0.2326086769842464, 0.36327150657521046, 0.6864996815401928, 0.3312675882260216, 0.4247469389204396, 0.9806859988605827, 0.5951281772240767, 0.7926758406539699, 0.5440582727102163, 0.905962305748682, 0.9728390384429998, 0.08526922084430308, 0.6740805949330614, 0.09583894454124169, 0.9208863769877653, 0.1741850620463926, 0.9915202381371508, 0.04814954602147241, 0.9679924440660937, 0.9100020285733635, 0.26187990267365285], BATTLES: 295-196-199-389-275-248-345-295-282-
39, 2, -2607.0, [0.610384264281688, 0.9525513444073477, 0.10676864268903162, 0.11204185523912925, 0.613442802011835, 0.9736386667218088, 0.7136649107498128, 0.24799680607199667, 0.1514323503580116, 0.7704824515873104, 0.22048963859202464, 0.2318655922648012, 0.9574959520565675, 0.5444089623057589, 0.9607842541706786, 0.6389205626429402, 0.9617040915575593, 0.9461211308153921, 0.12196194212661919, 0.7546422460856341, 0.03264039286054739, 0.5516124201630247, 0.05759982224475727, 0.9369213850163407, 0.3565772097740137, 0.9807045273503083, 0.8081209968713476, 0.14187130919333635], BATTLES: 336-205-195-352-268-255-395-312-289-
39, 3, -2664.0, [0.6325467327541312, 0.9149517307140181, 0.07267285529405185, 0.10234378837651707, 0.7143682821627685, 0.966525727556957, 0.6200787261063055, 0.3300289586666523, 0.3691306576071895, 0.6465510087945309, 0.4393872981415204, 0.303761815037456, 0.9787436309134114, 0.7792496252412555, 0.9287763585027907, 0.47157905003519374, 0.9479215790181266, 0.9605025994016503, 0.1459864702324013, 0.6435794341748837, 0.060435581335118956, 0.9498408716802691, 0.18484634088948776, 0.9874220718383822, 0.027059358450221005, 0.9478569626587849, 0.8004810202125191, 0.12479599157131688], BATTLES: 259-229-210-375-315-283-366-336-291-
39, 4, -2673.0, [0.5673896228104222, 0.8629243053859185, 0.09183999635168716, 0.007736208131281534, 0.5582398152156763, 0.8708506660730184, 0.6631730019097202, 0.15724182990753421, 0.34034714006394395, 0.786587755861181, 0.35717683272238016, 0.3691281109617598, 0.9402493622718101, 0.4318391240295707, 0.9251824092349636, 0.5860992602977148, 0.9468600777998409, 0.9794143585205105, 0.15785960483169462, 0.6235833231038416, 0.1823944348609038, 0.7076248428683152, 0.11794509202257097, 0.955760725528067, 0.30157350411628164, 0.9630113259795265, 0.946820690617202, 0.07254896556378534], BATTLES: 296-225-212-371-279-283-377-313-317-
39, 5, -2691.0, [0.5886203585490155, 0.8457078635769896, 0.07262968908528414, 0.07521692022054374, 0.5755917594177291, 0.9412284168044838, 0.7637932788968372, 0.18067151263106432, 0.4382515172537418, 0.586272245953222, 0.32105447951486427, 0.29654074152118154, 0.9970270452051726, 0.5860610227366781, 0.9186699809124799, 0.6139999286278065, 0.8796342288548376, 0.9730154498820105, 0.18221370823547645, 0.5983496669735536, 0.11747688307393833, 0.7714498891633174, 0.17831356354478006, 0.9871598910405323, 0.11770870004045764, 0.9715956231457138, 0.9130374630105006, 0.29750341427003407], BATTLES: 288-206-233-386-330-269-378-324-277-
39, 6, -2654.0, [0.5813653284223349, 0.911523290006313, 0.10365376005253216, 0.1088153844275605, 0.5808548494285616, 0.9211742388554487, 0.46238972101222925, 0.2732833079341911, 0.5089547183382181, 0.982812761228785, 0.22242571308408945, 0.3339685495840397, 0.9667005236289711, 0.689074545692979, 0.8906046176555891, 0.4274290688836226, 0.9478020248389496, 0.9737273045992623, 0.1627111781189357, 0.4057282363934494, 0.012555367987977531, 0.991169516604184, 0.15655726547588628, 0.9289997465194282, 0.2855844877067986, 0.894732826050337, 0.7328315931751688, 0.3028047589473729], BATTLES: 302-209-227-372-279-266-364-298-302-
39, 7, -2619.0, [0.6293199794155475, 0.8965964157838998, 0.10637129479439072, 0.08400467616710361, 0.5970201187727162, 0.9862841913405341, 0.6679775536093591, 0.19288092199415463, 0.5081741913249425, 0.9659779172542005, 0.3162255875349116, 0.38681650775900217, 0.9502624208799393, 0.42353943153589124, 0.8808517485823387, 0.5326293068435948, 0.914701940127707, 0.9674966652801139, 0.1645153514713103, 0.457174307066956, 0.04058758281742768, 0.714875849321741, 0.09106315581375538, 0.9251254084898674, 0.37370029694531504, 0.9736765436752471, 0.8126106902782474, 0.2924838633922415], BATTLES: 322-198-242-364-284-289-347-291-281-
39, 8, -2647.0, [0.5942619338381304, 0.925379950728977, 0.09300421629507749, 0.04715623754567441, 0.6122082747962897, 0.9719454710460651, 0.6381233714666411, 0.20433848436626334, 0.5271781086233444, 0.6902470287980512, 0.498350662312528, 0.15209709098565108, 0.9843405090019423, 0.5403039188222695, 0.9914557331445014, 0.47422659405764944, 0.886165355577955, 0.9510048533666962, 0.14092190683500527, 0.5663490876993984, 0.07627367290852483, 0.7525711706616921, 0.012842699212055442, 0.9997850513803122, 0.0857671810263448, 0.9863070243466194, 0.9209209947849439, 0.16015522784755268], BATTLES: 310-199-208-394-295-271-379-290-301-
39, 9, -2607.0, [0.6580371704423794, 0.8503521362010779, 0.1261261007164119, 0.11011945618849125, 0.622093454430073, 0.8847856425110998, 0.6222091671136121, 0.2756002908303633, 0.16937938726217852, 0.9827142291209832, 0.15650466255909534, 0.460741975892348, 0.9744452553915975, 0.8115118561713783, 0.9071681570333465, 0.4209295659723944, 0.9750392481450025, 0.9649521053940249, 0.12992871865837147, 0.6241975134000128, 0.07996943921309663, 0.9245710926079913, 0.1164177047332219, 0.9385892526071631, 0.14111821179429182, 0.8023813618199765, 0.9501437764252703, 0.18541728878908487], BATTLES: 273-225-195-350-260-257-348-356-280-
39, 10, -2625.0, [0.5929182262951563, 0.8949398004767785, 0.10737735255244901, 0.05643332871122861, 0.6838014959831694, 0.9151068736402792, 0.668842312578508, 0.23884510470892042, 0.3077363036456773, 0.6304355728892622, 0.34500540209837005, 0.5537255288765246, 0.7735706450885154, 0.5673700082029522, 0.8305518481509331, 0.5646476446795826, 0.9223042471554341, 0.9219128171541134, 0.13158792887094323, 0.6606372992119491, 0.20629949854320806, 0.603226187425309, 0.012750332591483199, 0.9553519372750007, 0.16868022338360944, 0.9991954558130066, 0.9562319694195833, 0.17875054443935456], BATTLES: 293-214-202-383-322-247-367-320-277-
39, 11, -2673.0, [0.5731130047784273, 0.845029853027399, 0.07554858642364437, 0.07870379208957887, 0.6024264727208014, 0.904119566882328, 0.7064019954059965, 0.24018631411441116, 0.3656731638088838, 0.7306516941359634, 0.2916107801249865, 0.318633675069129, 0.9948382759020491, 0.5323826426816379, 0.876831413046258, 0.6099342147846297, 0.8829896639120547, 0.9925011679075539, 0.1579887573637633, 0.6173522464463084, 0.16087028828814665, 0.8054364087116536, 0.16377120743943954, 0.9978091539936549, 0.17264145773462222, 0.9731868650855728, 0.9934686175206081, 0.20725157315559928], BATTLES: 291-202-230-394-286-256-355-301-293-
39, 12, -2627.0, [0.6038336079580278, 0.8467035953766726, 0.0760585846434877, 0.05247483316103298, 0.5948674417925447, 0.8689540786540233, 0.7089498187846878, 0.19371153310928022, 0.4695887603628158, 0.8046081710583214, 0.2556134554036838, 0.4419485986195524, 0.960200576598855, 0.6594817408845666, 0.9203809956588358, 0.4289842617301303, 0.9874911346235247, 0.9567827287392457, 0.1745900351888318, 0.580635719598117, 0.1065566789117407, 0.7803655830510967, 0.136784754540544, 0.997040432887341, 0.08659174278142445, 0.8292554571540771, 0.8671089939694229, 0.13059488077843], BATTLES: 309-221-176-386-281-240-391-345-276-
39, 13, -2565.0, [0.7149674674267494, 0.8603573132486777, 0.07761839224892164, 0.06819982224191108, 0.6281553674288411, 0.9281928565215916, 0.41204327769765864, 0.16995879722307294, 0.4367807334495173, 0.6686437741094777, 0.33069537820606487, 0.4037096986125931, 0.9480521611185124, 0.687291716728592, 0.942738205008673, 0.5491286146156183, 0.8592844978986661, 0.9935103261524297, 0.04245050341850737, 0.6602331808498577, 0.0468395381412505, 0.6386239737354867, 0.10693968405098933, 0.8906543636019826, 0.4125607454199185, 0.9790597039368407, 0.8705912814726268, 0.28506475185117963], BATTLES: 257-205-197-378-275-245-400-325-283-
39, 14, -2681.0, [0.6423107807683038, 0.8886377803107764, 0.08819337140643053, 0.0821861777698553, 0.6726956952335013, 0.8881141508482929, 0.6795906968070904, 0.2760859962897361, 0.31187701519376276, 0.9532820659723122, 0.1909856896360355, 0.3789268577124228, 0.9539111058103655, 0.6893256976748479, 0.9225792717029664, 0.508278332000182, 0.8890514317111429, 0.9660519335612089, 0.10824270931784853, 0.6414264314077267, 0.07432928234824994, 0.8305819703001711, 0.1558046930373621, 0.9772611204089389, 0.1526120391853455, 0.8218568148955856, 0.7874059802122445, 0.08665101004128806], BATTLES: 298-229-203-378-314-269-384-322-284-
40, 0, -2669.0, [0.6106226992184933, 0.8318882553347241, 0.1215946182499312, 0.0390933038514739, 0.5961347996960314, 0.9226435247917898, 0.5446162353882161, 0.169709483184626, 0.40336347316240123, 0.7014930831057793, 0.39372101648155583, 0.2744324080969437, 0.9887751429886726, 0.6468354320270774, 0.8834074517048134, 0.5901117003112778, 0.9850354097167497, 0.9884453336475979, 0.19793824516824374, 0.6915178877079465, 0.11150333765659252, 0.9697594630114386, 0.11717490275665329, 0.9412129694036994, 0.00039026232410543926, 0.8842998738823514, 0.9966613248909391, 0.2761428902617959], BATTLES: 284-202-213-371-285-278-365-327-323-
40, 1, -2653.0, [0.6135913492279838, 0.8582320842442495, 0.11906935746176135, 0.11372797273678018, 0.6027140771176941, 0.9607354264761087, 0.5350872691475582, 0.18384538736928158, 0.4008912110337827, 0.6864996815401928, 0.3719493034725672, 0.4247469389204396, 0.9806859988605827, 0.6417810868222288, 0.851363009742621, 0.5440582727102163, 0.9273910352123954, 0.9751030465871934, 0.08526922084430308, 0.6740805949330614, 0.09583894454124169, 0.9208863769877653, 0.15538509385848256, 0.9570547553088553, 0.024074773010736204, 0.9679924440660937, 0.9127591494760338, 0.26187990267365285], BATTLES: 307-227-199-364-295-270-378-306-291-
40, 2, -2558.0, [0.610384264281688, 0.9525513444073477, 0.09672959766977782, 0.10397856445632427, 0.6026755475038914, 0.9819937284872565, 0.7136649107498128, 0.24799680607199667, 0.30794713380059086, 0.4897328299183333, 0.22048963859202464, 0.2318655922648012, 0.8795319358555125, 0.5444089623057589, 0.882812540753833, 0.6395293316184397, 0.9617040915575593, 0.9553694781734905, 0.17692090417264167, 0.7009415615013125, 0.1407098161925006, 0.5516124201630247, 0.05759982224475727, 0.9369213850163407, 0.2031481079200383, 0.9974260652636078, 0.8081209968713476, 0.23012160753473784], BATTLES: 272-213-210-350-280-266-369-325-246-
40, 3, -2609.0, [0.6325467327541312, 0.9149517307140181, 0.07267285529405185, 0.10234378837651707, 0.7143682821627685, 0.966525727556957, 0.6200787261063055, 0.3300289586666523, 0.3691306576071895, 0.6465510087945309, 0.4393872981415204, 0.303761815037456, 0.9787436309134114, 0.7792496252412555, 0.9287763585027907, 0.47157905003519374, 0.9479215790181266, 0.9605025994016503, 0.1459864702324013, 0.6435794341748837, 0.060435581335118956, 0.9498408716802691, 0.18484634088948776, 0.9874220718383822, 0.027059358450221005, 0.9478569626587849, 0.8004810202125191, 0.12479599157131688], BATTLES: 248-209-222-393-291-281-368-305-292-
40, 4, -2611.0, [0.5673896228104222, 0.8629243053859185, 0.09183999635168716, 0.007736208131281534, 0.5582398152156763, 0.8708506660730184, 0.6631730019097202, 0.15724182990753421, 0.34034714006394395, 0.786587755861181, 0.35717683272238016, 0.3691281109617598, 0.9402493622718101, 0.4318391240295707, 0.9251824092349636, 0.5860992602977148, 0.9468600777998409, 0.9794143585205105, 0.15785960483169462, 0.6235833231038416, 0.1823944348609038, 0.7076248428683152, 0.11794509202257097, 0.955760725528067, 0.30157350411628164, 0.9630113259795265, 0.946820690617202, 0.07254896556378534], BATTLES: 290-208-214-359-290-272-380-300-298-
40, 5, -2676.0, [0.5886203585490155, 0.8457078635769896, 0.07262968908528414, 0.07521692022054374, 0.5755917594177291, 0.9412284168044838, 0.7637932788968372, 0.18067151263106432, 0.4382515172537418, 0.586272245953222, 0.32105447951486427, 0.29654074152118154, 0.9970270452051726, 0.5860610227366781, 0.9186699809124799, 0.6139999286278065, 0.8796342288548376, 0.9730154498820105, 0.18221370823547645, 0.5983496669735536, 0.11747688307393833, 0.7714498891633174, 0.17831356354478006, 0.9871598910405323, 0.11770870004045764, 0.9715956231457138, 0.9130374630105006, 0.29750341427003407], BATTLES: 317-210-221-386-290-281-378-301-292-
40, 6, -2611.0, [0.5813653284223349, 0.911523290006313, 0.10365376005253216, 0.1088153844275605, 0.5808548494285616, 0.9211742388554487, 0.46238972101222925, 0.2732833079341911, 0.5089547183382181, 0.982812761228785, 0.22242571308408945, 0.3339685495840397, 0.9667005236289711, 0.689074545692979, 0.8906046176555891, 0.4274290688836226, 0.9478020248389496, 0.9737273045992623, 0.1627111781189357, 0.4057282363934494, 0.012555367987977531, 0.991169516604184, 0.15655726547588628, 0.9289997465194282, 0.2855844877067986, 0.894732826050337, 0.7328315931751688, 0.3028047589473729], BATTLES: 288-185-241-354-298-284-357-302-302-
40, 7, -2665.0, [0.6293199794155475, 0.8965964157838998, 0.10637129479439072, 0.08400467616710361, 0.5970201187727162, 0.9862841913405341, 0.6679775536093591, 0.19288092199415463, 0.5081741913249425, 0.9659779172542005, 0.3162255875349116, 0.38681650775900217, 0.9502624208799393, 0.42353943153589124, 0.8808517485823387, 0.5326293068435948, 0.914701940127707, 0.9674966652801139, 0.1645153514713103, 0.457174307066956, 0.04058758281742768, 0.714875849321741, 0.09106315581375538, 0.9251254084898674, 0.37370029694531504, 0.9736765436752471, 0.8126106902782474, 0.2924838633922415], BATTLES: 294-211-228-378-302-287-359-309-297-
40, 8, -2677.0, [0.5942619338381304, 0.925379950728977, 0.09300421629507749, 0.04715623754567441, 0.6122082747962897, 0.9719454710460651, 0.6381233714666411, 0.20433848436626334, 0.5271781086233444, 0.6902470287980512, 0.498350662312528, 0.15209709098565108, 0.9843405090019423, 0.5403039188222695, 0.9914557331445014, 0.47422659405764944, 0.886165355577955, 0.9510048533666962, 0.14092190683500527, 0.5663490876993984, 0.07627367290852483, 0.7525711706616921, 0.012842699212055442, 0.9997850513803122, 0.0857671810263448, 0.9863070243466194, 0.9209209947849439, 0.16015522784755268], BATTLES: 314-207-222-373-299-279-356-333-294-
40, 9, -2570.0, [0.6433738498917702, 0.8967563029412919, 0.11024728052553544, 0.11011945618849125, 0.6504474148015479, 0.8847856425110998, 0.67124447516782, 0.30300456626612754, 0.07874635763926002, 0.9827142291209832, 0.1346300116644697, 0.36058140380656817, 0.9688186140705145, 0.8109548751539574, 0.934305107140471, 0.5546111851004679, 0.958546905686285, 0.9649521053940249, 0.08723547256634415, 0.7453618010247519, 0.07422150142965098, 0.8590160530955773, 0.1164177047332219, 0.9385892526071631, 0.18560129590990015, 0.8135932715098609, 0.8794005166388859, 0.07473506293870477], BATTLES: 284-219-167-346-287-273-364-330-281-
40, 10, -2650.0, [0.5929182262951563, 0.8949398004767785, 0.10737735255244901, 0.05643332871122861, 0.6838014959831694, 0.9151068736402792, 0.668842312578508, 0.23884510470892042, 0.3077363036456773, 0.6304355728892622, 0.34500540209837005, 0.5537255288765246, 0.7735706450885154, 0.5673700082029522, 0.8305518481509331, 0.5646476446795826, 0.9223042471554341, 0.9219128171541134, 0.13158792887094323, 0.6606372992119491, 0.20629949854320806, 0.603226187425309, 0.012750332591483199, 0.9553519372750007, 0.16868022338360944, 0.9991954558130066, 0.9562319694195833, 0.17875054443935456], BATTLES: 286-217-199-365-296-261-399-333-294-
40, 11, -2641.0, [0.5731130047784273, 0.845029853027399, 0.07554858642364437, 0.07870379208957887, 0.6024264727208014, 0.904119566882328, 0.7064019954059965, 0.24018631411441116, 0.3656731638088838, 0.7306516941359634, 0.2916107801249865, 0.318633675069129, 0.9948382759020491, 0.5323826426816379, 0.876831413046258, 0.6099342147846297, 0.8829896639120547, 0.9925011679075539, 0.1579887573637633, 0.6173522464463084, 0.16087028828814665, 0.8054364087116536, 0.16377120743943954, 0.9978091539936549, 0.17264145773462222, 0.9731868650855728, 0.9934686175206081, 0.20725157315559928], BATTLES: 273-211-228-408-284-252-386-297-302-
40, 12, -2638.0, [0.6038336079580278, 0.8467035953766726, 0.0760585846434877, 0.05247483316103298, 0.5948674417925447, 0.8689540786540233, 0.7089498187846878, 0.19371153310928022, 0.4695887603628158, 0.8046081710583214, 0.2556134554036838, 0.4419485986195524, 0.960200576598855, 0.6594817408845666, 0.9203809956588358, 0.4289842617301303, 0.9874911346235247, 0.9567827287392457, 0.1745900351888318, 0.580635719598117, 0.1065566789117407, 0.7803655830510967, 0.136784754540544, 0.997040432887341, 0.08659174278142445, 0.8292554571540771, 0.8671089939694229, 0.13059488077843], BATTLES: 279-209-216-388-297-250-380-311-308-
40, 13, -2574.0, [0.7149674674267494, 0.8603573132486777, 0.07761839224892164, 0.06819982224191108, 0.6281553674288411, 0.9281928565215916, 0.41204327769765864, 0.16995879722307294, 0.4367807334495173, 0.6686437741094777, 0.33069537820606487, 0.4037096986125931, 0.9480521611185124, 0.687291716728592, 0.942738205008673, 0.5491286146156183, 0.8592844978986661, 0.9935103261524297, 0.04245050341850737, 0.6602331808498577, 0.0468395381412505, 0.6386239737354867, 0.10693968405098933, 0.8906543636019826, 0.4125607454199185, 0.9790597039368407, 0.8705912814726268, 0.28506475185117963], BATTLES: 282-215-192-368-283-228-391-319-296-
40, 14, -2670.0, [0.6423107807683038, 0.8886377803107764, 0.08819337140643053, 0.0821861777698553, 0.6726956952335013, 0.8881141508482929, 0.6795906968070904, 0.2760859962897361, 0.31187701519376276, 0.9532820659723122, 0.1909856896360355, 0.3789268577124228, 0.9539111058103655, 0.6893256976748479, 0.9225792717029664, 0.508278332000182, 0.8890514317111429, 0.9660519335612089, 0.10824270931784853, 0.6414264314077267, 0.07432928234824994, 0.8305819703001711, 0.1558046930373621, 0.9772611204089389, 0.1526120391853455, 0.8218568148955856, 0.7874059802122445, 0.08665101004128806], BATTLES: 288-220-192-378-304-277-367-349-295-
41, 0, -2658.0, [0.6164334620117197, 0.8318882553347241, 0.1215946182499312, 0.04882998876223785, 0.5961347996960314, 0.9226435247917898, 0.6591339224103889, 0.169709483184626, 0.40336347316240123, 0.7014930831057793, 0.39372101648155583, 0.23674905358790485, 0.9943875714943363, 0.6468354320270774, 0.9473476668636006, 0.4554642762836363, 0.9850354097167497, 0.9884453336475979, 0.137987192209193, 0.5139210803108539, 0.11150333765659252, 0.9697594630114386, 0.055644975885087905, 0.9412129694036994, 0.00039026232410543926, 0.8842998738823514, 0.9655905895091008, 0.2761428902617959], BATTLES: 290-200-186-367-290-268-367-318-294-
41, 1, -2621.0, [0.6135913492279838, 0.8582320842442495, 0.11906935746176135, 0.11372797273678018, 0.6027140771176941, 0.9607354264761087, 0.5350872691475582, 0.18384538736928158, 0.4008912110337827, 0.6864996815401928, 0.3719493034725672, 0.4247469389204396, 0.9806859988605827, 0.6417810868222288, 0.851363009742621, 0.5440582727102163, 0.9273910352123954, 0.9751030465871934, 0.08526922084430308, 0.6740805949330614, 0.09583894454124169, 0.9208863769877653, 0.15538509385848256, 0.9570547553088553, 0.024074773010736204, 0.9679924440660937, 0.9127591494760338, 0.26187990267365285], BATTLES: 288-209-227-341-286-274-366-327-303-
41, 2, -2561.0, [0.610384264281688, 0.921545589165938, 0.09672959766977782, 0.10397856445632427, 0.5995417603051965, 0.9819937284872565, 0.7136649107498128, 0.21745598234703595, 0.30794713380059086, 0.8160463398096757, 0.2408862591210667, 0.2318655922648012, 0.8795319358555125, 0.5444089623057589, 0.882812540753833, 0.5146823757076081, 0.9356592508454762, 0.9496976166484644, 0.17004673705002105, 0.7009415615013125, 0.1407098161925006, 0.5516124201630247, 0.09403541310487373, 0.930384996354771, 0.2031481079200383, 0.9974260652636078, 0.8081209968713476, 0.23012160753473784], BATTLES: 269-221-184-363-245-268-373-290-275-
41, 3, -2668.0, [0.6325467327541312, 0.9149517307140181, 0.07267285529405185, 0.10234378837651707, 0.733332908570048, 0.966525727556957, 0.6496582303465138, 0.19419645090265603, 0.3691306576071895, 0.7575050469466401, 0.4393872981415204, 0.151880907518728, 0.9893718154567057, 0.47899573337419743, 0.9915969682210803, 0.5211629471349252, 0.8832783729152752, 0.9802512997008251, 0.1459864702324013, 0.5426524139925375, 0.08077479753718751, 0.9498408716802691, 0.18484634088948776, 0.9874220718383822, 0.03377027090367844, 0.9739284813293925, 0.8004810202125191, 0.12479599157131688], BATTLES: 254-208-209-377-289-280-373-319-263-
41, 4, -2669.0, [0.5673896228104222, 0.915805664712677, 0.08069965576678705, 0.05690134227326265, 0.6284236487291991, 0.9512290000347361, 0.655316346372602, 0.231449215649762, 0.34034714006394395, 0.786587755861181, 0.48864720437740766, 0.23064122898757622, 0.9402493622718101, 0.4977331562200736, 0.9502191545437443, 0.5669894129304349, 0.9468600777998409, 0.9765224903407479, 0.1621519200067112, 0.6235833231038416, 0.13824980117669516, 0.7943775480038386, 0.13326368826858653, 0.9708784222725408, 0.15016331190061635, 0.9630113259795265, 0.9093849797468612, 0.07254896556378534], BATTLES: 297-218-204-373-287-285-364-317-275-
41, 5, -2658.0, [0.5886203585490155, 0.8427517699794638, 0.07262968908528414, 0.07521692022054374, 0.5755917594177291, 0.9412284168044838, 0.7637932788968372, 0.18067151263106432, 0.4382515172537418, 0.66269000307186, 0.32105447951486427, 0.24655925905667742, 0.9985135226025863, 0.5860610227366781, 0.9186699809124799, 0.6139999286278065, 0.8796342288548376, 0.9730154498820105, 0.18221370823547645, 0.6287228924411068, 0.11747688307393833, 0.9169253205387773, 0.17831356354478006, 0.9871598910405323, 0.0998672634441308, 0.9955902026999797, 0.9130374630105006, 0.29750341427003407], BATTLES: 310-204-217-382-270-263-379-302-277-
41, 6, -2688.0, [0.5813653284223349, 0.911523290006313, 0.08514778293534056, 0.1088153844275605, 0.5948132139807661, 0.8950308372023955, 0.620282904805497, 0.2732833079341911, 0.41624142807570513, 0.982812761228785, 0.22906345289324612, 0.3339685495840397, 0.9667005236289711, 0.689074545692979, 0.8906046176555891, 0.4689053480947347, 0.9478020248389496, 0.9737273045992623, 0.1627111781189357, 0.5343909822082423, 0.12440513933712212, 0.8709870716274767, 0.15655726547588628, 0.9289997465194282, 0.2855844877067986, 0.9428778611451449, 0.7328315931751688, 0.24097509581368037], BATTLES: 292-222-234-365-290-291-366-314-289-
41, 7, -2672.0, [0.6293199794155475, 0.8965964157838998, 0.10637129479439072, 0.08400467616710361, 0.5970201187727162, 0.9862841913405341, 0.6679775536093591, 0.19288092199415463, 0.5081741913249425, 0.9659779172542005, 0.3162255875349116, 0.38681650775900217, 0.9502624208799393, 0.42353943153589124, 0.8808517485823387, 0.5326293068435948, 0.914701940127707, 0.9674966652801139, 0.1645153514713103, 0.457174307066956, 0.04058758281742768, 0.714875849321741, 0.09106315581375538, 0.9251254084898674, 0.37370029694531504, 0.9736765436752471, 0.8126106902782474, 0.2924838633922415], BATTLES: 279-210-231-377-321-299-345-309-301-
41, 8, -2673.0, [0.5942619338381304, 0.9100209559151541, 0.08203571240951879, 0.04715623754567441, 0.6094931158310032, 0.9719454710460651, 0.6381233714666411, 0.20433848436626334, 0.5260836873068707, 0.6502090572957722, 0.498350662312528, 0.15209709098565108, 0.9894350438251924, 0.5403039188222695, 0.9914557331445014, 0.47422659405764944, 0.886165355577955, 0.9510048533666962, 0.14092190683500527, 0.5663490876993984, 0.11684970447657356, 0.7525711706616921, 0.006421349606027721, 0.9998925256901561, 0.09879399321101097, 0.9931535121733097, 0.9209209947849439, 0.17817676225972515], BATTLES: 302-209-217-386-291-267-340-298-284-
41, 9, -2566.0, [0.6118937994902985, 0.8967563029412919, 0.11024728052553544, 0.11011945618849125, 0.6504474148015479, 0.8847856425110998, 0.67124447516782, 0.30300456626612754, 0.3841632861248002, 0.9827142291209832, 0.1346300116644697, 0.33557932617151537, 0.9688186140705145, 0.8109548751539574, 0.934305107140471, 0.5546111851004679, 0.9191689300920239, 0.9342027240473906, 0.09109808164228987, 0.7453618010247519, 0.08490921206636994, 0.8590160530955773, 0.06913363243082904, 0.9692946263035815, 0.17792422461078478, 0.8798574912329302, 0.8298263265579303, 0.04087471464297625], BATTLES: 272-193-173-354-274-249-354-323-275-
41, 10, -2669.0, [0.6395854612058879, 0.9684826019682329, 0.09187933951249903, 0.09954764580357414, 0.6296012060923182, 0.9372896316311875, 0.5945944954962794, 0.2670099369020649, 0.45185771189299057, 0.8546875530264333, 0.34500540209837005, 0.256126161511916, 0.8948589418162978, 0.666466901276692, 0.8305518481509331, 0.5646476446795826, 0.8990291045433669, 0.9254497386187358, 0.09149802589129138, 0.46290734170174497, 0.04720770631584091, 0.7751150893106212, 0.012750332591483199, 0.9905054016016073, 0.30165535028514273, 0.9991954558130066, 0.7595835575731905, 0.14881940759112877], BATTLES: 274-220-193-375-297-274-382-338-265-
41, 11, -2639.0, [0.5731130047784273, 0.845029853027399, 0.07554858642364437, 0.07870379208957887, 0.6024264727208014, 0.904119566882328, 0.7064019954059965, 0.24018631411441116, 0.3656731638088838, 0.7306516941359634, 0.2916107801249865, 0.318633675069129, 0.9948382759020491, 0.5323826426816379, 0.876831413046258, 0.6099342147846297, 0.8829896639120547, 0.9925011679075539, 0.1579887573637633, 0.6173522464463084, 0.16087028828814665, 0.8054364087116536, 0.16377120743943954, 0.9978091539936549, 0.17264145773462222, 0.9731868650855728, 0.9934686175206081, 0.20725157315559928], BATTLES: 310-229-223-366-282-271-383-299-276-
41, 12, -2634.0, [0.6038336079580278, 0.8467035953766726, 0.0760585846434877, 0.05247483316103298, 0.5948674417925447, 0.8689540786540233, 0.7089498187846878, 0.19371153310928022, 0.4695887603628158, 0.8046081710583214, 0.2556134554036838, 0.4419485986195524, 0.960200576598855, 0.6594817408845666, 0.9203809956588358, 0.4289842617301303, 0.9874911346235247, 0.9567827287392457, 0.1745900351888318, 0.580635719598117, 0.1065566789117407, 0.7803655830510967, 0.136784754540544, 0.997040432887341, 0.08659174278142445, 0.8292554571540771, 0.8671089939694229, 0.13059488077843], BATTLES: 293-205-219-367-302-258-378-315-297-
41, 13, -2565.0, [0.7149674674267494, 0.8603573132486777, 0.07761839224892164, 0.06819982224191108, 0.6281553674288411, 0.9281928565215916, 0.41204327769765864, 0.16995879722307294, 0.4367807334495173, 0.6686437741094777, 0.33069537820606487, 0.4037096986125931, 0.9480521611185124, 0.687291716728592, 0.942738205008673, 0.5491286146156183, 0.8592844978986661, 0.9935103261524297, 0.04245050341850737, 0.6602331808498577, 0.0468395381412505, 0.6386239737354867, 0.10693968405098933, 0.8906543636019826, 0.4125607454199185, 0.9790597039368407, 0.8705912814726268, 0.28506475185117963], BATTLES: 275-218-200-350-274-225-415-327-281-
41, 14, -2673.0, [0.6423107807683038, 0.8886377803107764, 0.08819337140643053, 0.0821861777698553, 0.6726956952335013, 0.8881141508482929, 0.6795906968070904, 0.2760859962897361, 0.31187701519376276, 0.9532820659723122, 0.1909856896360355, 0.3789268577124228, 0.9539111058103655, 0.6893256976748479, 0.9225792717029664, 0.508278332000182, 0.8890514317111429, 0.9660519335612089, 0.10824270931784853, 0.6414264314077267, 0.07432928234824994, 0.8305819703001711, 0.1558046930373621, 0.9772611204089389, 0.1526120391853455, 0.8218568148955856, 0.7874059802122445, 0.08665101004128806], BATTLES: 292-197-213-390-317-277-357-327-303-
42, 0, -2667.0, [0.6164334620117197, 0.8318882553347241, 0.1215946182499312, 0.04882998876223785, 0.5961347996960314, 0.9226435247917898, 0.6591339224103889, 0.169709483184626, 0.40336347316240123, 0.7014930831057793, 0.39372101648155583, 0.23674905358790485, 0.9943875714943363, 0.6468354320270774, 0.9473476668636006, 0.4554642762836363, 0.9850354097167497, 0.9884453336475979, 0.137987192209193, 0.5139210803108539, 0.11150333765659252, 0.9697594630114386, 0.055644975885087905, 0.9412129694036994, 0.00039026232410543926, 0.8842998738823514, 0.9655905895091008, 0.2761428902617959], BATTLES: 301-194-229-365-307-264-376-334-297-
42, 1, -2657.0, [0.6135913492279838, 0.8582320842442495, 0.11906935746176135, 0.11372797273678018, 0.6027140771176941, 0.9607354264761087, 0.5350872691475582, 0.18384538736928158, 0.4008912110337827, 0.6864996815401928, 0.3719493034725672, 0.4247469389204396, 0.9806859988605827, 0.6417810868222288, 0.851363009742621, 0.5440582727102163, 0.9273910352123954, 0.9751030465871934, 0.08526922084430308, 0.6740805949330614, 0.09583894454124169, 0.9208863769877653, 0.15538509385848256, 0.9570547553088553, 0.024074773010736204, 0.9679924440660937, 0.9127591494760338, 0.26187990267365285], BATTLES: 292-230-225-389-294-271-350-301-305-
42, 2, -2594.0, [0.610384264281688, 0.921545589165938, 0.09672959766977782, 0.10397856445632427, 0.5995417603051965, 0.9819937284872565, 0.7136649107498128, 0.21745598234703595, 0.30794713380059086, 0.7452582095892166, 0.2408862591210667, 0.11329005196770213, 0.8795319358555125, 0.5444089623057589, 0.969664139504739, 0.5146823757076081, 0.9877411982110192, 0.9496976166484644, 0.17004673705002105, 0.7258439817029141, 0.11223532127855473, 0.5516124201630247, 0.09403541310487373, 0.930384996354771, 0.020559451021194164, 0.9578894163585217, 0.9040604984356738, 0.23012160753473784], BATTLES: 271-210-220-357-286-274-341-285-284-
42, 3, -2641.0, [0.6325467327541312, 0.9149517307140181, 0.07267285529405185, 0.10234378837651707, 0.733332908570048, 0.9832628637784785, 0.6556943341494006, 0.20452246210318065, 0.3691306576071895, 0.7575050469466401, 0.5893880573546871, 0.151880907518728, 0.9946859077283529, 0.4177248059167079, 0.9957984841105402, 0.5211629471349252, 0.8832783729152752, 0.9802512997008251, 0.1459864702324013, 0.5426524139925375, 0.12527281791258227, 0.8379425489094441, 0.18484634088948776, 0.9965116500758157, 0.022997737381189577, 0.9869642406646962, 0.8871163504309294, 0.12479599157131688], BATTLES: 265-202-219-357-294-281-388-305-297-
42, 4, -2670.0, [0.7158379746425108, 0.8914204828964908, 0.07233957874731295, 0.05690134227326265, 0.6284236487291991, 0.9880166340590711, 0.7678106051592427, 0.231449215649762, 0.4135515799256671, 0.786587755861181, 0.4678625553986361, 0.15028008891254407, 0.9549095024570504, 0.4981934207114041, 0.9502191545437443, 0.5669894129304349, 0.9468600777998409, 0.9765224903407479, 0.16327851143178954, 0.6626211894529557, 0.08243061377004536, 0.7943775480038386, 0.018190568501836007, 0.9821385682204394, 0.15403365547655148, 0.8880591783437001, 0.9093849797468612, 0.07254896556378534], BATTLES: 284-236-227-377-296-278-359-297-296-
42, 5, -2596.0, [0.6473609715784515, 0.8694562171764467, 0.07057247751729903, 0.07804226017630501, 0.5755917594177291, 0.984454267405515, 0.7637932788968372, 0.18067151263106432, 0.4382515172537418, 0.66269000307186, 0.32105447951486427, 0.24655925905667742, 0.991441670053153, 0.6699631697496384, 0.9186699809124799, 0.6139999286278065, 0.8776968962777064, 0.9730154498820105, 0.18221370823547645, 0.6270785891158153, 0.0939276981078402, 0.9169253205387773, 0.17831356354478006, 0.9871598910405323, 0.0998672634441308, 0.9955902026999797, 0.8637432616854057, 0.29750341427003407], BATTLES: 284-205-223-372-269-262-356-306-301-
42, 6, -2633.0, [0.5813653284223349, 0.9540031451842091, 0.08514778293534056, 0.12687009074347305, 0.6046256336670738, 0.9641281494746725, 0.6361668446085396, 0.2732833079341911, 0.41624142807570513, 0.982812761228785, 0.22906345289324612, 0.14817941384870523, 0.9667005236289711, 0.5652632463952285, 0.9297102010441662, 0.5140487926797414, 0.9478020248389496, 0.9816198812983078, 0.17779457087830747, 0.5343909822082423, 0.16024828074595787, 0.8523396958838361, 0.15655726547588628, 0.9289997465194282, 0.22742329782493168, 0.9714389305725725, 0.768934266786885, 0.24097509581368037], BATTLES: 293-196-227-364-287-272-340-303-285-
42, 7, -2700.0, [0.5972255709206555, 0.9057101403931028, 0.07549713000663714, 0.0744302411035796, 0.5956604878889484, 0.8979707217533058, 0.6889732891086726, 0.19288092199415463, 0.4035652930206728, 0.9829889586271002, 0.3162255875349116, 0.3064042024824748, 0.9517905246732632, 0.42353943153589124, 0.8808517485823387, 0.5326293068435948, 0.914701940127707, 0.9726706785319932, 0.1645153514713103, 0.5304891626130049, 0.05502026122497445, 0.8944924327826255, 0.15742391140381834, 0.9251254084898674, 0.3861340346540375, 0.9423722972861803, 0.8126106902782474, 0.25194156349524494], BATTLES: 301-198-235-371-269-295-337-300-283-
42, 8, -2627.0, [0.5942619338381304, 0.9100209559151541, 0.08203571240951879, 0.04715623754567441, 0.6094931158310032, 0.9719454710460651, 0.6381233714666411, 0.20433848436626334, 0.5260836873068707, 0.6502090572957722, 0.498350662312528, 0.15209709098565108, 0.9894350438251924, 0.5403039188222695, 0.9914557331445014, 0.47422659405764944, 0.886165355577955, 0.9510048533666962, 0.14092190683500527, 0.5663490876993984, 0.11684970447657356, 0.7525711706616921, 0.006421349606027721, 0.9998925256901561, 0.09879399321101097, 0.9931535121733097, 0.9209209947849439, 0.17817676225972515], BATTLES: 300-206-253-378-321-263-340-279-287-
42, 9, -2594.0, [0.6311836667571273, 0.8967563029412919, 0.11024728052553544, 0.11011945618849125, 0.6504474148015479, 0.9313068170778291, 0.6696350264900828, 0.2396054762972408, 0.3841632861248002, 0.9827142291209832, 0.1346300116644697, 0.37440947261793994, 0.9606352536228223, 0.8109548751539574, 0.934305107140471, 0.4429460345939994, 0.9191689300920239, 0.9342027240473906, 0.08062122069370774, 0.7453618010247519, 0.0660981376657501, 0.9528827681845736, 0.06913363243082904, 0.9273077494208206, 0.00485987509982061, 0.8798574912329302, 0.7191916945749908, 0.04087471464297625], BATTLES: 299-237-199-350-306-267-316-292-318-
42, 10, -2697.0, [0.6395854612058879, 0.9751890425322991, 0.11015152721511043, 0.09954764580357414, 0.6862066425625621, 0.9372896316311875, 0.5945944954962794, 0.2670099369020649, 0.5870675712426088, 0.8546875530264333, 0.34500540209837005, 0.256126161511916, 0.8948589418162978, 0.666466901276692, 0.8128916113350636, 0.5646476446795826, 0.8990291045433669, 0.962724869309368, 0.08049373858325869, 0.46290734170174497, 0.04720770631584091, 0.863985848216938, 0.012750332591483199, 0.8969466468849425, 0.46130466939074344, 0.9991954558130066, 0.6765532882622575, 0.14881940759112877], BATTLES: 283-210-179-373-275-264-343-302-300-
42, 11, -2631.0, [0.5731130047784273, 0.845029853027399, 0.07554858642364437, 0.07870379208957887, 0.6024264727208014, 0.904119566882328, 0.7064019954059965, 0.24018631411441116, 0.3656731638088838, 0.7306516941359634, 0.2916107801249865, 0.318633675069129, 0.9948382759020491, 0.5323826426816379, 0.876831413046258, 0.6099342147846297, 0.8829896639120547, 0.9925011679075539, 0.1579887573637633, 0.6173522464463084, 0.16087028828814665, 0.8054364087116536, 0.16377120743943954, 0.9978091539936549, 0.17264145773462222, 0.9731868650855728, 0.9934686175206081, 0.20725157315559928], BATTLES: 310-212-252-358-288-274-362-283-292-
42, 12, -2584.0, [0.5741568067463158, 0.8016193546774719, 0.05603145960232982, 0.02623741658051649, 0.5948674417925447, 0.8689540786540233, 0.7089498187846878, 0.19371153310928022, 0.4695887603628158, 0.9550204003705991, 0.2556134554036838, 0.4419485986195524, 0.9801002882994275, 0.4018919444601102, 0.9203809956588358, 0.4289842617301303, 0.9399043456564431, 0.9567827287392457, 0.1745900351888318, 0.580635719598117, 0.1065566789117407, 0.7803655830510967, 0.068392377270272, 0.9997360634987279, 0.043295871390712226, 0.8292554571540771, 0.8671089939694229, 0.13059488077843], BATTLES: 265-204-227-386-269-290-354-317-260-
42, 13, -2604.0, [0.6373341352525126, 0.8953479982132843, 0.07761839224892164, 0.06819982224191108, 0.6281553674288411, 0.9640964282607958, 0.41204327769765864, 0.16995879722307294, 0.5314960390989922, 0.6686437741094777, 0.45187896536421496, 0.4037096986125931, 0.9740260805592562, 0.687291716728592, 0.9804098086667681, 0.5390849513794446, 0.8208150482166714, 0.997515994240954, 0.082404045643964, 0.6602331808498577, 0.0468395381412505, 0.8968200095862221, 0.06116268151655048, 0.9453271818009913, 0.0711300730716686, 0.9895298519684204, 0.8705912814726268, 0.28506475185117963], BATTLES: 284-198-187-376-308-276-363-330-276-
42, 14, -2663.0, [0.6423107807683038, 0.8886377803107764, 0.08819337140643053, 0.0821861777698553, 0.6726956952335013, 0.8881141508482929, 0.6795906968070904, 0.2760859962897361, 0.31187701519376276, 0.9532820659723122, 0.1909856896360355, 0.3789268577124228, 0.9539111058103655, 0.6893256976748479, 0.9225792717029664, 0.508278332000182, 0.8890514317111429, 0.9660519335612089, 0.10824270931784853, 0.6414264314077267, 0.07432928234824994, 0.8305819703001711, 0.1558046930373621, 0.9772611204089389, 0.1526120391853455, 0.8218568148955856, 0.7874059802122445, 0.08665101004128806], BATTLES: 310-213-207-374-292-264-366-339-298-
43, 0, -2637.0, [0.6093607206078664, 0.8318882553347241, 0.1215946182499312, 0.0718514176748834, 0.5887233850324403, 0.9226435247917898, 0.7621499561135866, 0.22964425207479564, 0.40336347316240123, 0.8507465415528896, 0.39372101648155583, 0.2940693055146118, 0.9943875714943363, 0.4987732378226144, 0.9473476668636006, 0.4554642762836363, 0.9668370634452563, 0.9884453336475979, 0.137987192209193, 0.529946179022864, 0.07765690323163912, 0.9848797315057193, 0.16291008119897205, 0.9412129694036994, 0.2847752745679991, 0.9097507645975224, 0.9655905895091008, 0.2761428902617959], BATTLES: 282-193-216-373-273-256-390-339-269-
43, 1, -2633.0, [0.6135913492279838, 0.8969195936148261, 0.11906935746176135, 0.04859716890557568, 0.6027140771176941, 0.9607354264761087, 0.6120033945051606, 0.18384538736928158, 0.4008912110337827, 0.6864996815401928, 0.3719493034725672, 0.232512239701135, 0.9806859988605827, 0.6417810868222288, 0.9065443028996601, 0.4855814959154256, 0.9273910352123954, 0.9751030465871934, 0.16747489124249892, 0.6740805949330614, 0.09583894454124169, 0.8362802831108654, 0.15538509385848256, 0.9562067459631762, 0.024074773010736204, 0.9839962220330469, 0.9127591494760338, 0.34299885068970465], BATTLES: 305-192-208-352-304-281-342-341-292-
43, 2, -2582.0, [0.610384264281688, 0.921545589165938, 0.09672959766977782, 0.10397856445632427, 0.5995417603051965, 0.9819937284872565, 0.7136649107498128, 0.21745598234703595, 0.30794713380059086, 0.7452582095892166, 0.2408862591210667, 0.11329005196770213, 0.8795319358555125, 0.5444089623057589, 0.969664139504739, 0.5146823757076081, 0.9877411982110192, 0.9496976166484644, 0.17004673705002105, 0.7258439817029141, 0.11223532127855473, 0.5516124201630247, 0.09403541310487373, 0.930384996354771, 0.020559451021194164, 0.9578894163585217, 0.9040604984356738, 0.23012160753473784], BATTLES: 277-241-210-351-275-285-362-296-285-
43, 3, -2648.0, [0.6325467327541312, 0.869246267499111, 0.0652086264157092, 0.10234378837651707, 0.6581087030344642, 0.9832628637784785, 0.6556943341494006, 0.20452246210318065, 0.3691306576071895, 0.8931488867314884, 0.5893880573546871, 0.31567054934232286, 0.9946859077283529, 0.41665009195562547, 0.8786821347064803, 0.5962441862260361, 0.8976891097279037, 0.9975534904513109, 0.16414573751293676, 0.5426524139925375, 0.12527281791258227, 0.8937609952474262, 0.18484634088948776, 0.9965116500758157, 0.022997737381189577, 0.9575222417196019, 0.8861174518822778, 0.12479599157131688], BATTLES: 277-195-213-366-271-265-360-310-309-
43, 4, -2591.0, [0.7158379746425108, 0.8914204828964908, 0.07233957874731295, 0.05690134227326265, 0.6284236487291991, 0.9880166340590711, 0.7678106051592427, 0.231449215649762, 0.4135515799256671, 0.786587755861181, 0.4678625553986361, 0.15028008891254407, 0.9549095024570504, 0.4981934207114041, 0.9502191545437443, 0.5669894129304349, 0.9468600777998409, 0.9765224903407479, 0.16327851143178954, 0.6626211894529557, 0.08243061377004536, 0.7943775480038386, 0.018190568501836007, 0.9821385682204394, 0.15403365547655148, 0.8880591783437001, 0.9093849797468612, 0.07254896556378534], BATTLES: 297-200-199-392-283-277-370-291-282-
43, 5, -2608.0, [0.6473609715784515, 0.8694562171764467, 0.07057247751729903, 0.07804226017630501, 0.5755917594177291, 0.984454267405515, 0.7637932788968372, 0.18067151263106432, 0.4382515172537418, 0.66269000307186, 0.32105447951486427, 0.24655925905667742, 0.991441670053153, 0.6699631697496384, 0.9186699809124799, 0.6139999286278065, 0.8776968962777064, 0.9730154498820105, 0.18221370823547645, 0.6270785891158153, 0.0939276981078402, 0.9169253205387773, 0.17831356354478006, 0.9871598910405323, 0.0998672634441308, 0.9955902026999797, 0.8637432616854057, 0.29750341427003407], BATTLES: 294-196-234-373-288-272-374-295-282-
43, 6, -2603.0, [0.5813653284223349, 0.9540031451842091, 0.08514778293534056, 0.12687009074347305, 0.6046256336670738, 0.9641281494746725, 0.6361668446085396, 0.2732833079341911, 0.41624142807570513, 0.982812761228785, 0.22906345289324612, 0.14817941384870523, 0.9667005236289711, 0.5652632463952285, 0.9297102010441662, 0.5140487926797414, 0.9478020248389496, 0.9816198812983078, 0.17779457087830747, 0.5343909822082423, 0.16024828074595787, 0.8523396958838361, 0.15655726547588628, 0.9289997465194282, 0.22742329782493168, 0.9714389305725725, 0.768934266786885, 0.24097509581368037], BATTLES: 289-212-223-357-291-292-346-292-301-
43, 7, -2670.0, [0.6299196299010744, 0.9057101403931028, 0.08613711308176467, 0.11365603603626159, 0.6784551579739949, 0.8979707217533058, 0.6686202369590717, 0.19288092199415463, 0.5718914354489989, 0.994399853863723, 0.3162255875349116, 0.3064042024824748, 0.9517905246732632, 0.5438955479121657, 0.8173748357738152, 0.5326293068435948, 0.914701940127707, 0.9726706785319932, 0.1645153514713103, 0.39471559832470804, 0.05502026122497445, 0.8944924327826255, 0.15742391140381834, 0.9251254084898674, 0.6318735776570604, 0.9711861486430902, 0.8126106902782474, 0.25194156349524494], BATTLES: 285-227-223-367-310-282-349-297-268-
43, 8, -2659.0, [0.5942619338381304, 0.9100209559151541, 0.08203571240951879, 0.04715623754567441, 0.6094931158310032, 0.9719454710460651, 0.6381233714666411, 0.20433848436626334, 0.5260836873068707, 0.6502090572957722, 0.498350662312528, 0.15209709098565108, 0.9894350438251924, 0.5403039188222695, 0.9914557331445014, 0.47422659405764944, 0.886165355577955, 0.9510048533666962, 0.14092190683500527, 0.5663490876993984, 0.11684970447657356, 0.7525711706616921, 0.006421349606027721, 0.9998925256901561, 0.09879399321101097, 0.9931535121733097, 0.9209209947849439, 0.17817676225972515], BATTLES: 285-234-236-370-291-272-353-305-313-
43, 9, -2638.0, [0.6051675970221867, 0.9422317284841508, 0.11024728052553544, 0.11011945618849125, 0.6504474148015479, 0.899437819039117, 0.6696350264900828, 0.22666583750643732, 0.3841632861248002, 0.9913571145604916, 0.19182067502414119, 0.35461335856632503, 0.9354574719493448, 0.47544149076346287, 0.903534781772809, 0.4429460345939994, 0.9191689300920239, 0.9342027240473906, 0.08062122069370774, 0.7453618010247519, 0.028981420483668877, 0.9528827681845736, 0.13975070016808613, 0.9273077494208206, 0.42624510489520545, 0.9461058477352852, 0.7191916945749908, 0.04087471464297625], BATTLES: 303-217-178-344-302-279-330-304-306-
43, 10, -2677.0, [0.6395854612058879, 0.9751890425322991, 0.11015152721511043, 0.09954764580357414, 0.6862066425625621, 0.9372896316311875, 0.5945944954962794, 0.2670099369020649, 0.5870675712426088, 0.8546875530264333, 0.34500540209837005, 0.256126161511916, 0.8948589418162978, 0.666466901276692, 0.8128916113350636, 0.5646476446795826, 0.8990291045433669, 0.962724869309368, 0.08049373858325869, 0.46290734170174497, 0.04720770631584091, 0.863985848216938, 0.012750332591483199, 0.8969466468849425, 0.46130466939074344, 0.9991954558130066, 0.6765532882622575, 0.14881940759112877], BATTLES: 307-207-226-360-308-271-367-329-302-
43, 11, -2656.0, [0.5731130047784273, 0.845029853027399, 0.07554858642364437, 0.07870379208957887, 0.6024264727208014, 0.904119566882328, 0.7064019954059965, 0.24018631411441116, 0.3656731638088838, 0.7306516941359634, 0.2916107801249865, 0.318633675069129, 0.9948382759020491, 0.5323826426816379, 0.876831413046258, 0.6099342147846297, 0.8829896639120547, 0.9925011679075539, 0.1579887573637633, 0.6173522464463084, 0.16087028828814665, 0.8054364087116536, 0.16377120743943954, 0.9978091539936549, 0.17264145773462222, 0.9731868650855728, 0.9934686175206081, 0.20725157315559928], BATTLES: 298-228-230-392-301-280-364-288-275-
43, 12, -2638.0, [0.5741568067463158, 0.8016193546774719, 0.05603145960232982, 0.02623741658051649, 0.5948674417925447, 0.8689540786540233, 0.7089498187846878, 0.19371153310928022, 0.4695887603628158, 0.9550204003705991, 0.2556134554036838, 0.4419485986195524, 0.9801002882994275, 0.4018919444601102, 0.9203809956588358, 0.4289842617301303, 0.9399043456564431, 0.9567827287392457, 0.1745900351888318, 0.580635719598117, 0.1065566789117407, 0.7803655830510967, 0.068392377270272, 0.9997360634987279, 0.043295871390712226, 0.8292554571540771, 0.8671089939694229, 0.13059488077843], BATTLES: 300-206-218-389-297-283-375-288-282-
43, 13, -2630.0, [0.6373341352525126, 0.8953479982132843, 0.07761839224892164, 0.11228058905802417, 0.6247992517585116, 0.9820482141303979, 0.41204327769765864, 0.16995879722307294, 0.5314960390989922, 0.6686437741094777, 0.45187896536421496, 0.16271373301019704, 0.9740260805592562, 0.5863627468072947, 0.9804098086667681, 0.5390849513794446, 0.8208150482166714, 0.997515994240954, 0.08883289157817233, 0.6602331808498577, 0.0468395381412505, 0.9236134038807295, 0.06116268151655048, 0.9055030379336988, 0.0711300730716686, 0.9895298519684204, 0.8705912814726268, 0.28506475185117963], BATTLES: 283-209-219-372-284-281-366-283-272-
43, 14, -2670.0, [0.6307367598984229, 0.9386773048082759, 0.08819337140643053, 0.0821861777698553, 0.6726956952335013, 0.8881141508482929, 0.7397868860497651, 0.2760859962897361, 0.3405884549955681, 0.9961171888804908, 0.1909856896360355, 0.3789268577124228, 0.9539111058103655, 0.442017578166142, 0.9225792717029664, 0.508278332000182, 0.8890514317111429, 0.9660519335612089, 0.10824270931784853, 0.5115987264864852, 0.07432928234824994, 0.7966479991729555, 0.1558046930373621, 0.9788417079346051, 0.1526120391853455, 0.8218568148955856, 0.7452597624589903, 0.08665101004128806], BATTLES: 281-216-207-349-285-277-340-326-295-
