0, 0, -2000.0, [0.7882316481050945, 0.580213588428629, 0.4414577760916595, 0.8527148707066472, 0.3493757341946653, 0.5158454456540058, 0.2964341309696541, 0.287915526387842, 0.45166547176462835, 0.6703083936938194, 0.20126721665965652, 0.26067978420381144, 0.17437398778565505, 0.29482699552571634, 0.5353868908434599, 0.885225213107827, 0.5042985711695308, 0.7800936905756828, 0.488409639401299, 0.7133544082493026, 0.6724306050022361, 0.10381180244170851, 0.0358161094419327, 0.2898725080790906, 0.1759282985646886, 0.048923891869525615, 0.2385969656351392, 0.8940414948005216], BATTLES: 206-194-230-234-225-227-241-225-218-
0, 1, -2188.0, [0.30317455790384384, 0.7854407574742881, 0.27681541547417465, 0.5666557014470853, 0.6373853350819656, 0.9353582820808765, 0.28525205965275435, 0.08734383852076089, 0.11284145998797024, 0.858817463657593, 0.44553480323680716, 0.12084461299820992, 0.6943306918780366, 0.38713305554572064, 0.12563541122380117, 0.820760644096871, 0.5282726143121089, 0.24342037275634842, 0.8519661701740853, 0.5435968855299471, 0.984641318254491, 0.5522552881065312, 0.13086161800997342, 0.5169003773340327, 0.7357522938520796, 0.6797438997959038, 0.5151698833828429, 0.48874008712592176], BATTLES: 250-241-236-261-244-240-231-237-248-
0, 2, -557.0, [0.41974844991536864, 0.35217444316620405, 0.6012085527609697, 0.16541101768016253, 0.20582771151907886, 0.06878059844818607, 0.6730418414066082, 0.6207077976890274, 0.8593302306108728, 0.7650601394991595, 0.53858237577604, 0.5797073236536707, 0.9434592405613962, 0.4365847688479262, 0.23069383710585645, 0.2342249231710979, 0.2887762503792768, 0.1761052659687391, 0.05847391769740007, 0.745746255942977, 0.8572449571949676, 0.39172705232392413, 0.8470947705435508, 0.8733632210082236, 0.5006294842646002, 0.739930211231733, 0.979189579360665, 0.8034798942473735], BATTLES: 70-1-4-136-76-85-105-28-52-
0, 3, -943.0, [0.3672067503796126, 0.8116999529309379, 0.3688638105591552, 0.7939185098893263, 0.09222121125737215, 0.9321582139882642, 0.47811593796599816, 0.318694881208344, 0.11172130730635077, 0.9499208763244347, 0.868243033456154, 0.7451699118532235, 0.7310606906500091, 0.7951597746303444, 0.35744096910568124, 0.8347239226514453, 0.8011019987776156, 0.07619115824647404, 0.1501250169445607, 0.8642713635544801, 0.24546432511498484, 0.3660517336293395, 0.06574284363354221, 0.4215268691766302, 0.0561001266590434, 0.6108871233202254, 0.9821397078827123, 0.044974148116948665], BATTLES: 54-32-48-171-134-133-151-105-115-
0, 4, -506.0, [0.5434339891121915, 0.5483883242857985, 0.6214878479677841, 0.9815628764679498, 0.05791943588624737, 0.34652619860021405, 0.8832953670225109, 0.7719523161096984, 0.9164031442115488, 0.09435509285983956, 0.8719942119448156, 0.7921354465629169, 0.06966073708731613, 0.2317984079640335, 0.38715276038143553, 0.8324322760269852, 0.21947815413995908, 0.4179233425609865, 0.8874924471025996, 0.17674516696924214, 0.9733864365705585, 0.2809140145597092, 0.5490900572064141, 0.4587191263377952, 0.36095023380259694, 0.3291484649199711, 0.5723542107628169, 0.7269172660313801], BATTLES: 77-0-0-132-40-61-111-36-49-
0, 5, -2063.0, [0.6154706041817577, 0.1893620623689014, 0.8708058750311969, 0.09124433285185751, 0.2229325421568603, 0.7374269158462822, 0.6801730250239861, 0.020202270852941018, 0.04131511606889626, 0.6172545371261868, 0.9542365748368555, 0.06379875105911059, 0.12929228429011053, 0.486205582115669, 0.8315375605718731, 0.9864081628887343, 0.5386275705537565, 0.8622601464760589, 0.5695658966631768, 0.2242648807282579, 0.5182796978228081, 0.424759441142617, 0.15516910029163933, 0.9451190191217405, 0.857594012606231, 0.4711084591125133, 0.8649914379874194, 0.2680172214014298], BATTLES: 240-218-226-239-230-214-239-239-218-
0, 6, -653.0, [0.724787343834271, 0.043708484188919816, 0.19456366819495685, 0.20982568320053463, 0.9618671049861214, 0.4924483144013322, 0.6446780782026921, 0.9795366236247374, 0.048359388642619794, 0.9073852367833974, 0.3378352311547591, 0.22566692284125733, 0.8528503482185087, 0.16423894595521615, 0.08553226352321286, 0.5177889411840771, 0.6397329425614934, 0.4630689659728239, 0.48074750512488906, 0.20059740614913535, 0.08386664581837455, 0.6538908525496621, 0.02831392155964596, 0.7798295665286107, 0.5926639316102122, 0.29511361159803895, 0.22689114957030254, 0.08472860900754442], BATTLES: 83-26-33-129-60-70-138-42-72-
0, 7, -1123.0, [0.9900222484053087, 0.4415494617858359, 0.0013513694072146976, 0.7698903182658191, 0.6924128494542695, 0.8186298157302425, 0.5876562154003786, 0.6473297739807887, 0.1924019682416822, 0.9734781336843015, 0.23990689133135756, 0.31703244937189023, 0.9060422892926, 0.6336020857563379, 0.9403009016034853, 0.25319150041288774, 0.8656774207753729, 0.8370558371603196, 0.4529396279697955, 0.6400360969153199, 0.28211620391303505, 0.18152340497826924, 0.7617401622162083, 0.742931620481164, 0.4700455797132569, 0.6376093860388021, 0.7467485436184353, 0.7698700722230306], BATTLES: 147-80-100-163-119-134-163-108-109-
0, 8, -850.0, [0.6909086969247406, 0.8295893883297423, 0.626223563617328, 0.33735513573547193, 0.08386360712074425, 0.408407685177016, 0.1769934401020543, 0.49147853104783956, 0.18053360931013185, 0.23359490411441797, 0.9599459853059291, 0.2843300908665993, 0.547280578840846, 0.7093646845965972, 0.579412855931411, 0.8149021082734706, 0.277423436767369, 0.39035830733350907, 0.6526776945851673, 0.3232853327772458, 0.31702874736862474, 0.43309294319223546, 0.4518466853367529, 0.9235059317133664, 0.5095912069231514, 0.1516638397771034, 0.22539150561037902, 0.9571717283311204], BATTLES: 88-6-24-128-65-117-157-120-145-
0, 9, -1123.0, [0.6695724858356591, 0.606342383604589, 0.7942295158569027, 0.20292108268474263, 0.6921666744138366, 0.0923133157468895, 0.19950126238308863, 0.7652110121134935, 0.9824694256115639, 0.2542054032154134, 0.9752089893492704, 0.8927505631832123, 0.20470435735509607, 0.9297709062444904, 0.17285896873547024, 0.45518649481205964, 0.2723366093364098, 0.0396704398042278, 0.8554825153323942, 0.10557808119624223, 0.42638948780188546, 0.20265628816310932, 0.13349706320800347, 0.9027824376761056, 0.17083173512720107, 0.40222300879416817, 0.8339141051777892, 0.3881133163892354], BATTLES: 109-30-44-171-152-146-178-149-144-
0, 10, -583.0, [0.04233783772386257, 0.40904446732662614, 0.08532460279594811, 0.37043833129135195, 0.13369945005739214, 0.7649736579582406, 0.06130436138732398, 0.3705991919608018, 0.40318787670981804, 0.15885453111940884, 0.003999821573922313, 0.17405725577484188, 0.5547521474449243, 0.4435896843211926, 0.5609279569254648, 0.3272666797024033, 0.7503188977518646, 0.4661039076633118, 0.11093123862252408, 0.8066301637735708, 0.33391617300574616, 0.7580851090971763, 0.9524108793245121, 0.15472568971938505, 0.6944392283365466, 0.40485502456781797, 0.8159429073648445, 0.4390309110719385], BATTLES: 52-10-15-144-78-89-113-37-45-
0, 11, -2052.0, [0.8738439923970023, 0.02184010368030409, 0.3759442982304475, 0.22941547723049005, 0.2532471462487018, 0.42560893045544956, 0.37986528134219855, 0.10223616159715121, 0.4613717281436288, 0.9149465742915007, 0.2254846142235054, 0.830054667401458, 0.35677728567319456, 0.7296539535438084, 0.16264161907506836, 0.27569805768995925, 0.8998165952503132, 0.019198850390596878, 0.4098549248894461, 0.028927903844056524, 0.7156511437132121, 0.539947055175897, 0.007885243408498388, 0.9941884490366717, 0.10437516209858588, 0.46782577164314465, 0.3969371458625257, 0.1988110479670897], BATTLES: 247-227-199-248-248-217-227-233-206-
0, 12, -380.0, [0.17914264178836037, 0.6474997319979521, 0.1666992152324842, 0.2545195230251631, 0.14464619123453948, 0.5124302118846288, 0.4070185968960389, 0.8903448660375904, 0.14730588049217685, 0.7473898509171243, 0.932059348939487, 0.935398695732323, 0.7508373837565023, 0.4773983496096067, 0.6758606402256027, 0.22257599593489985, 0.8307126660519945, 0.37484108713155795, 0.6573768915161778, 0.8367836475484178, 0.5873629207465997, 0.7120378319258504, 0.7263621536687506, 0.3000347447938484, 0.5807629798139399, 0.9788374833660948, 0.2755716494375209, 0.04966739441484769], BATTLES: 57-5-16-125-17-14-112-16-18-
0, 13, -2178.0, [0.795004550857647, 0.5830333654738635, 0.3111075725210197, 0.8426771887657102, 0.4907133849335026, 0.828420612737792, 0.8816777293174181, 0.4040983751149082, 0.7651992040989469, 0.972697362104521, 0.9217464591019305, 0.3096450832165255, 0.6732845846478667, 0.9451736675639334, 0.28718693509065374, 0.8123965749656165, 0.42554750141886866, 0.5639458456425425, 0.9922458542836279, 0.7409991240738052, 0.1971067928400143, 0.8137417513281724, 0.19855778618266806, 0.9507996043128869, 0.34203545016926407, 0.21704222697525744, 0.4461511216340618, 0.04695839673728541], BATTLES: 254-243-246-254-232-237-237-237-238-
0, 14, -1701.0, [0.13129465351246206, 0.9608122317492674, 0.8282078407908816, 0.8053753731808311, 0.9804564866392551, 0.7835063730370629, 0.7457407530882351, 0.5677257853588408, 0.7080190759795257, 0.3803871273056938, 0.1672916341088232, 0.34897190200914596, 0.5393788215745113, 0.515232191439986, 0.16202862046213673, 0.37815631698581675, 0.37689338480413515, 0.35436912560957257, 0.6216768597138788, 0.24347652456019075, 0.39018697664565505, 0.7995030832143873, 0.2971996781732811, 0.15197666288927236, 0.6712405234261527, 0.23332680443774867, 0.3738399723994609, 0.6898263707249842], BATTLES: 166-149-173-203-180-196-203-208-223-
1, 0, -3914.0, [0.7882316481050945, 0.580213588428629, 0.4414577760916595, 0.8527148707066472, 0.3493757341946653, 0.5158454456540058, 0.2964341309696541, 0.287915526387842, 0.45166547176462835, 0.6703083936938194, 0.20126721665965652, 0.26067978420381144, 0.17437398778565505, 0.29482699552571634, 0.5353868908434599, 0.885225213107827, 0.5042985711695308, 0.7800936905756828, 0.488409639401299, 0.7133544082493026, 0.6724306050022361, 0.10381180244170851, 0.0358161094419327, 0.2898725080790906, 0.1759282985646886, 0.048923891869525615, 0.2385969656351392, 0.8940414948005216], BATTLES: 399-390-453-476-459-462-453-421-401-
1, 1, -4368.0, [0.30317455790384384, 0.7854407574742881, 0.27681541547417465, 0.5666557014470853, 0.6373853350819656, 0.9353582820808765, 0.28525205965275435, 0.08734383852076089, 0.11284145998797024, 0.858817463657593, 0.44553480323680716, 0.12084461299820992, 0.6943306918780366, 0.38713305554572064, 0.12563541122380117, 0.820760644096871, 0.5282726143121089, 0.24342037275634842, 0.8519661701740853, 0.5435968855299471, 0.984641318254491, 0.5522552881065312, 0.13086161800997342, 0.5169003773340327, 0.7357522938520796, 0.6797438997959038, 0.5151698833828429, 0.48874008712592176], BATTLES: 499-492-477-518-501-510-452-441-478-
1, 2, -988.0, [0.41974844991536864, 0.35217444316620405, 0.6012085527609697, 0.16541101768016253, 0.20582771151907886, 0.06878059844818607, 0.6730418414066082, 0.6207077976890274, 0.8593302306108728, 0.7650601394991595, 0.53858237577604, 0.5797073236536707, 0.9434592405613962, 0.4365847688479262, 0.23069383710585645, 0.2342249231710979, 0.2887762503792768, 0.1761052659687391, 0.05847391769740007, 0.745746255942977, 0.8572449571949676, 0.39172705232392413, 0.8470947705435508, 0.8733632210082236, 0.5006294842646002, 0.739930211231733, 0.979189579360665, 0.8034798942473735], BATTLES: 130-1-3-281-116-145-199-51-62-
1, 3, -3907.0, [0.19468250517648272, 0.9058499764654689, 0.3688638105591552, 0.7939185098893263, 0.5321488254982963, 0.9660791069941321, 0.20865134281804368, 0.318694881208344, 0.14502543041492716, 0.9499208763244347, 0.868243033456154, 0.48510583322522305, 0.7310606906500091, 0.7951597746303444, 0.17872048455284062, 0.8347239226514453, 0.8011019987776156, 0.07619115824647404, 0.1501250169445607, 0.8642713635544801, 0.24546432511498484, 0.5098643601639218, 0.06574284363354221, 0.26893705651925787, 0.3118232339710277, 0.7381008967900562, 0.9821397078827123, 0.044974148116948665], BATTLES: 152-69-105-335-247-222-297-160-191-
1, 4, -1313.0, [0.5434339891121915, 0.3665803431931206, 0.6214878479677841, 0.9815628764679498, 0.3531841827024051, 0.34652619860021405, 0.8832953670225109, 0.7719523161096984, 0.5787442720368825, 0.7265733904399401, 0.7100731800452497, 0.7921354465629169, 0.08007765552291696, 0.8506224017734101, 0.28384492536919903, 0.8324322760269852, 0.7218874882491909, 0.4179233425609865, 0.9437462235512998, 0.17674516696924214, 0.4090213374108417, 0.6996640852619802, 0.27454502860320706, 0.8355712804406003, 0.36095023380259694, 0.09291209113609444, 0.5723542107628169, 0.36345863301569004], BATTLES: 151-0-0-268-56-90-200-50-80-
1, 5, -4101.0, [0.6154706041817577, 0.1893620623689014, 0.8708058750311969, 0.09124433285185751, 0.2229325421568603, 0.7374269158462822, 0.6801730250239861, 0.020202270852941018, 0.04131511606889626, 0.6172545371261868, 0.9542365748368555, 0.06379875105911059, 0.12929228429011053, 0.486205582115669, 0.8315375605718731, 0.9864081628887343, 0.5386275705537565, 0.8622601464760589, 0.5695658966631768, 0.2242648807282579, 0.5182796978228081, 0.424759441142617, 0.15516910029163933, 0.9451190191217405, 0.857594012606231, 0.4711084591125133, 0.8649914379874194, 0.2680172214014298], BATTLES: 497-440-429-483-452-450-475-456-419-
1, 6, -4145.0, [0.23465483964912706, 0.043708484188919816, 0.19456366819495685, 0.20982568320053463, 0.9809335524930607, 0.746224157200666, 0.6446780782026921, 0.19449350643054641, 0.046415397124398274, 0.9073852367833974, 0.3378352311547591, 0.22566692284125733, 0.8528503482185087, 0.16423894595521615, 0.08553226352321286, 0.5177889411840771, 0.6397329425614934, 0.4630689659728239, 0.48074750512488906, 0.5417330036326521, 0.08386664581837455, 0.6645048976986592, 0.02831392155964596, 0.7798295665286107, 0.8162777511128336, 0.8478419840373776, 0.576956827129069, 0.045716394491923606], BATTLES: 155-37-43-248-96-125-251-73-117-
1, 7, -3821.0, [0.9900222484053087, 0.4415494617858359, 0.1539656653733108, 0.7539977715835168, 0.6025182272893911, 0.8186298157302425, 0.1821195497020946, 0.29727511820938674, 0.0962009841208411, 0.9734781336843015, 0.5583579361407303, 0.31703244937189023, 0.5972928380913187, 0.6336020857563379, 0.7036451644541661, 0.8363895670525368, 0.6885422846511718, 0.8370558371603196, 0.9574045561830737, 0.6400360969153199, 0.28211620391303505, 0.39082921248329067, 0.7617401622162083, 0.6535972594711245, 0.6095505772833101, 0.6376093860388021, 0.2462724769719556, 0.7698700722230306], BATTLES: 292-143-178-331-209-230-297-207-207-
1, 8, -1521.0, [0.6909086969247406, 0.8295893883297423, 0.626223563617328, 0.33735513573547193, 0.08386360712074425, 0.408407685177016, 0.1769934401020543, 0.49147853104783956, 0.18053360931013185, 0.23359490411441797, 0.9599459853059291, 0.2843300908665993, 0.547280578840846, 0.7093646845965972, 0.579412855931411, 0.8149021082734706, 0.277423436767369, 0.39035830733350907, 0.6526776945851673, 0.3232853327772458, 0.31702874736862474, 0.43309294319223546, 0.4518466853367529, 0.9235059317133664, 0.5095912069231514, 0.1516638397771034, 0.22539150561037902, 0.9571717283311204], BATTLES: 161-17-29-249-120-178-324-211-232-
1, 9, -2437.0, [0.8275984363201083, 0.606342383604589, 0.3254624417602429, 0.20292108268474263, 0.8460833372069183, 0.0923133157468895, 0.19950126238308863, 0.7652110121134935, 0.4234214338737305, 0.6271027016077066, 0.6725236535068436, 0.8927505631832123, 0.8494941869034985, 0.9297709062444904, 0.17285896873547024, 0.45518649481205964, 0.2723366093364098, 0.0396704398042278, 0.7164143045055356, 0.44517142664611714, 0.21319474390094273, 0.7095492839438939, 0.06674853160400174, 0.9027824376761056, 0.37837551991796103, 0.40222300879416817, 0.4562275034609922, 0.1940566581946177], BATTLES: 199-47-43-320-273-241-357-288-259-
1, 10, -1096.0, [0.3421588651551811, 0.5903553426832103, 0.061737938760589, 0.37043833129135195, 0.13369945005739214, 0.43917552991822223, 0.06130436138732398, 0.3705991919608018, 0.701593938354909, 0.15885453111940884, 0.2742922023323665, 0.17405725577484188, 0.5547521474449243, 0.686895880289045, 0.5609279569254648, 0.3272666797024033, 0.7503188977518646, 0.4661039076633118, 0.11093123862252408, 0.8066301637735708, 0.4427431333197325, 0.7702644666201901, 0.9524108793245121, 0.5446492438910531, 0.6944392283365466, 0.44846472968229556, 0.8159429073648445, 0.5162224087962761], BATTLES: 92-22-37-288-128-153-208-47-72-
1, 11, -3955.0, [0.8738439923970023, 0.02184010368030409, 0.3759442982304475, 0.22941547723049005, 0.2532471462487018, 0.42560893045544956, 0.37986528134219855, 0.10223616159715121, 0.4613717281436288, 0.9149465742915007, 0.2254846142235054, 0.830054667401458, 0.35677728567319456, 0.7296539535438084, 0.16264161907506836, 0.27569805768995925, 0.8998165952503132, 0.019198850390596878, 0.4098549248894461, 0.028927903844056524, 0.7156511437132121, 0.539947055175897, 0.007885243408498388, 0.9941884490366717, 0.10437516209858588, 0.46782577164314465, 0.3969371458625257, 0.1988110479670897], BATTLES: 496-454-410-486-441-406-449-436-377-
1, 12, -4157.0, [0.12367997205333008, 0.6474997319979521, 0.1666992152324842, 0.20547817650620093, 0.656292285905171, 0.9952325776549964, 0.063532154362195, 0.180471695210087, 0.14730588049217685, 0.8736949254585622, 0.932059348939487, 0.935398695732323, 0.7508373837565023, 0.50844882901757, 0.6758606402256027, 0.5024544540484821, 0.8337449295909558, 0.37484108713155795, 0.7332802498984953, 0.8367836475484178, 0.5873629207465997, 0.7652726014896012, 0.24262028507331965, 0.3000347447938484, 0.8335744073490856, 0.9788374833660948, 0.36261783851613183, 0.14553283148065455], BATTLES: 105-8-25-221-35-19-226-27-23-
1, 13, -4388.0, [0.8888187130276782, 0.5830333654738635, 0.32728320035638947, 0.855778388619977, 0.5480134074450599, 0.7356564228455587, 0.8411947873418282, 0.3972400173307986, 0.8409466887382964, 0.972697362104521, 0.7731286985408107, 0.3096450832165255, 0.5492418097370383, 0.8336878605927056, 0.28718693509065374, 0.8236494397683055, 0.42554750141886866, 0.5639458456425425, 0.9961229271418139, 0.7073713082470112, 0.2922448334615327, 0.7553085813071082, 0.19188941215101718, 0.9214639435262661, 0.36873596031112355, 0.21704222697525744, 0.2804724651498428, 0.04695839673728541], BATTLES: 526-480-508-515-487-477-476-451-454-
1, 14, -3281.0, [0.13129465351246206, 0.9608122317492674, 0.8282078407908816, 0.8053753731808311, 0.9804564866392551, 0.7835063730370629, 0.7457407530882351, 0.5677257853588408, 0.7080190759795257, 0.3803871273056938, 0.1672916341088232, 0.34897190200914596, 0.5393788215745113, 0.515232191439986, 0.16202862046213673, 0.37815631698581675, 0.37689338480413515, 0.35436912560957257, 0.6216768597138788, 0.24347652456019075, 0.39018697664565505, 0.7995030832143873, 0.2971996781732811, 0.15197666288927236, 0.6712405234261527, 0.23332680443774867, 0.3738399723994609, 0.6898263707249842], BATTLES: 340-273-357-402-353-363-379-385-429-
2, 0, -3360.0, [0.5950644819739228, 0.2567681316304879, 0.4414577760916595, 0.8527148707066472, 0.3493757341946653, 0.7579227228270029, 0.2964341309696541, 0.287915526387842, 0.45166547176462835, 0.6703083936938194, 0.20126721665965652, 0.13033989210190572, 0.7654436960588181, 0.1638625682142646, 0.5353868908434599, 0.885225213107827, 0.5042985711695308, 0.7800936905756828, 0.5652408910652815, 0.7133544082493026, 0.2548691175508505, 0.10381180244170851, 0.0358161094419327, 0.2898725080790906, 0.6602485985934208, 0.048923891869525615, 0.2385969656351392, 0.20679211498973438], BATTLES: 306-314-388-429-395-403-426-372-318-
2, 1, -4003.0, [0.30317455790384384, 0.7854407574742881, 0.27681541547417465, 0.5666557014470853, 0.6373853350819656, 0.9353582820808765, 0.28525205965275435, 0.08734383852076089, 0.11284145998797024, 0.858817463657593, 0.44553480323680716, 0.12084461299820992, 0.6943306918780366, 0.38713305554572064, 0.12563541122380117, 0.820760644096871, 0.5282726143121089, 0.24342037275634842, 0.8519661701740853, 0.5435968855299471, 0.984641318254491, 0.5522552881065312, 0.13086161800997342, 0.5169003773340327, 0.7357522938520796, 0.6797438997959038, 0.5151698833828429, 0.48874008712592176], BATTLES: 437-442-451-486-484-448-392-414-449-
2, 2, -1205.0, [0.41974844991536864, 0.5478507609789438, 0.24299314465350194, 0.34662538784608177, 0.47024580437527647, 0.4601535822970121, 0.49790411647135524, 0.6207077976890274, 0.26970990243954385, 0.7650601394991595, 0.53858237577604, 0.37247089045432685, 0.9717296202806981, 0.41425086277456796, 0.23069383710585645, 0.4991223923401072, 0.3969401326759117, 0.1761052659687391, 0.35403182868494204, 0.807820158419577, 0.8572449571949676, 0.39172705232392413, 0.49347629662287823, 0.8733632210082236, 0.7005512560390078, 0.739930211231733, 0.979189579360665, 0.8034798942473735], BATTLES: 62-1-3-147-65-71-111-14-26-
2, 3, -3620.0, [0.15584678830198478, 0.9058499764654689, 0.3688638105591552, 0.7939185098893263, 0.5321488254982963, 0.9830395534970661, 0.20865134281804368, 0.159347440604172, 0.07251271520746358, 0.9499208763244347, 0.5521615176344266, 0.48510583322522305, 0.6665019886949065, 0.45022220079572783, 0.17872048455284062, 0.9714070179194181, 0.8011019987776156, 0.07619115824647404, 0.1501250169445607, 0.5982634023917458, 0.24546432511498484, 0.5098643601639218, 0.06574284363354221, 0.3472303313756008, 0.6867766499388196, 0.7632243447332331, 0.9821397078827123, 0.022487074058474332], BATTLES: 340-308-403-396-373-383-367-378-416-
2, 4, -1030.0, [0.8259087801911459, 0.3665803431931206, 0.5956635431521194, 0.7159610344837397, 0.5460797491760456, 0.34652619860021405, 0.8832953670225109, 0.7719523161096984, 0.5787442720368825, 0.7265733904399401, 0.6895038445921828, 0.7848288417304561, 0.2789592488230679, 0.8506224017734101, 0.017972755105616134, 0.8324322760269852, 0.7218874882491909, 0.4179233425609865, 0.9437462235512998, 0.17674516696924214, 0.4090213374108417, 0.5250199539890611, 0.27454502860320706, 0.9177856402203002, 0.258106382306906, 0.09291209113609444, 0.5723542107628169, 0.3085455116753479], BATTLES: 78-22-10-162-82-93-156-64-81-
2, 5, -3512.0, [0.6154706041817577, 0.1893620623689014, 0.8708058750311969, 0.09124433285185751, 0.2229325421568603, 0.7374269158462822, 0.6801730250239861, 0.020202270852941018, 0.04131511606889626, 0.6172545371261868, 0.9542365748368555, 0.06379875105911059, 0.12929228429011053, 0.486205582115669, 0.8315375605718731, 0.9864081628887343, 0.5386275705537565, 0.8622601464760589, 0.5695658966631768, 0.2242648807282579, 0.5182796978228081, 0.424759441142617, 0.15516910029163933, 0.9451190191217405, 0.857594012606231, 0.4711084591125133, 0.8649914379874194, 0.2680172214014298], BATTLES: 438-381-377-409-390-377-397-395-348-
2, 6, -3635.0, [0.23465483964912706, 0.043708484188919816, 0.19456366819495685, 0.20982568320053463, 0.9809335524930607, 0.746224157200666, 0.6446780782026921, 0.19449350643054641, 0.046415397124398274, 0.9073852367833974, 0.3378352311547591, 0.22566692284125733, 0.8528503482185087, 0.16423894595521615, 0.08553226352321286, 0.5177889411840771, 0.6397329425614934, 0.4630689659728239, 0.48074750512488906, 0.5417330036326521, 0.08386664581837455, 0.6645048976986592, 0.02831392155964596, 0.7798295665286107, 0.8162777511128336, 0.8478419840373776, 0.576956827129069, 0.045716394491923606], BATTLES: 415-393-430-464-433-435-327-347-391-
2, 7, -3335.0, [0.9900222484053087, 0.4415494617858359, 0.4449919949538341, 0.707726536982796, 0.6025182272893911, 0.2867481997466718, 0.7433099436463675, 0.29727511820938674, 0.6346608053971925, 0.9867390668421507, 0.5583579361407303, 0.31703244937189023, 0.5972928380913187, 0.6336020857563379, 0.13734800658476432, 0.9174631820113559, 0.16697732007915594, 0.8370558371603196, 0.9787022780915369, 0.6400360969153199, 0.28211620391303505, 0.39082921248329067, 0.7617401622162083, 0.8267986297355623, 0.6095505772833101, 0.6376093860388021, 0.01714604004562381, 0.7698700722230306], BATTLES: 309-366-358-415-338-383-368-352-325-
2, 8, -935.0, [0.6909086969247406, 0.8295893883297423, 0.626223563617328, 0.33735513573547193, 0.08386360712074425, 0.408407685177016, 0.1769934401020543, 0.49147853104783956, 0.18053360931013185, 0.23359490411441797, 0.9599459853059291, 0.2843300908665993, 0.547280578840846, 0.7093646845965972, 0.579412855931411, 0.8149021082734706, 0.277423436767369, 0.39035830733350907, 0.6526776945851673, 0.3232853327772458, 0.31702874736862474, 0.43309294319223546, 0.4518466853367529, 0.9235059317133664, 0.5095912069231514, 0.1516638397771034, 0.22539150561037902, 0.9571717283311204], BATTLES: 85-11-15-142-58-104-220-152-148-
2, 9, -2394.0, [0.8275984363201083, 0.606342383604589, 0.3254624417602429, 0.20292108268474263, 0.9848504650861891, 0.0923133157468895, 0.42553932198384825, 0.7652110121134935, 0.4234214338737305, 0.8684769403648009, 0.6725236535068436, 0.8927505631832123, 0.8494941869034985, 0.9297709062444904, 0.47398323378002793, 0.45518649481205964, 0.2723366093364098, 0.0396704398042278, 0.8582071522527678, 0.44517142664611714, 0.21319474390094273, 0.755670568543065, 0.06674853160400174, 0.9027824376761056, 0.37837551991796103, 0.40222300879416817, 0.4562275034609922, 0.1940566581946177], BATTLES: 148-61-62-207-195-166-311-291-248-
2, 10, -639.0, [0.016837555062005183, 0.5903553426832103, 0.061737938760589, 0.37043833129135195, 0.13369945005739214, 0.43917552991822223, 0.06130436138732398, 0.3705991919608018, 0.701593938354909, 0.8779928746779116, 0.3512234917008363, 0.17405725577484188, 0.5547521474449243, 0.686895880289045, 0.37908854427989824, 0.4244243119057713, 0.9297060822662339, 0.4661039076633118, 0.11093123862252408, 0.8066301637735708, 0.4427431333197325, 0.8315335058672404, 0.3992500746772, 0.19517513210218218, 0.8904737137584313, 0.44846472968229556, 0.7281763616407729, 0.0659120398814409], BATTLES: 43-5-14-144-61-61-135-25-46-
2, 11, -3549.0, [0.8738439923970023, 0.4045865912349168, 0.4402122235259818, 0.2818305987658313, 0.26706079595598864, 0.42560893045544956, 0.37986528134219855, 0.10223616159715121, 0.5125779940550279, 0.7360023610593343, 0.2254846142235054, 0.5954875248630376, 0.35677728567319456, 0.9745207592734338, 0.24224009969073168, 0.501231641576929, 0.5687399439104065, 0.019198850390596878, 0.4098549248894461, 0.1650967594236885, 0.7156511437132121, 0.539947055175897, 0.007885243408498388, 0.9970942245183358, 0.3867588404071224, 0.46782577164314465, 0.3357075810377783, 0.15691678460755923], BATTLES: 461-401-342-422-409-322-385-391-310-
2, 12, -3719.0, [0.12367997205333008, 0.6474997319979521, 0.1666992152324842, 0.20547817650620093, 0.656292285905171, 0.9952325776549964, 0.063532154362195, 0.180471695210087, 0.14730588049217685, 0.8736949254585622, 0.932059348939487, 0.935398695732323, 0.7508373837565023, 0.50844882901757, 0.6758606402256027, 0.5024544540484821, 0.8337449295909558, 0.37484108713155795, 0.7332802498984953, 0.8367836475484178, 0.5873629207465997, 0.7652726014896012, 0.24262028507331965, 0.3000347447938484, 0.8335744073490856, 0.9788374833660948, 0.36261783851613183, 0.14553283148065455], BATTLES: 438-388-418-452-440-454-342-374-413-
2, 13, -4027.0, [0.8888187130276782, 0.5830333654738635, 0.32728320035638947, 0.855778388619977, 0.5480134074450599, 0.7356564228455587, 0.8411947873418282, 0.3972400173307986, 0.8409466887382964, 0.972697362104521, 0.7731286985408107, 0.3096450832165255, 0.5492418097370383, 0.8336878605927056, 0.28718693509065374, 0.8236494397683055, 0.42554750141886866, 0.5639458456425425, 0.9961229271418139, 0.7073713082470112, 0.2922448334615327, 0.7553085813071082, 0.19188941215101718, 0.9214639435262661, 0.36873596031112355, 0.21704222697525744, 0.2804724651498428, 0.04695839673728541], BATTLES: 476-448-452-490-500-475-400-401-385-
2, 14, -3730.0, [0.6638894173627217, 0.9608122317492674, 0.8282078407908816, 0.45997829624441566, 0.9804564866392551, 0.7835063730370629, 0.7457407530882351, 0.3193877158923052, 0.7080190759795257, 0.3803871273056938, 0.1672916341088232, 0.17448595100457298, 0.5393788215745113, 0.515232191439986, 0.47935200541408424, 0.37815631698581675, 0.37689338480413515, 0.8815932887252605, 0.8108384298569393, 0.24347652456019075, 0.39018697664565505, 0.7995030832143873, 0.2887886204301022, 0.15197666288927236, 0.6712405234261527, 0.23332680443774867, 0.26236557592809456, 0.46751653692413153], BATTLES: 220-197-267-292-261-260-274-315-356-
3, 0, -2997.0, [0.5950644819739228, 0.2567681316304879, 0.4414577760916595, 0.8527148707066472, 0.3493757341946653, 0.7579227228270029, 0.2964341309696541, 0.287915526387842, 0.45166547176462835, 0.6703083936938194, 0.20126721665965652, 0.13033989210190572, 0.7654436960588181, 0.1638625682142646, 0.5353868908434599, 0.885225213107827, 0.5042985711695308, 0.7800936905756828, 0.5652408910652815, 0.7133544082493026, 0.2548691175508505, 0.10381180244170851, 0.0358161094419327, 0.2898725080790906, 0.6602485985934208, 0.048923891869525615, 0.2385969656351392, 0.20679211498973438], BATTLES: 283-279-399-341-318-320-348-355-354-
3, 1, -3867.0, [0.30317455790384384, 0.2979839874516932, 0.1654043528119417, 0.5666557014470853, 0.6373853350819656, 0.9353582820808765, 0.7095971583915407, 0.08734383852076089, 0.4792606810739215, 0.9294087318287965, 0.9655238994098914, 0.12084461299820992, 0.6943306918780366, 0.865598530241247, 0.13634085519953185, 0.9103803220484354, 0.5282726143121089, 0.24342037275634842, 0.9259830850870426, 0.6029767080343301, 0.984641318254491, 0.5085479816735097, 0.13086161800997342, 0.5169003773340327, 0.2583848832923497, 0.6797438997959038, 0.4930297047362656, 0.48874008712592176], BATTLES: 417-419-416-449-441-432-345-354-400-
3, 2, -981.0, [0.41974844991536864, 0.564615069897225, 0.24299314465350194, 0.34662538784608177, 0.47024580437527647, 0.5914291030586067, 0.49790411647135524, 0.6207077976890274, 0.5419009493639204, 0.979011521274094, 0.6503423511082608, 0.37247089045432685, 0.9717296202806981, 0.6141101825754952, 0.23069383710585645, 0.4991223923401072, 0.3969401326759117, 0.1761052659687391, 0.35403182868494204, 0.807820158419577, 0.8572449571949676, 0.586948089259247, 0.49347629662287823, 0.8962829389501238, 0.5424431738986899, 0.4907770907173411, 0.6462548885588059, 0.44300174688875044], BATTLES: 57-5-5-144-79-92-207-173-175-
3, 3, -3337.0, [0.15584678830198478, 0.8058846563347094, 0.3688638105591552, 0.7939185098893263, 0.608100684412659, 0.9830395534970661, 0.2344258124430492, 0.159347440604172, 0.07251271520746358, 0.9499208763244347, 0.5521615176344266, 0.3972199551307761, 0.6665019886949065, 0.3475174387331001, 0.0036045125948774293, 0.9933870479546335, 0.8011019987776156, 0.036309658007138076, 0.2908670743247507, 0.568757082569695, 0.34980385950930837, 0.6112034866422291, 0.06574284363354221, 0.38707524718187125, 0.7630083157172812, 0.7876735772495909, 0.8593147254494944, 0.022487074058474332], BATTLES: 384-314-400-409-373-411-303-341-391-
3, 4, -1673.0, [0.882568972440238, 0.3311726776640339, 0.5956635431521194, 0.7159610344837397, 0.5460797491760456, 0.34652619860021405, 0.6348328218496859, 0.47549964016729585, 0.40827432094632365, 0.7265733904399401, 0.6895038445921828, 0.7848288417304561, 0.2789592488230679, 0.8506224017734101, 0.06639974589754183, 0.8324322760269852, 0.7218874882491909, 0.4179233425609865, 0.9437462235512998, 0.25110254781050073, 0.4090213374108417, 0.5250199539890611, 0.16293422793939066, 0.9177856402203002, 0.258106382306906, 0.30462073238430654, 0.5723542107628169, 0.3085455116753479], BATTLES: 82-16-11-145-82-82-136-89-81-
3, 5, -3189.0, [0.6154706041817577, 0.1893620623689014, 0.8708058750311969, 0.09124433285185751, 0.2229325421568603, 0.7374269158462822, 0.6801730250239861, 0.020202270852941018, 0.04131511606889626, 0.6172545371261868, 0.9542365748368555, 0.06379875105911059, 0.12929228429011053, 0.486205582115669, 0.8315375605718731, 0.9864081628887343, 0.5386275705537565, 0.8622601464760589, 0.5695658966631768, 0.2242648807282579, 0.5182796978228081, 0.424759441142617, 0.15516910029163933, 0.9451190191217405, 0.857594012606231, 0.4711084591125133, 0.8649914379874194, 0.2680172214014298], BATTLES: 384-310-348-381-345-343-373-373-332-
3, 6, -3325.0, [0.2153347668088499, 0.3294116727094826, 0.4058150806711414, 0.20982568320053463, 0.6692326497569275, 0.746224157200666, 0.6446780782026921, 0.19449350643054641, 0.2031382187950811, 0.7914273748790043, 0.3756484796971936, 0.22566692284125733, 0.8528503482185087, 0.16423894595521615, 0.08553226352321286, 0.5177889411840771, 0.474174456830901, 0.4630689659728239, 0.6137682049916061, 0.3499551461523004, 0.6247762102950034, 0.6645048976986592, 0.01415696077982298, 0.7798295665286107, 0.7498706870488568, 0.7108696945639292, 0.38527932249427627, 0.022858197245961803], BATTLES: 379-342-392-438-387-417-289-312-369-
3, 7, -2984.0, [0.9900222484053087, 0.4415494617858359, 0.4449919949538341, 0.707726536982796, 0.6025182272893911, 0.2867481997466718, 0.7433099436463675, 0.29727511820938674, 0.6346608053971925, 0.9867390668421507, 0.5583579361407303, 0.31703244937189023, 0.5972928380913187, 0.6336020857563379, 0.13734800658476432, 0.9174631820113559, 0.16697732007915594, 0.8370558371603196, 0.9787022780915369, 0.6400360969153199, 0.28211620391303505, 0.39082921248329067, 0.7617401622162083, 0.8267986297355623, 0.6095505772833101, 0.6376093860388021, 0.01714604004562381, 0.7698700722230306], BATTLES: 290-299-313-338-299-282-409-402-352-
3, 8, -670.0, [0.6909086969247406, 0.8295893883297423, 0.626223563617328, 0.33735513573547193, 0.08386360712074425, 0.408407685177016, 0.1769934401020543, 0.49147853104783956, 0.18053360931013185, 0.23359490411441797, 0.9599459853059291, 0.2843300908665993, 0.547280578840846, 0.7093646845965972, 0.579412855931411, 0.8149021082734706, 0.277423436767369, 0.39035830733350907, 0.6526776945851673, 0.3232853327772458, 0.31702874736862474, 0.43309294319223546, 0.4518466853367529, 0.9235059317133664, 0.5095912069231514, 0.1516638397771034, 0.22539150561037902, 0.9571717283311204], BATTLES: 70-2-3-109-34-65-170-110-107-
3, 9, -3656.0, [0.8275984363201083, 0.606342383604589, 0.19831269091112597, 0.25369125959372196, 0.9924252325430946, 0.5346644132948984, 0.26725493711551807, 0.11430999257642649, 0.4234214338737305, 0.8684769403648009, 0.3672048697335588, 0.8927505631832123, 0.8494941869034985, 0.9297709062444904, 0.47398323378002793, 0.7096663197435001, 0.2723366093364098, 0.0396704398042278, 0.9061934265798293, 0.762401530079296, 0.21319474390094273, 0.755670568543065, 0.22305092474266075, 0.8927284191480342, 0.7206019307159138, 0.40222300879416817, 0.4562275034609922, 0.3847371865195216], BATTLES: 228-167-119-210-218-151-392-368-259-
3, 10, -514.0, [0.016837555062005183, 0.5903553426832103, 0.061737938760589, 0.5403128503029156, 0.13369945005739214, 0.5180119422873827, 0.3388603890911931, 0.3705991919608018, 0.7879291577467564, 0.8779928746779116, 0.6771021318075934, 0.17405725577484188, 0.5547521474449243, 0.8344175650107101, 0.37908854427989824, 0.6922693178846244, 0.7852737868202417, 0.4661039076633118, 0.11093123862252408, 0.9222496762957786, 0.36396712498648365, 0.8315335058672404, 0.3992500746772, 0.6694589018860138, 0.6291212592103207, 0.3699212575620359, 0.5566123244494243, 0.03295601994072045], BATTLES: 35-14-1-130-48-39-114-29-27-
3, 11, -3853.0, [0.509619604239209, 0.4045865912349168, 0.345163427852159, 0.2818305987658313, 0.26706079595598864, 0.7128044652277248, 0.1250203675032029, 0.051118080798575605, 0.5125779940550279, 0.8809168982372575, 0.2254846142235054, 0.3193852087543641, 0.5531339043728345, 0.6508964254165351, 0.24224009969073168, 0.501231641576929, 0.5469637661053802, 0.019198850390596878, 0.7111867856953543, 0.38527230371818466, 0.7156511437132121, 0.539947055175897, 0.007885243408498388, 0.7177628996960274, 0.7368319529103409, 0.46782577164314465, 0.3357075810377783, 0.40570560799657857], BATTLES: 430-375-315-401-362-277-411-378-282-
3, 12, -3496.0, [0.1613334015628126, 0.6474997319979521, 0.1666992152324842, 0.20547817650620093, 0.656292285905171, 0.9952325776549964, 0.063532154362195, 0.0902358476050435, 0.14730588049217685, 0.7100449428860041, 0.932059348939487, 0.935398695732323, 0.7508373837565023, 0.50844882901757, 0.6758606402256027, 0.924673745832733, 0.6155985327183483, 0.37484108713155795, 0.7332802498984953, 0.8367836475484178, 0.5873629207465997, 0.7652726014896012, 0.2507202121692681, 0.3000347447938484, 0.9232350113086905, 0.9127897228277785, 0.36261783851613183, 0.42802048432644535], BATTLES: 385-352-413-399-409-420-313-336-397-
3, 13, -3788.0, [0.8888187130276782, 0.5330891283469442, 0.22183402841905958, 0.7601505159169312, 0.5480134074450599, 0.7694070832175961, 0.732445892702001, 0.3972400173307986, 0.8409466887382964, 0.9863486810522605, 0.8950381024963882, 0.3096450832165255, 0.5829498060043989, 0.8336878605927056, 0.369095407490701, 0.8434634453915076, 0.4983728815193847, 0.5639458456425425, 0.998061463570907, 0.8019486764118123, 0.2922448334615327, 0.7498519994676082, 0.19188941215101718, 0.9214639435262661, 0.39461313405559917, 0.3358819226739657, 0.2786835773263953, 0.023479198368642706], BATTLES: 447-421-429-461-474-430-379-358-356-
3, 14, -3434.0, [0.6638894173627217, 0.9608122317492674, 0.8282078407908816, 0.45997829624441566, 0.9804564866392551, 0.7835063730370629, 0.7457407530882351, 0.3193877158923052, 0.7080190759795257, 0.3803871273056938, 0.1672916341088232, 0.17448595100457298, 0.5393788215745113, 0.515232191439986, 0.47935200541408424, 0.37815631698581675, 0.37689338480413515, 0.8815932887252605, 0.8108384298569393, 0.24347652456019075, 0.39018697664565505, 0.7995030832143873, 0.2887886204301022, 0.15197666288927236, 0.6712405234261527, 0.23332680443774867, 0.26236557592809456, 0.46751653692413153], BATTLES: 394-377-383-421-398-375-380-373-333-
4, 0, -3562.0, [0.5467510720888377, 0.2567681316304879, 0.4414577760916595, 0.8527148707066472, 0.3493757341946653, 0.7579227228270029, 0.11001170049573862, 0.143957763193921, 0.45166547176462835, 0.6703083936938194, 0.20126721665965652, 0.13033989210190572, 0.7654436960588181, 0.4392479042900356, 0.3696318280129911, 0.8119937814397997, 0.5042985711695308, 0.7800936905756828, 0.674896667012668, 0.707218321557881, 0.5154107847386755, 0.3504173543403618, 0.10840169176162412, 0.2898725080790906, 0.6602485985934208, 0.28578511463318296, 0.293506576258111, 0.4270816881086653], BATTLES: 244-215-358-300-267-291-307-302-296-
4, 1, -3631.0, [0.30317455790384384, 0.2979839874516932, 0.1654043528119417, 0.5666557014470853, 0.6373853350819656, 0.9353582820808765, 0.7095971583915407, 0.08734383852076089, 0.4792606810739215, 0.8418827426710107, 0.6904979892042789, 0.06042230649910496, 0.6433149489883028, 0.5444038272757918, 0.13634085519953185, 0.9103803220484354, 0.43699841544427626, 0.24342037275634842, 0.5993210394621258, 0.5085877685231306, 0.8960498210257516, 0.5085479816735097, 0.13086161800997342, 0.6890621344071259, 0.2583848832923497, 0.6797438997959038, 0.5680790471880806, 0.48874008712592176], BATTLES: 355-380-391-471-476-435-306-332-414-
4, 2, -3379.0, [0.44193670700787363, 0.564615069897225, 0.24299314465350194, 0.04401210352514001, 0.47024580437527647, 0.5914291030586067, 0.49790411647135524, 0.10993525959484851, 0.5419009493639204, 0.989505760637047, 0.6503423511082608, 0.37247089045432685, 0.9717296202806981, 0.6141101825754952, 0.17790506676354037, 0.4991223923401072, 0.5859467059169553, 0.08805263298436955, 0.35403182868494204, 0.807820158419577, 0.8572449571949676, 0.586948089259247, 0.08705239988436009, 0.8962829389501238, 0.5424431738986899, 0.4907770907173411, 0.6462548885588059, 0.3010980438068826], BATTLES: 37-9-6-122-83-92-151-101-139-
4, 3, -2993.0, [0.15584678830198478, 0.8058846563347094, 0.3688638105591552, 0.7939185098893263, 0.608100684412659, 0.9830395534970661, 0.2344258124430492, 0.159347440604172, 0.07251271520746358, 0.9499208763244347, 0.5521615176344266, 0.3972199551307761, 0.6665019886949065, 0.3475174387331001, 0.0036045125948774293, 0.9933870479546335, 0.8011019987776156, 0.036309658007138076, 0.2908670743247507, 0.568757082569695, 0.34980385950930837, 0.6112034866422291, 0.06574284363354221, 0.38707524718187125, 0.7630083157172812, 0.7876735772495909, 0.8593147254494944, 0.022487074058474332], BATTLES: 385-289-393-359-314-389-265-271-328-
4, 4, -2782.0, [0.882568972440238, 0.1878753639170112, 0.5956635431521194, 0.6730252253176812, 0.5460797491760456, 0.34652619860021405, 0.4971405893652667, 0.23774982008364792, 0.40827432094632365, 0.8578740779947721, 0.5851959638352302, 0.7848288417304561, 0.35154652315114443, 0.6896655468608046, 0.033199872948770914, 0.9080581909407097, 0.7712984911497222, 0.4179233425609865, 0.9437462235512998, 0.25110254781050073, 0.7045106687054208, 0.5250199539890611, 0.10747061465821772, 0.5604306465939918, 0.258106382306906, 0.5734282447418362, 0.5723542107628169, 0.3085455116753479], BATTLES: 101-77-56-158-154-142-265-216-187-
4, 5, -2808.0, [0.6154706041817577, 0.1893620623689014, 0.8708058750311969, 0.09124433285185751, 0.2229325421568603, 0.7374269158462822, 0.6801730250239861, 0.020202270852941018, 0.04131511606889626, 0.6172545371261868, 0.9542365748368555, 0.06379875105911059, 0.12929228429011053, 0.486205582115669, 0.8315375605718731, 0.9864081628887343, 0.5386275705537565, 0.8622601464760589, 0.5695658966631768, 0.2242648807282579, 0.5182796978228081, 0.424759441142617, 0.15516910029163933, 0.9451190191217405, 0.857594012606231, 0.4711084591125133, 0.8649914379874194, 0.2680172214014298], BATTLES: 374-265-293-324-288-315-343-337-269-
4, 6, -3423.0, [0.4824851650684274, 0.45265676115279474, 0.4058150806711414, 0.20982568320053463, 0.9654714976838141, 0.9401512184211319, 0.9170864146266032, 0.19449350643054641, 0.30585091595623914, 0.7914273748790043, 0.3756484796971936, 0.22566692284125733, 0.8528503482185087, 0.35679586066309593, 0.140450507440846, 0.5177889411840771, 0.2928799934115473, 0.4630689659728239, 0.6137682049916061, 0.3499551461523004, 0.6247762102950034, 0.5961670792412975, 0.016426511883895496, 0.7798295665286107, 0.7498706870488568, 0.7108696945639292, 0.38527932249427627, 0.3382098993374266], BATTLES: 376-285-380-363-310-367-278-266-311-
4, 7, -2677.0, [0.9900222484053087, 0.4415494617858359, 0.4449919949538341, 0.707726536982796, 0.6025182272893911, 0.2867481997466718, 0.7433099436463675, 0.29727511820938674, 0.6346608053971925, 0.9867390668421507, 0.5583579361407303, 0.31703244937189023, 0.5972928380913187, 0.6336020857563379, 0.13734800658476432, 0.9174631820113559, 0.16697732007915594, 0.8370558371603196, 0.9787022780915369, 0.6400360969153199, 0.28211620391303505, 0.39082921248329067, 0.7617401622162083, 0.8267986297355623, 0.6095505772833101, 0.6376093860388021, 0.01714604004562381, 0.7698700722230306], BATTLES: 246-271-290-280-254-263-378-358-337-
4, 8, -658.0, [0.6909086969247406, 0.8295893883297423, 0.626223563617328, 0.33735513573547193, 0.08386360712074425, 0.43134589736218654, 0.28450596672727435, 0.3649299398130544, 0.18053360931013185, 0.23359490411441797, 0.9599459853059291, 0.2843300908665993, 0.547280578840846, 0.834705620007832, 0.579412855931411, 0.9550634804217794, 0.4293353566370734, 0.3690993940679965, 0.6526776945851673, 0.3232853327772458, 0.31702874736862474, 0.3823501718334552, 0.33577928581949235, 0.9617529658566832, 0.34021573745462874, 0.3044759233178054, 0.22539150561037902, 0.7405351371849173], BATTLES: 53-0-2-71-19-44-139-69-73-
4, 9, -3616.0, [0.7815626255888213, 0.606342383604589, 0.19831269091112597, 0.25369125959372196, 0.8478036148466971, 0.8616281828285948, 0.26725493711551807, 0.057154996288213245, 0.3972140242797403, 0.8323136265631197, 0.3672048697335588, 0.8927505631832123, 0.8494941869034985, 0.9008390399081986, 0.47398323378002793, 0.85483315987175, 0.25344637282451754, 0.0396704398042278, 0.9061934265798293, 0.35901110568094957, 0.21319474390094273, 0.4764115134984166, 0.22305092474266075, 0.8927284191480342, 0.7206019307159138, 0.28192437828291933, 0.7834689727690423, 0.5531873238940251], BATTLES: 393-353-347-401-373-375-371-403-325-
4, 10, -372.0, [0.016837555062005183, 0.5903553426832103, 0.061737938760589, 0.5403128503029156, 0.13369945005739214, 0.5180119422873827, 0.3388603890911931, 0.3705991919608018, 0.7879291577467564, 0.8779928746779116, 0.6771021318075934, 0.17405725577484188, 0.5547521474449243, 0.8344175650107101, 0.37908854427989824, 0.6922693178846244, 0.7852737868202417, 0.4661039076633118, 0.11093123862252408, 0.9222496762957786, 0.36396712498648365, 0.8315335058672404, 0.3992500746772, 0.6694589018860138, 0.6291212592103207, 0.3699212575620359, 0.5566123244494243, 0.03295601994072045], BATTLES: 43-13-2-104-62-39-88-8-13-
4, 11, -3560.0, [0.509619604239209, 0.13291105672098133, 0.1468943343759559, 0.2818305987658313, 0.7553202428607899, 0.7128044652277248, 0.7571325126653097, 0.051118080798575605, 0.7437019733172827, 0.9404584491186287, 0.2254846142235054, 0.2283008620076727, 0.6581528155992775, 0.7272070178932168, 0.12112004984536584, 0.7822811115828571, 0.476036916331313, 0.3876918143891681, 0.7111867856953543, 0.38527230371818466, 0.7156511437132121, 0.539947055175897, 0.24563299267355904, 0.5543268097397758, 0.5289528448708082, 0.46782577164314465, 0.30773864332511397, 0.348438310299338], BATTLES: 418-368-431-402-367-411-375-340-393-
4, 12, -3359.0, [0.5128296129363695, 0.036014301336803445, 0.1666992152324842, 0.20547817650620093, 0.656292285905171, 0.94563284295946, 0.1777305878998236, 0.0902358476050435, 0.14730588049217685, 0.855022471443002, 0.932059348939487, 0.33573817714757137, 0.8492488397719111, 0.50844882901757, 0.5794206080277583, 0.924673745832733, 0.6388605130915468, 0.545654845585903, 0.7332802498984953, 0.9737990659856529, 0.7394046423999917, 0.7652726014896012, 0.029447515281802256, 0.5059380696882076, 0.9232350113086905, 0.6705027553052696, 0.36261783851613183, 0.42802048432644535], BATTLES: 376-360-395-416-362-400-292-280-341-
4, 13, -3484.0, [0.8888187130276782, 0.36816217538438145, 0.22183402841905958, 0.6244133302346053, 0.6107080794944164, 0.7694070832175961, 0.5376429757094152, 0.3972400173307986, 0.5872228826737715, 0.9863486810522605, 0.8950381024963882, 0.15482254160826275, 0.5829498060043989, 0.8336878605927056, 0.369095407490701, 0.8434634453915076, 0.4983728815193847, 0.5639458456425425, 0.9990307317854534, 0.8019486764118123, 0.2922448334615327, 0.7498519994676082, 0.19188941215101718, 0.9214639435262661, 0.5446259381958, 0.3358819226739657, 0.42904802081929916, 0.023479198368642706], BATTLES: 396-352-407-456-414-430-332-333-342-
4, 14, -3499.0, [0.6638894173627217, 0.6385182013771291, 0.5059258479469846, 0.45997829624441566, 0.9902282433196276, 0.8917531865185315, 0.7457407530882351, 0.3193877158923052, 0.5967874474092612, 0.6291851321865275, 0.1672916341088232, 0.14840335242891028, 0.5393788215745113, 0.7006925496096054, 0.47935200541408424, 0.978333718303099, 0.3459028843146379, 0.8815932887252605, 0.8108384298569393, 0.24347652456019075, 0.6792348367475767, 0.6839137966179724, 0.1443943102150511, 0.32941740371257877, 0.6370171524464583, 0.23332680443774867, 0.26236557592809456, 0.6618069385366575], BATTLES: 345-336-351-382-337-374-318-351-301-
5, 0, -3106.0, [0.5467510720888377, 0.2567681316304879, 0.4414577760916595, 0.8527148707066472, 0.3493757341946653, 0.7579227228270029, 0.11001170049573862, 0.143957763193921, 0.45166547176462835, 0.6703083936938194, 0.20126721665965652, 0.13033989210190572, 0.7654436960588181, 0.4392479042900356, 0.3696318280129911, 0.8119937814397997, 0.5042985711695308, 0.7800936905756828, 0.674896667012668, 0.707218321557881, 0.5154107847386755, 0.3504173543403618, 0.10840169176162412, 0.2898725080790906, 0.6602485985934208, 0.28578511463318296, 0.293506576258111, 0.4270816881086653], BATTLES: 339-321-370-376-362-358-311-327-342-
5, 1, -3262.0, [0.5804021011322099, 0.30761704000950485, 0.1654043528119417, 0.3123869246825131, 0.926220644600437, 0.9353582820808765, 0.7095971583915407, 0.04367191926038044, 0.16457922902160294, 0.9209413713355054, 0.11842655929564111, 0.06042230649910496, 0.6433149489883028, 0.8689267689837429, 0.32057488704699083, 0.866649593995583, 0.4952796744380872, 0.24342037275634842, 0.6535784459156739, 0.5085877685231306, 0.23948698420805903, 0.5300530994807633, 0.06543080900498671, 0.7091013027274855, 0.2583848832923497, 0.4258374520539695, 0.5315583151185409, 0.3532710529392126], BATTLES: 330-318-316-420-413-409-265-278-369-
5, 2, -3442.0, [0.6795973942320304, 0.29233958955016826, 0.42403745653234826, 0.697175788994643, 0.47024580437527647, 0.8103884284408174, 0.49790411647135524, 0.054967629797424256, 0.5326956966252226, 0.9947528803185235, 0.8046591944140882, 0.37247089045432685, 0.9717296202806981, 0.6141101825754952, 0.026553817510724706, 0.7495611961700536, 0.3292306267228234, 0.3931189541068262, 0.35403182868494204, 0.5487150552743087, 0.9286224785974838, 0.2710206194434036, 0.043526199942180044, 0.8494373154096344, 0.33559227103695427, 0.5362076822155954, 0.6462548885588059, 0.3010980438068826], BATTLES: 329-326-364-365-344-367-306-275-354-
5, 3, -2628.0, [0.37962538540606405, 0.8058846563347094, 0.3688638105591552, 0.5188308585003591, 0.6484164840930877, 0.7267680007322628, 0.20951757999451584, 0.079673720302086, 0.3059249365250472, 0.8492234641295379, 0.5521615176344266, 0.3972199551307761, 0.6665019886949065, 0.3475174387331001, 0.0036045125948774293, 0.9966935239773167, 0.5238803685419078, 0.018154829003569038, 0.2908670743247507, 0.3102555537305357, 0.34980385950930837, 0.7013192323708085, 0.06574284363354221, 0.5266078913165094, 0.7630083157172812, 0.5415855486912929, 0.7512645218275125, 0.022487074058474332], BATTLES: 318-220-365-268-254-346-205-216-308-
5, 4, -2897.0, [0.882568972440238, 0.1878753639170112, 0.5956635431521194, 0.6730252253176812, 0.5460797491760456, 0.34652619860021405, 0.4971405893652667, 0.23774982008364792, 0.6117447977862724, 0.9649904821753513, 0.6204027244317458, 0.7848288417304561, 0.35154652315114443, 0.6896655468608046, 0.033199872948770914, 0.86342070115623, 0.5191634561873678, 0.4179233425609865, 0.9437462235512998, 0.25110254781050073, 0.7045106687054208, 0.5250199539890611, 0.10747061465821772, 0.8390602813005916, 0.258106382306906, 0.5734282447418362, 0.5723542107628169, 0.6332027904628514], BATTLES: 215-225-193-282-255-248-371-340-262-
5, 5, -2634.0, [0.7087380154684388, 0.1893620623689014, 0.8708058750311969, 0.09124433285185751, 0.2229325421568603, 0.7374269158462822, 0.7181036248334521, 0.020202270852941018, 0.04131511606889626, 0.6172545371261868, 0.9542365748368555, 0.06379875105911059, 0.48112034960434635, 0.5123513587306888, 0.4011705923625049, 0.9932040814443672, 0.5386275705537565, 0.8622601464760589, 0.8578002876296027, 0.2242648807282579, 0.78978676374844, 0.26752532700012205, 0.15516910029163933, 0.9451190191217405, 0.5500965084782635, 0.4711084591125133, 0.8649914379874194, 0.36937086601341146], BATTLES: 287-226-246-260-257-263-309-292-231-
5, 6, -3095.0, [0.4824851650684274, 0.24741563051430987, 0.5851199869338484, 0.20982568320053463, 0.9654714976838141, 0.9401512184211319, 0.7988247940062789, 0.09962827241802563, 0.30585091595623914, 0.7914273748790043, 0.6077351850552226, 0.5086841107474315, 0.8528503482185087, 0.35679586066309593, 0.6226795528268544, 0.7510046648030411, 0.2928799934115473, 0.553740780475209, 0.6184191179583001, 0.3499551461523004, 0.2174686756278603, 0.5961670792412975, 0.016426511883895496, 0.7798295665286107, 0.7498706870488568, 0.7108696945639292, 0.38527932249427627, 0.3355443945765989], BATTLES: 333-332-359-346-349-358-306-280-347-
5, 7, -2852.0, [0.8298130738609729, 0.4415494617858359, 0.4449919949538341, 0.31296076543220097, 0.6025182272893911, 0.5878527577811016, 0.7433099436463675, 0.1440220558235854, 0.4431793712937019, 0.7518152934046554, 0.11222624670231551, 0.31703244937189023, 0.653103930615745, 0.6336020857563379, 0.38683256805368715, 0.9662028138716386, 0.16697732007915594, 0.8370558371603196, 0.8589062207716688, 0.2727223772145839, 0.28211620391303505, 0.36995439913538186, 0.48203608503894263, 0.5647397733538596, 0.6095505772833101, 0.47748245738268297, 0.01714604004562381, 0.7698700722230306], BATTLES: 191-211-230-248-197-188-362-338-259-
5, 8, -1028.0, [0.6909086969247406, 0.8295893883297423, 0.626223563617328, 0.3181265145412552, 0.08386360712074425, 0.43134589736218654, 0.40760230825655347, 0.04013517836938424, 0.3336533816656797, 0.23359490411441797, 0.9599459853059291, 0.2843300908665993, 0.547280578840846, 0.6156658722717412, 0.579412855931411, 0.9724838930275491, 0.19305772016722503, 0.3690993940679965, 0.6526776945851673, 0.3232853327772458, 0.31702874736862474, 0.3823501718334552, 0.4576544886440449, 0.9617529658566832, 0.412219591101881, 0.7016771441872648, 0.22539150561037902, 0.7405351371849173], BATTLES: 25-0-1-42-20-46-133-91-92-
5, 9, -3228.0, [0.7815626255888213, 0.606342383604589, 0.19831269091112597, 0.25369125959372196, 0.8478036148466971, 0.8616281828285948, 0.26725493711551807, 0.057154996288213245, 0.3972140242797403, 0.8323136265631197, 0.3672048697335588, 0.8927505631832123, 0.8494941869034985, 0.9008390399081986, 0.47398323378002793, 0.85483315987175, 0.25344637282451754, 0.0396704398042278, 0.9061934265798293, 0.35901110568094957, 0.21319474390094273, 0.4764115134984166, 0.22305092474266075, 0.8927284191480342, 0.7206019307159138, 0.28192437828291933, 0.7834689727690423, 0.5531873238940251], BATTLES: 385-365-354-371-336-361-366-344-346-
5, 10, -207.0, [0.016837555062005183, 0.5903553426832103, 0.0308689693802945, 0.5403128503029156, 0.13369945005739214, 0.5180119422873827, 0.5114955888157731, 0.3705991919608018, 0.7879291577467564, 0.9416246821508778, 0.6771021318075934, 0.17405725577484188, 0.5547521474449243, 0.8344175650107101, 0.37908854427989824, 0.6922693178846244, 0.7852737868202417, 0.4661039076633118, 0.5689432096592644, 0.9222496762957786, 0.36396712498648365, 0.8566102591703202, 0.3992500746772, 0.9840716240125147, 0.7170352600347645, 0.3699212575620359, 0.5566123244494243, 0.03295601994072045], BATTLES: 26-5-2-49-26-22-37-8-12-
5, 11, -3234.0, [0.509619604239209, 0.13291105672098133, 0.1468943343759559, 0.7226052898497295, 0.7553202428607899, 0.8564022326138624, 0.7571325126653097, 0.0945320099652229, 0.7437019733172827, 0.9404584491186287, 0.2254846142235054, 0.2283008620076727, 0.5524643882002978, 0.7272070178932168, 0.06056002492268292, 0.7822811115828571, 0.476036916331313, 0.30882100401991075, 0.7111867856953543, 0.34769985693460626, 0.8850088959718977, 0.539947055175897, 0.24563299267355904, 0.35616823353458255, 0.40706015761269027, 0.7869630988207905, 0.30773864332511397, 0.2298649752583676], BATTLES: 368-359-370-405-400-389-283-308-343-
5, 12, -3121.0, [0.7083406320622069, 0.21537843431735698, 0.18130371411507254, 0.20547817650620093, 0.8410539418802384, 0.815533372806134, 0.40061449728058135, 0.0803792378808929, 0.14730588049217685, 0.9770691709144812, 0.932059348939487, 0.33573817714757137, 0.9246244198859556, 0.8122611547680441, 0.5794206080277583, 0.924673745832733, 0.6388605130915468, 0.545654845585903, 0.8666401249492477, 0.6878785409970516, 0.35857232084736596, 0.7645065201603249, 0.029447515281802256, 0.5059380696882076, 0.9616175056543452, 0.6705027553052696, 0.4454722095540563, 0.42802048432644535], BATTLES: 320-336-377-369-369-407-240-251-341-
5, 13, -3070.0, [0.8888187130276782, 0.36816217538438145, 0.22183402841905958, 0.6244133302346053, 0.6107080794944164, 0.7694070832175961, 0.5376429757094152, 0.3972400173307986, 0.5872228826737715, 0.9863486810522605, 0.8950381024963882, 0.15482254160826275, 0.5829498060043989, 0.8336878605927056, 0.369095407490701, 0.8434634453915076, 0.4983728815193847, 0.5639458456425425, 0.9990307317854534, 0.8019486764118123, 0.2922448334615327, 0.7498519994676082, 0.19188941215101718, 0.9214639435262661, 0.5446259381958, 0.3358819226739657, 0.42904802081929916, 0.023479198368642706], BATTLES: 338-338-374-358-377-374-304-314-293-
5, 14, -3077.0, [0.6638894173627217, 0.6385182013771291, 0.5059258479469846, 0.45997829624441566, 0.9902282433196276, 0.8917531865185315, 0.7457407530882351, 0.3193877158923052, 0.5967874474092612, 0.6291851321865275, 0.1672916341088232, 0.14840335242891028, 0.5393788215745113, 0.7006925496096054, 0.47935200541408424, 0.978333718303099, 0.3459028843146379, 0.8815932887252605, 0.8108384298569393, 0.24347652456019075, 0.6792348367475767, 0.6839137966179724, 0.1443943102150511, 0.32941740371257877, 0.6370171524464583, 0.23332680443774867, 0.26236557592809456, 0.6618069385366575], BATTLES: 332-317-362-370-373-397-299-304-323-
6, 0, -3022.0, [0.5467510720888377, 0.2567681316304879, 0.4414577760916595, 0.9618387937798935, 0.3493757341946653, 0.7579227228270029, 0.11001170049573862, 0.143957763193921, 0.6173765996143266, 0.8906432996197283, 0.20126721665965652, 0.34028008223550676, 0.7654436960588181, 0.4392479042900356, 0.3696318280129911, 0.8186230712848552, 0.3037380029131169, 0.7800936905756828, 0.674896667012668, 0.13879475563274668, 0.5317371040645663, 0.3504173543403618, 0.10840169176162412, 0.6910893797665347, 0.3249648358320988, 0.28578511463318296, 0.293506576258111, 0.4270816881086653], BATTLES: 314-319-358-361-332-359-313-292-324-
6, 1, -3321.0, [0.8637585280226782, 0.30761704000950485, 0.7065844842022013, 0.2615141681909731, 0.926220644600437, 0.7540912197826625, 0.7095971583915407, 0.012321729665088182, 0.16457922902160294, 0.8362774002861175, 0.6517119167192882, 0.23749245914975398, 0.6433149489883028, 0.8689267689837429, 0.30418774838603546, 0.8474144534431418, 0.4591162784287758, 0.24342037275634842, 0.6305244563726722, 0.3715036805642179, 0.5666940923475932, 0.249337141543715, 0.06543080900498671, 0.9316243890598356, 0.2583848832923497, 0.3706743094547861, 0.7626232451063768, 0.25697238875752654], BATTLES: 353-329-307-394-401-410-312-316-377-
6, 2, -3419.0, [0.8397986971160152, 0.16149513327272824, 0.5183143690862533, 0.697175788994643, 0.7511452375895906, 0.9584292567240981, 0.49790411647135524, 0.07065580037753656, 0.4145043779962567, 0.9947528803185235, 0.9329966853222604, 0.37247089045432685, 0.9717296202806981, 0.6141101825754952, 0.026553817510724706, 0.7495611961700536, 0.16028126875670284, 0.45073582564098036, 0.35403182868494204, 0.5487150552743087, 0.886386867342467, 0.22292025514008398, 0.021763099971090022, 0.9978373002221568, 0.28583491589171806, 0.5362076822155954, 0.571135198102951, 0.29551736110222876], BATTLES: 375-334-333-396-382-392-347-349-364-
6, 3, -2792.0, [0.8306356257459766, 0.8058846563347094, 0.3688638105591552, 0.5188308585003591, 0.7904243839774512, 0.7267680007322628, 0.7286970060276388, 0.039836860151043, 0.3059249365250472, 0.8492234641295379, 0.2250525538259752, 0.3972199551307761, 0.6665019886949065, 0.3475174387331001, 0.11200333091139415, 0.9966935239773167, 0.19469735788878584, 0.018154829003569038, 0.6635573643372367, 0.23315198966649495, 0.726587359186838, 0.7013192323708085, 0.05092471759444401, 0.5266078913165094, 0.7630083157172812, 0.3326585571509461, 0.7512645218275125, 0.4085228075013246], BATTLES: 320-315-295-289-245-282-252-191-253-
6, 4, -2801.0, [0.882568972440238, 0.1878753639170112, 0.5956635431521194, 0.6730252253176812, 0.5460797491760456, 0.34652619860021405, 0.4971405893652667, 0.23774982008364792, 0.6117447977862724, 0.9649904821753513, 0.6204027244317458, 0.7848288417304561, 0.35154652315114443, 0.6896655468608046, 0.033199872948770914, 0.86342070115623, 0.5191634561873678, 0.4179233425609865, 0.9437462235512998, 0.25110254781050073, 0.7045106687054208, 0.5250199539890611, 0.10747061465821772, 0.8390602813005916, 0.258106382306906, 0.5734282447418362, 0.5723542107628169, 0.6332027904628514], BATTLES: 263-246-264-324-347-349-360-327-321-
6, 5, -2453.0, [0.7087380154684388, 0.1893620623689014, 0.8708058750311969, 0.09124433285185751, 0.2229325421568603, 0.7374269158462822, 0.7181036248334521, 0.020202270852941018, 0.04131511606889626, 0.6172545371261868, 0.9542365748368555, 0.06379875105911059, 0.48112034960434635, 0.5123513587306888, 0.4011705923625049, 0.9932040814443672, 0.5386275705537565, 0.8622601464760589, 0.8578002876296027, 0.2242648807282579, 0.78978676374844, 0.26752532700012205, 0.15516910029163933, 0.9451190191217405, 0.5500965084782635, 0.4711084591125133, 0.8649914379874194, 0.36937086601341146], BATTLES: 307-231-244-286-249-243-343-295-255-
6, 6, -2942.0, [0.4902957164892487, 0.5063141464197766, 0.5851199869338484, 0.20982568320053463, 0.5917054265846633, 0.9401512184211319, 0.6483186974867735, 0.09962827241802563, 0.30585091595623914, 0.7914273748790043, 0.8038675925276113, 0.2622125128990842, 0.8528503482185087, 0.35679586066309593, 0.6226795528268544, 0.7510046648030411, 0.2928799934115473, 0.553740780475209, 0.6184191179583001, 0.3499551461523004, 0.3896527794131065, 0.5961670792412975, 0.016426511883895496, 0.7987081329165548, 0.7498706870488568, 0.7434791114829814, 0.4682827225436648, 0.3355443945765989], BATTLES: 293-296-355-300-343-383-304-298-365-
6, 7, -2726.0, [0.8298130738609729, 0.4415494617858359, 0.4449919949538341, 0.31296076543220097, 0.6025182272893911, 0.5878527577811016, 0.7433099436463675, 0.1440220558235854, 0.4431793712937019, 0.7518152934046554, 0.11222624670231551, 0.31703244937189023, 0.653103930615745, 0.6336020857563379, 0.38683256805368715, 0.9662028138716386, 0.16697732007915594, 0.8370558371603196, 0.8589062207716688, 0.2727223772145839, 0.28211620391303505, 0.36995439913538186, 0.48203608503894263, 0.5647397733538596, 0.6095505772833101, 0.47748245738268297, 0.01714604004562381, 0.7698700722230306], BATTLES: 333-336-297-259-221-240-400-339-301-
6, 8, -1155.0, [0.7421604555431967, 0.8295893883297423, 0.626223563617328, 0.39837094775746046, 0.08386360712074425, 0.6584173642276838, 0.594326583715004, 0.04013517836938424, 0.38459993741282356, 0.6534463120728634, 0.261976575078776, 0.2843300908665993, 0.5500498475179141, 0.6156658722717412, 0.579412855931411, 0.9724838930275491, 0.19305772016722503, 0.3690993940679965, 0.7129192482133953, 0.3363279376120907, 0.31702874736862474, 0.478029145999379, 0.3094353076766781, 0.6489457468894979, 0.412219591101881, 0.6115975487589577, 0.22539150561037902, 0.7405351371849173], BATTLES: 61-55-81-61-45-81-207-156-147-
6, 9, -3121.0, [0.7815626255888213, 0.38316179740927137, 0.21928053298907366, 0.21117456608469076, 0.8997474972252277, 0.8763268735854937, 0.7457878019297532, 0.10902387198389628, 0.5521858809973648, 0.8931888737642599, 0.3672048697335588, 0.8927505631832123, 0.7172323781907654, 0.9008390399081986, 0.47398323378002793, 0.85483315987175, 0.25344637282451754, 0.0198352199021139, 0.7796494681154935, 0.5458318317050224, 0.2350387514106983, 0.7239136653643181, 0.11152546237133037, 0.9432524663584271, 0.40444015301805847, 0.18727263808284847, 0.7420040667662219, 0.5531873238940251], BATTLES: 358-327-326-360-324-343-349-296-342-
6, 10, -174.0, [0.016837555062005183, 0.5903553426832103, 0.06399544130674102, 0.5403128503029156, 0.13369945005739214, 0.5180119422873827, 0.5573395116645019, 0.3705991919608018, 0.7879291577467564, 0.9265635097479994, 0.6771021318075934, 0.10567802597073732, 0.5547521474449243, 0.9402190610176187, 0.5350675908953946, 0.6922693178846244, 0.677462250793195, 0.4661039076633118, 0.8405378601170693, 0.9222496762957786, 0.36396712498648365, 0.7888535477779526, 0.2212511521506802, 0.9840716240125147, 0.7170352600347645, 0.4770786646584496, 0.45391378844319796, 0.03295601994072045], BATTLES: 20-2-0-38-28-23-21-3-9-
6, 11, -3083.0, [0.509619604239209, 0.13291105672098133, 0.1468943343759559, 0.7226052898497295, 0.7553202428607899, 0.8564022326138624, 0.7571325126653097, 0.0945320099652229, 0.7437019733172827, 0.9404584491186287, 0.2254846142235054, 0.2283008620076727, 0.5524643882002978, 0.7272070178932168, 0.06056002492268292, 0.7822811115828571, 0.476036916331313, 0.30882100401991075, 0.7111867856953543, 0.34769985693460626, 0.8850088959718977, 0.539947055175897, 0.24563299267355904, 0.35616823353458255, 0.40706015761269027, 0.7869630988207905, 0.30773864332511397, 0.2298649752583676], BATTLES: 320-324-355-393-392-380-273-284-362-
6, 12, -3168.0, [0.6599238148658292, 0.21537843431735698, 0.18130371411507254, 0.20547817650620093, 0.9205269709401191, 0.907766686403067, 0.40061449728058135, 0.0803792378808929, 0.07365294024608843, 0.9885345854572406, 0.09795461210551915, 0.16786908857378569, 0.9623122099429777, 0.906130577384022, 0.5794206080277583, 0.924673745832733, 0.709231790364715, 0.545654845585903, 0.628748071029194, 0.7690705824324865, 0.17928616042368298, 0.7723226116932367, 0.029447515281802256, 0.747326703946436, 0.5327509178421653, 0.5917459205815052, 0.46957683434051845, 0.42802048432644535], BATTLES: 338-347-349-309-300-348-331-313-357-
6, 13, -2937.0, [0.9444093565138392, 0.36816217538438145, 0.22183402841905958, 0.6244133302346053, 0.782089067918491, 0.6751297440163347, 0.5376429757094152, 0.16263342942581996, 0.5319335147997298, 0.9863486810522605, 0.8950381024963882, 0.03825065664886779, 0.5829498060043989, 0.7775861525243756, 0.43997449013041257, 0.9121545210923819, 0.4983728815193847, 0.7595128190818896, 0.9995153658927267, 0.40893540979401233, 0.2922448334615327, 0.5900952203638279, 0.32061309204681454, 0.9214639435262661, 0.5497273205606165, 0.2600857447830778, 0.045995000112434015, 0.023479198368642706], BATTLES: 319-301-331-355-344-346-299-271-281-
6, 14, -3057.0, [0.6638894173627217, 0.6385182013771291, 0.5059258479469846, 0.6611991831069222, 0.9951141216598138, 0.9764886272449562, 0.7877884791089029, 0.11238729575811177, 0.6564919914843008, 0.6291851321865275, 0.1672916341088232, 0.10137658961445847, 0.4311337968376019, 0.7006925496096054, 0.47935200541408424, 0.978333718303099, 0.4292366092646188, 0.44496467776882764, 0.7778654611968954, 0.24347652456019075, 0.6792348367475767, 0.6839137966179724, 0.22842962059266506, 0.30518557635072285, 0.6370171524464583, 0.38132923260974283, 0.36796699947146505, 0.6058637971434606], BATTLES: 289-292-348-334-344-355-296-262-314-
7, 0, -2964.0, [0.5467510720888377, 0.2567681316304879, 0.4414577760916595, 0.9618387937798935, 0.3493757341946653, 0.7579227228270029, 0.11001170049573862, 0.143957763193921, 0.6173765996143266, 0.8906432996197283, 0.20126721665965652, 0.34028008223550676, 0.7654436960588181, 0.4392479042900356, 0.3696318280129911, 0.8186230712848552, 0.3037380029131169, 0.7800936905756828, 0.674896667012668, 0.13879475563274668, 0.5317371040645663, 0.3504173543403618, 0.10840169176162412, 0.6910893797665347, 0.3249648358320988, 0.28578511463318296, 0.293506576258111, 0.4270816881086653], BATTLES: 326-276-363-371-323-360-338-285-322-
7, 1, -3231.0, [0.8637585280226782, 0.30761704000950485, 0.7065844842022013, 0.2615141681909731, 0.926220644600437, 0.7540912197826625, 0.7095971583915407, 0.012321729665088182, 0.16457922902160294, 0.8362774002861175, 0.6517119167192882, 0.23749245914975398, 0.6433149489883028, 0.8689267689837429, 0.30418774838603546, 0.8474144534431418, 0.4591162784287758, 0.24342037275634842, 0.6305244563726722, 0.3715036805642179, 0.5666940923475932, 0.249337141543715, 0.06543080900498671, 0.9316243890598356, 0.2583848832923497, 0.3706743094547861, 0.7626232451063768, 0.25697238875752654], BATTLES: 360-298-257-407-372-373-414-411-339-
7, 2, -3384.0, [0.8397986971160152, 0.16149513327272824, 0.5183143690862533, 0.697175788994643, 0.7511452375895906, 0.9584292567240981, 0.49790411647135524, 0.07065580037753656, 0.4145043779962567, 0.9947528803185235, 0.9329966853222604, 0.37247089045432685, 0.9717296202806981, 0.6141101825754952, 0.026553817510724706, 0.7495611961700536, 0.16028126875670284, 0.45073582564098036, 0.35403182868494204, 0.5487150552743087, 0.886386867342467, 0.22292025514008398, 0.021763099971090022, 0.9978373002221568, 0.28583491589171806, 0.5362076822155954, 0.571135198102951, 0.29551736110222876], BATTLES: 374-350-332-445-416-405-372-339-351-
7, 3, -3194.0, [0.8306356257459766, 0.8058846563347094, 0.6396563151020729, 0.16817504679564274, 0.7904243839774512, 0.9737501417578605, 0.7286970060276388, 0.0199184300755215, 0.3059249365250472, 0.9070169319311691, 0.13475324584101306, 0.3972199551307761, 0.894117160210717, 0.3475174387331001, 0.34444083536320097, 0.9966935239773167, 0.19469735788878584, 0.19865879687706245, 0.6635573643372367, 0.23315198966649495, 0.726587359186838, 0.3986047543523159, 0.025462358797222005, 0.5266078913165094, 0.40711627129545136, 0.48652893096394956, 0.7064508142038954, 0.5527251525638435], BATTLES: 341-310-310-306-254-305-336-322-287-
7, 4, -2992.0, [0.882568972440238, 0.28952720806974136, 0.6774183640371519, 0.05081554299470026, 0.5460797491760456, 0.7346650291842967, 0.814451674217532, 0.11887491004182396, 0.6117447977862724, 0.797604620027045, 0.6204027244317458, 0.9286154302118768, 0.35154652315114443, 0.6896655468608046, 0.31676889585831136, 0.8599227969488384, 0.28908449688386506, 0.20896167128049326, 0.5419386037380578, 0.14871558410088864, 0.7045106687054208, 0.5250199539890611, 0.10747061465821772, 0.8390602813005916, 0.258106382306906, 0.5734282447418362, 0.951998448647992, 0.7489898125611598], BATTLES: 244-213-248-330-324-348-387-318-309-
7, 5, -2417.0, [0.7087380154684388, 0.1893620623689014, 0.8708058750311969, 0.09124433285185751, 0.2229325421568603, 0.7374269158462822, 0.7181036248334521, 0.020202270852941018, 0.04131511606889626, 0.6172545371261868, 0.9542365748368555, 0.06379875105911059, 0.48112034960434635, 0.5123513587306888, 0.4011705923625049, 0.9932040814443672, 0.5386275705537565, 0.8622601464760589, 0.8578002876296027, 0.2242648807282579, 0.78978676374844, 0.26752532700012205, 0.15516910029163933, 0.9451190191217405, 0.5500965084782635, 0.4711084591125133, 0.8649914379874194, 0.36937086601341146], BATTLES: 309-219-238-278-233-270-343-281-246-
7, 6, -2843.0, [0.4902957164892487, 0.5063141464197766, 0.5851199869338484, 0.20982568320053463, 0.5917054265846633, 0.9401512184211319, 0.6483186974867735, 0.09962827241802563, 0.30585091595623914, 0.7914273748790043, 0.8038675925276113, 0.2622125128990842, 0.8528503482185087, 0.35679586066309593, 0.6226795528268544, 0.7510046648030411, 0.2928799934115473, 0.553740780475209, 0.6184191179583001, 0.3499551461523004, 0.3896527794131065, 0.5961670792412975, 0.016426511883895496, 0.7987081329165548, 0.7498706870488568, 0.7434791114829814, 0.4682827225436648, 0.3355443945765989], BATTLES: 319-305-343-314-273-357-316-261-355-
7, 7, -2706.0, [0.8298130738609729, 0.4415494617858359, 0.4449919949538341, 0.31296076543220097, 0.6025182272893911, 0.5878527577811016, 0.7433099436463675, 0.1440220558235854, 0.4431793712937019, 0.7518152934046554, 0.11222624670231551, 0.31703244937189023, 0.653103930615745, 0.6336020857563379, 0.38683256805368715, 0.9662028138716386, 0.16697732007915594, 0.8370558371603196, 0.8589062207716688, 0.2727223772145839, 0.28211620391303505, 0.36995439913538186, 0.48203608503894263, 0.5647397733538596, 0.6095505772833101, 0.47748245738268297, 0.01714604004562381, 0.7698700722230306], BATTLES: 327-303-303-289-199-231-405-343-306-
7, 8, -1067.0, [0.7421604555431967, 0.8295893883297423, 0.626223563617328, 0.39837094775746046, 0.08386360712074425, 0.6584173642276838, 0.594326583715004, 0.04013517836938424, 0.38459993741282356, 0.6534463120728634, 0.261976575078776, 0.2843300908665993, 0.5500498475179141, 0.6156658722717412, 0.579412855931411, 0.9724838930275491, 0.19305772016722503, 0.3690993940679965, 0.7129192482133953, 0.3363279376120907, 0.31702874736862474, 0.478029145999379, 0.3094353076766781, 0.6489457468894979, 0.412219591101881, 0.6115975487589577, 0.22539150561037902, 0.7405351371849173], BATTLES: 84-70-112-74-66-99-221-162-179-
7, 9, -3037.0, [0.7815626255888213, 0.38316179740927137, 0.21928053298907366, 0.21117456608469076, 0.8997474972252277, 0.8763268735854937, 0.7457878019297532, 0.10902387198389628, 0.5521858809973648, 0.8931888737642599, 0.3672048697335588, 0.8927505631832123, 0.7172323781907654, 0.9008390399081986, 0.47398323378002793, 0.85483315987175, 0.25344637282451754, 0.0198352199021139, 0.7796494681154935, 0.5458318317050224, 0.2350387514106983, 0.7239136653643181, 0.11152546237133037, 0.9432524663584271, 0.40444015301805847, 0.18727263808284847, 0.7420040667662219, 0.5531873238940251], BATTLES: 333-305-326-364-362-385-325-300-337-
7, 10, -284.0, [0.9224153291101544, 0.5903553426832103, 0.06399544130674102, 0.5403128503029156, 0.13369945005739214, 0.5180119422873827, 0.5573395116645019, 0.3705991919608018, 0.7879291577467564, 0.9265635097479994, 0.9813417236185613, 0.10567802597073732, 0.5035078119515314, 0.9402190610176187, 0.5350675908953946, 0.6922693178846244, 0.677462250793195, 0.4661039076633118, 0.7454172508000663, 0.9222496762957786, 0.7298906004628677, 0.3601774837728377, 0.2212511521506802, 0.9840716240125147, 0.15615827597987914, 0.4770786646584496, 0.45391378844319796, 0.03295601994072045], BATTLES: 0-2-7-39-26-51-15-0-10-
7, 11, -3089.0, [0.509619604239209, 0.13291105672098133, 0.1468943343759559, 0.29085945018080095, 0.7553202428607899, 0.8564022326138624, 0.7571325126653097, 0.04726600498261145, 0.7437019733172827, 0.9404584491186287, 0.2254846142235054, 0.2283008620076727, 0.5524643882002978, 0.806157206876637, 0.051136146830745056, 0.7822811115828571, 0.476036916331313, 0.30882100401991075, 0.7111867856953543, 0.4648760987611119, 0.8850088959718977, 0.539947055175897, 0.24563299267355904, 0.35616823353458255, 0.40706015761269027, 0.7869630988207905, 0.30773864332511397, 0.2298649752583676], BATTLES: 328-315-340-364-389-357-294-257-335-
7, 12, -3073.0, [0.6599238148658292, 0.21537843431735698, 0.18130371411507254, 0.20547817650620093, 0.9205269709401191, 0.907766686403067, 0.40061449728058135, 0.0803792378808929, 0.07365294024608843, 0.9885345854572406, 0.09795461210551915, 0.16786908857378569, 0.9623122099429777, 0.906130577384022, 0.5794206080277583, 0.924673745832733, 0.709231790364715, 0.545654845585903, 0.628748071029194, 0.7690705824324865, 0.17928616042368298, 0.7723226116932367, 0.029447515281802256, 0.747326703946436, 0.5327509178421653, 0.5917459205815052, 0.46957683434051845, 0.42802048432644535], BATTLES: 352-308-329-380-385-372-299-275-373-
7, 13, -3054.0, [0.9722046782569196, 0.36816217538438145, 0.22183402841905958, 0.19026114684387616, 0.8910445339592454, 0.687451587589569, 0.5376429757094152, 0.16263342942581996, 0.5319335147997298, 0.8186015880868378, 0.6795967822092772, 0.03825065664886779, 0.43721977458831907, 0.7775861525243756, 0.5170923103287133, 0.9121545210923819, 0.4983728815193847, 0.39754334279873865, 0.9995153658927267, 0.2922407583324173, 0.2922448334615327, 0.3930472353120433, 0.19378741556769707, 0.9214639435262661, 0.3493584636689737, 0.23021399436626677, 0.045995000112434015, 0.1264323244135236], BATTLES: 339-315-281-367-306-291-366-334-266-
7, 14, -3159.0, [0.9185138316997126, 0.17274160301169192, 0.5059258479469846, 0.5272697797762674, 0.9975570608299069, 0.9882443136224781, 0.4237166437304683, 0.05619364787905588, 0.6564919914843008, 0.8145925660932638, 0.613007309191046, 0.021275599053126426, 0.715566898418801, 0.8601337408643182, 0.04081256979890452, 0.8103124601020699, 0.2523148001094406, 0.44496467776882764, 0.7778654611968954, 0.6085904235825508, 0.7440145004592332, 0.4041041078249363, 0.22842962059266506, 0.30518557635072285, 0.6370171524464583, 0.38132923260974283, 0.4768470024715475, 0.6058637971434606], BATTLES: 343-315-340-363-344-352-325-271-350-
8, 0, -2779.0, [0.5467510720888377, 0.2567681316304879, 0.4127447754464681, 0.606545218194211, 0.3493757341946653, 0.7579227228270029, 0.4033415663361699, 0.050108360714770414, 0.6173765996143266, 0.8795098117502068, 0.42348240969752293, 0.34028008223550676, 0.7654436960588181, 0.5036062346061732, 0.36770618252458176, 0.8220473300536068, 0.12117063216158828, 0.7768179793135153, 0.891155234027184, 0.07246353475758058, 0.5317371040645663, 0.25045047869653664, 0.12534391640690057, 0.8455446898832674, 0.3243123310433401, 0.1804375637746069, 0.02405932681301365, 0.4270816881086653], BATTLES: 277-254-309-325-284-307-306-232-312-
8, 1, -2998.0, [0.8637585280226782, 0.30761704000950485, 0.7065844842022013, 0.2615141681909731, 0.926220644600437, 0.7540912197826625, 0.7095971583915407, 0.012321729665088182, 0.16457922902160294, 0.8362774002861175, 0.6517119167192882, 0.23749245914975398, 0.6433149489883028, 0.8689267689837429, 0.30418774838603546, 0.8474144534431418, 0.4591162784287758, 0.24342037275634842, 0.6305244563726722, 0.3715036805642179, 0.5666940923475932, 0.249337141543715, 0.06543080900498671, 0.9316243890598356, 0.2583848832923497, 0.3706743094547861, 0.7626232451063768, 0.25697238875752654], BATTLES: 349-289-229-375-328-323-372-399-334-
8, 2, -3170.0, [0.841552556737408, 0.27672309104235815, 0.5183143690862533, 0.647793478058238, 0.7511452375895906, 0.9792146283620491, 0.7643690940535739, 0.07065580037753656, 0.4145043779962567, 0.9973764401592617, 0.9329966853222604, 0.37247089045432685, 0.9717296202806981, 0.6141101825754952, 0.026553817510724706, 0.9153083239123587, 0.1154475988547258, 0.45073582564098036, 0.35403182868494204, 0.2430938810845008, 0.9431934336712335, 0.22292025514008398, 0.021763099971090022, 0.7864168320558769, 0.10480905189376297, 0.5362076822155954, 0.571135198102951, 0.29551736110222876], BATTLES: 335-281-293-415-384-386-350-313-366-
8, 3, -2943.0, [0.8306356257459766, 0.8058846563347094, 0.6396563151020729, 0.16817504679564274, 0.7904243839774512, 0.9737501417578605, 0.7286970060276388, 0.0199184300755215, 0.3059249365250472, 0.9070169319311691, 0.13475324584101306, 0.3972199551307761, 0.894117160210717, 0.3475174387331001, 0.34444083536320097, 0.9966935239773167, 0.19469735788878584, 0.19865879687706245, 0.6635573643372367, 0.23315198966649495, 0.726587359186838, 0.3986047543523159, 0.025462358797222005, 0.5266078913165094, 0.40711627129545136, 0.48652893096394956, 0.7064508142038954, 0.5527251525638435], BATTLES: 325-284-303-394-352-314-358-314-299-
8, 4, -2798.0, [0.882568972440238, 0.28728031490512357, 0.6774183640371519, 0.5274226320872485, 0.4379710761982823, 0.7346650291842967, 0.29582654088483407, 0.11952429908375367, 0.6117447977862724, 0.797604620027045, 0.6204027244317458, 0.9286154302118768, 0.35154652315114443, 0.4940300456356609, 0.32691717060636283, 0.8200870532208968, 0.28908449688386506, 0.20896167128049326, 0.4212807638250671, 0.14871558410088864, 0.6122693280249021, 0.5250199539890611, 0.05373530732910886, 0.8390602813005916, 0.258106382306906, 0.28367398197609567, 0.7393668336935802, 0.6110786070550678], BATTLES: 327-286-277-344-296-309-351-314-289-
8, 5, -2272.0, [0.7087380154684388, 0.1975535212402211, 0.8396664705676354, 0.09649481023654935, 0.2229325421568603, 0.7374269158462822, 0.7181036248334521, 0.010101135426470509, 0.07200478520768319, 0.6172545371261868, 0.9542365748368555, 0.21201100634774503, 0.48112034960434635, 0.7017715089604027, 0.24431985527079872, 0.9932040814443672, 0.5386275705537565, 0.8622601464760589, 0.6624266996831447, 0.22024989087567115, 0.78978676374844, 0.21559877173111613, 0.09230314928728522, 0.9725595095608702, 0.3126696969947144, 0.4711084591125133, 0.8649914379874194, 0.36937086601341146], BATTLES: 241-152-169-243-186-210-295-251-220-
8, 6, -2839.0, [0.7451478582446244, 0.5063141464197766, 0.7801995466031943, 0.20982568320053463, 0.5917054265846633, 0.8335431767581087, 0.6483186974867735, 0.09962827241802563, 0.30585091595623914, 0.7914273748790043, 0.9815310972140853, 0.2622125128990842, 0.8528503482185087, 0.6839844261697139, 0.38599189039664383, 0.7510046648030411, 0.07559840733958509, 0.553740780475209, 0.6184191179583001, 0.3499551461523004, 0.3896527794131065, 0.3621152283373563, 0.005875057286131665, 0.8993540664582774, 0.7498706870488568, 0.5602109283722403, 0.7836859032110817, 0.3355443945765989], BATTLES: 275-270-314-291-257-294-303-229-320-
8, 7, -2736.0, [0.9149065369304865, 0.3760805451915002, 0.4449919949538341, 0.31296076543220097, 0.8869043227850048, 0.5878527577811016, 0.7433099436463675, 0.0720110279117927, 0.15338885004539943, 0.7518152934046554, 0.5741217410408332, 0.15851622468594512, 0.9549851045924712, 0.8168010428781689, 0.38683256805368715, 0.7818589013281654, 0.7009796940058648, 0.8370558371603196, 0.8589062207716688, 0.8737579342939477, 0.3113619567558735, 0.34051520110284283, 0.24101804251947131, 0.7823698866769297, 0.6095505772833101, 0.47748245738268297, 0.4635249751949465, 0.7698700722230306], BATTLES: 313-264-262-262-184-185-368-300-290-
8, 8, -2841.0, [0.8016722700088997, 0.5197172770601992, 0.9027344947054028, 0.39837094775746046, 0.4851181876252517, 0.6584173642276838, 0.594326583715004, 0.04013517836938424, 0.38459993741282356, 0.6534463120728634, 0.3213602485570135, 0.2843300908665993, 0.47878003644876965, 0.6720254760577117, 0.41041872425474146, 0.9164485494577734, 0.19305772016722503, 0.3690993940679965, 0.434581061987136, 0.3363279376120907, 0.31702874736862474, 0.2440418947517407, 0.13999145056178908, 0.7522738770244388, 0.1850270447464695, 0.6098552914697852, 0.22539150561037902, 0.7405351371849173], BATTLES: 53-44-78-47-22-68-191-129-161-
8, 9, -2798.0, [0.7815626255888213, 0.38316179740927137, 0.21928053298907366, 0.37830476981248584, 0.8997474972252277, 0.9381634367927468, 0.7417354001373091, 0.05451193599194814, 0.5521858809973648, 0.856238803240873, 0.3672048697335588, 0.8927505631832123, 0.7172323781907654, 0.9008390399081986, 0.47398323378002793, 0.85483315987175, 0.12672318641225877, 0.04485219001897994, 0.3895591842857225, 0.5274201814639496, 0.9526488915912666, 0.7239136653643181, 0.05576273118566519, 0.7538486433408809, 0.34569122981991596, 0.2469989379936551, 0.7804909500758352, 0.28137046396259924], BATTLES: 290-244-296-321-331-330-292-275-325-
8, 10, -2819.0, [0.851297313277779, 0.5948316809239621, 0.5045144495634255, 0.38909819861852185, 0.5363464622282215, 0.5180119422873827, 0.5573395116645019, 0.02851227775757606, 0.4572283479312469, 0.9265635097479994, 0.5729023178620694, 0.10567802597073732, 0.5035078119515314, 0.5299363386068131, 0.26576396562913285, 0.6922693178846244, 0.677462250793195, 0.4661039076633118, 0.7454172508000663, 0.44627761321368653, 0.8649453002314338, 0.11343360475886255, 0.03642723060828973, 0.7915826649909009, 0.1522018097294536, 0.4770786646584496, 0.653238690966367, 0.03295601994072045], BATTLES: 10-6-8-22-19-41-15-5-1-
8, 11, -2770.0, [0.509619604239209, 0.13291105672098133, 0.1468943343759559, 0.29085945018080095, 0.7553202428607899, 0.8564022326138624, 0.7571325126653097, 0.04726600498261145, 0.7437019733172827, 0.9404584491186287, 0.2254846142235054, 0.2283008620076727, 0.5524643882002978, 0.806157206876637, 0.051136146830745056, 0.7822811115828571, 0.476036916331313, 0.30882100401991075, 0.7111867856953543, 0.4648760987611119, 0.8850088959718977, 0.539947055175897, 0.24563299267355904, 0.35616823353458255, 0.40706015761269027, 0.7869630988207905, 0.30773864332511397, 0.2298649752583676], BATTLES: 295-280-316-369-358-343-259-230-320-
8, 12, -2786.0, [0.8254739078962913, 0.10768921715867849, 0.18130371411507254, 0.20547817650620093, 0.8201113012877632, 0.907766686403067, 0.5557476725239427, 0.0803792378808929, 0.42452535913734235, 0.9885345854572406, 0.09795461210551915, 0.16786908857378569, 0.8861919662958848, 0.906130577384022, 0.28971030401387915, 0.924673745832733, 0.709231790364715, 0.545654845585903, 0.3823433379322179, 0.5403204162424253, 0.17928616042368298, 0.7723226116932367, 0.0280378927703759, 0.747326703946436, 0.5327509178421653, 0.5917459205815052, 0.46957683434051845, 0.42802048432644535], BATTLES: 293-272-285-313-324-371-296-264-352-
8, 13, -2876.0, [0.9722046782569196, 0.36816217538438145, 0.22183402841905958, 0.19026114684387616, 0.8910445339592454, 0.687451587589569, 0.5376429757094152, 0.16263342942581996, 0.5319335147997298, 0.8186015880868378, 0.6795967822092772, 0.03825065664886779, 0.43721977458831907, 0.7775861525243756, 0.5170923103287133, 0.9121545210923819, 0.4983728815193847, 0.39754334279873865, 0.9995153658927267, 0.2922407583324173, 0.2922448334615327, 0.3930472353120433, 0.19378741556769707, 0.9214639435262661, 0.3493584636689737, 0.23021399436626677, 0.045995000112434015, 0.1264323244135236], BATTLES: 302-264-257-367-369-294-374-362-287-
8, 14, -2916.0, [0.9071885759793387, 0.17274160301169192, 0.7877846784262699, 0.2534246587666906, 0.9987785304149535, 0.8799622427023714, 0.5633848765538142, 0.05619364787905588, 0.324960878653298, 0.8191675925573823, 0.613007309191046, 0.05084959235378246, 0.715566898418801, 0.9300668704321591, 0.27931262468372364, 0.7515841635220856, 0.49901378738213154, 0.45738350680987006, 0.7778654611968954, 0.5568994581119697, 0.567472329733469, 0.4041041078249363, 0.15068892054287242, 0.8451855023335964, 0.1746044733480112, 0.39565350392378174, 0.6324066839956428, 0.34386645526128873], BATTLES: 314-297-327-397-375-332-287-272-313-
9, 0, -2882.0, [0.5467510720888377, 0.2567681316304879, 0.4127447754464681, 0.6252134750151103, 0.7128106980214861, 0.8580756538483967, 0.4033415663361699, 0.050108360714770414, 0.5255601024462744, 0.8795098117502068, 0.680955889881818, 0.3548490913787346, 0.8265496792834105, 0.5036062346061732, 0.1368226046986392, 0.8220473300536068, 0.12117063216158828, 0.7768179793135153, 0.5220912669855979, 0.07246353475758058, 0.7179552004643288, 0.1320921431233668, 0.0017776195233879105, 0.8655489770389214, 0.12214544160751992, 0.1804375637746069, 0.271656507868028, 0.36753792424756493], BATTLES: 319-213-302-351-218-275-314-211-290-
9, 1, -2787.0, [0.8637585280226782, 0.30761704000950485, 0.7065844842022013, 0.2615141681909731, 0.9631103223002184, 0.7540912197826625, 0.7095971583915407, 0.006160864832544091, 0.49437811870162485, 0.8362774002861175, 0.6058383880161413, 0.23749245914975398, 0.6910811178466241, 0.7497670996802759, 0.15209387419301773, 0.9237072267215709, 0.4591162784287758, 0.41930891843970225, 0.5195096961859663, 0.3715036805642179, 0.5666940923475932, 0.249337141543715, 0.032715404502493356, 0.9316243890598356, 0.2583848832923497, 0.3706743094547861, 0.8722988494602071, 0.2698342749642805], BATTLES: 286-221-202-354-282-324-361-361-304-
9, 2, -2905.0, [0.920776278368704, 0.31863884191201597, 0.5183143690862533, 0.5399387931189455, 0.9519935583923497, 0.9627818454960959, 0.7853088201282328, 0.03532790018876828, 0.4635898530925089, 0.9496948085801616, 0.7895231731227679, 0.6359694251092174, 0.7419406256548159, 0.6141101825754952, 0.026553817510724706, 0.9153083239123587, 0.11357445961868604, 0.45073582564098036, 0.3799226743150981, 0.2430938810845008, 0.9431934336712335, 0.22292025514008398, 0.021763099971090022, 0.7864168320558769, 0.05240452594688148, 0.5362076822155954, 0.571135198102951, 0.29551736110222876], BATTLES: 313-221-296-386-331-339-361-307-342-
9, 3, -2695.0, [0.8306356257459766, 0.8058846563347094, 0.5294428763103759, 0.5142983600979346, 0.7904243839774512, 0.9868750708789302, 0.7286970060276388, 0.0199184300755215, 0.3059249365250472, 0.9070169319311691, 0.3812218753062784, 0.3972199551307761, 0.9470585801053585, 0.7165662068712946, 0.10728551261135405, 0.9966935239773167, 0.19469735788878584, 0.19865879687706245, 0.6635573643372367, 0.23315198966649495, 0.7235088298314168, 0.3986047543523159, 0.025462358797222005, 0.6128290172298273, 0.041577820014901595, 0.48652893096394956, 0.7064508142038954, 0.5527251525638435], BATTLES: 301-237-259-362-279-272-342-291-307-
9, 4, -2862.0, [0.6369462986174254, 0.28728031490512357, 0.6774183640371519, 0.5274226320872485, 0.5629438642956278, 0.7346650291842967, 0.29582654088483407, 0.059762149541876836, 0.6510853487876429, 0.797604620027045, 0.6204027244317458, 0.5736016859126741, 0.5960197918592184, 0.4940300456356609, 0.13626450560073555, 0.8269894063287087, 0.28908449688386506, 0.20896167128049326, 0.4972904080550828, 0.14871558410088864, 0.6122693280249021, 0.30385956830212635, 0.02686765366455443, 0.990294352519626, 0.258106382306906, 0.08690676977282774, 0.6336100064294571, 0.6110786070550678], BATTLES: 279-222-270-316-256-280-342-276-275-
9, 5, -2223.0, [0.7263519931659392, 0.3495351728081251, 0.45329148386024565, 0.09649481023654935, 0.2229325421568603, 0.7374269158462822, 0.7181036248334521, 0.0050505677132352544, 0.2286848749779997, 0.7675274200283583, 0.8022650343444852, 0.36062892387823264, 0.48112034960434635, 0.7701671091760024, 0.36781703034353336, 0.9453134380283017, 0.08697298889577548, 0.4277857155100042, 0.6624266996831447, 0.38591242743733123, 0.78978676374844, 0.21559877173111613, 0.09230314928728522, 0.8222954361597632, 0.3126696969947144, 0.4711084591125133, 0.817523752412874, 0.36937086601341146], BATTLES: 219-138-175-262-175-226-321-230-211-
9, 6, -2592.0, [0.7451478582446244, 0.5063141464197766, 0.7801995466031943, 0.20982568320053463, 0.5917054265846633, 0.8335431767581087, 0.6483186974867735, 0.09962827241802563, 0.30585091595623914, 0.7914273748790043, 0.9815310972140853, 0.2622125128990842, 0.8528503482185087, 0.6839844261697139, 0.38599189039664383, 0.7510046648030411, 0.07559840733958509, 0.553740780475209, 0.6184191179583001, 0.3499551461523004, 0.3896527794131065, 0.3621152283373563, 0.005875057286131665, 0.8993540664582774, 0.7498706870488568, 0.5602109283722403, 0.7836859032110817, 0.3355443945765989], BATTLES: 328-220-273-289-258-263-352-307-302-
9, 7, -2531.0, [0.9149065369304865, 0.3760805451915002, 0.5361835517360649, 0.4862328991140886, 0.8869043227850048, 0.5878527577811016, 0.7433099436463675, 0.0720110279117927, 0.23403455957501706, 0.7518152934046554, 0.8509386322634914, 0.15851622468594512, 0.9420978462066518, 0.8168010428781689, 0.2548484103043352, 0.7818589013281654, 0.7009796940058648, 0.8370558371603196, 0.8589062207716688, 0.8737579342939477, 0.3113619567558735, 0.12726309488657897, 0.16627201823201104, 0.7823698866769297, 0.6095505772833101, 0.5041250839332041, 0.4635249751949465, 0.7698700722230306], BATTLES: 268-234-215-316-235-262-362-306-278-
9, 8, -2636.0, [0.8016722700088997, 0.5197172770601992, 0.9027344947054028, 0.39837094775746046, 0.4851181876252517, 0.6584173642276838, 0.594326583715004, 0.04013517836938424, 0.38459993741282356, 0.6534463120728634, 0.3213602485570135, 0.2843300908665993, 0.47878003644876965, 0.6720254760577117, 0.41041872425474146, 0.9164485494577734, 0.19305772016722503, 0.3690993940679965, 0.434581061987136, 0.3363279376120907, 0.31702874736862474, 0.2440418947517407, 0.13999145056178908, 0.7522738770244388, 0.1850270447464695, 0.6098552914697852, 0.22539150561037902, 0.7405351371849173], BATTLES: 305-218-234-374-299-279-365-310-252-
9, 9, -2574.0, [0.899868641848896, 0.38316179740927137, 0.3471952359100498, 0.3926660380893675, 0.8997474972252277, 0.9381634367927468, 0.6946152231215296, 0.052550631930806356, 0.5521858809973648, 0.856238803240873, 0.3672048697335588, 0.6813303813213745, 0.7172323781907654, 0.9008390399081986, 0.24553661655865164, 0.85483315987175, 0.12672318641225877, 0.02242609500948997, 0.3895591842857225, 0.583333623223595, 0.8460976422529835, 0.5672227475332119, 0.057404177507367475, 0.7784778551360785, 0.34569122981991596, 0.2469989379936551, 0.7804909500758352, 0.28137046396259924], BATTLES: 282-218-232-328-318-318-301-230-321-
9, 10, -2636.0, [0.9256486566388895, 0.2942290481088744, 0.757464952096752, 0.5328828525129864, 0.7577935493084926, 0.6185467312140704, 0.5573395116645019, 0.012170518486855075, 0.4456012580106185, 0.9265635097479994, 0.6093346222900942, 0.05283901298536866, 0.6682929456375324, 0.7330750436620885, 0.13288198281456642, 0.6922693178846244, 0.34921768641566947, 0.4661039076633118, 0.5196693503385942, 0.14089066747223666, 0.8912503458571657, 0.11343360475886255, 0.03642723060828973, 0.8957913324954505, 0.0761009048647268, 0.2564268320331246, 0.653238690966367, 0.07476375101643246], BATTLES: 281-221-149-377-314-278-367-342-250-
9, 11, -2686.0, [0.5575480894408673, 0.13291105672098133, 0.4178438970713899, 0.3600503683101536, 0.6719760143492096, 0.8863660326607925, 0.7571325126653097, 0.023633002491305725, 0.7437019733172827, 0.9196845967105931, 0.3453340858356992, 0.32842266964661854, 0.8453891998221006, 0.806157206876637, 0.051136146830745056, 0.8640017360706065, 0.476036916331313, 0.5120297549669643, 0.4487207902735154, 0.23243804938055596, 0.9425044479859488, 0.035733658052493567, 0.24563299267355904, 0.5423125086407191, 0.22379084177087336, 0.6223739502673312, 0.30773864332511397, 0.48518867647765485], BATTLES: 282-220-297-354-347-333-234-190-328-
9, 12, -2627.0, [0.8254739078962913, 0.053844608579339245, 0.18130371411507254, 0.20547817650620093, 0.8201113012877632, 0.907766686403067, 0.5557476725239427, 0.0803792378808929, 0.21226267956867118, 0.9885345854572406, 0.09795461210551915, 0.23613317674052176, 0.6853482791616727, 0.8919620179976027, 0.28971030401387915, 0.9623368729163665, 0.709231790364715, 0.545654845585903, 0.8897857378119434, 0.061102952286005596, 0.17928616042368298, 0.08848878757205392, 0.01401894638518795, 0.873663351973218, 0.11639383707054829, 0.5917459205815052, 0.46957683434051845, 0.42802048432644535], BATTLES: 307-237-268-334-277-321-252-212-336-
9, 13, -2605.0, [0.9722046782569196, 0.36816217538438145, 0.22183402841905958, 0.19026114684387616, 0.8910445339592454, 0.687451587589569, 0.5376429757094152, 0.16263342942581996, 0.5319335147997298, 0.8186015880868378, 0.6795967822092772, 0.03825065664886779, 0.43721977458831907, 0.7775861525243756, 0.5170923103287133, 0.9121545210923819, 0.4983728815193847, 0.39754334279873865, 0.9995153658927267, 0.2922407583324173, 0.2922448334615327, 0.3930472353120433, 0.19378741556769707, 0.9214639435262661, 0.3493584636689737, 0.23021399436626677, 0.045995000112434015, 0.1264323244135236], BATTLES: 262-220-188-388-291-265-357-344-290-
9, 14, -2771.0, [0.9071885759793387, 0.17274160301169192, 0.7877846784262699, 0.2534246587666906, 0.9987785304149535, 0.8799622427023714, 0.5633848765538142, 0.05619364787905588, 0.324960878653298, 0.8191675925573823, 0.613007309191046, 0.05084959235378246, 0.715566898418801, 0.9300668704321591, 0.27931262468372364, 0.7515841635220856, 0.49901378738213154, 0.45738350680987006, 0.7778654611968954, 0.5568994581119697, 0.567472329733469, 0.4041041078249363, 0.15068892054287242, 0.8451855023335964, 0.1746044733480112, 0.39565350392378174, 0.6324066839956428, 0.34386645526128873], BATTLES: 309-268-268-384-337-347-298-263-297-
10, 0, -2844.0, [0.5467510720888377, 0.2567681316304879, 0.4127447754464681, 0.6252134750151103, 0.7128106980214861, 0.8580756538483967, 0.4033415663361699, 0.050108360714770414, 0.5255601024462744, 0.8795098117502068, 0.680955889881818, 0.3548490913787346, 0.8265496792834105, 0.5036062346061732, 0.1368226046986392, 0.8220473300536068, 0.12117063216158828, 0.7768179793135153, 0.5220912669855979, 0.07246353475758058, 0.7179552004643288, 0.1320921431233668, 0.0017776195233879105, 0.8655489770389214, 0.12214544160751992, 0.1804375637746069, 0.271656507868028, 0.36753792424756493], BATTLES: 283-234-306-400-324-353-338-274-332-
10, 1, -2744.0, [0.7056791009832983, 0.30761704000950485, 0.7065844842022013, 0.4777942219493448, 0.9631103223002184, 0.7540912197826625, 0.6100865486662184, 0.006160864832544091, 0.5686604544675792, 0.8362774002861175, 0.6058383880161413, 0.6455987180427565, 0.8967175576635534, 0.7497670996802759, 0.1311890826563709, 0.9595729683230411, 0.2295581392143879, 0.41930891843970225, 0.5195096961859663, 0.3715036805642179, 0.644671086486998, 0.249337141543715, 0.032715404502493356, 0.8849959257827813, 0.2583848832923497, 0.3706743094547861, 0.8722988494602071, 0.47365985691998524], BATTLES: 291-227-216-373-322-316-338-318-325-
10, 2, -2885.0, [0.920776278368704, 0.31863884191201597, 0.5183143690862533, 0.5399387931189455, 0.9519935583923497, 0.9627818454960959, 0.7853088201282328, 0.03532790018876828, 0.4635898530925089, 0.9496948085801616, 0.7895231731227679, 0.6359694251092174, 0.7419406256548159, 0.6141101825754952, 0.026553817510724706, 0.9153083239123587, 0.11357445961868604, 0.45073582564098036, 0.3799226743150981, 0.2430938810845008, 0.9431934336712335, 0.22292025514008398, 0.021763099971090022, 0.7864168320558769, 0.05240452594688148, 0.5362076822155954, 0.571135198102951, 0.29551736110222876], BATTLES: 292-235-282-380-312-356-382-305-341-
10, 3, -2756.0, [0.8306356257459766, 0.6631701778544926, 0.5294428763103759, 0.37814200488746674, 0.8688945877443449, 0.9868750708789302, 0.7286970060276388, 0.057891956184219835, 0.3059249365250472, 0.8519504190185886, 0.7898669419157645, 0.3398434524433938, 0.9470585801053585, 0.7165662068712946, 0.10728551261135405, 0.8796480997951671, 0.1379589806032617, 0.3678187723410035, 0.466232691456561, 0.28879665765283447, 0.7235088298314168, 0.3248357047332396, 0.012731179398611002, 0.6128290172298273, 0.2826946941648933, 0.5216308101058281, 0.8611999182750403, 0.4208944332133695], BATTLES: 318-236-272-391-293-303-332-260-308-
10, 4, -2718.0, [0.731729836040768, 0.28728031490512357, 0.2400408417859864, 0.5274226320872485, 0.5629438642956278, 0.7346650291842967, 0.29582654088483407, 0.059762149541876836, 0.8255426743938215, 0.797604620027045, 0.3061379431261025, 0.8072673484527062, 0.960597320668224, 0.789789709892821, 0.06813225280036778, 0.7977744309185631, 0.11893961855660912, 0.13145969865627216, 0.4972904080550828, 0.22199805352122948, 0.6122693280249021, 0.30385956830212635, 0.0878647646116146, 0.556762723597191, 0.258106382306906, 0.08690676977282774, 0.6336100064294571, 0.6110786070550678], BATTLES: 285-259-298-355-278-309-354-276-302-
10, 5, -2199.0, [0.7263519931659392, 0.3495351728081251, 0.45329148386024565, 0.09649481023654935, 0.2229325421568603, 0.7374269158462822, 0.7181036248334521, 0.0050505677132352544, 0.2286848749779997, 0.7675274200283583, 0.8022650343444852, 0.36062892387823264, 0.48112034960434635, 0.7701671091760024, 0.36781703034353336, 0.9453134380283017, 0.08697298889577548, 0.4277857155100042, 0.6624266996831447, 0.38591242743733123, 0.78978676374844, 0.21559877173111613, 0.09230314928728522, 0.8222954361597632, 0.3126696969947144, 0.4711084591125133, 0.817523752412874, 0.36937086601341146], BATTLES: 267-159-234-310-203-257-311-204-254-
10, 6, -2581.0, [0.7451478582446244, 0.5063141464197766, 0.7801995466031943, 0.16864438498218176, 0.7958527132923316, 0.8335431767581087, 0.6483186974867735, 0.09962827241802563, 0.30585091595623914, 0.8957136874395022, 0.8158466933307157, 0.2622125128990842, 0.8528503482185087, 0.8924220583866525, 0.38599189039664383, 0.7510046648030411, 0.07559840733958509, 0.553740780475209, 0.6184191179583001, 0.3499551461523004, 0.3896527794131065, 0.3621152283373563, 0.005875057286131665, 0.8993540664582774, 0.7498706870488568, 0.5602109283722403, 0.4638577141454172, 0.3355443945765989], BATTLES: 287-203-287-305-212-283-377-302-291-
10, 7, -2712.0, [0.9574532684652433, 0.3760805451915002, 0.5273479283793846, 0.4862328991140886, 0.9746728913415836, 0.9810164917805109, 0.7433099436463675, 0.03600551395589635, 0.23403455957501706, 0.7518152934046554, 0.9254693161317458, 0.648484466021951, 0.7591919697513081, 0.8168010428781689, 0.2548484103043352, 0.7818589013281654, 0.3504898470029324, 0.7784415753336387, 0.3979942326508873, 0.8737579342939477, 0.896939589850761, 0.06363154744328949, 0.03955625364730628, 0.8548725229830688, 0.30477528864165504, 0.10161732308281385, 0.4635249751949465, 0.665135585530438], BATTLES: 284-201-226-301-239-268-367-307-273-
10, 8, -2591.0, [0.8016722700088997, 0.5197172770601992, 0.9027344947054028, 0.39837094775746046, 0.4851181876252517, 0.6584173642276838, 0.594326583715004, 0.04013517836938424, 0.38459993741282356, 0.6534463120728634, 0.3213602485570135, 0.2843300908665993, 0.47878003644876965, 0.6720254760577117, 0.41041872425474146, 0.9164485494577734, 0.19305772016722503, 0.3690993940679965, 0.434581061987136, 0.3363279376120907, 0.31702874736862474, 0.2440418947517407, 0.13999145056178908, 0.7522738770244388, 0.1850270447464695, 0.6098552914697852, 0.22539150561037902, 0.7405351371849173], BATTLES: 312-204-204-371-269-290-360-308-273-
10, 9, -2696.0, [0.949934320924448, 0.1304659866834206, 0.3471952359100498, 0.4019904299618947, 0.8997474972252277, 0.9690817183963734, 0.6946152231215296, 0.052550631930806356, 0.5521858809973648, 0.9281194016204365, 0.3672048697335588, 0.6813303813213745, 0.7172323781907654, 0.8408740347363657, 0.11038279210629069, 0.8549032065348988, 0.26709624545372285, 0.24187605098197773, 0.5515694391622393, 0.40494791861058427, 0.8460976422529835, 0.5672227475332119, 0.028702088753683738, 0.7784778551360785, 0.34569122981991596, 0.2469989379936551, 0.7804909500758352, 0.14068523198129962], BATTLES: 267-195-254-358-304-301-337-254-343-
10, 10, -2663.0, [0.9256486566388895, 0.2942290481088744, 0.46756602742083747, 0.5328828525129864, 0.7577935493084926, 0.6185467312140704, 0.5573395116645019, 0.012170518486855075, 0.4456012580106185, 0.9265635097479994, 0.6093346222900942, 0.05283901298536866, 0.43535867287761615, 0.7330750436620885, 0.13288198281456642, 0.8461346589423122, 0.004171450523681286, 0.4661039076633118, 0.5196693503385942, 0.24885518732211848, 0.8912503458571657, 0.11343360475886255, 0.08426130145996225, 0.8957913324954505, 0.0380504524323634, 0.2564268320331246, 0.653238690966367, 0.273703515131814], BATTLES: 267-205-146-357-289-272-371-358-259-
10, 11, -2694.0, [0.5575480894408673, 0.13291105672098133, 0.4178438970713899, 0.3600503683101536, 0.6719760143492096, 0.8863660326607925, 0.7571325126653097, 0.023633002491305725, 0.7437019733172827, 0.9196845967105931, 0.3453340858356992, 0.32842266964661854, 0.8453891998221006, 0.806157206876637, 0.051136146830745056, 0.8640017360706065, 0.476036916331313, 0.5120297549669643, 0.4487207902735154, 0.23243804938055596, 0.9425044479859488, 0.035733658052493567, 0.24563299267355904, 0.5423125086407191, 0.22379084177087336, 0.6223739502673312, 0.30773864332511397, 0.48518867647765485], BATTLES: 322-260-305-416-346-339-251-180-275-
10, 12, -2486.0, [0.8254739078962913, 0.053844608579339245, 0.18130371411507254, 0.20547817650620093, 0.8201113012877632, 0.907766686403067, 0.5557476725239427, 0.0803792378808929, 0.21226267956867118, 0.9885345854572406, 0.09795461210551915, 0.23613317674052176, 0.6853482791616727, 0.8919620179976027, 0.28971030401387915, 0.9623368729163665, 0.709231790364715, 0.545654845585903, 0.8897857378119434, 0.061102952286005596, 0.17928616042368298, 0.08848878757205392, 0.01401894638518795, 0.873663351973218, 0.11639383707054829, 0.5917459205815052, 0.46957683434051845, 0.42802048432644535], BATTLES: 280-209-243-392-290-308-252-229-283-
10, 13, -2544.0, [0.9722046782569196, 0.36816217538438145, 0.22183402841905958, 0.19026114684387616, 0.8910445339592454, 0.687451587589569, 0.5376429757094152, 0.16263342942581996, 0.5319335147997298, 0.8186015880868378, 0.6795967822092772, 0.03825065664886779, 0.43721977458831907, 0.7775861525243756, 0.5170923103287133, 0.9121545210923819, 0.4983728815193847, 0.39754334279873865, 0.9995153658927267, 0.2922407583324173, 0.2922448334615327, 0.3930472353120433, 0.19378741556769707, 0.9214639435262661, 0.3493584636689737, 0.23021399436626677, 0.045995000112434015, 0.1264323244135236], BATTLES: 254-189-198-368-315-271-346-336-267-
10, 14, -2704.0, [0.9071885759793387, 0.17274160301169192, 0.7877846784262699, 0.2534246587666906, 0.9987785304149535, 0.8799622427023714, 0.5633848765538142, 0.05619364787905588, 0.324960878653298, 0.8191675925573823, 0.613007309191046, 0.05084959235378246, 0.715566898418801, 0.9300668704321591, 0.27931262468372364, 0.7515841635220856, 0.49901378738213154, 0.45738350680987006, 0.7778654611968954, 0.5568994581119697, 0.567472329733469, 0.4041041078249363, 0.15068892054287242, 0.8451855023335964, 0.1746044733480112, 0.39565350392378174, 0.6324066839956428, 0.34386645526128873], BATTLES: 287-233-249-379-319-342-304-283-308-
11, 0, -2810.0, [0.8795281073888387, 0.2567681316304879, 0.4127447754464681, 0.17986650519793568, 0.8564053490107431, 0.8580756538483967, 0.4262415750649341, 0.025054180357385207, 0.5255601024462744, 0.8795098117502068, 0.6003116411296967, 0.3548490913787346, 0.6329575289660726, 0.46914464684279367, 0.1368226046986392, 0.8220473300536068, 0.1605497770951308, 0.7768179793135153, 0.440652128547091, 0.07246353475758058, 0.7179552004643288, 0.1320921431233668, 0.0017776195233879105, 0.8655489770389214, 0.12214544160751992, 0.40316932057849436, 0.271656507868028, 0.36753792424756493], BATTLES: 298-215-283-381-314-317-323-234-340-
11, 1, -2680.0, [0.7056791009832983, 0.30761704000950485, 0.7065844842022013, 0.4777942219493448, 0.9631103223002184, 0.7540912197826625, 0.6100865486662184, 0.006160864832544091, 0.5686604544675792, 0.8362774002861175, 0.6058383880161413, 0.6455987180427565, 0.8967175576635534, 0.7497670996802759, 0.1311890826563709, 0.9595729683230411, 0.2295581392143879, 0.41930891843970225, 0.5195096961859663, 0.3715036805642179, 0.644671086486998, 0.249337141543715, 0.032715404502493356, 0.8849959257827813, 0.2583848832923497, 0.3706743094547861, 0.8722988494602071, 0.47365985691998524], BATTLES: 306-210-252-350-298-367-320-259-318-
11, 2, -2835.0, [0.920776278368704, 0.31863884191201597, 0.5183143690862533, 0.5399387931189455, 0.8132270198519329, 0.9805621148228374, 0.7853088201282328, 0.03532790018876828, 0.38365726745708095, 0.9496948085801616, 0.5656957657417254, 0.6359694251092174, 0.7705798151456472, 0.6141101825754952, 0.11655853828697565, 0.9153083239123587, 0.11357445961868604, 0.45073582564098036, 0.3799226743150981, 0.2430938810845008, 0.9431934336712335, 0.22292025514008398, 0.021763099971090022, 0.7864168320558769, 0.02617120350161873, 0.5362076822155954, 0.571135198102951, 0.37910320994938296], BATTLES: 280-222-256-372-314-353-367-321-307-
11, 3, -2763.0, [0.8306356257459766, 0.6631701778544926, 0.5294428763103759, 0.37814200488746674, 0.8688945877443449, 0.9868750708789302, 0.7286970060276388, 0.057891956184219835, 0.3059249365250472, 0.8519504190185886, 0.7898669419157645, 0.3398434524433938, 0.9470585801053585, 0.7165662068712946, 0.10728551261135405, 0.8796480997951671, 0.1379589806032617, 0.3678187723410035, 0.466232691456561, 0.28879665765283447, 0.7235088298314168, 0.3248357047332396, 0.012731179398611002, 0.6128290172298273, 0.2826946941648933, 0.5216308101058281, 0.8611999182750403, 0.4208944332133695], BATTLES: 311-241-262-370-308-351-342-266-312-
11, 4, -2688.0, [0.7016652068054536, 0.28728031490512357, 0.2400408417859864, 0.5911078388442607, 0.6547676423760916, 0.8134542525492869, 0.29582654088483407, 0.028820459904429014, 0.8255426743938215, 0.797604620027045, 0.5846666404156565, 0.8072673484527062, 0.960597320668224, 0.6847254639821345, 0.06813225280036778, 0.7977744309185631, 0.11893961855660912, 0.13145969865627216, 0.4778556206604896, 0.22199805352122948, 0.806134664012451, 0.30385956830212635, 0.14560601696881653, 0.5661541499712672, 0.258106382306906, 0.08690676977282774, 0.6336100064294571, 0.6110786070550678], BATTLES: 286-236-277-400-295-299-337-225-299-
11, 5, -2254.0, [0.7263519931659392, 0.29216347141959104, 0.45329148386024565, 0.09649481023654935, 0.2229325421568603, 0.868713457923141, 0.4662983226743878, 0.0050505677132352544, 0.2286848749779997, 0.7675274200283583, 0.8022650343444852, 0.44133305040348, 0.48112034960434635, 0.8016962265014194, 0.2246049892117905, 0.9726567190141509, 0.037614991769213235, 0.4277857155100042, 0.6624266996831447, 0.38591242743733123, 0.78978676374844, 0.1532370345290522, 0.04615157464364261, 0.8222954361597632, 0.3126696969947144, 0.12770526170186655, 0.4931330302200221, 0.36937086601341146], BATTLES: 281-137-223-306-169-265-305-202-215-
11, 6, -2781.0, [0.9227576138592244, 0.3882036216551685, 0.7801995466031943, 0.5755673201246693, 0.7958527132923316, 0.9167715883790544, 0.5568677886781089, 0.049814136209012816, 0.30585091595623914, 0.8802988437581473, 0.8158466933307157, 0.34670403321578314, 0.8528503482185087, 0.8924220583866525, 0.2682086248053556, 0.7510046648030411, 0.07559840733958509, 0.553740780475209, 0.7457174721710671, 0.3499551461523004, 0.3896527794131065, 0.0699697530556504, 0.005875057286131665, 0.8993540664582774, 0.31877053824146107, 0.5602109283722403, 0.4638577141454172, 0.27987540335791034], BATTLES: 279-227-269-308-231-277-339-283-318-
11, 7, -2712.0, [0.8720743013485541, 0.3760805451915002, 0.20588397176214251, 0.7127571728016697, 0.9746728913415836, 0.9810164917805109, 0.5602392301981819, 0.0594026721601853, 0.6381961353538681, 0.9727146788058341, 0.5066256757110642, 0.8116288122600662, 0.9120476177234444, 0.8245215858522034, 0.2548484103043352, 0.732440327902786, 0.09821482843078835, 0.46514052159587327, 0.30625466629580583, 0.8737579342939477, 0.8351497747900427, 0.06363154744328949, 0.03955625364730628, 0.8548725229830688, 0.10982832196059407, 0.10161732308281385, 0.4635249751949465, 0.4000502606442217], BATTLES: 293-223-248-384-331-318-334-269-282-
11, 8, -2564.0, [0.8946712479795177, 0.5197172770601992, 0.7565679955269966, 0.39837094775746046, 0.7313504934542322, 0.6584173642276838, 0.67207549673981, 0.04013517836938424, 0.38728473496124466, 0.6534463120728634, 0.3213602485570135, 0.512327264624881, 0.47878003644876965, 0.6720254760577117, 0.32105755886843657, 0.8347744062445923, 0.2219152047977507, 0.6192250347872226, 0.3134844692558468, 0.5433248650471918, 0.6194078139193464, 0.10937926280487043, 0.13999145056178908, 0.8567179488237081, 0.23440592956286438, 0.6098552914697852, 0.2642736261929024, 0.7405351371849173], BATTLES: 317-196-232-362-270-284-334-279-232-
11, 9, -2677.0, [0.949934320924448, 0.1304659866834206, 0.3471952359100498, 0.4019904299618947, 0.8997474972252277, 0.9690817183963734, 0.6946152231215296, 0.052550631930806356, 0.5521858809973648, 0.9281194016204365, 0.3672048697335588, 0.6813303813213745, 0.7172323781907654, 0.8408740347363657, 0.11038279210629069, 0.8549032065348988, 0.26709624545372285, 0.24187605098197773, 0.5515694391622393, 0.40494791861058427, 0.8460976422529835, 0.5672227475332119, 0.028702088753683738, 0.7784778551360785, 0.34569122981991596, 0.2469989379936551, 0.7804909500758352, 0.14068523198129962], BATTLES: 293-227-257-361-317-364-282-257-319-
11, 10, -2715.0, [0.9256486566388895, 0.331416796741141, 0.3002818447064816, 0.5328828525129864, 0.8788967746542463, 0.825280447390491, 0.5187428005431176, 0.012170518486855075, 0.4456012580106185, 0.9632817548739997, 0.6093346222900942, 0.3756769960781859, 0.72530790374217, 0.5920473631154618, 0.13288198281456642, 0.8461346589423122, 0.004171450523681286, 0.4661039076633118, 0.39511691668030674, 0.18057258577975294, 0.8912503458571657, 0.12498691301249373, 0.08426130145996225, 0.7995649702131336, 0.0380504524323634, 0.2564268320331246, 0.653238690966367, 0.28258901751801163], BATTLES: 308-213-180-345-258-301-364-333-298-
11, 11, -2592.0, [0.5575480894408673, 0.13291105672098133, 0.4178438970713899, 0.3600503683101536, 0.6719760143492096, 0.8863660326607925, 0.7571325126653097, 0.023633002491305725, 0.7437019733172827, 0.9196845967105931, 0.3453340858356992, 0.32842266964661854, 0.8453891998221006, 0.806157206876637, 0.051136146830745056, 0.8640017360706065, 0.476036916331313, 0.5120297549669643, 0.4487207902735154, 0.23243804938055596, 0.9425044479859488, 0.035733658052493567, 0.24563299267355904, 0.5423125086407191, 0.22379084177087336, 0.6223739502673312, 0.30773864332511397, 0.48518867647765485], BATTLES: 323-249-273-409-322-327-254-171-264-
11, 12, -2646.0, [0.8254739078962913, 0.2823553569102013, 0.2523023021999542, 0.20547817650620093, 0.8201113012877632, 0.907766686403067, 0.5127280157856831, 0.0803792378808929, 0.21226267956867118, 0.9786926311919285, 0.09795461210551915, 0.23613317674052176, 0.6853482791616727, 0.8919620179976027, 0.28971030401387915, 0.9623368729163665, 0.709231790364715, 0.7336841050962694, 0.9076000611840669, 0.061102952286005596, 0.17928616042368298, 0.07813393822967324, 0.007009473192593975, 0.7542105647208187, 0.022048007864922725, 0.5917459205815052, 0.46957683434051845, 0.42802048432644535], BATTLES: 290-193-249-377-282-309-229-215-272-
11, 13, -2486.0, [0.9722046782569196, 0.36816217538438145, 0.22183402841905958, 0.5179573215268116, 0.8910445339592454, 0.687451587589569, 0.4773536366455161, 0.16263342942581996, 0.5319335147997298, 0.8186015880868378, 0.6795967822092772, 0.03825065664886779, 0.8139061559675449, 0.7775861525243756, 0.5170923103287133, 0.8146992626025588, 0.4983728815193847, 0.39754334279873865, 0.9995153658927267, 0.2922407583324173, 0.2922448334615327, 0.3930472353120433, 0.19378741556769707, 0.9214639435262661, 0.3493584636689737, 0.23021399436626677, 0.045995000112434015, 0.1264323244135236], BATTLES: 235-184-207-363-295-245-335-316-255-
11, 14, -2676.0, [0.9071885759793387, 0.1785265755965683, 0.7877846784262699, 0.2534246587666906, 0.9993892652074767, 0.9178797499555467, 0.5272693791905727, 0.05841600230145784, 0.585288682091482, 0.9274332109798603, 0.613007309191046, 0.17631693686566027, 0.8574008111942027, 0.8339469506612411, 0.1791342871364846, 0.7340540657306587, 0.36757089181624886, 0.44819278466524637, 0.6377540008425026, 0.5568994581119697, 0.567472329733469, 0.26924608750796414, 0.15068892054287242, 0.7228600214660671, 0.1324236490846547, 0.37656815668582255, 0.6324066839956428, 0.3854955818139547], BATTLES: 294-211-265-372-304-312-297-279-285-
12, 0, -2718.0, [0.8795281073888387, 0.2567681316304879, 0.4127447754464681, 0.17986650519793568, 0.8564053490107431, 0.8580756538483967, 0.4262415750649341, 0.025054180357385207, 0.5255601024462744, 0.8795098117502068, 0.6003116411296967, 0.3548490913787346, 0.6329575289660726, 0.46914464684279367, 0.1368226046986392, 0.8220473300536068, 0.1605497770951308, 0.7768179793135153, 0.440652128547091, 0.07246353475758058, 0.7179552004643288, 0.1320921431233668, 0.0017776195233879105, 0.8655489770389214, 0.12214544160751992, 0.40316932057849436, 0.271656507868028, 0.36753792424756493], BATTLES: 283-207-268-373-304-328-363-294-298-
12, 1, -2702.0, [0.8323450935290058, 0.30761704000950485, 0.7065844842022013, 0.3712417121951689, 0.9815551611501092, 0.9179691151424819, 0.6100865486662184, 0.006160864832544091, 0.24125816669585354, 0.9570637957483182, 0.6058383880161413, 0.4074084475900958, 0.7320955859607865, 0.736033956052557, 0.21606508747663525, 0.9797864841615205, 0.4240877109170146, 0.6791902418300586, 0.5195096961859663, 0.25285018953132715, 0.644671086486998, 0.14592517118382098, 0.016357702251246678, 0.9255452631900629, 0.0663310540950304, 0.6456162133682048, 0.6815062739355724, 0.3598008745601893], BATTLES: 271-238-247-355-324-317-318-272-313-
12, 2, -2760.0, [0.920776278368704, 0.31863884191201597, 0.7586443925817982, 0.5399387931189455, 0.9066135099259665, 0.9805621148228374, 0.7554769681565071, 0.01766395009438414, 0.38365726745708095, 0.9287145420636415, 0.5656957657417254, 0.34116850377942165, 0.6364233781967865, 0.6141101825754952, 0.11655853828697565, 0.9153083239123587, 0.11357445961868604, 0.45073582564098036, 0.4351484537542811, 0.2430938810845008, 0.8148063801882796, 0.22292025514008398, 0.010881549985545011, 0.7864168320558769, 0.02617120350161873, 0.6365604555625255, 0.571135198102951, 0.2799123208688232], BATTLES: 312-214-241-381-288-323-386-307-300-
12, 3, -2708.0, [0.8306356257459766, 0.44081509598237223, 0.5294428763103759, 0.37814200488746674, 0.8688945877443449, 0.9934375354394651, 0.7286970060276388, 0.028945978092109918, 0.5192079697230123, 0.950996506118818, 0.7901291710873931, 0.3398434524433938, 0.7357916968056292, 0.7165662068712946, 0.13956591379649763, 0.8796480997951671, 0.1379589806032617, 0.3678187723410035, 0.466232691456561, 0.11653337298616007, 0.7235088298314168, 0.1624178523666198, 0.012731179398611002, 0.7510403106120297, 0.2826946941648933, 0.36539537060966665, 0.8611999182750403, 0.4208944332133695], BATTLES: 306-213-256-377-285-303-348-256-274-
12, 4, -2688.0, [0.7016652068054536, 0.28728031490512357, 0.2400408417859864, 0.5911078388442607, 0.6547676423760916, 0.8134542525492869, 0.29582654088483407, 0.028820459904429014, 0.8255426743938215, 0.797604620027045, 0.5846666404156565, 0.8072673484527062, 0.960597320668224, 0.6847254639821345, 0.06813225280036778, 0.7977744309185631, 0.11893961855660912, 0.13145969865627216, 0.4778556206604896, 0.22199805352122948, 0.806134664012451, 0.30385956830212635, 0.14560601696881653, 0.5661541499712672, 0.258106382306906, 0.08690676977282774, 0.6336100064294571, 0.6110786070550678], BATTLES: 301-255-270-370-293-332-329-211-327-
12, 5, -2330.0, [0.7395191735115872, 0.29216347141959104, 0.4684912297593222, 0.45984578017285954, 0.2229325421568603, 0.868713457923141, 0.4662983226743878, 0.03016125420456363, 0.5730151287244271, 0.9393481186487029, 0.8022650343444852, 0.5248113815793943, 0.48112034960434635, 0.7237859438088883, 0.2246049892117905, 0.9726567190141509, 0.037614991769213235, 0.4277857155100042, 0.6624266996831447, 0.38591242743733123, 0.78978676374844, 0.1532370345290522, 0.04615157464364261, 0.8222954361597632, 0.3126696969947144, 0.12770526170186655, 0.4931330302200221, 0.43389533559833676], BATTLES: 293-147-223-307-190-264-317-223-245-
12, 6, -2733.0, [0.9227576138592244, 0.3882036216551685, 0.7801995466031943, 0.5755673201246693, 0.7958527132923316, 0.9167715883790544, 0.5568677886781089, 0.049814136209012816, 0.30585091595623914, 0.8802988437581473, 0.8158466933307157, 0.34670403321578314, 0.8528503482185087, 0.8924220583866525, 0.2682086248053556, 0.7510046648030411, 0.07559840733958509, 0.553740780475209, 0.7457174721710671, 0.3499551461523004, 0.3896527794131065, 0.0699697530556504, 0.005875057286131665, 0.8993540664582774, 0.31877053824146107, 0.5602109283722403, 0.4638577141454172, 0.27987540335791034], BATTLES: 299-233-236-375-287-322-366-317-298-
12, 7, -2656.0, [0.8720743013485541, 0.3760805451915002, 0.20588397176214251, 0.7127571728016697, 0.9746728913415836, 0.9810164917805109, 0.5602392301981819, 0.0594026721601853, 0.6381961353538681, 0.9727146788058341, 0.5066256757110642, 0.8116288122600662, 0.9120476177234444, 0.8245215858522034, 0.2548484103043352, 0.732440327902786, 0.09821482843078835, 0.46514052159587327, 0.30625466629580583, 0.8737579342939477, 0.8351497747900427, 0.06363154744328949, 0.03955625364730628, 0.8548725229830688, 0.10982832196059407, 0.10161732308281385, 0.4635249751949465, 0.4000502606442217], BATTLES: 249-191-257-382-335-353-320-242-327-
12, 8, -2578.0, [0.9473356239897588, 0.5197172770601992, 0.7565679955269966, 0.39837094775746046, 0.7313504934542322, 0.6584173642276838, 0.7085339208631893, 0.04013517836938424, 0.5132743601157792, 0.8192559097420347, 0.3213602485570135, 0.7587961406545827, 0.47878003644876965, 0.8348977488955167, 0.16052877943421828, 0.8347744062445923, 0.2219152047977507, 0.47197367568938625, 0.2977000579109755, 0.5433248650471918, 0.9007671282244372, 0.10937926280487043, 0.13999145056178908, 0.8644891473532854, 0.11720296478143219, 0.6098552914697852, 0.6098346229772842, 0.6319799520470591], BATTLES: 299-219-216-362-261-285-342-285-256-
12, 9, -2617.0, [0.949934320924448, 0.19580948693419956, 0.40668483176923004, 0.4019904299618947, 0.8483209754706417, 0.9205139212929847, 0.6946152231215296, 0.052550631930806356, 0.4204176149206653, 0.9897224648221815, 0.5782445841140667, 0.6813303813213745, 0.746651527079853, 0.8408740347363657, 0.11038279210629069, 0.8796686132454531, 0.1348680410734711, 0.24187605098197773, 0.5515694391622393, 0.13451982009834473, 0.9142289971006965, 0.19050226382023397, 0.03824208096912371, 0.7784778551360785, 0.34569122981991596, 0.39003397515666793, 0.6192691400031303, 0.25546157152097476], BATTLES: 289-201-261-348-320-343-278-215-321-
12, 10, -2594.0, [0.9256486566388895, 0.331416796741141, 0.3002818447064816, 0.5328828525129864, 0.8788967746542463, 0.825280447390491, 0.5187428005431176, 0.012170518486855075, 0.4456012580106185, 0.9632817548739997, 0.6093346222900942, 0.3756769960781859, 0.72530790374217, 0.5920473631154618, 0.13288198281456642, 0.8461346589423122, 0.004171450523681286, 0.4661039076633118, 0.39511691668030674, 0.18057258577975294, 0.8912503458571657, 0.12498691301249373, 0.08426130145996225, 0.7995649702131336, 0.0380504524323634, 0.2564268320331246, 0.653238690966367, 0.28258901751801163], BATTLES: 291-229-233-358-261-301-340-298-283-
12, 11, -2678.0, [0.5575480894408673, 0.24497193083299446, 0.7766426175295151, 0.4314153990904105, 0.6719760143492096, 0.9431830163303963, 0.7571325126653097, 0.011816501245652863, 0.7437019733172827, 0.8782738044765485, 0.42221469536807604, 0.6004087461135075, 0.8453891998221006, 0.7335557214037653, 0.051136146830745056, 0.8415904617607325, 0.476036916331313, 0.47309176718263546, 0.27330057777780725, 0.23243804938055596, 0.995927536699639, 0.017866829026246783, 0.022412121696720452, 0.6632095520370823, 0.22379084177087336, 0.6976166726140516, 0.30773864332511397, 0.5670471381179054], BATTLES: 319-260-272-402-316-340-246-161-260-
12, 12, -2606.0, [0.8254739078962913, 0.2823553569102013, 0.2523023021999542, 0.20547817650620093, 0.8201113012877632, 0.907766686403067, 0.5127280157856831, 0.0803792378808929, 0.21226267956867118, 0.9786926311919285, 0.09795461210551915, 0.23613317674052176, 0.8399007753657812, 0.8919620179976027, 0.28971030401387915, 0.9623368729163665, 0.709231790364715, 0.5623655662461765, 0.9076000611840669, 0.0340073473200533, 0.6257934387520028, 0.07813393822967324, 0.007009473192593975, 0.6827109227967065, 0.022048007864922725, 0.5917459205815052, 0.6005970598280679, 0.42802048432644535], BATTLES: 266-205-258-378-265-324-325-293-282-
12, 13, -2671.0, [0.7932317436775327, 0.3824474683680531, 0.28857825325768316, 0.4487731209647452, 0.8910445339592454, 0.687451587589569, 0.4773536366455161, 0.04849655440380438, 0.5319335147997298, 0.8186015880868378, 0.6270010270892643, 0.5926839807408633, 0.8139061559675449, 0.4802523335920734, 0.19563556051107728, 0.9457030015354659, 0.4983728815193847, 0.6051180213179017, 0.9995153658927267, 0.2922407583324173, 0.5981978960584924, 0.3930472353120433, 0.005203953454544885, 0.9116664790709644, 0.2620988676892114, 0.3202377154710553, 0.329222258073232, 0.1264323244135236], BATTLES: 243-166-204-368-271-225-334-292-277-
12, 14, -2656.0, [0.8004049164408157, 0.27976169463873124, 0.4243908548231123, 0.13537813399275517, 0.9993892652074767, 0.8814893713352543, 0.4258033104262532, 0.05841600230145784, 0.505389517093341, 0.8764408229459302, 0.7034351711919298, 0.17631693686566027, 0.8574008111942027, 0.5813639438922829, 0.1294449618315045, 0.8923449339031169, 0.025233560648864922, 0.6013423866228655, 0.6377540008425026, 0.22121863622261173, 0.7584038570563214, 0.07051759726415055, 0.020882892875657456, 0.7228600214660671, 0.1324236490846547, 0.25296005734152094, 0.37631493567590224, 0.3854955818139547], BATTLES: 307-210-234-354-326-323-281-231-278-
13, 0, -2738.0, [0.8795281073888387, 0.2567681316304879, 0.5974395530715411, 0.11283574949227765, 0.9282026745053715, 0.9334422469279626, 0.4262415750649341, 0.025528080846391098, 0.4418390155445289, 0.9033418158876596, 0.5940423290775491, 0.2555591544350691, 0.6506844020973286, 0.5841951721658032, 0.12254392815958712, 0.9065356042157446, 0.1605497770951308, 0.5177319454599969, 0.4975561917639416, 0.07246353475758058, 0.7888791774097004, 0.14720344483643064, 0.0017776195233879105, 0.7509644659137857, 0.07787806690622384, 0.40316932057849436, 0.4804186769421355, 0.33155006064038245], BATTLES: 302-187-240-373-291-336-386-276-316-
13, 1, -2663.0, [0.8444797895369184, 0.30761704000950485, 0.5326863862946835, 0.4925897534671179, 0.9815551611501092, 0.958984557571241, 0.6100865486662184, 0.02660834323619706, 0.24125816669585354, 0.9570637957483182, 0.5561075207886697, 0.4074084475900958, 0.7320955859607865, 0.736033956052557, 0.22388403713643074, 0.9713244443637201, 0.22860730211941677, 0.6791902418300586, 0.5195096961859663, 0.5045865572191347, 0.644671086486998, 0.14592517118382098, 0.015540596965845536, 0.9255452631900629, 0.06409173324764017, 0.6456162133682048, 0.5770378592865573, 0.44523118003402956], BATTLES: 295-210-244-372-295-316-348-289-285-
13, 2, -2762.0, [0.920776278368704, 0.31863884191201597, 0.7586443925817982, 0.5399387931189455, 0.9066135099259665, 0.9805621148228374, 0.7554769681565071, 0.01766395009438414, 0.38365726745708095, 0.9287145420636415, 0.5656957657417254, 0.34116850377942165, 0.6364233781967865, 0.6141101825754952, 0.11655853828697565, 0.9153083239123587, 0.11357445961868604, 0.45073582564098036, 0.4351484537542811, 0.2430938810845008, 0.8148063801882796, 0.22292025514008398, 0.010881549985545011, 0.7864168320558769, 0.02617120350161873, 0.6365604555625255, 0.571135198102951, 0.2799123208688232], BATTLES: 301-221-253-384-273-340-365-331-294-
13, 3, -2714.0, [0.8306356257459766, 0.44081509598237223, 0.47601520046939, 0.37814200488746674, 0.8688945877443449, 0.9934375354394651, 0.6187623451210436, 0.028945978092109918, 0.5192079697230123, 0.950996506118818, 0.7301339666278983, 0.3398434524433938, 0.7357916968056292, 0.7165662068712946, 0.13956591379649763, 0.8796480997951671, 0.1379589806032617, 0.3678187723410035, 0.466232691456561, 0.11653337298616007, 0.7126244272227771, 0.1624178523666198, 0.006365589699305501, 0.7510403106120297, 0.2826946941648933, 0.4412931268429129, 0.8515972415243486, 0.4208944332133695], BATTLES: 272-209-261-392-278-338-347-268-297-
13, 4, -2542.0, [0.7016652068054536, 0.28728031490512357, 0.2400408417859864, 0.5911078388442607, 0.6547676423760916, 0.8134542525492869, 0.29582654088483407, 0.028820459904429014, 0.8255426743938215, 0.797604620027045, 0.5846666404156565, 0.8072673484527062, 0.960597320668224, 0.6847254639821345, 0.06813225280036778, 0.7977744309185631, 0.11893961855660912, 0.13145969865627216, 0.4778556206604896, 0.22199805352122948, 0.806134664012451, 0.30385956830212635, 0.14560601696881653, 0.5661541499712672, 0.258106382306906, 0.08690676977282774, 0.6336100064294571, 0.6110786070550678], BATTLES: 311-219-268-369-286-288-321-205-275-
13, 5, -2559.0, [0.7395191735115872, 0.29216347141959104, 0.4684912297593222, 0.6917102619895756, 0.6372474563633178, 0.8690947335838832, 0.3550202552868136, 0.03016125420456363, 0.41639732839074145, 0.9221720682751937, 0.8113738654928848, 0.5248113815793943, 0.8576117299873898, 0.7237859438088883, 0.2246049892117905, 0.9113268831156006, 0.037614991769213235, 0.6634563676087915, 0.9065634891223201, 0.43446642328411195, 0.5611868250347302, 0.056082002603656415, 0.023075787321821306, 0.8898511467106826, 0.3172256227993683, 0.12770526170186655, 0.19881001915679258, 0.43389533559833676], BATTLES: 272-153-237-326-219-255-341-207-285-
13, 6, -2770.0, [0.9227576138592244, 0.3882036216551685, 0.7801995466031943, 0.5755673201246693, 0.7958527132923316, 0.9167715883790544, 0.5568677886781089, 0.049814136209012816, 0.30585091595623914, 0.8802988437581473, 0.8158466933307157, 0.34670403321578314, 0.8528503482185087, 0.8924220583866525, 0.2682086248053556, 0.7510046648030411, 0.07559840733958509, 0.553740780475209, 0.7457174721710671, 0.3499551461523004, 0.3896527794131065, 0.0699697530556504, 0.005875057286131665, 0.8993540664582774, 0.31877053824146107, 0.5602109283722403, 0.4638577141454172, 0.27987540335791034], BATTLES: 317-210-266-376-316-319-345-314-307-
13, 7, -2656.0, [0.8720743013485541, 0.3760805451915002, 0.20588397176214251, 0.6391635986421169, 0.8650589670108473, 0.9810164917805109, 0.5572464672787093, 0.08124982657829934, 0.6381961353538681, 0.8647208990806241, 0.5066256757110642, 0.8116288122600662, 0.9120476177234444, 0.8245215858522034, 0.2548484103043352, 0.7926354163592544, 0.09821482843078835, 0.6023805361391867, 0.30625466629580583, 0.6286637832865276, 0.09762488323693969, 0.03472093047770598, 0.03955625364730628, 0.8548725229830688, 0.46150912963243784, 0.10161732308281385, 0.3163086498623947, 0.4000502606442217], BATTLES: 251-214-266-377-328-343-296-216-331-
13, 8, -2576.0, [0.9473356239897588, 0.5197172770601992, 0.7565679955269966, 0.39837094775746046, 0.7313504934542322, 0.6584173642276838, 0.7085339208631893, 0.04013517836938424, 0.5132743601157792, 0.8192559097420347, 0.3213602485570135, 0.7587961406545827, 0.47878003644876965, 0.8348977488955167, 0.16052877943421828, 0.8347744062445923, 0.2219152047977507, 0.47197367568938625, 0.2977000579109755, 0.5433248650471918, 0.9007671282244372, 0.10937926280487043, 0.13999145056178908, 0.8644891473532854, 0.11720296478143219, 0.6098552914697852, 0.6098346229772842, 0.6319799520470591], BATTLES: 305-205-215-374-279-283-379-303-233-
13, 9, -2664.0, [0.8741448365009156, 0.19580948693419956, 0.40668483176923004, 0.4019904299618947, 0.8483209754706417, 0.9205139212929847, 0.6946152231215296, 0.027240558909899997, 0.4204176149206653, 0.9897224648221815, 0.5683145635088218, 0.6902469826974151, 0.7179195392970401, 0.7023648186890754, 0.16568552309075402, 0.9398343066227266, 0.1680256252295413, 0.24187605098197773, 0.5515694391622393, 0.13451982009834473, 0.7000940960392756, 0.19050226382023397, 0.008888393141296863, 0.8018053790485127, 0.14189911167204672, 0.7834681224498263, 0.6192691400031303, 0.25546157152097476], BATTLES: 294-223-223-353-270-283-341-273-264-
13, 10, -2568.0, [0.9256486566388895, 0.331416796741141, 0.3002818447064816, 0.5328828525129864, 0.8788967746542463, 0.825280447390491, 0.5187428005431176, 0.012170518486855075, 0.4456012580106185, 0.9632817548739997, 0.6093346222900942, 0.3756769960781859, 0.72530790374217, 0.5920473631154618, 0.13288198281456642, 0.8461346589423122, 0.004171450523681286, 0.4661039076633118, 0.39511691668030674, 0.18057258577975294, 0.8912503458571657, 0.12498691301249373, 0.08426130145996225, 0.7995649702131336, 0.0380504524323634, 0.2564268320331246, 0.653238690966367, 0.28258901751801163], BATTLES: 303-206-233-338-250-308-347-302-281-
13, 11, -2730.0, [0.5575480894408673, 0.24497193083299446, 0.8119261178190994, 0.6994993169211545, 0.6719760143492096, 0.9431830163303963, 0.7571325126653097, 0.0432199171243023, 0.39568619280110884, 0.8782738044765485, 0.6464694905088187, 0.5052300771586421, 0.8453891998221006, 0.7335557214037653, 0.16630389275171242, 0.8415904617607325, 0.476036916331313, 0.47309176718263546, 0.27330057777780725, 0.23243804938055596, 0.7687081158717769, 0.017866829026246783, 0.011206060848360226, 0.7209002498596708, 0.22379084177087336, 0.6976166726140516, 0.30773864332511397, 0.3912580120427867], BATTLES: 311-213-287-392-333-321-302-217-288-
13, 12, -2570.0, [0.8254739078962913, 0.2823553569102013, 0.2523023021999542, 0.20547817650620093, 0.8201113012877632, 0.907766686403067, 0.5127280157856831, 0.0803792378808929, 0.21226267956867118, 0.9786926311919285, 0.09795461210551915, 0.23613317674052176, 0.8399007753657812, 0.8919620179976027, 0.28971030401387915, 0.9623368729163665, 0.709231790364715, 0.5623655662461765, 0.9076000611840669, 0.0340073473200533, 0.6257934387520028, 0.07813393822967324, 0.007009473192593975, 0.6827109227967065, 0.022048007864922725, 0.5917459205815052, 0.6005970598280679, 0.42802048432644535], BATTLES: 268-193-251-373-246-329-330-285-295-
13, 13, -2614.0, [0.7932317436775327, 0.3824474683680531, 0.28857825325768316, 0.4487731209647452, 0.8910445339592454, 0.687451587589569, 0.4773536366455161, 0.04849655440380438, 0.5319335147997298, 0.8186015880868378, 0.6270010270892643, 0.5926839807408633, 0.8139061559675449, 0.4802523335920734, 0.19563556051107728, 0.9457030015354659, 0.4983728815193847, 0.6051180213179017, 0.9995153658927267, 0.2922407583324173, 0.5981978960584924, 0.3930472353120433, 0.005203953454544885, 0.9116664790709644, 0.2620988676892114, 0.3202377154710553, 0.329222258073232, 0.1264323244135236], BATTLES: 283-195-221-377-316-289-356-269-308-
13, 14, -2626.0, [0.9002024582204078, 0.34666448209507994, 0.4243908548231123, 0.3904148745819115, 0.9996946326037384, 0.8814893713352543, 0.6099734065543019, 0.05841600230145784, 0.505389517093341, 0.9707502678735558, 0.8266364830205363, 0.17631693686566027, 0.8574008111942027, 0.5813639438922829, 0.1477631260109938, 0.8923449339031169, 0.025233560648864922, 0.4918904319300629, 0.48187614601747486, 0.22121863622261173, 0.7584038570563214, 0.035258798632075275, 0.01579569854585683, 0.7228600214660671, 0.06621182454232735, 0.25296005734152094, 0.37631493567590224, 0.3854955818139547], BATTLES: 275-196-241-378-304-330-327-250-321-
14, 0, -2672.0, [0.8795281073888387, 0.2567681316304879, 0.5974395530715411, 0.11283574949227765, 0.9282026745053715, 0.9334422469279626, 0.4262415750649341, 0.025528080846391098, 0.4418390155445289, 0.9033418158876596, 0.5940423290775491, 0.2555591544350691, 0.6506844020973286, 0.5841951721658032, 0.12254392815958712, 0.9065356042157446, 0.1605497770951308, 0.5177319454599969, 0.4975561917639416, 0.07246353475758058, 0.7888791774097004, 0.14720344483643064, 0.0017776195233879105, 0.7509644659137857, 0.07787806690622384, 0.40316932057849436, 0.4804186769421355, 0.33155006064038245], BATTLES: 316-208-241-378-300-346-326-261-296-
14, 1, -2699.0, [0.8444797895369184, 0.41465160542257007, 0.5326863862946835, 0.4925897534671179, 0.9815551611501092, 0.8448252189520405, 0.6100865486662184, 0.038615523989718355, 0.4400586129507843, 0.9570637957483182, 0.42423923680856723, 0.5441975588902866, 0.7320955859607865, 0.7249717812123456, 0.14575709456795594, 0.8748885837509817, 0.07643974038715066, 0.4701931634799097, 0.3726355132844403, 0.5184896020421624, 0.644671086486998, 0.1653291706701398, 0.015540596965845536, 0.9255452631900629, 0.07030468037270385, 0.6456162133682048, 0.5770378592865573, 0.4964934268370149], BATTLES: 295-223-248-388-292-327-322-241-317-
14, 2, -2756.0, [0.920776278368704, 0.31863884191201597, 0.7586443925817982, 0.5399387931189455, 0.9066135099259665, 0.9805621148228374, 0.7554769681565071, 0.01766395009438414, 0.38365726745708095, 0.9287145420636415, 0.5656957657417254, 0.34116850377942165, 0.6364233781967865, 0.6141101825754952, 0.11655853828697565, 0.9153083239123587, 0.11357445961868604, 0.45073582564098036, 0.4351484537542811, 0.2430938810845008, 0.8148063801882796, 0.22292025514008398, 0.010881549985545011, 0.7864168320558769, 0.02617120350161873, 0.6365604555625255, 0.571135198102951, 0.2799123208688232], BATTLES: 301-211-261-379-268-324-355-323-334-
14, 3, -2699.0, [0.8306356257459766, 0.44081509598237223, 0.47601520046939, 0.37814200488746674, 0.8688945877443449, 0.9934375354394651, 0.6187623451210436, 0.028945978092109918, 0.5192079697230123, 0.950996506118818, 0.7301339666278983, 0.3398434524433938, 0.7357916968056292, 0.7165662068712946, 0.13956591379649763, 0.8796480997951671, 0.1379589806032617, 0.3678187723410035, 0.466232691456561, 0.11653337298616007, 0.7126244272227771, 0.1624178523666198, 0.006365589699305501, 0.7510403106120297, 0.2826946941648933, 0.4412931268429129, 0.8515972415243486, 0.4208944332133695], BATTLES: 302-217-276-359-302-335-347-254-307-
14, 4, -2672.0, [0.7016652068054536, 0.28728031490512357, 0.2400408417859864, 0.5911078388442607, 0.6547676423760916, 0.8134542525492869, 0.29582654088483407, 0.028820459904429014, 0.8255426743938215, 0.797604620027045, 0.5846666404156565, 0.8072673484527062, 0.960597320668224, 0.6847254639821345, 0.06813225280036778, 0.7977744309185631, 0.11893961855660912, 0.13145969865627216, 0.4778556206604896, 0.22199805352122948, 0.806134664012451, 0.30385956830212635, 0.14560601696881653, 0.5661541499712672, 0.258106382306906, 0.08690676977282774, 0.6336100064294571, 0.6110786070550678], BATTLES: 304-240-295-377-285-316-326-221-308-
14, 5, -2516.0, [0.7395191735115872, 0.3232050531467895, 0.6331224506202423, 0.6917102619895756, 0.8532701833247757, 0.8690947335838832, 0.5987794124562386, 0.01571024584902097, 0.28912184396772606, 0.9221720682751937, 0.6626272126615868, 0.47218832569229074, 0.7308980910170856, 0.7730643213216033, 0.21618062139460434, 0.9113268831156006, 0.11123877828603071, 0.5388680543249548, 0.9065634891223201, 0.5311149251257953, 0.6335819047856704, 0.1286119040040952, 0.023075787321821306, 0.8898511467106826, 0.17707729378189702, 0.5187279986472922, 0.19881001915679258, 0.40326905855130235], BATTLES: 319-201-244-380-290-279-311-207-281-
14, 6, -2769.0, [0.9227576138592244, 0.3882036216551685, 0.7801995466031943, 0.5755673201246693, 0.7958527132923316, 0.9167715883790544, 0.5568677886781089, 0.049814136209012816, 0.30585091595623914, 0.8802988437581473, 0.8158466933307157, 0.34670403321578314, 0.8528503482185087, 0.8924220583866525, 0.2682086248053556, 0.7510046648030411, 0.07559840733958509, 0.553740780475209, 0.7457174721710671, 0.3499551461523004, 0.3896527794131065, 0.0699697530556504, 0.005875057286131665, 0.8993540664582774, 0.31877053824146107, 0.5602109283722403, 0.4638577141454172, 0.27987540335791034], BATTLES: 302-234-245-388-298-326-352-297-327-
14, 7, -2630.0, [0.8720743013485541, 0.3760805451915002, 0.20588397176214251, 0.6391635986421169, 0.9383210672093628, 0.9810164917805109, 0.5910421593596629, 0.08124982657829934, 0.5241265236349402, 0.8647208990806241, 0.5472523935130111, 0.5421424769762658, 0.8465810022091819, 0.6776129170772885, 0.19955042490903047, 0.850176510596874, 0.05682792794484958, 0.5906601656833246, 0.3676925545700364, 0.6286637832865276, 0.09762488323693969, 0.060667083130805065, 0.0286702312429618, 0.8548725229830688, 0.46150912963243784, 0.10161732308281385, 0.21851859804467086, 0.4000502606442217], BATTLES: 273-211-238-396-326-319-316-235-299-
14, 8, -2547.0, [0.9298445802291149, 0.5197172770601992, 0.4480292161990606, 0.5244734876637217, 0.8634373852197856, 0.9893991432088398, 0.5731325722339318, 0.04702324921935301, 0.5132743601157792, 0.8192559097420347, 0.3213602485570135, 0.7587961406545827, 0.47878003644876965, 0.8348977488955167, 0.16052877943421828, 0.8846582330394738, 0.11095760239887535, 0.47197367568938625, 0.5278952649555493, 0.4339522986240349, 0.5370304630399139, 0.08955528044108475, 0.07858827474435379, 0.8208210195377843, 0.23357060822853906, 0.5745256727253578, 0.6098346229772842, 0.6319799520470591], BATTLES: 279-190-198-356-265-271-367-291-251-
14, 9, -2682.0, [0.8741448365009156, 0.19580948693419956, 0.40668483176923004, 0.4019904299618947, 0.8483209754706417, 0.9205139212929847, 0.6946152231215296, 0.027240558909899997, 0.4204176149206653, 0.9897224648221815, 0.5683145635088218, 0.6902469826974151, 0.7179195392970401, 0.7023648186890754, 0.16568552309075402, 0.9398343066227266, 0.1680256252295413, 0.24187605098197773, 0.5515694391622393, 0.13451982009834473, 0.7000940960392756, 0.19050226382023397, 0.008888393141296863, 0.8018053790485127, 0.14189911167204672, 0.7834681224498263, 0.6192691400031303, 0.25546157152097476], BATTLES: 289-210-252-390-275-308-364-287-307-
14, 10, -2534.0, [0.9256486566388895, 0.331416796741141, 0.3002818447064816, 0.5328828525129864, 0.8788967746542463, 0.825280447390491, 0.5187428005431176, 0.012170518486855075, 0.4456012580106185, 0.9632817548739997, 0.6093346222900942, 0.3756769960781859, 0.72530790374217, 0.5920473631154618, 0.13288198281456642, 0.8461346589423122, 0.004171450523681286, 0.4661039076633118, 0.39511691668030674, 0.18057258577975294, 0.8912503458571657, 0.12498691301249373, 0.08426130145996225, 0.7995649702131336, 0.0380504524323634, 0.2564268320331246, 0.653238690966367, 0.28258901751801163], BATTLES: 278-191-220-354-247-311-359-297-277-
14, 11, -2692.0, [0.5575480894408673, 0.24497193083299446, 0.8119261178190994, 0.6994993169211545, 0.6719760143492096, 0.9431830163303963, 0.7571325126653097, 0.0432199171243023, 0.39568619280110884, 0.8782738044765485, 0.6464694905088187, 0.5052300771586421, 0.8453891998221006, 0.7335557214037653, 0.16630389275171242, 0.8415904617607325, 0.476036916331313, 0.47309176718263546, 0.27330057777780725, 0.23243804938055596, 0.7687081158717769, 0.017866829026246783, 0.011206060848360226, 0.7209002498596708, 0.22379084177087336, 0.6976166726140516, 0.30773864332511397, 0.3912580120427867], BATTLES: 309-204-267-390-305-350-325-231-311-
14, 12, -2606.0, [0.8254739078962913, 0.2823553569102013, 0.2523023021999542, 0.20547817650620093, 0.8201113012877632, 0.907766686403067, 0.5127280157856831, 0.0803792378808929, 0.21226267956867118, 0.9786926311919285, 0.09795461210551915, 0.23613317674052176, 0.8399007753657812, 0.8919620179976027, 0.28971030401387915, 0.9623368729163665, 0.709231790364715, 0.5623655662461765, 0.9076000611840669, 0.0340073473200533, 0.6257934387520028, 0.07813393822967324, 0.007009473192593975, 0.6827109227967065, 0.022048007864922725, 0.5917459205815052, 0.6005970598280679, 0.42802048432644535], BATTLES: 294-211-252-383-264-304-344-284-270-
14, 13, -2493.0, [0.8966158718387663, 0.3824474683680531, 0.28857825325768316, 0.4487731209647452, 0.9788351443602594, 0.687451587589569, 0.5519411329673511, 0.01627305628497036, 0.5319335147997298, 0.8186015880868378, 0.6270010270892643, 0.5259472953132368, 0.8139061559675449, 0.4802523335920734, 0.19563556051107728, 0.9335583961749194, 0.4983728815193847, 0.6051180213179017, 0.9995153658927267, 0.2922407583324173, 0.6847467514246225, 0.3930472353120433, 0.0032565374122322088, 0.9018357319170345, 0.2620988676892114, 0.3202377154710553, 0.4241137796521278, 0.1264323244135236], BATTLES: 255-168-203-385-288-316-320-286-270-
14, 14, -2651.0, [0.9153115198254692, 0.4021384842627058, 0.607914407125067, 0.39296528251190277, 0.9436100082206894, 0.8814893713352543, 0.6099734065543019, 0.05841600230145784, 0.5079170914038645, 0.9154616046450051, 0.6646645545606172, 0.26853541659569374, 0.8574008111942027, 0.6626370308201808, 0.15185529849404358, 0.8738900596159719, 0.08828205377517759, 0.4918904319300629, 0.4405396873721893, 0.32447337787311303, 0.7584038570563214, 0.035258798632075275, 0.01579569854585683, 0.7682608162816037, 0.0825576028623133, 0.3995360023468254, 0.4511722741092472, 0.3854955818139547], BATTLES: 268-188-260-379-294-330-333-257-298-
15, 0, -2712.0, [0.8795281073888387, 0.2567681316304879, 0.5974395530715411, 0.11283574949227765, 0.9282026745053715, 0.9334422469279626, 0.4262415750649341, 0.025528080846391098, 0.4418390155445289, 0.9033418158876596, 0.5940423290775491, 0.2555591544350691, 0.6506844020973286, 0.5841951721658032, 0.12254392815958712, 0.9065356042157446, 0.1605497770951308, 0.5177319454599969, 0.4975561917639416, 0.07246353475758058, 0.7888791774097004, 0.14720344483643064, 0.0017776195233879105, 0.7509644659137857, 0.07787806690622384, 0.40316932057849436, 0.4804186769421355, 0.33155006064038245], BATTLES: 299-206-241-379-285-334-375-297-296-
15, 1, -2658.0, [0.8444797895369184, 0.41465160542257007, 0.5326863862946835, 0.4925897534671179, 0.9815551611501092, 0.8448252189520405, 0.6100865486662184, 0.038615523989718355, 0.4400586129507843, 0.9570637957483182, 0.42423923680856723, 0.5441975588902866, 0.7320955859607865, 0.7249717812123456, 0.14575709456795594, 0.8748885837509817, 0.07643974038715066, 0.4701931634799097, 0.3726355132844403, 0.5184896020421624, 0.644671086486998, 0.1653291706701398, 0.015540596965845536, 0.9255452631900629, 0.07030468037270385, 0.6456162133682048, 0.5770378592865573, 0.4964934268370149], BATTLES: 286-201-255-384-288-315-352-267-310-
15, 2, -2696.0, [0.920776278368704, 0.31863884191201597, 0.7586443925817982, 0.5399387931189455, 0.9066135099259665, 0.9805621148228374, 0.7554769681565071, 0.01766395009438414, 0.38365726745708095, 0.9287145420636415, 0.5656957657417254, 0.34116850377942165, 0.6364233781967865, 0.6141101825754952, 0.11655853828697565, 0.9153083239123587, 0.11357445961868604, 0.45073582564098036, 0.4351484537542811, 0.2430938810845008, 0.8148063801882796, 0.22292025514008398, 0.010881549985545011, 0.7864168320558769, 0.02617120350161873, 0.6365604555625255, 0.571135198102951, 0.2799123208688232], BATTLES: 307-219-240-362-273-317-342-323-313-
15, 3, -2628.0, [0.8306356257459766, 0.44081509598237223, 0.47601520046939, 0.37814200488746674, 0.8688945877443449, 0.9934375354394651, 0.6187623451210436, 0.028945978092109918, 0.5192079697230123, 0.950996506118818, 0.7301339666278983, 0.3398434524433938, 0.7357916968056292, 0.7165662068712946, 0.13956591379649763, 0.8796480997951671, 0.1379589806032617, 0.3678187723410035, 0.466232691456561, 0.11653337298616007, 0.7126244272227771, 0.1624178523666198, 0.006365589699305501, 0.7510403106120297, 0.2826946941648933, 0.4412931268429129, 0.8515972415243486, 0.4208944332133695], BATTLES: 291-218-248-392-282-314-331-251-301-
15, 4, -2772.0, [0.7016652068054536, 0.28728031490512357, 0.6417306944635622, 0.6695184578325525, 0.6257006903181693, 0.8896323882203212, 0.6012797413189459, 0.03156691893268629, 0.6808166166378625, 0.797604620027045, 0.5846666404156565, 0.8072673484527062, 0.8544254821516968, 0.6847254639821345, 0.06813225280036778, 0.7977744309185631, 0.2408117174163111, 0.1884412080594069, 0.3323950488216454, 0.22199805352122948, 0.8729494854623988, 0.30385956830212635, 0.0755940337801008, 0.5740171716950384, 0.22173771558676802, 0.08690676977282774, 0.4665718651156563, 0.4171725931334229], BATTLES: 302-215-269-360-298-301-289-218-292-
15, 5, -2590.0, [0.7395191735115872, 0.3232050531467895, 0.6331224506202423, 0.6917102619895756, 0.8532701833247757, 0.8690947335838832, 0.5987794124562386, 0.01571024584902097, 0.28912184396772606, 0.9221720682751937, 0.6626272126615868, 0.47218832569229074, 0.7308980910170856, 0.7730643213216033, 0.21618062139460434, 0.9113268831156006, 0.11123877828603071, 0.5388680543249548, 0.9065634891223201, 0.5311149251257953, 0.6335819047856704, 0.1286119040040952, 0.023075787321821306, 0.8898511467106826, 0.17707729378189702, 0.5187279986472922, 0.19881001915679258, 0.40326905855130235], BATTLES: 300-219-228-398-286-304-316-252-287-
15, 6, -2750.0, [0.9227576138592244, 0.3882036216551685, 0.7801995466031943, 0.5755673201246693, 0.7958527132923316, 0.9167715883790544, 0.5568677886781089, 0.049814136209012816, 0.30585091595623914, 0.8802988437581473, 0.8158466933307157, 0.34670403321578314, 0.8528503482185087, 0.8924220583866525, 0.2682086248053556, 0.7510046648030411, 0.07559840733958509, 0.553740780475209, 0.7457174721710671, 0.3499551461523004, 0.3896527794131065, 0.0699697530556504, 0.005875057286131665, 0.8993540664582774, 0.31877053824146107, 0.5602109283722403, 0.4638577141454172, 0.27987540335791034], BATTLES: 316-228-227-385-314-317-356-311-296-
15, 7, -2604.0, [0.8720743013485541, 0.37226434383963125, 0.33675267549597854, 0.6553888661665999, 0.7202967793356897, 0.9810164917805109, 0.4291535999273898, 0.06767205543873367, 0.6941805057502913, 0.7978712233231204, 0.6853149441042754, 0.6371197104649248, 0.8465810022091819, 0.7535781093992885, 0.19955042490903047, 0.850176510596874, 0.05682792794484958, 0.5906601656833246, 0.3676925545700364, 0.3678755512423325, 0.09762488323693969, 0.13836827893911102, 0.07850981848163141, 0.7085601618948278, 0.48533286122259844, 0.055101795794140485, 0.21851859804467086, 0.42127051609818067], BATTLES: 250-176-261-368-320-340-330-239-314-
15, 8, -2575.0, [0.9298445802291149, 0.5197172770601992, 0.5683808138186377, 0.6214863514878043, 0.8634373852197856, 0.9893991432088398, 0.47070845996783184, 0.026985260597511548, 0.4161263364734325, 0.8377015931882404, 0.601533494422034, 0.7587961406545827, 0.47878003644876965, 0.8348977488955167, 0.22992435603469813, 0.8846582330394738, 0.022436920903291996, 0.47197367568938625, 0.5606100920593453, 0.4339522986240349, 0.44621725346398955, 0.044189876845532335, 0.0643582929660819, 0.8739263335042805, 0.23357060822853906, 0.5745256727253578, 0.5501259677522736, 0.45874181707181555], BATTLES: 297-215-230-374-276-293-326-237-267-
15, 9, -2619.0, [0.8741448365009156, 0.19580948693419956, 0.40668483176923004, 0.4019904299618947, 0.8483209754706417, 0.9205139212929847, 0.6946152231215296, 0.027240558909899997, 0.4204176149206653, 0.9897224648221815, 0.5683145635088218, 0.6902469826974151, 0.7179195392970401, 0.7023648186890754, 0.16568552309075402, 0.9398343066227266, 0.1680256252295413, 0.24187605098197773, 0.5515694391622393, 0.13451982009834473, 0.7000940960392756, 0.19050226382023397, 0.008888393141296863, 0.8018053790485127, 0.14189911167204672, 0.7834681224498263, 0.6192691400031303, 0.25546157152097476], BATTLES: 298-213-239-367-287-317-337-277-284-
15, 10, -2566.0, [0.9256486566388895, 0.331416796741141, 0.3002818447064816, 0.5328828525129864, 0.8696362494256321, 0.825280447390491, 0.3730502975975391, 0.012170518486855075, 0.4456012580106185, 0.9632817548739997, 0.6034539991579884, 0.6148535618878257, 0.72530790374217, 0.8832330690512291, 0.06644099140728321, 0.8461346589423122, 0.004171450523681286, 0.4661039076633118, 0.49245794904283313, 0.19977109213262478, 0.8518037433752662, 0.12498691301249373, 0.08426130145996225, 0.7380354894440125, 0.0190252262161817, 0.2564268320331246, 0.653238690966367, 0.4090268895704562], BATTLES: 295-197-211-354-273-285-368-307-273-
15, 11, -2704.0, [0.5575480894408673, 0.24497193083299446, 0.8119261178190994, 0.6994993169211545, 0.6719760143492096, 0.9431830163303963, 0.7571325126653097, 0.0432199171243023, 0.39568619280110884, 0.8782738044765485, 0.6464694905088187, 0.5052300771586421, 0.8453891998221006, 0.7335557214037653, 0.16630389275171242, 0.8415904617607325, 0.476036916331313, 0.47309176718263546, 0.27330057777780725, 0.23243804938055596, 0.7687081158717769, 0.017866829026246783, 0.011206060848360226, 0.7209002498596708, 0.22379084177087336, 0.6976166726140516, 0.30773864332511397, 0.3912580120427867], BATTLES: 294-235-281-363-316-352-332-231-300-
15, 12, -2563.0, [0.8254739078962913, 0.2823553569102013, 0.2523023021999542, 0.20547817650620093, 0.8201113012877632, 0.907766686403067, 0.5127280157856831, 0.0803792378808929, 0.21226267956867118, 0.9786926311919285, 0.09795461210551915, 0.23613317674052176, 0.8399007753657812, 0.8919620179976027, 0.28971030401387915, 0.9623368729163665, 0.709231790364715, 0.5623655662461765, 0.9076000611840669, 0.0340073473200533, 0.6257934387520028, 0.07813393822967324, 0.007009473192593975, 0.6827109227967065, 0.022048007864922725, 0.5917459205815052, 0.6005970598280679, 0.42802048432644535], BATTLES: 291-196-236-354-265-315-335-286-285-
15, 13, -2558.0, [0.8945557303443413, 0.3824474683680531, 0.28857825325768316, 0.4487731209647452, 0.9788351443602594, 0.687451587589569, 0.5519411329673511, 0.01627305628497036, 0.5319335147997298, 0.8186015880868378, 0.5797538490849882, 0.5259472953132368, 0.5877659695094717, 0.4802523335920734, 0.19563556051107728, 0.9335583961749194, 0.15002706264263163, 0.5551792906184712, 0.9995153658927267, 0.14612037916620865, 0.6847467514246225, 0.22107578080197474, 0.0032565374122322088, 0.8504423195866668, 0.2620988676892114, 0.3202377154710553, 0.4241137796521278, 0.18501845777504783], BATTLES: 288-180-200-343-270-262-363-293-263-
15, 14, -2665.0, [0.9153115198254692, 0.4021384842627058, 0.607914407125067, 0.39296528251190277, 0.9436100082206894, 0.8814893713352543, 0.6099734065543019, 0.05841600230145784, 0.5079170914038645, 0.9154616046450051, 0.6646645545606172, 0.26853541659569374, 0.8574008111942027, 0.6626370308201808, 0.15185529849404358, 0.8738900596159719, 0.08828205377517759, 0.4918904319300629, 0.4405396873721893, 0.32447337787311303, 0.7584038570563214, 0.035258798632075275, 0.01579569854585683, 0.7682608162816037, 0.0825576028623133, 0.3995360023468254, 0.4511722741092472, 0.3854955818139547], BATTLES: 291-198-264-373-319-312-335-261-312-
16, 0, -2717.0, [0.8795281073888387, 0.2567681316304879, 0.5974395530715411, 0.11283574949227765, 0.9282026745053715, 0.9334422469279626, 0.4262415750649341, 0.025528080846391098, 0.4418390155445289, 0.9033418158876596, 0.5940423290775491, 0.2555591544350691, 0.6506844020973286, 0.5841951721658032, 0.12254392815958712, 0.9065356042157446, 0.1605497770951308, 0.5177319454599969, 0.4975561917639416, 0.07246353475758058, 0.7888791774097004, 0.14720344483643064, 0.0017776195233879105, 0.7509644659137857, 0.07787806690622384, 0.40316932057849436, 0.4804186769421355, 0.33155006064038245], BATTLES: 303-227-246-374-304-315-361-297-290-
16, 1, -2656.0, [0.8867149663252463, 0.37591433818781783, 0.5326863862946835, 0.590635000819502, 0.905402987324197, 0.8448252189520405, 0.6100865486662184, 0.038615523989718355, 0.4400586129507843, 0.9552373619658868, 0.6755150591923723, 0.31525300579501103, 0.7320955859607865, 0.67418054752468, 0.14297795831446855, 0.8478878524875362, 0.07048248974120841, 0.4701931634799097, 0.3726355132844403, 0.5184896020421624, 0.5227546769034658, 0.1653291706701398, 0.007770298482922768, 0.9177730985603516, 0.04004837727611393, 0.7751320934671762, 0.43969554601266747, 0.4036321811430725], BATTLES: 278-202-233-368-302-311-324-282-299-
16, 2, -2752.0, [0.920776278368704, 0.31863884191201597, 0.7586443925817982, 0.5399387931189455, 0.9066135099259665, 0.9805621148228374, 0.7554769681565071, 0.01766395009438414, 0.38365726745708095, 0.9287145420636415, 0.5656957657417254, 0.34116850377942165, 0.6364233781967865, 0.6141101825754952, 0.11655853828697565, 0.9153083239123587, 0.11357445961868604, 0.45073582564098036, 0.4351484537542811, 0.2430938810845008, 0.8148063801882796, 0.22292025514008398, 0.010881549985545011, 0.7864168320558769, 0.02617120350161873, 0.6365604555625255, 0.571135198102951, 0.2799123208688232], BATTLES: 295-204-235-392-289-322-362-326-327-
16, 3, -2614.0, [0.8306356257459766, 0.44081509598237223, 0.47601520046939, 0.37814200488746674, 0.8688945877443449, 0.9934375354394651, 0.6187623451210436, 0.028945978092109918, 0.5192079697230123, 0.950996506118818, 0.7301339666278983, 0.3398434524433938, 0.7357916968056292, 0.7165662068712946, 0.13956591379649763, 0.8796480997951671, 0.1379589806032617, 0.3678187723410035, 0.466232691456561, 0.11653337298616007, 0.7126244272227771, 0.1624178523666198, 0.006365589699305501, 0.7510403106120297, 0.2826946941648933, 0.4412931268429129, 0.8515972415243486, 0.4208944332133695], BATTLES: 282-222-273-374-256-313-355-262-277-
16, 4, -2731.0, [0.7016652068054536, 0.28728031490512357, 0.6417306944635622, 0.6695184578325525, 0.6257006903181693, 0.8896323882203212, 0.6012797413189459, 0.03156691893268629, 0.6808166166378625, 0.797604620027045, 0.5846666404156565, 0.8072673484527062, 0.8544254821516968, 0.6847254639821345, 0.06813225280036778, 0.7977744309185631, 0.2408117174163111, 0.1884412080594069, 0.3323950488216454, 0.22199805352122948, 0.8729494854623988, 0.30385956830212635, 0.0755940337801008, 0.5740171716950384, 0.22173771558676802, 0.08690676977282774, 0.4665718651156563, 0.4171725931334229], BATTLES: 326-251-277-385-299-317-330-242-304-
16, 5, -2599.0, [0.8697595867557937, 0.2782885137382577, 0.6331224506202423, 0.6773448864769673, 0.8117584522045596, 0.9676523121472294, 0.5287099956982086, 0.007855122924510485, 0.28912184396772606, 0.9221720682751937, 0.47011620099255813, 0.6592273819672064, 0.7308980910170856, 0.8865321606608016, 0.21618062139460434, 0.9556634415578003, 0.30860828872366347, 0.40293459672851795, 0.9065634891223201, 0.1927757436458635, 0.7636990005186259, 0.1286119040040952, 0.023075787321821306, 0.8898511467106826, 0.08853864689094851, 0.5187279986472922, 0.19881001915679258, 0.40326905855130235], BATTLES: 294-201-240-385-297-311-319-229-268-
16, 6, -2761.0, [0.9227576138592244, 0.3882036216551685, 0.7801995466031943, 0.6625161487577764, 0.7958527132923316, 0.9167715883790544, 0.5624362517693666, 0.046262534146489086, 0.4111663265791106, 0.8802988437581473, 0.8158466933307157, 0.45982627556095645, 0.8528503482185087, 0.8924220583866525, 0.2682086248053556, 0.7510046648030411, 0.07559840733958509, 0.553740780475209, 0.7457174721710671, 0.3499551461523004, 0.3896527794131065, 0.0699697530556504, 0.026166278303156657, 0.8993540664582774, 0.31877053824146107, 0.5602109283722403, 0.4638577141454172, 0.27987540335791034], BATTLES: 319-222-245-367-306-298-358-314-314-
16, 7, -2610.0, [0.9481977018028757, 0.37226434383963125, 0.6110184672047677, 0.6553888661665999, 0.8607437022385764, 0.9810164917805109, 0.4291535999273898, 0.06767205543873367, 0.4870818944165326, 0.7978712233231204, 0.6853149441042754, 0.6371197104649248, 0.8465810022091819, 0.6555592905260985, 0.1755110564693791, 0.8230549008857281, 0.05682792794484958, 0.3005617918224918, 0.2949269642898924, 0.3678755512423325, 0.4095665597791568, 0.3311464157595349, 0.039254909240815705, 0.7085601618948278, 0.21285657040593586, 0.09106376945775878, 0.5565013444399082, 0.4259786858576973], BATTLES: 279-204-245-366-294-282-326-248-299-
16, 8, -2580.0, [0.9298445802291149, 0.5197172770601992, 0.5415277334391573, 0.6214863514878043, 0.8634373852197856, 0.918896165705039, 0.47070845996783184, 0.026985260597511548, 0.4161263364734325, 0.8377015931882404, 0.601533494422034, 0.9277686822860639, 0.47878003644876965, 0.8348977488955167, 0.22992435603469813, 0.8846582330394738, 0.10291358977774939, 0.47197367568938625, 0.5606100920593453, 0.4339522986240349, 0.6921230813798698, 0.044189876845532335, 0.0643582929660819, 0.8739263335042805, 0.26721850656005175, 0.39613967835380737, 0.5501259677522736, 0.3407558195741902], BATTLES: 327-218-234-363-295-305-330-241-267-
16, 9, -2588.0, [0.8741448365009156, 0.19580948693419956, 0.40668483176923004, 0.4889846884943318, 0.7999102504674269, 0.9205139212929847, 0.5705105594399088, 0.027240558909899997, 0.33469220552301726, 0.9897224648221815, 0.5683145635088218, 0.2922353801254053, 0.7179195392970401, 0.7023648186890754, 0.16568552309075402, 0.9398343066227266, 0.1680256252295413, 0.496248087350584, 0.5515694391622393, 0.13451982009834473, 0.7000940960392756, 0.09525113191011698, 0.008888393141296863, 0.8018053790485127, 0.14189911167204672, 0.7834681224498263, 0.5702867193653555, 0.25546157152097476], BATTLES: 286-191-239-374-284-315-338-260-293-
16, 10, -2523.0, [0.9256486566388895, 0.331416796741141, 0.3002818447064816, 0.5328828525129864, 0.8696362494256321, 0.825280447390491, 0.3730502975975391, 0.012170518486855075, 0.4456012580106185, 0.9632817548739997, 0.6034539991579884, 0.6148535618878257, 0.72530790374217, 0.8832330690512291, 0.06644099140728321, 0.8461346589423122, 0.004171450523681286, 0.4661039076633118, 0.49245794904283313, 0.19977109213262478, 0.8518037433752662, 0.12498691301249373, 0.08426130145996225, 0.7380354894440125, 0.0190252262161817, 0.2564268320331246, 0.653238690966367, 0.4090268895704562], BATTLES: 290-217-225-329-245-294-354-283-286-
16, 11, -2741.0, [0.5575480894408673, 0.24497193083299446, 0.8119261178190994, 0.6994993169211545, 0.6719760143492096, 0.9431830163303963, 0.7571325126653097, 0.0432199171243023, 0.39568619280110884, 0.8782738044765485, 0.6464694905088187, 0.5052300771586421, 0.8453891998221006, 0.7335557214037653, 0.16630389275171242, 0.8415904617607325, 0.476036916331313, 0.47309176718263546, 0.27330057777780725, 0.23243804938055596, 0.7687081158717769, 0.017866829026246783, 0.011206060848360226, 0.7209002498596708, 0.22379084177087336, 0.6976166726140516, 0.30773864332511397, 0.3912580120427867], BATTLES: 327-235-273-374-330-310-340-235-317-
16, 12, -2494.0, [0.8254739078962913, 0.2823553569102013, 0.2523023021999542, 0.20547817650620093, 0.8201113012877632, 0.907766686403067, 0.5127280157856831, 0.0803792378808929, 0.21226267956867118, 0.9786926311919285, 0.09795461210551915, 0.23613317674052176, 0.8399007753657812, 0.8919620179976027, 0.28971030401387915, 0.9623368729163665, 0.709231790364715, 0.5623655662461765, 0.9076000611840669, 0.0340073473200533, 0.6257934387520028, 0.07813393822967324, 0.007009473192593975, 0.6827109227967065, 0.022048007864922725, 0.5917459205815052, 0.6005970598280679, 0.42802048432644535], BATTLES: 273-190-247-366-248-328-325-262-255-
16, 13, -2564.0, [0.8945557303443413, 0.35549775914010207, 0.7098904935629347, 0.4487731209647452, 0.9788351443602594, 0.8945204106616134, 0.5519411329673511, 0.01627305628497036, 0.5319335147997298, 0.9018737642516895, 0.5797538490849882, 0.37492016480761814, 0.5877659695094717, 0.8354660179385165, 0.19563556051107728, 0.9335583961749194, 0.07501353132131582, 0.5210736210327079, 0.9995153658927267, 0.3691847064632278, 0.6847467514246225, 0.011700169313402342, 0.0032565374122322088, 0.8640951804483851, 0.2620988676892114, 0.3202377154710553, 0.4241137796521278, 0.18501845777504783], BATTLES: 250-175-216-341-292-304-359-321-296-
16, 14, -2665.0, [0.9153115198254692, 0.4021384842627058, 0.607914407125067, 0.39296528251190277, 0.9436100082206894, 0.8814893713352543, 0.6099734065543019, 0.05841600230145784, 0.5079170914038645, 0.9154616046450051, 0.6646645545606172, 0.26853541659569374, 0.8574008111942027, 0.6626370308201808, 0.15185529849404358, 0.8738900596159719, 0.08828205377517759, 0.4918904319300629, 0.4405396873721893, 0.32447337787311303, 0.7584038570563214, 0.035258798632075275, 0.01579569854585683, 0.7682608162816037, 0.0825576028623133, 0.3995360023468254, 0.4511722741092472, 0.3854955818139547], BATTLES: 264-210-232-378-308-346-360-263-304-
17, 0, -2680.0, [0.8795281073888387, 0.2567681316304879, 0.5974395530715411, 0.11283574949227765, 0.9282026745053715, 0.9334422469279626, 0.4262415750649341, 0.025528080846391098, 0.4418390155445289, 0.9033418158876596, 0.5940423290775491, 0.2555591544350691, 0.6506844020973286, 0.5841951721658032, 0.12254392815958712, 0.9065356042157446, 0.1605497770951308, 0.5177319454599969, 0.4975561917639416, 0.07246353475758058, 0.7888791774097004, 0.14720344483643064, 0.0017776195233879105, 0.7509644659137857, 0.07787806690622384, 0.40316932057849436, 0.4804186769421355, 0.33155006064038245], BATTLES: 275-205-266-377-287-336-361-287-286-
17, 1, -2629.0, [0.8867149663252463, 0.37591433818781783, 0.5326863862946835, 0.590635000819502, 0.905402987324197, 0.8448252189520405, 0.6100865486662184, 0.038615523989718355, 0.4400586129507843, 0.9552373619658868, 0.6755150591923723, 0.31525300579501103, 0.7320955859607865, 0.67418054752468, 0.14297795831446855, 0.8478878524875362, 0.07048248974120841, 0.4701931634799097, 0.3726355132844403, 0.5184896020421624, 0.5227546769034658, 0.1653291706701398, 0.007770298482922768, 0.9177730985603516, 0.04004837727611393, 0.7751320934671762, 0.43969554601266747, 0.4036321811430725], BATTLES: 318-199-237-368-282-325-332-263-305-
17, 2, -2743.0, [0.920776278368704, 0.31863884191201597, 0.7586443925817982, 0.5399387931189455, 0.9066135099259665, 0.9805621148228374, 0.7554769681565071, 0.01766395009438414, 0.38365726745708095, 0.9287145420636415, 0.5656957657417254, 0.34116850377942165, 0.6364233781967865, 0.6141101825754952, 0.11655853828697565, 0.9153083239123587, 0.11357445961868604, 0.45073582564098036, 0.4351484537542811, 0.2430938810845008, 0.8148063801882796, 0.22292025514008398, 0.010881549985545011, 0.7864168320558769, 0.02617120350161873, 0.6365604555625255, 0.571135198102951, 0.2799123208688232], BATTLES: 284-207-267-380-291-312-373-316-313-
17, 3, -2670.0, [0.8306356257459766, 0.44081509598237223, 0.47601520046939, 0.37814200488746674, 0.8688945877443449, 0.9934375354394651, 0.6187623451210436, 0.028945978092109918, 0.5192079697230123, 0.950996506118818, 0.7301339666278983, 0.3398434524433938, 0.7357916968056292, 0.7165662068712946, 0.13956591379649763, 0.8796480997951671, 0.1379589806032617, 0.3678187723410035, 0.466232691456561, 0.11653337298616007, 0.7126244272227771, 0.1624178523666198, 0.006365589699305501, 0.7510403106120297, 0.2826946941648933, 0.4412931268429129, 0.8515972415243486, 0.4208944332133695], BATTLES: 300-223-280-375-277-330-342-256-287-
17, 4, -2690.0, [0.7016652068054536, 0.28728031490512357, 0.6417306944635622, 0.6695184578325525, 0.6257006903181693, 0.8896323882203212, 0.6012797413189459, 0.03156691893268629, 0.6808166166378625, 0.797604620027045, 0.5846666404156565, 0.8072673484527062, 0.8544254821516968, 0.6847254639821345, 0.06813225280036778, 0.7977744309185631, 0.2408117174163111, 0.1884412080594069, 0.3323950488216454, 0.22199805352122948, 0.8729494854623988, 0.30385956830212635, 0.0755940337801008, 0.5740171716950384, 0.22173771558676802, 0.08690676977282774, 0.4665718651156563, 0.4171725931334229], BATTLES: 310-231-267-377-315-309-339-235-307-
17, 5, -2565.0, [0.8697595867557937, 0.2782885137382577, 0.6331224506202423, 0.5571470846653663, 0.8117584522045596, 0.9838261560736147, 0.5287099956982086, 0.003927561462255242, 0.24737016154184346, 0.9610860341375969, 0.49159212388236406, 0.5914679074007964, 0.7308980910170856, 0.8865321606608016, 0.11800213387562981, 0.9556634415578003, 0.30860828872366347, 0.40293459672851795, 0.6432967660542126, 0.2672141479243666, 0.7636990005186259, 0.1286119040040952, 0.023075787321821306, 0.9357429594152264, 0.12200829210461335, 0.5187279986472922, 0.19881001915679258, 0.2439954262422129], BATTLES: 318-196-202-388-271-305-292-248-276-
17, 6, -2731.0, [0.9227576138592244, 0.3882036216551685, 0.7801995466031943, 0.6625161487577764, 0.7958527132923316, 0.9167715883790544, 0.5624362517693666, 0.046262534146489086, 0.4111663265791106, 0.8802988437581473, 0.8158466933307157, 0.45982627556095645, 0.8528503482185087, 0.8924220583866525, 0.2682086248053556, 0.7510046648030411, 0.07559840733958509, 0.553740780475209, 0.7457174721710671, 0.3499551461523004, 0.3896527794131065, 0.0699697530556504, 0.026166278303156657, 0.8993540664582774, 0.31877053824146107, 0.5602109283722403, 0.4638577141454172, 0.27987540335791034], BATTLES: 294-204-271-378-318-323-349-287-307-
17, 7, -2699.0, [0.9481977018028757, 0.37226434383963125, 0.6110184672047677, 0.6553888661665999, 0.8607437022385764, 0.9810164917805109, 0.4291535999273898, 0.06767205543873367, 0.4870818944165326, 0.7978712233231204, 0.6853149441042754, 0.6371197104649248, 0.8465810022091819, 0.6555592905260985, 0.1755110564693791, 0.8230549008857281, 0.05682792794484958, 0.3005617918224918, 0.2949269642898924, 0.3678755512423325, 0.4095665597791568, 0.3311464157595349, 0.039254909240815705, 0.7085601618948278, 0.21285657040593586, 0.09106376945775878, 0.5565013444399082, 0.4259786858576973], BATTLES: 292-203-252-374-308-322-359-297-292-
17, 8, -2564.0, [0.9298445802291149, 0.5197172770601992, 0.5415277334391573, 0.6214863514878043, 0.8634373852197856, 0.918896165705039, 0.47070845996783184, 0.026985260597511548, 0.4161263364734325, 0.8377015931882404, 0.601533494422034, 0.9277686822860639, 0.47878003644876965, 0.8348977488955167, 0.22992435603469813, 0.8846582330394738, 0.10291358977774939, 0.47197367568938625, 0.5606100920593453, 0.4339522986240349, 0.6921230813798698, 0.044189876845532335, 0.0643582929660819, 0.8739263335042805, 0.26721850656005175, 0.39613967835380737, 0.5501259677522736, 0.3407558195741902], BATTLES: 303-225-249-370-277-308-320-257-255-
17, 9, -2540.0, [0.8741448365009156, 0.19580948693419956, 0.40668483176923004, 0.4889846884943318, 0.7999102504674269, 0.9205139212929847, 0.5705105594399088, 0.027240558909899997, 0.33469220552301726, 0.9897224648221815, 0.5683145635088218, 0.2922353801254053, 0.7179195392970401, 0.7023648186890754, 0.16568552309075402, 0.9398343066227266, 0.1680256252295413, 0.496248087350584, 0.5515694391622393, 0.13451982009834473, 0.7000940960392756, 0.09525113191011698, 0.008888393141296863, 0.8018053790485127, 0.14189911167204672, 0.7834681224498263, 0.5702867193653555, 0.25546157152097476], BATTLES: 265-194-234-364-281-308-327-286-281-
17, 10, -2556.0, [0.9256486566388895, 0.331416796741141, 0.3002818447064816, 0.5328828525129864, 0.8696362494256321, 0.825280447390491, 0.3730502975975391, 0.012170518486855075, 0.4456012580106185, 0.9632817548739997, 0.6034539991579884, 0.6148535618878257, 0.72530790374217, 0.8832330690512291, 0.06644099140728321, 0.8461346589423122, 0.004171450523681286, 0.4661039076633118, 0.49245794904283313, 0.19977109213262478, 0.8518037433752662, 0.12498691301249373, 0.08426130145996225, 0.7380354894440125, 0.0190252262161817, 0.2564268320331246, 0.653238690966367, 0.4090268895704562], BATTLES: 285-198-237-362-258-304-339-290-283-
17, 11, -2699.0, [0.7854832630865249, 0.24497193083299446, 0.8119261178190994, 0.7173716574261633, 0.6719760143492096, 0.8800995862909294, 0.5598331398665504, 0.02272985738096852, 0.5239545942193897, 0.9058665485900249, 0.6464694905088187, 0.4997447722099328, 0.6585114826758933, 0.8810931341285808, 0.2673590364036487, 0.8221100156961514, 0.22990731853184182, 0.5973314229713502, 0.8074848669907191, 0.33755673770556077, 0.7687081158717769, 0.017866829026246783, 0.014119762239254891, 0.9491489924204346, 0.22379084177087336, 0.5176613235806429, 0.15850103991133652, 0.20680921074833675], BATTLES: 297-220-283-388-315-320-309-217-328-
17, 12, -2545.0, [0.8254739078962913, 0.2823553569102013, 0.2523023021999542, 0.678693734758641, 0.9100556506438816, 0.8458000080197713, 0.5127280157856831, 0.007349829484520294, 0.6065552716459233, 0.9786926311919285, 0.3449817817059794, 0.23613317674052176, 0.7384633171423316, 0.8919620179976027, 0.28971030401387915, 0.9623368729163665, 0.709231790364715, 0.5623655662461765, 0.978111154026096, 0.01700367366002665, 0.5320353294737094, 0.03906696911483662, 0.0035047365962969875, 0.6827109227967065, 0.022048007864922725, 0.17004979456612512, 0.6005970598280679, 0.1637220450736079], BATTLES: 260-179-242-363-261-305-334-284-317-
17, 13, -2602.0, [0.8945557303443413, 0.35549775914010207, 0.7098904935629347, 0.4487731209647452, 0.9788351443602594, 0.8945204106616134, 0.5519411329673511, 0.01627305628497036, 0.5319335147997298, 0.9018737642516895, 0.5797538490849882, 0.37492016480761814, 0.5877659695094717, 0.8354660179385165, 0.19563556051107728, 0.9335583961749194, 0.07501353132131582, 0.5210736210327079, 0.9995153658927267, 0.3691847064632278, 0.6847467514246225, 0.011700169313402342, 0.0032565374122322088, 0.8640951804483851, 0.2620988676892114, 0.3202377154710553, 0.4241137796521278, 0.18501845777504783], BATTLES: 268-206-261-365-318-328-313-235-308-
17, 14, -2669.0, [0.9153115198254692, 0.4021384842627058, 0.607914407125067, 0.39296528251190277, 0.9436100082206894, 0.8814893713352543, 0.6099734065543019, 0.05841600230145784, 0.5079170914038645, 0.9154616046450051, 0.6646645545606172, 0.26853541659569374, 0.8574008111942027, 0.6626370308201808, 0.15185529849404358, 0.8738900596159719, 0.08828205377517759, 0.4918904319300629, 0.4405396873721893, 0.32447337787311303, 0.7584038570563214, 0.035258798632075275, 0.01579569854585683, 0.7682608162816037, 0.0825576028623133, 0.3995360023468254, 0.4511722741092472, 0.3854955818139547], BATTLES: 268-193-269-385-297-333-358-274-292-
18, 0, -2741.0, [0.8795281073888387, 0.2567681316304879, 0.5974395530715411, 0.11283574949227765, 0.9282026745053715, 0.9334422469279626, 0.4262415750649341, 0.025528080846391098, 0.4418390155445289, 0.9033418158876596, 0.5940423290775491, 0.2555591544350691, 0.6506844020973286, 0.5841951721658032, 0.12254392815958712, 0.9065356042157446, 0.1605497770951308, 0.5177319454599969, 0.4975561917639416, 0.07246353475758058, 0.7888791774097004, 0.14720344483643064, 0.0017776195233879105, 0.7509644659137857, 0.07787806690622384, 0.40316932057849436, 0.4804186769421355, 0.33155006064038245], BATTLES: 279-204-254-386-312-336-364-301-305-
18, 1, -2645.0, [0.8867149663252463, 0.44856135508939304, 0.5326863862946835, 0.590635000819502, 0.905402987324197, 0.8448252189520405, 0.5474827767577757, 0.04753335134874901, 0.4400586129507843, 0.9552373619658868, 0.6755150591923723, 0.5806594166650405, 0.7320955859607865, 0.67418054752468, 0.14297795831446855, 0.8478878524875362, 0.07048248974120841, 0.4701931634799097, 0.3726355132844403, 0.5184896020421624, 0.5227546769034658, 0.1653291706701398, 0.007770298482922768, 0.9202333690410474, 0.17792204133983158, 0.7751320934671762, 0.43969554601266747, 0.4191664692551466], BATTLES: 276-187-261-360-285-338-337-292-292-
18, 2, -2712.0, [0.9603881391843521, 0.31863884191201597, 0.8955241134299881, 0.5399387931189455, 0.9533067549629832, 0.9973503363412036, 0.7554769681565071, 0.01766395009438414, 0.38365726745708095, 0.9390164625990244, 0.5656957657417254, 0.34116850377942165, 0.6364233781967865, 0.6141101825754952, 0.1436506364834172, 0.9153083239123587, 0.09231226167006236, 0.45073582564098036, 0.4351484537542811, 0.3797780352774873, 0.8148063801882796, 0.22292025514008398, 0.011562811250440834, 0.7857471428786474, 0.02617120350161873, 0.6365604555625255, 0.6413644073116963, 0.2799123208688232], BATTLES: 276-208-254-359-261-311-373-316-297-
18, 3, -2640.0, [0.8306356257459766, 0.44081509598237223, 0.47601520046939, 0.37814200488746674, 0.8688945877443449, 0.9934375354394651, 0.6187623451210436, 0.028945978092109918, 0.5192079697230123, 0.950996506118818, 0.7301339666278983, 0.3398434524433938, 0.7357916968056292, 0.7165662068712946, 0.13956591379649763, 0.8796480997951671, 0.1379589806032617, 0.3678187723410035, 0.466232691456561, 0.11653337298616007, 0.7126244272227771, 0.1624178523666198, 0.006365589699305501, 0.7510403106120297, 0.2826946941648933, 0.4412931268429129, 0.8515972415243486, 0.4208944332133695], BATTLES: 292-220-290-344-268-321-353-245-307-
18, 4, -2718.0, [0.8482059693123996, 0.359792647203214, 0.6417306944635622, 0.5201523938492773, 0.8438324941659964, 0.8896323882203212, 0.6012797413189459, 0.03458253843730209, 0.6808166166378625, 0.797604620027045, 0.5846666404156565, 0.8072673484527062, 0.8544254821516968, 0.6847254639821345, 0.06813225280036778, 0.7977744309185631, 0.2408117174163111, 0.1884412080594069, 0.3323950488216454, 0.22199805352122948, 0.8729494854623988, 0.30385956830212635, 0.013424097667392922, 0.5740171716950384, 0.22173771558676802, 0.08690676977282774, 0.4665718651156563, 0.321223752826582], BATTLES: 289-227-261-367-313-312-344-245-288-
18, 5, -2658.0, [0.8697595867557937, 0.2782885137382577, 0.32663552415763086, 0.5571470846653663, 0.8117584522045596, 0.9838261560736147, 0.3721940826523383, 0.008730418091330999, 0.24737016154184346, 0.9610860341375969, 0.5085059540313446, 0.29375345417428456, 0.7420614020405719, 0.8865321606608016, 0.3212731173590512, 0.8933237311672717, 0.30874572243919357, 0.5812934892718712, 0.6432967660542126, 0.2672141479243666, 0.30998701437767573, 0.10079569245080397, 0.019650332578603026, 0.9357429594152264, 0.1183081413951961, 0.5187279986472922, 0.19881001915679258, 0.10161141863177009], BATTLES: 306-204-212-399-293-279-324-248-281-
18, 6, -2740.0, [0.9227576138592244, 0.3882036216551685, 0.7801995466031943, 0.6625161487577764, 0.7958527132923316, 0.9167715883790544, 0.5624362517693666, 0.046262534146489086, 0.4111663265791106, 0.8802988437581473, 0.8158466933307157, 0.45982627556095645, 0.8528503482185087, 0.8924220583866525, 0.2682086248053556, 0.7510046648030411, 0.07559840733958509, 0.553740780475209, 0.7457174721710671, 0.3499551461523004, 0.3896527794131065, 0.0699697530556504, 0.026166278303156657, 0.8993540664582774, 0.31877053824146107, 0.5602109283722403, 0.4638577141454172, 0.27987540335791034], BATTLES: 312-228-261-391-279-342-350-280-297-
18, 7, -2668.0, [0.8004536462660798, 0.37226434383963125, 0.7734509341648981, 0.6553888661665999, 0.8607437022385764, 0.9810164917805109, 0.4291535999273898, 0.035448867509937476, 0.6031848590970028, 0.7978712233231204, 0.6853149441042754, 0.6371197104649248, 0.8465810022091819, 0.6730382388932477, 0.1755110564693791, 0.8079046094044199, 0.05682792794484958, 0.3005617918224918, 0.3504773183581679, 0.3678755512423325, 0.6103256878911497, 0.3311464157595349, 0.05451133744002419, 0.6279301134447356, 0.21817893736953203, 0.09106376945775878, 0.5026076539233038, 0.4259786858576973], BATTLES: 284-194-247-352-299-306-355-291-298-
18, 8, -2576.0, [0.9298445802291149, 0.36913605022236756, 0.5415277334391573, 0.7988673333354265, 0.8634373852197856, 0.918896165705039, 0.47070845996783184, 0.026985260597511548, 0.4161263364734325, 0.8377015931882404, 0.601533494422034, 0.630913302155973, 0.47878003644876965, 0.9558515956476469, 0.3277740870177147, 0.8846582330394738, 0.38538711469479753, 0.47197367568938625, 0.5606100920593453, 0.33864804303454277, 0.43562139826145524, 0.044189876845532335, 0.0643582929660819, 0.8516477936608617, 0.1586370635126238, 0.39613967835380737, 0.36999814015678323, 0.3407558195741902], BATTLES: 297-209-252-373-293-294-334-233-255-
18, 9, -2615.0, [0.8741448365009156, 0.36463262140916347, 0.7139350158281994, 0.4889846884943318, 0.7999102504674269, 0.9205139212929847, 0.5705105594399088, 0.04726569697191094, 0.4186476456244824, 0.9216383428098354, 0.5683145635088218, 0.36594063783876046, 0.7992646829880832, 0.7023648186890754, 0.22677609890302822, 0.8529501937981885, 0.1680256252295413, 0.496248087350584, 0.5515694391622393, 0.13451982009834473, 0.7000940960392756, 0.09525113191011698, 0.004444196570648431, 0.8018053790485127, 0.14189911167204672, 0.7834681224498263, 0.5702867193653555, 0.3464869595572105], BATTLES: 286-178-217-389-268-317-335-275-290-
18, 10, -2569.0, [0.9256486566388895, 0.331416796741141, 0.3002818447064816, 0.5328828525129864, 0.8697958673808599, 0.9094096473149145, 0.4563818800116537, 0.012170518486855075, 0.3551612138603804, 0.9632817548739997, 0.6034539991579884, 0.474936744929693, 0.72530790374217, 0.8832330690512291, 0.06644099140728321, 0.8461346589423122, 0.004171450523681286, 0.4661039076633118, 0.5057041768955581, 0.19977109213262478, 0.8518037433752662, 0.13885860492180518, 0.08426130145996225, 0.7380354894440125, 0.0190252262161817, 0.2564268320331246, 0.653238690966367, 0.4090268895704562], BATTLES: 287-206-227-353-255-295-342-269-283-
18, 11, -2577.0, [0.7854832630865249, 0.24497193083299446, 0.8119261178190994, 0.7173716574261633, 0.6719760143492096, 0.8800995862909294, 0.5598331398665504, 0.02272985738096852, 0.5239545942193897, 0.9058665485900249, 0.6464694905088187, 0.4997447722099328, 0.6585114826758933, 0.8810931341285808, 0.2673590364036487, 0.8221100156961514, 0.22990731853184182, 0.5973314229713502, 0.8074848669907191, 0.33755673770556077, 0.7687081158717769, 0.017866829026246783, 0.014119762239254891, 0.9491489924204346, 0.22379084177087336, 0.5176613235806429, 0.15850103991133652, 0.20680921074833675], BATTLES: 313-183-239-365-314-302-318-232-311-
18, 12, -2574.0, [0.8254739078962913, 0.2823553569102013, 0.6597958618884254, 0.7100195253581124, 0.9100556506438816, 0.8458000080197713, 0.43964060217568474, 0.007349829484520294, 0.6241700014303164, 0.9508087654349872, 0.3449817817059794, 0.23613317674052176, 0.7384633171423316, 0.8919620179976027, 0.28971030401387915, 0.9623368729163665, 0.3085069410068342, 0.5623655662461765, 0.978111154026096, 0.2547878406854353, 0.4278272332928779, 0.01953348455741831, 0.0035047365962969875, 0.951887759381991, 0.18089698043258207, 0.27864345339148, 0.2704892240868123, 0.09484853715365119], BATTLES: 271-196-230-363-318-328-327-239-295-
18, 13, -2628.0, [0.8945557303443413, 0.35549775914010207, 0.7098904935629347, 0.4487731209647452, 0.9788351443602594, 0.8945204106616134, 0.5519411329673511, 0.01627305628497036, 0.5319335147997298, 0.9018737642516895, 0.5797538490849882, 0.37492016480761814, 0.5877659695094717, 0.8354660179385165, 0.19563556051107728, 0.9335583961749194, 0.07501353132131582, 0.5210736210327079, 0.9995153658927267, 0.3691847064632278, 0.6847467514246225, 0.011700169313402342, 0.0032565374122322088, 0.8640951804483851, 0.2620988676892114, 0.3202377154710553, 0.4241137796521278, 0.18501845777504783], BATTLES: 270-214-225-402-314-304-315-274-310-
18, 14, -2692.0, [0.9576557599127347, 0.4246501375314155, 0.7243600492325096, 0.5524758452425158, 0.856050890441388, 0.9980147648785492, 0.5398885824562213, 0.05841600230145784, 0.41939954875180113, 0.9356440596011835, 0.7476247176193717, 0.21588839483055614, 0.6494976914343997, 0.8718544708168938, 0.2717551307363423, 0.7751450352954781, 0.08828205377517759, 0.6003939630830388, 0.4405396873721893, 0.3398340976982218, 0.5404383176170072, 0.035258798632075275, 0.0031370429705815, 0.7682608162816037, 0.0825576028623133, 0.47264204125786197, 0.16236481222014176, 0.12403569123501043], BATTLES: 265-197-258-371-290-350-339-246-334-
19, 0, -2627.0, [0.8795281073888387, 0.2567681316304879, 0.5974395530715411, 0.11283574949227765, 0.9282026745053715, 0.9334422469279626, 0.4262415750649341, 0.025528080846391098, 0.4418390155445289, 0.9033418158876596, 0.5940423290775491, 0.2555591544350691, 0.6506844020973286, 0.5841951721658032, 0.12254392815958712, 0.9065356042157446, 0.1605497770951308, 0.5177319454599969, 0.4975561917639416, 0.07246353475758058, 0.7888791774097004, 0.14720344483643064, 0.0017776195233879105, 0.7509644659137857, 0.07787806690622384, 0.40316932057849436, 0.4804186769421355, 0.33155006064038245], BATTLES: 282-200-260-378-287-304-359-273-284-
19, 1, -2707.0, [0.8867149663252463, 0.44856135508939304, 0.5326863862946835, 0.590635000819502, 0.905402987324197, 0.8448252189520405, 0.5474827767577757, 0.04753335134874901, 0.4400586129507843, 0.9552373619658868, 0.6755150591923723, 0.5806594166650405, 0.7320955859607865, 0.67418054752468, 0.14297795831446855, 0.8478878524875362, 0.07048248974120841, 0.4701931634799097, 0.3726355132844403, 0.5184896020421624, 0.5227546769034658, 0.1653291706701398, 0.007770298482922768, 0.9202333690410474, 0.17792204133983158, 0.7751320934671762, 0.43969554601266747, 0.4191664692551466], BATTLES: 277-221-252-376-288-350-365-284-294-
19, 2, -2680.0, [0.9603881391843521, 0.31863884191201597, 0.8955241134299881, 0.5399387931189455, 0.9533067549629832, 0.9973503363412036, 0.7554769681565071, 0.01766395009438414, 0.38365726745708095, 0.9390164625990244, 0.5656957657417254, 0.34116850377942165, 0.6364233781967865, 0.6141101825754952, 0.1436506364834172, 0.9153083239123587, 0.09231226167006236, 0.45073582564098036, 0.4351484537542811, 0.3797780352774873, 0.8148063801882796, 0.22292025514008398, 0.011562811250440834, 0.7857471428786474, 0.02617120350161873, 0.6365604555625255, 0.6413644073116963, 0.2799123208688232], BATTLES: 307-210-254-378-260-331-360-280-300-
19, 3, -2594.0, [0.8306356257459766, 0.44081509598237223, 0.47601520046939, 0.37814200488746674, 0.8688945877443449, 0.9532953457693113, 0.6187623451210436, 0.021870551781289282, 0.383974221326406, 0.950996506118818, 0.7301339666278983, 0.3398434524433938, 0.7357916968056292, 0.7165662068712946, 0.24476223822303728, 0.9092218583874868, 0.14470614691176073, 0.3678187723410035, 0.466232691456561, 0.11653337298616007, 0.6964662934784781, 0.1624178523666198, 0.006365589699305501, 0.7510403106120297, 0.2826946941648933, 0.4412931268429129, 0.8515972415243486, 0.4208944332133695], BATTLES: 273-203-272-379-257-326-339-235-283-
19, 4, -2712.0, [0.8482059693123996, 0.359792647203214, 0.6417306944635622, 0.5201523938492773, 0.7941642823563968, 0.9448161941101606, 0.6012797413189459, 0.03458253843730209, 0.6808166166378625, 0.797604620027045, 0.5846666404156565, 0.8072673484527062, 0.8544254821516968, 0.6847254639821345, 0.06813225280036778, 0.7977744309185631, 0.12040585870815555, 0.1884412080594069, 0.3323950488216454, 0.22199805352122948, 0.681975122401736, 0.062231269940120876, 0.01909708571551165, 0.5740171716950384, 0.22173771558676802, 0.08690676977282774, 0.49356401385559057, 0.321223752826582], BATTLES: 285-199-257-371-291-315-335-276-330-
19, 5, -2542.0, [0.8697595867557937, 0.2782885137382577, 0.6530271844708619, 0.6457429064845588, 0.8962379421441058, 0.9838261560736147, 0.3721940826523383, 0.008730418091330999, 0.3696158137204995, 0.9610860341375969, 0.5085059540313446, 0.3158153526758339, 0.7420614020405719, 0.9432660803304008, 0.3212731173590512, 0.892378248352404, 0.28740400399449223, 0.468551910439922, 0.6432967660542126, 0.3906986454999517, 0.21194015995366888, 0.10079569245080397, 0.023490482353280547, 0.9590128363025311, 0.2390666945106619, 0.5838040512385185, 0.3217425172510518, 0.05762198211576369], BATTLES: 325-205-201-370-278-280-314-255-286-
19, 6, -2765.0, [0.9227576138592244, 0.3882036216551685, 0.7801995466031943, 0.45682820420509107, 0.7958527132923316, 0.9167715883790544, 0.5624362517693666, 0.046262534146489086, 0.4111663265791106, 0.8802988437581473, 0.8158466933307157, 0.45982627556095645, 0.8528503482185087, 0.8924220583866525, 0.1341043124026778, 0.7510046648030411, 0.037799203669792544, 0.553740780475209, 0.7457174721710671, 0.3499551461523004, 0.6757962737447536, 0.0699697530556504, 0.026166278303156657, 0.8993540664582774, 0.15938526912073053, 0.21730098437469342, 0.4638577141454172, 0.27987540335791034], BATTLES: 304-244-270-379-298-318-331-269-285-
19, 7, -2657.0, [0.8004536462660798, 0.37226434383963125, 0.7734509341648981, 0.6553888661665999, 0.8607437022385764, 0.9810164917805109, 0.4291535999273898, 0.035448867509937476, 0.6031848590970028, 0.7978712233231204, 0.6853149441042754, 0.6371197104649248, 0.8465810022091819, 0.6730382388932477, 0.1755110564693791, 0.8079046094044199, 0.05682792794484958, 0.3005617918224918, 0.3504773183581679, 0.3678755512423325, 0.6103256878911497, 0.3311464157595349, 0.05451133744002419, 0.6279301134447356, 0.21817893736953203, 0.09106376945775878, 0.5026076539233038, 0.4259786858576973], BATTLES: 294-205-268-390-302-316-336-242-304-
19, 8, -2707.0, [0.9298445802291149, 0.24420481225840246, 0.5415277334391573, 0.7988673333354265, 0.8619931229166928, 0.9252592288663357, 0.47070845996783184, 0.026985260597511548, 0.4161263364734325, 0.8377015931882404, 0.7074805418678044, 0.630913302155973, 0.47878003644876965, 0.794933682736384, 0.3277740870177147, 0.8846582330394738, 0.38538711469479753, 0.47197367568938625, 0.5606100920593453, 0.33864804303454277, 0.43562139826145524, 0.11016585101191065, 0.012736284498353019, 0.8516477936608617, 0.14367544822759448, 0.39613967835380737, 0.3823704345769593, 0.3407558195741902], BATTLES: 301-205-227-381-259-307-326-268-266-
19, 9, -2660.0, [0.908048770230839, 0.46486525059079337, 0.6962656247207967, 0.4889846884943318, 0.8462338286140705, 0.9205139212929847, 0.5705105594399088, 0.06929463162979015, 0.5144144116307567, 0.9216383428098354, 0.791411027113678, 0.40889810710242397, 0.7992646829880832, 0.7023648186890754, 0.26111447921713393, 0.8529501937981885, 0.08401281261477064, 0.5607543758561581, 0.512006040497608, 0.3758462825672687, 0.41498402001610185, 0.10116439225894372, 0.007762083643126619, 0.8442260942170307, 0.14189911167204672, 0.8006076971881761, 0.6398113973904398, 0.40262081811204165], BATTLES: 300-199-228-372-260-298-361-282-294-
19, 10, -2539.0, [0.9450372430916737, 0.331416796741141, 0.3002818447064816, 0.5328828525129864, 0.8697958673808599, 0.9168671850429695, 0.4563818800116537, 0.01449550301832935, 0.3190640568200226, 0.9881347264964009, 0.6303998373059643, 0.2039413863674393, 0.586165022891148, 0.8832330690512291, 0.06644099140728321, 0.8897163615002888, 0.004171450523681286, 0.702957712037672, 0.5057041768955581, 0.19372841022812934, 0.7658269388395003, 0.13885860492180518, 0.010220829121404484, 0.9376229663868147, 0.05035039058999829, 0.2564268320331246, 0.4059068553873618, 0.4090268895704562], BATTLES: 273-188-221-349-274-295-339-264-269-
19, 11, -2638.0, [0.7854832630865249, 0.24497193083299446, 0.8119261178190994, 0.7173716574261633, 0.6719760143492096, 0.8800995862909294, 0.5598331398665504, 0.02272985738096852, 0.5239545942193897, 0.9058665485900249, 0.6464694905088187, 0.4997447722099328, 0.6585114826758933, 0.8810931341285808, 0.2673590364036487, 0.8221100156961514, 0.22990731853184182, 0.5973314229713502, 0.8074848669907191, 0.33755673770556077, 0.7687081158717769, 0.017866829026246783, 0.014119762239254891, 0.9491489924204346, 0.22379084177087336, 0.5176613235806429, 0.15850103991133652, 0.20680921074833675], BATTLES: 323-221-268-366-324-327-305-232-272-
19, 12, -2508.0, [0.8254739078962913, 0.2823553569102013, 0.6597958618884254, 0.30751141012394895, 0.9550278253219409, 0.8458000080197713, 0.3519103649936127, 0.007349829484520294, 0.6241700014303164, 0.9508087654349872, 0.3449817817059794, 0.23613317674052176, 0.6976477399523863, 0.8919620179976027, 0.28971030401387915, 0.9107010888597438, 0.10988760649328377, 0.5623655662461765, 0.978111154026096, 0.15487009641218347, 0.4278272332928779, 0.01953348455741831, 0.0037592006915526752, 0.951887759381991, 0.18089698043258207, 0.02663407357453046, 0.2704892240868123, 0.18123910291561723], BATTLES: 262-176-216-363-333-309-311-230-272-
19, 13, -2559.0, [0.8945557303443413, 0.35549775914010207, 0.46975215273249327, 0.4487731209647452, 0.9894175721801297, 0.8945204106616134, 0.5519411329673511, 0.01627305628497036, 0.5498368463543181, 0.9018737642516895, 0.6322165194676739, 0.37492016480761814, 0.5627651039625915, 0.691788323889231, 0.14216777147930854, 0.9394685546361936, 0.07501353132131582, 0.5210736210327079, 0.8340034155107243, 0.3691847064632278, 0.6847467514246225, 0.16169458452818497, 0.0016282687061161044, 0.8196461766913269, 0.19498030365933877, 0.22737064344837787, 0.4241137796521278, 0.2793723736122756], BATTLES: 258-196-227-381-289-291-291-229-287-
19, 14, -2655.0, [0.9576557599127347, 0.4246501375314155, 0.7243600492325096, 0.5524758452425158, 0.856050890441388, 0.9980147648785492, 0.5398885824562213, 0.05841600230145784, 0.41939954875180113, 0.9356440596011835, 0.7476247176193717, 0.21588839483055614, 0.6494976914343997, 0.8718544708168938, 0.2717551307363423, 0.7751450352954781, 0.08828205377517759, 0.6003939630830388, 0.4405396873721893, 0.3398340976982218, 0.5404383176170072, 0.035258798632075275, 0.0031370429705815, 0.7682608162816037, 0.0825576028623133, 0.47264204125786197, 0.16236481222014176, 0.12403569123501043], BATTLES: 301-222-241-381-283-327-346-271-283-
20, 0, -2654.0, [0.8795281073888387, 0.2567681316304879, 0.5974395530715411, 0.11283574949227765, 0.9282026745053715, 0.9334422469279626, 0.4262415750649341, 0.025528080846391098, 0.4418390155445289, 0.9033418158876596, 0.5940423290775491, 0.2555591544350691, 0.6506844020973286, 0.5841951721658032, 0.12254392815958712, 0.9065356042157446, 0.1605497770951308, 0.5177319454599969, 0.4975561917639416, 0.07246353475758058, 0.7888791774097004, 0.14720344483643064, 0.0017776195233879105, 0.7509644659137857, 0.07787806690622384, 0.40316932057849436, 0.4804186769421355, 0.33155006064038245], BATTLES: 272-220-266-372-281-338-333-281-291-
20, 1, -2651.0, [0.8867149663252463, 0.3463179620375971, 0.5326863862946835, 0.590635000819502, 0.8588342883271656, 0.8448252189520405, 0.5090711529404298, 0.037252757979735804, 0.4400586129507843, 0.9552373619658868, 0.6755150591923723, 0.5806594166650405, 0.7320955859607865, 0.67418054752468, 0.23543491104870207, 0.8662847602613436, 0.07048248974120841, 0.4701931634799097, 0.3726355132844403, 0.4285115130123879, 0.5227546769034658, 0.1653291706701398, 0.013093175802035164, 0.8859187254082306, 0.17792204133983158, 0.7751320934671762, 0.43969554601266747, 0.4191664692551466], BATTLES: 267-198-253-379-266-330-335-280-334-
20, 2, -2613.0, [0.9458243791120762, 0.31863884191201597, 0.8955241134299881, 0.36784851959152054, 0.9533067549629832, 0.9986751681706019, 0.7164505842421582, 0.01766395009438414, 0.29615846791631917, 0.9002559065095446, 0.5656957657417254, 0.34116850377942165, 0.7323025271101743, 0.6141101825754952, 0.11920738521910643, 0.8177860049761282, 0.09231226167006236, 0.45073582564098036, 0.34485186841953086, 0.3797780352774873, 0.8262088091390026, 0.22292025514008398, 0.011562811250440834, 0.8673539832159477, 0.02617120350161873, 0.6365604555625255, 0.6413644073116963, 0.395249458000906], BATTLES: 285-211-241-353-268-316-355-285-296-
20, 3, -2583.0, [0.8292566363917175, 0.44081509598237223, 0.47601520046939, 0.37814200488746674, 0.8688945877443449, 0.9552658719697052, 0.6187623451210436, 0.021870551781289282, 0.383974221326406, 0.8787104678793759, 0.7301339666278983, 0.3398434524433938, 0.7357916968056292, 0.7154019357550828, 0.24476223822303728, 0.9092218583874868, 0.14470614691176073, 0.3678187723410035, 0.466232691456561, 0.11653337298616007, 0.6964662934784781, 0.1624178523666198, 0.006365589699305501, 0.6966513290711722, 0.2826946941648933, 0.4412931268429129, 0.8515972415243486, 0.4208944332133695], BATTLES: 273-196-275-343-254-294-355-289-277-
20, 4, -2679.0, [0.8482059693123996, 0.359792647203214, 0.6417306944635622, 0.5201523938492773, 0.7941642823563968, 0.9448161941101606, 0.6012797413189459, 0.03458253843730209, 0.6808166166378625, 0.797604620027045, 0.5846666404156565, 0.8072673484527062, 0.8544254821516968, 0.6847254639821345, 0.06813225280036778, 0.7977744309185631, 0.12040585870815555, 0.1884412080594069, 0.3323950488216454, 0.22199805352122948, 0.681975122401736, 0.062231269940120876, 0.01909708571551165, 0.5740171716950384, 0.22173771558676802, 0.08690676977282774, 0.49356401385559057, 0.321223752826582], BATTLES: 288-203-249-375-284-326-367-272-315-
20, 5, -2640.0, [0.8019418031297085, 0.30453247613677986, 0.7285805087666183, 0.6457429064845588, 0.8962379421441058, 0.9838261560736147, 0.3721940826523383, 0.007496615322907203, 0.689804705498869, 0.8668555091941936, 0.5085059540313446, 0.3158153526758339, 0.7649459047961272, 0.9432660803304008, 0.27485116249159847, 0.8348007650685327, 0.28740400399449223, 0.468551910439922, 0.810024649185354, 0.2415916797829636, 0.18563201656889122, 0.10079569245080397, 0.023490482353280547, 0.831610882846384, 0.3188054095251959, 0.5838040512385185, 0.24697877864710482, 0.05762198211576369], BATTLES: 325-203-251-393-283-311-307-252-295-
20, 6, -2690.0, [0.9227576138592244, 0.3882036216551685, 0.7801995466031943, 0.45682820420509107, 0.7958527132923316, 0.9167715883790544, 0.5624362517693666, 0.046262534146489086, 0.4111663265791106, 0.8802988437581473, 0.8158466933307157, 0.45982627556095645, 0.8528503482185087, 0.8924220583866525, 0.1341043124026778, 0.7510046648030411, 0.037799203669792544, 0.553740780475209, 0.7457174721710671, 0.3499551461523004, 0.6757962737447536, 0.0699697530556504, 0.026166278303156657, 0.8993540664582774, 0.15938526912073053, 0.21730098437469342, 0.4638577141454172, 0.27987540335791034], BATTLES: 283-238-234-394-316-317-339-274-295-
20, 7, -2656.0, [0.8314615393954331, 0.3424717292711874, 0.7734509341648981, 0.6553888661665999, 0.8607437022385764, 0.9971331038418461, 0.4291535999273898, 0.02345849012200401, 0.6031848590970028, 0.8190984706905375, 0.6853149441042754, 0.6371197104649248, 0.7708315550498, 0.5762100253475866, 0.0912801904817151, 0.8638947163373173, 0.0859869351557826, 0.22243615139877926, 0.3504773183581679, 0.3257288090201031, 0.6103256878911497, 0.3311464157595349, 0.04371577271901181, 0.5670930931268178, 0.11321009576200707, 0.11728142581756351, 0.5637872051605723, 0.3879489750211325], BATTLES: 274-217-239-404-288-312-318-259-277-
20, 8, -2626.0, [0.8612408119357986, 0.24420481225840246, 0.7658352921141018, 0.7988673333354265, 0.7272080492785206, 0.9252592288663357, 0.5205173301980233, 0.03204088077498471, 0.4161263364734325, 0.8377015931882404, 0.7074805418678044, 0.6849267365335158, 0.6393585524093266, 0.8994818321670707, 0.2601749331773957, 0.8133129539376273, 0.38538711469479753, 0.3851428489203276, 0.40943676707364624, 0.33864804303454277, 0.5544443844148881, 0.019822946442579578, 0.01893221765086591, 0.8516477936608617, 0.15797608977704716, 0.35591894542104424, 0.3268218193323879, 0.3415683281497649], BATTLES: 300-207-219-380-300-335-323-256-277-
20, 9, -2633.0, [0.908048770230839, 0.46486525059079337, 0.6962656247207967, 0.4889846884943318, 0.8462338286140705, 0.9205139212929847, 0.5705105594399088, 0.06929463162979015, 0.5144144116307567, 0.9216383428098354, 0.791411027113678, 0.40889810710242397, 0.7992646829880832, 0.7023648186890754, 0.26111447921713393, 0.8529501937981885, 0.08401281261477064, 0.5607543758561581, 0.512006040497608, 0.3758462825672687, 0.41498402001610185, 0.10116439225894372, 0.007762083643126619, 0.8442260942170307, 0.14189911167204672, 0.8006076971881761, 0.6398113973904398, 0.40262081811204165], BATTLES: 299-189-263-382-261-317-353-266-303-
20, 10, -2533.0, [0.9725186215458368, 0.331416796741141, 0.5412490776465801, 0.6521395357782833, 0.8697958673808599, 0.9955756358553437, 0.4563818800116537, 0.007247751509164675, 0.404756149206982, 0.9940673632482004, 0.7358843231825579, 0.2039413863674393, 0.586165022891148, 0.8832330690512291, 0.16698763919808862, 0.9678850387604638, 0.002085725261840643, 0.6553249773065674, 0.5057041768955581, 0.25900337515622984, 0.7658269388395003, 0.13885860492180518, 0.010220829121404484, 0.9376229663868147, 0.05035039058999829, 0.2564268320331246, 0.4059068553873618, 0.4090268895704562], BATTLES: 291-186-189-365-263-280-343-290-249-
20, 11, -2667.0, [0.8245787345879719, 0.24497193083299446, 0.8457558859900054, 0.687444212669302, 0.6719760143492096, 0.8800995862909294, 0.5598331398665504, 0.030094559691551302, 0.5362808528281523, 0.8606825039139879, 0.6464694905088187, 0.6076821169716639, 0.7375313897238766, 0.8810931341285808, 0.2673590364036487, 0.7834855931206658, 0.22990731853184182, 0.541036002511436, 0.75809814954468, 0.33755673770556077, 0.7687081158717769, 0.017866829026246783, 0.02037576002642362, 0.9491489924204346, 0.1921390756589547, 0.5176613235806429, 0.15850103991133652, 0.20680921074833675], BATTLES: 319-230-270-371-303-312-308-228-299-
20, 12, -2565.0, [0.8254739078962913, 0.32765809935919615, 0.6597958618884254, 0.30751141012394895, 0.9550278253219409, 0.8953052683683648, 0.5350389710417505, 0.02159651511008291, 0.6823166984359261, 0.8983629246566097, 0.47392910253623777, 0.333469424743312, 0.6976477399523863, 0.8919620179976027, 0.17659229733225418, 0.8517468040892747, 0.030742636448099256, 0.4369341132251431, 0.978111154026096, 0.25261209473983826, 0.5452326193825278, 0.01953348455741831, 0.0037592006915526752, 0.951887759381991, 0.18089698043258207, 0.09513577167633319, 0.2704892240868123, 0.18123910291561723], BATTLES: 277-179-211-387-309-314-318-232-293-
20, 13, -2591.0, [0.8945557303443413, 0.35549775914010207, 0.46975215273249327, 0.5472442132879322, 0.8044971935265315, 0.9043661942430864, 0.5519411329673511, 0.024578848152935255, 0.5498368463543181, 0.8698775356922571, 0.6322165194676739, 0.5464821954640253, 0.5627651039625915, 0.8124489509050304, 0.14216777147930854, 0.8595990255718783, 0.03750676566065791, 0.5210736210327079, 0.8431667572357457, 0.2638610864406738, 0.6847467514246225, 0.02618248528216871, 0.0008141343530580522, 0.8196461766913269, 0.19498030365933877, 0.22737064344837787, 0.3641324366935794, 0.2793723736122756], BATTLES: 285-194-218-351-315-330-337-255-277-
20, 14, -2744.0, [0.9576557599127347, 0.4246501375314155, 0.7243600492325096, 0.5524758452425158, 0.856050890441388, 0.9980147648785492, 0.5398885824562213, 0.05841600230145784, 0.41939954875180113, 0.9356440596011835, 0.7476247176193717, 0.21588839483055614, 0.6494976914343997, 0.8718544708168938, 0.2717551307363423, 0.7751450352954781, 0.08828205377517759, 0.6003939630830388, 0.4405396873721893, 0.3398340976982218, 0.5404383176170072, 0.035258798632075275, 0.0031370429705815, 0.7682608162816037, 0.0825576028623133, 0.47264204125786197, 0.16236481222014176, 0.12403569123501043], BATTLES: 311-218-240-396-323-331-350-291-284-
21, 0, -2662.0, [0.8795281073888387, 0.2567681316304879, 0.5974395530715411, 0.11283574949227765, 0.9282026745053715, 0.9334422469279626, 0.4262415750649341, 0.025528080846391098, 0.4418390155445289, 0.9033418158876596, 0.5940423290775491, 0.2555591544350691, 0.6506844020973286, 0.5841951721658032, 0.12254392815958712, 0.9065356042157446, 0.1605497770951308, 0.5177319454599969, 0.4975561917639416, 0.07246353475758058, 0.7888791774097004, 0.14720344483643064, 0.0017776195233879105, 0.7509644659137857, 0.07787806690622384, 0.40316932057849436, 0.4804186769421355, 0.33155006064038245], BATTLES: 275-197-266-372-277-326-344-278-327-
21, 1, -2626.0, [0.8867149663252463, 0.3463179620375971, 0.8212395266876187, 0.6447236145301392, 0.8588342883271656, 0.8448252189520405, 0.5090711529404298, 0.04653380188805771, 0.48343288637637777, 0.9552373619658868, 0.793962826249182, 0.3373726056457241, 0.6770062911610679, 0.67418054752468, 0.23543491104870207, 0.8662847602613436, 0.08096295418302892, 0.525262563164476, 0.3726355132844403, 0.4129030705000682, 0.5227546769034658, 0.07857774545524018, 0.013093175802035164, 0.8859187254082306, 0.11431800282503235, 0.7751320934671762, 0.43969554601266747, 0.4191664692551466], BATTLES: 276-174-222-374-293-312-349-272-314-
21, 2, -2602.0, [0.9458243791120762, 0.31863884191201597, 0.8955241134299881, 0.36784851959152054, 0.9533067549629832, 0.9986751681706019, 0.7164505842421582, 0.01766395009438414, 0.29615846791631917, 0.9002559065095446, 0.5656957657417254, 0.34116850377942165, 0.7323025271101743, 0.6141101825754952, 0.11920738521910643, 0.8177860049761282, 0.09231226167006236, 0.45073582564098036, 0.34485186841953086, 0.3797780352774873, 0.8262088091390026, 0.22292025514008398, 0.011562811250440834, 0.8673539832159477, 0.02617120350161873, 0.6365604555625255, 0.6413644073116963, 0.395249458000906], BATTLES: 271-188-244-364-249-320-353-311-302-
21, 3, -2582.0, [0.8292566363917175, 0.3525268926309304, 0.47601520046939, 0.5101866444864447, 0.7463217850001459, 0.9552658719697052, 0.6187623451210436, 0.05686645304208301, 0.383974221326406, 0.8787104678793759, 0.8236304576906063, 0.3398434524433938, 0.9322297961394469, 0.8577009678775414, 0.14733116864305246, 0.6685290263278908, 0.07235307345588037, 0.3678187723410035, 0.9352408207458911, 0.11653337298616007, 0.6390893159566369, 0.007279136035288958, 0.006365589699305501, 0.6966513290711722, 0.0757670660634468, 0.1290907838124551, 0.19286778711054686, 0.4208944332133695], BATTLES: 281-209-242-359-242-277-352-261-279-
21, 4, -2681.0, [0.8482059693123996, 0.359792647203214, 0.6417306944635622, 0.5201523938492773, 0.7941642823563968, 0.9448161941101606, 0.6012797413189459, 0.03458253843730209, 0.6808166166378625, 0.797604620027045, 0.5846666404156565, 0.8072673484527062, 0.8544254821516968, 0.6847254639821345, 0.06813225280036778, 0.7977744309185631, 0.12040585870815555, 0.1884412080594069, 0.3323950488216454, 0.22199805352122948, 0.681975122401736, 0.062231269940120876, 0.01909708571551165, 0.5740171716950384, 0.22173771558676802, 0.08690676977282774, 0.49356401385559057, 0.321223752826582], BATTLES: 302-204-249-394-303-331-365-246-287-
21, 5, -2675.0, [0.8019418031297085, 0.30453247613677986, 0.7285805087666183, 0.5431202686358565, 0.8962379421441058, 0.9838261560736147, 0.3721940826523383, 0.007496615322907203, 0.5700287550370915, 0.8668555091941936, 0.5085059540313446, 0.3158153526758339, 0.7649459047961272, 0.9432660803304008, 0.27485116249159847, 0.7572556037362144, 0.28740400399449223, 0.468551910439922, 0.810024649185354, 0.2415916797829636, 0.5156772630021993, 0.08405036148013599, 0.023490482353280547, 0.8684104760735812, 0.3188054095251959, 0.5838040512385185, 0.36479220547997426, 0.17835494828282747], BATTLES: 293-209-244-359-313-282-293-204-284-
21, 6, -2666.0, [0.9227576138592244, 0.3882036216551685, 0.9098571546585464, 0.45682820420509107, 0.7919902341134819, 0.9167715883790544, 0.48951553906947454, 0.046262534146489086, 0.359615495855161, 0.9659678512785166, 0.8158466933307157, 0.18980183314592933, 0.8528503482185087, 0.8924220583866525, 0.1341043124026778, 0.816801101139648, 0.03582350824061349, 0.6053754945261409, 0.6681776543013163, 0.1737939868713072, 0.9229553507668982, 0.0901381604932557, 0.026166278303156657, 0.8769303152814635, 0.07969263456036527, 0.21730098437469342, 0.4109304157728386, 0.21175314371894446], BATTLES: 292-239-232-372-270-315-357-279-296-
21, 7, -2636.0, [0.8964089151070429, 0.3424717292711874, 0.886725467082449, 0.6553888661665999, 0.6430783164338232, 0.9640404919037789, 0.4291535999273898, 0.02345849012200401, 0.41474382986868774, 0.7782842265444853, 0.9956938197207748, 0.7766801034175885, 0.7708315550498, 0.5762100253475866, 0.0912801904817151, 0.6542968736796797, 0.0859869351557826, 0.22243615139877926, 0.4763670313703632, 0.5734311772454287, 0.8273967443251297, 0.3311464157595349, 0.04371577271901181, 0.5670930931268178, 0.2685838214478757, 0.11728142581756351, 0.1743758823328499, 0.34126031957705555], BATTLES: 295-204-254-362-293-304-341-251-297-
21, 8, -2695.0, [0.9115964020656002, 0.24420481225840246, 0.9477318284355071, 0.7025595539440519, 0.7272080492785206, 0.9252592288663357, 0.5325858342818509, 0.05481687845230099, 0.4161263364734325, 0.9022093512292382, 0.8191033298262254, 0.6849267365335158, 0.6393585524093266, 0.8994818321670707, 0.2601749331773957, 0.8133129539376273, 0.38538711469479753, 0.3851428489203276, 0.3194494301191057, 0.33864804303454277, 0.5451680263926252, 0.019822946442579578, 0.02180709559283834, 0.8377169260863039, 0.15797608977704716, 0.3614897862451902, 0.3268218193323879, 0.2919971204914772], BATTLES: 294-223-253-391-294-330-322-260-295-
21, 9, -2663.0, [0.908048770230839, 0.46486525059079337, 0.7083840264607801, 0.4889846884943318, 0.7317700759440608, 0.9656523482799685, 0.573196018735065, 0.055685570875991575, 0.3553883064811285, 0.9020634944172793, 0.791411027113678, 0.40889810710242397, 0.7080825570186837, 0.7023648186890754, 0.24079473242686422, 0.8529501937981885, 0.04200640630738532, 0.64654190083855, 0.512006040497608, 0.3758462825672687, 0.41498402001610185, 0.05058219612947186, 0.007762083643126619, 0.9036258991793074, 0.14189911167204672, 0.5127146311923234, 0.2581096109451476, 0.40262081811204165], BATTLES: 290-202-270-354-293-333-359-245-299-
21, 10, -2582.0, [0.9099565365136383, 0.4602277647934837, 0.5412490776465801, 0.622353378692184, 0.7997200330851567, 0.9390756958727324, 0.4563818800116537, 0.013818758485080414, 0.404756149206982, 0.9940673632482004, 0.7358843231825579, 0.2039413863674393, 0.6354335387123714, 0.8832330690512291, 0.1663340804441325, 0.826890742678708, 0.0010428626309203215, 0.7610117322627474, 0.8220328384526379, 0.25900337515622984, 0.5757045280440922, 0.13885860492180518, 0.005110414560702242, 0.9393482332258066, 0.02555154716080818, 0.13635454712584538, 0.2885737308810121, 0.3464046545859023], BATTLES: 281-189-215-354-266-300-324-280-283-
21, 11, -2617.0, [0.8245787345879719, 0.24497193083299446, 0.8457558859900054, 0.687444212669302, 0.6719760143492096, 0.8800995862909294, 0.5598331398665504, 0.030094559691551302, 0.5362808528281523, 0.8606825039139879, 0.6464694905088187, 0.6076821169716639, 0.7375313897238766, 0.8810931341285808, 0.2673590364036487, 0.7834855931206658, 0.22990731853184182, 0.541036002511436, 0.75809814954468, 0.33755673770556077, 0.7687081158717769, 0.017866829026246783, 0.02037576002642362, 0.9491489924204346, 0.1921390756589547, 0.5176613235806429, 0.15850103991133652, 0.20680921074833675], BATTLES: 302-209-270-400-315-299-304-230-288-
21, 12, -2586.0, [0.8547194403287187, 0.32765809935919615, 0.8184627051998885, 0.30751141012394895, 0.9372320153912923, 0.9476286266192108, 0.523945380757279, 0.042586497172639536, 0.6208442818692647, 0.8775222081996289, 0.47392910253623777, 0.333469424743312, 0.6976477399523863, 0.8919620179976027, 0.24294399607235712, 0.8255236066258214, 0.030742636448099256, 0.42738664225732387, 0.7387350372479864, 0.25261209473983826, 0.5452326193825278, 0.030091693493078605, 0.0018796003457763376, 0.951887759381991, 0.14983591047587777, 0.32509391506955065, 0.25574529051913436, 0.18123910291561723], BATTLES: 268-187-241-360-308-315-312-246-297-
21, 13, -2698.0, [0.8945557303443413, 0.44917610923904305, 0.7902537475672022, 0.5472442132879322, 0.8044971935265315, 0.9043661942430864, 0.5519411329673511, 0.024578848152935255, 0.5498368463543181, 0.8698775356922571, 0.8367801416710317, 0.5464821954640253, 0.5627651039625915, 0.7545309082556564, 0.14216777147930854, 0.8595990255718783, 0.13034326978864616, 0.5210736210327079, 0.8431667572357457, 0.2638610864406738, 0.6847467514246225, 0.02618248528216871, 0.0008141343530580522, 0.8196461766913269, 0.19498030365933877, 0.3426006285257017, 0.5606361903769149, 0.2793723736122756], BATTLES: 264-229-240-376-285-317-315-256-306-
21, 14, -2641.0, [0.9576557599127347, 0.4246501375314155, 0.7243600492325096, 0.5524758452425158, 0.856050890441388, 0.9980147648785492, 0.5398885824562213, 0.05841600230145784, 0.41939954875180113, 0.9356440596011835, 0.7476247176193717, 0.21588839483055614, 0.6494976914343997, 0.8718544708168938, 0.2717551307363423, 0.7751450352954781, 0.08828205377517759, 0.6003939630830388, 0.4405396873721893, 0.3398340976982218, 0.5404383176170072, 0.035258798632075275, 0.0031370429705815, 0.7682608162816037, 0.0825576028623133, 0.47264204125786197, 0.16236481222014176, 0.12403569123501043], BATTLES: 318-202-231-391-301-335-335-260-268-
22, 0, -2615.0, [0.8795281073888387, 0.3266193419387061, 0.8595500313762848, 0.11283574949227765, 0.8871573836640329, 0.9334422469279626, 0.4262415750649341, 0.025528080846391098, 0.5933216951906755, 0.9033418158876596, 0.6450386330143905, 0.2555591544350691, 0.6890281150852078, 0.6814110995574196, 0.2187745950373739, 0.8308296821683134, 0.2673271156578806, 0.4202225673216763, 0.4975561917639416, 0.17343192951932765, 0.6393716444640892, 0.07300327998335478, 0.00697083932600236, 0.7509644659137857, 0.07787806690622384, 0.5157628850240291, 0.4804186769421355, 0.21218712950007304], BATTLES: 267-200-249-374-263-317-350-275-300-
22, 1, -2636.0, [0.899446020923977, 0.20841854277807192, 0.8212395266876187, 0.3425646020444775, 0.8140404437003459, 0.9664555928908196, 0.5090711529404298, 0.04653380188805771, 0.48343288637637777, 0.9552373619658868, 0.793962826249182, 0.35352791871157163, 0.5913446977206359, 0.67418054752468, 0.17201125832131975, 0.8571321668839178, 0.3647952389082742, 0.45865159436231295, 0.4242477705133798, 0.10330476133894245, 0.730354506093642, 0.02326304817579401, 0.01122132678638615, 0.7541399430889211, 0.11431800282503235, 0.7751320934671762, 0.38778398101668154, 0.26463046455088596], BATTLES: 275-197-250-382-273-330-323-278-293-
22, 2, -2615.0, [0.9458243791120762, 0.5158853148354587, 0.8354503627544948, 0.36784851959152054, 0.833168014069681, 0.9986751681706019, 0.7164505842421582, 0.01766395009438414, 0.29615846791631917, 0.9719622614492502, 0.5656957657417254, 0.2150106230036928, 0.7323025271101743, 0.6141101825754952, 0.11920738521910643, 0.808705439151911, 0.09231226167006236, 0.655276379320729, 0.7772603224304905, 0.26847316840149993, 0.8262088091390026, 0.1272765984581392, 0.011562811250440834, 0.8901159892340191, 0.02617120350161873, 0.3213937582412725, 0.5420326806485727, 0.3325125015932326], BATTLES: 306-200-247-348-226-309-350-285-296-
22, 3, -2585.0, [0.7598887553954776, 0.3525268926309304, 0.5857075306722492, 0.5401531488583499, 0.7471458802456638, 0.9072886435106357, 0.28356436418615244, 0.05686645304208301, 0.6462872373085804, 0.8183933388868514, 0.7908332403979591, 0.3398434524433938, 0.9322297961394469, 0.9288504839387707, 0.14733116864305246, 0.6931173945233687, 0.07235307345588037, 0.4952173714675096, 0.9676204103729455, 0.11653337298616007, 0.6390893159566369, 0.007279136035288958, 0.011114034911727435, 0.8498074707963272, 0.38247485271279, 0.24880582068325835, 0.2607827044572032, 0.23987023170110605], BATTLES: 276-208-235-388-303-297-317-258-290-
22, 4, -2661.0, [0.8482059693123996, 0.359792647203214, 0.6417306944635622, 0.5201523938492773, 0.7941642823563968, 0.9448161941101606, 0.6012797413189459, 0.03458253843730209, 0.6808166166378625, 0.797604620027045, 0.5846666404156565, 0.8072673484527062, 0.8544254821516968, 0.6847254639821345, 0.06813225280036778, 0.7977744309185631, 0.12040585870815555, 0.1884412080594069, 0.3323950488216454, 0.22199805352122948, 0.681975122401736, 0.062231269940120876, 0.01909708571551165, 0.5740171716950384, 0.22173771558676802, 0.08690676977282774, 0.49356401385559057, 0.321223752826582], BATTLES: 292-214-261-367-283-317-349-271-307-
22, 5, -2539.0, [0.8019418031297085, 0.30453247613677986, 0.7285805087666183, 0.5431202686358565, 0.8962379421441058, 0.9838261560736147, 0.3721940826523383, 0.007496615322907203, 0.5700287550370915, 0.8668555091941936, 0.5085059540313446, 0.3158153526758339, 0.7649459047961272, 0.9432660803304008, 0.27485116249159847, 0.7572556037362144, 0.28740400399449223, 0.468551910439922, 0.810024649185354, 0.2415916797829636, 0.5156772630021993, 0.08405036148013599, 0.023490482353280547, 0.8684104760735812, 0.3188054095251959, 0.5838040512385185, 0.36479220547997426, 0.17835494828282747], BATTLES: 288-220-254-384-296-323-290-205-279-
22, 6, -2636.0, [0.9227576138592244, 0.3882036216551685, 0.9098571546585464, 0.45682820420509107, 0.7919902341134819, 0.9167715883790544, 0.48951553906947454, 0.046262534146489086, 0.359615495855161, 0.9659678512785166, 0.8158466933307157, 0.18980183314592933, 0.8528503482185087, 0.8924220583866525, 0.1341043124026778, 0.816801101139648, 0.03582350824061349, 0.6053754945261409, 0.6681776543013163, 0.1737939868713072, 0.9229553507668982, 0.0901381604932557, 0.026166278303156657, 0.8769303152814635, 0.07969263456036527, 0.21730098437469342, 0.4109304157728386, 0.21175314371894446], BATTLES: 302-180-235-394-289-314-351-283-288-
22, 7, -2657.0, [0.8964089151070429, 0.3424717292711874, 0.9594285881742791, 0.5895955510363877, 0.6958358418905489, 0.9640404919037789, 0.4291535999273898, 0.02345849012200401, 0.5082657910633949, 0.7797607926904352, 0.9601122563719642, 0.7766801034175885, 0.7244022173328717, 0.6100005091495248, 0.0912801904817151, 0.6795825406747481, 0.043020921758369024, 0.22243615139877926, 0.5613693858177694, 0.5734311772454287, 0.8273967443251297, 0.2620636949630484, 0.03255854552519913, 0.5670930931268178, 0.26084638374682184, 0.11728142581756351, 0.2558764685458126, 0.34452253413750983], BATTLES: 281-215-244-384-299-312-313-249-314-
22, 8, -2719.0, [0.9115964020656002, 0.24420481225840246, 0.9477318284355071, 0.6953656445991316, 0.7272080492785206, 0.9467713248640695, 0.3788917179879025, 0.05481687845230099, 0.4161263364734325, 0.9022093512292382, 0.8191033298262254, 0.4293531613019229, 0.6097932800449412, 0.877898901029223, 0.2601749331773957, 0.7747066155459472, 0.38538711469479753, 0.3851428489203276, 0.3194494301191057, 0.35502072172695087, 0.5451680263926252, 0.019822946442579578, 0.0036799173302109658, 0.8741603166609525, 0.16310744193340837, 0.4501773402307736, 0.3268218193323879, 0.2919971204914772], BATTLES: 300-193-261-385-306-339-328-280-285-
22, 9, -2624.0, [0.908048770230839, 0.46486525059079337, 0.7083840264607801, 0.4889846884943318, 0.7317700759440608, 0.9656523482799685, 0.573196018735065, 0.055685570875991575, 0.3553883064811285, 0.9020634944172793, 0.791411027113678, 0.40889810710242397, 0.7080825570186837, 0.7023648186890754, 0.24079473242686422, 0.8529501937981885, 0.04200640630738532, 0.64654190083855, 0.512006040497608, 0.3758462825672687, 0.41498402001610185, 0.05058219612947186, 0.007762083643126619, 0.9036258991793074, 0.14189911167204672, 0.5127146311923234, 0.2581096109451476, 0.40262081811204165], BATTLES: 292-205-265-386-267-298-360-263-288-
22, 10, -2641.0, [0.9099565365136383, 0.3906324481855467, 0.753012728450078, 0.622353378692184, 0.7353040199858004, 0.8938164809198572, 0.4563818800116537, 0.028891411834800068, 0.3837552497488955, 0.9841358447931975, 0.8532934390933965, 0.39922676732712464, 0.6354335387123714, 0.9321316952444128, 0.1663340804441325, 0.845959940551187, 0.0010428626309203215, 0.6832888431678359, 0.8170830285130184, 0.25900337515622984, 0.5757045280440922, 0.06942930246090259, 0.005110414560702242, 0.9393482332258066, 0.08019569094697539, 0.3748267093909875, 0.33673953501343984, 0.2458403321424648], BATTLES: 295-197-235-379-275-324-327-274-314-
22, 11, -2676.0, [0.9067673568358097, 0.2548909421905572, 0.9917850283566381, 0.8827603087871411, 0.6719760143492096, 0.8771501686065462, 0.5303328344257894, 0.05762383013173134, 0.5362808528281523, 0.9152321836124571, 0.6464694905088187, 0.6526671650881751, 0.7375313897238766, 0.8810931341285808, 0.29599641864609294, 0.7834855931206658, 0.3439391156764023, 0.5035808721522164, 0.17927796818401437, 0.33755673770556077, 0.6323257007988826, 0.05168296375680048, 0.026343611477957177, 0.9491489924204346, 0.1921390756589547, 0.5176613235806429, 0.15850103991133652, 0.38593120984872925], BATTLES: 306-183-256-377-325-318-316-236-309-
22, 12, -2564.0, [0.8547194403287187, 0.32765809935919615, 0.8184627051998885, 0.30751141012394895, 0.9372320153912923, 0.9476286266192108, 0.523945380757279, 0.042586497172639536, 0.6208442818692647, 0.8775222081996289, 0.47392910253623777, 0.333469424743312, 0.6976477399523863, 0.8919620179976027, 0.24294399607235712, 0.8255236066258214, 0.030742636448099256, 0.42738664225732387, 0.7387350372479864, 0.25261209473983826, 0.5452326193825278, 0.030091693493078605, 0.0018796003457763376, 0.951887759381991, 0.14983591047587777, 0.32509391506955065, 0.25574529051913436, 0.18123910291561723], BATTLES: 283-194-239-362-292-329-322-239-304-
22, 13, -2623.0, [0.8945557303443413, 0.44917610923904305, 0.7902537475672022, 0.5472442132879322, 0.8044971935265315, 0.9043661942430864, 0.5519411329673511, 0.024578848152935255, 0.5498368463543181, 0.8698775356922571, 0.8367801416710317, 0.5464821954640253, 0.5627651039625915, 0.7545309082556564, 0.14216777147930854, 0.8595990255718783, 0.13034326978864616, 0.5210736210327079, 0.8431667572357457, 0.2638610864406738, 0.6847467514246225, 0.02618248528216871, 0.0008141343530580522, 0.8196461766913269, 0.19498030365933877, 0.3426006285257017, 0.5606361903769149, 0.2793723736122756], BATTLES: 293-192-254-374-295-320-344-258-293-
22, 14, -2680.0, [0.8858289630370372, 0.4246501375314155, 0.8621800246162548, 0.5524758452425158, 0.7497456223642022, 0.8746462117634616, 0.5649021721657314, 0.07126058997140698, 0.4709676904686238, 0.9678220298005917, 0.8748357955228272, 0.21588839483055614, 0.6494976914343997, 0.7968572384043695, 0.18806545938682911, 0.7751450352954781, 0.08238774342046323, 0.6003939630830388, 0.4405396873721893, 0.3986789320349856, 0.6144185867926808, 0.017629399316037637, 0.0031370429705815, 0.7682608162816037, 0.11965206653450626, 0.6883424849003317, 0.3409732081558939, 0.12403569123501043], BATTLES: 277-202-230-398-291-327-349-264-289-
23, 0, -2638.0, [0.8795281073888387, 0.3266193419387061, 0.8595500313762848, 0.11283574949227765, 0.8871573836640329, 0.9334422469279626, 0.4262415750649341, 0.025528080846391098, 0.5933216951906755, 0.9033418158876596, 0.6450386330143905, 0.2555591544350691, 0.6890281150852078, 0.6814110995574196, 0.2187745950373739, 0.8308296821683134, 0.2673271156578806, 0.4202225673216763, 0.4975561917639416, 0.17343192951932765, 0.6393716444640892, 0.07300327998335478, 0.00697083932600236, 0.7509644659137857, 0.07787806690622384, 0.5157628850240291, 0.4804186769421355, 0.21218712950007304], BATTLES: 288-201-253-360-301-327-345-260-303-
23, 1, -2629.0, [0.899446020923977, 0.20841854277807192, 0.8212395266876187, 0.3425646020444775, 0.8140404437003459, 0.9664555928908196, 0.5090711529404298, 0.04653380188805771, 0.48343288637637777, 0.9552373619658868, 0.793962826249182, 0.35352791871157163, 0.5913446977206359, 0.67418054752468, 0.17201125832131975, 0.8571321668839178, 0.3647952389082742, 0.45865159436231295, 0.4242477705133798, 0.10330476133894245, 0.730354506093642, 0.02326304817579401, 0.01122132678638615, 0.7541399430889211, 0.11431800282503235, 0.7751320934671762, 0.38778398101668154, 0.26463046455088596], BATTLES: 285-199-264-375-284-317-353-278-274-
23, 2, -2666.0, [0.9521540817213813, 0.3828956000779343, 0.8263525728399543, 0.36784851959152054, 0.7524156439818895, 0.9986751681706019, 0.7164505842421582, 0.03464690676981272, 0.3886396029689486, 0.9391915309895172, 0.6371905862036159, 0.3949608011578037, 0.6786367989736413, 0.7430392116511044, 0.11920738521910643, 0.808705439151911, 0.25923390477096714, 0.47637272927612373, 0.5545314608401466, 0.24070540027020396, 0.7282088789901217, 0.0636382992290696, 0.005781405625220417, 0.8574158830409038, 0.09192607796933538, 0.37972184325263786, 0.4370764555878964, 0.3325125015932326], BATTLES: 281-187-244-371-269-295-338-268-284-
23, 3, -2602.0, [0.7598887553954776, 0.3525268926309304, 0.5857075306722492, 0.5401531488583499, 0.7471458802456638, 0.9082861795055368, 0.3254835902553827, 0.0749599827315868, 0.6462872373085804, 0.8183933388868514, 0.7908332403979591, 0.42327002136738584, 0.9322297961394469, 0.8810583446753016, 0.16859198620578136, 0.6782921366186045, 0.24122857205831003, 0.4952173714675096, 0.9676204103729455, 0.11653337298616007, 0.7374137223662576, 0.003639568017644479, 0.0055570174558637175, 0.8249498400960927, 0.38247485271279, 0.24880582068325835, 0.2900032809384589, 0.3575859339777689], BATTLES: 268-204-260-387-291-290-308-241-301-
23, 4, -2643.0, [0.8482059693123996, 0.359792647203214, 0.6417306944635622, 0.5201523938492773, 0.7941642823563968, 0.9448161941101606, 0.6012797413189459, 0.03458253843730209, 0.6808166166378625, 0.797604620027045, 0.5846666404156565, 0.8072673484527062, 0.8544254821516968, 0.6847254639821345, 0.06813225280036778, 0.7977744309185631, 0.12040585870815555, 0.1884412080594069, 0.3323950488216454, 0.22199805352122948, 0.681975122401736, 0.062231269940120876, 0.01909708571551165, 0.5740171716950384, 0.22173771558676802, 0.08690676977282774, 0.49356401385559057, 0.321223752826582], BATTLES: 282-216-257-376-306-314-327-252-313-
23, 5, -2510.0, [0.8019418031297085, 0.30453247613677986, 0.8642902543833091, 0.5431202686358565, 0.8962379421441058, 0.9838261560736147, 0.3721940826523383, 0.007496615322907203, 0.49262028340749564, 0.8668555091941936, 0.658669618807005, 0.3158153526758339, 0.7649459047961272, 0.9432660803304008, 0.27485116249159847, 0.7572556037362144, 0.28740400399449223, 0.42190955410645653, 0.810024649185354, 0.2415916797829636, 0.5156772630021993, 0.08405036148013599, 0.025757739903839397, 0.930931679270502, 0.3188054095251959, 0.5838040512385185, 0.36479220547997426, 0.17835494828282747], BATTLES: 324-212-244-356-280-311-276-225-282-
23, 6, -2636.0, [0.9227576138592244, 0.3882036216551685, 0.9098571546585464, 0.45682820420509107, 0.7919902341134819, 0.9167715883790544, 0.48951553906947454, 0.046262534146489086, 0.359615495855161, 0.9659678512785166, 0.8158466933307157, 0.18980183314592933, 0.8528503482185087, 0.8924220583866525, 0.1341043124026778, 0.816801101139648, 0.03582350824061349, 0.6053754945261409, 0.6681776543013163, 0.1737939868713072, 0.9229553507668982, 0.0901381604932557, 0.026166278303156657, 0.8769303152814635, 0.07969263456036527, 0.21730098437469342, 0.4109304157728386, 0.21175314371894446], BATTLES: 302-210-214-373-290-292-356-303-296-
23, 7, -2708.0, [0.8964089151070429, 0.3424717292711874, 0.9594285881742791, 0.5895955510363877, 0.6958358418905489, 0.9640404919037789, 0.4291535999273898, 0.058093261857120715, 0.5082657910633949, 0.889402911159807, 0.9601122563719642, 0.423705533171843, 0.7244022173328717, 0.6100005091495248, 0.0912801904817151, 0.6795825406747481, 0.043020921758369024, 0.32848538131175575, 0.5613693858177694, 0.4983165727123059, 0.8273967443251297, 0.2620636949630484, 0.03255854552519913, 0.5670930931268178, 0.17955325424490975, 0.11728142581756351, 0.2558764685458126, 0.34452253413750983], BATTLES: 314-205-242-372-325-318-342-273-293-
23, 8, -2666.0, [0.9115964020656002, 0.24420481225840246, 0.9477318284355071, 0.6953656445991316, 0.7272080492785206, 0.9467713248640695, 0.3788917179879025, 0.05481687845230099, 0.4161263364734325, 0.9022093512292382, 0.8191033298262254, 0.4293531613019229, 0.6097932800449412, 0.877898901029223, 0.2601749331773957, 0.7747066155459472, 0.38538711469479753, 0.3851428489203276, 0.3194494301191057, 0.35502072172695087, 0.5451680263926252, 0.019822946442579578, 0.0036799173302109658, 0.8741603166609525, 0.16310744193340837, 0.4501773402307736, 0.3268218193323879, 0.2919971204914772], BATTLES: 283-219-236-410-315-323-330-264-286-
23, 9, -2639.0, [0.908048770230839, 0.46486525059079337, 0.7083840264607801, 0.4889846884943318, 0.7317700759440608, 0.9656523482799685, 0.573196018735065, 0.055685570875991575, 0.3553883064811285, 0.9020634944172793, 0.791411027113678, 0.40889810710242397, 0.7080825570186837, 0.7023648186890754, 0.24079473242686422, 0.8529501937981885, 0.04200640630738532, 0.64654190083855, 0.512006040497608, 0.3758462825672687, 0.41498402001610185, 0.05058219612947186, 0.007762083643126619, 0.9036258991793074, 0.14189911167204672, 0.5127146311923234, 0.2581096109451476, 0.40262081811204165], BATTLES: 300-218-250-366-285-303-341-283-293-
23, 10, -2628.0, [0.9099565365136383, 0.3906324481855467, 0.753012728450078, 0.622353378692184, 0.7353040199858004, 0.8938164809198572, 0.4563818800116537, 0.028891411834800068, 0.3837552497488955, 0.9841358447931975, 0.8532934390933965, 0.39922676732712464, 0.6354335387123714, 0.9321316952444128, 0.1663340804441325, 0.845959940551187, 0.0010428626309203215, 0.6832888431678359, 0.8170830285130184, 0.25900337515622984, 0.5757045280440922, 0.06942930246090259, 0.005110414560702242, 0.9393482332258066, 0.08019569094697539, 0.3748267093909875, 0.33673953501343984, 0.2458403321424648], BATTLES: 279-204-245-370-276-312-362-276-304-
23, 11, -2646.0, [0.9067673568358097, 0.2548909421905572, 0.9917850283566381, 0.8827603087871411, 0.6719760143492096, 0.8771501686065462, 0.5303328344257894, 0.05762383013173134, 0.5362808528281523, 0.9152321836124571, 0.6464694905088187, 0.6526671650881751, 0.7375313897238766, 0.8810931341285808, 0.29599641864609294, 0.7834855931206658, 0.3439391156764023, 0.5035808721522164, 0.17927796818401437, 0.33755673770556077, 0.6323257007988826, 0.05168296375680048, 0.026343611477957177, 0.9491489924204346, 0.1921390756589547, 0.5176613235806429, 0.15850103991133652, 0.38593120984872925], BATTLES: 283-200-261-389-305-308-336-274-290-
23, 12, -2651.0, [0.8864783328875648, 0.32765809935919615, 0.8184627051998885, 0.30751141012394895, 0.9372320153912923, 0.9476286266192108, 0.523945380757279, 0.042586497172639536, 0.6208442818692647, 0.9011275564246118, 0.47392910253623777, 0.333469424743312, 0.5483989923382652, 0.8919620179976027, 0.24294399607235712, 0.7971601879928839, 0.030742636448099256, 0.7084909590154138, 0.7387350372479864, 0.11891993210816199, 0.5452326193825278, 0.030091693493078605, 0.0009398001728881688, 0.9293705754928507, 0.14983591047587777, 0.32509391506955065, 0.16411106418307247, 0.18123910291561723], BATTLES: 278-208-248-385-327-333-298-233-321-
23, 13, -2539.0, [0.8945557303443413, 0.5014405180719214, 0.7902537475672022, 0.5472442132879322, 0.8044971935265315, 0.8550326554515818, 0.5519411329673511, 0.07665964530317006, 0.5498368463543181, 0.8698775356922571, 0.9183900708355158, 0.0568117267098221, 0.6904955217114681, 0.7545309082556564, 0.14216777147930854, 0.7229130661557733, 0.13034326978864616, 0.5210736210327079, 0.8431667572357457, 0.33476126147979224, 0.6847467514246225, 0.02618248528216871, 0.004127531611428923, 0.8196461766913269, 0.19498030365933877, 0.3426006285257017, 0.5606361903769149, 0.2793723736122756], BATTLES: 287-200-248-352-272-291-341-253-291-
23, 14, -2666.0, [0.8858289630370372, 0.4246501375314155, 0.9310900123081274, 0.5524758452425158, 0.7497456223642022, 0.9059669308438192, 0.37388209385481863, 0.05032655385845263, 0.4709676904686238, 0.9678220298005917, 0.8748357955228272, 0.2844998617634708, 0.6494976914343997, 0.7968572384043695, 0.17431966662641948, 0.7751450352954781, 0.016296668887359672, 0.6003939630830388, 0.4405396873721893, 0.3986789320349856, 0.5519360948771869, 0.0691233592205334, 0.00156852148529075, 0.616153203486618, 0.05859966677084221, 0.6883424849003317, 0.3409732081558939, 0.12403569123501043], BATTLES: 299-210-230-367-299-337-333-284-270-
24, 0, -2596.0, [0.8795281073888387, 0.3266193419387061, 0.8595500313762848, 0.11283574949227765, 0.8871573836640329, 0.9334422469279626, 0.4262415750649341, 0.025528080846391098, 0.5933216951906755, 0.9033418158876596, 0.6450386330143905, 0.2555591544350691, 0.6890281150852078, 0.6814110995574196, 0.2187745950373739, 0.8308296821683134, 0.2673271156578806, 0.4202225673216763, 0.4975561917639416, 0.17343192951932765, 0.6393716444640892, 0.07300327998335478, 0.00697083932600236, 0.7509644659137857, 0.07787806690622384, 0.5157628850240291, 0.4804186769421355, 0.21218712950007304], BATTLES: 300-211-233-371-285-311-322-251-312-
24, 1, -2642.0, [0.899446020923977, 0.20841854277807192, 0.8212395266876187, 0.3425646020444775, 0.8140404437003459, 0.9664555928908196, 0.5090711529404298, 0.04653380188805771, 0.48343288637637777, 0.9552373619658868, 0.793962826249182, 0.35352791871157163, 0.5913446977206359, 0.67418054752468, 0.17201125832131975, 0.8571321668839178, 0.3647952389082742, 0.45865159436231295, 0.4242477705133798, 0.10330476133894245, 0.730354506093642, 0.02326304817579401, 0.01122132678638615, 0.7541399430889211, 0.11431800282503235, 0.7751320934671762, 0.38778398101668154, 0.26463046455088596], BATTLES: 288-192-252-417-263-351-323-254-302-
24, 2, -2600.0, [0.9521540817213813, 0.3828956000779343, 0.8263525728399543, 0.36784851959152054, 0.7524156439818895, 0.9986751681706019, 0.7164505842421582, 0.03464690676981272, 0.3886396029689486, 0.9391915309895172, 0.6371905862036159, 0.3949608011578037, 0.6786367989736413, 0.7430392116511044, 0.11920738521910643, 0.808705439151911, 0.25923390477096714, 0.47637272927612373, 0.5545314608401466, 0.24070540027020396, 0.7282088789901217, 0.0636382992290696, 0.005781405625220417, 0.8574158830409038, 0.09192607796933538, 0.37972184325263786, 0.4370764555878964, 0.3325125015932326], BATTLES: 296-200-251-390-255-302-353-272-281-
24, 3, -2597.0, [0.8340773617215975, 0.3918583143232499, 0.5857075306722492, 0.5401531488583499, 0.7471458802456638, 0.9082861795055368, 0.4144110146296588, 0.04744524426748846, 0.514507202904289, 0.8739254105352575, 0.7908332403979591, 0.42327002136738584, 0.9322297961394469, 0.8810583446753016, 0.15026991028969733, 0.6782921366186045, 0.24122857205831003, 0.4952173714675096, 0.9676204103729455, 0.12886996172321769, 0.7374137223662576, 0.003639568017644479, 0.0055570174558637175, 0.8249498400960927, 0.38247485271279, 0.33499135615999576, 0.2900032809384589, 0.3575859339777689], BATTLES: 288-207-260-373-286-284-305-219-293-
24, 4, -2669.0, [0.9438654512378729, 0.39279148180277673, 0.8908068656521293, 0.5201523938492773, 0.6077167221676778, 0.9724080970550804, 0.5638373476546003, 0.0641874808829005, 0.6808166166378625, 0.797604620027045, 0.5846666404156565, 0.8072673484527062, 0.7499579148672317, 0.6461684925149779, 0.02616477034313399, 0.7977744309185631, 0.12040585870815555, 0.1884412080594069, 0.3323950488216454, 0.37240833417052993, 0.8123357369500611, 0.12915715099100947, 0.020739785783715173, 0.5312846418845418, 0.21229233301231473, 0.08690676977282774, 0.49356401385559057, 0.3189522340013812], BATTLES: 273-195-242-392-314-325-335-266-307-
24, 5, -2570.0, [0.9009709015648543, 0.30453247613677986, 0.9321451271916545, 0.5154382512321494, 0.8962379421441058, 0.9838261560736147, 0.3721940826523383, 0.007496615322907203, 0.49262028340749564, 0.9405405684985417, 0.9714858581104284, 0.3158153526758339, 0.652953426886787, 0.9432660803304008, 0.24727107897047504, 0.7572556037362144, 0.040129834807390435, 0.3472333120119149, 0.6100774647690151, 0.28554218011439975, 0.5156772630021993, 0.08405036148013599, 0.025546586915469172, 0.7157301484289659, 0.15940270476259796, 0.22123127167366918, 0.35724275101729197, 0.3731669591843028], BATTLES: 291-218-239-364-295-289-302-246-279-
24, 6, -2631.0, [0.9227576138592244, 0.44359071816854184, 0.9098571546585464, 0.45682820420509107, 0.7157928125231136, 0.9167715883790544, 0.48951553906947454, 0.046262534146489086, 0.359615495855161, 0.8839814882307063, 0.8158466933307157, 0.16617819301893078, 0.7946439209470616, 0.8924220583866525, 0.06519806772638047, 0.816801101139648, 0.06447015905059705, 0.6053754945261409, 0.6681776543013163, 0.29854243805932096, 0.9229553507668982, 0.0901381604932557, 0.024863316297379607, 0.6864969868442985, 0.07969263456036527, 0.21730098437469342, 0.3936580386338713, 0.21175314371894446], BATTLES: 289-202-219-360-261-314-333-276-283-
24, 7, -2741.0, [0.8964089151070429, 0.3424717292711874, 0.9594285881742791, 0.5895955510363877, 0.6958358418905489, 0.9640404919037789, 0.4291535999273898, 0.058093261857120715, 0.5082657910633949, 0.889402911159807, 0.9601122563719642, 0.423705533171843, 0.7244022173328717, 0.6100005091495248, 0.0912801904817151, 0.6795825406747481, 0.043020921758369024, 0.32848538131175575, 0.5613693858177694, 0.4983165727123059, 0.8273967443251297, 0.2620636949630484, 0.03255854552519913, 0.5670930931268178, 0.17955325424490975, 0.11728142581756351, 0.2558764685458126, 0.34452253413750983], BATTLES: 294-206-270-393-321-332-339-283-303-
24, 8, -2723.0, [0.9473974122700167, 0.38406827404089394, 0.9738659142177535, 0.7883875682237703, 0.7272080492785206, 0.9467713248640695, 0.5911048594623911, 0.06254272632773152, 0.440397394178004, 0.9022093512292382, 0.9338872232272377, 0.5127211120165537, 0.6986507693784939, 0.8099260806886209, 0.15282436918304027, 0.654439578081652, 0.23350177606766986, 0.32404973075012816, 0.3194494301191057, 0.5492000164354717, 0.5451680263926252, 0.019822946442579578, 0.02417529775555813, 0.7491178780329848, 0.18211403022843098, 0.4501773402307736, 0.2555871694745221, 0.3253357287288216], BATTLES: 307-205-240-395-311-325-319-268-279-
24, 9, -2579.0, [0.908048770230839, 0.46486525059079337, 0.706955163304042, 0.29801464897708096, 0.750979539637474, 0.9656523482799685, 0.573196018735065, 0.03842185893739798, 0.3553883064811285, 0.9331108077288082, 0.6505932989915053, 0.40889810710242397, 0.712201723940558, 0.6538655346462301, 0.24079473242686422, 0.8324843013734643, 0.08016055172549255, 0.6134715223136001, 0.512006040497608, 0.2781995937778609, 0.6228867599541215, 0.074407601002881, 0.00021859806023596506, 0.9036258991793074, 0.09329307564109601, 0.5127146311923234, 0.3792744162613699, 0.390223321745566], BATTLES: 264-190-263-379-300-307-347-252-272-
24, 10, -2644.0, [0.9099565365136383, 0.3906324481855467, 0.753012728450078, 0.622353378692184, 0.7353040199858004, 0.8938164809198572, 0.4563818800116537, 0.028891411834800068, 0.3837552497488955, 0.9841358447931975, 0.8532934390933965, 0.39922676732712464, 0.6354335387123714, 0.9321316952444128, 0.1663340804441325, 0.845959940551187, 0.0010428626309203215, 0.6832888431678359, 0.8170830285130184, 0.25900337515622984, 0.5757045280440922, 0.06942930246090259, 0.005110414560702242, 0.9393482332258066, 0.08019569094697539, 0.3748267093909875, 0.33673953501343984, 0.2458403321424648], BATTLES: 275-208-245-386-288-326-333-281-302-
24, 11, -2694.0, [0.9067673568358097, 0.2548909421905572, 0.9917850283566381, 0.8827603087871411, 0.6719760143492096, 0.8771501686065462, 0.5303328344257894, 0.05762383013173134, 0.5362808528281523, 0.9152321836124571, 0.6464694905088187, 0.6526671650881751, 0.7375313897238766, 0.8810931341285808, 0.29599641864609294, 0.7834855931206658, 0.3439391156764023, 0.5035808721522164, 0.17927796818401437, 0.33755673770556077, 0.6323257007988826, 0.05168296375680048, 0.026343611477957177, 0.9491489924204346, 0.1921390756589547, 0.5176613235806429, 0.15850103991133652, 0.38593120984872925], BATTLES: 312-184-246-386-294-315-367-292-298-
24, 12, -2581.0, [0.8864783328875648, 0.32765809935919615, 0.8184627051998885, 0.30751141012394895, 0.9372320153912923, 0.9476286266192108, 0.523945380757279, 0.042586497172639536, 0.6208442818692647, 0.9011275564246118, 0.47392910253623777, 0.333469424743312, 0.5483989923382652, 0.8919620179976027, 0.24294399607235712, 0.7971601879928839, 0.030742636448099256, 0.7084909590154138, 0.7387350372479864, 0.11891993210816199, 0.5452326193825278, 0.030091693493078605, 0.0009398001728881688, 0.9293705754928507, 0.14983591047587777, 0.32509391506955065, 0.16411106418307247, 0.18123910291561723], BATTLES: 270-211-238-388-300-336-290-243-305-
24, 13, -2628.0, [0.8945557303443413, 0.5014405180719214, 0.9650954117370519, 0.8084589214017901, 0.8044971935265315, 0.8550326554515818, 0.5670253583716673, 0.07665964530317006, 0.4699296881854077, 0.8698775356922571, 0.9591950354177579, 0.38152465015732445, 0.6904955217114681, 0.738077355715479, 0.14216777147930854, 0.6624211876225091, 0.13034326978864616, 0.4812652221999535, 0.6762968434445599, 0.33476126147979224, 0.6847467514246225, 0.02618248528216871, 0.004127531611428923, 0.757296950835457, 0.22531114695139176, 0.2703382069439616, 0.5606361903769149, 0.364397185566637], BATTLES: 295-195-250-366-286-323-345-254-277-
24, 14, -2650.0, [0.8858289630370372, 0.4246501375314155, 0.9310900123081274, 0.5524758452425158, 0.7497456223642022, 0.9059669308438192, 0.37388209385481863, 0.05032655385845263, 0.4709676904686238, 0.9678220298005917, 0.8748357955228272, 0.2844998617634708, 0.6494976914343997, 0.7968572384043695, 0.17431966662641948, 0.7751450352954781, 0.016296668887359672, 0.6003939630830388, 0.4405396873721893, 0.3986789320349856, 0.5519360948771869, 0.0691233592205334, 0.00156852148529075, 0.616153203486618, 0.05859966677084221, 0.6883424849003317, 0.3409732081558939, 0.12403569123501043], BATTLES: 308-217-214-364-289-322-371-279-286-
25, 0, -2713.0, [0.8795281073888387, 0.3266193419387061, 0.9297750156881424, 0.11283574949227765, 0.6525906282015771, 0.898914085324819, 0.4262415750649341, 0.025528080846391098, 0.5933216951906755, 0.9033418158876596, 0.6450386330143905, 0.4165353923741112, 0.6890281150852078, 0.6814110995574196, 0.12143669180506009, 0.48716175086127866, 0.03932914590281367, 0.4202225673216763, 0.4975561917639416, 0.4919897610489291, 0.6393716444640892, 0.07300327998335478, 0.00697083932600236, 0.6325735330435736, 0.07787806690622384, 0.5157628850240291, 0.23980044676784107, 0.21218712950007304], BATTLES: 299-205-235-363-304-337-341-266-293-
25, 1, -2578.0, [0.899446020923977, 0.20841854277807192, 0.8212395266876187, 0.3425646020444775, 0.8140404437003459, 0.9664555928908196, 0.5090711529404298, 0.04653380188805771, 0.48343288637637777, 0.9552373619658868, 0.793962826249182, 0.35352791871157163, 0.5913446977206359, 0.67418054752468, 0.17201125832131975, 0.8571321668839178, 0.3647952389082742, 0.45865159436231295, 0.4242477705133798, 0.10330476133894245, 0.730354506093642, 0.02326304817579401, 0.01122132678638615, 0.7541399430889211, 0.11431800282503235, 0.7751320934671762, 0.38778398101668154, 0.26463046455088596], BATTLES: 276-195-238-383-286-311-338-265-286-
25, 2, -2641.0, [0.9521540817213813, 0.3828956000779343, 0.8263525728399543, 0.36784851959152054, 0.7524156439818895, 0.9986751681706019, 0.7164505842421582, 0.03464690676981272, 0.3886396029689486, 0.9391915309895172, 0.6371905862036159, 0.3949608011578037, 0.6786367989736413, 0.7430392116511044, 0.11920738521910643, 0.808705439151911, 0.25923390477096714, 0.47637272927612373, 0.5545314608401466, 0.24070540027020396, 0.7282088789901217, 0.0636382992290696, 0.005781405625220417, 0.8574158830409038, 0.09192607796933538, 0.37972184325263786, 0.4370764555878964, 0.3325125015932326], BATTLES: 300-225-225-382-271-303-353-274-308-
25, 3, -2540.0, [0.8675202128997442, 0.33652665796763026, 0.5857075306722492, 0.5401531488583499, 0.7471458802456638, 0.9082861795055368, 0.4144110146296588, 0.04744524426748846, 0.514507202904289, 0.8859055478563911, 0.7908332403979591, 0.42327002136738584, 0.9322297961394469, 0.6820898712823914, 0.1627248199250934, 0.6023991015015215, 0.24122857205831003, 0.30604197245736764, 0.9676204103729455, 0.12886996172321769, 0.7689505492027982, 0.12363698616022115, 0.0055570174558637175, 0.5940942442267085, 0.38247485271279, 0.33499135615999576, 0.2900032809384589, 0.3575859339777689], BATTLES: 277-190-231-388-286-303-323-217-296-
25, 4, -2637.0, [0.9438654512378729, 0.39279148180277673, 0.8908068656521293, 0.5201523938492773, 0.6077167221676778, 0.9724080970550804, 0.5638373476546003, 0.0641874808829005, 0.6808166166378625, 0.797604620027045, 0.5846666404156565, 0.8072673484527062, 0.7499579148672317, 0.6461684925149779, 0.02616477034313399, 0.7977744309185631, 0.12040585870815555, 0.1884412080594069, 0.3323950488216454, 0.37240833417052993, 0.8123357369500611, 0.12915715099100947, 0.020739785783715173, 0.5312846418845418, 0.21229233301231473, 0.08690676977282774, 0.49356401385559057, 0.3189522340013812], BATTLES: 281-222-238-366-294-295-357-275-309-
25, 5, -2599.0, [0.9009709015648543, 0.3884160330882069, 0.9660725635958273, 0.5454799640958038, 0.8016924736024041, 0.9846406500627864, 0.3721940826523383, 0.007496615322907203, 0.5114520739416579, 0.9405405684985417, 0.9714858581104284, 0.3158153526758339, 0.652953426886787, 0.7437879311010818, 0.12303215642442006, 0.7572556037362144, 0.020064917403695218, 0.3095659953283166, 0.6100774647690151, 0.48525859809992117, 0.5156772630021993, 0.08405036148013599, 0.025546586915469172, 0.7157301484289659, 0.15940270476259796, 0.22123127167366918, 0.35724275101729197, 0.3731669591843028], BATTLES: 298-206-253-382-280-299-324-240-280-
25, 6, -2631.0, [0.9553749687719615, 0.44359071816854184, 0.9098571546585464, 0.45682820420509107, 0.724016599338083, 0.9243541172660731, 0.6326902546784496, 0.0787341985502177, 0.5498483361444793, 0.8914139281692566, 0.9079233466653578, 0.4101302890290237, 0.7946439209470616, 0.7153961896882782, 0.028192209572242888, 0.816801101139648, 0.19960839460570215, 0.36283416833607474, 0.3272854148081493, 0.35062586857445927, 0.9229553507668982, 0.0013706196724098882, 0.019389474207941695, 0.6864969868442985, 0.07969263456036527, 0.21730098437469342, 0.3936580386338713, 0.37782417675694013], BATTLES: 294-205-235-367-272-314-365-288-280-
25, 7, -2671.0, [0.8964089151070429, 0.3424717292711874, 0.9594285881742791, 0.5895955510363877, 0.6958358418905489, 0.9640404919037789, 0.4291535999273898, 0.058093261857120715, 0.5082657910633949, 0.889402911159807, 0.9601122563719642, 0.423705533171843, 0.7244022173328717, 0.6100005091495248, 0.0912801904817151, 0.6795825406747481, 0.043020921758369024, 0.32848538131175575, 0.5613693858177694, 0.4983165727123059, 0.8273967443251297, 0.2620636949630484, 0.03255854552519913, 0.5670930931268178, 0.17955325424490975, 0.11728142581756351, 0.2558764685458126, 0.34452253413750983], BATTLES: 299-211-230-388-302-321-337-285-298-
25, 8, -2680.0, [0.9473974122700167, 0.38406827404089394, 0.9738659142177535, 0.7883875682237703, 0.7272080492785206, 0.9467713248640695, 0.5911048594623911, 0.06254272632773152, 0.440397394178004, 0.9022093512292382, 0.9338872232272377, 0.5127211120165537, 0.6986507693784939, 0.8099260806886209, 0.15282436918304027, 0.654439578081652, 0.23350177606766986, 0.32404973075012816, 0.3194494301191057, 0.5492000164354717, 0.5451680263926252, 0.019822946442579578, 0.02417529775555813, 0.7491178780329848, 0.18211403022843098, 0.4501773402307736, 0.2555871694745221, 0.3253357287288216], BATTLES: 299-216-252-396-315-310-349-266-277-
25, 9, -2639.0, [0.8972429628576475, 0.4118265465601664, 0.706955163304042, 0.29801464897708096, 0.750979539637474, 0.9656523482799685, 0.573196018735065, 0.03842185893739798, 0.4336510398323294, 0.9218191242760309, 0.8039935245338607, 0.40889810710242397, 0.6214716347944133, 0.6538655346462301, 0.24079473242686422, 0.8324843013734643, 0.04836321154285039, 0.6134715223136001, 0.5996644632715572, 0.2781995937778609, 0.6228867599541215, 0.074407601002881, 0.00021859806023596506, 0.9036258991793074, 0.09329307564109601, 0.4075311481719678, 0.3792744162613699, 0.390223321745566], BATTLES: 273-187-253-392-269-276-360-276-285-
25, 10, -2568.0, [0.9099565365136383, 0.3906324481855467, 0.753012728450078, 0.622353378692184, 0.7353040199858004, 0.8938164809198572, 0.4563818800116537, 0.028891411834800068, 0.3837552497488955, 0.9841358447931975, 0.8532934390933965, 0.39922676732712464, 0.6354335387123714, 0.9321316952444128, 0.1663340804441325, 0.845959940551187, 0.0010428626309203215, 0.6832888431678359, 0.8170830285130184, 0.25900337515622984, 0.5757045280440922, 0.06942930246090259, 0.005110414560702242, 0.9393482332258066, 0.08019569094697539, 0.3748267093909875, 0.33673953501343984, 0.2458403321424648], BATTLES: 285-216-221-372-262-310-340-263-299-
25, 11, -2645.0, [0.9067673568358097, 0.2548909421905572, 0.9917850283566381, 0.8827603087871411, 0.6719760143492096, 0.8771501686065462, 0.5303328344257894, 0.05762383013173134, 0.5362808528281523, 0.9152321836124571, 0.6464694905088187, 0.6526671650881751, 0.7375313897238766, 0.8810931341285808, 0.29599641864609294, 0.7834855931206658, 0.3439391156764023, 0.5035808721522164, 0.17927796818401437, 0.33755673770556077, 0.6323257007988826, 0.05168296375680048, 0.026343611477957177, 0.9491489924204346, 0.1921390756589547, 0.5176613235806429, 0.15850103991133652, 0.38593120984872925], BATTLES: 269-191-233-373-307-322-360-303-287-
25, 12, -2629.0, [0.8864783328875648, 0.32765809935919615, 0.8184627051998885, 0.30751141012394895, 0.9372320153912923, 0.9476286266192108, 0.523945380757279, 0.042586497172639536, 0.6208442818692647, 0.9011275564246118, 0.47392910253623777, 0.333469424743312, 0.5483989923382652, 0.8919620179976027, 0.24294399607235712, 0.7971601879928839, 0.030742636448099256, 0.7084909590154138, 0.7387350372479864, 0.11891993210816199, 0.5452326193825278, 0.030091693493078605, 0.0009398001728881688, 0.9293705754928507, 0.14983591047587777, 0.32509391506955065, 0.16411106418307247, 0.18123910291561723], BATTLES: 290-215-245-373-341-303-321-252-289-
25, 13, -2672.0, [0.8911496999270245, 0.3873453166261114, 0.9859413365586516, 0.32903677067732234, 0.753193995071338, 0.9812338963857614, 0.5670253583716673, 0.07665964530317006, 0.5645846186115808, 0.8492062719211719, 0.8646792788970775, 0.38152465015732445, 0.7198250100716007, 0.738077355715479, 0.09903236718851562, 0.6507389997149432, 0.19359037079107627, 0.4812652221999535, 0.6826784132748083, 0.33476126147979224, 0.8503120118391515, 0.02618248528216871, 0.018373627538628475, 0.5496542637191497, 0.1728204444042952, 0.2703382069439616, 0.5606361903769149, 0.21953051971887527], BATTLES: 322-200-241-362-259-311-354-265-264-
25, 14, -2621.0, [0.8858289630370372, 0.4246501375314155, 0.9310900123081274, 0.5524758452425158, 0.7497456223642022, 0.9059669308438192, 0.37388209385481863, 0.05032655385845263, 0.4709676904686238, 0.9678220298005917, 0.8748357955228272, 0.2844998617634708, 0.6494976914343997, 0.7968572384043695, 0.17431966662641948, 0.7751450352954781, 0.016296668887359672, 0.6003939630830388, 0.4405396873721893, 0.3986789320349856, 0.5519360948771869, 0.0691233592205334, 0.00156852148529075, 0.616153203486618, 0.05859966677084221, 0.6883424849003317, 0.3409732081558939, 0.12403569123501043], BATTLES: 301-194-210-379-295-315-348-288-291-
26, 0, -2721.0, [0.8795281073888387, 0.3428139359942797, 0.9898603046299655, 0.11283574949227765, 0.6525906282015771, 0.898914085324819, 0.4262415750649341, 0.025528080846391098, 0.5933216951906755, 0.9033418158876596, 0.6450386330143905, 0.4165353923741112, 0.6927878226187595, 0.6814110995574196, 0.1397148205242178, 0.48716175086127866, 0.03932914590281367, 0.4202225673216763, 0.4975561917639416, 0.4919897610489291, 0.6393716444640892, 0.07300327998335478, 0.00697083932600236, 0.6325735330435736, 0.07787806690622384, 0.5157628850240291, 0.23980044676784107, 0.21218712950007304], BATTLES: 283-218-254-398-302-329-355-275-278-
26, 1, -2523.0, [0.899446020923977, 0.20841854277807192, 0.8212395266876187, 0.3425646020444775, 0.8140404437003459, 0.9664555928908196, 0.5090711529404298, 0.04653380188805771, 0.48343288637637777, 0.9552373619658868, 0.793962826249182, 0.35352791871157163, 0.5913446977206359, 0.67418054752468, 0.17201125832131975, 0.8571321668839178, 0.3647952389082742, 0.45865159436231295, 0.4242477705133798, 0.10330476133894245, 0.730354506093642, 0.02326304817579401, 0.01122132678638615, 0.7541399430889211, 0.11431800282503235, 0.7751320934671762, 0.38778398101668154, 0.26463046455088596], BATTLES: 287-202-232-365-276-310-334-240-277-
26, 2, -2636.0, [0.9521540817213813, 0.32954093870148937, 0.9154442736202769, 0.36784851959152054, 0.7524156439818895, 0.953006767693968, 0.7164505842421582, 0.023873972392437104, 0.5100427288676816, 0.9391915309895172, 0.6371905862036159, 0.4029732030547019, 0.6786367989736413, 0.7203881908777152, 0.11920738521910643, 0.808705439151911, 0.19818282528385656, 0.47637272927612373, 0.5349405677435943, 0.24070540027020396, 0.7282088789901217, 0.07235676428440706, 0.005781405625220417, 0.7213990213429127, 0.07051284724895081, 0.41787205713521736, 0.4370764555878964, 0.247275714819354], BATTLES: 303-196-235-369-283-313-349-267-287-
26, 3, -2642.0, [0.8675202128997442, 0.33652665796763026, 0.5857075306722492, 0.5401531488583499, 0.7471458802456638, 0.9082861795055368, 0.4144110146296588, 0.04744524426748846, 0.514507202904289, 0.8859055478563911, 0.7908332403979591, 0.42327002136738584, 0.9322297961394469, 0.6820898712823914, 0.1627248199250934, 0.6023991015015215, 0.24122857205831003, 0.30604197245736764, 0.9676204103729455, 0.12886996172321769, 0.7689505492027982, 0.12363698616022115, 0.0055570174558637175, 0.5940942442267085, 0.38247485271279, 0.33499135615999576, 0.2900032809384589, 0.3575859339777689], BATTLES: 287-221-265-381-295-288-355-249-301-
26, 4, -2595.0, [0.8693927992314328, 0.14146416190501734, 0.8908068656521293, 0.22916466119989323, 0.6250349332353816, 0.9724080970550804, 0.5638373476546003, 0.05760256468605924, 0.7479330565076558, 0.8574785281577437, 0.5846666404156565, 0.6376157607636258, 0.7499579148672317, 0.6461684925149779, 0.12576759917633493, 0.7977744309185631, 0.2491548243985045, 0.21208919362690384, 0.3323950488216454, 0.3417443610500719, 0.631515686541854, 0.12915715099100947, 0.011248438193783827, 0.507952410097723, 0.1811706322099281, 0.6805818146291711, 0.49356401385559057, 0.2014762522139215], BATTLES: 284-219-261-351-289-283-353-263-278-
26, 5, -2570.0, [0.9009709015648543, 0.3884160330882069, 0.9660725635958273, 0.5454799640958038, 0.8016924736024041, 0.9846406500627864, 0.3721940826523383, 0.007496615322907203, 0.5114520739416579, 0.9405405684985417, 0.9714858581104284, 0.3158153526758339, 0.652953426886787, 0.7437879311010818, 0.12303215642442006, 0.7572556037362144, 0.020064917403695218, 0.3095659953283166, 0.6100774647690151, 0.48525859809992117, 0.5156772630021993, 0.08405036148013599, 0.025546586915469172, 0.7157301484289659, 0.15940270476259796, 0.22123127167366918, 0.35724275101729197, 0.3731669591843028], BATTLES: 280-210-246-364-304-303-324-250-289-
26, 6, -2667.0, [0.9553749687719615, 0.44359071816854184, 0.9098571546585464, 0.45682820420509107, 0.724016599338083, 0.9243541172660731, 0.6326902546784496, 0.0787341985502177, 0.5498483361444793, 0.8914139281692566, 0.9079233466653578, 0.4101302890290237, 0.7946439209470616, 0.7153961896882782, 0.028192209572242888, 0.816801101139648, 0.19960839460570215, 0.36283416833607474, 0.3272854148081493, 0.35062586857445927, 0.9229553507668982, 0.0013706196724098882, 0.019389474207941695, 0.6864969868442985, 0.07969263456036527, 0.21730098437469342, 0.3936580386338713, 0.37782417675694013], BATTLES: 281-227-265-377-274-348-335-279-281-
26, 7, -2720.0, [0.8964089151070429, 0.3424717292711874, 0.9594285881742791, 0.5895955510363877, 0.6958358418905489, 0.9640404919037789, 0.4291535999273898, 0.058093261857120715, 0.5082657910633949, 0.889402911159807, 0.9601122563719642, 0.423705533171843, 0.7244022173328717, 0.6100005091495248, 0.0912801904817151, 0.6795825406747481, 0.043020921758369024, 0.32848538131175575, 0.5613693858177694, 0.4983165727123059, 0.8273967443251297, 0.2620636949630484, 0.03255854552519913, 0.5670930931268178, 0.17955325424490975, 0.11728142581756351, 0.2558764685458126, 0.34452253413750983], BATTLES: 288-202-262-385-318-327-347-276-315-
26, 8, -2599.0, [0.9473974122700167, 0.38406827404089394, 0.9738659142177535, 0.7883875682237703, 0.7272080492785206, 0.9467713248640695, 0.5911048594623911, 0.06254272632773152, 0.440397394178004, 0.9022093512292382, 0.9338872232272377, 0.5127211120165537, 0.6986507693784939, 0.8099260806886209, 0.15282436918304027, 0.654439578081652, 0.23350177606766986, 0.32404973075012816, 0.3194494301191057, 0.5492000164354717, 0.5451680263926252, 0.019822946442579578, 0.02417529775555813, 0.7491178780329848, 0.18211403022843098, 0.4501773402307736, 0.2555871694745221, 0.3253357287288216], BATTLES: 304-206-237-377-313-317-311-261-273-
26, 9, -2635.0, [0.9004742094515377, 0.4118265465601664, 0.9492743132627667, 0.29801464897708096, 0.7173033035205627, 0.9656523482799685, 0.3742683891584704, 0.04692733791265067, 0.5689971393605182, 0.8907125168688497, 0.8039935245338607, 0.5336304556637543, 0.6201489161950242, 0.6538655346462301, 0.24079473242686422, 0.8324843013734643, 0.04836321154285039, 0.6134715223136001, 0.3269497710259691, 0.5755330665955791, 0.38622593138034184, 0.014786248886964823, 0.02334549533444015, 0.7031462139032847, 0.09329307564109601, 0.37247166559922373, 0.19123987260580738, 0.3754518348757118], BATTLES: 302-207-249-361-267-320-344-244-286-
26, 10, -2599.0, [0.9099565365136383, 0.3906324481855467, 0.753012728450078, 0.622353378692184, 0.7353040199858004, 0.8938164809198572, 0.4563818800116537, 0.028891411834800068, 0.3837552497488955, 0.9841358447931975, 0.8532934390933965, 0.39922676732712464, 0.6354335387123714, 0.9321316952444128, 0.1663340804441325, 0.845959940551187, 0.0010428626309203215, 0.6832888431678359, 0.8170830285130184, 0.25900337515622984, 0.5757045280440922, 0.06942930246090259, 0.005110414560702242, 0.9393482332258066, 0.08019569094697539, 0.3748267093909875, 0.33673953501343984, 0.2458403321424648], BATTLES: 308-214-235-400-250-313-322-269-288-
26, 11, -2644.0, [0.9067673568358097, 0.2548909421905572, 0.9917850283566381, 0.8827603087871411, 0.6719760143492096, 0.8771501686065462, 0.5303328344257894, 0.05762383013173134, 0.5362808528281523, 0.9152321836124571, 0.6464694905088187, 0.6526671650881751, 0.7375313897238766, 0.8810931341285808, 0.29599641864609294, 0.7834855931206658, 0.3439391156764023, 0.5035808721522164, 0.17927796818401437, 0.33755673770556077, 0.6323257007988826, 0.05168296375680048, 0.026343611477957177, 0.9491489924204346, 0.1921390756589547, 0.5176613235806429, 0.15850103991133652, 0.38593120984872925], BATTLES: 293-213-239-364-307-331-333-286-278-
26, 12, -2664.0, [0.8864783328875648, 0.32765809935919615, 0.8184627051998885, 0.07210543780806215, 0.7622327512719871, 0.9476286266192108, 0.523945380757279, 0.0092761009128771, 0.5526679012456256, 0.8847329043033728, 0.47392910253623777, 0.4961597832023208, 0.6537618731068442, 0.727887305052921, 0.1247979528656695, 0.6255950636420367, 0.1458273042432101, 0.7084909590154138, 0.6597992064300205, 0.11891993210816199, 0.5452326193825278, 0.08527821803304877, 0.0009398001728881688, 0.8005021959951371, 0.08796935451266036, 0.25188983029987977, 0.2707303436729094, 0.32983280920155], BATTLES: 274-181-257-387-314-348-325-236-325-
26, 13, -2666.0, [0.8911496999270245, 0.3873453166261114, 0.9859413365586516, 0.32903677067732234, 0.753193995071338, 0.9812338963857614, 0.5670253583716673, 0.07665964530317006, 0.5645846186115808, 0.8492062719211719, 0.8646792788970775, 0.38152465015732445, 0.7198250100716007, 0.738077355715479, 0.09903236718851562, 0.6507389997149432, 0.19359037079107627, 0.4812652221999535, 0.6826784132748083, 0.33476126147979224, 0.8503120118391515, 0.02618248528216871, 0.018373627538628475, 0.5496542637191497, 0.1728204444042952, 0.2703382069439616, 0.5606361903769149, 0.21953051971887527], BATTLES: 298-231-263-375-306-335-326-233-299-
26, 14, -2627.0, [0.9043539528183006, 0.4246501375314155, 0.8630562312907935, 0.5524758452425158, 0.7497456223642022, 0.9660047022903353, 0.37388209385481863, 0.021118805159434616, 0.4709676904686238, 0.9678220298005917, 0.8748357955228272, 0.2844998617634708, 0.6494976914343997, 0.5844379179616284, 0.17431966662641948, 0.5376601223127996, 0.1909910118301481, 0.6003939630830388, 0.39511701567123947, 0.3986789320349856, 0.4658620077921989, 0.0691233592205334, 0.000784260742645375, 0.616153203486618, 0.08387531541959631, 0.6883424849003317, 0.3409732081558939, 0.29160303380314095], BATTLES: 293-183-220-372-286-324-329-271-276-
27, 0, -2728.0, [0.8795281073888387, 0.3428139359942797, 0.9898603046299655, 0.11283574949227765, 0.6525906282015771, 0.898914085324819, 0.4262415750649341, 0.025528080846391098, 0.5933216951906755, 0.9033418158876596, 0.6450386330143905, 0.4165353923741112, 0.6927878226187595, 0.6814110995574196, 0.1397148205242178, 0.48716175086127866, 0.03932914590281367, 0.4202225673216763, 0.4975561917639416, 0.4919897610489291, 0.6393716444640892, 0.07300327998335478, 0.00697083932600236, 0.6325735330435736, 0.07787806690622384, 0.5157628850240291, 0.23980044676784107, 0.21218712950007304], BATTLES: 334-212-253-372-323-312-320-272-330-
27, 1, -2636.0, [0.899446020923977, 0.20841854277807192, 0.8212395266876187, 0.3425646020444775, 0.8140404437003459, 0.9664555928908196, 0.5090711529404298, 0.04653380188805771, 0.48343288637637777, 0.9552373619658868, 0.793962826249182, 0.35352791871157163, 0.5913446977206359, 0.67418054752468, 0.17201125832131975, 0.8571321668839178, 0.3647952389082742, 0.45865159436231295, 0.4242477705133798, 0.10330476133894245, 0.730354506093642, 0.02326304817579401, 0.01122132678638615, 0.7541399430889211, 0.11431800282503235, 0.7751320934671762, 0.38778398101668154, 0.26463046455088596], BATTLES: 291-220-261-377-276-347-332-258-274-
27, 2, -2631.0, [0.9521540817213813, 0.32954093870148937, 0.9154442736202769, 0.36784851959152054, 0.7524156439818895, 0.953006767693968, 0.7164505842421582, 0.023873972392437104, 0.5100427288676816, 0.9391915309895172, 0.6371905862036159, 0.4029732030547019, 0.6786367989736413, 0.7203881908777152, 0.11920738521910643, 0.808705439151911, 0.19818282528385656, 0.47637272927612373, 0.5349405677435943, 0.24070540027020396, 0.7282088789901217, 0.07235676428440706, 0.005781405625220417, 0.7213990213429127, 0.07051284724895081, 0.41787205713521736, 0.4370764555878964, 0.247275714819354], BATTLES: 305-188-241-365-295-315-349-267-306-
27, 3, -2617.0, [0.9057404069231518, 0.27105685556497355, 0.9321167335099756, 0.43042832884201687, 0.6458664805760086, 0.9568303128745383, 0.4144110146296588, 0.04744524426748846, 0.49645786513428125, 0.8859055478563911, 0.7140402328585855, 0.42327002136738584, 0.7959170547789294, 0.7143379069202264, 0.1627248199250934, 0.4941260134098194, 0.18303394189463473, 0.2572168759883696, 0.9676204103729455, 0.12886996172321769, 0.7689505492027982, 0.12363698616022115, 0.018205767120926086, 0.5940942442267085, 0.1953726326193781, 0.5049342657384983, 0.08062959526896338, 0.29898197112254965], BATTLES: 280-198-254-376-253-312-325-260-294-
27, 4, -2568.0, [0.8693927992314328, 0.14146416190501734, 0.9454034328260646, 0.22916466119989323, 0.5127317730122859, 0.9724080970550804, 0.5638373476546003, 0.05760256468605924, 0.7479330565076558, 0.8690612951739445, 0.8899361450578148, 0.6068223383132102, 0.7677133080734184, 0.6461684925149779, 0.12576759917633493, 0.7977744309185631, 0.11929556504724464, 0.21208919362690384, 0.3323950488216454, 0.3417443610500719, 0.631515686541854, 0.1213462165691703, 0.011248438193783827, 0.4759543927534709, 0.123541899982378, 0.4472882543891838, 0.49356401385559057, 0.2014762522139215], BATTLES: 286-203-271-363-294-307-305-237-302-
27, 5, -2607.0, [0.9009709015648543, 0.3884160330882069, 0.9660725635958273, 0.5454799640958038, 0.8016924736024041, 0.9846406500627864, 0.3721940826523383, 0.007496615322907203, 0.5114520739416579, 0.9405405684985417, 0.9714858581104284, 0.3158153526758339, 0.652953426886787, 0.7437879311010818, 0.12303215642442006, 0.7572556037362144, 0.020064917403695218, 0.3095659953283166, 0.6100774647690151, 0.48525859809992117, 0.5156772630021993, 0.08405036148013599, 0.025546586915469172, 0.7157301484289659, 0.15940270476259796, 0.22123127167366918, 0.35724275101729197, 0.3731669591843028], BATTLES: 315-203-241-394-282-313-328-266-265-
27, 6, -2648.0, [0.9553749687719615, 0.44359071816854184, 0.9098571546585464, 0.45682820420509107, 0.724016599338083, 0.9243541172660731, 0.6326902546784496, 0.0787341985502177, 0.5498483361444793, 0.8914139281692566, 0.9079233466653578, 0.4101302890290237, 0.7946439209470616, 0.7153961896882782, 0.028192209572242888, 0.816801101139648, 0.19960839460570215, 0.36283416833607474, 0.3272854148081493, 0.35062586857445927, 0.9229553507668982, 0.0013706196724098882, 0.019389474207941695, 0.6864969868442985, 0.07969263456036527, 0.21730098437469342, 0.3936580386338713, 0.37782417675694013], BATTLES: 306-207-249-370-307-293-357-275-284-
27, 7, -2680.0, [0.8964089151070429, 0.3424717292711874, 0.9594285881742791, 0.5895955510363877, 0.6958358418905489, 0.9640404919037789, 0.4291535999273898, 0.058093261857120715, 0.5082657910633949, 0.889402911159807, 0.9601122563719642, 0.423705533171843, 0.7244022173328717, 0.6100005091495248, 0.0912801904817151, 0.6795825406747481, 0.043020921758369024, 0.32848538131175575, 0.5613693858177694, 0.4983165727123059, 0.8273967443251297, 0.2620636949630484, 0.03255854552519913, 0.5670930931268178, 0.17955325424490975, 0.11728142581756351, 0.2558764685458126, 0.34452253413750983], BATTLES: 263-219-272-373-310-323-330-287-303-
27, 8, -2657.0, [0.9473974122700167, 0.38406827404089394, 0.9738659142177535, 0.7883875682237703, 0.7272080492785206, 0.9467713248640695, 0.5911048594623911, 0.06254272632773152, 0.440397394178004, 0.9022093512292382, 0.9338872232272377, 0.5127211120165537, 0.6986507693784939, 0.8099260806886209, 0.15282436918304027, 0.654439578081652, 0.23350177606766986, 0.32404973075012816, 0.3194494301191057, 0.5492000164354717, 0.5451680263926252, 0.019822946442579578, 0.02417529775555813, 0.7491178780329848, 0.18211403022843098, 0.4501773402307736, 0.2555871694745221, 0.3253357287288216], BATTLES: 302-209-260-369-305-331-326-272-283-
27, 9, -2673.0, [0.9004742094515377, 0.416642886284841, 0.9721608288570255, 0.29801464897708096, 0.6584281759404117, 0.9656523482799685, 0.3742683891584704, 0.07567535878239569, 0.5730171860093702, 0.8575572384012636, 0.8216412931593147, 0.5178066256689132, 0.6201489161950242, 0.564734504599381, 0.24079473242686422, 0.7396439966191768, 0.10137157558696014, 0.6134715223136001, 0.3269497710259691, 0.5755330665955791, 0.6638702102024363, 0.014786248886964823, 0.02334549533444015, 0.7031462139032847, 0.12896567853170082, 0.37247166559922373, 0.19123987260580738, 0.3754518348757118], BATTLES: 274-220-261-350-320-353-323-254-291-
27, 10, -2680.0, [0.9099565365136383, 0.3630943557165976, 0.753012728450078, 0.7394126031489221, 0.7353040199858004, 0.8938164809198572, 0.4563818800116537, 0.06974384602182367, 0.3837552497488955, 0.9841358447931975, 0.8532934390933965, 0.4492480936308515, 0.6354335387123714, 0.9321316952444128, 0.1663340804441325, 0.845959940551187, 0.11338653456830211, 0.4008209808705909, 0.21613000932093834, 0.43133430346405455, 0.5757045280440922, 0.23249774152876138, 0.005110414560702242, 0.671284981738867, 0.08019569094697539, 0.3748267093909875, 0.33673953501343984, 0.2458403321424648], BATTLES: 294-194-231-357-272-299-332-273-284-
27, 11, -2666.0, [0.9322204040483081, 0.38817021875905183, 0.9917850283566381, 0.8827603087871411, 0.6719760143492096, 0.8771501686065462, 0.5303328344257894, 0.05762383013173134, 0.5832346068413177, 0.9152321836124571, 0.7281249612685278, 0.4904039906824706, 0.6527200067754483, 0.6577681437907883, 0.29599641864609294, 0.654104855942476, 0.08962216933624871, 0.5035808721522164, 0.17927796818401437, 0.542833938793498, 0.6323257007988826, 0.05168296375680048, 0.017762853976888933, 0.9491489924204346, 0.1921390756589547, 0.5176613235806429, 0.15850103991133652, 0.38593120984872925], BATTLES: 288-210-234-366-301-327-333-256-302-
27, 12, -2661.0, [0.8864783328875648, 0.32765809935919615, 0.8184627051998885, 0.07210543780806215, 0.7622327512719871, 0.9476286266192108, 0.523945380757279, 0.0092761009128771, 0.5526679012456256, 0.8847329043033728, 0.47392910253623777, 0.4961597832023208, 0.6537618731068442, 0.727887305052921, 0.1247979528656695, 0.6255950636420367, 0.1458273042432101, 0.7084909590154138, 0.6597992064300205, 0.11891993210816199, 0.5452326193825278, 0.08527821803304877, 0.0009398001728881688, 0.8005021959951371, 0.08796935451266036, 0.25188983029987977, 0.2707303436729094, 0.32983280920155], BATTLES: 296-200-269-380-291-314-336-267-308-
27, 13, -2696.0, [0.8911496999270245, 0.3873453166261114, 0.9859413365586516, 0.32903677067732234, 0.753193995071338, 0.9812338963857614, 0.5670253583716673, 0.07665964530317006, 0.5645846186115808, 0.8492062719211719, 0.8646792788970775, 0.38152465015732445, 0.7198250100716007, 0.738077355715479, 0.09903236718851562, 0.6507389997149432, 0.19359037079107627, 0.4812652221999535, 0.6826784132748083, 0.33476126147979224, 0.8503120118391515, 0.02618248528216871, 0.018373627538628475, 0.5496542637191497, 0.1728204444042952, 0.2703382069439616, 0.5606361903769149, 0.21953051971887527], BATTLES: 298-229-276-374-298-344-307-275-295-
27, 14, -2693.0, [0.9043539528183006, 0.4246501375314155, 0.8630562312907935, 0.5524758452425158, 0.7497456223642022, 0.9660047022903353, 0.37388209385481863, 0.021118805159434616, 0.4709676904686238, 0.9678220298005917, 0.8748357955228272, 0.2844998617634708, 0.6494976914343997, 0.5844379179616284, 0.17431966662641948, 0.5376601223127996, 0.1909910118301481, 0.6003939630830388, 0.39511701567123947, 0.3986789320349856, 0.4658620077921989, 0.0691233592205334, 0.000784260742645375, 0.616153203486618, 0.08387531541959631, 0.6883424849003317, 0.3409732081558939, 0.29160303380314095], BATTLES: 297-226-279-393-267-336-341-270-284-
28, 0, -2651.0, [0.8882765349185625, 0.3227304159695429, 0.9914296529219615, 0.056417874746138824, 0.6525906282015771, 0.9951461476289114, 0.4003190098905058, 0.05053994144227156, 0.6304053106522127, 0.9033418158876596, 0.6450386330143905, 0.4670462490705592, 0.6711864681349144, 0.6232165404904917, 0.1686156902490738, 0.48716175086127866, 0.1018195622252119, 0.4202225673216763, 0.4975561917639416, 0.5336584935914704, 0.6393716444640892, 0.04396648424845636, 0.022243492404651573, 0.5642073917598619, 0.07787806690622384, 0.5157628850240291, 0.21557998333716988, 0.21218712950007304], BATTLES: 316-205-248-371-300-318-326-267-285-
28, 1, -2591.0, [0.9302924069176781, 0.3789029570170707, 0.8913278386178861, 0.3425646020444775, 0.8140404437003459, 0.9512922214583508, 0.5090711529404298, 0.04653380188805771, 0.5581502510320165, 0.9586599137419338, 0.8052419017640838, 0.14742580358409746, 0.712321377232169, 0.777241313355156, 0.08917736449607983, 0.8150205056020465, 0.3558965573290479, 0.45865159436231295, 0.4242477705133798, 0.10330476133894245, 0.730354506093642, 0.011631524087897005, 0.007558476845965396, 0.7541399430889211, 0.03965114792221307, 0.5287162451223422, 0.5768895665214188, 0.26463046455088596], BATTLES: 305-194-246-397-256-310-326-259-282-
28, 2, -2604.0, [0.9521540817213813, 0.32954093870148937, 0.9154442736202769, 0.36784851959152054, 0.7524156439818895, 0.953006767693968, 0.7164505842421582, 0.023873972392437104, 0.5100427288676816, 0.9391915309895172, 0.6371905862036159, 0.4029732030547019, 0.6786367989736413, 0.7203881908777152, 0.11920738521910643, 0.808705439151911, 0.19818282528385656, 0.47637272927612373, 0.5349405677435943, 0.24070540027020396, 0.7282088789901217, 0.07235676428440706, 0.005781405625220417, 0.7213990213429127, 0.07051284724895081, 0.41787205713521736, 0.4370764555878964, 0.247275714819354], BATTLES: 299-206-239-347-277-326-353-262-295-
28, 3, -2604.0, [0.9057404069231518, 0.27105685556497355, 0.9660583667549878, 0.43042832884201687, 0.6805074791777155, 0.9740476581104117, 0.4144110146296588, 0.05722065735720365, 0.442236148541308, 0.9413107733381642, 0.7140402328585855, 0.18765673878140948, 0.7959170547789294, 0.7457161617297983, 0.15605992108354744, 0.5826284645625126, 0.18303394189463473, 0.5276621004385424, 0.9240957808866431, 0.12886996172321769, 0.8363506949845775, 0.12363698616022115, 0.011260640430213683, 0.6484716498165323, 0.10357766556372315, 0.5558397784514038, 0.3043467924949359, 0.29898197112254965], BATTLES: 285-202-240-359-258-296-339-258-297-
28, 4, -2577.0, [0.9211674032500737, 0.30128414730418795, 0.9727017164130323, 0.22916466119989323, 0.5127317730122859, 0.9724080970550804, 0.5688320740652367, 0.07538679541232182, 0.632677516115456, 0.8783747443732128, 0.8899361450578148, 0.6068223383132102, 0.7192988747267453, 0.5719501910630566, 0.13949509703755766, 0.6316632692244963, 0.11929556504724464, 0.39224024238610433, 0.22328645786872098, 0.48948654676771214, 0.631515686541854, 0.1213462165691703, 0.011248438193783827, 0.4759543927534709, 0.1713124900316994, 0.4472882543891838, 0.47782574266214606, 0.2014762522139215], BATTLES: 281-200-248-347-300-302-311-229-289-
28, 5, -2675.0, [0.8773582456417013, 0.215866329846186, 0.9660725635958273, 0.3089538951241423, 0.8016924736024041, 0.9846406500627864, 0.5154961224236978, 0.044963545080837344, 0.6882817014709262, 0.8870916478246615, 0.9105067247029973, 0.3158153526758339, 0.652953426886787, 0.6707925943197003, 0.12303215642442006, 0.7875537234447534, 0.09426504238583767, 0.3095659953283166, 0.4024392959378406, 0.3779452369691187, 0.5156772630021993, 0.11193849054750798, 0.014855087390309323, 0.7157301484289659, 0.15940270476259796, 0.39026631043336607, 0.45917753609155615, 0.2447845267604343], BATTLES: 304-195-230-380-283-315-313-255-264-
28, 6, -2644.0, [0.9553749687719615, 0.44359071816854184, 0.9098571546585464, 0.45682820420509107, 0.724016599338083, 0.9243541172660731, 0.6326902546784496, 0.0787341985502177, 0.5498483361444793, 0.8914139281692566, 0.9079233466653578, 0.4101302890290237, 0.7946439209470616, 0.7153961896882782, 0.028192209572242888, 0.816801101139648, 0.19960839460570215, 0.36283416833607474, 0.3272854148081493, 0.35062586857445927, 0.9229553507668982, 0.0013706196724098882, 0.019389474207941695, 0.6864969868442985, 0.07969263456036527, 0.21730098437469342, 0.3936580386338713, 0.37782417675694013], BATTLES: 291-196-248-376-276-326-353-284-294-
28, 7, -2693.0, [0.9188173515747808, 0.3424717292711874, 0.9797142940871395, 0.6268259430337527, 0.6958358418905489, 0.9967445257573332, 0.4291535999273898, 0.058093261857120715, 0.4832492203910767, 0.8706307894473222, 0.9800561281859821, 0.423705533171843, 0.7244022173328717, 0.6100005091495248, 0.09994959919548216, 0.6795825406747481, 0.18856822456914193, 0.32848538131175575, 0.3761750220358713, 0.4983165727123059, 0.8273967443251297, 0.08416516912727003, 0.03255854552519913, 0.5670930931268178, 0.17955325424490975, 0.11728142581756351, 0.2558764685458126, 0.34452253413750983], BATTLES: 275-213-261-384-283-315-325-239-316-
28, 8, -2648.0, [0.9102355616195634, 0.452014976572101, 0.9738659142177535, 0.25655351847714025, 0.7272080492785206, 0.9684485673316049, 0.42121067076535035, 0.06254272632773152, 0.440397394178004, 0.9306149224367282, 0.9338872232272377, 0.5127211120165537, 0.6490030942308646, 0.8099260806886209, 0.15282436918304027, 0.654439578081652, 0.23350177606766986, 0.4260906783439434, 0.3194494301191057, 0.5512684468222206, 0.5069606471550933, 0.05716352459068067, 0.02417529775555813, 0.5114243744669628, 0.18211403022843098, 0.5751029184252674, 0.2555871694745221, 0.21563277252522833], BATTLES: 293-223-254-356-289-326-315-250-287-
28, 9, -2637.0, [0.9004742094515377, 0.416642886284841, 0.9721608288570255, 0.29801464897708096, 0.6584281759404117, 0.9656523482799685, 0.3742683891584704, 0.07567535878239569, 0.5730171860093702, 0.8575572384012636, 0.8216412931593147, 0.5178066256689132, 0.6201489161950242, 0.564734504599381, 0.24079473242686422, 0.7396439966191768, 0.10137157558696014, 0.6134715223136001, 0.3269497710259691, 0.5755330665955791, 0.6638702102024363, 0.014786248886964823, 0.02334549533444015, 0.7031462139032847, 0.12896567853170082, 0.37247166559922373, 0.19123987260580738, 0.3754518348757118], BATTLES: 281-211-247-375-324-327-332-242-298-
28, 10, -2640.0, [0.9488902207859566, 0.3945174218143575, 0.753012728450078, 0.7108916780974183, 0.7353040199858004, 0.8938164809198572, 0.4563818800116537, 0.08763041069941838, 0.3837552497488955, 0.9841358447931975, 0.8532934390933965, 0.4492480936308515, 0.6354335387123714, 0.9321316952444128, 0.1663340804441325, 0.845959940551187, 0.14289396083138836, 0.4008209808705909, 0.21613000932093834, 0.43133430346405455, 0.5757045280440922, 0.10301440355202361, 0.005110414560702242, 0.671284981738867, 0.11782687005360278, 0.5696312995458597, 0.27036514809873313, 0.26876652194289535], BATTLES: 292-192-251-354-277-283-371-292-268-
28, 11, -2710.0, [0.9322204040483081, 0.38817021875905183, 0.9917850283566381, 0.5650883762958765, 0.690816524476584, 0.8771501686065462, 0.5303328344257894, 0.05762383013173134, 0.5832346068413177, 0.918371640901365, 0.7281249612685278, 0.4904039906824706, 0.5640718117067527, 0.537606036660921, 0.29599641864609294, 0.6527974247198899, 0.08962216933624871, 0.5035808721522164, 0.17927796818401437, 0.6522628930351893, 0.6323257007988826, 0.19841323038853895, 0.03515722508194234, 0.5350503900279376, 0.1921390756589547, 0.2790063104874162, 0.15850103991133652, 0.38593120984872925], BATTLES: 283-219-245-381-314-305-354-294-289-
28, 12, -2592.0, [0.8864783328875648, 0.32765809935919615, 0.8184627051998885, 0.07210543780806215, 0.7622327512719871, 0.9476286266192108, 0.523945380757279, 0.0092761009128771, 0.5526679012456256, 0.8847329043033728, 0.47392910253623777, 0.4961597832023208, 0.6537618731068442, 0.727887305052921, 0.1247979528656695, 0.6255950636420367, 0.1458273042432101, 0.7084909590154138, 0.6597992064300205, 0.11891993210816199, 0.5452326193825278, 0.08527821803304877, 0.0009398001728881688, 0.8005021959951371, 0.08796935451266036, 0.25188983029987977, 0.2707303436729094, 0.32983280920155], BATTLES: 295-223-229-371-270-308-346-259-291-
28, 13, -2639.0, [0.9288570673463991, 0.4621180227631922, 0.9976813494718743, 0.32903677067732234, 0.7405607576469435, 0.9832175386241923, 0.3862527269423409, 0.04340405928422793, 0.5645846186115808, 0.8492062719211719, 0.869506925724367, 0.38152465015732445, 0.7198250100716007, 0.5425951280450948, 0.07006484763021634, 0.42422869133455887, 0.0867110069002408, 0.480333131110654, 0.6826784132748083, 0.4555681849191957, 0.8503120118391515, 0.08044574255990031, 0.018373627538628475, 0.41129438759950065, 0.1728204444042952, 0.500557151457177, 0.4840837528397637, 0.21953051971887527], BATTLES: 281-202-246-378-305-310-324-233-296-
28, 14, -2643.0, [0.9043539528183006, 0.4246501375314155, 0.8630562312907935, 0.5524758452425158, 0.7497456223642022, 0.9660047022903353, 0.37388209385481863, 0.021118805159434616, 0.4709676904686238, 0.9678220298005917, 0.8748357955228272, 0.2844998617634708, 0.6494976914343997, 0.5844379179616284, 0.17431966662641948, 0.5376601223127996, 0.1909910118301481, 0.6003939630830388, 0.39511701567123947, 0.3986789320349856, 0.4658620077921989, 0.0691233592205334, 0.000784260742645375, 0.616153203486618, 0.08387531541959631, 0.6883424849003317, 0.3409732081558939, 0.29160303380314095], BATTLES: 296-216-257-373-272-325-357-249-298-
29, 0, -2691.0, [0.8882765349185625, 0.3227304159695429, 0.9914296529219615, 0.056417874746138824, 0.7033693632423844, 0.9553226195322893, 0.5310377185958499, 0.06640041025983329, 0.5850885861389455, 0.8983979499702621, 0.6450386330143905, 0.4670462490705592, 0.6711864681349144, 0.6074752177178687, 0.089621509696586, 0.48716175086127866, 0.15682993971940795, 0.4202225673216763, 0.4017716375510116, 0.4922532981745275, 0.6393716444640892, 0.10254651458286992, 0.022243492404651573, 0.5642073917598619, 0.07889883839119959, 0.5157628850240291, 0.21557998333716988, 0.21218712950007304], BATTLES: 295-211-235-386-276-334-309-256-290-
29, 1, -2599.0, [0.9302924069176781, 0.4247408389291204, 0.8770841998369439, 0.14445415617387086, 0.8140404437003459, 0.9512922214583508, 0.5912917955623543, 0.04653380188805771, 0.5581502510320165, 0.9301030033657203, 0.5964755287966563, 0.3500094586494783, 0.6607684155519956, 0.5846131682483198, 0.12449589296709103, 0.6611072651079881, 0.10582935491540657, 0.45865159436231295, 0.4242477705133798, 0.10330476133894245, 0.6819243355297099, 0.011631524087897005, 0.007558476845965396, 0.6094154622074437, 0.07789027496116716, 0.30724156429695726, 0.5768895665214188, 0.26463046455088596], BATTLES: 276-198-246-363-284-318-341-270-292-
29, 2, -2657.0, [0.9521540817213813, 0.32954093870148937, 0.9154442736202769, 0.36784851959152054, 0.7524156439818895, 0.953006767693968, 0.7164505842421582, 0.023873972392437104, 0.5100427288676816, 0.9391915309895172, 0.6371905862036159, 0.4029732030547019, 0.6786367989736413, 0.7203881908777152, 0.11920738521910643, 0.808705439151911, 0.19818282528385656, 0.47637272927612373, 0.5349405677435943, 0.24070540027020396, 0.7282088789901217, 0.07235676428440706, 0.005781405625220417, 0.7213990213429127, 0.07051284724895081, 0.41787205713521736, 0.4370764555878964, 0.247275714819354], BATTLES: 285-229-244-377-278-329-360-236-319-
29, 3, -2626.0, [0.9057404069231518, 0.279029778616008, 0.9660583667549878, 0.23180720277193106, 0.7402271022711154, 0.9740476581104117, 0.5396647994657363, 0.03671884747569107, 0.4221698808223421, 0.9121764171200608, 0.8232186978615108, 0.2803329151466595, 0.7674827312716157, 0.7457161617297983, 0.01082703713699018, 0.7394945434490727, 0.18303394189463473, 0.5276621004385424, 0.8042061963991938, 0.17084860006124644, 0.8905585840386722, 0.11191479763868971, 0.011260640430213683, 0.4557032862585605, 0.07511054485034548, 0.5558397784514038, 0.4478372115094317, 0.24091676052268532], BATTLES: 298-197-244-350-273-305-328-255-290-
29, 4, -2674.0, [0.903730850604593, 0.30128414730418795, 0.9727017164130323, 0.22916466119989323, 0.7026781249522924, 0.9724080970550804, 0.5270260282079446, 0.07538679541232182, 0.8001699203814839, 0.8970853093433314, 0.8369854925866272, 0.24167642940791612, 0.6127834321871731, 0.5719501910630566, 0.13949509703755766, 0.6281849503818316, 0.05964778252362232, 0.39224024238610433, 0.2526026646748501, 0.6414573154302049, 0.6099461357374274, 0.24858110019784302, 0.011248438193783827, 0.42865695724057606, 0.1713124900316994, 0.3423722626900251, 0.33721445585643345, 0.2014762522139215], BATTLES: 268-182-241-365-294-313-342-252-268-
29, 5, -2625.0, [0.896597546265068, 0.26718478256984923, 0.9830362817979137, 0.3089538951241423, 0.5595962808913053, 0.9846406500627864, 0.3853572651072555, 0.044963545080837344, 0.6202144266788867, 0.878892334298114, 0.9105067247029973, 0.3158153526758339, 0.652953426886787, 0.6707925943197003, 0.12487261597808658, 0.48114712773850893, 0.1604976315324327, 0.26475894598525973, 0.2040784859702386, 0.3779452369691187, 0.6613365160761171, 0.0323662132777298, 0.014855087390309323, 0.49474787608121024, 0.15940270476259796, 0.39869233449333447, 0.23395198438484988, 0.2447845267604343], BATTLES: 289-196-240-376-312-334-320-247-291-
29, 6, -2576.0, [0.9553749687719615, 0.44359071816854184, 0.9098571546585464, 0.45682820420509107, 0.724016599338083, 0.9243541172660731, 0.6326902546784496, 0.0787341985502177, 0.5498483361444793, 0.8914139281692566, 0.9079233466653578, 0.4101302890290237, 0.7946439209470616, 0.7153961896882782, 0.028192209572242888, 0.816801101139648, 0.19960839460570215, 0.36283416833607474, 0.3272854148081493, 0.35062586857445927, 0.9229553507668982, 0.0013706196724098882, 0.019389474207941695, 0.6864969868442985, 0.07969263456036527, 0.21730098437469342, 0.3936580386338713, 0.37782417675694013], BATTLES: 291-203-221-382-283-320-334-275-267-
29, 7, -2636.0, [0.9188173515747808, 0.3424717292711874, 0.9797142940871395, 0.6268259430337527, 0.6958358418905489, 0.9967445257573332, 0.4291535999273898, 0.058093261857120715, 0.4832492203910767, 0.8706307894473222, 0.9800561281859821, 0.423705533171843, 0.7244022173328717, 0.6100005091495248, 0.09994959919548216, 0.6795825406747481, 0.18856822456914193, 0.32848538131175575, 0.3761750220358713, 0.4983165727123059, 0.8273967443251297, 0.08416516912727003, 0.03255854552519913, 0.5670930931268178, 0.17955325424490975, 0.11728142581756351, 0.2558764685458126, 0.34452253413750983], BATTLES: 273-241-233-365-308-322-339-243-312-
29, 8, -2650.0, [0.9102355616195634, 0.452014976572101, 0.9738659142177535, 0.25655351847714025, 0.7272080492785206, 0.9684485673316049, 0.42121067076535035, 0.06254272632773152, 0.440397394178004, 0.9306149224367282, 0.9338872232272377, 0.5127211120165537, 0.6490030942308646, 0.8099260806886209, 0.15282436918304027, 0.654439578081652, 0.23350177606766986, 0.4260906783439434, 0.3194494301191057, 0.5512684468222206, 0.5069606471550933, 0.05716352459068067, 0.02417529775555813, 0.5114243744669628, 0.18211403022843098, 0.5751029184252674, 0.2555871694745221, 0.21563277252522833], BATTLES: 282-222-239-374-304-324-359-273-273-
29, 9, -2691.0, [0.9004742094515377, 0.416642886284841, 0.9860804144285127, 0.29801464897708096, 0.5832563690966829, 0.8471807587999235, 0.3742683891584704, 0.07567535878239569, 0.5730171860093702, 0.8575572384012636, 0.8216412931593147, 0.5178066256689132, 0.5400785068355209, 0.3602469692720859, 0.24079473242686422, 0.6212700703079781, 0.09548140887931128, 0.49650682890375053, 0.09555200446146461, 0.5755330665955791, 0.6980156286339403, 0.21101482930664509, 0.04814807561213583, 0.7031462139032847, 0.12896567853170082, 0.37247166559922373, 0.17052804392971072, 0.3754518348757118], BATTLES: 295-223-256-390-317-315-350-239-292-
29, 10, -2667.0, [0.9488902207859566, 0.3757566491511674, 0.753012728450078, 0.7108916780974183, 0.7804051412178657, 0.9403176894840588, 0.47205286441447597, 0.08763041069941838, 0.3837552497488955, 0.9841358447931975, 0.8532934390933965, 0.4492480936308515, 0.5529139990214577, 0.9321316952444128, 0.1663340804441325, 0.845959940551187, 0.04292517213744132, 0.4008209808705909, 0.21613000932093834, 0.5696170325483512, 0.4717692412017237, 0.20327763672933044, 0.018089057847205485, 0.671284981738867, 0.13982780352930974, 0.3484251512047625, 0.27036514809873313, 0.26876652194289535], BATTLES: 289-180-219-364-263-308-359-303-269-
29, 11, -2767.0, [0.9322204040483081, 0.38817021875905183, 0.9917850283566381, 0.5650883762958765, 0.690816524476584, 0.8771501686065462, 0.5303328344257894, 0.05762383013173134, 0.5832346068413177, 0.918371640901365, 0.7281249612685278, 0.4904039906824706, 0.5640718117067527, 0.537606036660921, 0.29599641864609294, 0.6527974247198899, 0.08962216933624871, 0.5035808721522164, 0.17927796818401437, 0.6522628930351893, 0.6323257007988826, 0.19841323038853895, 0.03515722508194234, 0.5350503900279376, 0.1921390756589547, 0.2790063104874162, 0.15850103991133652, 0.38593120984872925], BATTLES: 318-228-257-393-337-317-365-274-278-
29, 12, -2601.0, [0.8864783328875648, 0.32765809935919615, 0.8184627051998885, 0.07210543780806215, 0.7622327512719871, 0.9476286266192108, 0.523945380757279, 0.0092761009128771, 0.5526679012456256, 0.8847329043033728, 0.47392910253623777, 0.4961597832023208, 0.6537618731068442, 0.727887305052921, 0.1247979528656695, 0.6255950636420367, 0.1458273042432101, 0.7084909590154138, 0.6597992064300205, 0.11891993210816199, 0.5452326193825278, 0.08527821803304877, 0.0009398001728881688, 0.8005021959951371, 0.08796935451266036, 0.25188983029987977, 0.2707303436729094, 0.32983280920155], BATTLES: 303-211-232-383-281-293-333-262-303-
29, 13, -2666.0, [0.9288570673463991, 0.4621180227631922, 0.9976813494718743, 0.32903677067732234, 0.7405607576469435, 0.9832175386241923, 0.3862527269423409, 0.04340405928422793, 0.5645846186115808, 0.8492062719211719, 0.869506925724367, 0.38152465015732445, 0.7198250100716007, 0.5425951280450948, 0.07006484763021634, 0.42422869133455887, 0.0867110069002408, 0.480333131110654, 0.6826784132748083, 0.4555681849191957, 0.8503120118391515, 0.08044574255990031, 0.018373627538628475, 0.41129438759950065, 0.1728204444042952, 0.500557151457177, 0.4840837528397637, 0.21953051971887527], BATTLES: 302-209-262-352-308-342-334-239-318-
29, 14, -2573.0, [0.9043539528183006, 0.4246501375314155, 0.8630562312907935, 0.5524758452425158, 0.7497456223642022, 0.9660047022903353, 0.37388209385481863, 0.021118805159434616, 0.4709676904686238, 0.9678220298005917, 0.8748357955228272, 0.2844998617634708, 0.6494976914343997, 0.5844379179616284, 0.17431966662641948, 0.5376601223127996, 0.1909910118301481, 0.6003939630830388, 0.39511701567123947, 0.3986789320349856, 0.4658620077921989, 0.0691233592205334, 0.000784260742645375, 0.616153203486618, 0.08387531541959631, 0.6883424849003317, 0.3409732081558939, 0.29160303380314095], BATTLES: 279-216-246-377-278-314-340-250-273-
30, 0, -2687.0, [0.8882765349185625, 0.38198773635347205, 0.9957148264609808, 0.056417874746138824, 0.6829914552570924, 0.9130366378109683, 0.44537866925426584, 0.06640041025983329, 0.5878332030654202, 0.9145376011523414, 0.7645201897675983, 0.5383945055327076, 0.6265403836909959, 0.6558284770104996, 0.089621509696586, 0.48716175086127866, 0.15682993971940795, 0.36186603928524197, 0.4017716375510116, 0.7352098227537396, 0.5703844584163056, 0.14665372728921783, 0.04292776370080129, 0.32782573000335546, 0.1922549408777691, 0.47695028725178173, 0.21557998333716988, 0.21218712950007304], BATTLES: 289-207-244-363-306-334-317-242-295-
30, 1, -2524.0, [0.9302924069176781, 0.4247408389291204, 0.8770841998369439, 0.14445415617387086, 0.8140404437003459, 0.9512922214583508, 0.5912917955623543, 0.04653380188805771, 0.5581502510320165, 0.9301030033657203, 0.5964755287966563, 0.3500094586494783, 0.6607684155519956, 0.5846131682483198, 0.12449589296709103, 0.6611072651079881, 0.10582935491540657, 0.45865159436231295, 0.4242477705133798, 0.10330476133894245, 0.6819243355297099, 0.011631524087897005, 0.007558476845965396, 0.6094154622074437, 0.07789027496116716, 0.30724156429695726, 0.5768895665214188, 0.26463046455088596], BATTLES: 278-200-215-363-254-317-352-258-287-
30, 2, -2594.0, [0.9521540817213813, 0.32954093870148937, 0.9577221368101385, 0.36784851959152054, 0.7531977926225434, 0.9047350239758174, 0.6265480352699817, 0.046272724886771185, 0.5100427288676816, 0.932483959815012, 0.574810860026221, 0.4182450810078431, 0.6786367989736413, 0.5855335321140356, 0.11920738521910643, 0.6335869128380615, 0.17084397883853703, 0.40809222671414513, 0.25077903079503566, 0.24070540027020396, 0.7282088789901217, 0.07235676428440706, 0.005781405625220417, 0.46426904957732085, 0.07051284724895081, 0.41787205713521736, 0.39375751285127375, 0.247275714819354], BATTLES: 294-216-220-375-255-311-305-281-304-
30, 3, -2556.0, [0.9057404069231518, 0.279029778616008, 0.9660583667549878, 0.23180720277193106, 0.7402271022711154, 0.9740476581104117, 0.5396647994657363, 0.03671884747569107, 0.4221698808223421, 0.9121764171200608, 0.8232186978615108, 0.2803329151466595, 0.7674827312716157, 0.7457161617297983, 0.01082703713699018, 0.7394945434490727, 0.18303394189463473, 0.5276621004385424, 0.8042061963991938, 0.17084860006124644, 0.8905585840386722, 0.11191479763868971, 0.011260640430213683, 0.4557032862585605, 0.07511054485034548, 0.5558397784514038, 0.4478372115094317, 0.24091676052268532], BATTLES: 300-224-235-352-278-325-326-241-275-
30, 4, -2733.0, [0.903730850604593, 0.30128414730418795, 0.9727017164130323, 0.22916466119989323, 0.7026781249522924, 0.9724080970550804, 0.5270260282079446, 0.07538679541232182, 0.8001699203814839, 0.8970853093433314, 0.8369854925866272, 0.24167642940791612, 0.6127834321871731, 0.5719501910630566, 0.13949509703755766, 0.6281849503818316, 0.05964778252362232, 0.39224024238610433, 0.2526026646748501, 0.6414573154302049, 0.6099461357374274, 0.24858110019784302, 0.011248438193783827, 0.42865695724057606, 0.1713124900316994, 0.3423722626900251, 0.33721445585643345, 0.2014762522139215], BATTLES: 282-227-260-378-314-347-342-245-338-
30, 5, -2620.0, [0.896597546265068, 0.26718478256984923, 0.9830362817979137, 0.209214543584079, 0.5892250823382149, 0.9776386422141446, 0.4162394715362182, 0.0630880361225276, 0.7230593734926526, 0.8772698081434663, 0.8383597822984925, 0.3158153526758339, 0.6559155845179211, 0.6257208831496947, 0.12487261597808658, 0.41961118754167104, 0.16286146371452095, 0.26475894598525973, 0.15772322589123738, 0.3779452369691187, 0.6505038991270309, 0.10819928936006365, 0.014855087390309323, 0.49474787608121024, 0.15863167670534273, 0.41480266810445826, 0.23395198438484988, 0.17609219721086883], BATTLES: 275-189-250-390-294-305-346-255-291-
30, 6, -2673.0, [0.9553749687719615, 0.44359071816854184, 0.9098571546585464, 0.45682820420509107, 0.724016599338083, 0.9243541172660731, 0.6326902546784496, 0.0787341985502177, 0.5498483361444793, 0.8914139281692566, 0.9079233466653578, 0.4101302890290237, 0.7946439209470616, 0.7153961896882782, 0.028192209572242888, 0.816801101139648, 0.19960839460570215, 0.36283416833607474, 0.3272854148081493, 0.35062586857445927, 0.9229553507668982, 0.0013706196724098882, 0.019389474207941695, 0.6864969868442985, 0.07969263456036527, 0.21730098437469342, 0.3936580386338713, 0.37782417675694013], BATTLES: 305-218-245-375-286-325-329-288-302-
30, 7, -2683.0, [0.9188173515747808, 0.3424717292711874, 0.9797142940871395, 0.6268259430337527, 0.6958358418905489, 0.9967445257573332, 0.4291535999273898, 0.058093261857120715, 0.4832492203910767, 0.8706307894473222, 0.9800561281859821, 0.423705533171843, 0.7244022173328717, 0.6100005091495248, 0.09994959919548216, 0.6795825406747481, 0.18856822456914193, 0.32848538131175575, 0.3761750220358713, 0.4983165727123059, 0.8273967443251297, 0.08416516912727003, 0.03255854552519913, 0.5670930931268178, 0.17955325424490975, 0.11728142581756351, 0.2558764685458126, 0.34452253413750983], BATTLES: 290-223-254-377-293-318-346-268-314-
30, 8, -2701.0, [0.9102355616195634, 0.452014976572101, 0.9738659142177535, 0.7139064744180506, 0.7272080492785206, 0.9684485673316049, 0.42121067076535035, 0.06254272632773152, 0.440397394178004, 0.9623599432037463, 0.9338872232272377, 0.5127211120165537, 0.5516958391685908, 0.8099260806886209, 0.15282436918304027, 0.654439578081652, 0.1388389793059281, 0.4260906783439434, 0.15972471505955285, 0.8000455168882792, 0.4906343760561227, 0.22841113567221297, 0.02417529775555813, 0.5114243744669628, 0.2179711875375911, 0.34991538790020027, 0.12499242080761386, 0.21563277252522833], BATTLES: 284-221-254-379-309-314-342-283-283-
30, 9, -2627.0, [0.9004742094515377, 0.416642886284841, 0.9930402072142563, 0.29801464897708096, 0.5832563690966829, 0.8471807587999235, 0.3742683891584704, 0.08022505624022373, 0.5730171860093702, 0.8575572384012636, 0.8216412931593147, 0.5178066256689132, 0.46832868097350555, 0.3602469692720859, 0.24079473242686422, 0.5736688892101389, 0.09548140887931128, 0.49650682890375053, 0.09555200446146461, 0.7634380898288542, 0.6010127723372354, 0.21101482930664509, 0.04900764264136574, 0.7031462139032847, 0.15929145134713804, 0.37247166559922373, 0.17052804392971072, 0.3754518348757118], BATTLES: 295-213-242-361-273-296-361-292-284-
30, 10, -2689.0, [0.9488902207859566, 0.3757566491511674, 0.753012728450078, 0.7108916780974183, 0.7804051412178657, 0.9472307850692062, 0.47205286441447597, 0.08763041069941838, 0.3837552497488955, 0.9841358447931975, 0.8532934390933965, 0.4492480936308515, 0.5529139990214577, 0.9321316952444128, 0.1663340804441325, 0.8110551425379814, 0.04292517213744132, 0.4008209808705909, 0.21613000932093834, 0.5696170325483512, 0.4717692412017237, 0.20327763672933044, 0.018089057847205485, 0.4435699168678864, 0.13982780352930974, 0.3484251512047625, 0.27036514809873313, 0.3400322964166271], BATTLES: 286-208-227-382-296-330-357-296-283-
30, 11, -2695.0, [0.9322204040483081, 0.38817021875905183, 0.9917850283566381, 0.5650883762958765, 0.690816524476584, 0.8771501686065462, 0.5303328344257894, 0.05762383013173134, 0.5832346068413177, 0.918371640901365, 0.7281249612685278, 0.4904039906824706, 0.5640718117067527, 0.537606036660921, 0.29599641864609294, 0.6527974247198899, 0.08962216933624871, 0.5035808721522164, 0.17927796818401437, 0.6522628930351893, 0.6323257007988826, 0.19841323038853895, 0.03515722508194234, 0.5350503900279376, 0.1921390756589547, 0.2790063104874162, 0.15850103991133652, 0.38593120984872925], BATTLES: 288-209-253-378-329-308-360-273-297-
30, 12, -2625.0, [0.8864783328875648, 0.32765809935919615, 0.8184627051998885, 0.07210543780806215, 0.7622327512719871, 0.9476286266192108, 0.523945380757279, 0.0092761009128771, 0.5526679012456256, 0.8847329043033728, 0.47392910253623777, 0.4961597832023208, 0.6537618731068442, 0.727887305052921, 0.1247979528656695, 0.6255950636420367, 0.1458273042432101, 0.7084909590154138, 0.6597992064300205, 0.11891993210816199, 0.5452326193825278, 0.08527821803304877, 0.0009398001728881688, 0.8005021959951371, 0.08796935451266036, 0.25188983029987977, 0.2707303436729094, 0.32983280920155], BATTLES: 290-204-254-366-284-310-354-271-292-
30, 13, -2572.0, [0.9288570673463991, 0.4621180227631922, 0.9976813494718743, 0.32903677067732234, 0.7405607576469435, 0.9832175386241923, 0.3862527269423409, 0.04340405928422793, 0.5645846186115808, 0.8492062719211719, 0.869506925724367, 0.38152465015732445, 0.7198250100716007, 0.5425951280450948, 0.07006484763021634, 0.42422869133455887, 0.0867110069002408, 0.480333131110654, 0.6826784132748083, 0.4555681849191957, 0.8503120118391515, 0.08044574255990031, 0.018373627538628475, 0.41129438759950065, 0.1728204444042952, 0.500557151457177, 0.4840837528397637, 0.21953051971887527], BATTLES: 303-226-229-333-281-328-347-252-273-
30, 14, -2629.0, [0.9043539528183006, 0.4246501375314155, 0.8630562312907935, 0.5524758452425158, 0.7497456223642022, 0.9660047022903353, 0.37388209385481863, 0.021118805159434616, 0.4709676904686238, 0.9678220298005917, 0.8748357955228272, 0.2844998617634708, 0.6494976914343997, 0.5844379179616284, 0.17431966662641948, 0.5376601223127996, 0.1909910118301481, 0.6003939630830388, 0.39511701567123947, 0.3986789320349856, 0.4658620077921989, 0.0691233592205334, 0.000784260742645375, 0.616153203486618, 0.08387531541959631, 0.6883424849003317, 0.3409732081558939, 0.29160303380314095], BATTLES: 286-212-252-384-285-324-350-265-271-
31, 0, -2685.0, [0.8882765349185625, 0.38198773635347205, 0.9957148264609808, 0.056417874746138824, 0.6829914552570924, 0.9130366378109683, 0.44537866925426584, 0.06640041025983329, 0.5878332030654202, 0.9145376011523414, 0.7645201897675983, 0.5383945055327076, 0.6265403836909959, 0.6558284770104996, 0.089621509696586, 0.48716175086127866, 0.15682993971940795, 0.36186603928524197, 0.4017716375510116, 0.7352098227537396, 0.5703844584163056, 0.14665372728921783, 0.04292776370080129, 0.32782573000335546, 0.1922549408777691, 0.47695028725178173, 0.21557998333716988, 0.21218712950007304], BATTLES: 303-214-236-363-310-308-345-281-325-
31, 1, -2628.0, [0.9302924069176781, 0.4247408389291204, 0.8770841998369439, 0.20613750041439605, 0.8140404437003459, 0.9798573739220738, 0.5912917955623543, 0.08741611111364417, 0.6971384310270041, 0.962527477449497, 0.5964755287966563, 0.3500094586494783, 0.5716472947846184, 0.5978636317579032, 0.12449589296709103, 0.6611072651079881, 0.052914677457703285, 0.45865159436231295, 0.4242477705133798, 0.6131999497640914, 0.6819243355297099, 0.2903418455077208, 0.0075398633767771815, 0.22827732101309728, 0.1277937192733558, 0.30724156429695726, 0.5768895665214188, 0.25460718021552037], BATTLES: 272-219-242-365-274-287-355-280-273-
31, 2, -2616.0, [0.9521540817213813, 0.32954093870148937, 0.9577221368101385, 0.36784851959152054, 0.7531977926225434, 0.9047350239758174, 0.6265480352699817, 0.046272724886771185, 0.5100427288676816, 0.932483959815012, 0.574810860026221, 0.4182450810078431, 0.6786367989736413, 0.5855335321140356, 0.11920738521910643, 0.6335869128380615, 0.17084397883853703, 0.40809222671414513, 0.25077903079503566, 0.24070540027020396, 0.7282088789901217, 0.07235676428440706, 0.005781405625220417, 0.46426904957732085, 0.07051284724895081, 0.41787205713521736, 0.39375751285127375, 0.247275714819354], BATTLES: 299-201-227-373-267-295-336-318-300-
31, 3, -2602.0, [0.9057404069231518, 0.279029778616008, 0.9660583667549878, 0.23180720277193106, 0.7569099397773646, 0.9989118105407712, 0.5396647994657363, 0.03671884747569107, 0.43164827982036486, 0.9382721041217714, 0.8807668899528543, 0.2803329151466595, 0.6123618802235965, 0.779105643863047, 0.08466636691968454, 0.6771148606671211, 0.18303394189463473, 0.47484444799062114, 0.8042061963991938, 0.17084860006124644, 0.8905585840386722, 0.2246308693533422, 0.011260640430213683, 0.4557032862585605, 0.1608393970434502, 0.5558397784514038, 0.4478372115094317, 0.24091676052268532], BATTLES: 307-226-242-343-269-315-310-287-294-
31, 4, -2668.0, [0.9078601833115648, 0.30190130353772676, 0.9727017164130323, 0.22916466119989323, 0.7026781249522924, 0.9862040485275402, 0.5850747232488405, 0.07538679541232182, 0.7760163096776942, 0.8970853093433314, 0.7353243046427949, 0.28898361409996526, 0.6127834321871731, 0.5995630671465287, 0.13949509703755766, 0.7104322395244365, 0.12292146026945322, 0.5635089441606388, 0.3489959956626184, 0.4198055939268067, 0.6099461357374274, 0.2558740007194079, 0.0076652210396719045, 0.528428298543246, 0.1713124900316994, 0.18559754573146256, 0.33721445585643345, 0.2713729991776379], BATTLES: 298-207-251-372-299-338-320-221-295-
31, 5, -2639.0, [0.896597546265068, 0.26718478256984923, 0.9830362817979137, 0.209214543584079, 0.5892250823382149, 0.9776386422141446, 0.4162394715362182, 0.0630880361225276, 0.7230593734926526, 0.8772698081434663, 0.8383597822984925, 0.3158153526758339, 0.6559155845179211, 0.6257208831496947, 0.12487261597808658, 0.41961118754167104, 0.16286146371452095, 0.26475894598525973, 0.15772322589123738, 0.3779452369691187, 0.6505038991270309, 0.10819928936006365, 0.014855087390309323, 0.49474787608121024, 0.15863167670534273, 0.41480266810445826, 0.23395198438484988, 0.17609219721086883], BATTLES: 280-187-254-374-302-339-327-275-301-
31, 6, -2570.0, [0.9553749687719615, 0.44359071816854184, 0.9098571546585464, 0.45682820420509107, 0.724016599338083, 0.9243541172660731, 0.6326902546784496, 0.0787341985502177, 0.5498483361444793, 0.8914139281692566, 0.9079233466653578, 0.4101302890290237, 0.7946439209470616, 0.7153961896882782, 0.028192209572242888, 0.816801101139648, 0.19960839460570215, 0.36283416833607474, 0.3272854148081493, 0.35062586857445927, 0.9229553507668982, 0.0013706196724098882, 0.019389474207941695, 0.6864969868442985, 0.07969263456036527, 0.21730098437469342, 0.3936580386338713, 0.37782417675694013], BATTLES: 282-211-253-358-266-292-351-279-278-
31, 7, -2596.0, [0.9188173515747808, 0.3424717292711874, 0.9797142940871395, 0.6268259430337527, 0.6958358418905489, 0.9967445257573332, 0.4291535999273898, 0.058093261857120715, 0.4832492203910767, 0.8706307894473222, 0.9800561281859821, 0.423705533171843, 0.7244022173328717, 0.6100005091495248, 0.09994959919548216, 0.6795825406747481, 0.18856822456914193, 0.32848538131175575, 0.3761750220358713, 0.4983165727123059, 0.8273967443251297, 0.08416516912727003, 0.03255854552519913, 0.5670930931268178, 0.17955325424490975, 0.11728142581756351, 0.2558764685458126, 0.34452253413750983], BATTLES: 310-187-254-376-294-309-321-242-303-
31, 8, -2707.0, [0.9102355616195634, 0.452014976572101, 0.9738659142177535, 0.7139064744180506, 0.7272080492785206, 0.9684485673316049, 0.42121067076535035, 0.06254272632773152, 0.440397394178004, 0.9623599432037463, 0.9338872232272377, 0.5127211120165537, 0.5516958391685908, 0.8099260806886209, 0.15282436918304027, 0.654439578081652, 0.1388389793059281, 0.4260906783439434, 0.15972471505955285, 0.8000455168882792, 0.4906343760561227, 0.22841113567221297, 0.02417529775555813, 0.5114243744669628, 0.2179711875375911, 0.34991538790020027, 0.12499242080761386, 0.21563277252522833], BATTLES: 291-227-269-384-315-331-337-258-295-
31, 9, -2655.0, [0.9004742094515377, 0.416642886284841, 0.9930402072142563, 0.29801464897708096, 0.5832563690966829, 0.8471807587999235, 0.3742683891584704, 0.08022505624022373, 0.5730171860093702, 0.8575572384012636, 0.8216412931593147, 0.5178066256689132, 0.46832868097350555, 0.3602469692720859, 0.24079473242686422, 0.5736688892101389, 0.09548140887931128, 0.49650682890375053, 0.09555200446146461, 0.7634380898288542, 0.6010127723372354, 0.21101482930664509, 0.04900764264136574, 0.7031462139032847, 0.15929145134713804, 0.37247166559922373, 0.17052804392971072, 0.3754518348757118], BATTLES: 330-236-232-370-292-305-360-266-264-
31, 10, -2651.0, [0.9488902207859566, 0.3757566491511674, 0.753012728450078, 0.7108916780974183, 0.7804051412178657, 0.9472307850692062, 0.47205286441447597, 0.08763041069941838, 0.3837552497488955, 0.9841358447931975, 0.8532934390933965, 0.4492480936308515, 0.5529139990214577, 0.9321316952444128, 0.1663340804441325, 0.8110551425379814, 0.04292517213744132, 0.4008209808705909, 0.21613000932093834, 0.5696170325483512, 0.4717692412017237, 0.20327763672933044, 0.018089057847205485, 0.4435699168678864, 0.13982780352930974, 0.3484251512047625, 0.27036514809873313, 0.3400322964166271], BATTLES: 281-231-228-377-288-323-360-294-269-
31, 11, -2709.0, [0.9322204040483081, 0.38817021875905183, 0.9917850283566381, 0.5650883762958765, 0.690816524476584, 0.8771501686065462, 0.5303328344257894, 0.05762383013173134, 0.5832346068413177, 0.918371640901365, 0.7281249612685278, 0.4904039906824706, 0.5640718117067527, 0.537606036660921, 0.29599641864609294, 0.6527974247198899, 0.08962216933624871, 0.5035808721522164, 0.17927796818401437, 0.6522628930351893, 0.6323257007988826, 0.19841323038853895, 0.03515722508194234, 0.5350503900279376, 0.1921390756589547, 0.2790063104874162, 0.15850103991133652, 0.38593120984872925], BATTLES: 297-214-260-377-327-312-351-284-287-
31, 12, -2607.0, [0.8931849578128923, 0.32765809935919615, 0.8728242625473326, 0.2698455896612631, 0.7622327512719871, 0.9603544583172335, 0.5058538109004044, 0.0092761009128771, 0.5263163621948739, 0.8847329043033728, 0.47392910253623777, 0.5260837239869323, 0.6058007313993681, 0.727887305052921, 0.1247979528656695, 0.5982184811402074, 0.1458273042432101, 0.6361877373019703, 0.6597992064300205, 0.11891993210816199, 0.5125529449259727, 0.1906015189140473, 0.0009398001728881688, 0.6053157945702874, 0.08796935451266036, 0.25188983029987977, 0.2707303436729094, 0.2727680791385947], BATTLES: 302-207-211-377-291-323-332-234-310-
31, 13, -2588.0, [0.9246325162941507, 0.4270506037375119, 0.9988406747359371, 0.47142679106256064, 0.5610112678523269, 0.9832175386241923, 0.3501062994679434, 0.06310016794060402, 0.5645846186115808, 0.8935749162793959, 0.9347534628621835, 0.43794068509961903, 0.6897083165136169, 0.5431366279989982, 0.05251937365344485, 0.35102050726948053, 0.17825808378819627, 0.2329035595269193, 0.13414885636365903, 0.7554317504969215, 0.8503120118391515, 0.19277508201767898, 0.0281704317243801, 0.24509432264185588, 0.19962495470926894, 0.500557151457177, 0.34036332057807706, 0.2150364848928277], BATTLES: 270-216-223-367-291-317-333-258-296-
31, 14, -2590.0, [0.9043539528183006, 0.4246501375314155, 0.8630562312907935, 0.5524758452425158, 0.7497456223642022, 0.9660047022903353, 0.37388209385481863, 0.021118805159434616, 0.4709676904686238, 0.9678220298005917, 0.8748357955228272, 0.2844998617634708, 0.6494976914343997, 0.5844379179616284, 0.17431966662641948, 0.5376601223127996, 0.1909910118301481, 0.6003939630830388, 0.39511701567123947, 0.3986789320349856, 0.4658620077921989, 0.0691233592205334, 0.000784260742645375, 0.616153203486618, 0.08387531541959631, 0.6883424849003317, 0.3409732081558939, 0.29160303380314095], BATTLES: 286-197-226-391-297-321-325-248-299-
32, 0, -2691.0, [0.8882765349185625, 0.38198773635347205, 0.9957148264609808, 0.056417874746138824, 0.6829914552570924, 0.9130366378109683, 0.44537866925426584, 0.06640041025983329, 0.5878332030654202, 0.9145376011523414, 0.7645201897675983, 0.5383945055327076, 0.6265403836909959, 0.6558284770104996, 0.089621509696586, 0.48716175086127866, 0.15682993971940795, 0.36186603928524197, 0.4017716375510116, 0.7352098227537396, 0.5703844584163056, 0.14665372728921783, 0.04292776370080129, 0.32782573000335546, 0.1922549408777691, 0.47695028725178173, 0.21557998333716988, 0.21218712950007304], BATTLES: 300-231-240-388-311-320-352-283-266-
32, 1, -2588.0, [0.8836825529170521, 0.5088039660028175, 0.8770841998369439, 0.20613750041439605, 0.8140404437003459, 0.9798573739220738, 0.23916109715584544, 0.08741611111364417, 0.49394717116520936, 0.962527477449497, 0.9914727806098345, 0.38039603705740427, 0.5379277838808254, 0.650143849870685, 0.12449589296709103, 0.4703507110968342, 0.10699474560653839, 0.5214742019005647, 0.4242477705133798, 0.850050591058368, 0.37032856080191, 0.2455816728461068, 0.0155340154977779, 0.22827732101309728, 0.19891362076137234, 0.30724156429695726, 0.2004769926114874, 0.2582840080848023], BATTLES: 277-202-263-344-285-315-308-262-318-
32, 2, -2534.0, [0.9521540817213813, 0.32954093870148937, 0.9577221368101385, 0.36784851959152054, 0.7531977926225434, 0.9047350239758174, 0.6265480352699817, 0.046272724886771185, 0.5100427288676816, 0.932483959815012, 0.574810860026221, 0.4182450810078431, 0.6786367989736413, 0.5855335321140356, 0.11920738521910643, 0.6335869128380615, 0.17084397883853703, 0.40809222671414513, 0.25077903079503566, 0.24070540027020396, 0.7282088789901217, 0.07235676428440706, 0.005781405625220417, 0.46426904957732085, 0.07051284724895081, 0.41787205713521736, 0.39375751285127375, 0.247275714819354], BATTLES: 274-171-210-373-251-290-357-319-289-
32, 3, -2601.0, [0.9031738636786731, 0.24093132395716751, 0.9709794277712298, 0.23180720277193106, 0.7569099397773646, 0.9423630357776529, 0.5488370747832735, 0.03671884747569107, 0.5693387161202594, 0.9382721041217714, 0.799150721387711, 0.34444040030214534, 0.5625368676924223, 0.779105643863047, 0.20285157203197754, 0.6642655715764411, 0.18303394189463473, 0.47484444799062114, 0.2935714910805993, 0.35016232150412546, 0.6871539381251118, 0.2246308693533422, 0.020310024575431043, 0.5279989914771102, 0.16843792819459014, 0.3948234622222749, 0.20827287928157873, 0.2860241991390816], BATTLES: 300-202-233-344-274-292-334-266-287-
32, 4, -2714.0, [0.9078601833115648, 0.30190130353772676, 0.9727017164130323, 0.22916466119989323, 0.7026781249522924, 0.9862040485275402, 0.5850747232488405, 0.07538679541232182, 0.7760163096776942, 0.8970853093433314, 0.7353243046427949, 0.28898361409996526, 0.6127834321871731, 0.5995630671465287, 0.13949509703755766, 0.7104322395244365, 0.12292146026945322, 0.5635089441606388, 0.3489959956626184, 0.4198055939268067, 0.6099461357374274, 0.2558740007194079, 0.0076652210396719045, 0.528428298543246, 0.1713124900316994, 0.18559754573146256, 0.33721445585643345, 0.2713729991776379], BATTLES: 309-215-246-377-316-351-324-264-312-
32, 5, -2614.0, [0.896597546265068, 0.26718478256984923, 0.9830362817979137, 0.209214543584079, 0.5892250823382149, 0.9776386422141446, 0.4162394715362182, 0.0630880361225276, 0.7230593734926526, 0.8772698081434663, 0.8383597822984925, 0.3158153526758339, 0.6559155845179211, 0.6257208831496947, 0.12487261597808658, 0.41961118754167104, 0.16286146371452095, 0.26475894598525973, 0.15772322589123738, 0.3779452369691187, 0.6505038991270309, 0.10819928936006365, 0.014855087390309323, 0.49474787608121024, 0.15863167670534273, 0.41480266810445826, 0.23395198438484988, 0.17609219721086883], BATTLES: 287-216-229-378-316-314-329-270-275-
32, 6, -2607.0, [0.9553749687719615, 0.44359071816854184, 0.9098571546585464, 0.45682820420509107, 0.724016599338083, 0.9243541172660731, 0.6326902546784496, 0.0787341985502177, 0.5498483361444793, 0.8914139281692566, 0.9079233466653578, 0.4101302890290237, 0.7946439209470616, 0.7153961896882782, 0.028192209572242888, 0.816801101139648, 0.19960839460570215, 0.36283416833607474, 0.3272854148081493, 0.35062586857445927, 0.9229553507668982, 0.0013706196724098882, 0.019389474207941695, 0.6864969868442985, 0.07969263456036527, 0.21730098437469342, 0.3936580386338713, 0.37782417675694013], BATTLES: 306-225-255-357-254-281-347-269-313-
32, 7, -2679.0, [0.9188173515747808, 0.3424717292711874, 0.9797142940871395, 0.6268259430337527, 0.6706918201332656, 0.9967445257573332, 0.4652587571987059, 0.058093261857120715, 0.6386815424679324, 0.8753796347505555, 0.8656792106955208, 0.423705533171843, 0.7244022173328717, 0.5034965960783337, 0.1481974093119357, 0.6795825406747481, 0.06791796941271436, 0.5167248793278036, 0.3761750220358713, 0.4983165727123059, 0.6217007378184282, 0.08416516912727003, 0.03255854552519913, 0.5670930931268178, 0.17955325424490975, 0.0688265756426741, 0.24414224035801382, 0.34452253413750983], BATTLES: 295-217-245-373-289-294-316-257-282-
32, 8, -2703.0, [0.9102355616195634, 0.42327602172381446, 0.9738659142177535, 0.8569532372090253, 0.7074742648935122, 0.966065728347518, 0.42121067076535035, 0.06254272632773152, 0.440397394178004, 0.9623599432037463, 0.9669436116136189, 0.5709442787743086, 0.4884178055640723, 0.8099260806886209, 0.15282436918304027, 0.7424137856492649, 0.1388389793059281, 0.39216153921719304, 0.15972471505955285, 0.9000227584441396, 0.4906343760561227, 0.3408496388508594, 0.02417529775555813, 0.5114243744669628, 0.2543098479299176, 0.37407774007952743, 0.06249621040380693, 0.21563277252522833], BATTLES: 293-208-247-399-303-309-317-280-288-
32, 9, -2666.0, [0.9004742094515377, 0.416642886284841, 0.9930402072142563, 0.29801464897708096, 0.5832563690966829, 0.8471807587999235, 0.3742683891584704, 0.08022505624022373, 0.5730171860093702, 0.8575572384012636, 0.8216412931593147, 0.5178066256689132, 0.46832868097350555, 0.3602469692720859, 0.24079473242686422, 0.5736688892101389, 0.09548140887931128, 0.49650682890375053, 0.09555200446146461, 0.7634380898288542, 0.6010127723372354, 0.21101482930664509, 0.04900764264136574, 0.7031462139032847, 0.15929145134713804, 0.37247166559922373, 0.17052804392971072, 0.3754518348757118], BATTLES: 289-196-257-415-289-308-364-271-277-
32, 10, -2606.0, [0.9488902207859566, 0.3757566491511674, 0.753012728450078, 0.7108916780974183, 0.7804051412178657, 0.9472307850692062, 0.47205286441447597, 0.08763041069941838, 0.3837552497488955, 0.9841358447931975, 0.8532934390933965, 0.4492480936308515, 0.5529139990214577, 0.9321316952444128, 0.1663340804441325, 0.8110551425379814, 0.04292517213744132, 0.4008209808705909, 0.21613000932093834, 0.5696170325483512, 0.4717692412017237, 0.20327763672933044, 0.018089057847205485, 0.4435699168678864, 0.13982780352930974, 0.3484251512047625, 0.27036514809873313, 0.3400322964166271], BATTLES: 273-182-246-368-281-331-351-280-294-
32, 11, -2724.0, [0.9429115539555477, 0.38817021875905183, 0.9917850283566381, 0.3664923098173111, 0.6425949595750103, 0.8771501686065462, 0.5303328344257894, 0.10568735136431215, 0.8114813050722216, 0.918371640901365, 0.7281249612685278, 0.4904039906824706, 0.47750466191964946, 0.537606036660921, 0.15014346870496728, 0.6527974247198899, 0.08962216933624871, 0.5035808721522164, 0.08963898409200718, 0.6522628930351893, 0.6323257007988826, 0.3027391119161311, 0.03515722508194234, 0.5350503900279376, 0.2641879873499046, 0.10504932328790403, 0.15850103991133652, 0.18545615668853693], BATTLES: 276-203-247-371-287-324-347-284-305-
32, 12, -2611.0, [0.8931849578128923, 0.32765809935919615, 0.8728242625473326, 0.2698455896612631, 0.7622327512719871, 0.9603544583172335, 0.5058538109004044, 0.0092761009128771, 0.5263163621948739, 0.8847329043033728, 0.47392910253623777, 0.5260837239869323, 0.6058007313993681, 0.727887305052921, 0.1247979528656695, 0.5982184811402074, 0.1458273042432101, 0.6361877373019703, 0.6597992064300205, 0.11891993210816199, 0.5125529449259727, 0.1906015189140473, 0.0009398001728881688, 0.6053157945702874, 0.08796935451266036, 0.25188983029987977, 0.2707303436729094, 0.2727680791385947], BATTLES: 273-215-238-394-268-296-357-283-287-
32, 13, -2599.0, [0.9246325162941507, 0.4270506037375119, 0.9988406747359371, 0.47142679106256064, 0.5610112678523269, 0.9832175386241923, 0.3501062994679434, 0.06310016794060402, 0.5645846186115808, 0.8935749162793959, 0.9347534628621835, 0.43794068509961903, 0.6897083165136169, 0.5431366279989982, 0.05251937365344485, 0.35102050726948053, 0.17825808378819627, 0.2329035595269193, 0.13414885636365903, 0.7554317504969215, 0.8503120118391515, 0.19277508201767898, 0.0281704317243801, 0.24509432264185588, 0.19962495470926894, 0.500557151457177, 0.34036332057807706, 0.2150364848928277], BATTLES: 294-198-243-356-267-319-360-284-278-
32, 14, -2629.0, [0.9043539528183006, 0.4246501375314155, 0.9315281156453967, 0.5524758452425158, 0.7497456223642022, 0.8750888446221298, 0.4667980300510619, 0.021118805159434616, 0.5135673244535981, 0.949445021010907, 0.9361670558152433, 0.49153665174032013, 0.6096963970507693, 0.5844379179616284, 0.27402062999049964, 0.5376601223127996, 0.16674649107266423, 0.6003939630830388, 0.39511701567123947, 0.3986789320349856, 0.6105422235391762, 0.23894127406568913, 0.000784260742645375, 0.616153203486618, 0.16978923077068872, 0.6883424849003317, 0.23365297483402164, 0.29160303380314095], BATTLES: 296-217-241-391-253-297-341-254-260-
33, 0, -2645.0, [0.8955244347856848, 0.38198773635347205, 0.9957148264609808, 0.056417874746138824, 0.6765634206105845, 0.9338788532699819, 0.49860946080468393, 0.06640041025983329, 0.5878332030654202, 0.9145376011523414, 0.7645201897675983, 0.5383945055327076, 0.6265403836909959, 0.7039925131572139, 0.09769851445679074, 0.48716175086127866, 0.13233546991909634, 0.35999053598869446, 0.4017716375510116, 0.788131793041652, 0.5703844584163056, 0.2550784115657152, 0.039548905849342876, 0.32782573000335546, 0.23480325015124345, 0.3045799528273852, 0.21557998333716988, 0.20740997022295074], BATTLES: 312-222-239-355-315-319-322-263-272-
33, 1, -2645.0, [0.9224676118916812, 0.44740310193980837, 0.8770841998369439, 0.017639937435166675, 0.6019362353845404, 0.9823810256764146, 0.3224864931622077, 0.08741611111364417, 0.49394717116520936, 0.9130985447059107, 0.9914727806098345, 0.38039603705740427, 0.5203270677784411, 0.650143849870685, 0.062247946483545515, 0.3797458133246022, 0.16051707691039901, 0.3047432162383545, 0.4242477705133798, 0.8611737271795148, 0.7308201395334517, 0.2455816728461068, 0.0155340154977779, 0.11413866050654864, 0.2535602044353737, 0.30724156429695726, 0.3055386215127752, 0.2582840080848023], BATTLES: 284-245-275-371-311-322-304-233-286-
33, 2, -2637.0, [0.9340098516234512, 0.32954093870148937, 0.9577221368101385, 0.18392425979576027, 0.7531977926225434, 0.9047350239758174, 0.6265480352699817, 0.046272724886771185, 0.5100427288676816, 0.932483959815012, 0.574810860026221, 0.4182450810078431, 0.6786367989736413, 0.433017987368982, 0.11920738521910643, 0.3579025079797844, 0.030275817854406153, 0.4885811637873327, 0.25077903079503566, 0.24070540027020396, 0.7282088789901217, 0.07235676428440706, 0.005781405625220417, 0.46426904957732085, 0.2144703045849205, 0.2249684536575879, 0.36576148768865396, 0.247275714819354], BATTLES: 289-178-201-356-235-317-345-319-276-
33, 3, -2641.0, [0.9031738636786731, 0.24093132395716751, 0.9709794277712298, 0.23180720277193106, 0.7569099397773646, 0.9423630357776529, 0.5488370747832735, 0.03671884747569107, 0.5693387161202594, 0.9382721041217714, 0.799150721387711, 0.34444040030214534, 0.5625368676924223, 0.779105643863047, 0.20285157203197754, 0.6642655715764411, 0.18303394189463473, 0.47484444799062114, 0.2935714910805993, 0.35016232150412546, 0.6871539381251118, 0.2246308693533422, 0.020310024575431043, 0.5279989914771102, 0.16843792819459014, 0.3948234622222749, 0.20827287928157873, 0.2860241991390816], BATTLES: 291-212-258-388-280-349-299-279-285-
33, 4, -2631.0, [0.9078601833115648, 0.30190130353772676, 0.9727017164130323, 0.22916466119989323, 0.7026781249522924, 0.9862040485275402, 0.5850747232488405, 0.07538679541232182, 0.7760163096776942, 0.8970853093433314, 0.7353243046427949, 0.28898361409996526, 0.6127834321871731, 0.5995630671465287, 0.13949509703755766, 0.7104322395244365, 0.12292146026945322, 0.5635089441606388, 0.3489959956626184, 0.4198055939268067, 0.6099461357374274, 0.2558740007194079, 0.0076652210396719045, 0.528428298543246, 0.1713124900316994, 0.18559754573146256, 0.33721445585643345, 0.2713729991776379], BATTLES: 292-220-243-372-322-302-310-251-319-
33, 5, -2583.0, [0.896597546265068, 0.26718478256984923, 0.9830362817979137, 0.209214543584079, 0.5892250823382149, 0.9776386422141446, 0.4162394715362182, 0.0630880361225276, 0.7230593734926526, 0.8772698081434663, 0.8383597822984925, 0.3158153526758339, 0.6559155845179211, 0.6257208831496947, 0.12487261597808658, 0.41961118754167104, 0.16286146371452095, 0.26475894598525973, 0.15772322589123738, 0.3779452369691187, 0.6505038991270309, 0.10819928936006365, 0.014855087390309323, 0.49474787608121024, 0.15863167670534273, 0.41480266810445826, 0.23395198438484988, 0.17609219721086883], BATTLES: 257-194-259-377-304-329-317-264-282-
33, 6, -2609.0, [0.9553749687719615, 0.44359071816854184, 0.9549285773292733, 0.45682820420509107, 0.7136585356615538, 0.9243541172660731, 0.44942607863564693, 0.0787341985502177, 0.5498483361444793, 0.8914139281692566, 0.9079233466653578, 0.4101302890290237, 0.5909063648499195, 0.5239478486828368, 0.028192209572242888, 0.49519529159280984, 0.19960839460570215, 0.5363416777706262, 0.07692560947912391, 0.35062586857445927, 0.9229553507668982, 0.2032831427167092, 0.019389474207941695, 0.6864969868442985, 0.1894859955246315, 0.21730098437469342, 0.3936580386338713, 0.37782417675694013], BATTLES: 279-218-246-354-288-303-326-287-273-
33, 7, -2723.0, [0.9372894804269147, 0.35371786873377725, 0.9898571470435698, 0.6268259430337527, 0.6706918201332656, 0.959855346738777, 0.4989739797191943, 0.09169257719054574, 0.7239508741778083, 0.9233755047528882, 0.9966488139910057, 0.423705533171843, 0.5750503663603269, 0.389012286435498, 0.1481974093119357, 0.4282364033452628, 0.06791796941271436, 0.50141050432724, 0.07854193608317006, 0.4983165727123059, 0.6326510163139243, 0.08416516912727003, 0.03255854552519913, 0.5670930931268178, 0.20748897969176588, 0.0688265756426741, 0.24414224035801382, 0.3100289836188689], BATTLES: 311-205-263-369-311-334-322-258-301-
33, 8, -2670.0, [0.9102355616195634, 0.42327602172381446, 0.8888005003537096, 0.3325046033148406, 0.7554582466622646, 0.9777873524065039, 0.4329282897653345, 0.10226378360866539, 0.6255198383709721, 0.9959264369197008, 0.8903370654526127, 0.5709442787743086, 0.4884178055640723, 0.8099260806886209, 0.15282436918304027, 0.7424137856492649, 0.14188932566825693, 0.39216153921719304, 0.11140831672558846, 0.9000227584441396, 0.4906343760561227, 0.3408496388508594, 0.02417529775555813, 0.3954435893373211, 0.21455521433577984, 0.37407774007952743, 0.056286479615454216, 0.21563277252522833], BATTLES: 296-210-255-399-313-312-315-272-294-
33, 9, -2583.0, [0.9004742094515377, 0.416642886284841, 0.9930402072142563, 0.29801464897708096, 0.5832563690966829, 0.8471807587999235, 0.3742683891584704, 0.08022505624022373, 0.5730171860093702, 0.8575572384012636, 0.8216412931593147, 0.5178066256689132, 0.46832868097350555, 0.3602469692720859, 0.24079473242686422, 0.5736688892101389, 0.09548140887931128, 0.49650682890375053, 0.09555200446146461, 0.7634380898288542, 0.6010127723372354, 0.21101482930664509, 0.04900764264136574, 0.7031462139032847, 0.15929145134713804, 0.37247166559922373, 0.17052804392971072, 0.3754518348757118], BATTLES: 297-213-256-346-275-304-341-273-278-
33, 10, -2630.0, [0.9488902207859566, 0.3757566491511674, 0.753012728450078, 0.7108916780974183, 0.7804051412178657, 0.9472307850692062, 0.47205286441447597, 0.08763041069941838, 0.3837552497488955, 0.9841358447931975, 0.8532934390933965, 0.4492480936308515, 0.5529139990214577, 0.9321316952444128, 0.1663340804441325, 0.8110551425379814, 0.04292517213744132, 0.4008209808705909, 0.21613000932093834, 0.5696170325483512, 0.4717692412017237, 0.20327763672933044, 0.018089057847205485, 0.4435699168678864, 0.13982780352930974, 0.3484251512047625, 0.27036514809873313, 0.3400322964166271], BATTLES: 292-207-247-370-273-298-356-289-298-
33, 11, -2734.0, [0.9429115539555477, 0.38817021875905183, 0.9917850283566381, 0.3664923098173111, 0.6425949595750103, 0.8771501686065462, 0.5303328344257894, 0.10568735136431215, 0.8114813050722216, 0.918371640901365, 0.7281249612685278, 0.4904039906824706, 0.47750466191964946, 0.537606036660921, 0.15014346870496728, 0.6527974247198899, 0.08962216933624871, 0.5035808721522164, 0.08963898409200718, 0.6522628930351893, 0.6323257007988826, 0.3027391119161311, 0.03515722508194234, 0.5350503900279376, 0.2641879873499046, 0.10504932328790403, 0.15850103991133652, 0.18545615668853693], BATTLES: 312-212-254-390-337-320-328-286-295-
33, 12, -2555.0, [0.8931849578128923, 0.32765809935919615, 0.8728242625473326, 0.2698455896612631, 0.7622327512719871, 0.9603544583172335, 0.5058538109004044, 0.0092761009128771, 0.5263163621948739, 0.8847329043033728, 0.47392910253623777, 0.5260837239869323, 0.6058007313993681, 0.727887305052921, 0.1247979528656695, 0.5982184811402074, 0.1458273042432101, 0.6361877373019703, 0.6597992064300205, 0.11891993210816199, 0.5125529449259727, 0.1906015189140473, 0.0009398001728881688, 0.6053157945702874, 0.08796935451266036, 0.25188983029987977, 0.2707303436729094, 0.2727680791385947], BATTLES: 294-187-237-376-259-309-344-251-298-
33, 13, -2575.0, [0.9268973452028381, 0.3877648650457463, 0.9988406747359371, 0.30380811187533807, 0.598309294056091, 0.9895006404643691, 0.3501062994679434, 0.08309938101091796, 0.705019125542399, 0.8935749162793959, 0.9347534628621835, 0.43794068509961903, 0.6244380139015002, 0.5431366279989982, 0.05251937365344485, 0.35102050726948053, 0.12700659897090152, 0.2329035595269193, 0.20493063293977296, 0.6868335050947427, 0.8503120118391515, 0.2589394240204652, 0.03828810017845902, 0.24509432264185588, 0.22376766352466665, 0.10837149019623973, 0.2956699354033915, 0.2150364848928277], BATTLES: 293-190-245-357-257-316-336-279-290-
33, 14, -2604.0, [0.9043539528183006, 0.4246501375314155, 0.9315281156453967, 0.5524758452425158, 0.7497456223642022, 0.8750888446221298, 0.4667980300510619, 0.021118805159434616, 0.5135673244535981, 0.949445021010907, 0.9361670558152433, 0.49153665174032013, 0.6096963970507693, 0.5844379179616284, 0.27402062999049964, 0.5376601223127996, 0.16674649107266423, 0.6003939630830388, 0.39511701567123947, 0.3986789320349856, 0.6105422235391762, 0.23894127406568913, 0.000784260742645375, 0.616153203486618, 0.16978923077068872, 0.6883424849003317, 0.23365297483402164, 0.29160303380314095], BATTLES: 278-216-253-355-276-305-345-284-292-
34, 0, -2665.0, [0.8955244347856848, 0.38198773635347205, 0.9957148264609808, 0.056417874746138824, 0.6765634206105845, 0.9338788532699819, 0.49860946080468393, 0.06640041025983329, 0.5878332030654202, 0.9145376011523414, 0.7645201897675983, 0.5383945055327076, 0.6265403836909959, 0.7039925131572139, 0.09769851445679074, 0.48716175086127866, 0.13233546991909634, 0.35999053598869446, 0.4017716375510116, 0.788131793041652, 0.5703844584163056, 0.2550784115657152, 0.039548905849342876, 0.32782573000335546, 0.23480325015124345, 0.3045799528273852, 0.21557998333716988, 0.20740997022295074], BATTLES: 278-238-265-376-315-317-317-244-315-
34, 1, -2686.0, [0.9224676118916812, 0.44740310193980837, 0.8770841998369439, 0.017639937435166675, 0.6019362353845404, 0.9823810256764146, 0.3224864931622077, 0.08741611111364417, 0.49394717116520936, 0.9130985447059107, 0.9914727806098345, 0.38039603705740427, 0.5203270677784411, 0.650143849870685, 0.062247946483545515, 0.3797458133246022, 0.16051707691039901, 0.3047432162383545, 0.4242477705133798, 0.8611737271795148, 0.7308201395334517, 0.2455816728461068, 0.0155340154977779, 0.11413866050654864, 0.2535602044353737, 0.30724156429695726, 0.3055386215127752, 0.2582840080848023], BATTLES: 277-220-271-369-296-329-335-275-314-
34, 2, -2607.0, [0.9295800452501689, 0.32954093870148937, 0.9577221368101385, 0.18392425979576027, 0.7531977926225434, 0.9047350239758174, 0.6265480352699817, 0.046272724886771185, 0.5953249291863202, 0.9226421739766594, 0.7874054300131105, 0.3466996614014219, 0.6786367989736413, 0.433017987368982, 0.11920738521910643, 0.3579025079797844, 0.030275817854406153, 0.4885811637873327, 0.25077903079503566, 0.24070540027020396, 0.7282088789901217, 0.11271663160026546, 0.005781405625220417, 0.246590801446546, 0.25172531840818146, 0.13743758997050004, 0.36576148768865396, 0.2028665840513764], BATTLES: 291-202-220-358-262-309-364-293-266-
34, 3, -2677.0, [0.9031738636786731, 0.24093132395716751, 0.9709794277712298, 0.23180720277193106, 0.7569099397773646, 0.9423630357776529, 0.5488370747832735, 0.03671884747569107, 0.5693387161202594, 0.9382721041217714, 0.799150721387711, 0.34444040030214534, 0.5625368676924223, 0.779105643863047, 0.20285157203197754, 0.6642655715764411, 0.18303394189463473, 0.47484444799062114, 0.2935714910805993, 0.35016232150412546, 0.6871539381251118, 0.2246308693533422, 0.020310024575431043, 0.5279989914771102, 0.16843792819459014, 0.3948234622222749, 0.20827287928157873, 0.2860241991390816], BATTLES: 308-193-264-385-282-329-337-280-299-
34, 4, -2636.0, [0.9221575979812676, 0.2729213353450105, 0.9800576410167293, 0.25142047256001526, 0.6778600328222204, 0.9862040485275402, 0.5850747232488405, 0.07538679541232182, 0.8610940324254417, 0.9158883179582663, 0.7396899967503394, 0.28872178830010664, 0.6038670392699589, 0.6929004393770976, 0.13949509703755766, 0.5915143789330115, 0.12292146026945322, 0.5635089441606388, 0.3489959956626184, 0.4357975086921668, 0.5984199657769383, 0.2302138888522925, 0.005004760587219112, 0.43588922120584483, 0.22751274716900302, 0.16807027809868266, 0.33721445585643345, 0.14053885621629936], BATTLES: 284-227-240-367-296-322-322-265-302-
34, 5, -2626.0, [0.896597546265068, 0.26718478256984923, 0.9830362817979137, 0.209214543584079, 0.5892250823382149, 0.9776386422141446, 0.4162394715362182, 0.0630880361225276, 0.7230593734926526, 0.8772698081434663, 0.8383597822984925, 0.3158153526758339, 0.6559155845179211, 0.6257208831496947, 0.12487261597808658, 0.41961118754167104, 0.16286146371452095, 0.26475894598525973, 0.15772322589123738, 0.3779452369691187, 0.6505038991270309, 0.10819928936006365, 0.014855087390309323, 0.49474787608121024, 0.15863167670534273, 0.41480266810445826, 0.23395198438484988, 0.17609219721086883], BATTLES: 288-199-239-390-309-318-323-271-289-
34, 6, -2644.0, [0.9553749687719615, 0.41305730810761965, 0.9789458740072767, 0.45682820420509107, 0.7136585356615538, 0.9243541172660731, 0.39510408667580654, 0.10740957060961694, 0.7595548201376288, 0.8925958597012034, 0.9079233466653578, 0.4253409159998709, 0.5909063648499195, 0.5344429658132485, 0.028192209572242888, 0.41634028868750383, 0.1598995451520168, 0.37037913579083337, 0.07692560947912391, 0.35062586857445927, 0.8832237796112083, 0.2032831427167092, 0.019389474207941695, 0.44507607172758157, 0.1894859955246315, 0.06257896127178286, 0.3936580386338713, 0.17914113416579638], BATTLES: 296-188-230-358-256-284-360-300-250-
34, 7, -2573.0, [0.9372894804269147, 0.35371786873377725, 0.9898571470435698, 0.6268259430337527, 0.6706918201332656, 0.959855346738777, 0.4989739797191943, 0.09169257719054574, 0.7239508741778083, 0.9233755047528882, 0.9966488139910057, 0.423705533171843, 0.5750503663603269, 0.389012286435498, 0.1481974093119357, 0.4282364033452628, 0.06791796941271436, 0.50141050432724, 0.07854193608317006, 0.4983165727123059, 0.6326510163139243, 0.08416516912727003, 0.03255854552519913, 0.5670930931268178, 0.20748897969176588, 0.0688265756426741, 0.24414224035801382, 0.3100289836188689], BATTLES: 286-194-248-373-303-289-326-263-291-
34, 8, -2641.0, [0.9102355616195634, 0.42327602172381446, 0.8888005003537096, 0.3325046033148406, 0.7554582466622646, 0.9777873524065039, 0.4329282897653345, 0.10226378360866539, 0.6255198383709721, 0.9959264369197008, 0.8903370654526127, 0.5709442787743086, 0.4884178055640723, 0.8099260806886209, 0.15282436918304027, 0.7424137856492649, 0.14188932566825693, 0.39216153921719304, 0.11140831672558846, 0.9000227584441396, 0.4906343760561227, 0.3408496388508594, 0.02417529775555813, 0.3954435893373211, 0.21455521433577984, 0.37407774007952743, 0.056286479615454216, 0.21563277252522833], BATTLES: 294-224-262-372-316-324-319-253-277-
34, 9, -2615.0, [0.9004742094515377, 0.416642886284841, 0.9930402072142563, 0.29801464897708096, 0.5832563690966829, 0.8471807587999235, 0.3742683891584704, 0.08022505624022373, 0.5730171860093702, 0.8575572384012636, 0.8216412931593147, 0.5178066256689132, 0.46832868097350555, 0.3602469692720859, 0.24079473242686422, 0.5736688892101389, 0.09548140887931128, 0.49650682890375053, 0.09555200446146461, 0.7634380898288542, 0.6010127723372354, 0.21101482930664509, 0.04900764264136574, 0.7031462139032847, 0.15929145134713804, 0.37247166559922373, 0.17052804392971072, 0.3754518348757118], BATTLES: 296-229-263-363-282-276-342-273-291-
34, 10, -2646.0, [0.9355930600397733, 0.3757566491511674, 0.884630156614916, 0.4196661163665384, 0.7804051412178657, 0.908600548200728, 0.47205286441447597, 0.09758386045790564, 0.3837552497488955, 0.9478849254657115, 0.7842973572821321, 0.4492480936308515, 0.5113464343883769, 0.6305885249919274, 0.15740939915422458, 0.571855092191249, 0.02146258606872066, 0.4008209808705909, 0.21613000932093834, 0.615173554850161, 0.5602720880382264, 0.2581033580156374, 0.027497470279479, 0.4435699168678864, 0.28773138310743923, 0.3484251512047625, 0.27036514809873313, 0.254825955586382], BATTLES: 299-199-237-376-280-316-351-285-297-
34, 11, -2664.0, [0.9429115539555477, 0.38817021875905183, 0.9917850283566381, 0.3664923098173111, 0.6425949595750103, 0.8771501686065462, 0.5303328344257894, 0.10568735136431215, 0.8114813050722216, 0.918371640901365, 0.7281249612685278, 0.4904039906824706, 0.47750466191964946, 0.537606036660921, 0.15014346870496728, 0.6527974247198899, 0.08962216933624871, 0.5035808721522164, 0.08963898409200718, 0.6522628930351893, 0.6323257007988826, 0.3027391119161311, 0.03515722508194234, 0.5350503900279376, 0.2641879873499046, 0.10504932328790403, 0.15850103991133652, 0.18545615668853693], BATTLES: 285-208-235-369-329-310-341-282-305-
34, 12, -2677.0, [0.8931849578128923, 0.32765809935919615, 0.8728242625473326, 0.2698455896612631, 0.7622327512719871, 0.8917214793437269, 0.5583999782583731, 0.06416428374752187, 0.7844230663725347, 0.8847329043033728, 0.4929783335754283, 0.5032732049019932, 0.6058007313993681, 0.727887305052921, 0.1247979528656695, 0.5982184811402074, 0.1458273042432101, 0.6145100119948189, 0.4079865412786005, 0.270563180384863, 0.5125529449259727, 0.26393957237364224, 0.018716982973903947, 0.5869722364739057, 0.17545457613789167, 0.25188983029987977, 0.2707303436729094, 0.2727680791385947], BATTLES: 288-197-249-366-268-305-340-271-310-
34, 13, -2629.0, [0.9268973452028381, 0.3877648650457463, 0.9988406747359371, 0.30380811187533807, 0.598309294056091, 0.9895006404643691, 0.3501062994679434, 0.08309938101091796, 0.705019125542399, 0.8935749162793959, 0.9347534628621835, 0.43794068509961903, 0.6244380139015002, 0.5431366279989982, 0.05251937365344485, 0.35102050726948053, 0.12700659897090152, 0.2329035595269193, 0.20493063293977296, 0.6868335050947427, 0.8503120118391515, 0.2589394240204652, 0.03828810017845902, 0.24509432264185588, 0.22376766352466665, 0.10837149019623973, 0.2956699354033915, 0.2150364848928277], BATTLES: 287-206-265-360-308-322-328-267-286-
34, 14, -2540.0, [0.9043539528183006, 0.4246501375314155, 0.9315281156453967, 0.5524758452425158, 0.7497456223642022, 0.8750888446221298, 0.4667980300510619, 0.021118805159434616, 0.5135673244535981, 0.949445021010907, 0.9361670558152433, 0.49153665174032013, 0.6096963970507693, 0.5844379179616284, 0.27402062999049964, 0.5376601223127996, 0.16674649107266423, 0.6003939630830388, 0.39511701567123947, 0.3986789320349856, 0.6105422235391762, 0.23894127406568913, 0.000784260742645375, 0.616153203486618, 0.16978923077068872, 0.6883424849003317, 0.23365297483402164, 0.29160303380314095], BATTLES: 285-196-221-376-253-290-351-281-287-
35, 0, -2657.0, [0.8955244347856848, 0.38198773635347205, 0.9957148264609808, 0.056417874746138824, 0.6765634206105845, 0.9338788532699819, 0.49860946080468393, 0.06640041025983329, 0.5878332030654202, 0.9145376011523414, 0.7645201897675983, 0.5383945055327076, 0.6265403836909959, 0.7039925131572139, 0.09769851445679074, 0.48716175086127866, 0.13233546991909634, 0.35999053598869446, 0.4017716375510116, 0.788131793041652, 0.5703844584163056, 0.2550784115657152, 0.039548905849342876, 0.32782573000335546, 0.23480325015124345, 0.3045799528273852, 0.21557998333716988, 0.20740997022295074], BATTLES: 300-216-229-376-302-333-335-272-294-
35, 1, -2644.0, [0.9224676118916812, 0.44740310193980837, 0.8770841998369439, 0.017639937435166675, 0.6019362353845404, 0.9823810256764146, 0.3224864931622077, 0.08741611111364417, 0.49394717116520936, 0.9130985447059107, 0.9914727806098345, 0.38039603705740427, 0.5203270677784411, 0.650143849870685, 0.062247946483545515, 0.3797458133246022, 0.16051707691039901, 0.3047432162383545, 0.4242477705133798, 0.8611737271795148, 0.7308201395334517, 0.2455816728461068, 0.0155340154977779, 0.11413866050654864, 0.2535602044353737, 0.30724156429695726, 0.3055386215127752, 0.2582840080848023], BATTLES: 264-220-257-360-274-355-332-268-314-
35, 2, -2610.0, [0.9295800452501689, 0.32954093870148937, 0.9577221368101385, 0.18392425979576027, 0.7531977926225434, 0.9047350239758174, 0.6265480352699817, 0.046272724886771185, 0.5953249291863202, 0.9226421739766594, 0.7874054300131105, 0.3466996614014219, 0.6786367989736413, 0.433017987368982, 0.11920738521910643, 0.3579025079797844, 0.030275817854406153, 0.4885811637873327, 0.25077903079503566, 0.24070540027020396, 0.7282088789901217, 0.11271663160026546, 0.005781405625220417, 0.246590801446546, 0.25172531840818146, 0.13743758997050004, 0.36576148768865396, 0.2028665840513764], BATTLES: 286-203-230-383-257-298-361-296-296-
35, 3, -2607.0, [0.9031738636786731, 0.29803004035813035, 0.9709794277712298, 0.23180720277193106, 0.7955130517268743, 0.9423630357776529, 0.5455405435438976, 0.07266808419569715, 0.6509785361215794, 0.9382721041217714, 0.9653291357624637, 0.34444040030214534, 0.5625368676924223, 0.779105643863047, 0.11408508943290988, 0.6194969042610599, 0.2197482846026845, 0.44333671099154537, 0.027676520502637303, 0.23446114214776664, 0.8413012089871543, 0.2246308693533422, 0.01850590210691948, 0.5279989914771102, 0.16843792819459014, 0.3948234622222749, 0.20827287928157873, 0.2860241991390816], BATTLES: 293-211-236-375-273-300-331-250-302-
35, 4, -2619.0, [0.9221575979812676, 0.2729213353450105, 0.9800576410167293, 0.25142047256001526, 0.6778600328222204, 0.9862040485275402, 0.5850747232488405, 0.07538679541232182, 0.8610940324254417, 0.9158883179582663, 0.7396899967503394, 0.28872178830010664, 0.6038670392699589, 0.6929004393770976, 0.13949509703755766, 0.5915143789330115, 0.12292146026945322, 0.5635089441606388, 0.3489959956626184, 0.4357975086921668, 0.5984199657769383, 0.2302138888522925, 0.005004760587219112, 0.43588922120584483, 0.22751274716900302, 0.16807027809868266, 0.33721445585643345, 0.14053885621629936], BATTLES: 282-215-254-375-299-333-320-238-303-
35, 5, -2659.0, [0.896597546265068, 0.26718478256984923, 0.9830362817979137, 0.209214543584079, 0.5892250823382149, 0.9776386422141446, 0.3375252424563624, 0.0630880361225276, 0.7230593734926526, 0.8772698081434663, 0.8383597822984925, 0.3158153526758339, 0.6559155845179211, 0.643501045466997, 0.10925902733577754, 0.41961118754167104, 0.16286146371452095, 0.26475894598525973, 0.3185697958385064, 0.3779452369691187, 0.6505038991270309, 0.1868996190958672, 0.014855087390309323, 0.15962016446110586, 0.15863167670534273, 0.3265411715553158, 0.22318831644277096, 0.14323389695179115], BATTLES: 287-207-261-358-302-304-333-281-299-
35, 6, -2532.0, [0.9553749687719615, 0.41305730810761965, 0.9789458740072767, 0.16657243519283066, 0.7136585356615538, 0.9243541172660731, 0.39510408667580654, 0.08321380368272295, 0.6939454997353641, 0.8925958597012034, 0.8868980449337712, 0.39003318728286346, 0.5229374642184355, 0.6850171529096667, 0.07002279599236313, 0.37363294636088806, 0.20344702082376612, 0.37037913579083337, 0.10097143312840084, 0.35062586857445927, 0.9004585775185636, 0.30715449851089305, 0.019389474207941695, 0.44507607172758157, 0.1894859955246315, 0.06257896127178286, 0.3936580386338713, 0.17914113416579638], BATTLES: 287-208-219-359-267-297-344-273-252-
35, 7, -2688.0, [0.9372894804269147, 0.35371786873377725, 0.9898571470435698, 0.6268259430337527, 0.6706918201332656, 0.959855346738777, 0.4989739797191943, 0.09169257719054574, 0.7239508741778083, 0.9233755047528882, 0.9966488139910057, 0.423705533171843, 0.5750503663603269, 0.389012286435498, 0.1481974093119357, 0.4282364033452628, 0.06791796941271436, 0.50141050432724, 0.07854193608317006, 0.4983165727123059, 0.6326510163139243, 0.08416516912727003, 0.03255854552519913, 0.5670930931268178, 0.20748897969176588, 0.0688265756426741, 0.24414224035801382, 0.3100289836188689], BATTLES: 301-204-287-380-291-341-349-254-281-
35, 8, -2672.0, [0.9102355616195634, 0.42327602172381446, 0.8888005003537096, 0.3325046033148406, 0.7554582466622646, 0.9777873524065039, 0.4329282897653345, 0.10226378360866539, 0.6255198383709721, 0.9959264369197008, 0.8903370654526127, 0.5709442787743086, 0.4884178055640723, 0.8099260806886209, 0.15282436918304027, 0.7424137856492649, 0.14188932566825693, 0.39216153921719304, 0.11140831672558846, 0.9000227584441396, 0.4906343760561227, 0.3408496388508594, 0.02417529775555813, 0.3954435893373211, 0.21455521433577984, 0.37407774007952743, 0.056286479615454216, 0.21563277252522833], BATTLES: 275-204-269-370-334-332-335-237-316-
35, 9, -2596.0, [0.9004742094515377, 0.416642886284841, 0.9930402072142563, 0.29801464897708096, 0.5832563690966829, 0.8471807587999235, 0.3742683891584704, 0.08022505624022373, 0.5730171860093702, 0.8575572384012636, 0.8216412931593147, 0.5178066256689132, 0.46832868097350555, 0.3602469692720859, 0.24079473242686422, 0.5736688892101389, 0.09548140887931128, 0.49650682890375053, 0.09555200446146461, 0.7634380898288542, 0.6010127723372354, 0.21101482930664509, 0.04900764264136574, 0.7031462139032847, 0.15929145134713804, 0.37247166559922373, 0.17052804392971072, 0.3754518348757118], BATTLES: 298-235-243-361-269-310-345-250-285-
35, 10, -2615.0, [0.9355930600397733, 0.2647896150532197, 0.884630156614916, 0.4196661163665384, 0.7804051412178657, 0.9730856206021633, 0.5491859867255143, 0.09883487481531777, 0.7234791270688629, 0.9024144157725017, 0.7842973572821321, 0.4492480936308515, 0.5054066908587825, 0.6305885249919274, 0.15740939915422458, 0.571855092191249, 0.16906966933822656, 0.33113225446462446, 0.10806500466046917, 0.5985691738262138, 0.5602720880382264, 0.24599698485681373, 0.027497470279479, 0.4435699168678864, 0.29290034972261214, 0.3484251512047625, 0.17041492336870367, 0.3164586952517738], BATTLES: 290-194-241-361-298-314-308-301-300-
35, 11, -2657.0, [0.9429115539555477, 0.38817021875905183, 0.9917850283566381, 0.3664923098173111, 0.6425949595750103, 0.8771501686065462, 0.5303328344257894, 0.10568735136431215, 0.8114813050722216, 0.918371640901365, 0.7281249612685278, 0.4904039906824706, 0.47750466191964946, 0.537606036660921, 0.15014346870496728, 0.6527974247198899, 0.08962216933624871, 0.5035808721522164, 0.08963898409200718, 0.6522628930351893, 0.6323257007988826, 0.3027391119161311, 0.03515722508194234, 0.5350503900279376, 0.2641879873499046, 0.10504932328790403, 0.15850103991133652, 0.18545615668853693], BATTLES: 278-203-242-384-327-306-324-293-300-
35, 12, -2670.0, [0.8931849578128923, 0.32765809935919615, 0.8728242625473326, 0.2698455896612631, 0.7622327512719871, 0.8917214793437269, 0.5583999782583731, 0.06416428374752187, 0.7844230663725347, 0.8847329043033728, 0.4929783335754283, 0.5032732049019932, 0.6058007313993681, 0.727887305052921, 0.1247979528656695, 0.5982184811402074, 0.1458273042432101, 0.6145100119948189, 0.4079865412786005, 0.270563180384863, 0.5125529449259727, 0.26393957237364224, 0.018716982973903947, 0.5869722364739057, 0.17545457613789167, 0.25188983029987977, 0.2707303436729094, 0.2727680791385947], BATTLES: 305-208-236-377-292-313-330-283-326-
35, 13, -2609.0, [0.9098186598655247, 0.3877648650457463, 0.9988406747359371, 0.30380811187533807, 0.598309294056091, 0.9895006404643691, 0.3501062994679434, 0.08309938101091796, 0.6541219643117447, 0.8935749162793959, 0.9347534628621835, 0.47729714271234497, 0.6244380139015002, 0.6405957197890111, 0.05251937365344485, 0.336973639972227, 0.12700659897090152, 0.3265253108698747, 0.20493063293977296, 0.6176356537379519, 0.8503120118391515, 0.2589394240204652, 0.03828810017845902, 0.24509432264185588, 0.22376766352466665, 0.16738138032838357, 0.1738452821392594, 0.2402855522913256], BATTLES: 272-205-263-369-262-299-304-274-303-
35, 14, -2618.0, [0.9043539528183006, 0.47487019209104364, 0.9657640578226984, 0.5524758452425158, 0.7497456223642022, 0.8972924754255381, 0.4667980300510619, 0.021118805159434616, 0.6578330543721165, 0.9478118894556422, 0.9680835279076216, 0.4210323817744517, 0.6096963970507693, 0.5844379179616284, 0.27402062999049964, 0.5376601223127996, 0.16674649107266423, 0.29848839559314594, 0.39511701567123947, 0.9993031571618323, 0.7356148509568008, 0.23894127406568913, 0.000784260742645375, 0.616153203486618, 0.3265979629102184, 0.6883424849003317, 0.23365297483402164, 0.29160303380314095], BATTLES: 305-191-235-372-269-290-329-281-297-
36, 0, -2638.0, [0.8955244347856848, 0.38198773635347205, 0.9957148264609808, 0.056417874746138824, 0.6765634206105845, 0.9338788532699819, 0.49860946080468393, 0.06640041025983329, 0.5878332030654202, 0.9145376011523414, 0.7645201897675983, 0.5383945055327076, 0.6265403836909959, 0.7039925131572139, 0.09769851445679074, 0.48716175086127866, 0.13233546991909634, 0.35999053598869446, 0.4017716375510116, 0.788131793041652, 0.5703844584163056, 0.2550784115657152, 0.039548905849342876, 0.32782573000335546, 0.23480325015124345, 0.3045799528273852, 0.21557998333716988, 0.20740997022295074], BATTLES: 311-215-256-369-314-308-306-250-309-
36, 1, -2627.0, [0.9224676118916812, 0.44740310193980837, 0.9385420999184719, 0.5986082629600582, 0.6019362353845404, 0.9823810256764146, 0.3224864931622077, 0.1326361865415891, 0.49394717116520936, 0.9130985447059107, 0.9914727806098345, 0.2737184571424807, 0.5203270677784411, 0.650143849870685, 0.11706043464023602, 0.3797458133246022, 0.10169203484038361, 0.11241074968766795, 0.2121238852566899, 0.8611737271795148, 0.7308201395334517, 0.19903298167128453, 0.03961973379181033, 0.05706933025327432, 0.27270363508373163, 0.17975648425145674, 0.2207333430912826, 0.2582840080848023], BATTLES: 286-216-254-366-275-316-328-266-307-
36, 2, -2542.0, [0.9295800452501689, 0.32954093870148937, 0.9577221368101385, 0.18392425979576027, 0.7531977926225434, 0.9047350239758174, 0.6265480352699817, 0.046272724886771185, 0.5953249291863202, 0.9226421739766594, 0.7874054300131105, 0.3466996614014219, 0.6786367989736413, 0.433017987368982, 0.11920738521910643, 0.3579025079797844, 0.030275817854406153, 0.4885811637873327, 0.25077903079503566, 0.24070540027020396, 0.7282088789901217, 0.11271663160026546, 0.005781405625220417, 0.246590801446546, 0.25172531840818146, 0.13743758997050004, 0.36576148768865396, 0.2028665840513764], BATTLES: 251-196-243-368-265-288-327-308-296-
36, 3, -2638.0, [0.9103485405433551, 0.29803004035813035, 0.9709794277712298, 0.1202041444640212, 0.8864011612718015, 0.9423630357776529, 0.5455405435438976, 0.07266808419569715, 0.6541339320236473, 0.9382721041217714, 0.8324964057358542, 0.34444040030214534, 0.5116414281872758, 0.779105643863047, 0.17707055505886315, 0.6194969042610599, 0.2197482846026845, 0.44333671099154537, 0.027676520502637303, 0.23446114214776664, 0.55885407355399, 0.2246308693533422, 0.008517087105825062, 0.5279989914771102, 0.22711613504840722, 0.3948234622222749, 0.20827287928157873, 0.23669955475556204], BATTLES: 279-178-251-378-266-315-338-271-292-
36, 4, -2643.0, [0.916259768567779, 0.2729213353450105, 0.9204932687514987, 0.25142047256001526, 0.7520895532131113, 0.9862040485275402, 0.46541165873703044, 0.07538679541232182, 0.8610940324254417, 0.9589217992586424, 0.7396899967503394, 0.6436848353075666, 0.38389151984118985, 0.6929004393770976, 0.13949509703755766, 0.5915143789330115, 0.12292146026945322, 0.5635089441606388, 0.3489959956626184, 0.7178987543460834, 0.5984199657769383, 0.44227985591907726, 0.005004760587219112, 0.43588922120584483, 0.2179323995260447, 0.29986675457384804, 0.08478006671794193, 0.14053885621629936], BATTLES: 286-211-249-369-308-313-318-231-297-
36, 5, -2646.0, [0.896597546265068, 0.26718478256984923, 0.9830362817979137, 0.209214543584079, 0.5892250823382149, 0.9776386422141446, 0.3375252424563624, 0.0630880361225276, 0.7230593734926526, 0.8772698081434663, 0.8383597822984925, 0.3158153526758339, 0.6559155845179211, 0.643501045466997, 0.10925902733577754, 0.41961118754167104, 0.16286146371452095, 0.26475894598525973, 0.3185697958385064, 0.3779452369691187, 0.6505038991270309, 0.1868996190958672, 0.014855087390309323, 0.15962016446110586, 0.15863167670534273, 0.3265411715553158, 0.22318831644277096, 0.14323389695179115], BATTLES: 292-190-280-352-303-320-335-278-296-
36, 6, -2543.0, [0.9553749687719615, 0.41305730810761965, 0.9894729370036384, 0.16657243519283066, 0.7136585356615538, 0.8957248189324157, 0.4148297465249362, 0.09006307087240918, 0.6939454997353641, 0.8925958597012034, 0.9030213598507624, 0.39003318728286346, 0.47452723639899785, 0.6850171529096667, 0.2697904964006352, 0.4650586255757856, 0.20344702082376612, 0.37037913579083337, 0.10097143312840084, 0.35062586857445927, 0.49529250854804996, 0.15926967901655872, 0.019389474207941695, 0.44507607172758157, 0.1811102341435858, 0.06257896127178286, 0.3936580386338713, 0.17914113416579638], BATTLES: 286-185-222-368-241-293-344-271-278-
36, 7, -2619.0, [0.8788630743141003, 0.39357083508857726, 0.9898571470435698, 0.2880145779673559, 0.7731224043061579, 0.9799276733693885, 0.43217114508549914, 0.11929051183465897, 0.7239508741778083, 0.9616877523764441, 0.9966488139910057, 0.6730140943209146, 0.4219937337764803, 0.389012286435498, 0.1481974093119357, 0.4282364033452628, 0.06791796941271436, 0.29630911116377073, 0.07854193608317006, 0.749158286356153, 0.1678368206536715, 0.4032343730370107, 0.029647132790547325, 0.19262540845749168, 0.20748897969176588, 0.0688265756426741, 0.12207112017900691, 0.10237139176784371], BATTLES: 300-218-250-378-289-323-305-249-271-
36, 8, -2670.0, [0.9102355616195634, 0.37742411639401463, 0.9444002501768548, 0.3325046033148406, 0.7554582466622646, 0.9777873524065039, 0.4329282897653345, 0.10226378360866539, 0.8127599191854861, 0.9959264369197008, 0.8903370654526127, 0.4858250874007296, 0.4884178055640723, 0.8099260806886209, 0.15282436918304027, 0.3353323161115011, 0.14188932566825693, 0.39216153921719304, 0.11140831672558846, 0.6440138252825457, 0.4906343760561227, 0.3408496388508594, 0.04459710857682055, 0.3954435893373211, 0.21455521433577984, 0.18703887003976372, 0.056286479615454216, 0.22452787900494892], BATTLES: 301-208-264-379-313-337-289-256-277-
36, 9, -2584.0, [0.9004742094515377, 0.416642886284841, 0.9930402072142563, 0.29801464897708096, 0.5832563690966829, 0.8471807587999235, 0.3742683891584704, 0.08022505624022373, 0.5730171860093702, 0.8575572384012636, 0.8216412931593147, 0.5178066256689132, 0.46832868097350555, 0.3602469692720859, 0.24079473242686422, 0.5736688892101389, 0.09548140887931128, 0.49650682890375053, 0.09555200446146461, 0.7634380898288542, 0.6010127723372354, 0.21101482930664509, 0.04900764264136574, 0.7031462139032847, 0.15929145134713804, 0.37247166559922373, 0.17052804392971072, 0.3754518348757118], BATTLES: 311-212-255-364-258-294-337-282-271-
36, 10, -2656.0, [0.9355930600397733, 0.2647896150532197, 0.884630156614916, 0.4196661163665384, 0.7804051412178657, 0.9730856206021633, 0.5491859867255143, 0.09883487481531777, 0.7234791270688629, 0.9024144157725017, 0.7842973572821321, 0.4492480936308515, 0.5054066908587825, 0.6305885249919274, 0.15740939915422458, 0.571855092191249, 0.16906966933822656, 0.33113225446462446, 0.10806500466046917, 0.5985691738262138, 0.5602720880382264, 0.24599698485681373, 0.027497470279479, 0.4435699168678864, 0.29290034972261214, 0.3484251512047625, 0.17041492336870367, 0.3164586952517738], BATTLES: 293-217-258-381-309-348-321-248-281-
36, 11, -2695.0, [0.945032317960365, 0.4092624949863012, 0.9814713571073285, 0.29811579314981157, 0.6425949595750103, 0.8771501686065462, 0.5436134613163651, 0.12483193552260022, 0.8114813050722216, 0.9842134727715874, 0.7281249612685278, 0.4340396565266645, 0.5252615242065906, 0.537606036660921, 0.14848427010184787, 0.5668629959260465, 0.08962216933624871, 0.35587482975423107, 0.04481949204600359, 0.8629911536040697, 0.6745030253380352, 0.3027391119161311, 0.03515722508194234, 0.2508833811202309, 0.2641879873499046, 0.1931943107418433, 0.15440479330735984, 0.18545615668853693], BATTLES: 295-191-233-364-317-344-347-262-296-
36, 12, -2661.0, [0.91165759356514, 0.35209069942782417, 0.8728242625473326, 0.2698455896612631, 0.7325212780611162, 0.9550281680131754, 0.5583999782583731, 0.10615960254159329, 0.7844230663725347, 0.9057234299404445, 0.718026020244774, 0.5032732049019932, 0.6058007313993681, 0.5359834346645586, 0.12891411008773304, 0.48437477845903676, 0.17202202513378378, 0.4462689624186976, 0.4079865412786005, 0.6321503869028048, 0.5271317253406836, 0.26393957237364224, 0.03241279634162512, 0.3523228431820585, 0.17545457613789167, 0.25188983029987977, 0.14293840775918837, 0.2727680791385947], BATTLES: 286-198-243-375-285-312-345-247-297-
36, 13, -2692.0, [0.9620663381399155, 0.3877648650457463, 0.9988406747359371, 0.4763659579203864, 0.598309294056091, 0.944272377796118, 0.4202387091670342, 0.08309938101091796, 0.7717805761042107, 0.9254891989521437, 0.9347534628621835, 0.47729714271234497, 0.5026846213070111, 0.3668785794215773, 0.05251937365344485, 0.336973639972227, 0.12700659897090152, 0.3265253108698747, 0.20493063293977296, 0.7442681093021555, 0.7913314022151782, 0.2589394240204652, 0.03828810017845902, 0.20225348831162143, 0.22376766352466665, 0.16738138032838357, 0.16167255391832785, 0.2402855522913256], BATTLES: 291-212-253-369-277-319-312-278-282-
36, 14, -2658.0, [0.9133067064421677, 0.47487019209104364, 0.9496895121088402, 0.5524758452425158, 0.7497456223642022, 0.8972924754255381, 0.4672139805861444, 0.1178656088891593, 0.6578330543721165, 0.9478118894556422, 0.9263380485431166, 0.5327088108557302, 0.48933307463676295, 0.7448051314912782, 0.27402062999049964, 0.5376601223127996, 0.16674649107266423, 0.29848839559314594, 0.39511701567123947, 0.9993031571618323, 0.7356148509568008, 0.23894127406568913, 0.000784260742645375, 0.616153203486618, 0.3091326462372904, 0.46483735350885635, 0.23365297483402164, 0.29160303380314095], BATTLES: 256-215-255-361-306-316-327-212-307-
37, 0, -2626.0, [0.8955244347856848, 0.38198773635347205, 0.9957148264609808, 0.056417874746138824, 0.6765634206105845, 0.9338788532699819, 0.49860946080468393, 0.06640041025983329, 0.5878332030654202, 0.9145376011523414, 0.7645201897675983, 0.5383945055327076, 0.6265403836909959, 0.7039925131572139, 0.09769851445679074, 0.48716175086127866, 0.13233546991909634, 0.35999053598869446, 0.4017716375510116, 0.788131793041652, 0.5703844584163056, 0.2550784115657152, 0.039548905849342876, 0.32782573000335546, 0.23480325015124345, 0.3045799528273852, 0.21557998333716988, 0.20740997022295074], BATTLES: 285-200-242-388-287-340-319-255-310-
37, 1, -2609.0, [0.9556855887186372, 0.3664886898607702, 0.9180451136505585, 0.40451190645642515, 0.6019362353845404, 0.9459852169055197, 0.42953898321916084, 0.1326361865415891, 0.49394717116520936, 0.9130985447059107, 0.9914727806098345, 0.2737184571424807, 0.38089090772346845, 0.650143849870685, 0.08445842607936159, 0.3797458133246022, 0.10169203484038361, 0.12921696733800794, 0.0499046509611302, 0.8611737271795148, 0.7308201395334517, 0.32968965886862567, 0.03585290480589966, 0.05706933025327432, 0.27270363508373163, 0.17975648425145674, 0.1424895033821711, 0.23114233925860456], BATTLES: 277-220-265-349-253-343-327-251-271-
37, 2, -2620.0, [0.9295800452501689, 0.32954093870148937, 0.9577221368101385, 0.18392425979576027, 0.7531977926225434, 0.9047350239758174, 0.6265480352699817, 0.046272724886771185, 0.5953249291863202, 0.9226421739766594, 0.7874054300131105, 0.3466996614014219, 0.6786367989736413, 0.433017987368982, 0.11920738521910643, 0.3579025079797844, 0.030275817854406153, 0.4885811637873327, 0.25077903079503566, 0.24070540027020396, 0.7282088789901217, 0.11271663160026546, 0.005781405625220417, 0.246590801446546, 0.25172531840818146, 0.13743758997050004, 0.36576148768865396, 0.2028665840513764], BATTLES: 301-195-212-348-273-311-370-299-311-
37, 3, -2552.0, [0.9103485405433551, 0.29803004035813035, 0.9709794277712298, 0.1202041444640212, 0.8864011612718015, 0.9423630357776529, 0.5455405435438976, 0.07266808419569715, 0.6541339320236473, 0.9382721041217714, 0.8324964057358542, 0.34444040030214534, 0.5116414281872758, 0.779105643863047, 0.17707055505886315, 0.6194969042610599, 0.2197482846026845, 0.44333671099154537, 0.027676520502637303, 0.23446114214776664, 0.55885407355399, 0.2246308693533422, 0.008517087105825062, 0.5279989914771102, 0.22711613504840722, 0.3948234622222749, 0.20827287928157873, 0.23669955475556204], BATTLES: 290-186-255-368-280-327-323-254-269-
37, 4, -2602.0, [0.916259768567779, 0.2729213353450105, 0.9204932687514987, 0.25142047256001526, 0.7520895532131113, 0.9862040485275402, 0.46541165873703044, 0.11079340429284276, 0.8610940324254417, 0.9589217992586424, 0.9027055052752948, 0.6436848353075666, 0.38985828746201634, 0.20968018250998122, 0.06152341589286821, 0.5915143789330115, 0.08892273106434356, 0.5635089441606388, 0.3489959956626184, 0.7178987543460834, 0.6597409214645054, 0.44227985591907726, 0.005004760587219112, 0.43588922120584483, 0.26294151469502136, 0.14993337728692402, 0.08478006671794193, 0.14053885621629936], BATTLES: 285-218-245-365-282-322-271-209-302-
37, 5, -2710.0, [0.896597546265068, 0.26718478256984923, 0.9830362817979137, 0.209214543584079, 0.5892250823382149, 0.9776386422141446, 0.3375252424563624, 0.0630880361225276, 0.7230593734926526, 0.8772698081434663, 0.8383597822984925, 0.3158153526758339, 0.6559155845179211, 0.643501045466997, 0.10925902733577754, 0.41961118754167104, 0.16286146371452095, 0.26475894598525973, 0.3185697958385064, 0.3779452369691187, 0.6505038991270309, 0.1868996190958672, 0.014855087390309323, 0.15962016446110586, 0.15863167670534273, 0.3265411715553158, 0.22318831644277096, 0.14323389695179115], BATTLES: 304-206-269-363-288-348-359-256-317-
37, 6, -2685.0, [0.9553749687719615, 0.41305730810761965, 0.9843978342422447, 0.3594524514113245, 0.7136585356615538, 0.8552570183083477, 0.4148297465249362, 0.09006307087240918, 0.6939454997353641, 0.8925958597012034, 0.7920911177104765, 0.39003318728286346, 0.47452723639899785, 0.4797259112456555, 0.19285049554566241, 0.5207199264499698, 0.13125217610742126, 0.37037913579083337, 0.06535635773856313, 0.7120286201288388, 0.5715498404459324, 0.15926967901655872, 0.02939036866111236, 0.44507607172758157, 0.1811102341435858, 0.06257896127178286, 0.15691913064684737, 0.1991610554808394], BATTLES: 276-194-222-357-269-289-330-288-274-
37, 7, -2629.0, [0.8788630743141003, 0.39357083508857726, 0.9365794826593408, 0.4232763983369377, 0.7731224043061579, 0.9799276733693885, 0.4327250020304383, 0.11929051183465897, 0.832257371297357, 0.9206131257226077, 0.8119110140567347, 0.6509768046643867, 0.4219937337764803, 0.23052898309928918, 0.09989228891266244, 0.29297749725121497, 0.07470668112626071, 0.29630911116377073, 0.07854193608317006, 0.9838452056360021, 0.1678368206536715, 0.34050790379200757, 0.04311887601929628, 0.19262540845749168, 0.2214073163114442, 0.0688265756426741, 0.10669631952999684, 0.17685123120593196], BATTLES: 302-197-255-402-336-323-309-233-272-
37, 8, -2671.0, [0.9102355616195634, 0.37742411639401463, 0.9444002501768548, 0.33618211264932807, 0.6497234296249836, 0.9566879276471512, 0.45659143740997266, 0.10226378360866539, 0.8251627700655848, 0.9838783768680566, 0.796430796712351, 0.4858250874007296, 0.4884178055640723, 0.8099260806886209, 0.1683734077145872, 0.3353323161115011, 0.10051596061428111, 0.3289305820429635, 0.11140831672558846, 0.6440138252825457, 0.4906343760561227, 0.27028509069713175, 0.04459710857682055, 0.3954435893373211, 0.22292252867435183, 0.307398047144705, 0.056286479615454216, 0.22452787900494892], BATTLES: 298-210-273-385-299-333-302-250-296-
37, 9, -2599.0, [0.9345775308430666, 0.416642886284841, 0.9621799976366806, 0.18417958300602802, 0.6244490827257143, 0.8971799816345384, 0.4217704203501205, 0.09187570835126069, 0.5730171860093702, 0.9478047723749549, 0.7481286963360751, 0.6214834957608802, 0.2914679300622874, 0.4119679211472338, 0.15487584901180693, 0.3860582139179904, 0.07576991625795293, 0.5340805873308978, 0.1430374118020156, 0.7634380898288542, 0.5786805725500368, 0.44557728684649167, 0.04900764264136574, 0.7031462139032847, 0.21870936117887224, 0.35947090890566624, 0.06657268810245694, 0.17953027793730475], BATTLES: 293-200-261-389-255-304-351-257-271-
37, 10, -2696.0, [0.9355930600397733, 0.2647896150532197, 0.884630156614916, 0.4196661163665384, 0.7804051412178657, 0.9730856206021633, 0.5491859867255143, 0.09883487481531777, 0.7234791270688629, 0.9024144157725017, 0.7842973572821321, 0.4492480936308515, 0.5054066908587825, 0.6305885249919274, 0.15740939915422458, 0.571855092191249, 0.16906966933822656, 0.33113225446462446, 0.10806500466046917, 0.5985691738262138, 0.5602720880382264, 0.24599698485681373, 0.027497470279479, 0.4435699168678864, 0.29290034972261214, 0.3484251512047625, 0.17041492336870367, 0.3164586952517738], BATTLES: 307-210-286-399-312-359-307-235-281-
37, 11, -2698.0, [0.945032317960365, 0.4092624949863012, 0.9490844002481268, 0.18430510303214676, 0.6638885135928525, 0.9114194889686478, 0.582568924349332, 0.10708900970623225, 0.8114813050722216, 0.9921067363857937, 0.7281249612685278, 0.4340396565266645, 0.5252615242065906, 0.537606036660921, 0.14848427010184787, 0.5668629959260465, 0.08962216933624871, 0.35587482975423107, 0.04481949204600359, 0.8629911536040697, 0.5167011824325846, 0.3027391119161311, 0.027187056816084583, 0.24579320369841254, 0.27994934572155944, 0.1931943107418433, 0.07720239665367992, 0.16406771206495555], BATTLES: 290-212-255-384-308-350-316-261-288-
37, 12, -2637.0, [0.91165759356514, 0.4571738188815437, 0.9364121312736663, 0.21456405401159703, 0.6304383318153195, 0.9550281680131754, 0.4804114278507663, 0.17946689151310316, 0.7844230663725347, 0.9057234299404445, 0.718026020244774, 0.3519668986918619, 0.6058007313993681, 0.5359834346645586, 0.2502063905113905, 0.44702683506064494, 0.17202202513378378, 0.4462689624186976, 0.20399327063930026, 0.9730742002558437, 0.5271317253406836, 0.26393957237364224, 0.03241279634162512, 0.3523228431820585, 0.3095065029172557, 0.25188983029987977, 0.14293840775918837, 0.2727680791385947], BATTLES: 276-202-261-381-321-331-308-218-320-
37, 13, -2658.0, [0.9620663381399155, 0.42811716970364694, 0.9988406747359371, 0.4763659579203864, 0.598309294056091, 0.944272377796118, 0.4202387091670342, 0.08309938101091796, 0.7717805761042107, 0.933113163973812, 0.9347534628621835, 0.47729714271234497, 0.5026846213070111, 0.3668785794215773, 0.004227087324814298, 0.336973639972227, 0.12700659897090152, 0.3265253108698747, 0.20493063293977296, 0.7442681093021555, 0.7443533760260895, 0.2589394240204652, 0.05007252294727019, 0.20225348831162143, 0.33062860090375984, 0.16738138032838357, 0.16167255391832785, 0.23703246245700976], BATTLES: 294-198-269-377-268-335-340-256-286-
37, 14, -2650.0, [0.9292010538766672, 0.38609378027579466, 0.9748447560544201, 0.5524758452425158, 0.7497456223642022, 0.8972924754255381, 0.48073078714507905, 0.1178656088891593, 0.6578330543721165, 0.9478118894556422, 0.9263380485431166, 0.5078731950127429, 0.48933307463676295, 0.44026549993085345, 0.17074328319857573, 0.5376601223127996, 0.20547320064855187, 0.27981997403085634, 0.39511701567123947, 0.9993031571618323, 0.8002542615394773, 0.23894127406568913, 0.000784260742645375, 0.43064255802096285, 0.3091326462372904, 0.46483735350885635, 0.15659332999812275, 0.2580367070394307], BATTLES: 270-200-259-372-310-323-318-242-274-
38, 0, -2682.0, [0.8955244347856848, 0.38198773635347205, 0.9957148264609808, 0.056417874746138824, 0.6765634206105845, 0.9338788532699819, 0.49860946080468393, 0.06640041025983329, 0.5878332030654202, 0.9145376011523414, 0.7645201897675983, 0.5383945055327076, 0.6265403836909959, 0.7039925131572139, 0.09769851445679074, 0.48716175086127866, 0.13233546991909634, 0.35999053598869446, 0.4017716375510116, 0.788131793041652, 0.5703844584163056, 0.2550784115657152, 0.039548905849342876, 0.32782573000335546, 0.23480325015124345, 0.3045799528273852, 0.21557998333716988, 0.20740997022295074], BATTLES: 306-227-289-357-278-352-314-264-295-
38, 1, -2652.0, [0.9556855887186372, 0.3664886898607702, 0.9180451136505585, 0.40451190645642515, 0.6019362353845404, 0.9459852169055197, 0.42953898321916084, 0.1326361865415891, 0.49394717116520936, 0.9130985447059107, 0.9914727806098345, 0.2737184571424807, 0.38089090772346845, 0.650143849870685, 0.08445842607936159, 0.3797458133246022, 0.10169203484038361, 0.12921696733800794, 0.0499046509611302, 0.8611737271795148, 0.7308201395334517, 0.32968965886862567, 0.03585290480589966, 0.05706933025327432, 0.27270363508373163, 0.17975648425145674, 0.1424895033821711, 0.23114233925860456], BATTLES: 296-224-273-381-263-313-341-259-302-
38, 2, -2567.0, [0.9295800452501689, 0.3581919788985358, 0.9780703150650533, 0.2808211544489848, 0.6829431906783914, 0.9374821560054499, 0.6265480352699817, 0.07611598304226472, 0.5953249291863202, 0.8815131414981064, 0.847945832172132, 0.3466996614014219, 0.6861965237561765, 0.3092154367816733, 0.09485310459037118, 0.2415020080547205, 0.07174389883906969, 0.4885811637873327, 0.15117050195730794, 0.4388705050370299, 0.7282088789901217, 0.11271663160026546, 0.005781405625220417, 0.0842813522449285, 0.20767792755835782, 0.11682585178823472, 0.30645889830360984, 0.1914047059316725], BATTLES: 274-188-239-344-265-305-363-280-266-
38, 3, -2583.0, [0.9103485405433551, 0.29803004035813035, 0.9709794277712298, 0.1202041444640212, 0.8864011612718015, 0.9423630357776529, 0.5368016882152356, 0.09033394785417727, 0.9764662615871342, 0.9382721041217714, 0.8189550392255, 0.41397422984647936, 0.4900041972343221, 0.779105643863047, 0.17707055505886315, 0.30819161597250766, 0.2197482846026845, 0.3477329369631976, 0.0311893712131854, 0.7091662960857565, 0.55885407355399, 0.2246308693533422, 0.03845485197863635, 0.21858098108910282, 0.37111145689108493, 0.3948234622222749, 0.06656539891924443, 0.23669955475556204], BATTLES: 276-190-234-351-253-309-334-271-283-
38, 4, -2610.0, [0.916259768567779, 0.2729213353450105, 0.9204932687514987, 0.07855863638867036, 0.7520895532131113, 0.9862040485275402, 0.36584453615038043, 0.10200703973584707, 0.8610940324254417, 0.9589217992586424, 0.9027055052752948, 0.44180841790863173, 0.38985828746201634, 0.20968018250998122, 0.11311108244704143, 0.5915143789330115, 0.165572697996673, 0.5635089441606388, 0.15845292376831882, 0.7178987543460834, 0.626580109845892, 0.44227985591907726, 0.005004760587219112, 0.43588922120584483, 0.26294151469502136, 0.14993337728692402, 0.08478006671794193, 0.14053885621629936], BATTLES: 299-195-265-399-332-348-265-204-294-
38, 5, -2632.0, [0.896597546265068, 0.26718478256984923, 0.9830362817979137, 0.209214543584079, 0.5892250823382149, 0.9776386422141446, 0.3375252424563624, 0.0630880361225276, 0.7230593734926526, 0.8772698081434663, 0.8383597822984925, 0.3158153526758339, 0.6559155845179211, 0.643501045466997, 0.10925902733577754, 0.41961118754167104, 0.16286146371452095, 0.26475894598525973, 0.3185697958385064, 0.3779452369691187, 0.6505038991270309, 0.1868996190958672, 0.014855087390309323, 0.15962016446110586, 0.15863167670534273, 0.3265411715553158, 0.22318831644277096, 0.14323389695179115], BATTLES: 284-198-270-371-270-334-327-279-299-
38, 6, -2599.0, [0.9553749687719615, 0.41305730810761965, 0.9843978342422447, 0.3594524514113245, 0.7136585356615538, 0.8552570183083477, 0.369160594106308, 0.09006307087240918, 0.6939454997353641, 0.8925958597012034, 0.7582681771411377, 0.39003318728286346, 0.47452723639899785, 0.4797259112456555, 0.19285049554566241, 0.38167871008816556, 0.13125217610742126, 0.2023909175484395, 0.06535635773856313, 0.7120286201288388, 0.40221408161813277, 0.1922808746273229, 0.02939036866111236, 0.44507607172758157, 0.25494160366438906, 0.10067801440459928, 0.01465428335628613, 0.21237655224479646], BATTLES: 288-194-252-376-267-304-336-258-294-
38, 7, -2682.0, [0.8788630743141003, 0.39357083508857726, 0.9365794826593408, 0.4232763983369377, 0.7731224043061579, 0.9799276733693885, 0.4327250020304383, 0.11929051183465897, 0.832257371297357, 0.9206131257226077, 0.8119110140567347, 0.6509768046643867, 0.4219937337764803, 0.23052898309928918, 0.09989228891266244, 0.29297749725121497, 0.07470668112626071, 0.29630911116377073, 0.07854193608317006, 0.9838452056360021, 0.1678368206536715, 0.34050790379200757, 0.04311887601929628, 0.19262540845749168, 0.2214073163114442, 0.0688265756426741, 0.10669631952999684, 0.17685123120593196], BATTLES: 298-192-291-399-330-344-305-229-294-
38, 8, -2697.0, [0.9102355616195634, 0.37742411639401463, 0.9444002501768548, 0.33618211264932807, 0.6497234296249836, 0.9566879276471512, 0.45659143740997266, 0.10226378360866539, 0.8251627700655848, 0.9838783768680566, 0.796430796712351, 0.4858250874007296, 0.4884178055640723, 0.8099260806886209, 0.1683734077145872, 0.3353323161115011, 0.10051596061428111, 0.3289305820429635, 0.11140831672558846, 0.6440138252825457, 0.4906343760561227, 0.27028509069713175, 0.04459710857682055, 0.3954435893373211, 0.22292252867435183, 0.307398047144705, 0.056286479615454216, 0.22452787900494892], BATTLES: 297-209-277-372-312-359-328-241-302-
38, 9, -2602.0, [0.9345775308430666, 0.3942121962827699, 0.9621799976366806, 0.18417958300602802, 0.5850120719890944, 0.8971799816345384, 0.4217704203501205, 0.09187570835126069, 0.5730171860093702, 0.960852006174056, 0.7481286963360751, 0.5359038167181773, 0.2914679300622874, 0.4119679211472338, 0.13535937173871898, 0.3274377423886451, 0.10443228994824404, 0.5340805873308978, 0.0744913781017463, 0.794178758261125, 0.5786805725500368, 0.3327162350776929, 0.04121188957125756, 0.7031462139032847, 0.2445833661276846, 0.34597262556857195, 0.011479495677364726, 0.10301434535522458], BATTLES: 298-197-258-382-264-320-333-248-299-
38, 10, -2629.0, [0.9355930600397733, 0.2647896150532197, 0.884630156614916, 0.4196661163665384, 0.7804051412178657, 0.9730856206021633, 0.5491859867255143, 0.09883487481531777, 0.7234791270688629, 0.9024144157725017, 0.7842973572821321, 0.4492480936308515, 0.5054066908587825, 0.6305885249919274, 0.15740939915422458, 0.571855092191249, 0.16906966933822656, 0.33113225446462446, 0.10806500466046917, 0.5985691738262138, 0.5602720880382264, 0.24599698485681373, 0.027497470279479, 0.4435699168678864, 0.29290034972261214, 0.3484251512047625, 0.17041492336870367, 0.3164586952517738], BATTLES: 295-221-310-368-275-356-299-236-269-
38, 11, -2643.0, [0.945032317960365, 0.4092624949863012, 0.9490844002481268, 0.18430510303214676, 0.6638885135928525, 0.9114194889686478, 0.582568924349332, 0.10708900970623225, 0.8114813050722216, 0.9921067363857937, 0.7281249612685278, 0.4340396565266645, 0.5252615242065906, 0.537606036660921, 0.14848427010184787, 0.5668629959260465, 0.08962216933624871, 0.35587482975423107, 0.04481949204600359, 0.8629911536040697, 0.5167011824325846, 0.3027391119161311, 0.027187056816084583, 0.24579320369841254, 0.27994934572155944, 0.1931943107418433, 0.07720239665367992, 0.16406771206495555], BATTLES: 295-220-248-376-313-328-337-233-293-
38, 12, -2616.0, [0.91165759356514, 0.41471676560993176, 0.9682060656368332, 0.21456405401159703, 0.5691895829914911, 0.9550281680131754, 0.4228620720156532, 0.11369248023496872, 0.7844230663725347, 0.8675081742430308, 0.718026020244774, 0.3519668986918619, 0.7594028067735022, 0.5359834346645586, 0.2502063905113905, 0.3778929929001737, 0.17202202513378378, 0.4462689624186976, 0.20399327063930026, 0.9730742002558437, 0.5771512768543842, 0.26393957237364224, 0.03241279634162512, 0.3523228431820585, 0.3095065029172557, 0.25188983029987977, 0.2536682875050578, 0.23989113174411106], BATTLES: 270-186-283-378-272-337-297-234-288-
38, 13, -2714.0, [0.9620663381399155, 0.4325727828501259, 0.9988406747359371, 0.25660855020978646, 0.6202831746223334, 0.9383319839688016, 0.4202387091670342, 0.08309938101091796, 0.7717805761042107, 0.9740775514691403, 0.8482980267069058, 0.5179814049822498, 0.5026846213070111, 0.38776658253825175, 0.07324771035770908, 0.336973639972227, 0.12700659897090152, 0.3265253108698747, 0.20493063293977296, 0.8507703333918445, 0.7443533760260895, 0.34540092714285836, 0.05007252294727019, 0.20225348831162143, 0.33062860090375984, 0.2972022918838338, 0.16167255391832785, 0.23703246245700976], BATTLES: 279-218-306-368-284-318-337-262-287-
38, 14, -2620.0, [0.9292010538766672, 0.38609378027579466, 0.9344035181803121, 0.24088550204275566, 0.7497456223642022, 0.8972924754255381, 0.48073078714507905, 0.10934349571708814, 0.8281055908811072, 0.9128814613140004, 0.7661726419958437, 0.5078731950127429, 0.48933307463676295, 0.5761628483614, 0.1735635259225184, 0.5376601223127996, 0.20547320064855187, 0.27981997403085634, 0.39511701567123947, 0.682907373448548, 0.5471432426670635, 0.1975884059280861, 0.000784260742645375, 0.43064255802096285, 0.286574194674834, 0.5212109313538812, 0.1451382566807328, 0.17129338718936793], BATTLES: 303-206-268-368-295-339-295-241-272-
39, 0, -2637.0, [0.8955244347856848, 0.38198773635347205, 0.9957148264609808, 0.056417874746138824, 0.6765634206105845, 0.9338788532699819, 0.49860946080468393, 0.06640041025983329, 0.5878332030654202, 0.9145376011523414, 0.7645201897675983, 0.5383945055327076, 0.6265403836909959, 0.7039925131572139, 0.09769851445679074, 0.48716175086127866, 0.13233546991909634, 0.35999053598869446, 0.4017716375510116, 0.788131793041652, 0.5703844584163056, 0.2550784115657152, 0.039548905849342876, 0.32782573000335546, 0.23480325015124345, 0.3045799528273852, 0.21557998333716988, 0.20740997022295074], BATTLES: 309-217-253-353-299-338-316-249-303-
39, 1, -2574.0, [0.9556855887186372, 0.3664886898607702, 0.9180451136505585, 0.40451190645642515, 0.6019362353845404, 0.9459852169055197, 0.42953898321916084, 0.1326361865415891, 0.49394717116520936, 0.9130985447059107, 0.9914727806098345, 0.2737184571424807, 0.38089090772346845, 0.650143849870685, 0.08445842607936159, 0.3797458133246022, 0.10169203484038361, 0.12921696733800794, 0.0499046509611302, 0.8611737271795148, 0.7308201395334517, 0.32968965886862567, 0.03585290480589966, 0.05706933025327432, 0.27270363508373163, 0.17975648425145674, 0.1424895033821711, 0.23114233925860456], BATTLES: 288-204-249-349-290-331-330-262-271-
39, 2, -2570.0, [0.9295800452501689, 0.3581919788985358, 0.9780703150650533, 0.2808211544489848, 0.6829431906783914, 0.9374821560054499, 0.6265480352699817, 0.07611598304226472, 0.5953249291863202, 0.8815131414981064, 0.847945832172132, 0.3466996614014219, 0.6861965237561765, 0.3092154367816733, 0.09485310459037118, 0.2415020080547205, 0.07174389883906969, 0.4885811637873327, 0.15117050195730794, 0.4388705050370299, 0.7282088789901217, 0.11271663160026546, 0.005781405625220417, 0.0842813522449285, 0.20767792755835782, 0.11682585178823472, 0.30645889830360984, 0.1914047059316725], BATTLES: 266-198-237-361-252-346-343-286-281-
39, 3, -2665.0, [0.9023007441166006, 0.3642164492841533, 0.961495323375453, 0.1202041444640212, 0.8864011612718015, 0.9973534740012433, 0.4101373484398377, 0.08321918780929238, 0.9764662615871342, 0.9227935358365442, 0.881954927465929, 0.41397422984647936, 0.4900041972343221, 0.779105643863047, 0.09219299422751731, 0.17169711840519672, 0.15979559779346206, 0.3027514567371088, 0.14672283853432988, 0.7091662960857565, 0.3800009789137778, 0.2246308693533422, 0.049358286578283866, 0.21858098108910282, 0.3247432309729037, 0.3948234622222749, 0.09296102300122647, 0.23209299047733817], BATTLES: 271-223-249-384-319-333-309-222-273-
39, 4, -2595.0, [0.916259768567779, 0.2787889142158653, 0.9204932687514987, 0.07855863638867036, 0.7520895532131113, 0.99310202426377, 0.36584453615038043, 0.1017829359827677, 0.907103964036573, 0.9794608996293213, 0.9027055052752948, 0.44180841790863173, 0.38985828746201634, 0.20968018250998122, 0.02037510494674241, 0.5915143789330115, 0.165572697996673, 0.5635089441606388, 0.15845292376831882, 0.6938230100095575, 0.6845417067579518, 0.3957068898796045, 0.005004760587219112, 0.43588922120584483, 0.26294151469502136, 0.24264956200583399, 0.08478006671794193, 0.14053885621629936], BATTLES: 274-219-259-373-313-342-285-227-291-
39, 5, -2652.0, [0.896597546265068, 0.26718478256984923, 0.9830362817979137, 0.209214543584079, 0.5892250823382149, 0.9776386422141446, 0.3375252424563624, 0.0630880361225276, 0.7230593734926526, 0.8772698081434663, 0.8383597822984925, 0.3158153526758339, 0.6559155845179211, 0.643501045466997, 0.10925902733577754, 0.41961118754167104, 0.16286146371452095, 0.26475894598525973, 0.3185697958385064, 0.3779452369691187, 0.6505038991270309, 0.1868996190958672, 0.014855087390309323, 0.15962016446110586, 0.15863167670534273, 0.3265411715553158, 0.22318831644277096, 0.14323389695179115], BATTLES: 286-185-296-356-288-339-338-268-296-
39, 6, -2628.0, [0.9457368427216125, 0.41305730810761965, 0.9768400466469777, 0.3594524514113245, 0.6777716875638027, 0.9402132495092397, 0.369160594106308, 0.1368235663982315, 0.8232737610390211, 0.8925958597012034, 0.7582681771411377, 0.39003318728286346, 0.3927316164980835, 0.2511383191446515, 0.19285049554566241, 0.2333155234045678, 0.08188861609177153, 0.2023909175484395, 0.06535635773856313, 0.7752336978238265, 0.40221408161813277, 0.3228535576161232, 0.02939036866111236, 0.44507607172758157, 0.25494160366438906, 0.10067801440459928, 0.01465428335628613, 0.21237655224479646], BATTLES: 301-214-247-396-272-306-346-238-276-
39, 7, -2620.0, [0.8788630743141003, 0.39357083508857726, 0.9365794826593408, 0.4232763983369377, 0.7731224043061579, 0.9799276733693885, 0.4327250020304383, 0.11929051183465897, 0.832257371297357, 0.9206131257226077, 0.8119110140567347, 0.6509768046643867, 0.4219937337764803, 0.23052898309928918, 0.09989228891266244, 0.29297749725121497, 0.07470668112626071, 0.29630911116377073, 0.07854193608317006, 0.9838452056360021, 0.1678368206536715, 0.34050790379200757, 0.04311887601929628, 0.19262540845749168, 0.2214073163114442, 0.0688265756426741, 0.10669631952999684, 0.17685123120593196], BATTLES: 291-213-250-376-319-368-317-200-286-
39, 8, -2707.0, [0.9102355616195634, 0.37742411639401463, 0.996983545544919, 0.33618211264932807, 0.6497234296249836, 0.9252002173274928, 0.45659143740997266, 0.10226378360866539, 0.8251627700655848, 0.9429404590937509, 0.796430796712351, 0.361508997547767, 0.6342221793536733, 0.6584796520501854, 0.13936509543446118, 0.3353323161115011, 0.10051596061428111, 0.3289305820429635, 0.11140831672558846, 0.6100879895654379, 0.4906343760561227, 0.27028509069713175, 0.0475319533289133, 0.3954435893373211, 0.22292252867435183, 0.2870706001415929, 0.056286479615454216, 0.22452787900494892], BATTLES: 287-212-263-367-287-330-343-253-299-
39, 9, -2690.0, [0.9349974572329257, 0.3709356096964327, 0.9137322555227355, 0.3942308831639877, 0.5850120719890944, 0.9391612232413209, 0.43966757496256353, 0.10888346217969709, 0.7225960696377157, 0.960852006174056, 0.7481286963360751, 0.5359038167181773, 0.2914679300622874, 0.4119679211472338, 0.13535937173871898, 0.3274377423886451, 0.07903109216705755, 0.5340805873308978, 0.0744913781017463, 0.8937193110351713, 0.5383753831073481, 0.31361005357920924, 0.04121188957125756, 0.5207004779420513, 0.26511249459929204, 0.34597262556857195, 0.011479495677364726, 0.19665977427790735], BATTLES: 283-198-251-362-284-279-326-247-273-
39, 10, -2643.0, [0.9310598333547032, 0.3539787629770179, 0.9199295485579697, 0.13702195889854754, 0.7742452649197692, 0.9730856206021633, 0.5006373887499714, 0.1062876149221956, 0.7234791270688629, 0.9388897161311993, 0.7101288535062834, 0.4492480936308515, 0.4940072422155999, 0.6068035234370651, 0.21781554377303575, 0.571855092191249, 0.16906966933822656, 0.2947414574286708, 0.3116430055434867, 0.7339136774587071, 0.5509610782140753, 0.27298421343543106, 0.027497470279479, 0.4344018017883674, 0.29290034972261214, 0.5630345703623532, 0.15248864842220833, 0.3164586952517738], BATTLES: 286-194-258-403-270-351-309-247-288-
39, 11, -2713.0, [0.945032317960365, 0.4092624949863012, 0.9490844002481268, 0.18430510303214676, 0.6638885135928525, 0.9114194889686478, 0.582568924349332, 0.10708900970623225, 0.8114813050722216, 0.9921067363857937, 0.7281249612685278, 0.4340396565266645, 0.5252615242065906, 0.537606036660921, 0.14848427010184787, 0.5668629959260465, 0.08962216933624871, 0.35587482975423107, 0.04481949204600359, 0.8629911536040697, 0.5167011824325846, 0.3027391119161311, 0.027187056816084583, 0.24579320369841254, 0.27994934572155944, 0.1931943107418433, 0.07720239665367992, 0.16406771206495555], BATTLES: 289-217-262-414-314-361-314-248-294-
39, 12, -2614.0, [0.91165759356514, 0.41471676560993176, 0.9682060656368332, 0.21456405401159703, 0.5691895829914911, 0.9550281680131754, 0.4228620720156532, 0.11369248023496872, 0.7844230663725347, 0.8675081742430308, 0.718026020244774, 0.3519668986918619, 0.7594028067735022, 0.5359834346645586, 0.2502063905113905, 0.3778929929001737, 0.17202202513378378, 0.4462689624186976, 0.20399327063930026, 0.9730742002558437, 0.5771512768543842, 0.26393957237364224, 0.03241279634162512, 0.3523228431820585, 0.3095065029172557, 0.25188983029987977, 0.2536682875050578, 0.23989113174411106], BATTLES: 316-219-279-357-299-336-287-232-289-
39, 13, -2673.0, [0.9620663381399155, 0.4325727828501259, 0.9988406747359371, 0.25660855020978646, 0.6202831746223334, 0.9383319839688016, 0.4202387091670342, 0.08309938101091796, 0.7717805761042107, 0.9740775514691403, 0.8482980267069058, 0.5179814049822498, 0.5026846213070111, 0.38776658253825175, 0.07324771035770908, 0.336973639972227, 0.12700659897090152, 0.3265253108698747, 0.20493063293977296, 0.8507703333918445, 0.7443533760260895, 0.34540092714285836, 0.05007252294727019, 0.20225348831162143, 0.33062860090375984, 0.2972022918838338, 0.16167255391832785, 0.23703246245700976], BATTLES: 306-208-295-356-292-344-329-240-303-
39, 14, -2676.0, [0.9315939061890687, 0.3335551045173371, 0.9364258918747251, 0.24088550204275566, 0.7497456223642022, 0.985045853792985, 0.48073078714507905, 0.10934349571708814, 0.8281055908811072, 0.9128814613140004, 0.7661726419958437, 0.5183251186259106, 0.4179745141494085, 0.27429072183293424, 0.1735635259225184, 0.5376601223127996, 0.20547320064855187, 0.27981997403085634, 0.3503596806294603, 0.6962203757593246, 0.6344252865261488, 0.1975884059280861, 0.000784260742645375, 0.43064255802096285, 0.31160221776424585, 0.36494949839558843, 0.1451382566807328, 0.18346701522587533], BATTLES: 291-209-255-382-313-330-302-233-303-
40, 0, -2626.0, [0.8955244347856848, 0.38198773635347205, 0.9957148264609808, 0.056417874746138824, 0.6765634206105845, 0.9338788532699819, 0.49860946080468393, 0.06640041025983329, 0.5878332030654202, 0.9145376011523414, 0.7645201897675983, 0.5383945055327076, 0.6265403836909959, 0.7039925131572139, 0.09769851445679074, 0.48716175086127866, 0.13233546991909634, 0.35999053598869446, 0.4017716375510116, 0.788131793041652, 0.5703844584163056, 0.2550784115657152, 0.039548905849342876, 0.32782573000335546, 0.23480325015124345, 0.3045799528273852, 0.21557998333716988, 0.20740997022295074], BATTLES: 304-185-289-361-273-347-320-252-295-
40, 1, -2599.0, [0.9556855887186372, 0.3664886898607702, 0.9180451136505585, 0.40451190645642515, 0.6019362353845404, 0.9459852169055197, 0.42953898321916084, 0.1326361865415891, 0.49394717116520936, 0.9130985447059107, 0.9914727806098345, 0.2737184571424807, 0.38089090772346845, 0.650143849870685, 0.08445842607936159, 0.3797458133246022, 0.10169203484038361, 0.12921696733800794, 0.0499046509611302, 0.8611737271795148, 0.7308201395334517, 0.32968965886862567, 0.03585290480589966, 0.05706933025327432, 0.27270363508373163, 0.17975648425145674, 0.1424895033821711, 0.23114233925860456], BATTLES: 300-192-263-372-263-326-319-270-294-
40, 2, -2612.0, [0.91248796613677, 0.3670798683651347, 0.9657061162043502, 0.3229040992137403, 0.6351626296583127, 0.9374821560054499, 0.6252713772365118, 0.10097284387828012, 0.5953249291863202, 0.9741717426292068, 0.847945832172132, 0.3805622896993416, 0.6854825732242864, 0.42543039664745613, 0.050639569922681066, 0.3541367726921625, 0.07174389883906969, 0.38831317983176517, 0.15117050195730794, 0.8324366405826944, 0.7282088789901217, 0.11271663160026546, 0.03430826007322024, 0.14869481158061307, 0.20767792755835782, 0.2900431289247141, 0.30645889830360984, 0.1914047059316725], BATTLES: 284-198-235-346-286-336-326-253-272-
40, 3, -2653.0, [0.9324665749798013, 0.3642164492841533, 0.961495323375453, 0.2746425963104569, 0.8864011612718015, 0.9973534740012433, 0.4101373484398377, 0.141662278054261, 0.920465808222265, 0.9227935358365442, 0.881954927465929, 0.41397422984647936, 0.6428504787575317, 0.779105643863047, 0.09219299422751731, 0.04030822632903766, 0.06904406129922239, 0.22012191196920985, 0.14672283853432988, 0.8594665378713896, 0.6020359413372462, 0.2246308693533422, 0.049358286578283866, 0.10929049054455141, 0.3247432309729037, 0.22959026910085156, 0.09296102300122647, 0.171578499607727], BATTLES: 265-193-289-394-295-362-308-220-278-
40, 4, -2663.0, [0.916259768567779, 0.31791052731413405, 0.9204932687514987, 0.07855863638867036, 0.7520895532131113, 0.9552534111050965, 0.36584453615038043, 0.1257128115533835, 0.907103964036573, 0.9794608996293213, 0.9027055052752948, 0.44180841790863173, 0.3582338396894039, 0.20968018250998122, 0.05338749215599004, 0.41416445298302496, 0.11711157788918788, 0.425127481207381, 0.03937891962411602, 0.6938230100095575, 0.6845417067579518, 0.43401531336010624, 0.005004760587219112, 0.2603093521062769, 0.26294151469502136, 0.24264956200583399, 0.039525291370560316, 0.14053885621629936], BATTLES: 278-200-287-387-300-373-288-209-301-
40, 5, -2656.0, [0.896597546265068, 0.26718478256984923, 0.9830362817979137, 0.209214543584079, 0.5892250823382149, 0.9776386422141446, 0.3375252424563624, 0.0630880361225276, 0.7230593734926526, 0.8772698081434663, 0.8383597822984925, 0.3158153526758339, 0.6559155845179211, 0.643501045466997, 0.10925902733577754, 0.41961118754167104, 0.16286146371452095, 0.26475894598525973, 0.3185697958385064, 0.3779452369691187, 0.6505038991270309, 0.1868996190958672, 0.014855087390309323, 0.15962016446110586, 0.15863167670534273, 0.3265411715553158, 0.22318831644277096, 0.14323389695179115], BATTLES: 283-192-284-356-274-346-328-262-331-
40, 6, -2662.0, [0.9457368427216125, 0.41305730810761965, 0.9768400466469777, 0.3594524514113245, 0.6777716875638027, 0.9402132495092397, 0.369160594106308, 0.1368235663982315, 0.8232737610390211, 0.8925958597012034, 0.7582681771411377, 0.39003318728286346, 0.3927316164980835, 0.2511383191446515, 0.19285049554566241, 0.2333155234045678, 0.08188861609177153, 0.2023909175484395, 0.06535635773856313, 0.7752336978238265, 0.40221408161813277, 0.3228535576161232, 0.02939036866111236, 0.44507607172758157, 0.25494160366438906, 0.10067801440459928, 0.01465428335628613, 0.21237655224479646], BATTLES: 292-200-268-388-327-345-308-254-280-
40, 7, -2650.0, [0.8788630743141003, 0.3716770567691226, 0.9365794826593408, 0.4232763983369377, 0.7731224043061579, 0.9799276733693885, 0.4327250020304383, 0.11929051183465897, 0.9617972867379907, 0.9206131257226077, 0.8119110140567347, 0.5001908520792834, 0.4235561371879295, 0.5949319782062223, 0.09989228891266244, 0.29297749725121497, 0.08448913748960295, 0.29630911116377073, 0.10236795214697308, 0.9838452056360021, 0.06588897416152839, 0.3296624181160895, 0.04311887601929628, 0.07814935759890287, 0.2214073163114442, 0.37040149745046835, 0.05334815976499842, 0.20338088193575793], BATTLES: 275-204-262-400-318-377-278-225-295-
40, 8, -2658.0, [0.9102355616195634, 0.37742411639401463, 0.996983545544919, 0.33618211264932807, 0.6497234296249836, 0.9252002173274928, 0.45659143740997266, 0.10226378360866539, 0.8251627700655848, 0.9429404590937509, 0.796430796712351, 0.361508997547767, 0.6342221793536733, 0.6584796520501854, 0.13936509543446118, 0.3353323161115011, 0.10051596061428111, 0.3289305820429635, 0.11140831672558846, 0.6100879895654379, 0.4906343760561227, 0.27028509069713175, 0.0475319533289133, 0.3954435893373211, 0.22292252867435183, 0.2870706001415929, 0.056286479615454216, 0.22452787900494892], BATTLES: 297-210-275-394-284-359-308-226-305-
40, 9, -2662.0, [0.9349974572329257, 0.3709356096964327, 0.9137322555227355, 0.3942308831639877, 0.5850120719890944, 0.9391612232413209, 0.43966757496256353, 0.10888346217969709, 0.7225960696377157, 0.960852006174056, 0.7481286963360751, 0.5359038167181773, 0.2914679300622874, 0.4119679211472338, 0.13535937173871898, 0.3274377423886451, 0.07903109216705755, 0.5340805873308978, 0.0744913781017463, 0.8937193110351713, 0.5383753831073481, 0.31361005357920924, 0.04121188957125756, 0.5207004779420513, 0.26511249459929204, 0.34597262556857195, 0.011479495677364726, 0.19665977427790735], BATTLES: 305-231-271-360-289-329-326-239-312-
40, 10, -2628.0, [0.9310598333547032, 0.3539787629770179, 0.9199295485579697, 0.13702195889854754, 0.7742452649197692, 0.9730856206021633, 0.5006373887499714, 0.1062876149221956, 0.7234791270688629, 0.9388897161311993, 0.7101288535062834, 0.4492480936308515, 0.4940072422155999, 0.6068035234370651, 0.21781554377303575, 0.571855092191249, 0.16906966933822656, 0.2947414574286708, 0.3116430055434867, 0.7339136774587071, 0.5509610782140753, 0.27298421343543106, 0.027497470279479, 0.4344018017883674, 0.29290034972261214, 0.5630345703623532, 0.15248864842220833, 0.3164586952517738], BATTLES: 315-173-267-392-306-359-300-232-284-
40, 11, -2695.0, [0.931313983870433, 0.38841950150632487, 0.9490844002481268, 0.09147869062346159, 0.6638885135928525, 0.9581833043113173, 0.49778663052130756, 0.15087315395278197, 0.9534578101394123, 0.9266897613637725, 0.7281249612685278, 0.328207187199598, 0.6543295158577634, 0.5737412591368276, 0.13205137160259808, 0.37161578731882433, 0.09769023300306728, 0.26552608647920606, 0.022409746023001796, 0.8629911536040697, 0.4870333436624276, 0.2990189043090255, 0.027187056816084583, 0.24579320369841254, 0.27994934572155944, 0.1931943107418433, 0.07720239665367992, 0.16406771206495555], BATTLES: 290-214-267-380-313-346-322-228-284-
40, 12, -2650.0, [0.91165759356514, 0.37723568072569125, 0.9682060656368332, 0.21456405401159703, 0.6241271090542934, 0.9550281680131754, 0.5172912718629468, 0.13768058391855983, 0.7844230663725347, 0.8675081742430308, 0.7553593259218953, 0.2840780008797481, 0.7594028067735022, 0.6951585796215405, 0.2502063905113905, 0.5073740908528944, 0.11183884408494203, 0.28552121643733935, 0.20399327063930026, 0.9730742002558437, 0.5358146368576779, 0.26393957237364224, 0.03241279634162512, 0.3523228431820585, 0.26062769494048643, 0.22600926609799643, 0.2536682875050578, 0.23989113174411106], BATTLES: 300-197-291-384-268-339-288-210-298-
40, 13, -2673.0, [0.9620663381399155, 0.4325727828501259, 0.9988406747359371, 0.3453716533546391, 0.675314854964904, 0.9383319839688016, 0.4202387091670342, 0.11305394730918994, 0.8904392626158291, 0.9721463779802924, 0.849397127946355, 0.5826491166130214, 0.5026846213070111, 0.4010850807727488, 0.07324771035770908, 0.28105158150157894, 0.12700659897090152, 0.3265253108698747, 0.20493063293977296, 0.8700424387295214, 0.7443533760260895, 0.34540092714285836, 0.056997859907270215, 0.20225348831162143, 0.24320077414911395, 0.2972022918838338, 0.15341259014300473, 0.20730193655569035], BATTLES: 310-216-272-376-255-359-338-243-300-
40, 14, -2566.0, [0.9188579847287278, 0.2282286325674034, 0.9581270779253915, 0.12044275102137783, 0.7497456223642022, 0.985045853792985, 0.48073078714507905, 0.10934349571708814, 0.8281055908811072, 0.9555816124887895, 0.7661726419958437, 0.34691247789778423, 0.4987779578246391, 0.16984737594159505, 0.0867817629612592, 0.43492073365266726, 0.13203360490653987, 0.27981997403085634, 0.3503596806294603, 0.4252358645036205, 0.6344252865261488, 0.35636966056203623, 0.03605277116912273, 0.2815484471611527, 0.31160221776424585, 0.36494949839558843, 0.0725691283403664, 0.10734791358732701], BATTLES: 288-190-252-390-294-338-303-210-270-
41, 0, -2623.0, [0.8975142861710794, 0.36006644914133545, 0.9574557948331327, 0.09311544614959079, 0.6765634206105845, 0.9857752160277075, 0.49860946080468393, 0.06640041025983329, 0.67948235193609, 0.9158316495132679, 0.7645201897675983, 0.5383945055327076, 0.6265403836909959, 0.5553440791391308, 0.05876734274234821, 0.28587572320965754, 0.10012973153670235, 0.32195811146931547, 0.4017716375510116, 0.8152981115008007, 0.5703844584163056, 0.2550784115657152, 0.039548905849342876, 0.21486723371306604, 0.2278352299880696, 0.2956664363739386, 0.21557998333716988, 0.20740997022295074], BATTLES: 314-213-262-368-270-324-297-251-300-
41, 1, -2613.0, [0.9309992335121638, 0.5007972425114997, 0.9180451136505585, 0.09498712467472886, 0.5796129836493051, 0.9459852169055197, 0.38566147784912086, 0.09451853160987167, 0.49394717116520936, 0.9652524132259753, 0.8728676115005245, 0.2737184571424807, 0.38089090772346845, 0.650143849870685, 0.08445842607936159, 0.3797458133246022, 0.10169203484038361, 0.12921696733800794, 0.3787343099864503, 0.9305868635897574, 0.748147555876949, 0.32968965886862567, 0.060179101439669105, 0.05706933025327432, 0.27270363508373163, 0.23369074809459814, 0.18359069717378892, 0.13376166062676897], BATTLES: 301-193-285-375-254-332-307-272-272-
41, 2, -2575.0, [0.91248796613677, 0.303199247987965, 0.9657061162043502, 0.3229040992137403, 0.6351626296583127, 0.9374821560054499, 0.532032911730459, 0.10097284387828012, 0.5953249291863202, 0.9761776278173455, 0.7657129226018301, 0.4085985643836775, 0.5421770872907875, 0.42543039664745613, 0.025319784961340533, 0.3541367726921625, 0.07174389883906969, 0.38831317983176517, 0.15556300467742412, 0.8324366405826944, 0.7282088789901217, 0.11271663160026546, 0.03430826007322024, 0.14869481158061307, 0.29420084072057984, 0.13575129122578347, 0.30645889830360984, 0.1914047059316725], BATTLES: 293-206-282-343-265-335-302-241-250-
41, 3, -2628.0, [0.9324665749798013, 0.3642164492841533, 0.961495323375453, 0.2746425963104569, 0.8864011612718015, 0.9973534740012433, 0.4101373484398377, 0.141662278054261, 0.920465808222265, 0.9227935358365442, 0.881954927465929, 0.41397422984647936, 0.6428504787575317, 0.779105643863047, 0.09219299422751731, 0.04030822632903766, 0.06904406129922239, 0.22012191196920985, 0.14672283853432988, 0.8594665378713896, 0.6020359413372462, 0.2246308693533422, 0.049358286578283866, 0.10929049054455141, 0.3247432309729037, 0.22959026910085156, 0.09296102300122647, 0.171578499607727], BATTLES: 260-200-262-399-332-378-295-214-288-
41, 4, -2651.0, [0.916259768567779, 0.31791052731413405, 0.9204932687514987, 0.07855863638867036, 0.7520895532131113, 0.9552534111050965, 0.36584453615038043, 0.1257128115533835, 0.907103964036573, 0.9794608996293213, 0.9027055052752948, 0.44180841790863173, 0.3582338396894039, 0.20968018250998122, 0.05338749215599004, 0.41416445298302496, 0.11711157788918788, 0.425127481207381, 0.03937891962411602, 0.6938230100095575, 0.6845417067579518, 0.43401531336010624, 0.005004760587219112, 0.2603093521062769, 0.26294151469502136, 0.24264956200583399, 0.039525291370560316, 0.14053885621629936], BATTLES: 276-195-291-406-311-372-273-233-294-
41, 5, -2582.0, [0.896597546265068, 0.26718478256984923, 0.9830362817979137, 0.209214543584079, 0.5892250823382149, 0.9776386422141446, 0.3375252424563624, 0.0630880361225276, 0.7230593734926526, 0.8772698081434663, 0.8383597822984925, 0.3158153526758339, 0.6559155845179211, 0.643501045466997, 0.10925902733577754, 0.41961118754167104, 0.16286146371452095, 0.26475894598525973, 0.3185697958385064, 0.3779452369691187, 0.6505038991270309, 0.1868996190958672, 0.014855087390309323, 0.15962016446110586, 0.15863167670534273, 0.3265411715553158, 0.22318831644277096, 0.14323389695179115], BATTLES: 288-185-282-361-262-340-329-248-287-
41, 6, -2668.0, [0.9457368427216125, 0.41305730810761965, 0.9768400466469777, 0.3594524514113245, 0.6777716875638027, 0.9402132495092397, 0.369160594106308, 0.1368235663982315, 0.8232737610390211, 0.8925958597012034, 0.7582681771411377, 0.39003318728286346, 0.3927316164980835, 0.2511383191446515, 0.19285049554566241, 0.2333155234045678, 0.08188861609177153, 0.2023909175484395, 0.06535635773856313, 0.7752336978238265, 0.40221408161813277, 0.3228535576161232, 0.02939036866111236, 0.44507607172758157, 0.25494160366438906, 0.10067801440459928, 0.01465428335628613, 0.21237655224479646], BATTLES: 297-182-294-412-287-336-333-235-292-
41, 7, -2635.0, [0.8788630743141003, 0.3716770567691226, 0.9365794826593408, 0.4232763983369377, 0.7731224043061579, 0.9799276733693885, 0.4327250020304383, 0.11929051183465897, 0.9617972867379907, 0.9206131257226077, 0.8119110140567347, 0.5001908520792834, 0.4235561371879295, 0.5949319782062223, 0.09989228891266244, 0.29297749725121497, 0.08448913748960295, 0.29630911116377073, 0.10236795214697308, 0.9838452056360021, 0.06588897416152839, 0.3296624181160895, 0.04311887601929628, 0.07814935759890287, 0.2214073163114442, 0.37040149745046835, 0.05334815976499842, 0.20338088193575793], BATTLES: 280-216-286-383-316-366-292-206-290-
41, 8, -2625.0, [0.9102355616195634, 0.37742411639401463, 0.996983545544919, 0.33618211264932807, 0.6497234296249836, 0.9252002173274928, 0.45659143740997266, 0.10226378360866539, 0.8251627700655848, 0.9429404590937509, 0.796430796712351, 0.361508997547767, 0.6342221793536733, 0.6584796520501854, 0.13936509543446118, 0.3353323161115011, 0.10051596061428111, 0.3289305820429635, 0.11140831672558846, 0.6100879895654379, 0.4906343760561227, 0.27028509069713175, 0.0475319533289133, 0.3954435893373211, 0.22292252867435183, 0.2870706001415929, 0.056286479615454216, 0.22452787900494892], BATTLES: 287-200-282-382-280-345-310-256-283-
41, 9, -2652.0, [0.9349974572329257, 0.3709356096964327, 0.9262588634901463, 0.3942308831639877, 0.5850120719890944, 0.9391612232413209, 0.43966757496256353, 0.10888346217969709, 0.8072727117307867, 0.9368134243214103, 0.7481286963360751, 0.43532664809697075, 0.5411996529641963, 0.4903067190906994, 0.13535937173871898, 0.2191083475937185, 0.07903109216705755, 0.5340805873308978, 0.0744913781017463, 0.8937193110351713, 0.5344238170029989, 0.31361005357920924, 0.03970035137562149, 0.3346525701711848, 0.2498434148503431, 0.34597262556857195, 0.011479495677364726, 0.19665977427790735], BATTLES: 306-192-290-381-284-337-314-219-300-
41, 10, -2613.0, [0.9310598333547032, 0.3539787629770179, 0.9199295485579697, 0.1767073479729938, 0.7742452649197692, 0.9730856206021633, 0.41957329553930506, 0.08955660441980715, 0.7234791270688629, 0.9388897161311993, 0.7967689329388966, 0.4492480936308515, 0.5482394366380267, 0.5874043618808994, 0.21781554377303575, 0.3891161570588526, 0.16906966933822656, 0.2947414574286708, 0.3116430055434867, 0.7641327363716057, 0.5509610782140753, 0.27298421343543106, 0.027497470279479, 0.36036226877757377, 0.29290034972261214, 0.5630345703623532, 0.15248864842220833, 0.3164586952517738], BATTLES: 305-211-275-388-295-353-279-217-283-
41, 11, -2648.0, [0.931313983870433, 0.38841950150632487, 0.9745422001240633, 0.09147869062346159, 0.6638885135928525, 0.9458138019031406, 0.41921497016820075, 0.1319515873026665, 0.9141904938147, 0.9777421360595231, 0.7574755969767283, 0.4867518081273977, 0.6543295158577634, 0.5737412591368276, 0.13304989067391348, 0.37161578731882433, 0.09769023300306728, 0.2808597769427903, 0.022409746023001796, 0.8629911536040697, 0.4870333436624276, 0.2990189043090255, 0.027187056816084583, 0.24579320369841254, 0.27994934572155944, 0.39172713537476755, 0.11351953114822819, 0.19100727249351013], BATTLES: 293-203-272-368-314-377-296-233-283-
41, 12, -2623.0, [0.91165759356514, 0.37723568072569125, 0.9682060656368332, 0.21456405401159703, 0.6241271090542934, 0.9550281680131754, 0.5172912718629468, 0.13768058391855983, 0.7844230663725347, 0.8675081742430308, 0.7553593259218953, 0.2840780008797481, 0.7594028067735022, 0.6951585796215405, 0.2502063905113905, 0.5073740908528944, 0.11183884408494203, 0.28552121643733935, 0.20399327063930026, 0.9730742002558437, 0.5358146368576779, 0.26393957237364224, 0.03241279634162512, 0.3523228431820585, 0.26062769494048643, 0.22600926609799643, 0.2536682875050578, 0.23989113174411106], BATTLES: 290-217-292-364-296-358-297-223-286-
41, 13, -2652.0, [0.9620663381399155, 0.4325727828501259, 0.9988406747359371, 0.3453716533546391, 0.675314854964904, 0.9383319839688016, 0.4202387091670342, 0.11305394730918994, 0.8904392626158291, 0.9721463779802924, 0.849397127946355, 0.5826491166130214, 0.5026846213070111, 0.4010850807727488, 0.07324771035770908, 0.28105158150157894, 0.12700659897090152, 0.3265253108698747, 0.20493063293977296, 0.8700424387295214, 0.7443533760260895, 0.34540092714285836, 0.056997859907270215, 0.20225348831162143, 0.24320077414911395, 0.2972022918838338, 0.15341259014300473, 0.20730193655569035], BATTLES: 277-216-282-374-310-371-290-229-303-
41, 14, -2658.0, [0.9188579847287278, 0.36620962597507706, 0.9581270779253915, 0.1708642907079964, 0.6427310864606757, 0.9945109532798905, 0.45173103620720195, 0.10934349571708814, 0.953412126846905, 0.9555816124887895, 0.7963344668329088, 0.34691247789778423, 0.4987779578246391, 0.16984737594159505, 0.05003073457472554, 0.22133381632612165, 0.05671719759934987, 0.3014591415481531, 0.0044313493085785804, 0.4252358645036205, 0.6344252865261488, 0.35636966056203623, 0.06766409474627945, 0.10519523966358907, 0.2615116926940754, 0.36494949839558843, 0.08118675461779758, 0.10734791358732701], BATTLES: 296-188-272-380-296-348-281-215-291-
42, 0, -2625.0, [0.8975142861710794, 0.36006644914133545, 0.9574557948331327, 0.09311544614959079, 0.6765634206105845, 0.9857752160277075, 0.49860946080468393, 0.06640041025983329, 0.67948235193609, 0.9158316495132679, 0.7645201897675983, 0.5383945055327076, 0.6265403836909959, 0.5553440791391308, 0.05876734274234821, 0.28587572320965754, 0.10012973153670235, 0.32195811146931547, 0.4017716375510116, 0.8152981115008007, 0.5703844584163056, 0.2550784115657152, 0.039548905849342876, 0.21486723371306604, 0.2278352299880696, 0.2956664363739386, 0.21557998333716988, 0.20740997022295074], BATTLES: 293-196-290-385-295-342-309-222-293-
42, 1, -2544.0, [0.9309992335121638, 0.43944611897164715, 0.9178123355630871, 0.09498712467472886, 0.5796129836493051, 0.9201649689579536, 0.38566147784912086, 0.15457132342764976, 0.8205028466925325, 0.9824200164306902, 0.8728676115005245, 0.34715201234495924, 0.38089090772346845, 0.650143849870685, 0.0918784783720788, 0.3797458133246022, 0.1177481605331686, 0.12921696733800794, 0.3787343099864503, 0.9525229579346073, 0.748147555876949, 0.5170813238928765, 0.060179101439669105, 0.1014421878804748, 0.308555835828888, 0.2559857571619747, 0.09179534858689446, 0.06527156207774282], BATTLES: 307-209-267-382-260-317-317-225-241-
42, 2, -2632.0, [0.91248796613677, 0.303199247987965, 0.9657061162043502, 0.3229040992137403, 0.6332823113069355, 0.9374821560054499, 0.532032911730459, 0.10097284387828012, 0.5953249291863202, 0.9761776278173455, 0.7657129226018301, 0.32281685503381025, 0.5587298233795405, 0.42543039664745613, 0.025319784961340533, 0.3541367726921625, 0.07174389883906969, 0.28546106126095233, 0.10224641914114295, 0.6878694401260005, 0.7282088789901217, 0.11271663160026546, 0.03430826007322024, 0.14869481158061307, 0.29420084072057984, 0.22532609152600525, 0.15565506831880602, 0.1914047059316725], BATTLES: 297-189-271-363-294-352-299-244-273-
42, 3, -2618.0, [0.9324665749798013, 0.3423810615346757, 0.961495323375453, 0.2746425963104569, 0.8864011612718015, 0.9986767370006217, 0.39595550450049266, 0.09771306357737387, 0.9919356470570624, 0.9227935358365442, 0.7259635357725235, 0.41397422984647936, 0.6428504787575317, 0.4441142817046122, 0.09575226457127471, 0.0638542267289773, 0.033719292003568005, 0.2899000622979522, 0.07336141926716494, 0.8594665378713896, 0.4448018774658092, 0.2246308693533422, 0.049358286578283866, 0.05537549979632161, 0.3247432309729037, 0.39889584472716716, 0.09296102300122647, 0.171578499607727], BATTLES: 261-216-270-392-322-356-299-210-270-
42, 4, -2673.0, [0.9413924333838076, 0.37156308655633863, 0.9204932687514987, 0.2903134932505238, 0.7520895532131113, 0.9552534111050965, 0.36584453615038043, 0.1257128115533835, 0.9535519820182865, 0.9794608996293213, 0.9027055052752948, 0.44180841790863173, 0.6520710326560679, 0.20968018250998122, 0.05338749215599004, 0.41416445298302496, 0.10946185660621169, 0.14844567069927883, 0.061887494170033246, 0.6938230100095575, 0.6845417067579518, 0.2854748290085813, 0.0640206182993329, 0.13015467605313846, 0.26294151469502136, 0.24264956200583399, 0.1468666422592586, 0.14053885621629936], BATTLES: 260-201-267-391-298-351-299-237-281-
42, 5, -2604.0, [0.896597546265068, 0.26718478256984923, 0.9830362817979137, 0.209214543584079, 0.5892250823382149, 0.9776386422141446, 0.3375252424563624, 0.0630880361225276, 0.7230593734926526, 0.8772698081434663, 0.8383597822984925, 0.3158153526758339, 0.6559155845179211, 0.643501045466997, 0.10925902733577754, 0.41961118754167104, 0.16286146371452095, 0.26475894598525973, 0.3185697958385064, 0.3779452369691187, 0.6505038991270309, 0.1868996190958672, 0.014855087390309323, 0.15962016446110586, 0.15863167670534273, 0.3265411715553158, 0.22318831644277096, 0.14323389695179115], BATTLES: 285-204-264-380-257-327-302-289-296-
42, 6, -2618.0, [0.9457368427216125, 0.41305730810761965, 0.9768400466469777, 0.3594524514113245, 0.6777716875638027, 0.9402132495092397, 0.369160594106308, 0.1368235663982315, 0.8232737610390211, 0.8925958597012034, 0.7582681771411377, 0.39003318728286346, 0.3927316164980835, 0.2511383191446515, 0.19285049554566241, 0.2333155234045678, 0.08188861609177153, 0.2023909175484395, 0.06535635773856313, 0.7752336978238265, 0.40221408161813277, 0.3228535576161232, 0.02939036866111236, 0.44507607172758157, 0.25494160366438906, 0.10067801440459928, 0.01465428335628613, 0.21237655224479646], BATTLES: 278-190-251-378-320-348-310-252-291-
42, 7, -2635.0, [0.8788630743141003, 0.3716770567691226, 0.9365794826593408, 0.4232763983369377, 0.7731224043061579, 0.9799276733693885, 0.4327250020304383, 0.11929051183465897, 0.9617972867379907, 0.9206131257226077, 0.8119110140567347, 0.5001908520792834, 0.4235561371879295, 0.5949319782062223, 0.09989228891266244, 0.29297749725121497, 0.08448913748960295, 0.29630911116377073, 0.10236795214697308, 0.9838452056360021, 0.06588897416152839, 0.3296624181160895, 0.04311887601929628, 0.07814935759890287, 0.2214073163114442, 0.37040149745046835, 0.05334815976499842, 0.20338088193575793], BATTLES: 274-212-279-387-314-358-276-224-311-
42, 8, -2620.0, [0.9102355616195634, 0.37742411639401463, 0.996983545544919, 0.33618211264932807, 0.6497234296249836, 0.9252002173274928, 0.45659143740997266, 0.10226378360866539, 0.8251627700655848, 0.9429404590937509, 0.796430796712351, 0.361508997547767, 0.6342221793536733, 0.6584796520501854, 0.13936509543446118, 0.3353323161115011, 0.10051596061428111, 0.3289305820429635, 0.11140831672558846, 0.6100879895654379, 0.4906343760561227, 0.27028509069713175, 0.0475319533289133, 0.3954435893373211, 0.22292252867435183, 0.2870706001415929, 0.056286479615454216, 0.22452787900494892], BATTLES: 297-189-262-378-296-333-309-244-312-
42, 9, -2669.0, [0.9349974572329257, 0.3709356096964327, 0.9262588634901463, 0.3942308831639877, 0.5850120719890944, 0.9391612232413209, 0.43966757496256353, 0.10888346217969709, 0.8072727117307867, 0.9368134243214103, 0.7481286963360751, 0.43532664809697075, 0.5411996529641963, 0.4903067190906994, 0.13535937173871898, 0.2191083475937185, 0.07903109216705755, 0.5340805873308978, 0.0744913781017463, 0.8937193110351713, 0.5344238170029989, 0.31361005357920924, 0.03970035137562149, 0.3346525701711848, 0.2498434148503431, 0.34597262556857195, 0.011479495677364726, 0.19665977427790735], BATTLES: 298-207-275-391-294-361-315-239-289-
42, 10, -2638.0, [0.9310598333547032, 0.3539787629770179, 0.9199295485579697, 0.1767073479729938, 0.7742452649197692, 0.9730856206021633, 0.41957329553930506, 0.08955660441980715, 0.7234791270688629, 0.9388897161311993, 0.7967689329388966, 0.4492480936308515, 0.5482394366380267, 0.5874043618808994, 0.21781554377303575, 0.3891161570588526, 0.16906966933822656, 0.2947414574286708, 0.3116430055434867, 0.7641327363716057, 0.5509610782140753, 0.27298421343543106, 0.027497470279479, 0.36036226877757377, 0.29290034972261214, 0.5630345703623532, 0.15248864842220833, 0.3164586952517738], BATTLES: 302-204-285-376-305-347-286-249-284-
42, 11, -2669.0, [0.931313983870433, 0.38841950150632487, 0.9745422001240633, 0.09147869062346159, 0.6638885135928525, 0.9458138019031406, 0.41921497016820075, 0.1319515873026665, 0.9141904938147, 0.9777421360595231, 0.7574755969767283, 0.4867518081273977, 0.6543295158577634, 0.5737412591368276, 0.13304989067391348, 0.37161578731882433, 0.09769023300306728, 0.2808597769427903, 0.022409746023001796, 0.8629911536040697, 0.4870333436624276, 0.2990189043090255, 0.027187056816084583, 0.24579320369841254, 0.27994934572155944, 0.39172713537476755, 0.11351953114822819, 0.19100727249351013], BATTLES: 294-195-269-403-297-345-308-252-306-
42, 12, -2644.0, [0.91165759356514, 0.37723568072569125, 0.9682060656368332, 0.21456405401159703, 0.6241271090542934, 0.9550281680131754, 0.5172912718629468, 0.13768058391855983, 0.7844230663725347, 0.8675081742430308, 0.7553593259218953, 0.2840780008797481, 0.7594028067735022, 0.6951585796215405, 0.2502063905113905, 0.5073740908528944, 0.11183884408494203, 0.28552121643733935, 0.20399327063930026, 0.9730742002558437, 0.5358146368576779, 0.26393957237364224, 0.03241279634162512, 0.3523228431820585, 0.26062769494048643, 0.22600926609799643, 0.2536682875050578, 0.23989113174411106], BATTLES: 295-216-280-363-303-344-307-230-306-
42, 13, -2655.0, [0.9620663381399155, 0.4325727828501259, 0.9988406747359371, 0.3453716533546391, 0.675314854964904, 0.9383319839688016, 0.4202387091670342, 0.11305394730918994, 0.8904392626158291, 0.9721463779802924, 0.849397127946355, 0.5826491166130214, 0.5026846213070111, 0.4010850807727488, 0.07324771035770908, 0.28105158150157894, 0.12700659897090152, 0.3265253108698747, 0.20493063293977296, 0.8700424387295214, 0.7443533760260895, 0.34540092714285836, 0.056997859907270215, 0.20225348831162143, 0.24320077414911395, 0.2972022918838338, 0.15341259014300473, 0.20730193655569035], BATTLES: 294-198-268-391-288-352-317-249-298-
42, 14, -2655.0, [0.9188579847287278, 0.36620962597507706, 0.9581270779253915, 0.1708642907079964, 0.6427310864606757, 0.9945109532798905, 0.45173103620720195, 0.10934349571708814, 0.953412126846905, 0.9555816124887895, 0.7963344668329088, 0.34691247789778423, 0.4987779578246391, 0.16984737594159505, 0.05003073457472554, 0.22133381632612165, 0.05671719759934987, 0.3014591415481531, 0.0044313493085785804, 0.4252358645036205, 0.6344252865261488, 0.35636966056203623, 0.06766409474627945, 0.10519523966358907, 0.2615116926940754, 0.36494949839558843, 0.08118675461779758, 0.10734791358732701], BATTLES: 264-223-287-388-284-336-317-262-294-
43, 0, -2574.0, [0.8975142861710794, 0.36006644914133545, 0.9574557948331327, 0.09311544614959079, 0.6765634206105845, 0.9857752160277075, 0.49860946080468393, 0.06640041025983329, 0.67948235193609, 0.9158316495132679, 0.7645201897675983, 0.5383945055327076, 0.6265403836909959, 0.5553440791391308, 0.05876734274234821, 0.28587572320965754, 0.10012973153670235, 0.32195811146931547, 0.4017716375510116, 0.8152981115008007, 0.5703844584163056, 0.2550784115657152, 0.039548905849342876, 0.21486723371306604, 0.2278352299880696, 0.2956664363739386, 0.21557998333716988, 0.20740997022295074], BATTLES: 294-197-284-365-266-316-301-231-320-
43, 1, -2579.0, [0.9309992335121638, 0.43944611897164715, 0.9178123355630871, 0.09498712467472886, 0.5796129836493051, 0.9201649689579536, 0.38566147784912086, 0.15457132342764976, 0.8205028466925325, 0.9824200164306902, 0.8728676115005245, 0.34715201234495924, 0.38089090772346845, 0.650143849870685, 0.0918784783720788, 0.3797458133246022, 0.1177481605331686, 0.12921696733800794, 0.3787343099864503, 0.9525229579346073, 0.748147555876949, 0.5170813238928765, 0.060179101439669105, 0.1014421878804748, 0.308555835828888, 0.2559857571619747, 0.09179534858689446, 0.06527156207774282], BATTLES: 284-203-275-364-293-346-300-214-300-
43, 2, -2600.0, [0.91248796613677, 0.303199247987965, 0.9657061162043502, 0.3229040992137403, 0.6332823113069355, 0.9374821560054499, 0.532032911730459, 0.10097284387828012, 0.5953249291863202, 0.9761776278173455, 0.7657129226018301, 0.32281685503381025, 0.5587298233795405, 0.42543039664745613, 0.025319784961340533, 0.3541367726921625, 0.07174389883906969, 0.28546106126095233, 0.10224641914114295, 0.6878694401260005, 0.7282088789901217, 0.11271663160026546, 0.03430826007322024, 0.14869481158061307, 0.29420084072057984, 0.22532609152600525, 0.15565506831880602, 0.1914047059316725], BATTLES: 304-200-282-369-286-347-316-221-275-
43, 3, -2643.0, [0.9324665749798013, 0.3423810615346757, 0.961495323375453, 0.2746425963104569, 0.8864011612718015, 0.9986767370006217, 0.39595550450049266, 0.14631049769995497, 0.9919356470570624, 0.9227935358365442, 0.7259635357725235, 0.41397422984647936, 0.5951474746893072, 0.29026902294270146, 0.04758803919715207, 0.0638542267289773, 0.016859646001784002, 0.2899000622979522, 0.07336141926716494, 0.8594665378713896, 0.4448018774658092, 0.2246308693533422, 0.049358286578283866, 0.05537549979632161, 0.3247432309729037, 0.39889584472716716, 0.09296102300122647, 0.171578499607727], BATTLES: 268-175-297-379-316-374-289-189-279-
43, 4, -2646.0, [0.9413924333838076, 0.37156308655633863, 0.9204932687514987, 0.2903134932505238, 0.7520895532131113, 0.9552534111050965, 0.36584453615038043, 0.1257128115533835, 0.9535519820182865, 0.9794608996293213, 0.9027055052752948, 0.44180841790863173, 0.6520710326560679, 0.20968018250998122, 0.05338749215599004, 0.41416445298302496, 0.10946185660621169, 0.14844567069927883, 0.061887494170033246, 0.6938230100095575, 0.6845417067579518, 0.2854748290085813, 0.0640206182993329, 0.13015467605313846, 0.26294151469502136, 0.24264956200583399, 0.1468666422592586, 0.14053885621629936], BATTLES: 292-196-286-414-301-359-286-224-288-
43, 5, -2604.0, [0.896597546265068, 0.26718478256984923, 0.9830362817979137, 0.209214543584079, 0.5892250823382149, 0.9776386422141446, 0.3375252424563624, 0.0630880361225276, 0.7230593734926526, 0.8772698081434663, 0.8383597822984925, 0.3158153526758339, 0.6559155845179211, 0.643501045466997, 0.10925902733577754, 0.41961118754167104, 0.16286146371452095, 0.26475894598525973, 0.3185697958385064, 0.3779452369691187, 0.6505038991270309, 0.1868996190958672, 0.014855087390309323, 0.15962016446110586, 0.15863167670534273, 0.3265411715553158, 0.22318831644277096, 0.14323389695179115], BATTLES: 290-182-265-384-301-333-317-249-283-
43, 6, -2603.0, [0.9174977474872252, 0.41305730810761965, 0.9683177072440156, 0.10948223973754428, 0.7897551323026989, 0.9818378790135155, 0.4067153136516665, 0.1368235663982315, 0.8821212173249662, 0.8925958597012034, 0.8668486966269217, 0.39003318728286346, 0.7940374830811912, 0.3199463325106611, 0.19285049554566241, 0.3273524313512438, 0.1147485099261946, 0.022760355879902827, 0.06535635773856313, 0.7752336978238265, 0.40221408161813277, 0.2581014953630697, 0.05164759111894533, 0.025985385010095036, 0.23517555532801412, 0.16256413741256184, 0.24170950414341424, 0.21237655224479646], BATTLES: 283-192-276-403-305-338-290-228-275-
43, 7, -2597.0, [0.8788630743141003, 0.3716770567691226, 0.9365794826593408, 0.4232763983369377, 0.7731224043061579, 0.9799276733693885, 0.4327250020304383, 0.11929051183465897, 0.9617972867379907, 0.9206131257226077, 0.8119110140567347, 0.5001908520792834, 0.4235561371879295, 0.5949319782062223, 0.09989228891266244, 0.29297749725121497, 0.08448913748960295, 0.29630911116377073, 0.10236795214697308, 0.9838452056360021, 0.06588897416152839, 0.3296624181160895, 0.04311887601929628, 0.07814935759890287, 0.2214073163114442, 0.37040149745046835, 0.05334815976499842, 0.20338088193575793], BATTLES: 287-210-282-388-299-366-261-216-288-
43, 8, -2707.0, [0.9102355616195634, 0.37742411639401463, 0.996983545544919, 0.33618211264932807, 0.6497234296249836, 0.9252002173274928, 0.3613656779645538, 0.13945620023226815, 0.8251627700655848, 0.9429404590937509, 0.796430796712351, 0.361508997547767, 0.6342221793536733, 0.6584796520501854, 0.13936509543446118, 0.3353323161115011, 0.12819812628590652, 0.3289305820429635, 0.11140831672558846, 0.6100879895654379, 0.4906343760561227, 0.27028509069713175, 0.06798406135441017, 0.3954435893373211, 0.22292252867435183, 0.2870706001415929, 0.056286479615454216, 0.22452787900494892], BATTLES: 299-186-264-379-298-366-322-255-271-
43, 9, -2661.0, [0.9349974572329257, 0.3571299022509659, 0.9262588634901463, 0.3942308831639877, 0.6043042032710196, 0.9629508678871619, 0.438417554885953, 0.1284869174266456, 0.8072727117307867, 0.9514575390497155, 0.7481286963360751, 0.43532664809697075, 0.5411996529641963, 0.4903067190906994, 0.1246830195614538, 0.2191083475937185, 0.07903109216705755, 0.5340805873308978, 0.0744913781017463, 0.9424165344393156, 0.4895937996206335, 0.31361005357920924, 0.0290266272083542, 0.11093447584118146, 0.2498434148503431, 0.36175103164643246, 0.03444394114215994, 0.19665977427790735], BATTLES: 297-183-290-371-302-327-314-247-303-
43, 10, -2599.0, [0.9310598333547032, 0.3652802145356497, 0.9227444315955928, 0.25678381296130004, 0.6242065648796857, 0.9610454269270329, 0.41567489390118345, 0.12204155898828242, 0.7234791270688629, 0.9375059027549159, 0.7967689329388966, 0.4164376815728804, 0.41146742169966233, 0.3338726694472499, 0.2726018624838273, 0.3891161570588526, 0.05706751554439555, 0.2947414574286708, 0.1458747460191069, 0.8820663681858029, 0.21935444458494768, 0.27298421343543106, 0.04229591116542428, 0.3432271894674298, 0.29290034972261214, 0.5630345703623532, 0.07624432421110416, 0.3164586952517738], BATTLES: 287-211-273-366-287-372-259-208-298-
43, 11, -2653.0, [0.9668385656181118, 0.38841950150632487, 0.9745422001240633, 0.2232603287347104, 0.7403206119944191, 0.9519409796914401, 0.2653404946161972, 0.13543059007295666, 0.9141904938147, 0.9775595605413826, 0.8448216588766034, 0.5803279444529605, 0.6543295158577634, 0.5737412591368276, 0.09907508940566763, 0.3534318266287351, 0.13760798679697472, 0.1652159365844073, 0.07793125345361093, 0.7846481045283086, 0.4870333436624276, 0.42951302837228583, 0.027187056816084583, 0.20882575081329965, 0.2909747099171438, 0.3072172328364978, 0.11351953114822819, 0.170420743080257], BATTLES: 286-212-284-371-291-345-298-250-277-
43, 12, -2670.0, [0.9288998999717467, 0.37723568072569125, 0.9682060656368332, 0.21456405401159703, 0.6241271090542934, 0.9550281680131754, 0.5172912718629468, 0.10984102407746402, 0.7962610165645492, 0.8675081742430308, 0.8417041538586952, 0.42072830762028546, 0.7594028067735022, 0.6951585796215405, 0.2502063905113905, 0.3805954255665509, 0.11183884408494203, 0.28552121643733935, 0.15754496927952166, 0.9730742002558437, 0.5358146368576779, 0.26393957237364224, 0.05517725503431595, 0.2835416579932629, 0.24628824899171745, 0.3134214458041175, 0.2536682875050578, 0.23989113174411106], BATTLES: 290-201-271-394-297-349-292-224-302-
43, 13, -2655.0, [0.9620663381399155, 0.4325727828501259, 0.9988406747359371, 0.3453716533546391, 0.675314854964904, 0.9383319839688016, 0.4202387091670342, 0.11305394730918994, 0.8904392626158291, 0.9721463779802924, 0.849397127946355, 0.5826491166130214, 0.5026846213070111, 0.4010850807727488, 0.07324771035770908, 0.28105158150157894, 0.12700659897090152, 0.3265253108698747, 0.20493063293977296, 0.8700424387295214, 0.7443533760260895, 0.34540092714285836, 0.056997859907270215, 0.20225348831162143, 0.24320077414911395, 0.2972022918838338, 0.15341259014300473, 0.20730193655569035], BATTLES: 296-191-279-390-278-362-296-251-312-
43, 14, -2675.0, [0.9188579847287278, 0.36894579594907095, 0.9581270779253915, 0.3515758528819552, 0.6411752192830844, 0.9945109532798905, 0.4447467378290962, 0.12641974051510277, 0.953412126846905, 0.9555816124887895, 0.7963344668329088, 0.34691247789778423, 0.5233385520480747, 0.36309241473667775, 0.05003073457472554, 0.22133381632612165, 0.05671719759934987, 0.3014591415481531, 0.0044313493085785804, 0.7076283089893517, 0.5765281302096605, 0.35636966056203623, 0.06766409474627945, 0.10519523966358907, 0.2615116926940754, 0.36494949839558843, 0.03604661315126058, 0.10734791358732701], BATTLES: 289-202-282-404-285-345-297-268-289-
