0, 0, -1599.0, [0.5872429255803302, 0.747224342125899, 0.7093849707283104, 0.965722665063705, 0.48692400181294226, 0.8188936104249213, 0.3626911461517126, 0.1424685992812249, 0.28881282883154424, 0.42365442876897785, 0.957096856561561, 0.9072873359686224, 0.8107763092154724, 0.3534779101794375, 0.012891439769848412, 0.5235106380043595, 0.7741233609764866, 0.7951496547910328, 0.5034235332026461, 0.14007710018631547, 0.249699986809918, 0.2097344149229875, 0.6781759083160664, 0.7156111553574445, 0.8521222230022778, 0.42688373778790834, 0.04503383318967913, 0.12765731836199534, 0.36200719721010977, 0.7623062875465273, 0.7503227005612156, 0.7213448673679405, 0.5612128736584197, 0.026867323840531365, 0.41395446600066144, 0.3959785429806697, 0.8353484777793279, 0.609943334717982, 0.7848071086828983, 0.5563767095840624, 0.4747229886589135, 0.572143181492561, 0.22463292969545523, 0.7315249407198632, 0.26704476661476906, 0.547871254524739, 0.5596286525057993, 0.7794023403441387, 0.4901711699670709, 0.32849160501422414, 0.9445757826754444, 0.23923085831441937, 0.21010017744799436, 0.2700026920269506, 0.2485376781885592, 0.13858527288306888, 0.4611614281481726, 0.33553484651137044, 0.31404757101628733, 0.7150780563576367, 0.5206734999253889, 0.8843572617684188, 0.7248558463877431], BATTLES: 172-146-167-193-165-192-198-182-184-
0, 1, -1455.0, [0.34394073413644344, 0.11875363943708206, 0.3475057002044989, 0.6320902756900625, 0.6644683404967127, 0.941224680890228, 0.07231507646715396, 0.9099164394441199, 0.7113626776537936, 0.20844901207452737, 0.6751282344796357, 0.7898154223406986, 0.764677118418469, 0.14093078162084283, 0.44392271830467256, 0.08827183181230625, 0.17509602863656004, 0.622959781319374, 0.5128286275622979, 0.4629482495311127, 0.29479599761794884, 0.1937530852998186, 0.5228098848484087, 0.7820276404071251, 0.816587620717071, 0.23037072168998962, 0.7615580616960427, 0.05675071840759682, 0.42905286974112355, 0.4252639403580999, 0.824519493548561, 0.782401028270146, 0.2408706456813865, 0.9941987662349479, 0.6617622182644729, 0.0891852601925861, 0.7445027729447706, 0.3432615413404464, 0.37577416810463615, 0.04302278746914545, 0.13531289288393533, 0.4930066225155294, 0.797475597564658, 0.39263838811363216, 0.5470887088725235, 0.31470318234704786, 0.37352475347763603, 0.41056843873754867, 0.07705113577960987, 0.28249507601296886, 0.8379082829151291, 0.6710174386854311, 0.6746835299687962, 0.2659884088636367, 0.9342617393639374, 0.8302313702031293, 0.7380826085984371, 0.7478319423830105, 0.07783960690008473, 0.3369183990649187, 0.8895686195321584, 0.18583875704356134, 0.9644496404918564], BATTLES: 200-147-200-165-127-181-141-126-168-
0, 2, -1406.0, [0.8682590092564018, 0.9294247248165413, 0.7151817414508869, 0.6563581643593533, 0.9078281847661447, 0.4767733803013361, 0.28670053430234577, 0.9594471825179298, 0.6371100470975507, 0.8716868329545799, 0.35454970934279195, 0.55579673939485, 0.34788461707268115, 0.15609607193510044, 0.24803451211723582, 0.8945874524314197, 0.030786186148413996, 0.03206881130357697, 0.24952433827034437, 0.24149638852329547, 0.7578089708821243, 0.4172808912504574, 0.7513626820605199, 0.2869732841306841, 0.739919324324589, 0.9433596321657095, 0.7286868016592902, 0.4621754927406433, 0.2891146221652414, 0.6510164168845276, 0.33075802368815677, 0.40722359336515923, 0.43824664458249585, 0.45993935067252334, 0.3884437601267763, 0.43130789721780893, 0.2497288675199385, 0.5281292668554044, 0.033545242605242165, 0.4580429453580943, 0.6348271896184113, 0.24918504643874595, 0.6830148980448405, 0.9796050870444429, 0.041284898466432685, 0.901694264894317, 0.6571668738844387, 0.2542395872059623, 0.992688625192019, 0.6760835125573351, 0.08525902443177158, 0.7981859567620883, 0.33924527074004995, 0.29954547055957037, 0.31376846908222955, 0.910997839622142, 0.27702988037134846, 0.8237802931855774, 0.8577725632984338, 0.10448311260199283, 0.3010821869065886, 0.7959794086088798, 0.1472776949884127], BATTLES: 141-136-144-164-156-167-178-156-164-
0, 3, -1485.0, [0.3742854792102256, 0.025096325521246854, 0.5137542246169954, 0.6933469176687799, 0.09328292855920017, 0.31457352504685576, 0.48428936904154607, 0.055466101230817744, 0.2851830410589573, 0.9002890103764164, 0.22096087008519105, 0.4160996991889795, 0.47264928189575295, 0.6490975053731121, 0.607804326433293, 0.9940571616455403, 0.39551001796508545, 0.8570637587422019, 0.3251713881107682, 0.08899354963527539, 0.1690387090873018, 0.12272813231677981, 0.6202723879744187, 0.40295248655795846, 0.6077971846307901, 0.9170773649009805, 0.7632871452468174, 0.2704595157195866, 0.008995464646678553, 0.40399158075131236, 0.24667987204019604, 0.8713444535583087, 0.11283043573019502, 0.5252303838245785, 0.375554910119307, 0.47299288939193174, 0.7136815982469349, 0.7700073361927214, 0.13932877231547047, 0.8696841245335458, 0.9776526175318695, 0.9161188503980465, 0.21751152778873184, 0.920323466304502, 0.29380133831758337, 0.23285022718016857, 0.44434885440845895, 0.6841877031133952, 0.5572430942265776, 0.02982630194332747, 0.31570726700739926, 0.9497180017658635, 0.7550869698879106, 0.09390968337565486, 0.30491647107133224, 0.15478644630595095, 0.41403716526734446, 0.40075722530006674, 0.24171372460987284, 0.6030601732210479, 0.3362380594371769, 0.7218234767849385, 0.8205732864506506], BATTLES: 181-127-154-195-164-193-163-153-155-
0, 4, -151.0, [0.03513607289082821, 0.638474570746905, 0.6106153212364233, 0.45848411018589486, 0.5718498412851717, 0.8538256377732426, 0.16141930758544754, 0.8071569418387416, 0.05620377537869792, 0.25070531485642833, 0.8923601507782932, 0.455444835269321, 0.12567378143331887, 0.563324283817836, 0.39581462389066424, 0.3274193012182609, 0.647691194249955, 0.022910604920521882, 0.01425512572250276, 0.5806362247184084, 0.8784096119394472, 0.3077995573896719, 0.35571642274074355, 0.47100402692900667, 0.3716330274670646, 0.09416513179070263, 0.6901235601372147, 0.3659002361662047, 0.7942284506832425, 0.2901348563544477, 0.27184170623857873, 0.33694707242426913, 0.5190852979501649, 0.14539674614579656, 0.6525135884063008, 0.38363708409206887, 0.7334675686056685, 0.09570790805650764, 0.04465427128080823, 0.5726785165122753, 0.8920119412222368, 0.737693966522491, 0.7623656584672197, 0.039843775842768214, 0.09653160392477556, 0.20142467779204543, 0.1750539404768532, 0.3895660108849126, 0.6794320937162912, 0.5980732483282069, 0.39639180115721573, 0.4690070908881129, 0.6315040771901488, 0.45225068891535236, 0.33932466204640666, 0.19843342638090866, 0.24768903749952087, 0.6441224574316304, 0.7875051378390138, 0.96828456286668, 0.23666703895385266, 0.26635705223181394, 0.38001674951516584], BATTLES: 9-0-0-43-20-18-25-18-18-
0, 5, -931.0, [0.19060641993465133, 0.23460471769586067, 0.7056744174399509, 0.08123157455030217, 0.3757465037464409, 0.8901837444591537, 0.5736992226435212, 0.9969802914171455, 0.8564272643667973, 0.2954462923413186, 0.08845280320661919, 0.40421238676459303, 0.003729624234292128, 0.3426027308029317, 0.8334207282987841, 0.6004780020341267, 0.709604155928868, 0.47891959016239727, 0.44266564946269027, 0.8647418746808341, 0.3759692863119607, 0.1726858926915874, 0.7358367983741029, 0.9043352407090025, 0.3492075906765365, 0.9625279626405796, 0.2220684570532837, 0.7874053193358322, 0.8107007713466531, 0.35983843990743325, 0.3809006235616813, 0.3566054355926792, 0.23363495600180395, 0.7529589200070997, 0.9433119138145059, 0.13177250084178638, 0.9946966574319908, 0.8839909061020691, 0.6080581584111786, 0.4694967145964547, 0.4414651391652791, 0.1888804952164681, 0.13660959501924175, 0.722865465663052, 0.05643794491721699, 0.650345255396519, 0.4933547303957657, 0.00961879023569312, 0.558978919584508, 0.8585331798713661, 0.5105746524215197, 0.7548088130641346, 0.7356228736382894, 0.4630405029790077, 0.42523767027612525, 0.6792596914946115, 0.12761852735723667, 0.07931232192680615, 0.25837656106842877, 0.6023861825905586, 0.9103227840711433, 0.11566474643652447, 0.1457258709106164], BATTLES: 127-73-141-129-95-127-83-76-80-
0, 6, -264.0, [0.4192795621734803, 0.6778229548392946, 0.11634856679356831, 0.8166367911355784, 0.3688649916162572, 0.7961185389984775, 0.2412826210139022, 0.7762213271511879, 0.13663945589796778, 0.2785223727870021, 0.01638762655720638, 0.5161550022474772, 0.7421668636773491, 0.047055437644689, 0.3500793651949041, 0.9956443220636517, 0.8337333123850755, 0.7895788537762299, 0.22023271771763364, 0.6146315718113444, 0.6155769932342682, 0.49593599004557143, 0.5347577923953917, 0.3336149219509238, 0.00809409913327086, 0.11148057078387286, 0.42071833395862945, 0.7658197962499305, 0.3192946996889421, 0.8495200255637871, 0.903974561289602, 0.5922048563957807, 0.7890691133140549, 0.00109873278953998, 0.4353323006439349, 0.6679396805229184, 0.42364249916863084, 0.07990521788561544, 0.966233565844532, 0.6750742871742771, 0.10595947478641643, 0.2795841672649789, 0.7853081572463882, 0.3850993669398777, 0.19266866147696382, 0.7239516514962085, 0.18880526990145918, 0.1916516912787244, 0.16278287079181886, 0.7345982543146512, 0.7939349598341028, 0.585820694667736, 0.27334200889156957, 0.4194102625111603, 0.46343165979749246, 0.24263552838541602, 0.31695383994251747, 0.8798720817116019, 0.7991651761073878, 0.35286345072402026, 0.05282189637735213, 0.429709963003555, 0.5443940643093806], BATTLES: 27-9-35-48-26-29-42-22-26-
0, 7, -1215.0, [0.9980073620873575, 0.2891635900435453, 0.5034592955769024, 0.3007653082694448, 0.9947060130050985, 0.002696022080127203, 0.6657529028015073, 0.20837824814726635, 0.9203718340444315, 0.5887745569357081, 0.7857963054546273, 0.3579059512450282, 0.1743671869072969, 0.11261837109374429, 0.6191020654320074, 0.5140997392603224, 0.6580530470212536, 0.011282032153601684, 0.6819789747517013, 0.29469545262829455, 0.059457504683568585, 0.4405511655112144, 0.8223424261427891, 0.6193053561560572, 0.44724857634477067, 0.1817680863257526, 0.6484415741491625, 0.009053746867744628, 0.34061676275701214, 0.2753029730794886, 0.28886750268884287, 0.6538948001913998, 0.29673077189237784, 0.8247889387586458, 0.838761801609143, 0.20217566152099842, 0.6182431935671749, 0.2986101013252055, 0.7157296840586764, 0.7377438744595801, 0.5625910711502582, 0.3437198159403845, 0.7077793169892319, 0.9031472007922376, 0.34010564398582344, 0.8686782198220726, 0.394492810235178, 0.14762793613402614, 0.3993805211195477, 0.9406245963212125, 0.05772056014120952, 0.6081388022325849, 0.3561006093077771, 0.29291787110425005, 0.7465849590819498, 0.8637915272495672, 0.07284544482046906, 0.013658981723426389, 0.16652035317238145, 0.9946676717535158, 0.008176055667269755, 0.07467463611742131, 0.5178285623068778], BATTLES: 117-110-104-161-130-137-163-147-146-
0, 8, -1738.0, [0.24995713715080692, 0.0643818205724832, 0.26334642606991276, 0.5136753006142581, 0.9803249921554583, 0.9611492517108975, 0.20034547969351524, 0.6524810134327163, 0.07884141961382218, 0.5850410399604778, 0.46663910889816995, 0.7207796748348027, 0.5464577228672176, 0.13566271566253885, 0.1778002510575153, 0.008186339149795607, 0.8270430963031173, 0.9562995634841798, 0.07464931889925275, 0.9381693583401308, 0.09045344176371461, 0.8758276864634224, 0.3236103408743405, 0.6753572038281128, 0.3856128197843982, 0.04887077727966138, 0.9040944932264093, 0.00964669410488761, 0.6612329087883758, 0.4311508885779983, 0.021727690319349846, 0.9058617408297582, 0.8777790982724535, 0.3897584690296253, 0.4647951526931736, 0.24449878211833986, 0.38989390089735676, 0.5672460910534801, 0.0370376155925749, 0.2610041574429144, 0.15613971277887928, 0.6420871215366863, 0.5701197411599507, 0.17586343884679922, 0.7782862652494498, 0.01976903684433573, 0.2973187158619399, 0.8933455863758399, 0.353515910942368, 0.3567538840884422, 0.23303868989218712, 0.5346851621961083, 0.5468778916729495, 0.363280326910684, 0.2168582944910401, 0.13523316699450516, 0.6505398458481881, 0.979500745640274, 0.6655133829246505, 0.1977597818675002, 0.5048188429522132, 0.23540487221681505, 0.2664000821860384], BATTLES: 212-199-215-209-212-219-149-144-179-
0, 9, -186.0, [0.9949410799345276, 0.801774815699993, 0.7713143569025642, 0.49570821904473694, 0.04009953762605656, 0.25431625622349563, 0.3944778633385244, 0.9819358668825966, 0.7255493191648822, 0.8198107261155874, 0.6930524167466982, 0.18343075766041428, 0.7310911559217074, 0.7266857178967167, 0.9381537700232897, 0.7134223012402671, 0.9940153754399408, 0.3984459870253012, 0.45599744072738946, 0.34095244442361294, 0.7877453017109659, 0.570922853689892, 0.01927061200533209, 0.18247079863694826, 0.12882286418243527, 0.9245657741920129, 0.3913055921612192, 0.4509822230075127, 0.23615801331859798, 0.6353681322765237, 0.40008298031206124, 0.017515447374298554, 0.35794434320786284, 0.20769307401992698, 0.24760364555176395, 0.05848178584719699, 0.24102119170397907, 0.3440854042791994, 0.09429566294561742, 0.8152805953864856, 0.6608351700859889, 0.5201178609770652, 0.92061892778955, 0.27246531005151087, 0.7619871491759707, 0.8614348187613499, 0.4944800347905026, 0.36643493541123906, 0.3177822035299793, 0.8084452425389943, 0.1871991496533305, 0.04492146878417247, 0.3591416460781519, 0.9003828043588034, 0.5525387340744586, 0.8600003265126601, 0.04058979267126939, 0.38747118592026575, 0.3676838504818294, 0.9392619338915863, 0.0265025009054638, 0.8603460996830429, 0.8457911387469519], BATTLES: 30-4-11-38-15-21-30-20-17-
0, 10, -1474.0, [0.7464596890966447, 0.015850469608130857, 0.2988665540125548, 0.8181025100825733, 0.9884691295843429, 0.32229699036975, 0.7247318320160796, 0.6278733779051339, 0.7363137471905056, 0.37914395754696517, 0.5909490195525282, 0.4817848640392096, 0.44798215518496975, 0.31453195773930853, 0.25096250707885615, 0.6450725729665138, 0.23529176899676252, 0.43363918045063365, 0.09326556466155123, 0.6942903666501157, 0.47972589192389525, 0.12269193573795856, 0.5332610744659685, 0.48412583411279253, 0.7919610237569099, 0.4133491929165488, 0.9244074221541522, 0.6260091203042466, 0.24479015696795547, 0.6875387597152156, 0.24161545254658756, 0.6190544255842644, 0.3498014451139603, 0.14871158295243903, 0.17996963054294657, 0.9111166820157709, 0.7652832565879967, 0.5260691899213088, 0.7272981565110627, 0.38171477713320723, 0.34555713068997695, 0.0184715029670538, 0.8062140812820664, 0.926043812824467, 0.704220613624613, 0.6660040729787332, 0.8249397710278051, 0.8282079556572177, 0.8424755889124699, 0.14061022574063886, 0.9292197369372888, 0.4852457970668528, 0.7523940440343478, 0.5711159997980987, 0.6340444680465797, 0.6951347583753312, 0.7322867405131795, 0.26281433646064667, 0.22051358936246424, 0.615257017635324, 0.9579106854094258, 0.4807766023738972, 0.9676411892025015], BATTLES: 157-147-157-201-193-174-143-138-164-
0, 11, -1863.0, [0.7250774212080606, 0.9548902408386071, 0.3695025980055121, 0.30312342643291823, 0.7417745919113345, 0.6575883884271398, 0.2595263901482845, 0.0986429291497023, 0.30641617292307, 0.9445240932140279, 0.06643800602960914, 0.652664533328313, 0.8969141657509662, 0.7862044560026048, 0.2355320867340286, 0.04584443709340691, 0.7301376941094048, 0.46926661636930334, 0.6447146657677568, 0.6685910404712325, 0.9835545907868265, 0.09954414135884182, 0.01264513014265578, 0.3284679230135099, 0.7459351488956036, 0.1504695821258758, 0.09341361064628717, 0.6456801833647388, 0.2238898278050896, 0.7885326236275894, 0.8148044291484682, 0.8630278887887255, 0.6684820129718333, 0.4282055008156258, 0.600074020353088, 0.2502685847652997, 0.4350018367035424, 0.846822762079666, 0.5909239955191194, 0.9874669796955643, 0.08438423766490821, 0.2047300582745296, 0.14802640274420154, 0.3117685512804298, 0.8339090075952746, 0.25193562800232316, 0.4335650456875879, 0.9278803048705075, 0.7030914646393822, 0.5278727891750248, 0.8664787545545183, 0.05616066106037565, 0.017026290928611076, 0.7736585918985399, 0.6431734027403189, 0.19207719608712936, 0.9016764511106033, 0.6400865978773422, 0.5366904309268414, 0.4744620715165442, 0.2653197491757916, 0.8267799968039866, 0.08290165915594527], BATTLES: 199-184-213-213-199-219-218-209-209-
0, 12, -1898.0, [0.4988721005174306, 0.13721288560099665, 0.2756429732279204, 0.9451328416882547, 0.5787682219374646, 0.9121000804537641, 0.4805506819647103, 0.7946882793068099, 0.8264387751426022, 0.7655985345810653, 0.6481816351191598, 0.27015939774046915, 0.43146651926443336, 0.9828656488163026, 0.01483560235697523, 0.985942251643848, 0.667503661672753, 0.2798073828390162, 0.9842460248888958, 0.7002837027957798, 0.4165168123315466, 0.9276917842623975, 0.19311071082765296, 0.08785890609149738, 0.5731351691260029, 0.8622462283060287, 0.39166916628270787, 0.5166317956756357, 0.3092688870756515, 0.1602148517436801, 0.8152211140928493, 0.5650194835994661, 0.6645477176298682, 0.8368494401928419, 0.7413047735421645, 0.17429653871413076, 0.05354568729391851, 0.9417388561124155, 0.9413547680152371, 0.9635058642810845, 0.863410705945379, 0.600904521146153, 0.1988526995640777, 0.7915081955508555, 0.47122497102828864, 0.1738991405044088, 0.867612632774199, 0.8929908142724543, 0.04120284831304322, 0.8524575394705914, 0.6542820987227145, 0.23104635637572857, 0.5807114105448533, 0.3330387248923582, 0.09946343298064741, 0.4962254418504195, 0.2561185997960974, 0.5723179308721159, 0.17876841721891146, 0.39680336740859334, 0.526016555257105, 0.4715508147216999, 0.9029112993121658], BATTLES: 226-208-228-241-234-234-160-160-207-
0, 13, -1225.0, [0.9043555669105441, 0.8222825448654484, 0.7168378133518429, 0.9553880979468035, 0.9908455928794379, 0.22285380648900777, 0.3942068596824171, 0.48447361326117355, 0.833306506432493, 0.9444657510500474, 0.5462295979040546, 0.8326053791018786, 0.47457080481461633, 0.8775738451034031, 0.4748245891387367, 0.21770101873182168, 0.722324475579057, 0.6851278419362388, 0.29059430716998913, 0.17634239058537138, 0.7138260806227055, 0.345504884465325, 0.8809812028738762, 0.051523965317724185, 0.5088426585449153, 0.1608213663734025, 0.0015366464053613305, 0.6312188746954835, 0.6378619538096836, 0.4834049274992993, 0.46072562175946474, 0.9286342336820254, 0.34169233941665456, 0.9144509516615201, 0.35449102984839487, 0.7925314960067426, 0.7329512286635383, 0.2743309766528951, 0.11387262322558589, 0.34826867264134964, 0.3630431994501031, 0.6554791209349623, 0.25711547791920153, 0.7834530924580287, 0.7230362464502625, 0.42337280896053797, 0.18356602946271416, 0.01579697535699265, 0.9564397994037558, 0.08627815528022342, 0.5887506498050135, 0.662207028456557, 0.5795315266208766, 0.5714495873879559, 0.6811962652137972, 0.3692956485953667, 0.9183929341625567, 0.15384153131509704, 0.5750989917943341, 0.9367907936920526, 0.8657490339252916, 0.09581972321831611, 0.5731248984076548], BATTLES: 102-104-115-154-127-143-176-149-155-
0, 14, -2010.0, [0.7226081475258992, 0.6788290377238628, 0.1019293837004488, 0.14318406851085208, 0.546070153554415, 0.5657598932078165, 0.3385991539484051, 0.5584065177362789, 0.4437153640381637, 0.6025713600058816, 0.7617859689223393, 0.4339241377730131, 0.9921764566209644, 0.896903067223931, 0.6477552030264535, 0.6654708469983246, 0.5152713293392028, 0.2767972777961263, 0.744102180736296, 0.9917556518332228, 0.8985223561383944, 0.5718267523904208, 0.6993938532725237, 0.18551332879725768, 0.35563294735580775, 0.2108052888672881, 0.8678521280198812, 0.6082594915885663, 0.10768133900517585, 0.1914320821175286, 0.3472095533336286, 0.9033376231006299, 0.9281037110206342, 0.24482927630623952, 0.9901057514102556, 0.6365574174460009, 0.7903413763696627, 0.10663829136502923, 0.08527312994808678, 0.324291573404313, 0.3605933262410833, 0.36380708239748616, 0.7600768558230441, 0.8003976466008897, 0.4813646134938986, 0.7564204149487441, 0.2226707234929699, 0.13691100992635696, 0.7383464683584925, 0.19836126432606027, 0.9006152867608157, 0.00524027882755973, 0.062309585531453826, 0.8846704366619, 0.9617308394357009, 0.6585288974819727, 0.8106797548418547, 0.6858868393452413, 0.7165397178334149, 0.010449323333349025, 0.7115850511705022, 0.9386345297286449, 0.7468701053784511], BATTLES: 200-201-203-251-237-227-244-219-228-
1, 0, -3606.0, [0.5872429255803302, 0.747224342125899, 0.7093849707283104, 0.9828613325318525, 0.5353254267419305, 0.8188936104249213, 0.3626911461517126, 0.1424685992812249, 0.867324775639396, 0.42365442876897785, 0.957096856561561, 0.4831820650844441, 0.8107763092154724, 0.7447313574064919, 0.012891439769848412, 0.7617553190021797, 0.7741233609764866, 0.29268307957462264, 0.5034235332026461, 0.14007710018631547, 0.249699986809918, 0.2097344149229875, 0.544855861614253, 0.7156111553574445, 0.8521222230022778, 0.8140632106952168, 0.2226627011059712, 0.614311363436546, 0.36200719721010977, 0.5949613531734453, 0.7503227005612156, 0.7213448673679405, 0.3556557712775422, 0.026867323840531365, 0.41395446600066144, 0.3959785429806697, 0.6386156797248702, 0.7506232666198213, 0.8924035543414491, 0.5563767095840624, 0.7545666923359331, 0.572143181492561, 0.22463292969545523, 0.8657624703599316, 0.33002939715644486, 0.547871254524739, 0.9641204891804194, 0.7794023403441387, 0.4901711699670709, 0.32849160501422414, 0.9445757826754444, 0.23923085831441937, 0.21010017744799436, 0.40112372303678057, 0.2485376781885592, 0.5827402697184063, 0.4014774906935808, 0.10322775278812185, 0.03315158876660984, 0.7150780563576367, 0.5206734999253889, 0.8843572617684188, 0.8624279231938716], BATTLES: 407-320-387-426-370-422-414-401-410-
1, 1, -3139.0, [0.34394073413644344, 0.11875363943708206, 0.3475057002044989, 0.6320902756900625, 0.6644683404967127, 0.941224680890228, 0.07231507646715396, 0.9099164394441199, 0.7113626776537936, 0.20844901207452737, 0.6751282344796357, 0.7898154223406986, 0.764677118418469, 0.14093078162084283, 0.44392271830467256, 0.08827183181230625, 0.17509602863656004, 0.622959781319374, 0.5128286275622979, 0.4629482495311127, 0.29479599761794884, 0.1937530852998186, 0.5228098848484087, 0.7820276404071251, 0.816587620717071, 0.23037072168998962, 0.7615580616960427, 0.05675071840759682, 0.42905286974112355, 0.4252639403580999, 0.824519493548561, 0.782401028270146, 0.2408706456813865, 0.9941987662349479, 0.6617622182644729, 0.0891852601925861, 0.7445027729447706, 0.3432615413404464, 0.37577416810463615, 0.04302278746914545, 0.13531289288393533, 0.4930066225155294, 0.797475597564658, 0.39263838811363216, 0.5470887088725235, 0.31470318234704786, 0.37352475347763603, 0.41056843873754867, 0.07705113577960987, 0.28249507601296886, 0.8379082829151291, 0.6710174386854311, 0.6746835299687962, 0.2659884088636367, 0.9342617393639374, 0.8302313702031293, 0.7380826085984371, 0.7478319423830105, 0.07783960690008473, 0.3369183990649187, 0.8895686195321584, 0.18583875704356134, 0.9644496404918564], BATTLES: 408-321-451-372-290-394-286-288-329-
1, 2, -3290.0, [0.46760968485051396, 0.368891317425694, 0.7151817414508869, 0.5639020429358574, 0.9078281847661447, 0.790640884822835, 0.2307438958884275, 0.7605382129548383, 0.2753612662364129, 0.8716868329545799, 0.4271817750552733, 0.662702936197095, 0.34788461707268115, 0.14285559708732493, 0.20252387966856344, 0.32021428099088634, 0.030786186148413996, 0.03206881130357697, 0.24952433827034437, 0.6929288801287706, 0.32537369299869956, 0.7144115841997163, 0.474186282892168, 0.5386396012760263, 0.5103346051432824, 0.36374573874782384, 0.7286868016592902, 0.16894436143224595, 0.2891146221652414, 0.5085472131666541, 0.33075802368815677, 0.7303328154420032, 0.7230563606288825, 0.45993935067252334, 0.4379181920009719, 0.43130789721780893, 0.2497288675199385, 0.5281292668554044, 0.033545242605242165, 0.3303650895703801, 0.3246456701217923, 0.24918504643874595, 0.6098607149908659, 0.9796050870444429, 0.5188495202300287, 0.33022139260388833, 0.6571668738844387, 0.6683696397629297, 0.5785153423735162, 0.4691632270450904, 0.1810177885545688, 0.7981859567620883, 0.4737877540388601, 0.3408445969090035, 0.25097228855993325, 0.910997839622142, 0.27702988037134846, 0.8237802931855774, 0.7331918136635194, 0.16492484213580644, 0.43310014978840533, 0.4327364371461184, 0.1472776949884127], BATTLES: 295-294-337-345-329-338-377-336-344-
1, 3, -3221.0, [0.3742854792102256, 0.025096325521246854, 0.5137542246169954, 0.6933469176687799, 0.09328292855920017, 0.31457352504685576, 0.48428936904154607, 0.055466101230817744, 0.2851830410589573, 0.9002890103764164, 0.22096087008519105, 0.4160996991889795, 0.47264928189575295, 0.6490975053731121, 0.607804326433293, 0.9940571616455403, 0.39551001796508545, 0.8570637587422019, 0.3251713881107682, 0.08899354963527539, 0.1690387090873018, 0.12272813231677981, 0.6202723879744187, 0.40295248655795846, 0.6077971846307901, 0.9170773649009805, 0.7632871452468174, 0.2704595157195866, 0.008995464646678553, 0.40399158075131236, 0.24667987204019604, 0.8713444535583087, 0.11283043573019502, 0.5252303838245785, 0.375554910119307, 0.47299288939193174, 0.7136815982469349, 0.7700073361927214, 0.13932877231547047, 0.8696841245335458, 0.9776526175318695, 0.9161188503980465, 0.21751152778873184, 0.920323466304502, 0.29380133831758337, 0.23285022718016857, 0.44434885440845895, 0.6841877031133952, 0.5572430942265776, 0.02982630194332747, 0.31570726700739926, 0.9497180017658635, 0.7550869698879106, 0.09390968337565486, 0.30491647107133224, 0.15478644630595095, 0.41403716526734446, 0.40075722530006674, 0.24171372460987284, 0.6030601732210479, 0.3362380594371769, 0.7218234767849385, 0.8205732864506506], BATTLES: 384-295-339-406-365-417-329-326-360-
1, 4, -721.0, [0.32736171403825604, 0.638474570746905, 0.26037914374057136, 0.5924863423935788, 0.5718498412851717, 0.7319361601916293, 0.16141930758544754, 0.8071569418387416, 0.05620377537869792, 0.35754282881879546, 0.8923601507782932, 0.455444835269321, 0.6376063734697731, 0.563324283817836, 0.32200400826814085, 0.5612960458549658, 0.647691194249955, 0.022910604920521882, 0.17610656015495038, 0.5806362247184084, 0.8784096119394472, 0.495125191065178, 0.40120147824736346, 0.47100402692900667, 0.3716330274670646, 0.09416513179070263, 0.8101781435334487, 0.43632110863517337, 0.41849312193641186, 0.2901348563544477, 0.27184170623857873, 0.33694707242426913, 0.8267196833569578, 0.14539674614579656, 0.6525135884063008, 0.6353347409383634, 0.7334675686056685, 0.04785395402825382, 0.04465427128080823, 0.5590234806949461, 0.8920119412222368, 0.6473661514697472, 0.7623656584672197, 0.1747016842579694, 0.09653160392477556, 0.40193182232999797, 0.0930993387118758, 0.3895660108849126, 0.6794320937162912, 0.5980732483282069, 0.6476098118311238, 0.26717531592898014, 0.30249122878837353, 0.45225068891535236, 0.33932466204640666, 0.19843342638090866, 0.48766077167248506, 0.6441224574316304, 0.7875051378390138, 0.96828456286668, 0.11463340932925714, 0.26635705223181394, 0.6241974988385188], BATTLES: 21-0-2-122-40-52-81-39-53-
1, 5, -2155.0, [0.19060641993465133, 0.23460471769586067, 0.7056744174399509, 0.08123157455030217, 0.3757465037464409, 0.8901837444591537, 0.5736992226435212, 0.9969802914171455, 0.8564272643667973, 0.2954462923413186, 0.08845280320661919, 0.40421238676459303, 0.003729624234292128, 0.3426027308029317, 0.8334207282987841, 0.6004780020341267, 0.709604155928868, 0.47891959016239727, 0.44266564946269027, 0.8647418746808341, 0.3759692863119607, 0.1726858926915874, 0.7358367983741029, 0.9043352407090025, 0.3492075906765365, 0.9625279626405796, 0.2220684570532837, 0.7874053193358322, 0.8107007713466531, 0.35983843990743325, 0.3809006235616813, 0.3566054355926792, 0.23363495600180395, 0.7529589200070997, 0.9433119138145059, 0.13177250084178638, 0.9946966574319908, 0.8839909061020691, 0.6080581584111786, 0.4694967145964547, 0.4414651391652791, 0.1888804952164681, 0.13660959501924175, 0.722865465663052, 0.05643794491721699, 0.650345255396519, 0.4933547303957657, 0.00961879023569312, 0.558978919584508, 0.8585331798713661, 0.5105746524215197, 0.7548088130641346, 0.7356228736382894, 0.4630405029790077, 0.42523767027612525, 0.6792596914946115, 0.12761852735723667, 0.07931232192680615, 0.25837656106842877, 0.6023861825905586, 0.9103227840711433, 0.11566474643652447, 0.1457258709106164], BATTLES: 301-181-330-279-221-304-181-167-191-
1, 6, -638.0, [0.4192795621734803, 0.6778229548392946, 0.11634856679356831, 0.47047303942760355, 0.2215767382184039, 0.8980592694992388, 0.2412826210139022, 0.7439124031671285, 0.3882700048643173, 0.2785223727870021, 0.5248619281253892, 0.5161550022474772, 0.8900874933819846, 0.047055437644689, 0.3500793651949041, 0.9956443220636517, 0.8337333123850755, 0.7895788537762299, 0.22023271771763364, 0.6146315718113444, 0.7547820065495446, 0.7479679950227858, 0.4235678219241723, 0.1668074609754619, 0.00809409913327086, 0.45878423562122306, 0.3664870979218078, 0.7658197962499305, 0.22608351990658906, 0.09855040837696522, 0.903974561289602, 0.7550787594857993, 0.8945345566570275, 0.591446176463286, 0.7176661503219675, 0.6679396805229184, 0.42364249916863084, 0.07990521788561544, 0.966233565844532, 0.6750742871742771, 0.595337564286919, 0.2795841672649789, 0.3845547106483595, 0.5629651684680487, 0.19266866147696382, 0.4327677920783435, 0.18880526990145918, 0.1916516912787244, 0.16278287079181886, 0.7345982543146512, 0.6873423620837067, 0.056979761835156906, 0.27334200889156957, 0.5633327774357049, 0.44044676130099303, 0.24263552838541602, 0.3280768559141654, 0.8798720817116019, 0.7203752056829947, 0.17643172536201013, 0.05282189637735213, 0.429709963003555, 0.5443940643093806], BATTLES: 71-19-59-126-46-72-99-43-60-
1, 7, -2735.0, [0.9561987449295624, 0.2891635900435453, 0.5034592955769024, 0.3007653082694448, 0.9947060130050985, 0.002696022080127203, 0.6657529028015073, 0.20837824814726635, 0.9203718340444315, 0.577722147714518, 0.7857963054546273, 0.3579059512450282, 0.1743671869072969, 0.11261837109374429, 0.6191020654320074, 0.6123155454282362, 0.4127723729009092, 0.011282032153601684, 0.5567375805959267, 0.29469545262829455, 0.059457504683568585, 0.45646858719279704, 0.8223424261427891, 0.37990322854293623, 0.44724857634477067, 0.1873467660112836, 0.6484415741491625, 0.4040132512016244, 0.34061676275701214, 0.2753029730794886, 0.28886750268884287, 0.7068480432241684, 0.44785523052671106, 0.8247889387586458, 0.838761801609143, 0.20217566152099842, 0.654960072847156, 0.19934607467393067, 0.7157296840586764, 0.7377438744595801, 0.44342081639339087, 0.15170780203591794, 0.7077793169892319, 0.9031472007922376, 0.5482572157334394, 0.8707923617719223, 0.394492810235178, 0.16133426963383848, 0.3993805211195477, 0.6059091226420406, 0.3555129339550126, 0.4797131318631059, 0.4455251318945086, 0.6142184387498695, 0.9627316947359741, 0.8637915272495672, 0.43592270993717336, 0.22939356945514738, 0.3307880411458625, 0.6045727192602138, 0.008176055667269755, 0.24034353858605706, 0.6876169379119975], BATTLES: 246-238-256-345-306-281-354-332-324-
1, 8, -3731.0, [0.24995713715080692, 0.12990824423068237, 0.26334642606991276, 0.5136753006142581, 0.9803249921554583, 0.5448305803226974, 0.463856951436884, 0.09420266139698691, 0.4389784082556618, 0.5850410399604778, 0.46663910889816995, 0.6484684822059587, 0.4750313443620276, 0.23036126496011516, 0.1778002510575153, 0.3028622002456398, 0.8270430963031173, 0.9562995634841798, 0.07464931889925275, 0.9428854014710211, 0.09045344176371461, 0.5963303883730614, 0.3236103408743405, 0.6753572038281128, 0.3856128197843982, 0.04887077727966138, 0.9520472466132046, 0.11046530518984438, 0.6612329087883758, 0.4311508885779983, 0.1595975115754657, 0.9529308704148791, 0.870772592008769, 0.3897584690296253, 0.4647951526931736, 0.5892290243095102, 0.8902857455672487, 0.5672460910534801, 0.0370376155925749, 0.2610041574429144, 0.15613971277887928, 0.6420871215366863, 0.5553959866775336, 0.17586343884679922, 0.7782862652494498, 0.01976903684433573, 0.18494959133299244, 0.8933455863758399, 0.6536398221585838, 0.339886943953954, 0.23303868989218712, 0.5346851621961083, 0.2331253969576654, 0.363280326910684, 0.2168582944910401, 0.47438753720385624, 0.6505398458481881, 0.979500745640274, 0.6655133829246505, 0.1977597818675002, 0.5048188429522132, 0.23540487221681505, 0.2664000821860384], BATTLES: 430-437-464-439-423-460-270-330-397-
1, 9, -2383.0, [0.9949410799345276, 0.17268676415892803, 0.7713143569025642, 0.49570821904473694, 0.4308467898635355, 0.25431625622349563, 0.5643026353480727, 0.8938340182396478, 0.862774659582441, 0.9099053630577937, 0.6930524167466982, 0.18343075766041428, 0.7310911559217074, 0.8633428589483583, 0.9381537700232897, 0.8506106761112925, 0.9940153754399408, 0.07042204525964496, 0.45599744072738946, 0.5732294418417535, 0.4900601674720237, 0.570922853689892, 0.01927061200533209, 0.18247079863694826, 0.12882286418243527, 0.9245657741920129, 0.3913055921612192, 0.3551769503510831, 0.269087801114947, 0.027532154878912196, 0.5704526094180286, 0.017515447374298554, 0.45298936357665903, 0.9723603058437125, 0.6650254805499912, 0.029240892923598494, 0.24102119170397907, 0.3440854042791994, 0.09429566294561742, 0.9076402976932427, 0.6608351700859889, 0.5201178609770652, 0.23773994302717422, 0.7555420957262022, 0.7556158045904087, 0.8614348187613499, 0.7472400173952514, 0.6832174677056195, 0.10994688437625524, 0.8929406326005905, 0.35811446809972786, 0.022460734392086235, 0.3591416460781519, 0.9003828043588034, 0.12604996626356607, 0.8600003265126601, 0.04058979267126939, 0.32341911457944544, 0.3676838504818294, 0.6790400516780756, 0.0265025009054638, 0.6792392630634413, 0.8457911387469519], BATTLES: 72-11-32-76-39-51-75-49-34-
1, 10, -3148.0, [0.7464596890966447, 0.015850469608130857, 0.2988665540125548, 0.8181025100825733, 0.9884691295843429, 0.32229699036975, 0.7247318320160796, 0.6278733779051339, 0.7363137471905056, 0.37914395754696517, 0.5909490195525282, 0.4817848640392096, 0.44798215518496975, 0.31453195773930853, 0.25096250707885615, 0.6450725729665138, 0.23529176899676252, 0.43363918045063365, 0.09326556466155123, 0.6942903666501157, 0.47972589192389525, 0.12269193573795856, 0.5332610744659685, 0.48412583411279253, 0.7919610237569099, 0.4133491929165488, 0.9244074221541522, 0.6260091203042466, 0.24479015696795547, 0.6875387597152156, 0.24161545254658756, 0.6190544255842644, 0.3498014451139603, 0.14871158295243903, 0.17996963054294657, 0.9111166820157709, 0.7652832565879967, 0.5260691899213088, 0.7272981565110627, 0.38171477713320723, 0.34555713068997695, 0.0184715029670538, 0.8062140812820664, 0.926043812824467, 0.704220613624613, 0.6660040729787332, 0.8249397710278051, 0.8282079556572177, 0.8424755889124699, 0.14061022574063886, 0.9292197369372888, 0.4852457970668528, 0.7523940440343478, 0.5711159997980987, 0.6340444680465797, 0.6951347583753312, 0.7322867405131795, 0.26281433646064667, 0.22051358936246424, 0.615257017635324, 0.9579106854094258, 0.4807766023738972, 0.9676411892025015], BATTLES: 345-329-322-421-392-394-292-305-348-
1, 11, -3881.0, [0.7250774212080606, 0.9548902408386071, 0.3695025980055121, 0.30312342643291823, 0.7417745919113345, 0.6575883884271398, 0.2595263901482845, 0.0986429291497023, 0.30641617292307, 0.9445240932140279, 0.06643800602960914, 0.652664533328313, 0.8969141657509662, 0.7862044560026048, 0.2355320867340286, 0.04584443709340691, 0.7301376941094048, 0.46926661636930334, 0.6447146657677568, 0.6685910404712325, 0.9835545907868265, 0.09954414135884182, 0.01264513014265578, 0.3284679230135099, 0.7459351488956036, 0.1504695821258758, 0.09341361064628717, 0.6456801833647388, 0.2238898278050896, 0.7885326236275894, 0.8148044291484682, 0.8630278887887255, 0.6684820129718333, 0.4282055008156258, 0.600074020353088, 0.2502685847652997, 0.4350018367035424, 0.846822762079666, 0.5909239955191194, 0.9874669796955643, 0.08438423766490821, 0.2047300582745296, 0.14802640274420154, 0.3117685512804298, 0.8339090075952746, 0.25193562800232316, 0.4335650456875879, 0.9278803048705075, 0.7030914646393822, 0.5278727891750248, 0.8664787545545183, 0.05616066106037565, 0.017026290928611076, 0.7736585918985399, 0.6431734027403189, 0.19207719608712936, 0.9016764511106033, 0.6400865978773422, 0.5366904309268414, 0.4744620715165442, 0.2653197491757916, 0.8267799968039866, 0.08290165915594527], BATTLES: 413-407-455-448-428-463-408-416-443-
1, 12, -3995.0, [0.4988721005174306, 0.13721288560099665, 0.2756429732279204, 0.9451328416882547, 0.5787682219374646, 0.9121000804537641, 0.4805506819647103, 0.7946882793068099, 0.8264387751426022, 0.7655985345810653, 0.6481816351191598, 0.27015939774046915, 0.43146651926443336, 0.9828656488163026, 0.01483560235697523, 0.985942251643848, 0.667503661672753, 0.2798073828390162, 0.9842460248888958, 0.7002837027957798, 0.4165168123315466, 0.9276917842623975, 0.19311071082765296, 0.08785890609149738, 0.5731351691260029, 0.8622462283060287, 0.39166916628270787, 0.5166317956756357, 0.3092688870756515, 0.1602148517436801, 0.8152211140928493, 0.5650194835994661, 0.6645477176298682, 0.8368494401928419, 0.7413047735421645, 0.17429653871413076, 0.05354568729391851, 0.9417388561124155, 0.9413547680152371, 0.9635058642810845, 0.863410705945379, 0.600904521146153, 0.1988526995640777, 0.7915081955508555, 0.47122497102828864, 0.1738991405044088, 0.867612632774199, 0.8929908142724543, 0.04120284831304322, 0.8524575394705914, 0.6542820987227145, 0.23104635637572857, 0.5807114105448533, 0.3330387248923582, 0.09946343298064741, 0.4962254418504195, 0.2561185997960974, 0.5723179308721159, 0.17876841721891146, 0.39680336740859334, 0.526016555257105, 0.4715508147216999, 0.9029112993121658], BATTLES: 472-454-488-511-494-479-316-345-436-
1, 13, -2744.0, [0.9043555669105441, 0.8222825448654484, 0.7168378133518429, 0.9553880979468035, 0.9908455928794379, 0.22285380648900777, 0.3942068596824171, 0.48447361326117355, 0.833306506432493, 0.9444657510500474, 0.5462295979040546, 0.8326053791018786, 0.47457080481461633, 0.8775738451034031, 0.4748245891387367, 0.21770101873182168, 0.722324475579057, 0.6851278419362388, 0.29059430716998913, 0.17634239058537138, 0.7138260806227055, 0.345504884465325, 0.8809812028738762, 0.051523965317724185, 0.5088426585449153, 0.1608213663734025, 0.0015366464053613305, 0.6312188746954835, 0.6378619538096836, 0.4834049274992993, 0.46072562175946474, 0.9286342336820254, 0.34169233941665456, 0.9144509516615201, 0.35449102984839487, 0.7925314960067426, 0.7329512286635383, 0.2743309766528951, 0.11387262322558589, 0.34826867264134964, 0.3630431994501031, 0.6554791209349623, 0.25711547791920153, 0.7834530924580287, 0.7230362464502625, 0.42337280896053797, 0.18356602946271416, 0.01579697535699265, 0.9564397994037558, 0.08627815528022342, 0.5887506498050135, 0.662207028456557, 0.5795315266208766, 0.5714495873879559, 0.6811962652137972, 0.3692956485953667, 0.9183929341625567, 0.15384153131509704, 0.5750989917943341, 0.9367907936920526, 0.8657490339252916, 0.09581972321831611, 0.5731248984076548], BATTLES: 234-233-293-334-300-303-370-336-341-
1, 14, -4213.0, [0.7226081475258992, 0.6788290377238628, 0.1019293837004488, 0.14318406851085208, 0.546070153554415, 0.5657598932078165, 0.3385991539484051, 0.5584065177362789, 0.4437153640381637, 0.6025713600058816, 0.7617859689223393, 0.4339241377730131, 0.9921764566209644, 0.896903067223931, 0.6477552030264535, 0.6654708469983246, 0.5152713293392028, 0.2767972777961263, 0.744102180736296, 0.9917556518332228, 0.8985223561383944, 0.5718267523904208, 0.6993938532725237, 0.18551332879725768, 0.35563294735580775, 0.2108052888672881, 0.8678521280198812, 0.6082594915885663, 0.10768133900517585, 0.1914320821175286, 0.3472095533336286, 0.9033376231006299, 0.9281037110206342, 0.24482927630623952, 0.9901057514102556, 0.6365574174460009, 0.7903413763696627, 0.10663829136502923, 0.08527312994808678, 0.324291573404313, 0.3605933262410833, 0.36380708239748616, 0.7600768558230441, 0.8003976466008897, 0.4813646134938986, 0.7564204149487441, 0.2226707234929699, 0.13691100992635696, 0.7383464683584925, 0.19836126432606027, 0.9006152867608157, 0.00524027882755973, 0.062309585531453826, 0.8846704366619, 0.9617308394357009, 0.6585288974819727, 0.8106797548418547, 0.6858868393452413, 0.7165397178334149, 0.010449323333349025, 0.7115850511705022, 0.9386345297286449, 0.7468701053784511], BATTLES: 435-428-434-523-478-470-490-481-474-
2, 0, -3307.0, [0.5872429255803302, 0.747224342125899, 0.7093849707283104, 0.9828613325318525, 0.5353254267419305, 0.8188936104249213, 0.3626911461517126, 0.1424685992812249, 0.867324775639396, 0.42365442876897785, 0.957096856561561, 0.4831820650844441, 0.8107763092154724, 0.7447313574064919, 0.012891439769848412, 0.7617553190021797, 0.7741233609764866, 0.29268307957462264, 0.5034235332026461, 0.14007710018631547, 0.249699986809918, 0.2097344149229875, 0.544855861614253, 0.7156111553574445, 0.8521222230022778, 0.8140632106952168, 0.2226627011059712, 0.614311363436546, 0.36200719721010977, 0.5949613531734453, 0.7503227005612156, 0.7213448673679405, 0.3556557712775422, 0.026867323840531365, 0.41395446600066144, 0.3959785429806697, 0.6386156797248702, 0.7506232666198213, 0.8924035543414491, 0.5563767095840624, 0.7545666923359331, 0.572143181492561, 0.22463292969545523, 0.8657624703599316, 0.33002939715644486, 0.547871254524739, 0.9641204891804194, 0.7794023403441387, 0.4901711699670709, 0.32849160501422414, 0.9445757826754444, 0.23923085831441937, 0.21010017744799436, 0.40112372303678057, 0.2485376781885592, 0.5827402697184063, 0.4014774906935808, 0.10322775278812185, 0.03315158876660984, 0.7150780563576367, 0.5206734999253889, 0.8843572617684188, 0.8624279231938716], BATTLES: 379-297-388-400-337-403-372-334-397-
2, 1, -3665.0, [0.47976041900174043, 0.1822013087685816, 0.19688724303018118, 0.6320902756900625, 0.6644683404967127, 0.970612340445114, 0.2688628709159719, 0.9099164394441199, 0.8556813388268968, 0.4137247264117877, 0.8696241647456293, 0.4663976559238786, 0.5827568461887254, 0.7122128437193029, 0.22196135915233628, 0.5205128836835543, 0.5465237903224944, 0.622959781319374, 0.5128286275622979, 0.8753011839042064, 0.47419225438257595, 0.941516168697422, 0.5228098848484087, 0.29162024060487574, 0.816587620717071, 0.5107604924441553, 0.4012548453043262, 0.3998268305010854, 0.42905286974112355, 0.17802202661820082, 0.9122597467742806, 0.5279284829889768, 0.7148213736997491, 0.9941987662349479, 0.8781328228220605, 0.0891852601925861, 0.08799752782562403, 0.7175112347983976, 0.6878870840523181, 0.5358803730644525, 0.4335896362899303, 0.4930066225155294, 0.4975342226913459, 0.39263838811363216, 0.5964373501882444, 0.31470318234704786, 0.8192721419903901, 0.7464395880331821, 0.07705113577960987, 0.9591657946937149, 0.8379082829151291, 0.1080250837060962, 0.6746835299687962, 0.4147630340604515, 0.9342617393639374, 0.8302313702031293, 0.7380826085984371, 0.7459110042307616, 0.07783960690008473, 0.3369183990649187, 0.8895686195321584, 0.18583875704356134, 0.9745563419477872], BATTLES: 382-269-435-305-268-357-242-243-295-
2, 2, -2945.0, [0.7247810467983766, 0.184445658712847, 0.7151817414508869, 0.5118868665268593, 0.6821900328709335, 0.790640884822835, 0.2307438958884275, 0.7605382129548383, 0.2753612662364129, 0.93584341647729, 0.40196348905181856, 0.00864387459765481, 0.34788461707268115, 0.9336992765565728, 0.20252387966856344, 0.9018768462196614, 0.030786186148413996, 0.03206881130357697, 0.24952433827034437, 0.6929288801287706, 0.32537369299869956, 0.8572057920998581, 0.237093141446084, 0.26931980063801314, 0.12337188859447218, 0.9473735961156653, 0.7341084630363808, 0.5059376923319332, 0.24648412373984155, 0.25427360658332704, 0.33075802368815677, 0.7303328154420032, 0.7230563606288825, 0.7299696753362617, 0.7627551474525264, 0.43130789721780893, 0.2497288675199385, 0.6146917007580942, 0.16085244720313824, 0.3303650895703801, 0.3246456701217923, 0.24918504643874595, 0.6098607149908659, 0.9796050870444429, 0.5188495202300287, 0.33022139260388833, 0.8903743636834086, 0.6683696397629297, 0.040963226362668304, 0.4691632270450904, 0.1810177885545688, 0.7981859567620883, 0.4737877540388601, 0.3408445969090035, 0.09044745957421006, 0.955498919811071, 0.27702988037134846, 0.6693592765702406, 0.7331918136635194, 0.16492484213580644, 0.43310014978840533, 0.3353050693568636, 0.6608281876676286], BATTLES: 355-320-362-373-333-385-264-261-265-
2, 3, -3565.0, [0.3742854792102256, 0.012548162760623427, 0.22312358275612065, 0.8466734588343899, 0.5881866538881033, 0.32793060236652327, 0.5506668824312583, 0.22225730718437073, 0.2851830410589573, 0.8773092708532775, 0.639934717874278, 0.3852899679129192, 0.6542913247350409, 0.6490975053731121, 0.078102105296258, 0.9970285808227701, 0.3043357530798881, 0.8570637587422019, 0.3251713881107682, 0.08899354963527539, 0.32732145576591176, 0.46295270001853206, 0.6202723879744187, 0.40295248655795846, 0.7917022169101617, 0.9170773649009805, 0.9123254513995829, 0.2704595157195866, 0.004497732323339276, 0.40399158075131236, 0.4401226846072038, 0.8713444535583087, 0.4138100230895617, 0.5252303838245785, 0.375554910119307, 0.6895952264553874, 0.31280917639596173, 0.68610134704716, 0.5544942108197766, 0.8696841245335458, 0.8829492589999223, 0.6972743249559694, 0.5108580111938958, 0.920323466304502, 0.665677797766349, 0.21334071092424023, 0.44434885440845895, 0.8420938515566976, 0.5572430942265776, 0.02982630194332747, 0.656945889383641, 0.9497180017658635, 0.6840630791899397, 0.09390968337565486, 0.30491647107133224, 0.3158088333352165, 0.41403716526734446, 0.5607650524437992, 0.1962848108348992, 0.5159114323636829, 0.4432064323344911, 0.7735753753713573, 0.9102866432253254], BATTLES: 354-236-284-389-338-383-292-279-331-
2, 4, -2340.0, [0.43639675973038444, 0.638474570746905, 0.26037914374057136, 0.474587437653852, 0.3977052207965001, 0.7319361601916293, 0.16141930758544754, 0.41373172672847275, 0.05620377537869792, 0.35754282881879546, 0.8923601507782932, 0.4449822143226435, 0.6376063734697731, 0.781662141908918, 0.32200400826814085, 0.5612960458549658, 0.8238455971249775, 0.022910604920521882, 0.5880532800774751, 0.5806362247184084, 0.8784096119394472, 0.7924778646045513, 0.20060073912368173, 0.07968217624694808, 0.4845523260866097, 0.46108285244727276, 0.8101781435334487, 0.5089358512495513, 0.32398625728518426, 0.269126379712258, 0.27184170623857873, 0.6797845366179532, 0.8267196833569578, 0.14539674614579656, 0.8262567942031505, 0.3176673704691817, 0.7334675686056685, 0.04785395402825382, 0.5968640607386408, 0.7795117403474731, 0.681554795576121, 0.7488978581635787, 0.7623656584672197, 0.17654008025343632, 0.09653160392477556, 0.40193182232999797, 0.0930993387118758, 0.8275833936908126, 0.6794320937162912, 0.7990366241641034, 0.6068882412674467, 0.13358765796449007, 0.30249122878837353, 0.5127720551009649, 0.33932466204640666, 0.049353170886396125, 0.4425206838658108, 0.8659775551995128, 0.7875051378390138, 0.45097266705828065, 0.05731670466462857, 0.666680507653493, 0.18405314923278704], BATTLES: 49-17-29-94-31-54-68-47-50-
2, 5, -1700.0, [0.19060641993465133, 0.23460471769586067, 0.7056744174399509, 0.08123157455030217, 0.3757465037464409, 0.8901837444591537, 0.5736992226435212, 0.9969802914171455, 0.8564272643667973, 0.2954462923413186, 0.08845280320661919, 0.40421238676459303, 0.003729624234292128, 0.3426027308029317, 0.8334207282987841, 0.6004780020341267, 0.709604155928868, 0.47891959016239727, 0.44266564946269027, 0.8647418746808341, 0.3759692863119607, 0.1726858926915874, 0.7358367983741029, 0.9043352407090025, 0.3492075906765365, 0.9625279626405796, 0.2220684570532837, 0.7874053193358322, 0.8107007713466531, 0.35983843990743325, 0.3809006235616813, 0.3566054355926792, 0.23363495600180395, 0.7529589200070997, 0.9433119138145059, 0.13177250084178638, 0.9946966574319908, 0.8839909061020691, 0.6080581584111786, 0.4694967145964547, 0.4414651391652791, 0.1888804952164681, 0.13660959501924175, 0.722865465663052, 0.05643794491721699, 0.650345255396519, 0.4933547303957657, 0.00961879023569312, 0.558978919584508, 0.8585331798713661, 0.5105746524215197, 0.7548088130641346, 0.7356228736382894, 0.4630405029790077, 0.42523767027612525, 0.6792596914946115, 0.12761852735723667, 0.07931232192680615, 0.25837656106842877, 0.6023861825905586, 0.9103227840711433, 0.11566474643652447, 0.1457258709106164], BATTLES: 260-125-274-222-170-258-142-127-122-
2, 6, -1030.0, [0.4192795621734803, 0.6523402934250647, 0.11634856679356831, 0.47047303942760355, 0.2215767382184039, 0.8980592694992388, 0.2412826210139022, 0.7439124031671285, 0.7705306582325728, 0.2785223727870021, 0.7185526288428395, 0.34391641315162336, 0.8900874933819846, 0.5986450402011201, 0.5489197287944806, 0.9978221610318259, 0.34568435359766503, 0.7895788537762299, 0.22023271771763364, 0.6860765022296191, 0.7547820065495446, 0.7479679950227858, 0.683876506657369, 0.0743006929401465, 0.4123221923532254, 0.45878423562122306, 0.6462065678846961, 0.7658197962499305, 0.22608351990658906, 0.09855040837696522, 0.903974561289602, 0.6807902088890314, 0.629436749024313, 0.591446176463286, 0.7176661503219675, 0.8339698402614593, 0.42364249916863084, 0.07216055521516379, 0.966233565844532, 0.6750742871742771, 0.595337564286919, 0.13979208363248946, 0.712498485400245, 0.7814825842340243, 0.19266866147696382, 0.4327677920783435, 0.4898697597913866, 0.1273739173525242, 0.7335715752875149, 0.33117788256654057, 0.8436711810418533, 0.056979761835156906, 0.27038422933957484, 0.847071205361101, 0.9436468617402444, 0.7658488334805689, 0.3280768559141654, 0.39157736411157024, 0.7203752056829947, 0.17643172536201013, 0.6489894843031231, 0.429709963003555, 0.5443940643093806], BATTLES: 42-12-52-80-27-32-55-24-35-
2, 7, -2350.0, [0.9561987449295624, 0.587501165813231, 0.5034592955769024, 0.4772908841626987, 0.9792863656643416, 0.0013480110400636014, 0.6166608589426655, 0.20837824814726635, 0.9203718340444315, 0.951563815531008, 0.7857963054546273, 0.3579059512450282, 0.1743671869072969, 0.11261837109374429, 0.6191020654320074, 0.6123155454282362, 0.5049217217589966, 0.011282032153601684, 0.7979697926140765, 0.29469545262829455, 0.41034233090749406, 0.5360966736704782, 0.8223424261427891, 0.37990322854293623, 0.44724857634477067, 0.23422708731894792, 0.6484415741491625, 0.6482945767476682, 0.34061676275701214, 0.2753029730794886, 0.41748165045845675, 0.7068480432241684, 0.6054094933672, 0.9231614272199734, 0.838761801609143, 0.20217566152099842, 0.654960072847156, 0.24404170826376348, 0.7157296840586764, 0.7377438744595801, 0.44342081639339087, 0.15170780203591794, 0.7077793169892319, 0.9031472007922376, 0.8393836971434074, 0.8707923617719223, 0.394492810235178, 0.08066713481691924, 0.719827954891844, 0.6059091226420406, 0.7391617286554474, 0.4797131318631059, 0.21912760952048868, 0.6142184387498695, 0.9627316947359741, 0.8637915272495672, 0.43592270993717336, 0.21181624665975723, 0.4209674346743092, 0.27910844959830455, 0.7013766761706388, 0.5148963638404239, 0.8189026444132839], BATTLES: 238-182-205-296-269-230-318-284-275-
2, 8, -3448.0, [0.24995713715080692, 0.12990824423068237, 0.26334642606991276, 0.5136753006142581, 0.9803249921554583, 0.5448305803226974, 0.463856951436884, 0.09420266139698691, 0.4389784082556618, 0.5850410399604778, 0.46663910889816995, 0.6484684822059587, 0.4750313443620276, 0.23036126496011516, 0.1778002510575153, 0.3028622002456398, 0.8270430963031173, 0.9562995634841798, 0.07464931889925275, 0.9428854014710211, 0.09045344176371461, 0.5963303883730614, 0.3236103408743405, 0.6753572038281128, 0.3856128197843982, 0.04887077727966138, 0.9520472466132046, 0.11046530518984438, 0.6612329087883758, 0.4311508885779983, 0.1595975115754657, 0.9529308704148791, 0.870772592008769, 0.3897584690296253, 0.4647951526931736, 0.5892290243095102, 0.8902857455672487, 0.5672460910534801, 0.0370376155925749, 0.2610041574429144, 0.15613971277887928, 0.6420871215366863, 0.5553959866775336, 0.17586343884679922, 0.7782862652494498, 0.01976903684433573, 0.18494959133299244, 0.8933455863758399, 0.6536398221585838, 0.339886943953954, 0.23303868989218712, 0.5346851621961083, 0.2331253969576654, 0.363280326910684, 0.2168582944910401, 0.47438753720385624, 0.6505398458481881, 0.979500745640274, 0.6655133829246505, 0.1977597818675002, 0.5048188429522132, 0.23540487221681505, 0.2664000821860384], BATTLES: 406-377-426-428-414-470-283-282-362-
2, 9, -2531.0, [0.9949410799345276, 0.1553215844622966, 0.7713143569025642, 0.49570821904473694, 0.5269507917094092, 0.5763147174473569, 0.5233043633922475, 0.8938340182396478, 0.862774659582441, 0.8392642572690083, 0.6710872632939107, 0.018278085961711876, 0.5844188474907437, 0.9316714294741791, 0.4861708871111204, 0.8506106761112925, 0.8341812999704966, 0.07042204525964496, 0.45599744072738946, 0.5732294418417535, 0.45405921044608183, 0.570922853689892, 0.039105995532408, 0.13615636722209526, 0.3463227071773163, 0.9245657741920129, 0.4784364858293785, 0.3551769503510831, 0.28875725386379003, 0.027532154878912196, 0.6902717338143852, 0.2855297260541615, 0.4559270974228345, 0.9723603058437125, 0.6650254805499912, 0.10024855990452752, 0.05294347129518659, 0.3440854042791994, 0.5616188275020005, 0.9076402976932427, 0.8969891268624184, 0.5201178609770652, 0.21870385230085176, 0.7555420957262022, 0.7556158045904087, 0.5248722243644723, 0.8736200086976257, 0.6832174677056195, 0.10994688437625524, 0.8929406326005905, 0.5030945022872731, 0.12456760725529432, 0.3591416460781519, 0.6868428157192523, 0.11303532149574351, 0.8600003265126601, 0.11687900255290712, 0.32341911457944544, 0.3676838504818294, 0.5408794969668913, 0.0265025009054638, 0.6792392630634413, 0.9410969193644106], BATTLES: 212-140-172-252-190-216-229-204-212-
2, 10, -3239.0, [0.7464596890966447, 0.3512925823297697, 0.2862337936501967, 0.8181025100825733, 0.9884691295843429, 0.32229699036975, 0.7247318320160796, 0.6278733779051339, 0.7688652496846745, 0.45581411803964095, 0.5909490195525282, 0.25173038969374406, 0.44798215518496975, 0.31453195773930853, 0.25096250707885615, 0.6450725729665138, 0.23529176899676252, 0.43363918045063365, 0.5719526397245617, 0.6942903666501157, 0.8292965142746572, 0.12269193573795856, 0.4066196662809253, 0.19442595590507405, 0.7919610237569099, 0.4133491929165488, 0.9244074221541522, 0.7790524958874878, 0.24479015696795547, 0.6875387597152156, 0.24161545254658756, 0.3185842535384435, 0.3498014451139603, 0.14871158295243903, 0.17996963054294657, 0.9111166820157709, 0.7652832565879967, 0.5260691899213088, 0.7272981565110627, 0.38171477713320723, 0.34555713068997695, 0.0184715029670538, 0.8062140812820664, 0.926043812824467, 0.2630048609959078, 0.6660040729787332, 0.7470202917197876, 0.6164646350946629, 0.6131946577895613, 0.14061022574063886, 0.9292197369372888, 0.4852457970668528, 0.7523940440343478, 0.4991965716046416, 0.6340444680465797, 0.6951347583753312, 0.7322867405131795, 0.26281433646064667, 0.22051358936246424, 0.881540044188309, 0.5613932402694328, 0.49125599387250657, 0.9676411892025015], BATTLES: 309-296-283-395-322-363-254-231-295-
2, 11, -3674.0, [0.7250774212080606, 0.7909037442804943, 0.3695025980055121, 0.0024869193504629683, 0.7417745919113345, 0.6575883884271398, 0.3064973710845637, 0.352560510087196, 0.30641617292307, 0.7413965618022081, 0.06643800602960914, 0.5227278717542492, 0.948457082875483, 0.7862044560026048, 0.4804017890984166, 0.04584443709340691, 0.7301376941094048, 0.46926661636930334, 0.7037530608678949, 0.8605580095016101, 0.9835545907868265, 0.529803138077577, 0.35453983445798376, 0.14446237053311878, 0.7459351488956036, 0.1504695821258758, 0.09341361064628717, 0.6456801833647388, 0.0994898854238603, 0.7885326236275894, 0.8148044291484682, 0.8630278887887255, 0.8853518975472792, 0.6699554594398656, 0.600074020353088, 0.2502685847652997, 0.4350018367035424, 0.40713671858748096, 0.290556131469402, 0.5935260337959591, 0.08438423766490821, 0.2047300582745296, 0.27354152560484984, 0.7076813484243264, 0.6244897939658332, 0.25193562800232316, 0.3082891262520033, 0.9278803048705075, 0.7030914646393822, 0.5278727891750248, 0.8234382395929751, 0.028080330530187825, 0.04392557540156378, 0.7736585918985399, 0.6431734027403189, 0.4691598844992266, 0.8542297079560426, 0.6672929602893564, 0.5967219133209178, 0.4744620715165442, 0.2653197491757916, 0.8932240779407146, 0.47731368841855043], BATTLES: 378-356-446-427-416-439-390-397-408-
2, 12, -3666.0, [0.4988721005174306, 0.13721288560099665, 0.2756429732279204, 0.9451328416882547, 0.5787682219374646, 0.9121000804537641, 0.4805506819647103, 0.7946882793068099, 0.8264387751426022, 0.7655985345810653, 0.6481816351191598, 0.27015939774046915, 0.43146651926443336, 0.9828656488163026, 0.01483560235697523, 0.985942251643848, 0.667503661672753, 0.2798073828390162, 0.9842460248888958, 0.7002837027957798, 0.4165168123315466, 0.9276917842623975, 0.19311071082765296, 0.08785890609149738, 0.5731351691260029, 0.8622462283060287, 0.39166916628270787, 0.5166317956756357, 0.3092688870756515, 0.1602148517436801, 0.8152211140928493, 0.5650194835994661, 0.6645477176298682, 0.8368494401928419, 0.7413047735421645, 0.17429653871413076, 0.05354568729391851, 0.9417388561124155, 0.9413547680152371, 0.9635058642810845, 0.863410705945379, 0.600904521146153, 0.1988526995640777, 0.7915081955508555, 0.47122497102828864, 0.1738991405044088, 0.867612632774199, 0.8929908142724543, 0.04120284831304322, 0.8524575394705914, 0.6542820987227145, 0.23104635637572857, 0.5807114105448533, 0.3330387248923582, 0.09946343298064741, 0.4962254418504195, 0.2561185997960974, 0.5723179308721159, 0.17876841721891146, 0.39680336740859334, 0.526016555257105, 0.4715508147216999, 0.9029112993121658], BATTLES: 447-401-460-479-459-454-283-301-382-
2, 13, -2306.0, [0.9043555669105441, 0.8222825448654484, 0.7168378133518429, 0.9553880979468035, 0.9908455928794379, 0.22285380648900777, 0.3942068596824171, 0.48447361326117355, 0.833306506432493, 0.9444657510500474, 0.5462295979040546, 0.8326053791018786, 0.47457080481461633, 0.8775738451034031, 0.4748245891387367, 0.21770101873182168, 0.722324475579057, 0.6851278419362388, 0.29059430716998913, 0.17634239058537138, 0.7138260806227055, 0.345504884465325, 0.8809812028738762, 0.051523965317724185, 0.5088426585449153, 0.1608213663734025, 0.0015366464053613305, 0.6312188746954835, 0.6378619538096836, 0.4834049274992993, 0.46072562175946474, 0.9286342336820254, 0.34169233941665456, 0.9144509516615201, 0.35449102984839487, 0.7925314960067426, 0.7329512286635383, 0.2743309766528951, 0.11387262322558589, 0.34826867264134964, 0.3630431994501031, 0.6554791209349623, 0.25711547791920153, 0.7834530924580287, 0.7230362464502625, 0.42337280896053797, 0.18356602946271416, 0.01579697535699265, 0.9564397994037558, 0.08627815528022342, 0.5887506498050135, 0.662207028456557, 0.5795315266208766, 0.5714495873879559, 0.6811962652137972, 0.3692956485953667, 0.9183929341625567, 0.15384153131509704, 0.5750989917943341, 0.9367907936920526, 0.8657490339252916, 0.09581972321831611, 0.5731248984076548], BATTLES: 203-176-215-283-244-255-346-284-300-
2, 14, -4041.0, [0.7226081475258992, 0.6788290377238628, 0.1019293837004488, 0.14318406851085208, 0.546070153554415, 0.5657598932078165, 0.3385991539484051, 0.5584065177362789, 0.4437153640381637, 0.6025713600058816, 0.7617859689223393, 0.4339241377730131, 0.9921764566209644, 0.896903067223931, 0.6477552030264535, 0.6654708469983246, 0.5152713293392028, 0.2767972777961263, 0.744102180736296, 0.9917556518332228, 0.8985223561383944, 0.5718267523904208, 0.6993938532725237, 0.18551332879725768, 0.35563294735580775, 0.2108052888672881, 0.8678521280198812, 0.6082594915885663, 0.10768133900517585, 0.1914320821175286, 0.3472095533336286, 0.9033376231006299, 0.9281037110206342, 0.24482927630623952, 0.9901057514102556, 0.6365574174460009, 0.7903413763696627, 0.10663829136502923, 0.08527312994808678, 0.324291573404313, 0.3605933262410833, 0.36380708239748616, 0.7600768558230441, 0.8003976466008897, 0.4813646134938986, 0.7564204149487441, 0.2226707234929699, 0.13691100992635696, 0.7383464683584925, 0.19836126432606027, 0.9006152867608157, 0.00524027882755973, 0.062309585531453826, 0.8846704366619, 0.9617308394357009, 0.6585288974819727, 0.8106797548418547, 0.6858868393452413, 0.7165397178334149, 0.010449323333349025, 0.7115850511705022, 0.9386345297286449, 0.7468701053784511], BATTLES: 421-425-401-504-462-443-486-467-432-
3, 0, -2931.0, [0.3252243337531217, 0.7446873258499666, 0.7093849707283104, 0.9828613325318525, 0.5353254267419305, 0.9688008528524259, 0.3626911461517126, 0.1424685992812249, 0.867324775639396, 0.42365442876897785, 0.957096856561561, 0.5503636076963763, 0.8107763092154724, 0.6003723292225451, 0.22053037996446218, 0.7617553190021797, 0.5613407374961478, 0.29268307957462264, 0.5034235332026461, 0.14007710018631547, 0.45914093218862323, 0.1955774701943485, 0.544855861614253, 0.7156111553574445, 0.7439789790053569, 0.5926510151593646, 0.2226627011059712, 0.614311363436546, 0.47453037130651665, 0.5949613531734453, 0.5181905959206878, 0.9254399411169348, 0.3556557712775422, 0.02630353380257318, 0.41395446600066144, 0.3959785429806697, 0.9932386626426358, 0.7506232666198213, 0.7774986764018879, 0.5563767095840624, 0.7545666923359331, 0.3608057549876842, 0.22463292969545523, 0.8273620858133693, 0.33002939715644486, 0.5468762422515852, 0.9641204891804194, 0.26392281173134924, 0.4901711699670709, 0.32849160501422414, 0.9445757826754444, 0.23923085831441937, 0.2996725777801902, 0.40112372303678057, 0.2485376781885592, 0.5827402697184063, 0.595838757650296, 0.10322775278812185, 0.258004690633956, 0.7150780563576367, 0.9416190705679273, 0.8843572617684188, 0.542968766754969], BATTLES: 321-258-372-351-289-342-333-280-340-
3, 1, -3320.0, [0.47976041900174043, 0.1822013087685816, 0.19688724303018118, 0.6320902756900625, 0.6644683404967127, 0.970612340445114, 0.2688628709159719, 0.9099164394441199, 0.8556813388268968, 0.4137247264117877, 0.8696241647456293, 0.4663976559238786, 0.5827568461887254, 0.7122128437193029, 0.22196135915233628, 0.5205128836835543, 0.5465237903224944, 0.622959781319374, 0.5128286275622979, 0.8753011839042064, 0.47419225438257595, 0.941516168697422, 0.5228098848484087, 0.29162024060487574, 0.816587620717071, 0.5107604924441553, 0.4012548453043262, 0.3998268305010854, 0.42905286974112355, 0.17802202661820082, 0.9122597467742806, 0.5279284829889768, 0.7148213736997491, 0.9941987662349479, 0.8781328228220605, 0.0891852601925861, 0.08799752782562403, 0.7175112347983976, 0.6878870840523181, 0.5358803730644525, 0.4335896362899303, 0.4930066225155294, 0.4975342226913459, 0.39263838811363216, 0.5964373501882444, 0.31470318234704786, 0.8192721419903901, 0.7464395880331821, 0.07705113577960987, 0.9591657946937149, 0.8379082829151291, 0.1080250837060962, 0.6746835299687962, 0.4147630340604515, 0.9342617393639374, 0.8302313702031293, 0.7380826085984371, 0.7459110042307616, 0.07783960690008473, 0.3369183990649187, 0.8895686195321584, 0.18583875704356134, 0.9745563419477872], BATTLES: 417-366-428-438-431-407-243-247-343-
3, 2, -3198.0, [0.6207763677289104, 0.184445658712847, 0.16618758795170913, 0.5118868665268593, 0.6821900328709335, 0.790640884822835, 0.14403173923416257, 0.6660913498626464, 0.2753612662364129, 0.7558411847047557, 0.12544938636125313, 0.00864387459765481, 0.34788461707268115, 0.9668496382782864, 0.20252387966856344, 0.33660527757059266, 0.030786186148413996, 0.016034405651788486, 0.6217852470712497, 0.6929288801287706, 0.32537369299869956, 0.9286028960499291, 0.237093141446084, 0.13465990031900657, 0.12337188859447218, 0.4204723130205867, 0.8200821851585867, 0.5059376923319332, 0.24648412373984155, 0.2826523876428822, 0.33075802368815677, 0.7303328154420032, 0.8615281803144412, 0.7703938778875676, 0.7627551474525264, 0.43130789721780893, 0.2497288675199385, 0.6146917007580942, 0.16085244720313824, 0.6663141222966861, 0.3246456701217923, 0.34058196245240985, 0.6098607149908659, 0.9796050870444429, 0.4740332243624466, 0.33022139260388833, 0.16595741946573378, 0.8809330589747403, 0.6291304746372377, 0.8347894583766271, 0.1810177885545688, 0.1931902620968705, 0.4737877540388601, 0.3408445969090035, 0.5350070621608175, 0.5578757092789375, 0.27702988037134846, 0.8346796382851203, 0.9659938239973622, 0.16492484213580644, 0.43310014978840533, 0.5703554546372291, 0.16044637487455643], BATTLES: 286-245-336-310-261-300-193-227-235-
3, 3, -3179.0, [0.3742854792102256, 0.012548162760623427, 0.22312358275612065, 0.8466734588343899, 0.5881866538881033, 0.32793060236652327, 0.5506668824312583, 0.22225730718437073, 0.2851830410589573, 0.8773092708532775, 0.639934717874278, 0.3852899679129192, 0.6542913247350409, 0.6490975053731121, 0.078102105296258, 0.9970285808227701, 0.3043357530798881, 0.8570637587422019, 0.3251713881107682, 0.08899354963527539, 0.32732145576591176, 0.46295270001853206, 0.6202723879744187, 0.40295248655795846, 0.7917022169101617, 0.9170773649009805, 0.9123254513995829, 0.2704595157195866, 0.004497732323339276, 0.40399158075131236, 0.4401226846072038, 0.8713444535583087, 0.4138100230895617, 0.5252303838245785, 0.375554910119307, 0.6895952264553874, 0.31280917639596173, 0.68610134704716, 0.5544942108197766, 0.8696841245335458, 0.8829492589999223, 0.6972743249559694, 0.5108580111938958, 0.920323466304502, 0.665677797766349, 0.21334071092424023, 0.44434885440845895, 0.8420938515566976, 0.5572430942265776, 0.02982630194332747, 0.656945889383641, 0.9497180017658635, 0.6840630791899397, 0.09390968337565486, 0.30491647107133224, 0.3158088333352165, 0.41403716526734446, 0.5607650524437992, 0.1962848108348992, 0.5159114323636829, 0.4432064323344911, 0.7735753753713573, 0.9102866432253254], BATTLES: 350-308-346-395-375-402-321-323-359-
3, 4, -3388.0, [0.43639675973038444, 0.5086767613541704, 0.09298827066872695, 0.474587437653852, 0.3977052207965001, 0.7319361601916293, 0.43173636573116364, 0.41373172672847275, 0.44546770542329106, 0.35754282881879546, 0.8923601507782932, 0.13698285922180192, 0.6099181857256739, 0.781662141908918, 0.533339701949257, 0.5612960458549658, 0.8238455971249775, 0.022910604920521882, 0.5880532800774751, 0.5806362247184084, 0.9392048059697236, 0.6060628950344749, 0.20060073912368173, 0.03984108812347404, 0.4845523260866097, 0.46108285244727276, 0.8968560699990795, 0.9290495897415423, 0.14183766900149797, 0.269126379712258, 0.27184170623857873, 0.5627719819485186, 0.8267196833569578, 0.4899585476898127, 0.8262567942031505, 0.3176673704691817, 0.7334675686056685, 0.04785395402825382, 0.40293333106567925, 0.587270359162724, 0.2943848804206164, 0.16370013377705483, 0.7623656584672197, 0.5633495101534152, 0.3758035683936894, 0.3849472126314303, 0.0930993387118758, 0.8275833936908126, 0.757620642071637, 0.7990366241641034, 0.7141336496622079, 0.20848452223202515, 0.45373110308075165, 0.7740069169073366, 0.33932466204640666, 0.5697948539748081, 0.4425206838658108, 0.8659775551995128, 0.7875051378390138, 0.5522252861315786, 0.05731670466462857, 0.666680507653493, 0.18405314923278704], BATTLES: 122-82-202-225-167-236-348-233-276-
3, 5, -1188.0, [0.19060641993465133, 0.23460471769586067, 0.7056744174399509, 0.08123157455030217, 0.3757465037464409, 0.8901837444591537, 0.5736992226435212, 0.9969802914171455, 0.8564272643667973, 0.2954462923413186, 0.08845280320661919, 0.40421238676459303, 0.003729624234292128, 0.3426027308029317, 0.8334207282987841, 0.6004780020341267, 0.709604155928868, 0.47891959016239727, 0.44266564946269027, 0.8647418746808341, 0.3759692863119607, 0.1726858926915874, 0.7358367983741029, 0.9043352407090025, 0.3492075906765365, 0.9625279626405796, 0.2220684570532837, 0.7874053193358322, 0.8107007713466531, 0.35983843990743325, 0.3809006235616813, 0.3566054355926792, 0.23363495600180395, 0.7529589200070997, 0.9433119138145059, 0.13177250084178638, 0.9946966574319908, 0.8839909061020691, 0.6080581584111786, 0.4694967145964547, 0.4414651391652791, 0.1888804952164681, 0.13660959501924175, 0.722865465663052, 0.05643794491721699, 0.650345255396519, 0.4933547303957657, 0.00961879023569312, 0.558978919584508, 0.8585331798713661, 0.5105746524215197, 0.7548088130641346, 0.7356228736382894, 0.4630405029790077, 0.42523767027612525, 0.6792596914946115, 0.12761852735723667, 0.07931232192680615, 0.25837656106842877, 0.6023861825905586, 0.9103227840711433, 0.11566474643652447, 0.1457258709106164], BATTLES: 203-70-217-164-89-207-85-75-78-
3, 6, -3550.0, [0.6386900357450509, 0.6523402934250647, 0.11634856679356831, 0.23523651971380177, 0.5097108729034697, 0.6525672432237848, 0.2412826210139022, 0.756140152277079, 0.6167454859662761, 0.5977142990825762, 0.7185526288428395, 0.34391641315162336, 0.9450437466909922, 0.5986450402011201, 0.5489197287944806, 0.5949635941717709, 0.34568435359766503, 0.7895788537762299, 0.5804098276267018, 0.6860765022296191, 0.8773910032747723, 0.7479679950227858, 0.5306350438621575, 0.03715034647007325, 0.33131638781304207, 0.19797968533309573, 0.7805024547157259, 0.9450942289463545, 0.22608351990658906, 0.1577882412052884, 0.903974561289602, 0.8619385774100969, 0.629436749024313, 0.7388948116124904, 0.7176661503219675, 0.6633194677331958, 0.42364249916863084, 0.07216055521516379, 0.282278356489518, 0.6750742871742771, 0.28445535188135374, 0.06847367157132453, 0.7604858440191848, 0.7790314020470224, 0.5140239706341916, 0.44655271551568454, 0.4898697597913866, 0.20596199510546292, 0.8418412975201335, 0.33117788256654057, 0.8117448637697429, 0.056979761835156906, 0.0842530506282603, 0.9235356026805506, 0.9718234308701221, 0.8768835419958099, 0.7635879770906667, 0.7029492628834895, 0.8590544554747283, 0.08821586268100506, 0.5531220687514206, 0.6872311777896712, 0.5443940643093806], BATTLES: 64-45-150-56-17-49-145-53-101-
3, 7, -1820.0, [0.9561987449295624, 0.587501165813231, 0.5034592955769024, 0.4772908841626987, 0.9792863656643416, 0.0013480110400636014, 0.6166608589426655, 0.20837824814726635, 0.9203718340444315, 0.951563815531008, 0.7857963054546273, 0.3579059512450282, 0.1743671869072969, 0.11261837109374429, 0.6191020654320074, 0.6123155454282362, 0.5049217217589966, 0.011282032153601684, 0.7979697926140765, 0.29469545262829455, 0.41034233090749406, 0.5360966736704782, 0.8223424261427891, 0.37990322854293623, 0.44724857634477067, 0.23422708731894792, 0.6484415741491625, 0.6482945767476682, 0.34061676275701214, 0.2753029730794886, 0.41748165045845675, 0.7068480432241684, 0.6054094933672, 0.9231614272199734, 0.838761801609143, 0.20217566152099842, 0.654960072847156, 0.24404170826376348, 0.7157296840586764, 0.7377438744595801, 0.44342081639339087, 0.15170780203591794, 0.7077793169892319, 0.9031472007922376, 0.8393836971434074, 0.8707923617719223, 0.394492810235178, 0.08066713481691924, 0.719827954891844, 0.6059091226420406, 0.7391617286554474, 0.4797131318631059, 0.21912760952048868, 0.6142184387498695, 0.9627316947359741, 0.8637915272495672, 0.43592270993717336, 0.21181624665975723, 0.4209674346743092, 0.27910844959830455, 0.7013766761706388, 0.5148963638404239, 0.8189026444132839], BATTLES: 163-132-136-227-212-163-287-262-238-
3, 8, -3231.0, [0.24995713715080692, 0.41859820486606836, 0.26334642606991276, 0.5136753006142581, 0.5721133329144428, 0.5448305803226974, 0.345125494480708, 0.09420266139698691, 0.34543270337641707, 0.5198361134981389, 0.23331955444908498, 0.6484684822059587, 0.4750313443620276, 0.23036126496011516, 0.42387653608852566, 0.22163044675846882, 0.8270430963031173, 0.9470665226984363, 0.07464931889925275, 0.9428854014710211, 0.09045344176371461, 0.4371451414319979, 0.2971537067311474, 0.5583148961381708, 0.3856128197843982, 0.04887077727966138, 0.9520472466132046, 0.11046530518984438, 0.6175992690006517, 0.6415225148722954, 0.1595975115754657, 0.9529308704148791, 0.870772592008769, 0.3897584690296253, 0.5789640791626669, 0.5892290243095102, 0.8902857455672487, 0.5672460910534801, 0.10646706616457388, 0.2916016915061761, 0.06431985349088717, 0.3601761303929737, 0.14931972648076186, 0.34320980238678944, 0.7782862652494498, 0.01976903684433573, 0.18494959133299244, 0.8933455863758399, 0.7531566477173135, 0.339886943953954, 0.7296723678041683, 0.5346851621961083, 0.32372707898463376, 0.6396237623312592, 0.2168582944910401, 0.47438753720385624, 0.6505398458481881, 0.979500745640274, 0.676493192001988, 0.1977597818675002, 0.8202676645060696, 0.23540487221681505, 0.2664000821860384], BATTLES: 362-330-396-400-368-419-229-218-297-
3, 9, -2011.0, [0.9949410799345276, 0.1553215844622966, 0.7713143569025642, 0.49570821904473694, 0.5269507917094092, 0.5763147174473569, 0.5233043633922475, 0.8938340182396478, 0.862774659582441, 0.8392642572690083, 0.6710872632939107, 0.018278085961711876, 0.5844188474907437, 0.9316714294741791, 0.4861708871111204, 0.8506106761112925, 0.8341812999704966, 0.07042204525964496, 0.45599744072738946, 0.5732294418417535, 0.45405921044608183, 0.570922853689892, 0.039105995532408, 0.13615636722209526, 0.3463227071773163, 0.9245657741920129, 0.4784364858293785, 0.3551769503510831, 0.28875725386379003, 0.027532154878912196, 0.6902717338143852, 0.2855297260541615, 0.4559270974228345, 0.9723603058437125, 0.6650254805499912, 0.10024855990452752, 0.05294347129518659, 0.3440854042791994, 0.5616188275020005, 0.9076402976932427, 0.8969891268624184, 0.5201178609770652, 0.21870385230085176, 0.7555420957262022, 0.7556158045904087, 0.5248722243644723, 0.8736200086976257, 0.6832174677056195, 0.10994688437625524, 0.8929406326005905, 0.5030945022872731, 0.12456760725529432, 0.3591416460781519, 0.6868428157192523, 0.11303532149574351, 0.8600003265126601, 0.11687900255290712, 0.32341911457944544, 0.3676838504818294, 0.5408794969668913, 0.0265025009054638, 0.6792392630634413, 0.9410969193644106], BATTLES: 265-194-255-269-201-250-192-198-187-
3, 10, -3168.0, [0.7464596890966447, 0.5291851839293599, 0.14136135287945023, 0.8181025100825733, 0.9884691295843429, 0.07081363821509101, 0.7247318320160796, 0.3054564288053875, 0.6922062117798805, 0.7390879339757682, 0.5909490195525282, 0.25173038969374406, 0.8686922134485091, 0.6572659788696542, 0.25096250707885615, 0.8225362864832568, 0.07867574204373556, 0.2684093388244094, 0.5719526397245617, 0.6942903666501157, 0.9146482571373287, 0.12269193573795856, 0.7869435007837584, 0.19442595590507405, 0.7724500236060277, 0.4133491929165488, 0.9244074221541522, 0.7790524958874878, 0.24479015696795547, 0.34991016728879815, 0.5797106193353299, 0.3185842535384435, 0.3498014451139603, 0.14871158295243903, 0.6451155935025408, 0.9111166820157709, 0.7317139633231157, 0.5260691899213088, 0.7272981565110627, 0.7374039491102873, 0.824220641349724, 0.2769021045636588, 0.8062140812820664, 0.9630219064122335, 0.2630048609959078, 0.849242572701092, 0.5035612642143394, 0.6164646350946629, 0.8253983073029132, 0.14061022574063886, 0.9646098684686444, 0.4852457970668528, 0.7523940440343478, 0.4991965716046416, 0.6340444680465797, 0.6951347583753312, 0.7322867405131795, 0.2656125901048878, 0.22051358936246424, 0.881540044188309, 0.5613932402694328, 0.49125599387250657, 0.9838205946012508], BATTLES: 289-257-270-409-348-341-259-256-313-
3, 11, -3267.0, [0.7250774212080606, 0.7909037442804943, 0.3695025980055121, 0.0024869193504629683, 0.7417745919113345, 0.6575883884271398, 0.3064973710845637, 0.352560510087196, 0.30641617292307, 0.7413965618022081, 0.06643800602960914, 0.5227278717542492, 0.948457082875483, 0.7862044560026048, 0.4804017890984166, 0.04584443709340691, 0.7301376941094048, 0.46926661636930334, 0.7037530608678949, 0.8605580095016101, 0.9835545907868265, 0.529803138077577, 0.35453983445798376, 0.14446237053311878, 0.7459351488956036, 0.1504695821258758, 0.09341361064628717, 0.6456801833647388, 0.0994898854238603, 0.7885326236275894, 0.8148044291484682, 0.8630278887887255, 0.8853518975472792, 0.6699554594398656, 0.600074020353088, 0.2502685847652997, 0.4350018367035424, 0.40713671858748096, 0.290556131469402, 0.5935260337959591, 0.08438423766490821, 0.2047300582745296, 0.27354152560484984, 0.7076813484243264, 0.6244897939658332, 0.25193562800232316, 0.3082891262520033, 0.9278803048705075, 0.7030914646393822, 0.5278727891750248, 0.8234382395929751, 0.028080330530187825, 0.04392557540156378, 0.7736585918985399, 0.6431734027403189, 0.4691598844992266, 0.8542297079560426, 0.6672929602893564, 0.5967219133209178, 0.4744620715165442, 0.2653197491757916, 0.8932240779407146, 0.47731368841855043], BATTLES: 349-303-403-396-343-393-327-403-350-
3, 12, -3388.0, [0.4988721005174306, 0.13721288560099665, 0.2756429732279204, 0.9451328416882547, 0.5787682219374646, 0.9121000804537641, 0.4805506819647103, 0.7946882793068099, 0.8264387751426022, 0.7655985345810653, 0.6481816351191598, 0.27015939774046915, 0.43146651926443336, 0.9828656488163026, 0.01483560235697523, 0.985942251643848, 0.667503661672753, 0.2798073828390162, 0.9842460248888958, 0.7002837027957798, 0.4165168123315466, 0.9276917842623975, 0.19311071082765296, 0.08785890609149738, 0.5731351691260029, 0.8622462283060287, 0.39166916628270787, 0.5166317956756357, 0.3092688870756515, 0.1602148517436801, 0.8152211140928493, 0.5650194835994661, 0.6645477176298682, 0.8368494401928419, 0.7413047735421645, 0.17429653871413076, 0.05354568729391851, 0.9417388561124155, 0.9413547680152371, 0.9635058642810845, 0.863410705945379, 0.600904521146153, 0.1988526995640777, 0.7915081955508555, 0.47122497102828864, 0.1738991405044088, 0.867612632774199, 0.8929908142724543, 0.04120284831304322, 0.8524575394705914, 0.6542820987227145, 0.23104635637572857, 0.5807114105448533, 0.3330387248923582, 0.09946343298064741, 0.4962254418504195, 0.2561185997960974, 0.5723179308721159, 0.17876841721891146, 0.39680336740859334, 0.526016555257105, 0.4715508147216999, 0.9029112993121658], BATTLES: 441-368-420-466-429-436-232-249-347-
3, 13, -2296.0, [0.5779421154655224, 0.8222825448654484, 0.1821070416616235, 0.6549788112962162, 0.9908455928794379, 0.3165979392887711, 0.3942068596824171, 0.16408100558009048, 0.833306506432493, 0.7820263758274382, 0.5462295979040546, 0.8326053791018786, 0.47457080481461633, 0.8775738451034031, 0.47627290166719316, 0.4834856707199481, 0.722324475579057, 0.8864015475409557, 0.29059430716998913, 0.17634239058537138, 0.7138260806227055, 0.345504884465325, 0.7299392839401975, 0.051523965317724185, 0.45984746613989225, 0.1722706770612325, 0.0015366464053613305, 0.6312188746954835, 0.6378619538096836, 0.22303695505095789, 0.45872024475615114, 0.9286342336820254, 0.34169233941665456, 0.9144509516615201, 0.35449102984839487, 0.7925314960067426, 0.7329512286635383, 0.2743309766528951, 0.11387262322558589, 0.34826867264134964, 0.3630431994501031, 0.731037961030567, 0.25711547791920153, 0.7630017685148373, 0.9079134055702166, 0.25173888093537006, 0.18356602946271416, 0.01579697535699265, 0.9564397994037558, 0.04313907764011171, 0.5887506498050135, 0.662207028456557, 0.49625006550048756, 0.6234195780628246, 0.6811962652137972, 0.22150080096390623, 0.9183929341625567, 0.28379907204259863, 0.5750989917943341, 0.9367907936920526, 0.8657490339252916, 0.49212697450633014, 0.7865624492038275], BATTLES: 141-127-165-229-173-191-286-240-253-
3, 14, -3739.0, [0.7226081475258992, 0.6788290377238628, 0.1019293837004488, 0.14318406851085208, 0.546070153554415, 0.5657598932078165, 0.3385991539484051, 0.5584065177362789, 0.4437153640381637, 0.6025713600058816, 0.7617859689223393, 0.4339241377730131, 0.9921764566209644, 0.896903067223931, 0.6477552030264535, 0.6654708469983246, 0.5152713293392028, 0.2767972777961263, 0.744102180736296, 0.9917556518332228, 0.8985223561383944, 0.5718267523904208, 0.6993938532725237, 0.18551332879725768, 0.35563294735580775, 0.2108052888672881, 0.8678521280198812, 0.6082594915885663, 0.10768133900517585, 0.1914320821175286, 0.3472095533336286, 0.9033376231006299, 0.9281037110206342, 0.24482927630623952, 0.9901057514102556, 0.6365574174460009, 0.7903413763696627, 0.10663829136502923, 0.08527312994808678, 0.324291573404313, 0.3605933262410833, 0.36380708239748616, 0.7600768558230441, 0.8003976466008897, 0.4813646134938986, 0.7564204149487441, 0.2226707234929699, 0.13691100992635696, 0.7383464683584925, 0.19836126432606027, 0.9006152867608157, 0.00524027882755973, 0.062309585531453826, 0.8846704366619, 0.9617308394357009, 0.6585288974819727, 0.8106797548418547, 0.6858868393452413, 0.7165397178334149, 0.010449323333349025, 0.7115850511705022, 0.9386345297286449, 0.7468701053784511], BATTLES: 369-367-371-503-420-423-450-436-400-
4, 0, -3344.0, [0.7279708560053659, 0.7446873258499666, 0.2766323968424726, 0.5197046755609447, 0.5353254267419305, 0.9834037972841206, 0.2220056083285299, 0.9333704543314127, 0.8628897972489902, 0.42365442876897785, 0.957096856561561, 0.5503636076963763, 0.9964375744658165, 0.6003723292225451, 0.22053037996446218, 0.8396903082821952, 0.35162266494088523, 0.29268307957462264, 0.5034235332026461, 0.643581187518351, 0.45914093218862323, 0.6588450732562222, 0.544855861614253, 0.12879458010188888, 0.7439789790053569, 0.5926510151593646, 0.2832794995679599, 0.796237902501173, 0.08986544931267743, 0.5949613531734453, 0.8917156238088186, 0.9254399411169348, 0.6231080311494093, 0.02630353380257318, 0.41395446600066144, 0.3959785429806697, 0.34776146965661403, 0.7506232666198213, 0.7774986764018879, 0.5838548872265112, 0.7545666923359331, 0.2670014041799636, 0.5313110425492891, 0.8273620858133693, 0.310435106827779, 0.5468762422515852, 0.9641204891804194, 0.08802722624781287, 0.2792813879610661, 0.32849160501422414, 0.9722878913377222, 0.11961542915720969, 0.2996725777801902, 0.7446914399481616, 0.6242688390942797, 0.8599119042695555, 0.790013683365264, 0.10322775278812185, 0.17507858717897984, 0.351962928230891, 0.9708095352839636, 0.8873825159772369, 0.542968766754969], BATTLES: 290-198-304-325-254-320-267-261-294-
4, 1, -3026.0, [0.47976041900174043, 0.1822013087685816, 0.19688724303018118, 0.6320902756900625, 0.6644683404967127, 0.970612340445114, 0.2688628709159719, 0.9099164394441199, 0.8556813388268968, 0.4137247264117877, 0.8696241647456293, 0.4663976559238786, 0.5827568461887254, 0.7122128437193029, 0.22196135915233628, 0.5205128836835543, 0.5465237903224944, 0.622959781319374, 0.5128286275622979, 0.8753011839042064, 0.47419225438257595, 0.941516168697422, 0.5228098848484087, 0.29162024060487574, 0.816587620717071, 0.5107604924441553, 0.4012548453043262, 0.3998268305010854, 0.42905286974112355, 0.17802202661820082, 0.9122597467742806, 0.5279284829889768, 0.7148213736997491, 0.9941987662349479, 0.8781328228220605, 0.0891852601925861, 0.08799752782562403, 0.7175112347983976, 0.6878870840523181, 0.5358803730644525, 0.4335896362899303, 0.4930066225155294, 0.4975342226913459, 0.39263838811363216, 0.5964373501882444, 0.31470318234704786, 0.8192721419903901, 0.7464395880331821, 0.07705113577960987, 0.9591657946937149, 0.8379082829151291, 0.1080250837060962, 0.6746835299687962, 0.4147630340604515, 0.9342617393639374, 0.8302313702031293, 0.7380826085984371, 0.7459110042307616, 0.07783960690008473, 0.3369183990649187, 0.8895686195321584, 0.18583875704356134, 0.9745563419477872], BATTLES: 388-323-397-426-375-399-209-206-303-
4, 2, -2876.0, [0.6207763677289104, 0.184445658712847, 0.16618758795170913, 0.5118868665268593, 0.6821900328709335, 0.790640884822835, 0.14403173923416257, 0.6660913498626464, 0.2753612662364129, 0.7558411847047557, 0.12544938636125313, 0.00864387459765481, 0.34788461707268115, 0.9668496382782864, 0.20252387966856344, 0.33660527757059266, 0.030786186148413996, 0.016034405651788486, 0.6217852470712497, 0.6929288801287706, 0.32537369299869956, 0.9286028960499291, 0.237093141446084, 0.13465990031900657, 0.12337188859447218, 0.4204723130205867, 0.8200821851585867, 0.5059376923319332, 0.24648412373984155, 0.2826523876428822, 0.33075802368815677, 0.7303328154420032, 0.8615281803144412, 0.7703938778875676, 0.7627551474525264, 0.43130789721780893, 0.2497288675199385, 0.6146917007580942, 0.16085244720313824, 0.6663141222966861, 0.3246456701217923, 0.34058196245240985, 0.6098607149908659, 0.9796050870444429, 0.4740332243624466, 0.33022139260388833, 0.16595741946573378, 0.8809330589747403, 0.6291304746372377, 0.8347894583766271, 0.1810177885545688, 0.1931902620968705, 0.4737877540388601, 0.3408445969090035, 0.5350070621608175, 0.5578757092789375, 0.27702988037134846, 0.8346796382851203, 0.9659938239973622, 0.16492484213580644, 0.43310014978840533, 0.5703554546372291, 0.16044637487455643], BATTLES: 353-290-338-415-296-364-270-246-304-
4, 3, -3302.0, [0.5308748098156544, 0.7377090427292048, 0.26207268976020165, 0.6300600309685271, 0.5881866538881033, 0.794701430242281, 0.376075349673587, 0.44367248332077913, 0.67274257013642, 0.8773092708532775, 0.819967358937139, 0.3852899679129192, 0.8271456623675204, 0.7532668086490488, 0.1735324464226716, 0.9970285808227701, 0.3043357530798881, 0.8570637587422019, 0.3251713881107682, 0.5880956421399987, 0.32732145576591176, 0.5580399125766259, 0.6222110064198648, 0.4527763307719245, 0.6347853552074035, 0.9170773649009805, 0.9123254513995829, 0.2704595157195866, 0.3020810983920027, 0.39269470321375266, 0.5335743158323615, 0.916390555908488, 0.8099744211807633, 0.11744510615955867, 0.7172128173407462, 0.6215451150792688, 0.7089580029599052, 0.37275311041806425, 0.6428970996411101, 0.42036724745971776, 0.4928949665957134, 0.23221781903294986, 0.6449886780061905, 0.920323466304502, 0.5881918903140051, 0.21334071092424023, 0.6003270161876186, 0.25320054692998056, 0.5572430942265776, 0.2742899941923208, 0.8284729446918204, 0.08375354991099843, 0.1204323238204642, 0.09390968337565486, 0.6190958682027935, 0.7190658475188045, 0.7167095114484164, 0.4705523053351819, 0.47703376343386233, 0.3100407698916851, 0.9004033157146636, 0.9449891895912321, 0.9102866432253254], BATTLES: 296-238-335-366-331-380-271-274-301-
4, 4, -3115.0, [0.43639675973038444, 0.5086767613541704, 0.09298827066872695, 0.474587437653852, 0.3977052207965001, 0.7319361601916293, 0.43173636573116364, 0.41373172672847275, 0.44546770542329106, 0.35754282881879546, 0.8923601507782932, 0.13698285922180192, 0.6099181857256739, 0.781662141908918, 0.533339701949257, 0.5612960458549658, 0.8238455971249775, 0.022910604920521882, 0.5880532800774751, 0.5806362247184084, 0.9392048059697236, 0.6060628950344749, 0.20060073912368173, 0.03984108812347404, 0.4845523260866097, 0.46108285244727276, 0.8968560699990795, 0.9290495897415423, 0.14183766900149797, 0.269126379712258, 0.27184170623857873, 0.5627719819485186, 0.8267196833569578, 0.4899585476898127, 0.8262567942031505, 0.3176673704691817, 0.7334675686056685, 0.04785395402825382, 0.40293333106567925, 0.587270359162724, 0.2943848804206164, 0.16370013377705483, 0.7623656584672197, 0.5633495101534152, 0.3758035683936894, 0.3849472126314303, 0.0930993387118758, 0.8275833936908126, 0.757620642071637, 0.7990366241641034, 0.7141336496622079, 0.20848452223202515, 0.45373110308075165, 0.7740069169073366, 0.33932466204640666, 0.5697948539748081, 0.4425206838658108, 0.8659775551995128, 0.7875051378390138, 0.5522252861315786, 0.05731670466462857, 0.666680507653493, 0.18405314923278704], BATTLES: 309-225-357-448-313-364-412-315-372-
4, 5, -1722.0, [0.19060641993465133, 0.633337986559625, 0.7056744174399509, 0.08123157455030217, 0.594098632113152, 0.8952335975049508, 0.3957778636587508, 0.9969802914171455, 0.8262285286775576, 0.2971396494762232, 0.5241975919119586, 0.388407146248854, 0.003729624234292128, 0.5301032951928967, 0.8334207282987841, 0.4761466758376917, 0.709604155928868, 0.3785887000306409, 0.6498251457329873, 0.8647418746808341, 0.8340350312184834, 0.1726858926915874, 0.688917625474865, 0.9043352407090025, 0.24870990013946537, 0.41518091186496003, 0.46879507855009656, 0.7874053193358322, 0.6298676019383459, 0.20554672471306773, 0.6129667633516066, 0.3566054355926792, 0.23363495600180395, 0.643377442486866, 0.9716559569072529, 0.3904493853806458, 0.8107140892853797, 0.8839909061020691, 0.6080581584111786, 0.34303890083491884, 0.4414651391652791, 0.09444024760823405, 0.570685963109632, 0.6991380376236411, 0.29652203564368246, 0.650345255396519, 0.4933547303957657, 0.00480939511784656, 0.7316378615675834, 0.8585331798713661, 0.8403173741945982, 0.1436452761527246, 0.7356228736382894, 0.928679423016262, 0.8730676924756975, 0.9402642226491933, 0.5118919384687121, 0.4174982143057415, 0.658611626931266, 0.19051167475799355, 0.9103227840711433, 0.40904938035699967, 0.26665745898536275], BATTLES: 170-36-175-123-70-152-60-60-36-
4, 6, -3245.0, [0.6386900357450509, 0.6523402934250647, 0.11634856679356831, 0.23523651971380177, 0.5097108729034697, 0.6525672432237848, 0.2412826210139022, 0.756140152277079, 0.6167454859662761, 0.5977142990825762, 0.7185526288428395, 0.34391641315162336, 0.9450437466909922, 0.5986450402011201, 0.5489197287944806, 0.5949635941717709, 0.34568435359766503, 0.7895788537762299, 0.5804098276267018, 0.6860765022296191, 0.8773910032747723, 0.7479679950227858, 0.5306350438621575, 0.03715034647007325, 0.33131638781304207, 0.19797968533309573, 0.7805024547157259, 0.9450942289463545, 0.22608351990658906, 0.1577882412052884, 0.903974561289602, 0.8619385774100969, 0.629436749024313, 0.7388948116124904, 0.7176661503219675, 0.6633194677331958, 0.42364249916863084, 0.07216055521516379, 0.282278356489518, 0.6750742871742771, 0.28445535188135374, 0.06847367157132453, 0.7604858440191848, 0.7790314020470224, 0.5140239706341916, 0.44655271551568454, 0.4898697597913866, 0.20596199510546292, 0.8418412975201335, 0.33117788256654057, 0.8117448637697429, 0.056979761835156906, 0.0842530506282603, 0.9235356026805506, 0.9718234308701221, 0.8768835419958099, 0.7635879770906667, 0.7029492628834895, 0.8590544554747283, 0.08821586268100506, 0.5531220687514206, 0.6872311777896712, 0.5443940643093806], BATTLES: 334-298-373-453-339-364-406-310-368-
4, 7, -1745.0, [0.9561987449295624, 0.587501165813231, 0.5034592955769024, 0.4772908841626987, 0.9447049574685031, 0.20605354970425047, 0.5747787297161548, 0.20837824814726635, 0.9203718340444315, 0.951563815531008, 0.7857963054546273, 0.3579059512450282, 0.1743671869072969, 0.11261837109374429, 0.43316471191689143, 0.6033206811776356, 0.5049217217589966, 0.011282032153601684, 0.9661176122830718, 0.29469545262829455, 0.44996997958038687, 0.6565934461413335, 0.5815695207691968, 0.27860754316092234, 0.46105873378218043, 0.34722178972099355, 0.6484415741491625, 0.6629450414689311, 0.34061676275701214, 0.25811741757920253, 0.5398690867566014, 0.7068480432241684, 0.6236067715266178, 0.9231614272199734, 0.838761801609143, 0.14108663670658933, 0.654960072847156, 0.45872838898050305, 0.5746980436145538, 0.7377438744595801, 0.4769940725253773, 0.15170780203591794, 0.5659448264939279, 0.9031472007922376, 0.8249819323320213, 0.8707923617719223, 0.5400753521667223, 0.08066713481691924, 0.719827954891844, 0.6059091226420406, 0.7032196566967093, 0.4797131318631059, 0.2731157062521203, 0.5512259900420715, 0.9627316947359741, 0.8637915272495672, 0.5146056880810121, 0.41855682147352624, 0.4209674346743092, 0.2881793774584605, 0.7013766761706388, 0.5148963638404239, 0.8189026444132839], BATTLES: 117-74-113-198-169-130-267-216-218-
4, 8, -2971.0, [0.24995713715080692, 0.41859820486606836, 0.26334642606991276, 0.5136753006142581, 0.5721133329144428, 0.5448305803226974, 0.345125494480708, 0.09420266139698691, 0.34543270337641707, 0.5198361134981389, 0.23331955444908498, 0.6484684822059587, 0.4750313443620276, 0.23036126496011516, 0.42387653608852566, 0.22163044675846882, 0.8270430963031173, 0.9470665226984363, 0.07464931889925275, 0.9428854014710211, 0.09045344176371461, 0.4371451414319979, 0.2971537067311474, 0.5583148961381708, 0.3856128197843982, 0.04887077727966138, 0.9520472466132046, 0.11046530518984438, 0.6175992690006517, 0.6415225148722954, 0.1595975115754657, 0.9529308704148791, 0.870772592008769, 0.3897584690296253, 0.5789640791626669, 0.5892290243095102, 0.8902857455672487, 0.5672460910534801, 0.10646706616457388, 0.2916016915061761, 0.06431985349088717, 0.3601761303929737, 0.14931972648076186, 0.34320980238678944, 0.7782862652494498, 0.01976903684433573, 0.18494959133299244, 0.8933455863758399, 0.7531566477173135, 0.339886943953954, 0.7296723678041683, 0.5346851621961083, 0.32372707898463376, 0.6396237623312592, 0.2168582944910401, 0.47438753720385624, 0.6505398458481881, 0.979500745640274, 0.676493192001988, 0.1977597818675002, 0.8202676645060696, 0.23540487221681505, 0.2664000821860384], BATTLES: 311-249-353-393-339-395-298-282-351-
4, 9, -1639.0, [0.9949410799345276, 0.1553215844622966, 0.7713143569025642, 0.49570821904473694, 0.5269507917094092, 0.5763147174473569, 0.5233043633922475, 0.8938340182396478, 0.862774659582441, 0.8392642572690083, 0.6710872632939107, 0.018278085961711876, 0.5844188474907437, 0.9316714294741791, 0.4861708871111204, 0.8506106761112925, 0.8341812999704966, 0.07042204525964496, 0.45599744072738946, 0.5732294418417535, 0.45405921044608183, 0.570922853689892, 0.039105995532408, 0.13615636722209526, 0.3463227071773163, 0.9245657741920129, 0.4784364858293785, 0.3551769503510831, 0.28875725386379003, 0.027532154878912196, 0.6902717338143852, 0.2855297260541615, 0.4559270974228345, 0.9723603058437125, 0.6650254805499912, 0.10024855990452752, 0.05294347129518659, 0.3440854042791994, 0.5616188275020005, 0.9076402976932427, 0.8969891268624184, 0.5201178609770652, 0.21870385230085176, 0.7555420957262022, 0.7556158045904087, 0.5248722243644723, 0.8736200086976257, 0.6832174677056195, 0.10994688437625524, 0.8929406326005905, 0.5030945022872731, 0.12456760725529432, 0.3591416460781519, 0.6868428157192523, 0.11303532149574351, 0.8600003265126601, 0.11687900255290712, 0.32341911457944544, 0.3676838504818294, 0.5408794969668913, 0.0265025009054638, 0.6792392630634413, 0.9410969193644106], BATTLES: 201-139-206-242-156-207-160-157-171-
4, 10, -3139.0, [0.7464596890966447, 0.5291851839293599, 0.14136135287945023, 0.8181025100825733, 0.9884691295843429, 0.2868186225329431, 0.7247318320160796, 0.3054564288053875, 0.9675839501291414, 0.8558259616483134, 0.5909490195525282, 0.25173038969374406, 0.9343461067242546, 0.6440385968401825, 0.25096250707885615, 0.8225362864832568, 0.07867574204373556, 0.9995075716758461, 0.8981565677494769, 0.6942903666501157, 0.9146482571373287, 0.12269193573795856, 0.7869435007837584, 0.19442595590507405, 0.4991334184581212, 0.350020074872895, 0.9244074221541522, 0.7790524958874878, 0.12239507848397774, 0.16571120700225936, 0.7898553096676649, 0.3185842535384435, 0.3498014451139603, 0.8206807755911323, 0.7232888771215203, 0.9111166820157709, 0.3809375872226048, 0.5260691899213088, 0.6095607792871367, 0.7374039491102873, 0.17289248365594373, 0.2769021045636588, 0.7791872589186304, 0.9815109532061168, 0.6425150545421139, 0.7597956167174562, 0.6745078389093927, 0.6164646350946629, 0.8253983073029132, 0.14061022574063886, 0.9823049342343222, 0.008215994889757938, 0.7523940440343478, 0.4991965716046416, 0.6340444680465797, 0.6951347583753312, 0.8661433702565897, 0.2656125901048878, 0.6236277805230265, 0.4407700220941545, 0.5613932402694328, 0.49125599387250657, 0.9838205946012508], BATTLES: 279-204-206-437-346-244-419-385-327-
4, 11, -2986.0, [0.7250774212080606, 0.7120612923981608, 0.3695025980055121, 0.20392206310290512, 0.8789113086416047, 0.6619376592147885, 0.3071040425960315, 0.352560510087196, 0.46833042521510815, 0.6544406980005981, 0.06643800602960914, 0.5227278717542492, 0.9742285414377415, 0.688345371174222, 0.2397789895114522, 0.3338975764352882, 0.7301376941094048, 0.636389457299614, 0.6393987554699071, 0.8605580095016101, 0.9917772953934132, 0.8211427002120326, 0.4464174720658658, 0.08847234507363501, 0.6255603105461383, 0.17525796824924395, 0.5296627713256465, 0.6456801833647388, 0.16319339609836434, 0.459441877845893, 0.8148044291484682, 0.8624595408113648, 0.8853518975472792, 0.6699554594398656, 0.6614276888564834, 0.2502685847652997, 0.2199200049633869, 0.18858504566198767, 0.290556131469402, 0.5935260337959591, 0.08438423766490821, 0.2047300582745296, 0.680658083522049, 0.7076813484243264, 0.7608807370998364, 0.3432979656197001, 0.4030287827218724, 0.9278803048705075, 0.7030914646393822, 0.42524726398420615, 0.9953784010581508, 0.04315860259389621, 0.02790972723582779, 0.8518568900179198, 0.8146464841858532, 0.4691598844992266, 0.8542297079560426, 0.7693806778697708, 0.5967219133209178, 0.22746835839708152, 0.47129127301204454, 0.8932240779407146, 0.47731368841855043], BATTLES: 298-265-336-366-313-356-314-336-299-
4, 12, -3020.0, [0.4988721005174306, 0.13721288560099665, 0.2756429732279204, 0.9451328416882547, 0.5787682219374646, 0.9121000804537641, 0.4805506819647103, 0.7946882793068099, 0.8264387751426022, 0.7655985345810653, 0.6481816351191598, 0.27015939774046915, 0.43146651926443336, 0.9828656488163026, 0.01483560235697523, 0.985942251643848, 0.667503661672753, 0.2798073828390162, 0.9842460248888958, 0.7002837027957798, 0.4165168123315466, 0.9276917842623975, 0.19311071082765296, 0.08785890609149738, 0.5731351691260029, 0.8622462283060287, 0.39166916628270787, 0.5166317956756357, 0.3092688870756515, 0.1602148517436801, 0.8152211140928493, 0.5650194835994661, 0.6645477176298682, 0.8368494401928419, 0.7413047735421645, 0.17429653871413076, 0.05354568729391851, 0.9417388561124155, 0.9413547680152371, 0.9635058642810845, 0.863410705945379, 0.600904521146153, 0.1988526995640777, 0.7915081955508555, 0.47122497102828864, 0.1738991405044088, 0.867612632774199, 0.8929908142724543, 0.04120284831304322, 0.8524575394705914, 0.6542820987227145, 0.23104635637572857, 0.5807114105448533, 0.3330387248923582, 0.09946343298064741, 0.4962254418504195, 0.2561185997960974, 0.5723179308721159, 0.17876841721891146, 0.39680336740859334, 0.526016555257105, 0.4715508147216999, 0.9029112993121658], BATTLES: 380-340-396-435-362-394-204-203-306-
4, 13, -3035.0, [0.6964891127652526, 0.4677095466475387, 0.1823156611184204, 0.6549788112962162, 0.9897569913096076, 0.5025054633587444, 0.3942068596824171, 0.16408100558009048, 0.833306506432493, 0.7564543564106863, 0.7580906586651166, 0.6729993491959112, 0.5960811554668282, 0.8775738451034031, 0.47627290166719316, 0.3128285108588351, 0.7187337966801982, 0.437850039153603, 0.7217408074971409, 0.7568864687921046, 0.7138260806227055, 0.588132656972179, 0.6192135810518926, 0.051523965317724185, 0.45984746613989225, 0.22457364766480564, 0.36060038002287687, 0.4064573231100832, 0.44877835056823423, 0.2506974229112906, 0.3990699432576979, 0.825682948638381, 0.34169233941665456, 0.7602369202450531, 0.8145177910802353, 0.27201551425944054, 0.5721577893624683, 0.2743309766528951, 0.056936311612792945, 0.25397802176472295, 0.3630431994501031, 0.722938423184774, 0.25711547791920153, 0.7630017685148373, 0.9079134055702166, 0.47515087478616347, 0.18356602946271416, 0.44352016431172275, 0.4510320066862311, 0.04313907764011171, 0.5887506498050135, 0.31206686182075755, 0.49625006550048756, 0.524571718868915, 0.8378837661059628, 0.5112479441296978, 0.9591964670812784, 0.28379907204259863, 0.5750989917943341, 0.49423089428053985, 0.9156852376986827, 0.6092232213905213, 0.7865624492038275], BATTLES: 182-107-174-252-220-201-317-277-261-
4, 14, -3390.0, [0.7226081475258992, 0.6788290377238628, 0.1019293837004488, 0.14318406851085208, 0.546070153554415, 0.5657598932078165, 0.3385991539484051, 0.5584065177362789, 0.4437153640381637, 0.6025713600058816, 0.7617859689223393, 0.4339241377730131, 0.9921764566209644, 0.896903067223931, 0.6477552030264535, 0.6654708469983246, 0.5152713293392028, 0.2767972777961263, 0.744102180736296, 0.9917556518332228, 0.8985223561383944, 0.5718267523904208, 0.6993938532725237, 0.18551332879725768, 0.35563294735580775, 0.2108052888672881, 0.8678521280198812, 0.6082594915885663, 0.10768133900517585, 0.1914320821175286, 0.3472095533336286, 0.9033376231006299, 0.9281037110206342, 0.24482927630623952, 0.9901057514102556, 0.6365574174460009, 0.7903413763696627, 0.10663829136502923, 0.08527312994808678, 0.324291573404313, 0.3605933262410833, 0.36380708239748616, 0.7600768558230441, 0.8003976466008897, 0.4813646134938986, 0.7564204149487441, 0.2226707234929699, 0.13691100992635696, 0.7383464683584925, 0.19836126432606027, 0.9006152867608157, 0.00524027882755973, 0.062309585531453826, 0.8846704366619, 0.9617308394357009, 0.6585288974819727, 0.8106797548418547, 0.6858868393452413, 0.7165397178334149, 0.010449323333349025, 0.7115850511705022, 0.9386345297286449, 0.7468701053784511], BATTLES: 357-291-305-478-378-400-435-383-363-
5, 0, -3210.0, [0.8062986556634518, 0.7446873258499666, 0.19246889688400204, 0.5197046755609447, 0.5353254267419305, 0.8409522581166762, 0.28660770837533933, 0.8923540307283621, 0.987711927719263, 0.42630697795211847, 0.957096856561561, 0.5503636076963763, 0.9964375744658165, 0.9050699252705017, 0.38503995246578193, 0.9576867270310694, 0.31083583187296293, 0.17080640120187623, 0.5034235332026461, 0.643581187518351, 0.7464027049419655, 0.6588450732562222, 0.6683071717153765, 0.014668079677700285, 0.7439789790053569, 0.5926510151593646, 0.2832794995679599, 0.796237902501173, 0.015054233620649726, 0.3657934005431545, 0.9458578119044093, 0.7858310193825352, 0.6726780368722741, 0.02630353380257318, 0.41395446600066144, 0.3959785429806697, 0.34776146965661403, 0.7506232666198213, 0.7774986764018879, 0.5891989561990026, 0.7545666923359331, 0.2670014041799636, 0.5858166012291433, 0.8273620858133693, 0.30662432867698747, 0.7229347687748076, 0.8875181839358801, 0.05381832953667711, 0.2792813879610661, 0.32849160501422414, 0.9861439456688611, 0.05980771457860484, 0.2996725777801902, 0.8115099022125385, 0.9924076654117184, 0.8599119042695555, 0.827777621325478, 0.10322775278812185, 0.17507858717897984, 0.2813428050584346, 0.9854047676419818, 0.8873825159772369, 0.542968766754969], BATTLES: 370-281-364-415-343-399-263-293-329-
5, 1, -2821.0, [0.8983331353214804, 0.1822013087685816, 0.046832224484846946, 0.6320902756900625, 0.592609208717482, 0.985306170222557, 0.428940236586211, 0.9163750272783907, 0.9278406694134484, 0.7222824157834874, 0.8696241647456293, 0.40682917082551784, 0.7913784230943627, 0.7122128437193029, 0.11098067957616814, 0.7602564418417772, 0.5465237903224944, 0.622959781319374, 0.756414313781149, 0.8753011839042064, 0.19378381566798542, 0.970758084348711, 0.4401709884303702, 0.14581012030243787, 0.8923676197327123, 0.7553802462220777, 0.1564244599924121, 0.3998268305010854, 0.21452643487056178, 0.17802202661820082, 0.9122597467742806, 0.5279284829889768, 0.7464219199927936, 0.9941987662349479, 0.6574324809703626, 0.14648037862785368, 0.08799752782562403, 0.8587556173991988, 0.6878870840523181, 0.7938639384017114, 0.6054853441352058, 0.2797097590567447, 0.18608791925609464, 0.6963191940568161, 0.6485812773272871, 0.435021034440536, 0.9096360709951951, 0.7464395880331821, 0.07705113577960987, 0.7379347151403373, 0.9189541414575646, 0.0540125418530481, 0.6746835299687962, 0.4147630340604515, 0.9342617393639374, 0.9151156851015647, 0.7380826085984371, 0.7459110042307616, 0.03891980345004237, 0.00977412847603415, 0.8895686195321584, 0.18583875704356134, 0.9872781709738936], BATTLES: 377-259-392-390-326-394-162-163-262-
5, 2, -2976.0, [0.7932653612577983, 0.7833817950320539, 0.22334359380644606, 0.2976893127017318, 0.6821900328709335, 0.9260839481482254, 0.14403173923416257, 0.8743139466882014, 0.2753612662364129, 0.7558411847047557, 0.710458197528104, 0.00864387459765481, 0.9703161985474985, 0.9668496382782864, 0.3172630514840836, 0.33660527757059266, 0.03332791462180196, 0.16453506162080117, 0.3144562047222083, 0.6385344075626784, 0.4158470181497875, 0.6523459219124222, 0.237093141446084, 0.1526479216089673, 0.5293169135092157, 0.3705061711238478, 0.8200821851585867, 0.5059376923319332, 0.053617698740460254, 0.2826523876428822, 0.6577151508007691, 0.8651664077210016, 0.7179845847331071, 0.7703938778875676, 0.7627551474525264, 0.43130789721780893, 0.2497288675199385, 0.5863871276765384, 0.16085244720313824, 0.6663141222966861, 0.48933006710685656, 0.1315785098864474, 0.740093634748878, 0.9796050870444429, 0.4740332243624466, 0.33022139260388833, 0.6248452813172533, 0.061365930325784024, 0.5718019688746726, 0.3063543288424053, 0.7499792122254451, 0.09829850331658224, 0.4737877540388601, 0.7591244779571145, 0.5350070621608175, 0.8993331523741538, 0.27702988037134846, 0.21890666015992966, 0.558430987762178, 0.16492484213580644, 0.9370378509199976, 0.5703554546372291, 0.16044637487455643], BATTLES: 329-259-330-366-267-347-217-201-259-
5, 3, -3016.0, [0.5308748098156544, 0.7377090427292048, 0.26207268976020165, 0.6300600309685271, 0.5881866538881033, 0.794701430242281, 0.376075349673587, 0.44367248332077913, 0.67274257013642, 0.8773092708532775, 0.819967358937139, 0.3852899679129192, 0.8271456623675204, 0.7532668086490488, 0.1735324464226716, 0.9970285808227701, 0.3043357530798881, 0.8570637587422019, 0.3251713881107682, 0.5880956421399987, 0.32732145576591176, 0.5580399125766259, 0.6222110064198648, 0.4527763307719245, 0.6347853552074035, 0.9170773649009805, 0.9123254513995829, 0.2704595157195866, 0.3020810983920027, 0.39269470321375266, 0.5335743158323615, 0.916390555908488, 0.8099744211807633, 0.11744510615955867, 0.7172128173407462, 0.6215451150792688, 0.7089580029599052, 0.37275311041806425, 0.6428970996411101, 0.42036724745971776, 0.4928949665957134, 0.23221781903294986, 0.6449886780061905, 0.920323466304502, 0.5881918903140051, 0.21334071092424023, 0.6003270161876186, 0.25320054692998056, 0.5572430942265776, 0.2742899941923208, 0.8284729446918204, 0.08375354991099843, 0.1204323238204642, 0.09390968337565486, 0.6190958682027935, 0.7190658475188045, 0.7167095114484164, 0.4705523053351819, 0.47703376343386233, 0.3100407698916851, 0.9004033157146636, 0.9449891895912321, 0.9102866432253254], BATTLES: 315-252-374-366-351-389-303-299-367-
5, 4, -2816.0, [0.43639675973038444, 0.5086767613541704, 0.09298827066872695, 0.474587437653852, 0.3977052207965001, 0.7319361601916293, 0.43173636573116364, 0.41373172672847275, 0.44546770542329106, 0.35754282881879546, 0.8923601507782932, 0.13698285922180192, 0.6099181857256739, 0.781662141908918, 0.533339701949257, 0.5612960458549658, 0.8238455971249775, 0.022910604920521882, 0.5880532800774751, 0.5806362247184084, 0.9392048059697236, 0.6060628950344749, 0.20060073912368173, 0.03984108812347404, 0.4845523260866097, 0.46108285244727276, 0.8968560699990795, 0.9290495897415423, 0.14183766900149797, 0.269126379712258, 0.27184170623857873, 0.5627719819485186, 0.8267196833569578, 0.4899585476898127, 0.8262567942031505, 0.3176673704691817, 0.7334675686056685, 0.04785395402825382, 0.40293333106567925, 0.587270359162724, 0.2943848804206164, 0.16370013377705483, 0.7623656584672197, 0.5633495101534152, 0.3758035683936894, 0.3849472126314303, 0.0930993387118758, 0.8275833936908126, 0.757620642071637, 0.7990366241641034, 0.7141336496622079, 0.20848452223202515, 0.45373110308075165, 0.7740069169073366, 0.33932466204640666, 0.5697948539748081, 0.4425206838658108, 0.8659775551995128, 0.7875051378390138, 0.5522252861315786, 0.05731670466462857, 0.666680507653493, 0.18405314923278704], BATTLES: 270-210-368-401-255-355-364-240-353-
5, 5, -1762.0, [0.19060641993465133, 0.633337986559625, 0.7056744174399509, 0.3431624541395668, 0.594098632113152, 0.8952335975049508, 0.4562668443180158, 0.9984901457085728, 0.9131142643387788, 0.3542400937427049, 0.7620987959559793, 0.3316283780573354, 0.119235363867005, 0.5301032951928967, 0.8334207282987841, 0.4761466758376917, 0.46026149918325704, 0.1460516313087346, 0.7246459402200865, 0.8647418746808341, 0.8340350312184834, 0.6187035653114854, 0.8705651510030545, 0.5514398643630376, 0.3386620502046097, 0.41518091186496003, 0.6267779324695877, 0.7874053193358322, 0.448898763862124, 0.20554672471306773, 0.6145972106455944, 0.5330335164759911, 0.38096573976805764, 0.643377442486866, 0.8352635154051818, 0.3904493853806458, 0.8107140892853797, 0.6610428794342669, 0.6080581584111786, 0.33923071438654795, 0.4414651391652791, 0.09444024760823405, 0.7325300188754662, 0.6991380376236411, 0.2986537689717207, 0.650345255396519, 0.7401657281058278, 0.00480939511784656, 0.7316378615675834, 0.8585331798713661, 0.8269401249237585, 0.314458831959065, 0.6587244085105735, 0.928679423016262, 0.9033204756632415, 0.9701321113245966, 0.5118919384687121, 0.18841996344451775, 0.4024032215775095, 0.17989513789775247, 0.9551613920355717, 0.40904938035699967, 0.26665745898536275], BATTLES: 237-99-214-209-131-209-113-125-105-
5, 6, -3275.0, [0.6386900357450509, 0.5022125972653422, 0.11634856679356831, 0.23523651971380177, 0.5097108729034697, 0.6525672432237848, 0.277142950609805, 0.5049021506270213, 0.7965325130163898, 0.48013298068582533, 0.9795246955414723, 0.4754621353499974, 0.9450437466909922, 0.8925878479082372, 0.5082139100655468, 0.45797865807625826, 0.6277105544193511, 0.7895788537762299, 0.5804098276267018, 0.8782820361857903, 0.6895189022951375, 0.7811862440628258, 0.48270372741983525, 0.018575173235036626, 0.38520717809346106, 0.19797968533309573, 0.7805024547157259, 0.9450942289463545, 0.22608351990658906, 0.1577882412052884, 0.9267569943738491, 0.8619385774100969, 0.5876204976744864, 0.7388948116124904, 0.7176661503219675, 0.489916654497611, 0.523850563927573, 0.07216055521516379, 0.4930651661205837, 0.5550575620828144, 0.28445535188135374, 0.34171871254744, 0.4942344500240603, 0.7790314020470224, 0.78351286743733, 0.31396240664929537, 0.4901339020408874, 0.20596199510546292, 0.8418412975201335, 0.07282919827711015, 0.9058724318848714, 0.056979761835156906, 0.23562291315367148, 0.9423060629690314, 0.9718234308701221, 0.8768835419958099, 0.8817939885453334, 0.7029492628834895, 0.4661649898742548, 0.08821586268100506, 0.9726909972557297, 0.6872311777896712, 0.5443940643093806], BATTLES: 310-262-355-395-267-345-332-270-314-
5, 7, -1509.0, [0.9561987449295624, 0.587501165813231, 0.34674582251864616, 0.41229454985322234, 0.9447049574685031, 0.20605354970425047, 0.18552421733729502, 0.6041891240736332, 0.5230610402015479, 0.951563815531008, 0.7857963054546273, 0.3579059512450282, 0.6232969935377752, 0.11261837109374429, 0.1191627758718602, 0.6610936137602509, 0.2524608608794983, 0.011282032153601684, 0.8812211207341196, 0.8534315850590315, 0.20511146636557614, 0.8282967230706668, 0.5815695207691968, 0.2355618350177744, 0.42648419931648884, 0.665902609924513, 0.9411392669553664, 0.6629450414689311, 0.17030838137850607, 0.5140657516707774, 0.5398690867566014, 0.719947278307952, 0.9588831614334223, 0.2511620417532922, 0.838761801609143, 0.07244046071930735, 0.654960072847156, 0.45872838898050305, 0.5746980436145538, 0.8437208709915832, 0.6314019914130112, 0.15170780203591794, 0.7713128995345919, 0.9940573608257245, 0.8249819323320213, 0.8707923617719223, 0.8024647931826443, 0.08066713481691924, 0.719827954891844, 0.9378902919860032, 0.7032196566967093, 0.23985656593155294, 0.27575909397843, 0.49369818793997033, 0.6498474574319757, 0.8637915272495672, 0.5146056880810121, 0.41855682147352624, 0.5145811645983707, 0.2881793774584605, 0.7013766761706388, 0.5148963638404239, 0.8189026444132839], BATTLES: 129-92-111-176-129-155-207-204-152-
5, 8, -3197.0, [0.24835342085180032, 0.41859820486606836, 0.06517922061128306, 0.5136753006142581, 0.5721133329144428, 0.9635513956226844, 0.345125494480708, 0.09420266139698691, 0.34543270337641707, 0.4854261277451643, 0.23331955444908498, 0.6484684822059587, 0.4750313443620276, 0.23036126496011516, 0.3505097535685918, 0.22163044675846882, 0.7516614355618774, 0.9222563014777252, 0.3395321754569288, 0.9428854014710211, 0.60824239788769, 0.4371451414319979, 0.2971537067311474, 0.5583148961381708, 0.5293124475778274, 0.2543886088864373, 0.9520472466132046, 0.11046530518984438, 0.6175992690006517, 0.6415225148722954, 0.1595975115754657, 0.9529308704148791, 0.9353862960043845, 0.3897584690296253, 0.7697310061200096, 0.5614248365420044, 0.8902857455672487, 0.5916184138171615, 0.08570283585618926, 0.2916016915061761, 0.18561214272496146, 0.3601761303929737, 0.3189141713075399, 0.34320980238678944, 0.672958145640474, 0.01976903684433573, 0.3807926685606946, 0.8933455863758399, 0.6103968994418599, 0.42954317640338197, 0.7296723678041683, 0.5346851621961083, 0.31006715645373933, 0.6396237623312592, 0.5202147203162152, 0.47438753720385624, 0.8462979563730648, 0.989750372820137, 0.5863411421239089, 0.1977597818675002, 0.8202676645060696, 0.23540487221681505, 0.5913550507706301], BATTLES: 271-171-348-329-282-343-246-222-322-
5, 9, -1318.0, [0.9949410799345276, 0.1553215844622966, 0.7713143569025642, 0.49570821904473694, 0.5269507917094092, 0.5763147174473569, 0.5233043633922475, 0.8938340182396478, 0.862774659582441, 0.8392642572690083, 0.6710872632939107, 0.018278085961711876, 0.5844188474907437, 0.9316714294741791, 0.4861708871111204, 0.8506106761112925, 0.8341812999704966, 0.07042204525964496, 0.45599744072738946, 0.5732294418417535, 0.45405921044608183, 0.570922853689892, 0.039105995532408, 0.13615636722209526, 0.3463227071773163, 0.9245657741920129, 0.4784364858293785, 0.3551769503510831, 0.28875725386379003, 0.027532154878912196, 0.6902717338143852, 0.2855297260541615, 0.4559270974228345, 0.9723603058437125, 0.6650254805499912, 0.10024855990452752, 0.05294347129518659, 0.3440854042791994, 0.5616188275020005, 0.9076402976932427, 0.8969891268624184, 0.5201178609770652, 0.21870385230085176, 0.7555420957262022, 0.7556158045904087, 0.5248722243644723, 0.8736200086976257, 0.6832174677056195, 0.10994688437625524, 0.8929406326005905, 0.5030945022872731, 0.12456760725529432, 0.3591416460781519, 0.6868428157192523, 0.11303532149574351, 0.8600003265126601, 0.11687900255290712, 0.32341911457944544, 0.3676838504818294, 0.5408794969668913, 0.0265025009054638, 0.6792392630634413, 0.9410969193644106], BATTLES: 175-107-191-167-125-175-122-126-130-
5, 10, -3196.0, [0.5317312330049305, 0.8517686313309437, 0.14136135287945023, 0.35233331114725597, 0.9884691295843429, 0.8710766664195, 0.7247318320160796, 0.8091344336804073, 0.447058466436409, 0.8558259616483134, 0.5909490195525282, 0.35753717369533705, 0.9343461067242546, 0.6440385968401825, 0.4564127258522597, 0.8225362864832568, 0.31110992093136713, 0.9995075716758461, 0.8981565677494769, 0.6942903666501157, 0.9146482571373287, 0.12269193573795856, 0.7869435007837584, 0.09721297795253703, 0.33594050323224933, 0.350020074872895, 0.9244074221541522, 0.7790524958874878, 0.0410938581202587, 0.16571120700225936, 0.8983399650701789, 0.7839739374550995, 0.3498014451139603, 0.40441784991481905, 0.814953015420257, 0.9555583410078854, 0.3809375872226048, 0.5260691899213088, 0.6095607792871367, 0.7374039491102873, 0.17289248365594373, 0.2769021045636588, 0.8003204863730028, 0.7895103485629404, 0.5196113562376719, 0.4908097699027289, 0.6745078389093927, 0.6164646350946629, 0.8253983073029132, 0.004121505787599344, 0.9911524671171611, 0.008215994889757938, 0.09105117799452342, 0.9362463002443082, 0.6340444680465797, 0.6951347583753312, 0.9330716851282949, 0.8278652928526421, 0.8118138902615133, 0.4407700220941545, 0.5613932402694328, 0.7456279969362533, 0.744677229004108], BATTLES: 291-209-255-401-327-345-344-307-323-
5, 11, -2914.0, [0.7250774212080606, 0.7120612923981608, 0.3695025980055121, 0.20392206310290512, 0.8789113086416047, 0.9101949083647828, 0.3071040425960315, 0.352560510087196, 0.46833042521510815, 0.6544406980005981, 0.06643800602960914, 0.5227278717542492, 0.9742285414377415, 0.7389627251948302, 0.2397789895114522, 0.7689736848076856, 0.14140895744593174, 0.636389457299614, 0.6393987554699071, 0.8605580095016101, 0.9917772953934132, 0.8211427002120326, 0.4464174720658658, 0.08847234507363501, 0.6255603105461383, 0.17525796824924395, 0.5296627713256465, 0.6456801833647388, 0.20342979017254298, 0.459441877845893, 0.8148044291484682, 0.8624595408113648, 0.8853518975472792, 0.6699554594398656, 0.6614276888564834, 0.2502685847652997, 0.18855102195984508, 0.6089354495526378, 0.48567934559869724, 0.6280003923600742, 0.08438423766490821, 0.2047300582745296, 0.7827819299675813, 0.9215749989746193, 0.7608807370998364, 0.497251590850661, 0.4030287827218724, 0.9278803048705075, 0.7030914646393822, 0.5400368244608522, 0.9953784010581508, 0.04315860259389621, 0.02790972723582779, 0.8518568900179198, 0.8146464841858532, 0.4691598844992266, 0.8542297079560426, 0.7693806778697708, 0.5967219133209178, 0.22746835839708152, 0.47129127301204454, 0.8932240779407146, 0.47731368841855043], BATTLES: 275-210-326-327-312-327-275-276-289-
5, 12, -2848.0, [0.5867962143090965, 0.7955957765192633, 0.2756429732279204, 0.21444771676570779, 0.5787682219374646, 0.9560500402268821, 0.4805506819647103, 0.9881393919420316, 0.742616580627351, 0.7655985345810653, 0.6481816351191598, 0.27015939774046915, 0.43146651926443336, 0.9828656488163026, 0.37981939371581, 0.985942251643848, 0.667503661672753, 0.2798073828390162, 0.9842460248888958, 0.6532404538554768, 0.4165168123315466, 0.9276917842623975, 0.19311071082765296, 0.0035503144949516757, 0.3631238828050854, 0.510804632352387, 0.20883766310894447, 0.5166317956756357, 0.3092688870756515, 0.09136785740068387, 0.9076105570464246, 0.5650194835994661, 0.6645477176298682, 0.8368494401928419, 0.8937373224918346, 0.15537151036798058, 0.019178014328170706, 0.4743062097956198, 0.9413547680152371, 0.9009726333302844, 0.7402553134807588, 0.3951687261075905, 0.406638712969968, 0.7915081955508555, 0.47122497102828864, 0.1738991405044088, 0.867612632774199, 0.8929908142724543, 0.3794267126502677, 0.6108522890881596, 0.799601754681537, 0.11552317818786428, 0.29035570527242666, 0.3330387248923582, 0.09946343298064741, 0.8914884891684616, 0.2561185997960974, 0.5513347965944015, 0.6388288128992103, 0.39680336740859334, 0.526016555257105, 0.9149117004719359, 0.3353536783488473], BATTLES: 382-299-377-396-332-400-148-176-241-
5, 13, -2948.0, [0.6964891127652526, 0.4677095466475387, 0.18572474546131842, 0.6549788112962162, 0.7860984834000189, 0.6308201990309568, 0.44469196446009035, 0.2803731703612563, 0.833306506432493, 0.8854157973682591, 0.8900395503633866, 0.4707039244021384, 0.7736878784351958, 0.8775738451034031, 0.47627290166719316, 0.3128285108588351, 0.7187337966801982, 0.437850039153603, 0.7217408074971409, 0.7614308187205582, 0.6285734306445, 0.588132656972179, 0.6192135810518926, 0.025761982658862093, 0.45984746613989225, 0.22457364766480564, 0.38878510397990845, 0.4064573231100832, 0.26232258143210985, 0.2506974229112906, 0.47647148422342167, 0.825682948638381, 0.668074854382382, 0.7602369202450531, 0.6820825396847574, 0.5238760790488928, 0.5721577893624683, 0.46842295726475613, 0.056936311612792945, 0.25397802176472295, 0.65050864641585, 0.4478985381535846, 0.3038205507622958, 0.7630017685148373, 0.9079134055702166, 0.4637777870455718, 0.570134042542474, 0.44352016431172275, 0.5693948003156503, 0.14949299872135444, 0.5887506498050135, 0.0128550772905133, 0.49625006550048756, 0.5430072063170288, 0.6349668271969929, 0.5112479441296978, 0.8860716180511132, 0.28379907204259863, 0.5747819233000312, 0.49423089428053985, 0.9409966657140784, 0.8046116106952607, 0.6722998394488534], BATTLES: 279-203-270-325-319-342-298-278-316-
5, 14, -3164.0, [0.7226081475258992, 0.6788290377238628, 0.1019293837004488, 0.14318406851085208, 0.546070153554415, 0.5657598932078165, 0.3385991539484051, 0.5584065177362789, 0.4437153640381637, 0.6025713600058816, 0.7617859689223393, 0.4339241377730131, 0.9921764566209644, 0.896903067223931, 0.6477552030264535, 0.6654708469983246, 0.5152713293392028, 0.2767972777961263, 0.744102180736296, 0.9917556518332228, 0.8985223561383944, 0.5718267523904208, 0.6993938532725237, 0.18551332879725768, 0.35563294735580775, 0.2108052888672881, 0.8678521280198812, 0.6082594915885663, 0.10768133900517585, 0.1914320821175286, 0.3472095533336286, 0.9033376231006299, 0.9281037110206342, 0.24482927630623952, 0.9901057514102556, 0.6365574174460009, 0.7903413763696627, 0.10663829136502923, 0.08527312994808678, 0.324291573404313, 0.3605933262410833, 0.36380708239748616, 0.7600768558230441, 0.8003976466008897, 0.4813646134938986, 0.7564204149487441, 0.2226707234929699, 0.13691100992635696, 0.7383464683584925, 0.19836126432606027, 0.9006152867608157, 0.00524027882755973, 0.062309585531453826, 0.8846704366619, 0.9617308394357009, 0.6585288974819727, 0.8106797548418547, 0.6858868393452413, 0.7165397178334149, 0.010449323333349025, 0.7115850511705022, 0.9386345297286449, 0.7468701053784511], BATTLES: 316-263-301-475-327-391-413-337-341-
6, 0, -3072.0, [0.6391224340590048, 0.49733717022908525, 0.09623444844200102, 0.1233187334401642, 0.5059925900366069, 0.8409522581166762, 0.2924917386166193, 0.35749238468275835, 0.7940874500936695, 0.33840214846145367, 0.8141836519561642, 0.49228560838469154, 0.9964375744658165, 0.9525349626352508, 0.38503995246578193, 0.6213217475490211, 0.5407897169511, 0.8287167138438825, 0.754551167806732, 0.8217905937591755, 0.8416577049743302, 0.941893327994219, 0.4044376274530401, 0.014668079677700285, 0.48947861220798955, 0.2963255075796823, 0.4436827821008131, 0.9750172128461072, 0.015054233620649726, 0.3657934005431545, 0.9729289059522046, 0.8929155096912675, 0.8674260285289854, 0.5225804851306046, 0.41395446600066144, 0.3491261991926177, 0.4095730322055445, 0.42913964929417897, 0.7774986764018879, 0.6622553587903807, 0.20560341687379052, 0.2670014041799636, 0.5858166012291433, 0.7701498844418047, 0.30662432867698747, 0.2853931446913426, 0.5370597530506278, 0.4980135117210527, 0.42610995542526797, 0.32849160501422414, 0.9861439456688611, 0.05980771457860484, 0.2996725777801902, 0.8115099022125385, 0.9962038327058592, 0.6313733473631222, 0.827777621325478, 0.3965602053253024, 0.19123502815970014, 0.24361309700786404, 0.992702383820991, 0.8873825159772369, 0.7212641081605091], BATTLES: 314-269-341-472-358-365-359-285-305-
6, 1, -2652.0, [0.8120372430894388, 0.1822013087685816, 0.046832224484846946, 0.5024940638937079, 0.592609208717482, 0.9548451372624333, 0.428940236586211, 0.9163750272783907, 0.9278406694134484, 0.7222824157834874, 0.8696241647456293, 0.40682917082551784, 0.7913784230943627, 0.7122128437193029, 0.3625813588859098, 0.8801282209208886, 0.5465237903224944, 0.8761672731832371, 0.756414313781149, 0.765520780351632, 0.19378381566798542, 0.4380442429816165, 0.8109307952107848, 0.06546681367760142, 0.9229534376390005, 0.6442545239470168, 0.2665964873696502, 0.7188982676736042, 0.021583855834234028, 0.17802202661820082, 0.9122597467742806, 0.5279284829889768, 0.4674081306378519, 0.9941987662349479, 0.5662753896094966, 0.5152205415162577, 0.27432073588263817, 0.7649894781675391, 0.6878870840523181, 0.7938639384017114, 0.6042120441683639, 0.2797097590567447, 0.18608791925609464, 0.6963191940568161, 0.6485812773272871, 0.6487606650633612, 0.9096360709951951, 0.7464395880331821, 0.07705113577960987, 0.14694333828626138, 0.9189541414575646, 0.02700627092652405, 0.6746835299687962, 0.4147630340604515, 0.9342617393639374, 0.9151156851015647, 0.7380826085984371, 0.4363843089360427, 0.03891980345004237, 0.00977412847603415, 0.9963803812287709, 0.18583875704356134, 0.9936390854869468], BATTLES: 251-262-349-432-338-390-204-134-289-
6, 2, -3332.0, [0.43269756264364534, 0.7833817950320539, 0.11167179690322303, 0.06975242412278024, 0.6161116465407007, 0.9630419740741127, 0.035296321067297826, 0.3390355788873201, 0.5964738671486802, 0.25787632406478905, 0.710458197528104, 0.00864387459765481, 0.9703161985474985, 0.935074440387509, 0.3172630514840836, 0.14513683429885316, 0.19431709197586983, 0.5822675308104006, 0.5899968211762854, 0.6385344075626784, 0.7498071969045684, 0.8917029449214361, 0.737573033820913, 0.1526479216089673, 0.5293169135092157, 0.1852530855619239, 0.9100410925792933, 0.7529688461659666, 0.14499838156422012, 0.28645829902739317, 0.8288575754003846, 0.8651664077210016, 0.7209964882853976, 0.7703938778875676, 0.7680855104519106, 0.7978458970604476, 0.2497288675199385, 0.031480599256633296, 0.6768176876028943, 0.33891224227314876, 0.07905041048777323, 0.1315785098864474, 0.7476005979102105, 0.8546097297656136, 0.7121712363621625, 0.16511069630194417, 0.34828013144084935, 0.030682965162892012, 0.7859009844373364, 0.15317716442120266, 0.7499792122254451, 0.09349891177739741, 0.21849269149251468, 0.9180151749458658, 0.7675035310804088, 0.8993331523741538, 0.6385149401856742, 0.8284611864125617, 0.5628179576276142, 0.16492484213580644, 0.9685189254599988, 0.5703554546372291, 0.2187148889709508], BATTLES: 333-229-325-361-271-358-354-304-301-
6, 3, -2999.0, [0.5308748098156544, 0.8688545213646024, 0.26207268976020165, 0.3863817547174675, 0.529277796259779, 0.8973507151211405, 0.376075349673587, 0.7218362416603896, 0.67274257013642, 0.37470970408393617, 0.819967358937139, 0.3852899679129192, 0.9135728311837602, 0.9804805182237162, 0.1735324464226716, 0.9531857911455455, 0.3115794785260511, 0.09229458567808335, 0.5238166107826581, 0.5880956421399987, 0.32732145576591176, 0.7233606374992385, 0.6222110064198648, 0.22638816538596224, 0.6347853552074035, 0.9170773649009805, 0.9123254513995829, 0.2704595157195866, 0.14803101140378747, 0.3564210828721576, 0.7667871579161807, 0.7959940710406689, 0.8099744211807633, 0.11744510615955867, 0.7172128173407462, 0.6215451150792688, 0.7089580029599052, 0.37275311041806425, 0.6428970996411101, 0.42036724745971776, 0.5671640719430835, 0.23221781903294986, 0.6537849689001137, 0.920323466304502, 0.23123599721284638, 0.7812352798329112, 0.6003270161876186, 0.25320054692998056, 0.24748095920760949, 0.4709084602636493, 0.8284729446918204, 0.08375354991099843, 0.1204323238204642, 0.09390968337565486, 0.8095479341013967, 0.8595329237594023, 0.8583547557242082, 0.010936893077721388, 0.47703376343386233, 0.3100407698916851, 0.9004033157146636, 0.9449891895912321, 0.9102866432253254], BATTLES: 291-228-329-342-329-387-293-280-365-
6, 4, -2756.0, [0.7062627677108186, 0.5086767613541704, 0.09298827066872695, 0.48479214434087436, 0.46015144934049623, 0.7319361601916293, 0.4933045756950544, 0.41373172672847275, 0.44546770542329106, 0.35754282881879546, 0.8923601507782932, 0.14318708600077756, 0.5975979375973098, 0.781662141908918, 0.533339701949257, 0.5612960458549658, 0.9651030353876962, 0.045866209827637394, 0.5880532800774751, 0.5806362247184084, 0.6140298959659042, 0.6051343627790489, 0.09941454360802268, 0.03984108812347404, 0.44380321777681314, 0.46108285244727276, 0.8968560699990795, 0.9290495897415423, 0.21282326571553878, 0.269126379712258, 0.27184170623857873, 0.42881974550942153, 0.8267196833569578, 0.7230355516205924, 0.7483563494163938, 0.3176673704691817, 0.7334675686056685, 0.04785395402825382, 0.5814473946610059, 0.587270359162724, 0.2943848804206164, 0.16370013377705483, 0.7623656584672197, 0.5633495101534152, 0.6895195948601327, 0.3849472126314303, 0.4703429570744585, 0.8275833936908126, 0.44469089748295826, 0.7990366241641034, 0.6576467066565023, 0.20848452223202515, 0.4811650967956118, 0.7740069169073366, 0.33932466204640666, 0.7100103919991525, 0.3422961643202006, 0.6038352771924381, 0.3948361971481563, 0.5467434600373794, 0.05731670466462857, 0.6727483899415927, 0.5498260569891646], BATTLES: 263-212-321-384-237-327-332-232-343-
6, 5, -1693.0, [0.19060641993465133, 0.633337986559625, 0.7056744174399509, 0.3431624541395668, 0.594098632113152, 0.8952335975049508, 0.4562668443180158, 0.9984901457085728, 0.9131142643387788, 0.3542400937427049, 0.7620987959559793, 0.3316283780573354, 0.119235363867005, 0.5301032951928967, 0.8334207282987841, 0.4761466758376917, 0.46026149918325704, 0.1460516313087346, 0.7246459402200865, 0.8647418746808341, 0.8340350312184834, 0.6187035653114854, 0.8705651510030545, 0.5514398643630376, 0.3386620502046097, 0.41518091186496003, 0.6267779324695877, 0.7874053193358322, 0.448898763862124, 0.20554672471306773, 0.6145972106455944, 0.5330335164759911, 0.38096573976805764, 0.643377442486866, 0.8352635154051818, 0.3904493853806458, 0.8107140892853797, 0.6610428794342669, 0.6080581584111786, 0.33923071438654795, 0.4414651391652791, 0.09444024760823405, 0.7325300188754662, 0.6991380376236411, 0.2986537689717207, 0.650345255396519, 0.7401657281058278, 0.00480939511784656, 0.7316378615675834, 0.8585331798713661, 0.8269401249237585, 0.314458831959065, 0.6587244085105735, 0.928679423016262, 0.9033204756632415, 0.9701321113245966, 0.5118919384687121, 0.18841996344451775, 0.4024032215775095, 0.17989513789775247, 0.9551613920355717, 0.40904938035699967, 0.26665745898536275], BATTLES: 261-111-236-268-160-252-136-141-128-
6, 6, -3136.0, [0.6386900357450509, 0.5022125972653422, 0.11634856679356831, 0.23523651971380177, 0.5097108729034697, 0.6525672432237848, 0.277142950609805, 0.5049021506270213, 0.7965325130163898, 0.48013298068582533, 0.9795246955414723, 0.4754621353499974, 0.9450437466909922, 0.8925878479082372, 0.5082139100655468, 0.45797865807625826, 0.6277105544193511, 0.7895788537762299, 0.5804098276267018, 0.8782820361857903, 0.6895189022951375, 0.7811862440628258, 0.48270372741983525, 0.018575173235036626, 0.38520717809346106, 0.19797968533309573, 0.7805024547157259, 0.9450942289463545, 0.22608351990658906, 0.1577882412052884, 0.9267569943738491, 0.8619385774100969, 0.5876204976744864, 0.7388948116124904, 0.7176661503219675, 0.489916654497611, 0.523850563927573, 0.07216055521516379, 0.4930651661205837, 0.5550575620828144, 0.28445535188135374, 0.34171871254744, 0.4942344500240603, 0.7790314020470224, 0.78351286743733, 0.31396240664929537, 0.4901339020408874, 0.20596199510546292, 0.8418412975201335, 0.07282919827711015, 0.9058724318848714, 0.056979761835156906, 0.23562291315367148, 0.9423060629690314, 0.9718234308701221, 0.8768835419958099, 0.8817939885453334, 0.7029492628834895, 0.4661649898742548, 0.08821586268100506, 0.9726909972557297, 0.6872311777896712, 0.5443940643093806], BATTLES: 372-235-327-459-362-381-361-310-329-
6, 7, -1345.0, [0.9561987449295624, 0.587501165813231, 0.34674582251864616, 0.41229454985322234, 0.9447049574685031, 0.20605354970425047, 0.18552421733729502, 0.6041891240736332, 0.5230610402015479, 0.951563815531008, 0.7857963054546273, 0.3579059512450282, 0.6232969935377752, 0.11261837109374429, 0.1191627758718602, 0.6610936137602509, 0.2524608608794983, 0.011282032153601684, 0.8812211207341196, 0.8534315850590315, 0.20511146636557614, 0.8282967230706668, 0.5815695207691968, 0.2355618350177744, 0.42648419931648884, 0.665902609924513, 0.9411392669553664, 0.6629450414689311, 0.17030838137850607, 0.5140657516707774, 0.5398690867566014, 0.719947278307952, 0.9588831614334223, 0.2511620417532922, 0.838761801609143, 0.07244046071930735, 0.654960072847156, 0.45872838898050305, 0.5746980436145538, 0.8437208709915832, 0.6314019914130112, 0.15170780203591794, 0.7713128995345919, 0.9940573608257245, 0.8249819323320213, 0.8707923617719223, 0.8024647931826443, 0.08066713481691924, 0.719827954891844, 0.9378902919860032, 0.7032196566967093, 0.23985656593155294, 0.27575909397843, 0.49369818793997033, 0.6498474574319757, 0.8637915272495672, 0.5146056880810121, 0.41855682147352624, 0.5145811645983707, 0.2881793774584605, 0.7013766761706388, 0.5148963638404239, 0.8189026444132839], BATTLES: 118-96-115-200-149-132-186-173-176-
6, 8, -3167.0, [0.4131185318182519, 0.6472956060915329, 0.03258961030564153, 0.13727689040453567, 0.4497609330082466, 0.7167272871226352, 0.2864297925619476, 0.09420266139698691, 0.34543270337641707, 0.4854261277451643, 0.7310321115324969, 0.4945977415327639, 0.8009138522710425, 0.4620462008801196, 0.3505097535685918, 0.12700219266420842, 0.7679394045663198, 0.9222563014777252, 0.261479320499816, 0.8502910237572704, 0.60824239788769, 0.448408291794603, 0.39416505757959514, 0.2629401627024834, 0.5293124475778274, 0.02443784421214737, 0.9520472466132046, 0.7371626527265399, 0.3367031512115153, 0.45315714157192044, 0.27205711504880514, 0.9060736587639415, 0.9353862960043845, 0.3908869091986644, 0.786258293103771, 0.5614248365420044, 0.9451428727836244, 0.5916184138171615, 0.08570283585618926, 0.2916016915061761, 0.18561214272496146, 0.13118547541539724, 0.6902112716252584, 0.44756980405335484, 0.6805633226100855, 0.2736757004834421, 0.3807926685606946, 0.8933455863758399, 0.8051984497209299, 0.42954317640338197, 0.8482989748916956, 0.28327826264462663, 0.20884221444587192, 0.6396237623312592, 0.8677096223658376, 0.47438753720385624, 0.9578117905260226, 0.9931970863355941, 0.8318649127517076, 0.22081555051585844, 0.6613244172423685, 0.5605295066361285, 0.20649631636738647], BATTLES: 372-235-351-397-360-388-290-246-406-
6, 9, -1341.0, [0.9949410799345276, 0.1553215844622966, 0.7713143569025642, 0.49570821904473694, 0.5269507917094092, 0.5763147174473569, 0.5233043633922475, 0.8938340182396478, 0.862774659582441, 0.8392642572690083, 0.6710872632939107, 0.018278085961711876, 0.5844188474907437, 0.9316714294741791, 0.4861708871111204, 0.8506106761112925, 0.8341812999704966, 0.07042204525964496, 0.45599744072738946, 0.5732294418417535, 0.45405921044608183, 0.570922853689892, 0.039105995532408, 0.13615636722209526, 0.3463227071773163, 0.9245657741920129, 0.4784364858293785, 0.3551769503510831, 0.28875725386379003, 0.027532154878912196, 0.6902717338143852, 0.2855297260541615, 0.4559270974228345, 0.9723603058437125, 0.6650254805499912, 0.10024855990452752, 0.05294347129518659, 0.3440854042791994, 0.5616188275020005, 0.9076402976932427, 0.8969891268624184, 0.5201178609770652, 0.21870385230085176, 0.7555420957262022, 0.7556158045904087, 0.5248722243644723, 0.8736200086976257, 0.6832174677056195, 0.10994688437625524, 0.8929406326005905, 0.5030945022872731, 0.12456760725529432, 0.3591416460781519, 0.6868428157192523, 0.11303532149574351, 0.8600003265126601, 0.11687900255290712, 0.32341911457944544, 0.3676838504818294, 0.5408794969668913, 0.0265025009054638, 0.6792392630634413, 0.9410969193644106], BATTLES: 173-116-165-188-124-155-137-156-127-
6, 10, -3082.0, [0.5317312330049305, 0.7909957150950884, 0.14136135287945023, 0.41979336551269025, 0.7170172547160251, 0.762006272953497, 0.6597833850543606, 0.9057405474453532, 0.447058466436409, 0.6210884025769069, 0.5909490195525282, 0.35753717369533705, 0.9343461067242546, 0.6440385968401825, 0.5511264902479722, 0.8225362864832568, 0.31110992093136713, 0.9995075716758461, 0.8981565677494769, 0.6942903666501157, 0.9146482571373287, 0.12269193573795856, 0.7869435007837584, 0.09721297795253703, 0.6174790122632513, 0.350020074872895, 0.9244074221541522, 0.7194530682918538, 0.0410938581202587, 0.16571120700225936, 0.9491699825350894, 0.5863376865121653, 0.3498014451139603, 0.3438598587933235, 0.814953015420257, 0.9555583410078854, 0.3809375872226048, 0.5055213400441241, 0.8633085936712269, 0.9288490175778572, 0.17289248365594373, 0.2769021045636588, 0.8003204863730028, 0.7895103485629404, 0.5196113562376719, 0.4908097699027289, 0.762074489118348, 0.3720446932402113, 0.8253983073029132, 0.004121505787599344, 0.9955762335585805, 0.008215994889757938, 0.1329816255992762, 0.9681231501221541, 0.8040194489292943, 0.6951347583753312, 0.9330716851282949, 0.8278652928526421, 0.36462710374336665, 0.5373815059124853, 0.5613932402694328, 0.9623354391436605, 0.779729711395174], BATTLES: 326-253-355-416-366-393-309-269-356-
6, 11, -2786.0, [0.7250774212080606, 0.7120612923981608, 0.3695025980055121, 0.20392206310290512, 0.8789113086416047, 0.9101949083647828, 0.3071040425960315, 0.352560510087196, 0.46833042521510815, 0.6544406980005981, 0.06643800602960914, 0.5227278717542492, 0.9742285414377415, 0.7389627251948302, 0.2397789895114522, 0.7689736848076856, 0.14140895744593174, 0.636389457299614, 0.6393987554699071, 0.8605580095016101, 0.9917772953934132, 0.8211427002120326, 0.4464174720658658, 0.08847234507363501, 0.6255603105461383, 0.17525796824924395, 0.5296627713256465, 0.6456801833647388, 0.20342979017254298, 0.459441877845893, 0.8148044291484682, 0.8624595408113648, 0.8853518975472792, 0.6699554594398656, 0.6614276888564834, 0.2502685847652997, 0.18855102195984508, 0.6089354495526378, 0.48567934559869724, 0.6280003923600742, 0.08438423766490821, 0.2047300582745296, 0.7827819299675813, 0.9215749989746193, 0.7608807370998364, 0.497251590850661, 0.4030287827218724, 0.9278803048705075, 0.7030914646393822, 0.5400368244608522, 0.9953784010581508, 0.04315860259389621, 0.02790972723582779, 0.8518568900179198, 0.8146464841858532, 0.4691598844992266, 0.8542297079560426, 0.7693806778697708, 0.5967219133209178, 0.22746835839708152, 0.47129127301204454, 0.8932240779407146, 0.47731368841855043], BATTLES: 312-230-324-359-303-363-277-309-309-
6, 12, -2817.0, [0.9182317193755343, 0.7955957765192633, 0.2756429732279204, 0.21444771676570779, 0.5787682219374646, 0.9560500402268821, 0.4805506819647103, 0.9881393919420316, 0.742616580627351, 0.7655985345810653, 0.6481816351191598, 0.27015939774046915, 0.43146651926443336, 0.9828656488163026, 0.4768144543690659, 0.8369834398539638, 0.667503661672753, 0.2798073828390162, 0.8874266614429418, 0.6532404538554768, 0.9943940698555594, 0.9276917842623975, 0.3682400651982942, 0.0035503144949516757, 0.4879078129912874, 0.510804632352387, 0.20883766310894447, 0.5166317956756357, 0.3092688870756515, 0.2830803639758422, 0.9538052785232123, 0.5650194835994661, 0.9433167190898508, 0.8368494401928419, 0.8937373224918346, 0.03988249991335968, 0.13792486030101397, 0.4743062097956198, 0.9413547680152371, 0.5793221992028261, 0.7402553134807588, 0.3951687261075905, 0.406638712969968, 0.7915081955508555, 0.47122497102828864, 0.6579790380036805, 0.867612632774199, 0.455148732843195, 0.3794267126502677, 0.6108522890881596, 0.799601754681537, 0.11552317818786428, 0.29035570527242666, 0.3330387248923582, 0.9146495203543805, 0.8914884891684616, 0.2561185997960974, 0.4121506111507661, 0.6388288128992103, 0.39680336740859334, 0.8093191482062777, 0.9149117004719359, 0.20438342780533303], BATTLES: 336-245-370-373-350-402-205-195-272-
6, 13, -3075.0, [0.8245957361511765, 0.9024768362663191, 0.09988979178355581, 0.4763221399424788, 0.8176205137198636, 0.6308201990309568, 0.6574851716126856, 0.5004267656269925, 0.833306506432493, 0.9664587780832485, 0.8826691551841238, 0.31891371132906376, 0.7736878784351958, 0.8775738451034031, 0.47627290166719316, 0.3128285108588351, 0.6016970171313326, 0.4849878255868032, 0.7936331780423035, 0.8102854461062414, 0.6285734306445, 0.5879825392422949, 0.7540471635734981, 0.012880991329431046, 0.45984746613989225, 0.43452329333744893, 0.38878510397990845, 0.4064573231100832, 0.13116129071605492, 0.18851373808643368, 0.7103034031741509, 0.8092051417849515, 0.668074854382382, 0.1904232580967266, 0.6820825396847574, 0.84176450382538, 0.31906050250005813, 0.46842295726475613, 0.46775085356566004, 0.25397802176472295, 0.65050864641585, 0.27700292669839227, 0.3038205507622958, 0.7630017685148373, 0.6372509966972528, 0.6511438432227781, 0.570134042542474, 0.44352016431172275, 0.7666487363704219, 0.14949299872135444, 0.8257812223217886, 0.0128550772905133, 0.1603964564001782, 0.9471114809327614, 0.6595996124943401, 0.603181371609499, 0.9449141672766848, 0.2405209205119502, 0.5747819233000312, 0.49423089428053985, 0.9409966657140784, 0.8046116106952607, 0.5220227484065343], BATTLES: 316-250-314-353-334-362-285-301-347-
6, 14, -3211.0, [0.40811174971599656, 0.9086031142155961, 0.11279580955293216, 0.2409289553216131, 0.6126258014721964, 0.5657598932078165, 0.26876164908127337, 0.5584065177362789, 0.703089680167247, 0.6025713600058816, 0.7617859689223393, 0.5494144410212154, 0.7270159944515779, 0.896903067223931, 0.4873970512167848, 0.6654708469983246, 0.19311801922428168, 0.2635473034715764, 0.756308507070402, 0.9917556518332228, 0.9822499116761867, 0.5718267523904208, 0.8496969266362618, 0.271976566557644, 0.6166870275071867, 0.1551459197332551, 0.8678521280198812, 0.8789240042623077, 0.14572925629815398, 0.3452124843401473, 0.627730859753842, 0.9033376231006299, 0.7852015249601274, 0.0058909821869122525, 0.8129611027056658, 0.6892014030102203, 0.7903413763696627, 0.10663829136502923, 0.6115785110509603, 0.1918401429143313, 0.43679198797441665, 0.13579008858004127, 0.899959312254074, 0.8003976466008897, 0.4813646134938986, 0.7564204149487441, 0.509729589327337, 0.06845550496317848, 0.8093180548205695, 0.24013570095091855, 0.9503076433804079, 0.00524027882755973, 0.29663814454376, 0.8650913699731082, 0.9808654197178505, 0.7944771037768158, 0.9053398774209274, 0.3726935246843446, 0.49539248783198836, 0.005224661666674513, 0.8557925255852511, 0.7983540344523984, 0.7468701053784511], BATTLES: 311-225-308-461-350-356-413-340-320-
7, 0, -3026.0, [0.6391224340590048, 0.49733717022908525, 0.09623444844200102, 0.1233187334401642, 0.5059925900366069, 0.8409522581166762, 0.2924917386166193, 0.35749238468275835, 0.7940874500936695, 0.33840214846145367, 0.8141836519561642, 0.49228560838469154, 0.9964375744658165, 0.9525349626352508, 0.38503995246578193, 0.6213217475490211, 0.5407897169511, 0.8287167138438825, 0.754551167806732, 0.8217905937591755, 0.8416577049743302, 0.941893327994219, 0.4044376274530401, 0.014668079677700285, 0.48947861220798955, 0.2963255075796823, 0.4436827821008131, 0.9750172128461072, 0.015054233620649726, 0.3657934005431545, 0.9729289059522046, 0.8929155096912675, 0.8674260285289854, 0.5225804851306046, 0.41395446600066144, 0.3491261991926177, 0.4095730322055445, 0.42913964929417897, 0.7774986764018879, 0.6622553587903807, 0.20560341687379052, 0.2670014041799636, 0.5858166012291433, 0.7701498844418047, 0.30662432867698747, 0.2853931446913426, 0.5370597530506278, 0.4980135117210527, 0.42610995542526797, 0.32849160501422414, 0.9861439456688611, 0.05980771457860484, 0.2996725777801902, 0.8115099022125385, 0.9962038327058592, 0.6313733473631222, 0.827777621325478, 0.3965602053253024, 0.19123502815970014, 0.24361309700786404, 0.992702383820991, 0.8873825159772369, 0.7212641081605091], BATTLES: 305-264-341-457-302-364-366-268-359-
7, 1, -3225.0, [0.8120372430894388, 0.7746157336094375, 0.023416112242423473, 0.5024940638937079, 0.6159671225387389, 0.9548451372624333, 0.428940236586211, 0.15810633449162587, 0.4604747104575594, 0.23279207045189448, 0.8028894481988191, 0.40682917082551784, 0.7913784230943627, 0.7122128437193029, 0.3625813588859098, 0.07690812898254246, 0.5465237903224944, 0.9380836365916185, 0.756414313781149, 0.765520780351632, 0.565054583264452, 0.4380442429816165, 0.8109307952107848, 0.06546681367760142, 0.9267272724009077, 0.6442545239470168, 0.2665964873696502, 0.7188982676736042, 0.1267799672373598, 0.17802202661820082, 0.9122597467742806, 0.7639642414944884, 0.8726996602000451, 0.5507490502570349, 0.5662753896094966, 0.5152205415162577, 0.6485234283725858, 0.7649894781675391, 0.6770595135014991, 0.7938639384017114, 0.05332137435260259, 0.2797097590567447, 0.7444674613374536, 0.6963191940568161, 0.6485812773272871, 0.05875834636404215, 0.39871442764888143, 0.7464395880331821, 0.8502600808704432, 0.14694333828626138, 0.9594770707287823, 0.02700627092652405, 0.34070216845035145, 0.4147630340604515, 0.9671308696819687, 0.9151156851015647, 0.8690413042992186, 0.4363843089360427, 0.03891980345004237, 0.00977412847603415, 0.9963803812287709, 0.18583875704356134, 0.9936390854869468], BATTLES: 312-257-325-442-347-362-174-171-256-
7, 2, -3274.0, [0.43269756264364534, 0.7833817950320539, 0.11167179690322303, 0.06975242412278024, 0.6161116465407007, 0.9630419740741127, 0.035296321067297826, 0.3390355788873201, 0.5964738671486802, 0.25787632406478905, 0.710458197528104, 0.00864387459765481, 0.9703161985474985, 0.935074440387509, 0.3172630514840836, 0.14513683429885316, 0.19431709197586983, 0.5822675308104006, 0.5899968211762854, 0.6385344075626784, 0.7498071969045684, 0.8917029449214361, 0.737573033820913, 0.1526479216089673, 0.5293169135092157, 0.1852530855619239, 0.9100410925792933, 0.7529688461659666, 0.14499838156422012, 0.28645829902739317, 0.8288575754003846, 0.8651664077210016, 0.7209964882853976, 0.7703938778875676, 0.7680855104519106, 0.7978458970604476, 0.2497288675199385, 0.031480599256633296, 0.6768176876028943, 0.33891224227314876, 0.07905041048777323, 0.1315785098864474, 0.7476005979102105, 0.8546097297656136, 0.7121712363621625, 0.16511069630194417, 0.34828013144084935, 0.030682965162892012, 0.7859009844373364, 0.15317716442120266, 0.7499792122254451, 0.09349891177739741, 0.21849269149251468, 0.9180151749458658, 0.7675035310804088, 0.8993331523741538, 0.6385149401856742, 0.8284611864125617, 0.5628179576276142, 0.16492484213580644, 0.9685189254599988, 0.5703554546372291, 0.2187148889709508], BATTLES: 359-244-355-447-351-391-414-351-362-
7, 3, -3069.0, [0.5308748098156544, 0.8688545213646024, 0.26207268976020165, 0.3863817547174675, 0.529277796259779, 0.8973507151211405, 0.376075349673587, 0.7218362416603896, 0.67274257013642, 0.37470970408393617, 0.819967358937139, 0.3852899679129192, 0.9135728311837602, 0.9804805182237162, 0.1735324464226716, 0.9531857911455455, 0.3115794785260511, 0.09229458567808335, 0.5238166107826581, 0.5880956421399987, 0.32732145576591176, 0.7233606374992385, 0.6222110064198648, 0.22638816538596224, 0.6347853552074035, 0.9170773649009805, 0.9123254513995829, 0.2704595157195866, 0.14803101140378747, 0.3564210828721576, 0.7667871579161807, 0.7959940710406689, 0.8099744211807633, 0.11744510615955867, 0.7172128173407462, 0.6215451150792688, 0.7089580029599052, 0.37275311041806425, 0.6428970996411101, 0.42036724745971776, 0.5671640719430835, 0.23221781903294986, 0.6537849689001137, 0.920323466304502, 0.23123599721284638, 0.7812352798329112, 0.6003270161876186, 0.25320054692998056, 0.24748095920760949, 0.4709084602636493, 0.8284729446918204, 0.08375354991099843, 0.1204323238204642, 0.09390968337565486, 0.8095479341013967, 0.8595329237594023, 0.8583547557242082, 0.010936893077721388, 0.47703376343386233, 0.3100407698916851, 0.9004033157146636, 0.9449891895912321, 0.9102866432253254], BATTLES: 373-253-347-418-371-356-326-282-343-
7, 4, -2846.0, [0.9133772404681341, 0.9771416754668909, 0.1453679396233515, 0.3095736552350279, 0.46015144934049623, 0.7319361601916293, 0.3718222650596818, 0.4626480564786017, 0.44546770542329106, 0.35754282881879546, 0.9880699579594868, 0.1651899567864796, 0.5975979375973098, 0.8284538266213501, 0.533339701949257, 0.9455309654515816, 0.28169211309130593, 0.045866209827637394, 0.5880532800774751, 0.5806362247184084, 0.6140298959659042, 0.5641071031305251, 0.09941454360802268, 0.03984108812347404, 0.5522884277559883, 0.46108285244727276, 0.9009369595615252, 0.9290495897415423, 0.21282326571553878, 0.269126379712258, 0.27184170623857873, 0.5752919887917468, 0.8267196833569578, 0.7230355516205924, 0.7483563494163938, 0.4189054479336518, 0.8968588126753407, 0.02261323573274166, 0.5814473946610059, 0.587270359162724, 0.2943848804206164, 0.08185006688852742, 0.9343070208375469, 0.5633495101534152, 0.6075756304885852, 0.6924736063157151, 0.7467046470172665, 0.02985894329998895, 0.8156577638652042, 0.7990366241641034, 0.6576467066565023, 0.10424226111601258, 0.4811650967956118, 0.8864239540720817, 0.8846709737254486, 0.7100103919991525, 0.3422961643202006, 0.6038352771924381, 0.3692693647964219, 0.5467434600373794, 0.05731670466462857, 0.878343622633432, 0.9302365711033711], BATTLES: 298-230-275-452-314-337-343-260-303-
7, 5, -1601.0, [0.19060641993465133, 0.7488741835866958, 0.7056744174399509, 0.3431624541395668, 0.594098632113152, 0.8952335975049508, 0.4562668443180158, 0.9984901457085728, 0.9131142643387788, 0.3542400937427049, 0.37447799869112885, 0.2522194175198382, 0.6343455056666689, 0.8304425107577381, 0.8334207282987841, 0.4761466758376917, 0.46026149918325704, 0.1460516313087346, 0.7246459402200865, 0.8647418746808341, 0.9181777000523892, 0.6187035653114854, 0.6665246459181381, 0.33959515018576064, 0.5611219549732727, 0.41518091186496003, 0.6267779324695877, 0.7874053193358322, 0.448898763862124, 0.4488870835430756, 0.6145972106455944, 0.8160302479664511, 0.38096573976805764, 0.643377442486866, 0.8352635154051818, 0.29334263107599984, 0.37224361627606833, 0.6099365865217174, 0.38124607711061986, 0.3131275090414443, 0.22073256958263954, 0.15066273966597876, 0.7795420959156257, 0.8619315648256848, 0.8393798292205953, 0.41860026758913144, 0.7401657281058278, 0.00480939511784656, 0.7447372885849011, 0.5850679384313309, 0.8681095860669452, 0.314458831959065, 0.6587244085105735, 0.9254415735930998, 0.9033204756632415, 0.9701321113245966, 0.5118919384687121, 0.18841996344451775, 0.42265102888447426, 0.17989513789775247, 0.9551613920355717, 0.40904938035699967, 0.26665745898536275], BATTLES: 234-99-210-258-183-225-131-111-120-
7, 6, -3125.0, [0.6386900357450509, 0.5022125972653422, 0.11634856679356831, 0.23523651971380177, 0.5097108729034697, 0.6525672432237848, 0.277142950609805, 0.5049021506270213, 0.7965325130163898, 0.48013298068582533, 0.9795246955414723, 0.4754621353499974, 0.9450437466909922, 0.8925878479082372, 0.5082139100655468, 0.45797865807625826, 0.6277105544193511, 0.7895788537762299, 0.5804098276267018, 0.8782820361857903, 0.6895189022951375, 0.7811862440628258, 0.48270372741983525, 0.018575173235036626, 0.38520717809346106, 0.19797968533309573, 0.7805024547157259, 0.9450942289463545, 0.22608351990658906, 0.1577882412052884, 0.9267569943738491, 0.8619385774100969, 0.5876204976744864, 0.7388948116124904, 0.7176661503219675, 0.489916654497611, 0.523850563927573, 0.07216055521516379, 0.4930651661205837, 0.5550575620828144, 0.28445535188135374, 0.34171871254744, 0.4942344500240603, 0.7790314020470224, 0.78351286743733, 0.31396240664929537, 0.4901339020408874, 0.20596199510546292, 0.8418412975201335, 0.07282919827711015, 0.9058724318848714, 0.056979761835156906, 0.23562291315367148, 0.9423060629690314, 0.9718234308701221, 0.8768835419958099, 0.8817939885453334, 0.7029492628834895, 0.4661649898742548, 0.08821586268100506, 0.9726909972557297, 0.6872311777896712, 0.5443940643093806], BATTLES: 326-257-324-455-359-392-348-324-340-
7, 7, -1405.0, [0.9561987449295624, 0.587501165813231, 0.34674582251864616, 0.41229454985322234, 0.9447049574685031, 0.20605354970425047, 0.18552421733729502, 0.6041891240736332, 0.5230610402015479, 0.951563815531008, 0.7857963054546273, 0.3579059512450282, 0.6232969935377752, 0.11261837109374429, 0.1191627758718602, 0.6610936137602509, 0.2524608608794983, 0.011282032153601684, 0.8812211207341196, 0.8534315850590315, 0.20511146636557614, 0.8282967230706668, 0.5815695207691968, 0.2355618350177744, 0.42648419931648884, 0.665902609924513, 0.9411392669553664, 0.6629450414689311, 0.17030838137850607, 0.5140657516707774, 0.5398690867566014, 0.719947278307952, 0.9588831614334223, 0.2511620417532922, 0.838761801609143, 0.07244046071930735, 0.654960072847156, 0.45872838898050305, 0.5746980436145538, 0.8437208709915832, 0.6314019914130112, 0.15170780203591794, 0.7713128995345919, 0.9940573608257245, 0.8249819323320213, 0.8707923617719223, 0.8024647931826443, 0.08066713481691924, 0.719827954891844, 0.9378902919860032, 0.7032196566967093, 0.23985656593155294, 0.27575909397843, 0.49369818793997033, 0.6498474574319757, 0.8637915272495672, 0.5146056880810121, 0.41855682147352624, 0.5145811645983707, 0.2881793774584605, 0.7013766761706388, 0.5148963638404239, 0.8189026444132839], BATTLES: 124-104-120-195-187-140-201-187-147-
7, 8, -3219.0, [0.4131185318182519, 0.6472956060915329, 0.03258961030564153, 0.13727689040453567, 0.4497609330082466, 0.7167272871226352, 0.2864297925619476, 0.09420266139698691, 0.34543270337641707, 0.4854261277451643, 0.7310321115324969, 0.4945977415327639, 0.8009138522710425, 0.4620462008801196, 0.3505097535685918, 0.12700219266420842, 0.7679394045663198, 0.9222563014777252, 0.261479320499816, 0.8502910237572704, 0.60824239788769, 0.448408291794603, 0.39416505757959514, 0.2629401627024834, 0.5293124475778274, 0.02443784421214737, 0.9520472466132046, 0.7371626527265399, 0.3367031512115153, 0.45315714157192044, 0.27205711504880514, 0.9060736587639415, 0.9353862960043845, 0.3908869091986644, 0.786258293103771, 0.5614248365420044, 0.9451428727836244, 0.5916184138171615, 0.08570283585618926, 0.2916016915061761, 0.18561214272496146, 0.13118547541539724, 0.6902112716252584, 0.44756980405335484, 0.6805633226100855, 0.2736757004834421, 0.3807926685606946, 0.8933455863758399, 0.8051984497209299, 0.42954317640338197, 0.8482989748916956, 0.28327826264462663, 0.20884221444587192, 0.6396237623312592, 0.8677096223658376, 0.47438753720385624, 0.9578117905260226, 0.9931970863355941, 0.8318649127517076, 0.22081555051585844, 0.6613244172423685, 0.5605295066361285, 0.20649631636738647], BATTLES: 356-243-358-449-326-400-411-307-369-
7, 9, -1209.0, [0.9949410799345276, 0.1553215844622966, 0.7713143569025642, 0.49570821904473694, 0.5269507917094092, 0.5763147174473569, 0.5233043633922475, 0.8938340182396478, 0.862774659582441, 0.8392642572690083, 0.6710872632939107, 0.018278085961711876, 0.5844188474907437, 0.9316714294741791, 0.4861708871111204, 0.8506106761112925, 0.8341812999704966, 0.07042204525964496, 0.45599744072738946, 0.5732294418417535, 0.45405921044608183, 0.570922853689892, 0.039105995532408, 0.13615636722209526, 0.3463227071773163, 0.9245657741920129, 0.4784364858293785, 0.3551769503510831, 0.28875725386379003, 0.027532154878912196, 0.6902717338143852, 0.2855297260541615, 0.4559270974228345, 0.9723603058437125, 0.6650254805499912, 0.10024855990452752, 0.05294347129518659, 0.3440854042791994, 0.5616188275020005, 0.9076402976932427, 0.8969891268624184, 0.5201178609770652, 0.21870385230085176, 0.7555420957262022, 0.7556158045904087, 0.5248722243644723, 0.8736200086976257, 0.6832174677056195, 0.10994688437625524, 0.8929406326005905, 0.5030945022872731, 0.12456760725529432, 0.3591416460781519, 0.6868428157192523, 0.11303532149574351, 0.8600003265126601, 0.11687900255290712, 0.32341911457944544, 0.3676838504818294, 0.5408794969668913, 0.0265025009054638, 0.6792392630634413, 0.9410969193644106], BATTLES: 167-88-143-177-112-134-119-163-106-
7, 10, -3104.0, [0.5317312330049305, 0.7909957150950884, 0.02623475994305058, 0.41979336551269025, 0.5954655676124408, 0.556842060572475, 0.4536067105021771, 0.5087823247388801, 0.447058466436409, 0.6210884025769069, 0.8171551595195777, 0.39291392638299927, 0.9343461067242546, 0.6721966490567475, 0.5511264902479722, 0.5054716059126332, 0.31110992093136713, 0.4708582088127812, 0.8981565677494769, 0.6942903666501157, 0.9573241285686643, 0.12269193573795856, 0.7700780134116954, 0.16629635905247778, 0.5465543461146399, 0.350020074872895, 0.9244074221541522, 0.8597265341459269, 0.045557734667637524, 0.3229119691495055, 0.9491699825350894, 0.5863376865121653, 0.3498014451139603, 0.09761352817145774, 0.8177108087299483, 0.8885241827487975, 0.97467969045801, 0.5055213400441241, 0.5299327085928046, 0.9288490175778572, 0.006581940703990985, 0.2769021045636588, 0.9001602431865015, 0.6710855523774577, 0.6177473044663442, 0.4908097699027289, 0.762074489118348, 0.1709213482462348, 0.8253983073029132, 0.10364483564099733, 0.9727362700596565, 0.008215994889757938, 0.16792519583153204, 0.9681231501221541, 0.9020097244646472, 0.6951347583753312, 0.9649278210099893, 0.5969504486563688, 0.5536701584150002, 0.32905245964910873, 0.46638989367713707, 0.9623354391436605, 0.5693686483995852], BATTLES: 317-277-331-441-363-377-339-258-353-
7, 11, -2790.0, [0.7250774212080606, 0.7120612923981608, 0.3695025980055121, 0.20392206310290512, 0.8789113086416047, 0.9101949083647828, 0.3071040425960315, 0.352560510087196, 0.46833042521510815, 0.6544406980005981, 0.06643800602960914, 0.5227278717542492, 0.9742285414377415, 0.7389627251948302, 0.2397789895114522, 0.7689736848076856, 0.14140895744593174, 0.636389457299614, 0.6393987554699071, 0.8605580095016101, 0.9917772953934132, 0.8211427002120326, 0.4464174720658658, 0.08847234507363501, 0.6255603105461383, 0.17525796824924395, 0.5296627713256465, 0.6456801833647388, 0.20342979017254298, 0.459441877845893, 0.8148044291484682, 0.8624595408113648, 0.8853518975472792, 0.6699554594398656, 0.6614276888564834, 0.2502685847652997, 0.18855102195984508, 0.6089354495526378, 0.48567934559869724, 0.6280003923600742, 0.08438423766490821, 0.2047300582745296, 0.7827819299675813, 0.9215749989746193, 0.7608807370998364, 0.497251590850661, 0.4030287827218724, 0.9278803048705075, 0.7030914646393822, 0.5400368244608522, 0.9953784010581508, 0.04315860259389621, 0.02790972723582779, 0.8518568900179198, 0.8146464841858532, 0.4691598844992266, 0.8542297079560426, 0.7693806778697708, 0.5967219133209178, 0.22746835839708152, 0.47129127301204454, 0.8932240779407146, 0.47731368841855043], BATTLES: 315-230-306-364-310-359-285-304-317-
7, 12, -2778.0, [0.9182317193755343, 0.7955957765192633, 0.2756429732279204, 0.21444771676570779, 0.5787682219374646, 0.9560500402268821, 0.4805506819647103, 0.9881393919420316, 0.742616580627351, 0.7655985345810653, 0.6481816351191598, 0.27015939774046915, 0.43146651926443336, 0.9828656488163026, 0.4768144543690659, 0.8369834398539638, 0.667503661672753, 0.2798073828390162, 0.8874266614429418, 0.6532404538554768, 0.9943940698555594, 0.9276917842623975, 0.3682400651982942, 0.0035503144949516757, 0.4879078129912874, 0.510804632352387, 0.20883766310894447, 0.5166317956756357, 0.3092688870756515, 0.2830803639758422, 0.9538052785232123, 0.5650194835994661, 0.9433167190898508, 0.8368494401928419, 0.8937373224918346, 0.03988249991335968, 0.13792486030101397, 0.4743062097956198, 0.9413547680152371, 0.5793221992028261, 0.7402553134807588, 0.3951687261075905, 0.406638712969968, 0.7915081955508555, 0.47122497102828864, 0.6579790380036805, 0.867612632774199, 0.455148732843195, 0.3794267126502677, 0.6108522890881596, 0.799601754681537, 0.11552317818786428, 0.29035570527242666, 0.3330387248923582, 0.9146495203543805, 0.8914884891684616, 0.2561185997960974, 0.4121506111507661, 0.6388288128992103, 0.39680336740859334, 0.8093191482062777, 0.9149117004719359, 0.20438342780533303], BATTLES: 362-268-346-392-325-351-228-237-269-
7, 13, -3147.0, [0.8245957361511765, 0.9024768362663191, 0.09988979178355581, 0.4763221399424788, 0.8176205137198636, 0.6308201990309568, 0.6574851716126856, 0.5004267656269925, 0.833306506432493, 0.9664587780832485, 0.8826691551841238, 0.31891371132906376, 0.7736878784351958, 0.8775738451034031, 0.47627290166719316, 0.3128285108588351, 0.6016970171313326, 0.4849878255868032, 0.7936331780423035, 0.8102854461062414, 0.6285734306445, 0.5879825392422949, 0.7540471635734981, 0.012880991329431046, 0.45984746613989225, 0.43452329333744893, 0.38878510397990845, 0.4064573231100832, 0.13116129071605492, 0.18851373808643368, 0.7103034031741509, 0.8092051417849515, 0.668074854382382, 0.1904232580967266, 0.6820825396847574, 0.84176450382538, 0.31906050250005813, 0.46842295726475613, 0.46775085356566004, 0.25397802176472295, 0.65050864641585, 0.27700292669839227, 0.3038205507622958, 0.7630017685148373, 0.6372509966972528, 0.6511438432227781, 0.570134042542474, 0.44352016431172275, 0.7666487363704219, 0.14949299872135444, 0.8257812223217886, 0.0128550772905133, 0.1603964564001782, 0.9471114809327614, 0.6595996124943401, 0.603181371609499, 0.9449141672766848, 0.2405209205119502, 0.5747819233000312, 0.49423089428053985, 0.9409966657140784, 0.8046116106952607, 0.5220227484065343], BATTLES: 313-270-314-466-354-380-374-314-362-
7, 14, -3219.0, [0.40811174971599656, 0.9086031142155961, 0.11279580955293216, 0.2409289553216131, 0.6126258014721964, 0.5657598932078165, 0.26876164908127337, 0.5584065177362789, 0.703089680167247, 0.6025713600058816, 0.7617859689223393, 0.5494144410212154, 0.7270159944515779, 0.896903067223931, 0.4873970512167848, 0.6654708469983246, 0.19311801922428168, 0.2635473034715764, 0.756308507070402, 0.9917556518332228, 0.9822499116761867, 0.5718267523904208, 0.8496969266362618, 0.271976566557644, 0.6166870275071867, 0.1551459197332551, 0.8678521280198812, 0.8789240042623077, 0.14572925629815398, 0.3452124843401473, 0.627730859753842, 0.9033376231006299, 0.7852015249601274, 0.0058909821869122525, 0.8129611027056658, 0.6892014030102203, 0.7903413763696627, 0.10663829136502923, 0.6115785110509603, 0.1918401429143313, 0.43679198797441665, 0.13579008858004127, 0.899959312254074, 0.8003976466008897, 0.4813646134938986, 0.7564204149487441, 0.509729589327337, 0.06845550496317848, 0.8093180548205695, 0.24013570095091855, 0.9503076433804079, 0.00524027882755973, 0.29663814454376, 0.8650913699731082, 0.9808654197178505, 0.7944771037768158, 0.9053398774209274, 0.3726935246843446, 0.49539248783198836, 0.005224661666674513, 0.8557925255852511, 0.7983540344523984, 0.7468701053784511], BATTLES: 334-288-344-470-380-374-354-301-374-
8, 0, -3008.0, [0.6391224340590048, 0.49733717022908525, 0.05343514944549491, 0.1233187334401642, 0.5059925900366069, 0.7737890397007955, 0.2924917386166193, 0.1936369951630401, 0.7940874500936695, 0.33840214846145367, 0.8141836519561642, 0.14446302297619468, 0.9982187872329082, 0.9525349626352508, 0.38503995246578193, 0.6213217475490211, 0.042684945164729704, 0.8287167138438825, 0.877275583903366, 0.7624158480412809, 0.9848808933687416, 0.6992104600362141, 0.7302364519745479, 0.014668079677700285, 0.48947861220798955, 0.2963255075796823, 0.9996457930968299, 0.9015754347740768, 0.015054233620649726, 0.3657934005431545, 0.9162601820031891, 0.8736490246268348, 0.5317455411801995, 0.5225804851306046, 0.8360699925364466, 0.7327243397216567, 0.4095730322055445, 0.42913964929417897, 0.4697384119151755, 0.6622553587903807, 0.20560341687379052, 0.18784934642558995, 0.7443649666538112, 0.9824635208219981, 0.782680532522799, 0.2853931446913426, 0.5370597530506278, 0.4980135117210527, 0.42610995542526797, 0.32849160501422414, 0.9861439456688611, 0.05980771457860484, 0.19272846045862363, 0.9057549511062692, 0.9981019163529297, 0.8156866736815611, 0.913888810662739, 0.3965602053253024, 0.2634997599416158, 0.24361309700786404, 0.992702383820991, 0.8873825159772369, 0.7212641081605091], BATTLES: 295-201-298-441-318-375-363-248-329-
8, 1, -2966.0, [0.8120372430894388, 0.7746157336094375, 0.023416112242423473, 0.5024940638937079, 0.6159671225387389, 0.9548451372624333, 0.428940236586211, 0.15810633449162587, 0.4604747104575594, 0.23279207045189448, 0.8028894481988191, 0.40682917082551784, 0.7913784230943627, 0.7122128437193029, 0.3625813588859098, 0.07690812898254246, 0.5465237903224944, 0.9380836365916185, 0.756414313781149, 0.765520780351632, 0.565054583264452, 0.4380442429816165, 0.8109307952107848, 0.06546681367760142, 0.9267272724009077, 0.6442545239470168, 0.2665964873696502, 0.7188982676736042, 0.1267799672373598, 0.17802202661820082, 0.9122597467742806, 0.7639642414944884, 0.8726996602000451, 0.5507490502570349, 0.5662753896094966, 0.5152205415162577, 0.6485234283725858, 0.7649894781675391, 0.6770595135014991, 0.7938639384017114, 0.05332137435260259, 0.2797097590567447, 0.7444674613374536, 0.6963191940568161, 0.6485812773272871, 0.05875834636404215, 0.39871442764888143, 0.7464395880331821, 0.8502600808704432, 0.14694333828626138, 0.9594770707287823, 0.02700627092652405, 0.34070216845035145, 0.4147630340604515, 0.9671308696819687, 0.9151156851015647, 0.8690413042992186, 0.4363843089360427, 0.03891980345004237, 0.00977412847603415, 0.9963803812287709, 0.18583875704356134, 0.9936390854869468], BATTLES: 340-225-268-453-307-305-406-329-333-
8, 2, -3122.0, [0.43269756264364534, 0.7833817950320539, 0.11167179690322303, 0.06975242412278024, 0.6161116465407007, 0.9630419740741127, 0.035296321067297826, 0.3390355788873201, 0.5964738671486802, 0.25787632406478905, 0.710458197528104, 0.00864387459765481, 0.9703161985474985, 0.935074440387509, 0.3172630514840836, 0.14513683429885316, 0.19431709197586983, 0.5822675308104006, 0.5899968211762854, 0.6385344075626784, 0.7498071969045684, 0.8917029449214361, 0.737573033820913, 0.1526479216089673, 0.5293169135092157, 0.1852530855619239, 0.9100410925792933, 0.7529688461659666, 0.14499838156422012, 0.28645829902739317, 0.8288575754003846, 0.8651664077210016, 0.7209964882853976, 0.7703938778875676, 0.7680855104519106, 0.7978458970604476, 0.2497288675199385, 0.031480599256633296, 0.6768176876028943, 0.33891224227314876, 0.07905041048777323, 0.1315785098864474, 0.7476005979102105, 0.8546097297656136, 0.7121712363621625, 0.16511069630194417, 0.34828013144084935, 0.030682965162892012, 0.7859009844373364, 0.15317716442120266, 0.7499792122254451, 0.09349891177739741, 0.21849269149251468, 0.9180151749458658, 0.7675035310804088, 0.8993331523741538, 0.6385149401856742, 0.8284611864125617, 0.5628179576276142, 0.16492484213580644, 0.9685189254599988, 0.5703554546372291, 0.2187148889709508], BATTLES: 331-234-281-443-343-388-403-350-349-
8, 3, -2825.0, [0.5308748098156544, 0.8665198108166396, 0.26207268976020165, 0.3192958381447778, 0.529277796259779, 0.8973507151211405, 0.376075349673587, 0.7218362416603896, 0.5225587397625739, 0.37470970408393617, 0.819967358937139, 0.30146653555061, 0.9135728311837602, 0.9804805182237162, 0.1735324464226716, 0.7749639545720627, 0.07447096596893005, 0.09229458567808335, 0.5431025675642036, 0.6040958015002221, 0.5280297158944255, 0.8616803187496193, 0.6222110064198648, 0.11319408269298112, 0.6347853552074035, 0.5809376187703907, 0.9123254513995829, 0.2704595157195866, 0.07401550570189373, 0.3564210828721576, 0.858076326560439, 0.9949030441073285, 0.8099744211807633, 0.11744510615955867, 0.7172128173407462, 0.6215451150792688, 0.7089580029599052, 0.37275311041806425, 0.6122982725571866, 0.49076273410261045, 0.5671640719430835, 0.23221781903294986, 0.7596036877443193, 0.974536026687147, 0.5582252159190533, 0.5151528866758226, 0.481895891041765, 0.4955308693197673, 0.24748095920760949, 0.25082920907407824, 0.8284729446918204, 0.08375354991099843, 0.1204323238204642, 0.09390968337565486, 0.8095479341013967, 0.710339336724068, 0.9007283588271435, 0.010936893077721388, 0.48529916872393897, 0.27262710921916405, 0.7720987793514965, 0.9449891895912321, 0.7439318355088573], BATTLES: 330-215-306-400-340-333-297-263-321-
8, 4, -2774.0, [0.7337680057620845, 0.9397868317997444, 0.1453679396233515, 0.33798471263698987, 0.46015144934049623, 0.8650863957672118, 0.3718222650596818, 0.4626480564786017, 0.44546770542329106, 0.35754282881879546, 0.8344197210663026, 0.20168996718850524, 0.65047321194818, 0.8284538266213501, 0.3511075747252154, 0.9455309654515816, 0.28169211309130593, 0.4337724400520981, 0.6780353260852792, 0.5806362247184084, 0.3908999900863045, 0.5641071031305251, 0.4166307378059133, 0.03984108812347404, 0.5522884277559883, 0.46108285244727276, 0.898412978645796, 0.5782203523286287, 0.21282326571553878, 0.269126379712258, 0.49177324298536473, 0.6700798976923693, 0.8267196833569578, 0.7230355516205924, 0.8061235129811506, 0.4189054479336518, 0.9506614929602581, 0.19637900538133565, 0.5628605084070183, 0.587270359162724, 0.2943848804206164, 0.08185006688852742, 0.9343070208375469, 0.6710543929381229, 0.6075756304885852, 0.41816436845920824, 0.4439037151057462, 0.46651280922523897, 0.8156577638652042, 0.7990366241641034, 0.7263697366041563, 0.10424226111601258, 0.32875757431376884, 0.31948451215270707, 0.8368087971479863, 0.7100103919991525, 0.3422961643202006, 0.6038352771924381, 0.3557333159745427, 0.30444252579897485, 0.05731670466462857, 0.878343622633432, 0.9651182855516856], BATTLES: 299-176-180-396-243-223-436-360-258-
8, 5, -1745.0, [0.19060641993465133, 0.7995550308178404, 0.52234904303607, 0.052744489238659154, 0.9594856521675726, 0.8952335975049508, 0.4562668443180158, 0.9984901457085728, 0.5802709028512743, 0.5045984791519373, 0.37447799869112885, 0.2522194175198382, 0.8603025570108911, 0.8304425107577381, 0.3895340705139731, 0.17502694428666538, 0.46026149918325704, 0.298277403274151, 0.7246459402200865, 0.8369210731513829, 0.955087533113562, 0.8048932568412405, 0.5770206988152983, 0.33959515018576064, 0.6587057143382612, 0.1390196868804414, 0.7164479229009618, 0.7042665893030442, 0.448898763862124, 0.5556302157248101, 0.6818769778102333, 0.940168955009238, 0.7014951716656558, 0.7539194263800115, 0.8352635154051818, 0.29334263107599984, 0.17990514894062481, 0.6099365865217174, 0.28175320181822805, 0.3131275090414443, 0.11036628479131977, 0.15066273966597876, 0.8001643074458604, 0.9333422057732383, 0.8393798292205953, 0.3169435346702026, 0.4826826957106532, 0.44927775985486235, 0.7504834536531926, 0.5850679384313309, 0.8861688889042847, 0.188181855506207, 0.2915309474013523, 0.9240212658783298, 0.9033204756632415, 0.7724787824845035, 0.5118919384687121, 0.18841996344451775, 0.4315328863048764, 0.17989513789775247, 0.8667707774246262, 0.7451088469673625, 0.26665745898536275], BATTLES: 216-84-165-248-129-202-130-121-125-
8, 6, -3090.0, [0.7392128652579388, 0.5022125972653422, 0.06381225372845055, 0.16340255394498526, 0.5097108729034697, 0.8502382922014178, 0.24797674199665395, 0.10032861379896879, 0.7277175555028749, 0.48013298068582533, 0.9843477956431744, 0.16536350921829374, 0.9450437466909922, 0.8925878479082372, 0.41216719434125926, 0.22898932903812913, 0.23985967038367467, 0.7895788537762299, 0.5804098276267018, 0.8782820361857903, 0.6198507472012826, 0.6738591822173691, 0.8283730665551118, 0.018575173235036626, 0.9572083847190934, 0.29095569814189365, 0.7964599428886706, 0.816431764469815, 0.12899272957792612, 0.1577882412052884, 0.8785238334959083, 0.8619385774100969, 0.5876204976744864, 0.7388948116124904, 0.6633202097412506, 0.5734555478548107, 0.4973476552508446, 0.4189989453996558, 0.4363240273522616, 0.5026577206480958, 0.14222767594067687, 0.22868233296337387, 0.8243201811231011, 0.7790314020470224, 0.78351286743733, 0.03254230991540283, 0.4901339020408874, 0.41022544204811123, 0.9209206487600667, 0.036414599138555076, 0.9058724318848714, 0.06050283861580752, 0.23562291315367148, 0.849267107893377, 0.9718234308701221, 0.9384417709979049, 0.9408969942726667, 0.5318047951475147, 0.151406175275954, 0.03980272599051385, 0.9863454986278648, 0.4930659878337634, 0.6109010363533216], BATTLES: 324-226-292-448-349-372-353-306-314-
8, 7, -2409.0, [0.9780993724647812, 0.587501165813231, 0.10940651627364505, 0.2394030976072886, 0.9447049574685031, 0.47392481833293004, 0.18552421733729502, 0.6041891240736332, 0.5230610402015479, 0.951563815531008, 0.7857963054546273, 0.3579059512450282, 0.6232969935377752, 0.11261837109374429, 0.1191627758718602, 0.6610936137602509, 0.2524608608794983, 0.4790860826216299, 0.9295132414609408, 0.9653400361022986, 0.5796677969445352, 0.8282967230706668, 0.6274136074430182, 0.1177809175088872, 0.42648419931648884, 0.6842035215377754, 0.5312203332395127, 0.6629450414689311, 0.08515419068925303, 0.5140657516707774, 0.5398690867566014, 0.719947278307952, 0.9588831614334223, 0.18010441117327278, 0.6238539539935131, 0.3626998412999413, 0.654960072847156, 0.45872838898050305, 0.5746980436145538, 0.8437208709915832, 0.42165895864842573, 0.1112274903294083, 0.672798485588098, 0.9940573608257245, 0.8249819323320213, 0.5232746458965829, 0.8024647931826443, 0.08066713481691924, 0.719827954891844, 0.9378902919860032, 0.7032196566967093, 0.11992828296577647, 0.27575909397843, 0.6864219831110538, 0.8064868025668167, 0.8637915272495672, 0.5146056880810121, 0.28082745431494005, 0.364946979259874, 0.2881793774584605, 0.7013766761706388, 0.5148963638404239, 0.8189026444132839], BATTLES: 106-80-93-175-152-133-190-150-153-
8, 8, -3012.0, [0.4131185318182519, 0.6472956060915329, 0.03258961030564153, 0.13727689040453567, 0.4497609330082466, 0.7167272871226352, 0.2864297925619476, 0.09420266139698691, 0.34543270337641707, 0.4854261277451643, 0.7310321115324969, 0.4945977415327639, 0.8009138522710425, 0.4620462008801196, 0.3505097535685918, 0.12700219266420842, 0.7679394045663198, 0.9222563014777252, 0.261479320499816, 0.8502910237572704, 0.60824239788769, 0.448408291794603, 0.39416505757959514, 0.2629401627024834, 0.5293124475778274, 0.02443784421214737, 0.9520472466132046, 0.7371626527265399, 0.3367031512115153, 0.45315714157192044, 0.27205711504880514, 0.9060736587639415, 0.9353862960043845, 0.3908869091986644, 0.786258293103771, 0.5614248365420044, 0.9451428727836244, 0.5916184138171615, 0.08570283585618926, 0.2916016915061761, 0.18561214272496146, 0.13118547541539724, 0.6902112716252584, 0.44756980405335484, 0.6805633226100855, 0.2736757004834421, 0.3807926685606946, 0.8933455863758399, 0.8051984497209299, 0.42954317640338197, 0.8482989748916956, 0.28327826264462663, 0.20884221444587192, 0.6396237623312592, 0.8677096223658376, 0.47438753720385624, 0.9578117905260226, 0.9931970863355941, 0.8318649127517076, 0.22081555051585844, 0.6613244172423685, 0.5605295066361285, 0.20649631636738647], BATTLES: 348-213-295-448-314-353-391-284-366-
8, 9, -1300.0, [0.9949410799345276, 0.5837645793792686, 0.7713143569025642, 0.49570821904473694, 0.5269507917094092, 0.5763147174473569, 0.5233043633922475, 0.8938340182396478, 0.862774659582441, 0.8392642572690083, 0.6546062268623466, 0.009139042980855938, 0.5844188474907437, 0.9316714294741791, 0.4861708871111204, 0.8506106761112925, 0.8341812999704966, 0.07042204525964496, 0.45599744072738946, 0.5732294418417535, 0.45405921044608183, 0.9384268813365743, 0.5207132944312176, 0.022300718581249643, 0.5689921090437514, 0.9245657741920129, 0.4784364858293785, 0.3551769503510831, 0.28875725386379003, 0.027532154878912196, 0.8451358669071927, 0.8039313187014061, 0.4559270974228345, 0.8576094005756076, 0.7487532492758634, 0.10024855990452752, 0.05294347129518659, 0.32633779256324014, 0.5616188275020005, 0.5477733417919166, 0.3266303185895401, 0.5201178609770652, 0.21870385230085176, 0.8777710478631011, 0.8011631060006139, 0.5248722243644723, 0.8236771913825196, 0.6832174677056195, 0.23172748837931562, 0.46026127383257, 0.8419628088514064, 0.12456760725529432, 0.3591416460781519, 0.6233736094200643, 0.11303532149574351, 0.8600003265126601, 0.11687900255290712, 0.32341911457944544, 0.31011962359176015, 0.5408794969668913, 0.0265025009054638, 0.6792392630634413, 0.8452147566675534], BATTLES: 140-80-124-176-112-138-118-116-103-
8, 10, -2941.0, [0.5317312330049305, 0.7909957150950884, 0.01311737997152529, 0.32900360051825883, 0.6450039961639227, 0.7516400874683691, 0.44315831405837824, 0.5087823247388801, 0.7942698729558859, 0.6210884025769069, 0.8171551595195777, 0.02428621130973041, 0.8895492865414948, 0.6721966490567475, 0.5546572949300379, 0.45754590388261596, 0.31110992093136713, 0.4708582088127812, 0.8981565677494769, 0.7384106622353961, 0.6685408997152353, 0.7682591033108315, 0.7700780134116954, 0.08314817952623889, 0.5465543461146399, 0.41126117988565974, 0.962203711077076, 0.6821021452012335, 0.045557734667637524, 0.16145598457475274, 0.9491699825350894, 0.7018544370376244, 0.3498014451139603, 0.32093901089507676, 0.8343361649271751, 0.9442620913743988, 0.5429705774954852, 0.5055213400441241, 0.5421062269869196, 0.2494099902131156, 0.006581940703990985, 0.23939828916442382, 0.9018208179673217, 0.6710855523774577, 0.5652609265333981, 0.4908097699027289, 0.762074489118348, 0.0854606741231174, 0.8253983073029132, 0.051822417820498665, 0.9727362700596565, 0.02976691208038803, 0.16792519583153204, 0.9681231501221541, 0.9020097244646472, 0.6951347583753312, 0.8195473484852069, 0.5106720260411787, 0.5779225342925557, 0.2549394991460519, 0.7331949468385686, 0.7497140890755247, 0.6147872578600726], BATTLES: 287-233-290-453-325-347-363-286-357-
8, 11, -2579.0, [0.7250774212080606, 0.7120612923981608, 0.3695025980055121, 0.20392206310290512, 0.8789113086416047, 0.9101949083647828, 0.3071040425960315, 0.352560510087196, 0.46833042521510815, 0.6544406980005981, 0.06643800602960914, 0.5227278717542492, 0.9742285414377415, 0.7389627251948302, 0.2397789895114522, 0.7689736848076856, 0.14140895744593174, 0.636389457299614, 0.6393987554699071, 0.8605580095016101, 0.9917772953934132, 0.8211427002120326, 0.4464174720658658, 0.08847234507363501, 0.6255603105461383, 0.17525796824924395, 0.5296627713256465, 0.6456801833647388, 0.20342979017254298, 0.459441877845893, 0.8148044291484682, 0.8624595408113648, 0.8853518975472792, 0.6699554594398656, 0.6614276888564834, 0.2502685847652997, 0.18855102195984508, 0.6089354495526378, 0.48567934559869724, 0.6280003923600742, 0.08438423766490821, 0.2047300582745296, 0.7827819299675813, 0.9215749989746193, 0.7608807370998364, 0.497251590850661, 0.4030287827218724, 0.9278803048705075, 0.7030914646393822, 0.5400368244608522, 0.9953784010581508, 0.04315860259389621, 0.02790972723582779, 0.8518568900179198, 0.8146464841858532, 0.4691598844992266, 0.8542297079560426, 0.7693806778697708, 0.5967219133209178, 0.22746835839708152, 0.47129127301204454, 0.8932240779407146, 0.47731368841855043], BATTLES: 286-190-261-357-289-337-267-296-296-
8, 12, -2914.0, [0.7339565144553689, 0.8977978882596316, 0.09860513179746766, 0.21444771676570779, 0.5787682219374646, 0.9560500402268821, 0.4805506819647103, 0.5698196234118199, 0.8713082903136755, 0.48967961210639843, 0.6481816351191598, 0.02649973232924445, 0.8364064427551567, 0.9914328244081513, 0.5612719191762375, 0.8369834398539638, 0.667503661672753, 0.2798073828390162, 0.9437133307214709, 0.6532404538554768, 0.9971970349277797, 0.9276917842623975, 0.3682400651982942, 0.0017751572474758379, 0.6412830569796996, 0.510804632352387, 0.5831305551497266, 0.7583158978378178, 0.15463444353782574, 0.23660877572699401, 0.9538052785232123, 0.7325452334946676, 0.7660672286544246, 0.5833718676302614, 0.8937373224918346, 0.7168384395056089, 0.426260673046601, 0.2371531048978099, 0.9413547680152371, 0.40506938455728875, 0.526050074577456, 0.3951687261075905, 0.7842190412892465, 0.8957540977754277, 0.43971757850138177, 0.6579790380036805, 0.6948527677259455, 0.2275743664215975, 0.3794267126502677, 0.6108522890881596, 0.8998008773407685, 0.05776158909393214, 0.29035570527242666, 0.9447690286545143, 0.9573247601771903, 0.8914884891684616, 0.6147833181938741, 0.4121506111507661, 0.6388288128992103, 0.39680336740859334, 0.8093191482062777, 0.957455850235968, 0.20438342780533303], BATTLES: 357-238-309-402-323-312-230-220-245-
8, 13, -3082.0, [0.8156530902953962, 0.9024768362663191, 0.049944895891777905, 0.1813648844597098, 0.8176205137198636, 0.6516880448331142, 0.6574851716126856, 0.30659657302354437, 0.833306506432493, 0.9664587780832485, 0.8826691551841238, 0.31891371132906376, 0.7736878784351958, 0.9387869225517016, 0.47627290166719316, 0.3128285108588351, 0.6016970171313326, 0.4849878255868032, 0.7936331780423035, 0.8102854461062414, 0.7349419346171299, 0.8562962725500962, 0.7540471635734981, 0.006440495664715523, 0.6084891517871909, 0.43452329333744893, 0.7191205481977353, 0.4064573231100832, 0.06558064535802746, 0.18851373808643368, 0.7103034031741509, 0.9046025708924758, 0.8188500217729366, 0.1904232580967266, 0.6820825396847574, 0.84176450382538, 0.31317301636139494, 0.267092536442905, 0.46775085356566004, 0.25397802176472295, 0.65050864641585, 0.27700292669839227, 0.5785738882629369, 0.7630017685148373, 0.8545273190536156, 0.6837351038861478, 0.6234528440969309, 0.44352016431172275, 0.7666487363704219, 0.14949299872135444, 0.8257812223217886, 0.0128550772905133, 0.1603964564001782, 0.9735557404663807, 0.8297998062471701, 0.8015906858047495, 0.9724570836383424, 0.39010206771697464, 0.5747819233000312, 0.49423089428053985, 0.9409966657140784, 0.9453219413600774, 0.5520539266290336], BATTLES: 328-224-288-452-340-358-361-257-334-
8, 14, -2980.0, [0.40811174971599656, 0.9086031142155961, 0.11279580955293216, 0.2409289553216131, 0.6126258014721964, 0.5657598932078165, 0.26876164908127337, 0.5584065177362789, 0.703089680167247, 0.6025713600058816, 0.7617859689223393, 0.5494144410212154, 0.7270159944515779, 0.896903067223931, 0.4873970512167848, 0.6654708469983246, 0.19311801922428168, 0.2635473034715764, 0.756308507070402, 0.9917556518332228, 0.9822499116761867, 0.5718267523904208, 0.8496969266362618, 0.271976566557644, 0.6166870275071867, 0.1551459197332551, 0.8678521280198812, 0.8789240042623077, 0.14572925629815398, 0.3452124843401473, 0.627730859753842, 0.9033376231006299, 0.7852015249601274, 0.0058909821869122525, 0.8129611027056658, 0.6892014030102203, 0.7903413763696627, 0.10663829136502923, 0.6115785110509603, 0.1918401429143313, 0.43679198797441665, 0.13579008858004127, 0.899959312254074, 0.8003976466008897, 0.4813646134938986, 0.7564204149487441, 0.509729589327337, 0.06845550496317848, 0.8093180548205695, 0.24013570095091855, 0.9503076433804079, 0.00524027882755973, 0.29663814454376, 0.8650913699731082, 0.9808654197178505, 0.7944771037768158, 0.9053398774209274, 0.3726935246843446, 0.49539248783198836, 0.005224661666674513, 0.8557925255852511, 0.7983540344523984, 0.7468701053784511], BATTLES: 318-251-285-419-371-362-351-295-328-
9, 0, -2913.0, [0.6391224340590048, 0.49733717022908525, 0.05343514944549491, 0.1233187334401642, 0.5059925900366069, 0.7737890397007955, 0.2924917386166193, 0.1936369951630401, 0.7940874500936695, 0.33840214846145367, 0.8141836519561642, 0.14446302297619468, 0.9982187872329082, 0.9525349626352508, 0.38503995246578193, 0.6213217475490211, 0.042684945164729704, 0.8287167138438825, 0.877275583903366, 0.7624158480412809, 0.9848808933687416, 0.6992104600362141, 0.7302364519745479, 0.014668079677700285, 0.48947861220798955, 0.2963255075796823, 0.9996457930968299, 0.9015754347740768, 0.015054233620649726, 0.3657934005431545, 0.9162601820031891, 0.8736490246268348, 0.5317455411801995, 0.5225804851306046, 0.8360699925364466, 0.7327243397216567, 0.4095730322055445, 0.42913964929417897, 0.4697384119151755, 0.6622553587903807, 0.20560341687379052, 0.18784934642558995, 0.7443649666538112, 0.9824635208219981, 0.782680532522799, 0.2853931446913426, 0.5370597530506278, 0.4980135117210527, 0.42610995542526797, 0.32849160501422414, 0.9861439456688611, 0.05980771457860484, 0.19272846045862363, 0.9057549511062692, 0.9981019163529297, 0.8156866736815611, 0.913888810662739, 0.3965602053253024, 0.2634997599416158, 0.24361309700786404, 0.992702383820991, 0.8873825159772369, 0.7212641081605091], BATTLES: 355-228-279-442-294-347-367-263-338-
9, 1, -2958.0, [0.8120372430894388, 0.7746157336094375, 0.023416112242423473, 0.5024940638937079, 0.6159671225387389, 0.9548451372624333, 0.428940236586211, 0.15810633449162587, 0.4604747104575594, 0.23279207045189448, 0.8028894481988191, 0.40682917082551784, 0.7913784230943627, 0.7122128437193029, 0.3625813588859098, 0.07690812898254246, 0.5465237903224944, 0.9380836365916185, 0.756414313781149, 0.765520780351632, 0.565054583264452, 0.4380442429816165, 0.8109307952107848, 0.06546681367760142, 0.9267272724009077, 0.6442545239470168, 0.2665964873696502, 0.7188982676736042, 0.1267799672373598, 0.17802202661820082, 0.9122597467742806, 0.7639642414944884, 0.8726996602000451, 0.5507490502570349, 0.5662753896094966, 0.5152205415162577, 0.6485234283725858, 0.7649894781675391, 0.6770595135014991, 0.7938639384017114, 0.05332137435260259, 0.2797097590567447, 0.7444674613374536, 0.6963191940568161, 0.6485812773272871, 0.05875834636404215, 0.39871442764888143, 0.7464395880331821, 0.8502600808704432, 0.14694333828626138, 0.9594770707287823, 0.02700627092652405, 0.34070216845035145, 0.4147630340604515, 0.9671308696819687, 0.9151156851015647, 0.8690413042992186, 0.4363843089360427, 0.03891980345004237, 0.00977412847603415, 0.9963803812287709, 0.18583875704356134, 0.9936390854869468], BATTLES: 344-235-281-448-314-295-402-316-323-
9, 2, -3038.0, [0.43269756264364534, 0.7833817950320539, 0.11167179690322303, 0.06975242412278024, 0.6161116465407007, 0.9630419740741127, 0.035296321067297826, 0.3390355788873201, 0.5964738671486802, 0.25787632406478905, 0.710458197528104, 0.00864387459765481, 0.9703161985474985, 0.935074440387509, 0.3172630514840836, 0.14513683429885316, 0.19431709197586983, 0.5822675308104006, 0.5899968211762854, 0.6385344075626784, 0.7498071969045684, 0.8917029449214361, 0.737573033820913, 0.1526479216089673, 0.5293169135092157, 0.1852530855619239, 0.9100410925792933, 0.7529688461659666, 0.14499838156422012, 0.28645829902739317, 0.8288575754003846, 0.8651664077210016, 0.7209964882853976, 0.7703938778875676, 0.7680855104519106, 0.7978458970604476, 0.2497288675199385, 0.031480599256633296, 0.6768176876028943, 0.33891224227314876, 0.07905041048777323, 0.1315785098864474, 0.7476005979102105, 0.8546097297656136, 0.7121712363621625, 0.16511069630194417, 0.34828013144084935, 0.030682965162892012, 0.7859009844373364, 0.15317716442120266, 0.7499792122254451, 0.09349891177739741, 0.21849269149251468, 0.9180151749458658, 0.7675035310804088, 0.8993331523741538, 0.6385149401856742, 0.8284611864125617, 0.5628179576276142, 0.16492484213580644, 0.9685189254599988, 0.5703554546372291, 0.2187148889709508], BATTLES: 345-222-316-439-331-343-393-319-330-
9, 3, -2737.0, [0.5308748098156544, 0.8665198108166396, 0.26207268976020165, 0.3192958381447778, 0.529277796259779, 0.8973507151211405, 0.376075349673587, 0.7218362416603896, 0.5225587397625739, 0.37470970408393617, 0.819967358937139, 0.30146653555061, 0.9135728311837602, 0.9804805182237162, 0.1735324464226716, 0.7749639545720627, 0.07447096596893005, 0.09229458567808335, 0.5431025675642036, 0.6040958015002221, 0.5280297158944255, 0.8616803187496193, 0.6222110064198648, 0.11319408269298112, 0.6347853552074035, 0.5809376187703907, 0.9123254513995829, 0.2704595157195866, 0.07401550570189373, 0.3564210828721576, 0.858076326560439, 0.9949030441073285, 0.8099744211807633, 0.11744510615955867, 0.7172128173407462, 0.6215451150792688, 0.7089580029599052, 0.37275311041806425, 0.6122982725571866, 0.49076273410261045, 0.5671640719430835, 0.23221781903294986, 0.7596036877443193, 0.974536026687147, 0.5582252159190533, 0.5151528866758226, 0.481895891041765, 0.4955308693197673, 0.24748095920760949, 0.25082920907407824, 0.8284729446918204, 0.08375354991099843, 0.1204323238204642, 0.09390968337565486, 0.8095479341013967, 0.710339336724068, 0.9007283588271435, 0.010936893077721388, 0.48529916872393897, 0.27262710921916405, 0.7720987793514965, 0.9449891895912321, 0.7439318355088573], BATTLES: 303-205-285-378-297-316-324-314-315-
9, 4, -2728.0, [0.7337680057620845, 0.9397868317997444, 0.1453679396233515, 0.33798471263698987, 0.46015144934049623, 0.8650863957672118, 0.3718222650596818, 0.4626480564786017, 0.44546770542329106, 0.35754282881879546, 0.8344197210663026, 0.20168996718850524, 0.65047321194818, 0.8284538266213501, 0.3511075747252154, 0.9455309654515816, 0.28169211309130593, 0.4337724400520981, 0.6780353260852792, 0.5806362247184084, 0.3908999900863045, 0.5641071031305251, 0.4166307378059133, 0.03984108812347404, 0.5522884277559883, 0.46108285244727276, 0.898412978645796, 0.5782203523286287, 0.21282326571553878, 0.269126379712258, 0.49177324298536473, 0.6700798976923693, 0.8267196833569578, 0.7230355516205924, 0.8061235129811506, 0.4189054479336518, 0.9506614929602581, 0.19637900538133565, 0.5628605084070183, 0.587270359162724, 0.2943848804206164, 0.08185006688852742, 0.9343070208375469, 0.6710543929381229, 0.6075756304885852, 0.41816436845920824, 0.4439037151057462, 0.46651280922523897, 0.8156577638652042, 0.7990366241641034, 0.7263697366041563, 0.10424226111601258, 0.32875757431376884, 0.31948451215270707, 0.8368087971479863, 0.7100103919991525, 0.3422961643202006, 0.6038352771924381, 0.3557333159745427, 0.30444252579897485, 0.05731670466462857, 0.878343622633432, 0.9651182855516856], BATTLES: 278-181-277-404-261-308-403-310-306-
9, 5, -1685.0, [0.29923142115930584, 0.977082864046903, 0.52234904303607, 0.052744489238659154, 0.8005842445337333, 0.8952335975049508, 0.30481020271882797, 0.9984901457085728, 0.47828700493303467, 0.5045984791519373, 0.658380771423853, 0.2522194175198382, 0.8618607879432733, 0.8407430410440335, 0.3895340705139731, 0.17502694428666538, 0.10777193347075659, 0.6212620218313726, 0.7540482939829329, 0.8369210731513829, 0.955087533113562, 0.8048932568412405, 0.5770206988152983, 0.33959515018576064, 0.9315473818991935, 0.1390196868804414, 0.7164479229009618, 0.7042665893030442, 0.3067387619494837, 0.49658205463949445, 0.6818769778102333, 0.940168955009238, 0.7996981733876243, 0.6540181852145398, 0.8236066648826784, 0.29334263107599984, 0.5680537859031106, 0.6099365865217174, 0.28175320181822805, 0.3131275090414443, 0.055183142395659884, 0.014520018674890028, 0.9000821537229302, 0.8430969849114338, 0.8393798292205953, 0.04194645872968872, 0.37086367211486637, 0.44927775985486235, 0.7504834536531926, 0.34223673061248566, 0.9430844444521423, 0.1708365663855319, 0.25891998061030674, 0.6762412397811715, 0.9516602378316208, 0.7724787824845035, 0.5118919384687121, 0.18841996344451775, 0.4315328863048764, 0.08994756894887623, 0.9236048085352394, 0.7251026641191277, 0.44184717435959575], BATTLES: 217-130-245-263-184-235-125-148-98-
9, 6, -2989.0, [0.6817179972638261, 0.7161003931278129, 0.06381225372845055, 0.08170127697249263, 0.5097108729034697, 0.9251191461007089, 0.24797674199665395, 0.10032861379896879, 0.8892512180274608, 0.48013298068582533, 0.9843477956431744, 0.08268175460914687, 0.9450437466909922, 0.8925878479082372, 0.3654398946983054, 0.22898932903812913, 0.23985967038367467, 0.2785193688387692, 0.6108104639150604, 0.8782820361857903, 0.7370044294660032, 0.6738591822173691, 0.5474848825594771, 0.018575173235036626, 0.9572083847190934, 0.29095569814189365, 0.7964599428886706, 0.816431764469815, 0.12899272957792612, 0.26780945144343155, 0.8785238334959083, 0.8619385774100969, 0.8906368447440917, 0.7388948116124904, 0.6633202097412506, 0.5655556959944338, 0.38582246283919314, 0.05741006096466231, 0.4363240273522616, 0.5026577206480958, 0.3020932157847304, 0.24034933897859728, 0.8243201811231011, 0.8792695283308709, 0.7001371065676599, 0.03254230991540283, 0.4901339020408874, 0.41022544204811123, 0.6006213970412482, 0.43527495132943955, 0.7671280785244079, 0.06050283861580752, 0.23562291315367148, 0.849267107893377, 0.9436991961518506, 0.9384417709979049, 0.9408969942726667, 0.46616821155227967, 0.151406175275954, 0.03128185356854418, 0.9863454986278648, 0.4930659878337634, 0.6109010363533216], BATTLES: 353-216-290-416-315-330-376-308-313-
9, 7, -2344.0, [0.6673863401939863, 0.587501165813231, 0.10940651627364505, 0.2394030976072886, 0.580062345206894, 0.47392481833293004, 0.18552421733729502, 0.6041891240736332, 0.5230610402015479, 0.24611101329404572, 0.8928981527273137, 0.21778813773510788, 0.6232969935377752, 0.6570975276885596, 0.4158876939835506, 0.20730458786442105, 0.2524608608794983, 0.4790860826216299, 0.6523289946795656, 0.9653400361022986, 0.5796677969445352, 0.8282967230706668, 0.6274136074430182, 0.05867680704384527, 0.42648419931648884, 0.6842035215377754, 0.5312203332395127, 0.954411632330763, 0.08515419068925303, 0.5140657516707774, 0.5398690867566014, 0.9213994781302711, 0.5864379730121972, 0.5867497632094983, 0.6238539539935131, 0.7828104986802258, 0.5402616868542057, 0.005399417950357588, 0.8494803522305915, 0.35726262585379276, 0.42165895864842573, 0.04460534240961164, 0.8833011647834923, 0.9940573608257245, 0.8249819323320213, 0.046001735457087106, 0.7078546822300346, 0.04033356740845962, 0.719827954891844, 0.4689451459930016, 0.8516098283483546, 0.004135125222957892, 0.06076659971096607, 0.8432109915555269, 0.8064868025668167, 0.9318957636247835, 0.7573028440405061, 0.28082745431494005, 0.364946979259874, 0.2881793774584605, 0.7013766761706388, 0.4990098687801401, 0.7099382336817659], BATTLES: 229-137-131-381-306-261-336-269-269-
9, 8, -3129.0, [0.4131185318182519, 0.9384870681118258, 0.03258961030564153, 0.07136940446207445, 0.7072429051791842, 0.8499773322843064, 0.2864297925619476, 0.11946294538252808, 0.5016912090980201, 0.4854261277451643, 0.7310321115324969, 0.1457750843514695, 0.8009138522710425, 0.7439413068628605, 0.3151185172939923, 0.05804386086638216, 0.4423894828928398, 0.5723057388610089, 0.261479320499816, 0.8502910237572704, 0.7097604673270022, 0.448408291794603, 0.39416505757959514, 0.2629401627024834, 0.650537492653835, 0.02443784421214737, 0.9520472466132046, 0.7371626527265399, 0.3367031512115153, 0.45315714157192044, 0.4568357546459298, 0.9070274165549004, 0.9353862960043845, 0.3908869091986644, 0.7570732641762102, 0.8808035020473981, 0.9451428727836244, 0.39334352671645956, 0.3928831374576183, 0.2916016915061761, 0.18561214272496146, 0.09626383642871239, 0.7671576186439748, 0.6598542597251542, 0.7362783086543468, 0.2736757004834421, 0.3807926685606946, 0.5539684370113283, 0.8051984497209299, 0.3211223084092952, 0.7514373912376819, 0.15628878991233536, 0.17324018187634882, 0.8077318443501522, 0.8677096223658376, 0.47438753720385624, 0.9578117905260226, 0.9931970863355941, 0.7447654156009834, 0.4109024941553763, 0.6613244172423685, 0.5605295066361285, 0.2172885712560099], BATTLES: 330-194-282-424-323-376-389-275-352-
9, 9, -1509.0, [0.9949410799345276, 0.7518863141698632, 0.7713143569025642, 0.3125315506407199, 0.5269507917094092, 0.818940471144882, 0.5233043633922475, 0.8938340182396478, 0.862774659582441, 0.8392642572690083, 0.41184816514091993, 0.009139042980855938, 0.7922094237453718, 0.9658357147370895, 0.025579821794852242, 0.6013659703041304, 0.8341812999704966, 0.5352996018030985, 0.45599744072738946, 0.6101474780670378, 0.7279739363315427, 0.9692134406682871, 0.5052261103784679, 0.022300718581249643, 0.7726508567854551, 0.9245657741920129, 0.4784364858293785, 0.3551769503510831, 0.28875725386379003, 0.3372836983284876, 0.9572164355040788, 0.8039313187014061, 0.4559270974228345, 0.8576094005756076, 0.7487532492758634, 0.43693627832244464, 0.05294347129518659, 0.32633779256324014, 0.5572820313390883, 0.5477733417919166, 0.16331515929477006, 0.3520510800779666, 0.6662742585777419, 0.9981364429761986, 0.8011631060006139, 0.2151002076429514, 0.8236771913825196, 0.6832174677056195, 0.5492139229278278, 0.46026127383257, 0.8419628088514064, 0.12456760725529432, 0.3591416460781519, 0.6233736094200643, 0.47305640408016214, 0.5992040353719897, 0.6387317233721463, 0.32341911457944544, 0.31011962359176015, 0.5408794969668913, 0.0265025009054638, 0.6792392630634413, 0.5940391337582686], BATTLES: 140-76-111-200-137-134-129-142-100-
9, 10, -2940.0, [0.5317312330049305, 0.7909957150950884, 0.01311737997152529, 0.32900360051825883, 0.6450039961639227, 0.7516400874683691, 0.44315831405837824, 0.5087823247388801, 0.7942698729558859, 0.6210884025769069, 0.8171551595195777, 0.02428621130973041, 0.8895492865414948, 0.6721966490567475, 0.5546572949300379, 0.45754590388261596, 0.31110992093136713, 0.4708582088127812, 0.8981565677494769, 0.7384106622353961, 0.6685408997152353, 0.7682591033108315, 0.7700780134116954, 0.08314817952623889, 0.5465543461146399, 0.41126117988565974, 0.962203711077076, 0.6821021452012335, 0.045557734667637524, 0.16145598457475274, 0.9491699825350894, 0.7018544370376244, 0.3498014451139603, 0.32093901089507676, 0.8343361649271751, 0.9442620913743988, 0.5429705774954852, 0.5055213400441241, 0.5421062269869196, 0.2494099902131156, 0.006581940703990985, 0.23939828916442382, 0.9018208179673217, 0.6710855523774577, 0.5652609265333981, 0.4908097699027289, 0.762074489118348, 0.0854606741231174, 0.8253983073029132, 0.051822417820498665, 0.9727362700596565, 0.02976691208038803, 0.16792519583153204, 0.9681231501221541, 0.9020097244646472, 0.6951347583753312, 0.8195473484852069, 0.5106720260411787, 0.5779225342925557, 0.2549394991460519, 0.7331949468385686, 0.7497140890755247, 0.6147872578600726], BATTLES: 296-224-278-458-339-374-355-256-360-
9, 11, -2479.0, [0.7250774212080606, 0.7120612923981608, 0.3695025980055121, 0.20392206310290512, 0.8789113086416047, 0.9101949083647828, 0.3071040425960315, 0.352560510087196, 0.46833042521510815, 0.6544406980005981, 0.06643800602960914, 0.5227278717542492, 0.9742285414377415, 0.7389627251948302, 0.2397789895114522, 0.7689736848076856, 0.14140895744593174, 0.636389457299614, 0.6393987554699071, 0.8605580095016101, 0.9917772953934132, 0.8211427002120326, 0.4464174720658658, 0.08847234507363501, 0.6255603105461383, 0.17525796824924395, 0.5296627713256465, 0.6456801833647388, 0.20342979017254298, 0.459441877845893, 0.8148044291484682, 0.8624595408113648, 0.8853518975472792, 0.6699554594398656, 0.6614276888564834, 0.2502685847652997, 0.18855102195984508, 0.6089354495526378, 0.48567934559869724, 0.6280003923600742, 0.08438423766490821, 0.2047300582745296, 0.7827819299675813, 0.9215749989746193, 0.7608807370998364, 0.497251590850661, 0.4030287827218724, 0.9278803048705075, 0.7030914646393822, 0.5400368244608522, 0.9953784010581508, 0.04315860259389621, 0.02790972723582779, 0.8518568900179198, 0.8146464841858532, 0.4691598844992266, 0.8542297079560426, 0.7693806778697708, 0.5967219133209178, 0.22746835839708152, 0.47129127301204454, 0.8932240779407146, 0.47731368841855043], BATTLES: 290-190-271-341-282-308-243-279-275-
9, 12, -2875.0, [0.7339565144553689, 0.8977978882596316, 0.14888394898040636, 0.02279706380601837, 0.5517484251051422, 0.9375101530293549, 0.4805506819647103, 0.5698196234118199, 0.8713082903136755, 0.48967961210639843, 0.6481816351191598, 0.02649973232924445, 0.9182032213775784, 0.9914328244081513, 0.5612719191762375, 0.8369834398539638, 0.667503661672753, 0.2798073828390162, 0.9718566653607354, 0.6532404538554768, 0.9971970349277797, 0.9276917842623975, 0.3682400651982942, 0.0017751572474758379, 0.6412830569796996, 0.4268127690132992, 0.5630898565248885, 0.879157948918909, 0.15463444353782574, 0.23660877572699401, 0.9769026392616061, 0.7325452334946676, 0.7660672286544246, 0.5833718676302614, 0.8937373224918346, 0.7534342638425949, 0.2669028465620269, 0.16799790878905924, 0.9706773840076186, 0.5319396563553846, 0.526050074577456, 0.09956428492326919, 0.7842190412892465, 0.9478770488877138, 0.5472768230624732, 0.651490522665929, 0.5932758769651595, 0.15910508508508722, 0.3794267126502677, 0.4951352434873465, 0.8998008773407685, 0.05776158909393214, 0.29035570527242666, 0.9723845143272571, 0.9573247601771903, 0.8914884891684616, 0.6147833181938741, 0.4121506111507661, 0.5777625792753135, 0.39680336740859334, 0.8093191482062777, 0.978727925117984, 0.20438342780533303], BATTLES: 239-210-279-418-312-345-345-268-324-
9, 13, -2936.0, [0.8156530902953962, 0.9512384181331596, 0.024972447945888952, 0.0906824422298549, 0.8176205137198636, 0.9812782870880096, 0.6574851716126856, 0.2846000892022841, 0.67287868573937, 0.6782512801681367, 0.8826691551841238, 0.31891371132906376, 0.886843939217598, 0.9387869225517016, 0.47627290166719316, 0.3128285108588351, 0.3346386006250279, 0.4849878255868032, 0.7936331780423035, 0.8849662896011165, 0.7349419346171299, 0.9281481362750481, 0.9322401293282921, 0.006440495664715523, 0.4573347685206086, 0.43452329333744893, 0.7191205481977353, 0.4064573231100832, 0.05391157737039479, 0.0433382066210756, 0.8551517015870754, 0.9523012854462378, 0.9094250108864683, 0.4501132536802655, 0.8410412698423787, 0.84176450382538, 0.2903697056370065, 0.1335462682214525, 0.46775085356566004, 0.1916379225151254, 0.65050864641585, 0.27700292669839227, 0.7346741767887107, 0.7630017685148373, 0.6375722234399707, 0.42935709672941913, 0.2727344990082369, 0.44352016431172275, 0.758388268546429, 0.14949299872135444, 0.8257812223217886, 0.00642753864525665, 0.1603964564001782, 0.9735557404663807, 0.8297998062471701, 0.9186693812704793, 0.8768805914029141, 0.7157843216490088, 0.5747819233000312, 0.49423089428053985, 0.8966827960611294, 0.9112298386527207, 0.2228835074641732], BATTLES: 314-226-251-425-369-344-374-291-335-
9, 14, -2947.0, [0.40811174971599656, 0.9086031142155961, 0.11279580955293216, 0.2409289553216131, 0.6126258014721964, 0.5657598932078165, 0.26876164908127337, 0.5584065177362789, 0.703089680167247, 0.6025713600058816, 0.7617859689223393, 0.5494144410212154, 0.7270159944515779, 0.896903067223931, 0.4873970512167848, 0.6654708469983246, 0.19311801922428168, 0.2635473034715764, 0.756308507070402, 0.9917556518332228, 0.9822499116761867, 0.5718267523904208, 0.8496969266362618, 0.271976566557644, 0.6166870275071867, 0.1551459197332551, 0.8678521280198812, 0.8789240042623077, 0.14572925629815398, 0.3452124843401473, 0.627730859753842, 0.9033376231006299, 0.7852015249601274, 0.0058909821869122525, 0.8129611027056658, 0.6892014030102203, 0.7903413763696627, 0.10663829136502923, 0.6115785110509603, 0.1918401429143313, 0.43679198797441665, 0.13579008858004127, 0.899959312254074, 0.8003976466008897, 0.4813646134938986, 0.7564204149487441, 0.509729589327337, 0.06845550496317848, 0.8093180548205695, 0.24013570095091855, 0.9503076433804079, 0.00524027882755973, 0.29663814454376, 0.8650913699731082, 0.9808654197178505, 0.7944771037768158, 0.9053398774209274, 0.3726935246843446, 0.49539248783198836, 0.005224661666674513, 0.8557925255852511, 0.7983540344523984, 0.7468701053784511], BATTLES: 307-237-284-456-350-354-317-299-343-
10, 0, -2759.0, [0.6391224340590048, 0.49733717022908525, 0.05343514944549491, 0.1233187334401642, 0.5059925900366069, 0.7737890397007955, 0.2924917386166193, 0.1936369951630401, 0.7940874500936695, 0.33840214846145367, 0.8141836519561642, 0.14446302297619468, 0.9982187872329082, 0.9525349626352508, 0.38503995246578193, 0.6213217475490211, 0.042684945164729704, 0.8287167138438825, 0.877275583903366, 0.7624158480412809, 0.9848808933687416, 0.6992104600362141, 0.7302364519745479, 0.014668079677700285, 0.48947861220798955, 0.2963255075796823, 0.9996457930968299, 0.9015754347740768, 0.015054233620649726, 0.3657934005431545, 0.9162601820031891, 0.8736490246268348, 0.5317455411801995, 0.5225804851306046, 0.8360699925364466, 0.7327243397216567, 0.4095730322055445, 0.42913964929417897, 0.4697384119151755, 0.6622553587903807, 0.20560341687379052, 0.18784934642558995, 0.7443649666538112, 0.9824635208219981, 0.782680532522799, 0.2853931446913426, 0.5370597530506278, 0.4980135117210527, 0.42610995542526797, 0.32849160501422414, 0.9861439456688611, 0.05980771457860484, 0.19272846045862363, 0.9057549511062692, 0.9981019163529297, 0.8156866736815611, 0.913888810662739, 0.3965602053253024, 0.2634997599416158, 0.24361309700786404, 0.992702383820991, 0.8873825159772369, 0.7212641081605091], BATTLES: 354-186-257-421-309-317-356-256-303-
10, 1, -2826.0, [0.8120372430894388, 0.7746157336094375, 0.023416112242423473, 0.5024940638937079, 0.6159671225387389, 0.9548451372624333, 0.428940236586211, 0.15810633449162587, 0.4604747104575594, 0.23279207045189448, 0.8028894481988191, 0.40682917082551784, 0.7913784230943627, 0.7122128437193029, 0.3625813588859098, 0.07690812898254246, 0.5465237903224944, 0.9380836365916185, 0.756414313781149, 0.765520780351632, 0.565054583264452, 0.4380442429816165, 0.8109307952107848, 0.06546681367760142, 0.9267272724009077, 0.6442545239470168, 0.2665964873696502, 0.7188982676736042, 0.1267799672373598, 0.17802202661820082, 0.9122597467742806, 0.7639642414944884, 0.8726996602000451, 0.5507490502570349, 0.5662753896094966, 0.5152205415162577, 0.6485234283725858, 0.7649894781675391, 0.6770595135014991, 0.7938639384017114, 0.05332137435260259, 0.2797097590567447, 0.7444674613374536, 0.6963191940568161, 0.6485812773272871, 0.05875834636404215, 0.39871442764888143, 0.7464395880331821, 0.8502600808704432, 0.14694333828626138, 0.9594770707287823, 0.02700627092652405, 0.34070216845035145, 0.4147630340604515, 0.9671308696819687, 0.9151156851015647, 0.8690413042992186, 0.4363843089360427, 0.03891980345004237, 0.00977412847603415, 0.9963803812287709, 0.18583875704356134, 0.9936390854869468], BATTLES: 343-205-228-442-283-322-384-315-304-
10, 2, -2900.0, [0.43269756264364534, 0.7833817950320539, 0.11167179690322303, 0.06975242412278024, 0.6161116465407007, 0.9630419740741127, 0.035296321067297826, 0.3390355788873201, 0.5964738671486802, 0.25787632406478905, 0.710458197528104, 0.00864387459765481, 0.9703161985474985, 0.935074440387509, 0.3172630514840836, 0.14513683429885316, 0.19431709197586983, 0.5822675308104006, 0.5899968211762854, 0.6385344075626784, 0.7498071969045684, 0.8917029449214361, 0.737573033820913, 0.1526479216089673, 0.5293169135092157, 0.1852530855619239, 0.9100410925792933, 0.7529688461659666, 0.14499838156422012, 0.28645829902739317, 0.8288575754003846, 0.8651664077210016, 0.7209964882853976, 0.7703938778875676, 0.7680855104519106, 0.7978458970604476, 0.2497288675199385, 0.031480599256633296, 0.6768176876028943, 0.33891224227314876, 0.07905041048777323, 0.1315785098864474, 0.7476005979102105, 0.8546097297656136, 0.7121712363621625, 0.16511069630194417, 0.34828013144084935, 0.030682965162892012, 0.7859009844373364, 0.15317716442120266, 0.7499792122254451, 0.09349891177739741, 0.21849269149251468, 0.9180151749458658, 0.7675035310804088, 0.8993331523741538, 0.6385149401856742, 0.8284611864125617, 0.5628179576276142, 0.16492484213580644, 0.9685189254599988, 0.5703554546372291, 0.2187148889709508], BATTLES: 283-222-257-424-322-318-411-347-316-
10, 3, -2565.0, [0.5308748098156544, 0.8665198108166396, 0.26207268976020165, 0.3192958381447778, 0.529277796259779, 0.8973507151211405, 0.376075349673587, 0.7218362416603896, 0.5225587397625739, 0.37470970408393617, 0.819967358937139, 0.30146653555061, 0.9135728311837602, 0.9804805182237162, 0.1735324464226716, 0.7749639545720627, 0.07447096596893005, 0.09229458567808335, 0.5431025675642036, 0.6040958015002221, 0.5280297158944255, 0.8616803187496193, 0.6222110064198648, 0.11319408269298112, 0.6347853552074035, 0.5809376187703907, 0.9123254513995829, 0.2704595157195866, 0.07401550570189373, 0.3564210828721576, 0.858076326560439, 0.9949030441073285, 0.8099744211807633, 0.11744510615955867, 0.7172128173407462, 0.6215451150792688, 0.7089580029599052, 0.37275311041806425, 0.6122982725571866, 0.49076273410261045, 0.5671640719430835, 0.23221781903294986, 0.7596036877443193, 0.974536026687147, 0.5582252159190533, 0.5151528866758226, 0.481895891041765, 0.4955308693197673, 0.24748095920760949, 0.25082920907407824, 0.8284729446918204, 0.08375354991099843, 0.1204323238204642, 0.09390968337565486, 0.8095479341013967, 0.710339336724068, 0.9007283588271435, 0.010936893077721388, 0.48529916872393897, 0.27262710921916405, 0.7720987793514965, 0.9449891895912321, 0.7439318355088573], BATTLES: 273-195-273-350-276-297-309-296-296-
10, 4, -2655.0, [0.7337680057620845, 0.9635417633390001, 0.1453679396233515, 0.33798471263698987, 0.46015144934049623, 0.8650863957672118, 0.3718222650596818, 0.4626480564786017, 0.44546770542329106, 0.35754282881879546, 0.8344197210663026, 0.20168996718850524, 0.65047321194818, 0.8284538266213501, 0.2396489876184847, 0.11771363413704677, 0.28169211309130593, 0.4337724400520981, 0.6780353260852792, 0.5806362247184084, 0.7507820811852006, 0.5641071031305251, 0.4166307378059133, 0.03984108812347404, 0.5178497963235908, 0.46108285244727276, 0.949206489322898, 0.8929616616204552, 0.09650981476286985, 0.269126379712258, 0.49177324298536473, 0.8109869797817539, 0.8267196833569578, 0.7230355516205924, 0.7958404488843899, 0.7094527239668259, 0.6735177981799843, 0.19637900538133565, 0.5628605084070183, 0.587270359162724, 0.2943848804206164, 0.08185006688852742, 0.9343070208375469, 0.6710543929381229, 0.6075756304885852, 0.08128288034573136, 0.4439037151057462, 0.46651280922523897, 0.9078288819326021, 0.7990366241641034, 0.7263697366041563, 0.10424226111601258, 0.32875757431376884, 0.8104860233910105, 0.9184043985739931, 0.8357087006070042, 0.3422961643202006, 0.801917638596219, 0.3557333159745427, 0.30444252579897485, 0.5286583523323143, 0.878343622633432, 0.9651182855516856], BATTLES: 291-166-231-387-260-279-384-299-256-
10, 5, -1823.0, [0.5735882968945398, 0.9885414320234516, 0.52234904303607, 0.026372244619329577, 0.8005842445337333, 0.8314669750729993, 0.30481020271882797, 0.11794894459134919, 0.606880883306547, 0.5045984791519373, 0.7807157157527471, 0.2522194175198382, 0.8618607879432733, 0.8407430410440335, 0.3895340705139731, 0.49707534618162413, 0.10777193347075659, 0.6212620218313726, 0.7540482939829329, 0.9016181187767923, 0.955087533113562, 0.8048932568412405, 0.5770206988152983, 0.16979757509288032, 0.4647322462493017, 0.1390196868804414, 0.9927461143158852, 0.7042665893030442, 0.3067387619494837, 0.49658205463949445, 0.6818769778102333, 0.940168955009238, 0.9355000449847426, 0.42664448289932216, 0.8236066648826784, 0.646671315538, 0.5680537859031106, 0.6099365865217174, 0.28175320181822805, 0.3131275090414443, 0.11544901840461988, 0.007260009337445014, 0.9000821537229302, 0.8430969849114338, 0.9087507246496794, 0.10201801998897334, 0.4610799246146355, 0.23732474324726638, 0.7504834536531926, 0.25066895836423914, 0.914365590168908, 0.1708365663855319, 0.25891998061030674, 0.6762412397811715, 0.8746514114334192, 0.7724787824845035, 0.7054623323103972, 0.18841996344451775, 0.4315328863048764, 0.08994756894887623, 0.9618024042676196, 0.7251026641191277, 0.44184717435959575], BATTLES: 229-110-203-217-164-223-163-176-136-
10, 6, -2932.0, [0.44137933889382414, 0.7161003931278129, 0.06381225372845055, 0.040850638486246316, 0.5097108729034697, 0.7588215346553219, 0.031934439329778325, 0.050164306899484395, 0.8892512180274608, 0.48013298068582533, 0.9843477956431744, 0.08268175460914687, 0.9450437466909922, 0.9564491105935303, 0.3654398946983054, 0.027995211514513077, 0.23985967038367467, 0.2785193688387692, 0.30983226968920896, 0.8782820361857903, 0.7617342740530286, 0.6738591822173691, 0.5474848825594771, 0.27540315276916644, 0.7688054134902929, 0.29095569814189365, 0.8571434473379163, 0.8655767608953561, 0.12899272957792612, 0.26780945144343155, 0.8785238334959083, 0.9309692887050485, 0.8906368447440917, 0.7388948116124904, 0.7195483694533942, 0.5955143853256551, 0.9794242638011339, 0.05741006096466231, 0.4363240273522616, 0.2513288603240479, 0.3020932157847304, 0.24034933897859728, 0.8503482151880858, 0.8792695283308709, 0.6988469016494622, 0.34305811250331336, 0.4901339020408874, 0.41022544204811123, 0.6006213970412482, 0.5099476362354295, 0.7671280785244079, 0.06050283861580752, 0.23562291315367148, 0.760681256960824, 0.9436991961518506, 0.9384417709979049, 0.9408969942726667, 0.5101998440216569, 0.5951255347963996, 0.03128185356854418, 0.9863454986278648, 0.4930659878337634, 0.34957320980508527], BATTLES: 342-195-270-420-306-346-358-289-316-
10, 7, -2352.0, [0.5151078933800705, 0.46322906906331396, 0.10940651627364505, 0.2394030976072886, 0.580062345206894, 0.47392481833293004, 0.18552421733729502, 0.6041891240736332, 0.5230610402015479, 0.12305550664702286, 0.8928981527273137, 0.21778813773510788, 0.8362125823745811, 0.8681056656049301, 0.4158876939835506, 0.4510828572819978, 0.2524608608794983, 0.4790860826216299, 0.7331731329087802, 0.8546940125068049, 0.5796677969445352, 0.9141483615353334, 0.6274136074430182, 0.029338403521922636, 0.35352598319440204, 0.6842035215377754, 0.7656101666197563, 0.9802719101390691, 0.014395978672055748, 0.20520653601358302, 0.5398690867566014, 0.8997376985563386, 0.5854036293811393, 0.5867497632094983, 0.6238539539935131, 0.7828104986802258, 0.39020685770420793, 0.002699708975178794, 0.8494803522305915, 0.35726262585379276, 0.3165178863537741, 0.0778932820219593, 0.8833011647834923, 0.9970286804128623, 0.8249819323320213, 0.11845780288290911, 0.5862385926302809, 0.02016678370422981, 0.719827954891844, 0.4689451459930016, 0.8516098283483546, 0.04830734318703347, 0.06076659971096607, 0.8432109915555269, 0.8064868025668167, 0.9318957636247835, 0.7066885482347633, 0.4252525092481866, 0.364946979259874, 0.12001040483233165, 0.8506883380853194, 0.4990098687801401, 0.7798167616127505], BATTLES: 215-129-121-394-292-190-358-321-247-
10, 8, -2996.0, [0.4131185318182519, 0.9384870681118258, 0.03258961030564153, 0.07136940446207445, 0.7072429051791842, 0.8499773322843064, 0.2864297925619476, 0.11946294538252808, 0.5016912090980201, 0.4854261277451643, 0.7310321115324969, 0.1457750843514695, 0.8009138522710425, 0.7439413068628605, 0.3151185172939923, 0.05804386086638216, 0.4423894828928398, 0.5723057388610089, 0.261479320499816, 0.8502910237572704, 0.7097604673270022, 0.448408291794603, 0.39416505757959514, 0.2629401627024834, 0.650537492653835, 0.02443784421214737, 0.9520472466132046, 0.7371626527265399, 0.3367031512115153, 0.45315714157192044, 0.4568357546459298, 0.9070274165549004, 0.9353862960043845, 0.3908869091986644, 0.7570732641762102, 0.8808035020473981, 0.9451428727836244, 0.39334352671645956, 0.3928831374576183, 0.2916016915061761, 0.18561214272496146, 0.09626383642871239, 0.7671576186439748, 0.6598542597251542, 0.7362783086543468, 0.2736757004834421, 0.3807926685606946, 0.5539684370113283, 0.8051984497209299, 0.3211223084092952, 0.7514373912376819, 0.15628878991233536, 0.17324018187634882, 0.8077318443501522, 0.8677096223658376, 0.47438753720385624, 0.9578117905260226, 0.9931970863355941, 0.7447654156009834, 0.4109024941553763, 0.6613244172423685, 0.5605295066361285, 0.2172885712560099], BATTLES: 331-223-292-445-339-358-376-274-358-
10, 9, -2785.0, [0.9949410799345276, 0.8759431570849316, 0.0351359136778141, 0.3125315506407199, 0.5269507917094092, 0.909470235572441, 0.26165218169612375, 0.4746539673055786, 0.862774659582441, 0.8392642572690083, 0.41184816514091993, 0.009139042980855938, 0.7922094237453718, 0.9829178573685448, 0.025579821794852242, 0.6013659703041304, 0.37678764949057986, 0.5352996018030985, 0.45599744072738946, 0.9904311326482593, 0.7279739363315427, 0.9692134406682871, 0.5052261103784679, 0.022300718581249643, 0.7726508567854551, 0.30651994099502533, 0.4784364858293785, 0.6720851323842387, 0.28875725386379003, 0.420003582115019, 0.9572164355040788, 0.8039313187014061, 0.4559270974228345, 0.8576094005756076, 0.7081474561302098, 0.43693627832244464, 0.05294347129518659, 0.23155356558010104, 0.4248879813274583, 0.5477733417919166, 0.16331515929477006, 0.3520510800779666, 0.7578997354266624, 0.9981364429761986, 0.6760712628758145, 0.1075501038214757, 0.5051819092857067, 0.6832174677056195, 0.5492139229278278, 0.46026127383257, 0.8419628088514064, 0.12456760725529432, 0.3591416460781519, 0.6233736094200643, 0.47305640408016214, 0.5992040353719897, 0.6387317233721463, 0.6617095572897227, 0.6855283477779656, 0.3818845115341563, 0.6138526849243163, 0.6792392630634413, 0.2970195668791343], BATTLES: 181-82-136-222-158-164-188-178-121-
10, 10, -2828.0, [0.5317312330049305, 0.7909957150950884, 0.01311737997152529, 0.32900360051825883, 0.6450039961639227, 0.7516400874683691, 0.44315831405837824, 0.5087823247388801, 0.7942698729558859, 0.6210884025769069, 0.8171551595195777, 0.02428621130973041, 0.8895492865414948, 0.6721966490567475, 0.5546572949300379, 0.45754590388261596, 0.31110992093136713, 0.4708582088127812, 0.8981565677494769, 0.7384106622353961, 0.6685408997152353, 0.7682591033108315, 0.7700780134116954, 0.08314817952623889, 0.5465543461146399, 0.41126117988565974, 0.962203711077076, 0.6821021452012335, 0.045557734667637524, 0.16145598457475274, 0.9491699825350894, 0.7018544370376244, 0.3498014451139603, 0.32093901089507676, 0.8343361649271751, 0.9442620913743988, 0.5429705774954852, 0.5055213400441241, 0.5421062269869196, 0.2494099902131156, 0.006581940703990985, 0.23939828916442382, 0.9018208179673217, 0.6710855523774577, 0.5652609265333981, 0.4908097699027289, 0.762074489118348, 0.0854606741231174, 0.8253983073029132, 0.051822417820498665, 0.9727362700596565, 0.02976691208038803, 0.16792519583153204, 0.9681231501221541, 0.9020097244646472, 0.6951347583753312, 0.8195473484852069, 0.5106720260411787, 0.5779225342925557, 0.2549394991460519, 0.7331949468385686, 0.7497140890755247, 0.6147872578600726], BATTLES: 301-213-276-451-317-333-341-249-347-
10, 11, -2897.0, [0.7250774212080606, 0.7120612923981608, 0.14397460775539375, 0.10196103155145256, 0.8298426439487968, 0.9101949083647828, 0.3071040425960315, 0.176280255043598, 0.2751070740250313, 0.6544406980005981, 0.06643800602960914, 0.026722691709103408, 0.8665499953155734, 0.7389627251948302, 0.24386216603437474, 0.3844868424038428, 0.24100266370280188, 0.636389457299614, 0.48209656685372054, 0.8522898759244162, 0.9917772953934132, 0.8211427002120326, 0.45560328960286567, 0.08847234507363501, 0.5231465748162752, 0.17525796824924395, 0.5296627713256465, 0.6456801833647388, 0.20342979017254298, 0.459441877845893, 0.8148044291484682, 0.9293567859533285, 0.8853518975472792, 0.9210277549892026, 0.6614276888564834, 0.8076781763859604, 0.18855102195984508, 0.10425811529084236, 0.48567934559869724, 0.6280003923600742, 0.08438423766490821, 0.2047300582745296, 0.8616957533738739, 0.7949794306374355, 0.7608807370998364, 0.07536193963502746, 0.09988039316192165, 0.9278803048705075, 0.7030914646393822, 0.32718665178696016, 0.9953784010581508, 0.12242968737848578, 0.0625455887596727, 0.8855369175211039, 0.721866932895208, 0.4691598844992266, 0.8079694576801317, 0.7693806778697708, 0.8859991849517612, 0.22746835839708152, 0.47129127301204454, 0.8932240779407146, 0.16185262735746564], BATTLES: 262-180-213-338-266-291-238-253-286-
10, 12, -2855.0, [0.6778126795482209, 0.8607864259146248, 0.04499658395403161, 0.02279706380601837, 0.5517484251051422, 0.9177718896984681, 0.37413190468509194, 0.21581718136113304, 0.8207414797597707, 0.5230927534136752, 0.6481816351191598, 0.02649973232924445, 0.889860135428913, 0.8806661715068425, 0.5433562185203127, 0.8369834398539638, 0.5694689051493408, 0.4379142993633156, 0.7659730687215172, 0.8141592139512105, 0.9985985174638898, 0.753051056145725, 0.3521226148610733, 0.019395618059696806, 0.7508254981298347, 0.08713329368029474, 0.6532833562536452, 0.9395789744594545, 0.2084781703617499, 0.27886218053058937, 0.8420442524607944, 0.7325452334946676, 0.8486281067100079, 0.5833718676302614, 0.8308025604027729, 0.7770087313780232, 0.3841824822136733, 0.13827464030870887, 0.7116259865427484, 0.4797416330604246, 0.32606991994317436, 0.10115983305562934, 0.8349065173090181, 0.8391935481982742, 0.5472768230624732, 0.651490522665929, 0.4867062248671399, 0.34137609282279635, 0.636676450834243, 0.4258957392518635, 0.830540926790879, 0.0826230020300367, 0.2897199612185406, 0.9861922571636286, 0.9720336152565776, 0.7797944712808011, 0.7553356904382227, 0.7543999682589634, 0.5777625792753135, 0.39680336740859334, 0.7888251794970911, 0.6913546291205451, 0.20438342780533303], BATTLES: 286-198-279-415-321-329-356-274-304-
10, 13, -2850.0, [0.8156530902953962, 0.9512384181331596, 0.12314094513838528, 0.0906824422298549, 0.541666692789281, 0.9906391435440047, 0.2415608527868106, 0.5831736841361028, 0.43977952340307935, 0.6782512801681367, 0.7367938562725622, 0.030209110422569907, 0.886843939217598, 0.9985103589971364, 0.47627290166719316, 0.3128285108588351, 0.3346386006250279, 0.4849878255868032, 0.7936331780423035, 0.6418638809397175, 0.7349419346171299, 0.9281481362750481, 0.9322401293282921, 0.1471115898730781, 0.6060018710889294, 0.49900295193736244, 0.7191205481977353, 0.5332046900400244, 0.05391157737039479, 0.0433382066210756, 0.8551517015870754, 0.9761506427231189, 0.8814105766946152, 0.4501132536802655, 0.8182670757831072, 0.8741268862916033, 0.3482659220865662, 0.014492476888066187, 0.46775085356566004, 0.42287449971370217, 0.25626102309921617, 0.27700292669839227, 0.7346741767887107, 0.7630017685148373, 0.47194487364418125, 0.42935709672941913, 0.26509251061567807, 0.44352016431172275, 0.5811334643901271, 0.21272429981060875, 0.9244753355197223, 0.10153897563732334, 0.1603964564001782, 0.9735557404663807, 0.8974049346063087, 0.9593346906352396, 0.7421885820601164, 0.7157843216490088, 0.5137022704397162, 0.1625357785443926, 0.8382432683284136, 0.7905135136073826, 0.263502264506976], BATTLES: 320-207-261-430-335-335-353-254-309-
10, 14, -2788.0, [0.40811174971599656, 0.9086031142155961, 0.11279580955293216, 0.2409289553216131, 0.6126258014721964, 0.5657598932078165, 0.26876164908127337, 0.5584065177362789, 0.703089680167247, 0.6025713600058816, 0.7617859689223393, 0.5494144410212154, 0.7270159944515779, 0.896903067223931, 0.4873970512167848, 0.6654708469983246, 0.19311801922428168, 0.2635473034715764, 0.756308507070402, 0.9917556518332228, 0.9822499116761867, 0.5718267523904208, 0.8496969266362618, 0.271976566557644, 0.6166870275071867, 0.1551459197332551, 0.8678521280198812, 0.8789240042623077, 0.14572925629815398, 0.3452124843401473, 0.627730859753842, 0.9033376231006299, 0.7852015249601274, 0.0058909821869122525, 0.8129611027056658, 0.6892014030102203, 0.7903413763696627, 0.10663829136502923, 0.6115785110509603, 0.1918401429143313, 0.43679198797441665, 0.13579008858004127, 0.899959312254074, 0.8003976466008897, 0.4813646134938986, 0.7564204149487441, 0.509729589327337, 0.06845550496317848, 0.8093180548205695, 0.24013570095091855, 0.9503076433804079, 0.00524027882755973, 0.29663814454376, 0.8650913699731082, 0.9808654197178505, 0.7944771037768158, 0.9053398774209274, 0.3726935246843446, 0.49539248783198836, 0.005224661666674513, 0.8557925255852511, 0.7983540344523984, 0.7468701053784511], BATTLES: 315-204-241-449-334-329-327-270-319-
11, 0, -2775.0, [0.6391224340590048, 0.49733717022908525, 0.049453280724211804, 0.1233187334401642, 0.6488599224715913, 0.7737890397007955, 0.2338392093396766, 0.2831613673642107, 0.7940874500936695, 0.3029485887935098, 0.8141836519561642, 0.14446302297619468, 0.8126916410074032, 0.800481363485819, 0.364764080916032, 0.24068990657927442, 0.10047930254053444, 0.5142334743010877, 0.5466371666204429, 0.8250895048751458, 0.9848808933687416, 0.5546685599602544, 0.6715497018647326, 0.15111247405374603, 0.5025065878491867, 0.35651447948514736, 0.9998228965484149, 0.9015754347740768, 0.015054233620649726, 0.3277969249675462, 0.45313795702206117, 0.8945096532534581, 0.5948549615390675, 0.48754120776209475, 0.9039972164974084, 0.7327243397216567, 0.4095730322055445, 0.1892790638081294, 0.4672094352420551, 0.3116532440983659, 0.25278470067437114, 0.04219359960014338, 0.7443649666538112, 0.9327876792833134, 0.782680532522799, 0.2853931446913426, 0.5370597530506278, 0.4980135117210527, 0.42610995542526797, 0.32849160501422414, 0.9861439456688611, 0.1039053587019223, 0.058644163144700376, 0.9057549511062692, 0.9981019163529297, 0.8156866736815611, 0.913888810662739, 0.721052032033119, 0.6033765563409866, 0.2662827229277195, 0.7470528243155127, 0.5162421863871816, 0.7212641081605091], BATTLES: 314-193-240-410-300-312-344-260-286-
11, 1, -2767.0, [0.49345066614864297, 0.7118343905653389, 0.04562504065753168, 0.5024940638937079, 0.6159671225387389, 0.9987395850999007, 0.002678715201585413, 0.15810633449162587, 0.4604747104575594, 0.10997756277844167, 0.8028894481988191, 0.02053844260969881, 0.9604382382481977, 0.7122128437193029, 0.3625813588859098, 0.37465882199695516, 0.3341995545349585, 0.9380836365916185, 0.756414313781149, 0.765520780351632, 0.8534664685145801, 0.5211024025894642, 0.8109307952107848, 0.06546681367760142, 0.9169625692485359, 0.6442545239470168, 0.2665964873696502, 0.8594491338368021, 0.1267799672373598, 0.17802202661820082, 0.973662225737637, 0.7639642414944884, 0.9025944384620089, 0.9148188240613337, 0.7554813584039541, 0.524955521597856, 0.6485234283725858, 0.2409661939438428, 0.6770595135014991, 0.5953989006445373, 0.05332137435260259, 0.2797097590567447, 0.9714029661133007, 0.8586780389159332, 0.6485812773272871, 0.05875834636404215, 0.39871442764888143, 0.7464395880331821, 0.8502600808704432, 0.5475474183293008, 0.9594770707287823, 0.09170399006473529, 0.34070216845035145, 0.6394063097164507, 0.9671308696819687, 0.9160741867708276, 0.7780288038092422, 0.7108730450178391, 0.38926369206004563, 0.004887064238017075, 0.8947541412175274, 0.18583875704356134, 0.37229209672268815], BATTLES: 287-195-211-419-296-298-369-311-291-
11, 2, -2789.0, [0.43269756264364534, 0.7833817950320539, 0.11167179690322303, 0.06975242412278024, 0.6161116465407007, 0.9630419740741127, 0.035296321067297826, 0.3390355788873201, 0.5964738671486802, 0.25787632406478905, 0.710458197528104, 0.00864387459765481, 0.9703161985474985, 0.935074440387509, 0.3172630514840836, 0.14513683429885316, 0.19431709197586983, 0.5822675308104006, 0.5899968211762854, 0.6385344075626784, 0.7498071969045684, 0.8917029449214361, 0.737573033820913, 0.1526479216089673, 0.5293169135092157, 0.1852530855619239, 0.9100410925792933, 0.7529688461659666, 0.14499838156422012, 0.28645829902739317, 0.8288575754003846, 0.8651664077210016, 0.7209964882853976, 0.7703938778875676, 0.7680855104519106, 0.7978458970604476, 0.2497288675199385, 0.031480599256633296, 0.6768176876028943, 0.33891224227314876, 0.07905041048777323, 0.1315785098864474, 0.7476005979102105, 0.8546097297656136, 0.7121712363621625, 0.16511069630194417, 0.34828013144084935, 0.030682965162892012, 0.7859009844373364, 0.15317716442120266, 0.7499792122254451, 0.09349891177739741, 0.21849269149251468, 0.9180151749458658, 0.7675035310804088, 0.8993331523741538, 0.6385149401856742, 0.8284611864125617, 0.5628179576276142, 0.16492484213580644, 0.9685189254599988, 0.5703554546372291, 0.2187148889709508], BATTLES: 314-181-263-408-307-326-386-317-287-
11, 3, -2492.0, [0.5308748098156544, 0.8665198108166396, 0.26207268976020165, 0.3192958381447778, 0.529277796259779, 0.8973507151211405, 0.376075349673587, 0.7218362416603896, 0.5225587397625739, 0.37470970408393617, 0.819967358937139, 0.30146653555061, 0.9135728311837602, 0.9804805182237162, 0.1735324464226716, 0.7749639545720627, 0.07447096596893005, 0.09229458567808335, 0.5431025675642036, 0.6040958015002221, 0.5280297158944255, 0.8616803187496193, 0.6222110064198648, 0.11319408269298112, 0.6347853552074035, 0.5809376187703907, 0.9123254513995829, 0.2704595157195866, 0.07401550570189373, 0.3564210828721576, 0.858076326560439, 0.9949030441073285, 0.8099744211807633, 0.11744510615955867, 0.7172128173407462, 0.6215451150792688, 0.7089580029599052, 0.37275311041806425, 0.6122982725571866, 0.49076273410261045, 0.5671640719430835, 0.23221781903294986, 0.7596036877443193, 0.974536026687147, 0.5582252159190533, 0.5151528866758226, 0.481895891041765, 0.4955308693197673, 0.24748095920760949, 0.25082920907407824, 0.8284729446918204, 0.08375354991099843, 0.1204323238204642, 0.09390968337565486, 0.8095479341013967, 0.710339336724068, 0.9007283588271435, 0.010936893077721388, 0.48529916872393897, 0.27262710921916405, 0.7720987793514965, 0.9449891895912321, 0.7439318355088573], BATTLES: 277-176-256-338-263-319-288-300-275-
11, 4, -2611.0, [0.8668840028810423, 0.9635417633390001, 0.1453679396233515, 0.33798471263698987, 0.5656750301895626, 0.8645747829843086, 0.24309115301636328, 0.23132402823930084, 0.44546770542329106, 0.35754282881879546, 0.8344197210663026, 0.20168996718850524, 0.82523660597409, 0.9142269133106751, 0.2396489876184847, 0.15615356534994693, 0.18075700857726806, 0.4337724400520981, 0.3200905627891625, 0.5806362247184084, 0.7507820811852006, 0.5641071031305251, 0.4166307378059133, 0.03984108812347404, 0.9029137875225526, 0.46108285244727276, 0.949206489322898, 0.7339703669674892, 0.09650981476286985, 0.269126379712258, 0.6731618916312317, 0.905493489890877, 0.8267196833569578, 0.7230355516205924, 0.7958404488843899, 0.8371983571449697, 0.38842950300504075, 0.19637900538133565, 0.35576567069106163, 0.5339441814048561, 0.2943848804206164, 0.08185006688852742, 0.9460732853854201, 0.6710543929381229, 0.6075756304885852, 0.04064144017286568, 0.4439037151057462, 0.46651280922523897, 0.9078288819326021, 0.7990366241641034, 0.7263697366041563, 0.10424226111601258, 0.016779851440908128, 0.6298316919726692, 0.9184043985739931, 0.8357087006070042, 0.3422961643202006, 0.9009588192981095, 0.5996564408944126, 0.4790993704774826, 0.5286583523323143, 0.878343622633432, 0.544376761670786], BATTLES: 275-164-226-382-257-297-398-278-261-
11, 5, -1779.0, [0.4762240847538812, 0.9885414320234516, 0.52234904303607, 0.026372244619329577, 0.8005842445337333, 0.8314669750729993, 0.2719077017889052, 0.11794894459134919, 0.48530955528251635, 0.46867328975771483, 0.8134163858521536, 0.29735211231412784, 0.8442982549896125, 0.8407430410440335, 0.2657624350261264, 0.49707534618162413, 0.10777193347075659, 0.6212620218313726, 0.7540482939829329, 0.9016181187767923, 0.955087533113562, 0.8048932568412405, 0.5770206988152983, 0.16979757509288032, 0.4647322462493017, 0.1390196868804414, 0.9963730571579426, 0.5500585919437095, 0.3067387619494837, 0.49658205463949445, 0.6818769778102333, 0.970084477504619, 0.9472285469520478, 0.2922863407759331, 0.8236066648826784, 0.646671315538, 0.7874321697634745, 0.6099365865217174, 0.28175320181822805, 0.29633483079070705, 0.11544901840461988, 0.007260009337445014, 0.8578907491645229, 0.8430969849114338, 0.86549231266477, 0.10201801998897334, 0.4610799246146355, 0.41222596218094365, 0.7297999673487373, 0.25066895836423914, 0.914365590168908, 0.1708365663855319, 0.19046584321157817, 0.6762412397811715, 0.8746514114334192, 0.7724787824845035, 0.849625192719173, 0.29649993624617854, 0.4906579706522448, 0.08994756894887623, 0.8713620207171421, 0.7251026641191277, 0.5262058875320956], BATTLES: 225-121-173-241-168-165-228-238-157-
11, 6, -2861.0, [0.44137933889382414, 0.8663249763602207, 0.031906126864225275, 0.020425319243123158, 0.586064384356495, 0.8747173505847348, 0.015967219664889162, 0.025082153449742198, 0.8892512180274608, 0.48013298068582533, 0.9921738978215873, 0.1405469676176801, 0.9450437466909922, 0.9564491105935303, 0.2929994045041034, 0.013997605757256538, 0.23985967038367467, 0.4910665602271634, 0.22745406004496488, 0.995617310928832, 0.7617342740530286, 0.46633684932807973, 0.4938918436524794, 0.37731369227726586, 0.7688054134902929, 0.29095569814189365, 0.9285717236689581, 0.8655767608953561, 0.1492977642897125, 0.4480611644591893, 0.8785238334959083, 0.9746303725801267, 0.9453184223720459, 0.5412383506341899, 0.7195483694533942, 0.9260785435000637, 0.9794242638011339, 0.05741006096466231, 0.4363240273522616, 0.1428404486148373, 0.24237217364515895, 0.24034933897859728, 0.925174107594043, 0.8792695283308709, 0.6988469016494622, 0.23667666134612925, 0.4901339020408874, 0.35548861992381237, 0.8434857174604267, 0.5099476362354295, 0.7287906638835941, 0.06050283861580752, 0.15689384784463278, 0.760681256960824, 0.9718495980759253, 0.9384417709979049, 0.9704484971363334, 0.5101998440216569, 0.779197548926674, 0.03128185356854418, 0.9863454986278648, 0.4930659878337634, 0.34957320980508527], BATTLES: 318-194-261-392-298-351-381-283-322-
11, 7, -2397.0, [0.5151078933800705, 0.5922118546874403, 0.06981416771703962, 0.2394030976072886, 0.580062345206894, 0.47392481833293004, 0.09276210866864751, 0.6041891240736332, 0.7942220437763764, 0.12305550664702286, 0.8928981527273137, 0.10889406886755394, 0.9123646947024676, 0.8681056656049301, 0.266366191800471, 0.4510828572819978, 0.2524608608794983, 0.15417668175614596, 0.7331731329087802, 0.8377766438603753, 0.5796677969445352, 0.9141483615353334, 0.6274136074430182, 0.029338403521922636, 0.5255595445051442, 0.6842035215377754, 0.7656101666197563, 0.9802719101390691, 0.014395978672055748, 0.20520653601358302, 0.6546970296541884, 0.8997376985563386, 0.9411425373087523, 0.8910816075917365, 0.6238539539935131, 0.7828104986802258, 0.631077205540173, 0.001349854487589397, 0.8494803522305915, 0.35726262585379276, 0.3165178863537741, 0.0869033778369974, 0.8833011647834923, 0.9693344953341433, 0.8599152798106253, 0.11845780288290911, 0.5862385926302809, 0.02016678370422981, 0.719827954891844, 0.4689451459930016, 0.6780188227982233, 0.04830734318703347, 0.19769583945861963, 0.7734557833296228, 0.8064868025668167, 0.9318957636247835, 0.7066885482347633, 0.4252525092481866, 0.364946979259874, 0.060005202416165825, 0.8506883380853194, 0.4990098687801401, 0.7798167616127505], BATTLES: 214-147-98-381-296-207-321-269-215-
11, 8, -2774.0, [0.4131185318182519, 0.9384870681118258, 0.03258961030564153, 0.07136940446207445, 0.7072429051791842, 0.8499773322843064, 0.2864297925619476, 0.11946294538252808, 0.5016912090980201, 0.4854261277451643, 0.7310321115324969, 0.1457750843514695, 0.8009138522710425, 0.7439413068628605, 0.3151185172939923, 0.05804386086638216, 0.4423894828928398, 0.5723057388610089, 0.261479320499816, 0.8502910237572704, 0.7097604673270022, 0.448408291794603, 0.39416505757959514, 0.2629401627024834, 0.650537492653835, 0.02443784421214737, 0.9520472466132046, 0.7371626527265399, 0.3367031512115153, 0.45315714157192044, 0.4568357546459298, 0.9070274165549004, 0.9353862960043845, 0.3908869091986644, 0.7570732641762102, 0.8808035020473981, 0.9451428727836244, 0.39334352671645956, 0.3928831374576183, 0.2916016915061761, 0.18561214272496146, 0.09626383642871239, 0.7671576186439748, 0.6598542597251542, 0.7362783086543468, 0.2736757004834421, 0.3807926685606946, 0.5539684370113283, 0.8051984497209299, 0.3211223084092952, 0.7514373912376819, 0.15628878991233536, 0.17324018187634882, 0.8077318443501522, 0.8677096223658376, 0.47438753720385624, 0.9578117905260226, 0.9931970863355941, 0.7447654156009834, 0.4109024941553763, 0.6613244172423685, 0.5605295066361285, 0.2172885712560099], BATTLES: 306-200-255-401-316-337-379-260-320-
11, 9, -2729.0, [0.6053701830909586, 0.9379715785424658, 0.0351359136778141, 0.3125315506407199, 0.5269507917094092, 0.909470235572441, 0.26165218169612375, 0.19902474948705584, 0.905587279909401, 0.7798432478160086, 0.8168416486933756, 0.009139042980855938, 0.8961047118726859, 0.9914589286842723, 0.351902147926277, 0.21554366710538145, 0.37678764949057986, 0.5352996018030985, 0.7900123925300558, 0.9559363010496841, 0.8408334746808969, 0.9692134406682871, 0.5052261103784679, 0.022300718581249643, 0.6462645347209794, 0.2975691497683284, 0.4784364858293785, 0.7986400690858825, 0.28875725386379003, 0.420003582115019, 0.9572164355040788, 0.8039313187014061, 0.4559270974228345, 0.8576094005756076, 0.854073728065105, 0.43693627832244464, 0.41000048503167147, 0.13283294430903697, 0.336782945470782, 0.5477733417919166, 0.16331515929477006, 0.4074349687901034, 0.8532554221198995, 0.9981364429761986, 0.6171587268693318, 0.1075501038214757, 0.5051819092857067, 0.16817448741141727, 0.5666214649379433, 0.4404344099015942, 0.8419628088514064, 0.12456760725529432, 0.3591416460781519, 0.8943044318851989, 0.8475766061340216, 0.771218658758095, 0.6387317233721463, 0.7105639715217466, 0.8209170572449843, 0.021403782039720654, 0.6138526849243163, 0.7212058639780708, 0.2970195668791343], BATTLES: 295-186-236-446-306-323-366-247-313-
11, 10, -2852.0, [0.4764820966172059, 0.7913765927160689, 0.116946124865872, 0.0935798526456259, 0.44932807873451697, 0.7516400874683691, 0.022205609105299284, 0.1195765533708006, 0.7942698729558859, 0.6210884025769069, 0.9085775797597888, 0.02428621130973041, 0.9105815292227017, 0.6721966490567475, 0.21131313832537701, 0.45754590388261596, 0.12460705352822113, 0.4708582088127812, 0.3267082853156026, 0.7384106622353961, 0.6685408997152353, 0.8841295516554157, 0.7700780134116954, 0.20928649469171226, 0.5465543461146399, 0.47826407050946523, 0.962203711077076, 0.6821021452012335, 0.11604038582194225, 0.16145598457475274, 0.8511966308603328, 0.8509272185188121, 0.9561589562606179, 0.32093901089507676, 0.7055980361075788, 0.9442620913743988, 0.5429705774954852, 0.15365549983120294, 0.5421062269869196, 0.2494099902131156, 0.006581940703990985, 0.21290702634656186, 0.9018208179673217, 0.6710855523774577, 0.6695704066363471, 0.416055454788913, 0.762074489118348, 0.0854606741231174, 0.8253983073029132, 0.051822417820498665, 0.9727362700596565, 0.02976691208038803, 0.20133116605555929, 0.3129139951582752, 0.9020097244646472, 0.8517272991668026, 0.8195473484852069, 0.015534328475332093, 0.661439898968058, 0.2549394991460519, 0.7331949468385686, 0.7497140890755247, 0.6147872578600726], BATTLES: 290-203-263-444-308-310-339-241-317-
11, 11, -2785.0, [0.573451350336296, 0.7120612923981608, 0.14397460775539375, 0.05098051577572628, 0.8298426439487968, 0.9122185121225793, 0.17347587487739322, 0.176280255043598, 0.33067822790954793, 0.5487635881262538, 0.06643800602960914, 0.026722691709103408, 0.8665499953155734, 0.7389627251948302, 0.24386216603437474, 0.1922434212019214, 0.24100266370280188, 0.7938393972427837, 0.48209656685372054, 0.8522898759244162, 0.9917772953934132, 0.7455795678069445, 0.4755387512477897, 0.08847234507363501, 0.5231465748162752, 0.17525796824924395, 0.6849724949863945, 0.857883190022771, 0.2515793887540738, 0.4312534036815898, 0.8148044291484682, 0.9466744871841228, 0.8853518975472792, 0.966429468278621, 0.6614276888564834, 0.8998902428274345, 0.18855102195984508, 0.10425811529084236, 0.48567934559869724, 0.4735211597392934, 0.042192118832454106, 0.1274243852662684, 0.8616957533738739, 0.7207299029799062, 0.9295855766122187, 0.07536193963502746, 0.09988039316192165, 0.707382167941748, 0.7030914646393822, 0.32718665178696016, 0.9953784010581508, 0.13855012403374475, 0.0625455887596727, 0.8855369175211039, 0.721866932895208, 0.4858065540206498, 0.8079694576801317, 0.8846903389348855, 0.8859991849517612, 0.24163448228696616, 0.47129127301204454, 0.8932240779407146, 0.16185262735746564], BATTLES: 335-190-223-434-296-311-335-304-284-
11, 12, -2703.0, [0.6778126795482209, 0.8607864259146248, 0.04499658395403161, 0.02279706380601837, 0.5517484251051422, 0.9177718896984681, 0.37413190468509194, 0.21581718136113304, 0.8207414797597707, 0.5230927534136752, 0.6481816351191598, 0.02649973232924445, 0.889860135428913, 0.8806661715068425, 0.5433562185203127, 0.8369834398539638, 0.5694689051493408, 0.4379142993633156, 0.7659730687215172, 0.8141592139512105, 0.9985985174638898, 0.753051056145725, 0.3521226148610733, 0.019395618059696806, 0.7508254981298347, 0.08713329368029474, 0.6532833562536452, 0.9395789744594545, 0.2084781703617499, 0.27886218053058937, 0.8420442524607944, 0.7325452334946676, 0.8486281067100079, 0.5833718676302614, 0.8308025604027729, 0.7770087313780232, 0.3841824822136733, 0.13827464030870887, 0.7116259865427484, 0.4797416330604246, 0.32606991994317436, 0.10115983305562934, 0.8349065173090181, 0.8391935481982742, 0.5472768230624732, 0.651490522665929, 0.4867062248671399, 0.34137609282279635, 0.636676450834243, 0.4258957392518635, 0.830540926790879, 0.0826230020300367, 0.2897199612185406, 0.9861922571636286, 0.9720336152565776, 0.7797944712808011, 0.7553356904382227, 0.7543999682589634, 0.5777625792753135, 0.39680336740859334, 0.7888251794970911, 0.6913546291205451, 0.20438342780533303], BATTLES: 300-159-243-420-287-324-365-274-331-
11, 13, -2758.0, [0.8156530902953962, 0.9512384181331596, 0.12314094513838528, 0.0906824422298549, 0.541666692789281, 0.9906391435440047, 0.2415608527868106, 0.5831736841361028, 0.43977952340307935, 0.6782512801681367, 0.7367938562725622, 0.030209110422569907, 0.886843939217598, 0.9985103589971364, 0.47627290166719316, 0.3128285108588351, 0.3346386006250279, 0.4849878255868032, 0.7936331780423035, 0.6418638809397175, 0.7349419346171299, 0.9281481362750481, 0.9322401293282921, 0.1471115898730781, 0.6060018710889294, 0.49900295193736244, 0.7191205481977353, 0.5332046900400244, 0.05391157737039479, 0.0433382066210756, 0.8551517015870754, 0.9761506427231189, 0.8814105766946152, 0.4501132536802655, 0.8182670757831072, 0.8741268862916033, 0.3482659220865662, 0.014492476888066187, 0.46775085356566004, 0.42287449971370217, 0.25626102309921617, 0.27700292669839227, 0.7346741767887107, 0.7630017685148373, 0.47194487364418125, 0.42935709672941913, 0.26509251061567807, 0.44352016431172275, 0.5811334643901271, 0.21272429981060875, 0.9244753355197223, 0.10153897563732334, 0.1603964564001782, 0.9735557404663807, 0.8974049346063087, 0.9593346906352396, 0.7421885820601164, 0.7157843216490088, 0.5137022704397162, 0.1625357785443926, 0.8382432683284136, 0.7905135136073826, 0.263502264506976], BATTLES: 299-198-259-419-287-305-389-300-302-
11, 14, -2752.0, [0.40811174971599656, 0.9086031142155961, 0.11279580955293216, 0.2409289553216131, 0.6126258014721964, 0.5657598932078165, 0.26876164908127337, 0.5584065177362789, 0.703089680167247, 0.6025713600058816, 0.7617859689223393, 0.5494144410212154, 0.7270159944515779, 0.896903067223931, 0.4873970512167848, 0.6654708469983246, 0.19311801922428168, 0.2635473034715764, 0.756308507070402, 0.9917556518332228, 0.9822499116761867, 0.5718267523904208, 0.8496969266362618, 0.271976566557644, 0.6166870275071867, 0.1551459197332551, 0.8678521280198812, 0.8789240042623077, 0.14572925629815398, 0.3452124843401473, 0.627730859753842, 0.9033376231006299, 0.7852015249601274, 0.0058909821869122525, 0.8129611027056658, 0.6892014030102203, 0.7903413763696627, 0.10663829136502923, 0.6115785110509603, 0.1918401429143313, 0.43679198797441665, 0.13579008858004127, 0.899959312254074, 0.8003976466008897, 0.4813646134938986, 0.7564204149487441, 0.509729589327337, 0.06845550496317848, 0.8093180548205695, 0.24013570095091855, 0.9503076433804079, 0.00524027882755973, 0.29663814454376, 0.8650913699731082, 0.9808654197178505, 0.7944771037768158, 0.9053398774209274, 0.3726935246843446, 0.49539248783198836, 0.005224661666674513, 0.8557925255852511, 0.7983540344523984, 0.7468701053784511], BATTLES: 308-206-228-424-334-333-338-264-317-
12, 0, -2703.0, [0.6391224340590048, 0.49733717022908525, 0.049453280724211804, 0.1233187334401642, 0.6488599224715913, 0.7737890397007955, 0.2338392093396766, 0.2831613673642107, 0.7940874500936695, 0.3029485887935098, 0.8141836519561642, 0.14446302297619468, 0.8126916410074032, 0.800481363485819, 0.364764080916032, 0.24068990657927442, 0.10047930254053444, 0.5142334743010877, 0.5466371666204429, 0.8250895048751458, 0.9848808933687416, 0.5546685599602544, 0.6715497018647326, 0.15111247405374603, 0.5025065878491867, 0.35651447948514736, 0.9998228965484149, 0.9015754347740768, 0.015054233620649726, 0.3277969249675462, 0.45313795702206117, 0.8945096532534581, 0.5948549615390675, 0.48754120776209475, 0.9039972164974084, 0.7327243397216567, 0.4095730322055445, 0.1892790638081294, 0.4672094352420551, 0.3116532440983659, 0.25278470067437114, 0.04219359960014338, 0.7443649666538112, 0.9327876792833134, 0.782680532522799, 0.2853931446913426, 0.5370597530506278, 0.4980135117210527, 0.42610995542526797, 0.32849160501422414, 0.9861439456688611, 0.1039053587019223, 0.058644163144700376, 0.9057549511062692, 0.9981019163529297, 0.8156866736815611, 0.913888810662739, 0.721052032033119, 0.6033765563409866, 0.2662827229277195, 0.7470528243155127, 0.5162421863871816, 0.7212641081605091], BATTLES: 305-207-250-424-307-316-340-265-289-
12, 1, -2705.0, [0.49345066614864297, 0.7118343905653389, 0.1006127812954897, 0.28023043754750304, 0.6159671225387389, 0.9175320274596006, 0.002678715201585413, 0.15810633449162587, 0.4006132132463839, 0.44318532549898454, 0.5063589313800334, 0.010269221304849405, 0.9604382382481977, 0.7122128437193029, 0.22751687688136996, 0.2147724156526211, 0.09894557946168647, 0.7061904137014081, 0.43212552395673204, 0.7670860459930255, 0.8534664685145801, 0.5211024025894642, 0.8109307952107848, 0.06546681367760142, 0.9169625692485359, 0.5116784648745465, 0.6992968710547054, 0.7234447968927653, 0.1267799672373598, 0.17802202661820082, 0.973662225737637, 0.8289558551226855, 0.9356118564908872, 0.845527960597148, 0.8467371011063181, 0.524955521597856, 0.6485234283725858, 0.2409661939438428, 0.6770595135014991, 0.5953989006445373, 0.026660687176301295, 0.1843944749261157, 0.9714029661133007, 0.8586780389159332, 0.9459860018223811, 0.05875834636404215, 0.3646214153848845, 0.7464395880331821, 0.966700109744443, 0.31799703419992414, 0.9594770707287823, 0.09170399006473529, 0.34070216845035145, 0.5228066843086416, 0.8103541522100132, 0.819126778001843, 0.7780288038092422, 0.6151749699830809, 0.8358394572611456, 0.11945851066363529, 0.8947541412175274, 0.44895918042773275, 0.37229209672268815], BATTLES: 312-188-224-417-284-292-348-242-317-
12, 2, -2774.0, [0.43269756264364534, 0.7833817950320539, 0.11167179690322303, 0.06975242412278024, 0.6161116465407007, 0.9630419740741127, 0.035296321067297826, 0.3390355788873201, 0.5964738671486802, 0.25787632406478905, 0.710458197528104, 0.00864387459765481, 0.9703161985474985, 0.935074440387509, 0.3172630514840836, 0.14513683429885316, 0.19431709197586983, 0.5822675308104006, 0.5899968211762854, 0.6385344075626784, 0.7498071969045684, 0.8917029449214361, 0.737573033820913, 0.1526479216089673, 0.5293169135092157, 0.1852530855619239, 0.9100410925792933, 0.7529688461659666, 0.14499838156422012, 0.28645829902739317, 0.8288575754003846, 0.8651664077210016, 0.7209964882853976, 0.7703938778875676, 0.7680855104519106, 0.7978458970604476, 0.2497288675199385, 0.031480599256633296, 0.6768176876028943, 0.33891224227314876, 0.07905041048777323, 0.1315785098864474, 0.7476005979102105, 0.8546097297656136, 0.7121712363621625, 0.16511069630194417, 0.34828013144084935, 0.030682965162892012, 0.7859009844373364, 0.15317716442120266, 0.7499792122254451, 0.09349891177739741, 0.21849269149251468, 0.9180151749458658, 0.7675035310804088, 0.8993331523741538, 0.6385149401856742, 0.8284611864125617, 0.5628179576276142, 0.16492484213580644, 0.9685189254599988, 0.5703554546372291, 0.2187148889709508], BATTLES: 307-210-251-407-277-351-375-305-291-
12, 3, -2472.0, [0.5308748098156544, 0.8665198108166396, 0.26207268976020165, 0.3192958381447778, 0.529277796259779, 0.8973507151211405, 0.376075349673587, 0.7218362416603896, 0.5225587397625739, 0.37470970408393617, 0.819967358937139, 0.30146653555061, 0.9135728311837602, 0.9804805182237162, 0.1735324464226716, 0.7749639545720627, 0.07447096596893005, 0.09229458567808335, 0.5431025675642036, 0.6040958015002221, 0.5280297158944255, 0.8616803187496193, 0.6222110064198648, 0.11319408269298112, 0.6347853552074035, 0.5809376187703907, 0.9123254513995829, 0.2704595157195866, 0.07401550570189373, 0.3564210828721576, 0.858076326560439, 0.9949030441073285, 0.8099744211807633, 0.11744510615955867, 0.7172128173407462, 0.6215451150792688, 0.7089580029599052, 0.37275311041806425, 0.6122982725571866, 0.49076273410261045, 0.5671640719430835, 0.23221781903294986, 0.7596036877443193, 0.974536026687147, 0.5582252159190533, 0.5151528866758226, 0.481895891041765, 0.4955308693197673, 0.24748095920760949, 0.25082920907407824, 0.8284729446918204, 0.08375354991099843, 0.1204323238204642, 0.09390968337565486, 0.8095479341013967, 0.710339336724068, 0.9007283588271435, 0.010936893077721388, 0.48529916872393897, 0.27262710921916405, 0.7720987793514965, 0.9449891895912321, 0.7439318355088573], BATTLES: 276-187-252-356-281-288-287-275-270-
12, 4, -2718.0, [0.4944238954168544, 0.9817708816695001, 0.08975470393513486, 0.16899235631849494, 0.4066450528830171, 0.7669052749070631, 0.24309115301636328, 0.23132402823930084, 0.5654099655646802, 0.35754282881879546, 0.8047362884412914, 0.20168996718850524, 0.8464572958386803, 0.7920262836872435, 0.23020457494129914, 0.15615356534994693, 0.18075700857726806, 0.3584786758551547, 0.34268984864645785, 0.793594254788737, 0.7507820811852006, 0.7307626003000067, 0.4166307378059133, 0.03984108812347404, 0.9029137875225526, 0.432414120857602, 0.974603244661449, 0.7339703669674892, 0.04324949075491058, 0.2619077782782322, 0.6731618916312317, 0.9181625702310131, 0.9620154738412913, 0.0884718438046494, 0.8181383380084404, 0.9866638203263469, 0.38842950300504075, 0.09818950269066783, 0.35576567069106163, 0.5339441814048561, 0.019190790279384154, 0.08185006688852742, 0.9730366426927101, 0.6915913760915403, 0.6075756304885852, 0.4072178223842393, 0.5853453823535238, 0.46651280922523897, 0.9942483457010131, 0.7990366241641034, 0.7263697366041563, 0.0591977134385137, 0.016779851440908128, 0.6326666382977266, 0.9592021992869966, 0.9999120833840857, 0.6147465670618552, 0.9009588192981095, 0.5899956799831884, 0.08777050154474703, 0.5286583523323143, 0.804328298826077, 0.544376761670786], BATTLES: 286-179-165-400-265-263-397-326-251-
12, 5, -1770.0, [0.4762240847538812, 0.9885414320234516, 0.52234904303607, 0.026372244619329577, 0.8005842445337333, 0.8314669750729993, 0.2719077017889052, 0.058974472295674596, 0.6290629487591897, 0.46867328975771483, 0.8134163858521536, 0.29735211231412784, 0.9221491274948063, 0.9286994765973371, 0.2657624350261264, 0.49707534618162413, 0.10777193347075659, 0.4267131790230409, 0.7540482939829329, 0.9016181187767923, 0.6743252007126861, 0.8048932568412405, 0.5770206988152983, 0.08489878754644016, 0.4647322462493017, 0.45474178233494805, 0.9963730571579426, 0.5500585919437095, 0.3067387619494837, 0.49658205463949445, 0.7914228244816602, 0.970084477504619, 0.9736142734760239, 0.4357298615832583, 0.8236066648826784, 0.823335657769, 0.7874321697634745, 0.3049682932608587, 0.28175320181822805, 0.29633483079070705, 0.05772450920230994, 0.11008944362454667, 0.8578907491645229, 0.8430969849114338, 0.932746156332385, 0.10201801998897334, 0.4610799246146355, 0.25058912236408715, 0.7732905068993372, 0.12533447918211957, 0.8604216383694379, 0.04812877579947565, 0.09523292160578908, 0.4070864547988594, 0.8542928611630562, 0.8092692060585478, 0.9351227692557039, 0.15468910459177126, 0.4906579706522448, 0.08994756894887623, 0.7686927800327571, 0.7251026641191277, 0.8385404844734718], BATTLES: 209-125-181-255-185-183-205-227-169-
12, 6, -2809.0, [0.44137933889382414, 0.8663249763602207, 0.031906126864225275, 0.020425319243123158, 0.586064384356495, 0.8747173505847348, 0.015967219664889162, 0.025082153449742198, 0.8892512180274608, 0.48013298068582533, 0.9921738978215873, 0.1405469676176801, 0.9450437466909922, 0.9564491105935303, 0.2929994045041034, 0.013997605757256538, 0.23985967038367467, 0.4910665602271634, 0.22745406004496488, 0.995617310928832, 0.7617342740530286, 0.46633684932807973, 0.4938918436524794, 0.37731369227726586, 0.7688054134902929, 0.29095569814189365, 0.9285717236689581, 0.8655767608953561, 0.1492977642897125, 0.4480611644591893, 0.8785238334959083, 0.9746303725801267, 0.9453184223720459, 0.5412383506341899, 0.7195483694533942, 0.9260785435000637, 0.9794242638011339, 0.05741006096466231, 0.4363240273522616, 0.1428404486148373, 0.24237217364515895, 0.24034933897859728, 0.925174107594043, 0.8792695283308709, 0.6988469016494622, 0.23667666134612925, 0.4901339020408874, 0.35548861992381237, 0.8434857174604267, 0.5099476362354295, 0.7287906638835941, 0.06050283861580752, 0.15689384784463278, 0.760681256960824, 0.9718495980759253, 0.9384417709979049, 0.9704484971363334, 0.5101998440216569, 0.779197548926674, 0.03128185356854418, 0.9863454986278648, 0.4930659878337634, 0.34957320980508527], BATTLES: 321-172-284-407-309-362-369-249-336-
12, 7, -2607.0, [0.2973101456755436, 0.702485327727498, 0.06981416771703962, 0.015921964630717364, 0.4988899425105714, 0.47392481833293004, 0.09276210866864751, 0.6041891240736332, 0.8060526934331714, 0.4442821171694574, 0.9464490763636568, 0.10889406886755394, 0.9123646947024676, 0.7162715311421788, 0.266366191800471, 0.4510828572819978, 0.12623043043974916, 0.15417668175614596, 0.7331731329087802, 0.9975796219825646, 0.5796677969445352, 0.5910229555324714, 0.6274136074430182, 0.029338403521922636, 0.6232238326817289, 0.6842035215377754, 0.8828050833098782, 0.9802719101390691, 0.07772755470332786, 0.3154865923550764, 0.6546970296541884, 0.9498688492781693, 0.9411425373087523, 0.4884512881846368, 0.6238539539935131, 0.8914052493401129, 0.9368968010639165, 0.001349854487589397, 0.3152461671419521, 0.11389846703577507, 0.15825894317688705, 0.0869033778369974, 0.8833011647834923, 0.7623669984936161, 0.8599152798106253, 0.03711007148361023, 0.5862385926302809, 0.14721968509839684, 0.719827954891844, 0.128292415600052, 0.7593682041405332, 0.04830734318703347, 0.11232243290731475, 0.7734557833296228, 0.8064868025668167, 0.9318957636247835, 0.8533442741173817, 0.22030025774484308, 0.6522254538760338, 0.030002601208082912, 0.8506883380853194, 0.3584910466178939, 0.7667702400717563], BATTLES: 219-160-121-382-275-232-333-280-242-
12, 8, -2883.0, [0.4131185318182519, 0.9384870681118258, 0.016294805152820765, 0.07136940446207445, 0.5468120318639411, 0.8867877356237351, 0.2864297925619476, 0.05973147269126404, 0.6088278587663052, 0.4854261277451643, 0.9373536473672534, 0.0949298269581262, 0.9004569261355213, 0.585575051256678, 0.3151185172939923, 0.06112171908755479, 0.2211947414464199, 0.5723057388610089, 0.2308501624633243, 0.8757758125890737, 0.7097604673270022, 0.448408291794603, 0.6931296491666874, 0.3266903665705785, 0.650537492653835, 0.02443784421214737, 0.9760236233066023, 0.8671495665202986, 0.3367031512115153, 0.45315714157192044, 0.6482897229188349, 0.9026743700472808, 0.9676931480021922, 0.3908869091986644, 0.7570732641762102, 0.940401751023699, 0.9451428727836244, 0.19617652531348065, 0.4549017332507946, 0.12877178985444254, 0.18561214272496146, 0.005147552629982705, 0.7671576186439748, 0.5664015613834691, 0.6414646591481586, 0.28972320134012863, 0.3807926685606946, 0.04415438080884321, 0.8051984497209299, 0.1605611542046476, 0.7514373912376819, 0.050467623871453385, 0.17324018187634882, 0.42270378773853945, 0.9338548111829188, 0.6508497555554911, 0.9789058952630113, 0.37853705299552665, 0.8729019968713915, 0.4109024941553763, 0.6613244172423685, 0.5605295066361285, 0.2971704724298318], BATTLES: 310-203-270-420-325-348-363-269-329-
12, 9, -2684.0, [0.6053701830909586, 0.9379715785424658, 0.0351359136778141, 0.3125315506407199, 0.5269507917094092, 0.909470235572441, 0.26165218169612375, 0.19902474948705584, 0.905587279909401, 0.7798432478160086, 0.8168416486933756, 0.009139042980855938, 0.8961047118726859, 0.9914589286842723, 0.351902147926277, 0.21554366710538145, 0.37678764949057986, 0.5352996018030985, 0.7900123925300558, 0.9559363010496841, 0.8408334746808969, 0.9692134406682871, 0.5052261103784679, 0.022300718581249643, 0.6462645347209794, 0.2975691497683284, 0.4784364858293785, 0.7986400690858825, 0.28875725386379003, 0.420003582115019, 0.9572164355040788, 0.8039313187014061, 0.4559270974228345, 0.8576094005756076, 0.854073728065105, 0.43693627832244464, 0.41000048503167147, 0.13283294430903697, 0.336782945470782, 0.5477733417919166, 0.16331515929477006, 0.4074349687901034, 0.8532554221198995, 0.9981364429761986, 0.6171587268693318, 0.1075501038214757, 0.5051819092857067, 0.16817448741141727, 0.5666214649379433, 0.4404344099015942, 0.8419628088514064, 0.12456760725529432, 0.3591416460781519, 0.8943044318851989, 0.8475766061340216, 0.771218658758095, 0.6387317233721463, 0.7105639715217466, 0.8209170572449843, 0.021403782039720654, 0.6138526849243163, 0.7212058639780708, 0.2970195668791343], BATTLES: 298-182-268-402-328-342-327-238-299-
12, 10, -2910.0, [0.4764820966172059, 0.8956882963580344, 0.058473062432936, 0.04678992632281295, 0.5394525110018283, 0.8758200437341845, 0.011102804552649642, 0.1195765533708006, 0.8096430322040015, 0.3715484448680506, 0.9542887898798944, 0.012143105654865205, 0.9552907646113509, 0.6721966490567475, 0.10565656916268851, 0.22877295194130798, 0.062303526764110564, 0.7150982269733882, 0.19400849377624968, 0.9836629290446146, 0.8262838070017717, 0.8234034832157813, 0.7700780134116954, 0.32241867682619485, 0.9181492294509713, 0.47826407050946523, 0.981101855538538, 0.9784570352825405, 0.11604038582194225, 0.4056289365146588, 0.8511966308603328, 0.9254636092594061, 0.9780794781303089, 0.32093901089507676, 0.7372558157816206, 0.9442620913743988, 0.9717116482135553, 0.07682774991560147, 0.7406991266009133, 0.2494099902131156, 0.0032909703519954925, 0.21290702634656186, 0.9509104089836609, 0.7429257626050011, 0.6366085174593894, 0.416055454788913, 0.762074489118348, 0.0427303370615587, 0.9126991536514566, 0.025911208910249332, 0.9863681350298282, 0.051855406987273624, 0.20133116605555929, 0.23179868933720174, 0.9020097244646472, 0.8972729776290543, 0.8195473484852069, 0.1239853533378334, 0.9003782652255343, 0.12746974957302595, 0.7331949468385686, 0.6416157720758904, 0.6147872578600726], BATTLES: 338-230-245-412-329-329-355-325-307-
12, 11, -2798.0, [0.573451350336296, 0.8999448224652282, 0.020074333505889774, 0.05098051577572628, 0.8298426439487968, 0.7800773038835369, 0.17347587487739322, 0.088140127521799, 0.33067822790954793, 0.5487635881262538, 0.8210042057262653, 0.026722691709103408, 0.9332749976577868, 0.7389627251948302, 0.24386216603437474, 0.1922434212019214, 0.12050133185140094, 0.8835037377533214, 0.4078897460053542, 0.8522898759244162, 0.9917772953934132, 0.9368540961505664, 0.4755387512477897, 0.08847234507363501, 0.5231465748162752, 0.19106983735138539, 0.6849724949863945, 0.61454729432791, 0.2515793887540738, 0.4312534036815898, 0.8758681317164158, 0.9466744871841228, 0.8853518975472792, 0.37943415441766326, 0.6805784247322891, 0.8998902428274345, 0.18855102195984508, 0.1333536097614866, 0.46031309596481707, 0.33162667208229585, 0.021096059416227053, 0.0933089426746778, 0.9314778164218106, 0.7207299029799062, 0.7918148345784717, 0.07536193963502746, 0.09988039316192165, 0.5810368772261596, 0.7030914646393822, 0.32718665178696016, 0.9976892005290754, 0.06927506201687238, 0.0625455887596727, 0.40147578294134695, 0.721866932895208, 0.4858065540206498, 0.8079694576801317, 0.43640985098066626, 0.8859991849517612, 0.24163448228696616, 0.47129127301204454, 0.8932240779407146, 0.16185262735746564], BATTLES: 334-192-232-389-331-331-313-311-279-
12, 12, -2699.0, [0.46303279107268414, 0.8143915267620682, 0.04499658395403161, 0.02279706380601837, 0.5517484251051422, 0.8384671851371951, 0.37413190468509194, 0.21581718136113304, 0.8207414797597707, 0.5230927534136752, 0.6481816351191598, 0.02649973232924445, 0.889860135428913, 0.8806661715068425, 0.3275861599476873, 0.8369834398539638, 0.3416366380486027, 0.4379142993633156, 0.7659730687215172, 0.9070796069756053, 0.9992992587319449, 0.753051056145725, 0.3521226148610733, 0.019395618059696806, 0.7508254981298347, 0.23539946963148836, 0.5809431376755749, 0.9395789744594545, 0.2084781703617499, 0.27886218053058937, 0.9210221262303973, 0.7325452334946676, 0.8486281067100079, 0.5833718676302614, 0.7804803205388957, 0.8976999338072875, 0.3841824822136733, 0.10690058687107074, 0.4539401233824195, 0.3039794949961685, 0.03258373254759542, 0.10115983305562934, 0.8349065173090181, 0.8391935481982742, 0.6331792146427561, 0.651490522665929, 0.4867062248671399, 0.34137609282279635, 0.636676450834243, 0.4258957392518635, 0.9984602391525381, 0.06143298804001515, 0.2897199612185406, 0.9861922571636286, 0.9334351371590486, 0.7797944712808011, 0.7553356904382227, 0.7543999682589634, 0.5777625792753135, 0.39680336740859334, 0.8944125897485455, 0.6913546291205451, 0.20438342780533303], BATTLES: 277-163-261-405-284-316-360-236-305-
12, 13, -2702.0, [0.8156530902953962, 0.9512384181331596, 0.12314094513838528, 0.0906824422298549, 0.541666692789281, 0.9906391435440047, 0.2415608527868106, 0.5831736841361028, 0.43977952340307935, 0.6782512801681367, 0.7367938562725622, 0.030209110422569907, 0.886843939217598, 0.9985103589971364, 0.47627290166719316, 0.3128285108588351, 0.3346386006250279, 0.4849878255868032, 0.7936331780423035, 0.6418638809397175, 0.7349419346171299, 0.9281481362750481, 0.9322401293282921, 0.1471115898730781, 0.6060018710889294, 0.49900295193736244, 0.7191205481977353, 0.5332046900400244, 0.05391157737039479, 0.0433382066210756, 0.8551517015870754, 0.9761506427231189, 0.8814105766946152, 0.4501132536802655, 0.8182670757831072, 0.8741268862916033, 0.3482659220865662, 0.014492476888066187, 0.46775085356566004, 0.42287449971370217, 0.25626102309921617, 0.27700292669839227, 0.7346741767887107, 0.7630017685148373, 0.47194487364418125, 0.42935709672941913, 0.26509251061567807, 0.44352016431172275, 0.5811334643901271, 0.21272429981060875, 0.9244753355197223, 0.10153897563732334, 0.1603964564001782, 0.9735557404663807, 0.8974049346063087, 0.9593346906352396, 0.7421885820601164, 0.7157843216490088, 0.5137022704397162, 0.1625357785443926, 0.8382432683284136, 0.7905135136073826, 0.263502264506976], BATTLES: 303-193-257-425-270-303-383-286-282-
12, 14, -2747.0, [0.40811174971599656, 0.8629139051660525, 0.11279580955293216, 0.00908055600262192, 0.6126258014721964, 0.7624338888277215, 0.26876164908127337, 0.32905992309525767, 0.703089680167247, 0.6025713600058816, 0.7617859689223393, 0.5494144410212154, 0.7986039226573539, 0.803875212330433, 0.4873970512167848, 0.6654708469983246, 0.19311801922428168, 0.45997394139569836, 0.756308507070402, 0.9917556518332228, 0.9822499116761867, 0.5718267523904208, 0.8496969266362618, 0.15096259680314916, 0.6166870275071867, 0.32552964454098693, 0.9339260640099406, 0.7190501528047406, 0.17479095731539696, 0.085151535388021, 0.627730859753842, 0.9033376231006299, 0.8926007624800637, 0.0058909821869122525, 0.8129611027056658, 0.8446007015051101, 0.8477756336078578, 0.10663829136502923, 0.4045807921065544, 0.09592007145716565, 0.21858607176694292, 0.13579008858004127, 0.899959312254074, 0.8003976466008897, 0.6015195685171751, 0.48839128881466304, 0.509729589327337, 0.03422775248158924, 0.8093180548205695, 0.12006785047545927, 0.9503076433804079, 0.08133993480701501, 0.3393518913425665, 0.8650913699731082, 0.9904327098589252, 0.7944771037768158, 0.9053398774209274, 0.1863467623421723, 0.49539248783198836, 0.0026123308333372564, 0.9278962627926255, 0.7161781397803517, 0.9170095314167142], BATTLES: 274-205-230-420-342-314-315-251-306-
13, 0, -2714.0, [0.6391224340590048, 0.49733717022908525, 0.049453280724211804, 0.1233187334401642, 0.6488599224715913, 0.7737890397007955, 0.2338392093396766, 0.2831613673642107, 0.7940874500936695, 0.3029485887935098, 0.8141836519561642, 0.14446302297619468, 0.8126916410074032, 0.800481363485819, 0.364764080916032, 0.24068990657927442, 0.10047930254053444, 0.5142334743010877, 0.5466371666204429, 0.8250895048751458, 0.9848808933687416, 0.5546685599602544, 0.6715497018647326, 0.15111247405374603, 0.5025065878491867, 0.35651447948514736, 0.9998228965484149, 0.9015754347740768, 0.015054233620649726, 0.3277969249675462, 0.45313795702206117, 0.8945096532534581, 0.5948549615390675, 0.48754120776209475, 0.9039972164974084, 0.7327243397216567, 0.4095730322055445, 0.1892790638081294, 0.4672094352420551, 0.3116532440983659, 0.25278470067437114, 0.04219359960014338, 0.7443649666538112, 0.9327876792833134, 0.782680532522799, 0.2853931446913426, 0.5370597530506278, 0.4980135117210527, 0.42610995542526797, 0.32849160501422414, 0.9861439456688611, 0.1039053587019223, 0.058644163144700376, 0.9057549511062692, 0.9981019163529297, 0.8156866736815611, 0.913888810662739, 0.721052032033119, 0.6033765563409866, 0.2662827229277195, 0.7470528243155127, 0.5162421863871816, 0.7212641081605091], BATTLES: 315-191-258-419-305-321-337-263-305-
13, 1, -2718.0, [0.49345066614864297, 0.7118343905653389, 0.1006127812954897, 0.28023043754750304, 0.6159671225387389, 0.9175320274596006, 0.002678715201585413, 0.15810633449162587, 0.4006132132463839, 0.44318532549898454, 0.5063589313800334, 0.010269221304849405, 0.9604382382481977, 0.7122128437193029, 0.22751687688136996, 0.2147724156526211, 0.09894557946168647, 0.7061904137014081, 0.43212552395673204, 0.7670860459930255, 0.8534664685145801, 0.5211024025894642, 0.8109307952107848, 0.06546681367760142, 0.9169625692485359, 0.5116784648745465, 0.6992968710547054, 0.7234447968927653, 0.1267799672373598, 0.17802202661820082, 0.973662225737637, 0.8289558551226855, 0.9356118564908872, 0.845527960597148, 0.8467371011063181, 0.524955521597856, 0.6485234283725858, 0.2409661939438428, 0.6770595135014991, 0.5953989006445373, 0.026660687176301295, 0.1843944749261157, 0.9714029661133007, 0.8586780389159332, 0.9459860018223811, 0.05875834636404215, 0.3646214153848845, 0.7464395880331821, 0.966700109744443, 0.31799703419992414, 0.9594770707287823, 0.09170399006473529, 0.34070216845035145, 0.5228066843086416, 0.8103541522100132, 0.819126778001843, 0.7780288038092422, 0.6151749699830809, 0.8358394572611456, 0.11945851066363529, 0.8947541412175274, 0.44895918042773275, 0.37229209672268815], BATTLES: 315-203-224-414-313-345-342-277-285-
13, 2, -2672.0, [0.43269756264364534, 0.7833817950320539, 0.11167179690322303, 0.06975242412278024, 0.6161116465407007, 0.9630419740741127, 0.035296321067297826, 0.3390355788873201, 0.5964738671486802, 0.25787632406478905, 0.710458197528104, 0.00864387459765481, 0.9703161985474985, 0.935074440387509, 0.3172630514840836, 0.14513683429885316, 0.19431709197586983, 0.5822675308104006, 0.5899968211762854, 0.6385344075626784, 0.7498071969045684, 0.8917029449214361, 0.737573033820913, 0.1526479216089673, 0.5293169135092157, 0.1852530855619239, 0.9100410925792933, 0.7529688461659666, 0.14499838156422012, 0.28645829902739317, 0.8288575754003846, 0.8651664077210016, 0.7209964882853976, 0.7703938778875676, 0.7680855104519106, 0.7978458970604476, 0.2497288675199385, 0.031480599256633296, 0.6768176876028943, 0.33891224227314876, 0.07905041048777323, 0.1315785098864474, 0.7476005979102105, 0.8546097297656136, 0.7121712363621625, 0.16511069630194417, 0.34828013144084935, 0.030682965162892012, 0.7859009844373364, 0.15317716442120266, 0.7499792122254451, 0.09349891177739741, 0.21849269149251468, 0.9180151749458658, 0.7675035310804088, 0.8993331523741538, 0.6385149401856742, 0.8284611864125617, 0.5628179576276142, 0.16492484213580644, 0.9685189254599988, 0.5703554546372291, 0.2187148889709508], BATTLES: 305-187-256-398-301-308-355-286-276-
13, 3, -2359.0, [0.5308748098156544, 0.8665198108166396, 0.26207268976020165, 0.3192958381447778, 0.529277796259779, 0.8973507151211405, 0.376075349673587, 0.7218362416603896, 0.5225587397625739, 0.37470970408393617, 0.819967358937139, 0.30146653555061, 0.9135728311837602, 0.9804805182237162, 0.1735324464226716, 0.7749639545720627, 0.07447096596893005, 0.09229458567808335, 0.5431025675642036, 0.6040958015002221, 0.5280297158944255, 0.8616803187496193, 0.6222110064198648, 0.11319408269298112, 0.6347853552074035, 0.5809376187703907, 0.9123254513995829, 0.2704595157195866, 0.07401550570189373, 0.3564210828721576, 0.858076326560439, 0.9949030441073285, 0.8099744211807633, 0.11744510615955867, 0.7172128173407462, 0.6215451150792688, 0.7089580029599052, 0.37275311041806425, 0.6122982725571866, 0.49076273410261045, 0.5671640719430835, 0.23221781903294986, 0.7596036877443193, 0.974536026687147, 0.5582252159190533, 0.5151528866758226, 0.481895891041765, 0.4955308693197673, 0.24748095920760949, 0.25082920907407824, 0.8284729446918204, 0.08375354991099843, 0.1204323238204642, 0.09390968337565486, 0.8095479341013967, 0.710339336724068, 0.9007283588271435, 0.010936893077721388, 0.48529916872393897, 0.27262710921916405, 0.7720987793514965, 0.9449891895912321, 0.7439318355088573], BATTLES: 267-178-250-330-273-279-264-255-263-
13, 4, -2786.0, [0.4944238954168544, 0.962055100205045, 0.044246200093391516, 0.09217716913867079, 0.493478680578876, 0.8016691104757786, 0.24309115301636328, 0.23132402823930084, 0.6857133028264146, 0.35754282881879546, 0.9829376834877682, 0.20168996718850524, 0.9172588433649338, 0.7920262836872435, 0.20613218297459307, 0.2967906199252425, 0.205808237235784, 0.3704215586042955, 0.2734050160685253, 0.884585742649046, 0.5514365035668984, 0.7307626003000067, 0.4166307378059133, 0.059759861723990726, 0.45737375110495804, 0.432414120857602, 0.9873016223307245, 0.7339703669674892, 0.22504441908495412, 0.2619077782782322, 0.7256173464108779, 0.9271003153644682, 0.9620154738412913, 0.0884718438046494, 0.8181383380084404, 0.9866638203263469, 0.8692193643780404, 0.04909475134533391, 0.35576567069106163, 0.2725362660872487, 0.019190790279384154, 0.09353814285787534, 0.8193566861392029, 0.614036121346743, 0.6864104906367694, 0.4072178223842393, 0.5145137943135566, 0.0817733356725693, 0.891260686139451, 0.2691290015663129, 0.7263697366041563, 0.02959885671925685, 0.012302883594496467, 0.6326666382977266, 0.9592021992869966, 0.9999120833840857, 0.8073732835309275, 0.5564215370799858, 0.8018845825700418, 0.28795119564953364, 0.514876948649615, 0.6532946266471027, 0.544376761670786], BATTLES: 282-191-234-414-280-293-385-282-326-
13, 5, -2199.0, [0.4762240847538812, 0.9885414320234516, 0.25666745768251387, 0.026372244619329577, 0.8005842445337333, 0.7990681622439578, 0.2719077017889052, 0.058974472295674596, 0.6205288551293492, 0.46867328975771483, 0.9067081929260767, 0.29735211231412784, 0.9221491274948063, 0.9286994765973371, 0.2657624350261264, 0.3132131012794445, 0.1047865854669746, 0.4267131790230409, 0.5020943960644408, 0.8907191971167182, 0.6743252007126861, 0.8048932568412405, 0.6259893297385952, 0.18687372193144097, 0.5430950986156351, 0.27993089060713766, 0.987790739319838, 0.581164593897458, 0.3067387619494837, 0.49658205463949445, 0.7568102808550535, 0.970084477504619, 0.9711170550695092, 0.16925380810626556, 0.803623156124456, 0.823335657769, 0.8539462256176968, 0.27135660880385915, 0.34407997329020834, 0.16582196801606075, 0.10276356228399904, 0.051442395098569516, 0.8490546939990037, 0.8430969849114338, 0.932746156332385, 0.18118216470096865, 0.4272189948788028, 0.11024005771751072, 0.7867475941507813, 0.14019123262457683, 0.8154324047917494, 0.04812877579947565, 0.09523292160578908, 0.2095215680145339, 0.887847895071033, 0.8092692060585478, 0.9351227692557039, 0.06003529742906247, 0.6518683388961474, 0.22530942716813324, 0.7234104679077272, 0.7251026641191277, 0.8385404844734718], BATTLES: 198-128-176-264-167-196-177-239-138-
13, 6, -2791.0, [0.44137933889382414, 0.8663249763602207, 0.031906126864225275, 0.020425319243123158, 0.586064384356495, 0.8747173505847348, 0.015967219664889162, 0.025082153449742198, 0.8892512180274608, 0.48013298068582533, 0.9921738978215873, 0.1405469676176801, 0.9450437466909922, 0.711881220076587, 0.2929994045041034, 0.013997605757256538, 0.018028288637645662, 0.6495606770591034, 0.22745406004496488, 0.9199267956548279, 0.7617342740530286, 0.46633684932807973, 0.7922948590898582, 0.37524944543990746, 0.7688054134902929, 0.3626160820758507, 0.9285717236689581, 0.8655767608953561, 0.1492977642897125, 0.4480611644591893, 0.8338045382288131, 0.9857197679052749, 0.9453184223720459, 0.5412383506341899, 0.7437905304535296, 0.9260785435000637, 0.9794242638011339, 0.05741006096466231, 0.4363240273522616, 0.18890766558492086, 0.24237217364515895, 0.24034933897859728, 0.925174107594043, 0.8792695283308709, 0.8536278580226726, 0.23667666134612925, 0.4901339020408874, 0.35548861992381237, 0.9757789320810825, 0.5099476362354295, 0.7975286956532159, 0.06050283861580752, 0.15689384784463278, 0.760681256960824, 0.8813036490584862, 0.9384417709979049, 0.9845742676189633, 0.38736081011012424, 0.779197548926674, 0.07766068264774476, 0.8869941606194893, 0.4930659878337634, 0.34957320980508527], BATTLES: 319-195-264-427-319-338-347-245-299-
13, 7, -2554.0, [0.3619869231080431, 0.702485327727498, 0.04503322649808903, 0.007960982315358682, 0.5412362553982675, 0.6500712030196358, 0.09276210866864751, 0.6041891240736332, 0.8060526934331714, 0.4442821171694574, 0.9464490763636568, 0.04822443050286503, 0.9857992940961493, 0.7291484427869621, 0.35972898960194283, 0.4510828572819978, 0.1746204645888165, 0.30772594138509324, 0.6066533529155239, 0.9777617172078803, 0.6170462952256187, 0.5910229555324714, 0.8175982176546625, 0.029338403521922636, 0.6609992412531744, 0.6842035215377754, 0.8380279725116386, 0.8255661926614642, 0.1485168946299523, 0.3154865923550764, 0.6546970296541884, 0.9884632783842269, 0.9677212536241321, 0.4884512881846368, 0.6238539539935131, 0.961309075362626, 0.8331861737772466, 0.005583310973177623, 0.3152461671419521, 0.11389846703577507, 0.15473524847303605, 0.12400199694381249, 0.7799927487957932, 0.7283367748764539, 0.8599152798106253, 0.03711007148361023, 0.5862385926302809, 0.10597896077743307, 0.6408768481007271, 0.064146207800026, 0.8215851922188832, 0.04830734318703347, 0.07717159643273444, 0.7120542362068145, 0.8064868025668167, 0.8803947229710595, 0.9266721370586908, 0.24388940614916857, 0.7761019303288467, 0.030002601208082912, 0.8900194627787408, 0.3958550934566464, 0.7667702400717563], BATTLES: 258-173-243-403-309-304-294-254-263-
13, 8, -2706.0, [0.4131185318182519, 0.9384870681118258, 0.016294805152820765, 0.07136940446207445, 0.5468120318639411, 0.8867877356237351, 0.2864297925619476, 0.05973147269126404, 0.6088278587663052, 0.4854261277451643, 0.9373536473672534, 0.0949298269581262, 0.9004569261355213, 0.585575051256678, 0.3151185172939923, 0.06112171908755479, 0.2211947414464199, 0.5723057388610089, 0.2308501624633243, 0.8757758125890737, 0.7097604673270022, 0.448408291794603, 0.6931296491666874, 0.3266903665705785, 0.650537492653835, 0.02443784421214737, 0.9760236233066023, 0.8671495665202986, 0.3367031512115153, 0.45315714157192044, 0.6482897229188349, 0.9026743700472808, 0.9676931480021922, 0.3908869091986644, 0.7570732641762102, 0.940401751023699, 0.9451428727836244, 0.19617652531348065, 0.4549017332507946, 0.12877178985444254, 0.18561214272496146, 0.005147552629982705, 0.7671576186439748, 0.5664015613834691, 0.6414646591481586, 0.28972320134012863, 0.3807926685606946, 0.04415438080884321, 0.8051984497209299, 0.1605611542046476, 0.7514373912376819, 0.050467623871453385, 0.17324018187634882, 0.42270378773853945, 0.9338548111829188, 0.6508497555554911, 0.9789058952630113, 0.37853705299552665, 0.8729019968713915, 0.4109024941553763, 0.6613244172423685, 0.5605295066361285, 0.2971704724298318], BATTLES: 306-189-268-410-282-314-357-259-321-
13, 9, -2764.0, [0.6053701830909586, 0.9689857892712329, 0.0351359136778141, 0.3125315506407199, 0.5456272541571215, 0.909470235572441, 0.09443737061989269, 0.09951237474352792, 0.905587279909401, 0.7458269456767899, 0.8168416486933756, 0.004569521490427969, 0.8961047118726859, 0.9914589286842723, 0.18421604455976304, 0.21554366710538145, 0.1962215291018718, 0.5352996018030985, 0.44390701482886785, 0.9559363010496841, 0.9408583602527357, 0.9692134406682871, 0.5052261103784679, 0.15203315349301505, 0.9685528146069431, 0.2975691497683284, 0.6467922581958685, 0.7689275879156467, 0.28875725386379003, 0.40396899891306964, 0.9786082177520394, 0.8039313187014061, 0.7925060954698684, 0.8576094005756076, 0.854073728065105, 0.43693627832244464, 0.7263881239929318, 0.13283294430903697, 0.4260997597557088, 0.5477733417919166, 0.08165757964738503, 0.4074349687901034, 0.8532554221198995, 0.8462904354909611, 0.6713494125491809, 0.203545771107775, 0.5187920603541147, 0.16817448741141727, 0.5666214649379433, 0.22226113823410615, 0.9392960075302715, 0.11325691819060056, 0.4062606237444561, 0.8943044318851989, 0.8475766061340216, 0.771218658758095, 0.7360199008906589, 0.7105639715217466, 0.8209170572449843, 0.0621138058242451, 0.6768996890110319, 0.7212058639780708, 0.26238903441887396], BATTLES: 253-197-260-437-299-315-332-233-320-
13, 10, -2801.0, [0.4764820966172059, 0.8956882963580344, 0.058473062432936, 0.04678992632281295, 0.5394525110018283, 0.8758200437341845, 0.011102804552649642, 0.1195765533708006, 0.8096430322040015, 0.3715484448680506, 0.9542887898798944, 0.012143105654865205, 0.9552907646113509, 0.6721966490567475, 0.10565656916268851, 0.22877295194130798, 0.062303526764110564, 0.7150982269733882, 0.19400849377624968, 0.9836629290446146, 0.8262838070017717, 0.8234034832157813, 0.7700780134116954, 0.32241867682619485, 0.9181492294509713, 0.47826407050946523, 0.981101855538538, 0.9784570352825405, 0.11604038582194225, 0.4056289365146588, 0.8511966308603328, 0.9254636092594061, 0.9780794781303089, 0.32093901089507676, 0.7372558157816206, 0.9442620913743988, 0.9717116482135553, 0.07682774991560147, 0.7406991266009133, 0.2494099902131156, 0.0032909703519954925, 0.21290702634656186, 0.9509104089836609, 0.7429257626050011, 0.6366085174593894, 0.416055454788913, 0.762074489118348, 0.0427303370615587, 0.9126991536514566, 0.025911208910249332, 0.9863681350298282, 0.051855406987273624, 0.20133116605555929, 0.23179868933720174, 0.9020097244646472, 0.8972729776290543, 0.8195473484852069, 0.1239853533378334, 0.9003782652255343, 0.12746974957302595, 0.7331949468385686, 0.6416157720758904, 0.6147872578600726], BATTLES: 306-194-265-409-330-336-382-275-304-
13, 11, -2803.0, [0.573451350336296, 0.8999448224652282, 0.020074333505889774, 0.05098051577572628, 0.8298426439487968, 0.7800773038835369, 0.17347587487739322, 0.088140127521799, 0.33067822790954793, 0.5487635881262538, 0.8210042057262653, 0.026722691709103408, 0.9332749976577868, 0.7389627251948302, 0.24386216603437474, 0.1922434212019214, 0.12050133185140094, 0.8835037377533214, 0.4078897460053542, 0.8522898759244162, 0.9917772953934132, 0.9368540961505664, 0.4755387512477897, 0.08847234507363501, 0.5231465748162752, 0.19106983735138539, 0.6849724949863945, 0.61454729432791, 0.2515793887540738, 0.4312534036815898, 0.8758681317164158, 0.9466744871841228, 0.8853518975472792, 0.37943415441766326, 0.6805784247322891, 0.8998902428274345, 0.18855102195984508, 0.1333536097614866, 0.46031309596481707, 0.33162667208229585, 0.021096059416227053, 0.0933089426746778, 0.9314778164218106, 0.7207299029799062, 0.7918148345784717, 0.07536193963502746, 0.09988039316192165, 0.5810368772261596, 0.7030914646393822, 0.32718665178696016, 0.9976892005290754, 0.06927506201687238, 0.0625455887596727, 0.40147578294134695, 0.721866932895208, 0.4858065540206498, 0.8079694576801317, 0.43640985098066626, 0.8859991849517612, 0.24163448228696616, 0.47129127301204454, 0.8932240779407146, 0.16185262735746564], BATTLES: 325-214-241-431-290-311-371-340-280-
13, 12, -2651.0, [0.42474480993550306, 0.8143915267620682, 0.12979096323231834, 0.02279706380601837, 0.6492836727723993, 0.8320361692953163, 0.3038760174010675, 0.10790859068056652, 0.8207414797597707, 0.5230927534136752, 0.7516674156336468, 0.02649973232924445, 0.8968806385052924, 0.8806661715068425, 0.3275861599476873, 0.8369834398539638, 0.22290801596627774, 0.4379142993633156, 0.6543327383215014, 0.9070796069756053, 0.9992992587319449, 0.6713560501216191, 0.46044018719237845, 0.019395618059696806, 0.6518361896366928, 0.23539946963148836, 0.5809431376755749, 0.9697894872297272, 0.2084781703617499, 0.27886218053058937, 0.8301779183069803, 0.7325452334946676, 0.8486281067100079, 0.5833718676302614, 0.7804803205388957, 0.9872243470273304, 0.3841824822136733, 0.10690058687107074, 0.4539401233824195, 0.3039794949961685, 0.03258373254759542, 0.10115983305562934, 0.8349065173090181, 0.8391935481982742, 0.893081139369904, 0.651490522665929, 0.3969371083414665, 0.2315878539324679, 0.636676450834243, 0.4258957392518635, 0.9197077273592154, 0.06143298804001515, 0.2897199612185406, 0.9861922571636286, 0.9334351371590486, 0.7141747118219803, 0.8653088723250566, 0.7543999682589634, 0.5777625792753135, 0.39680336740859334, 0.7608362673370601, 0.6913546291205451, 0.20438342780533303], BATTLES: 306-195-266-412-305-321-322-233-285-
13, 13, -2656.0, [0.8156530902953962, 0.9512384181331596, 0.12314094513838528, 0.0906824422298549, 0.541666692789281, 0.9906391435440047, 0.2415608527868106, 0.5831736841361028, 0.43977952340307935, 0.6782512801681367, 0.7367938562725622, 0.030209110422569907, 0.886843939217598, 0.9985103589971364, 0.47627290166719316, 0.3128285108588351, 0.3346386006250279, 0.4849878255868032, 0.7936331780423035, 0.6418638809397175, 0.7349419346171299, 0.9281481362750481, 0.9322401293282921, 0.1471115898730781, 0.6060018710889294, 0.49900295193736244, 0.7191205481977353, 0.5332046900400244, 0.05391157737039479, 0.0433382066210756, 0.8551517015870754, 0.9761506427231189, 0.8814105766946152, 0.4501132536802655, 0.8182670757831072, 0.8741268862916033, 0.3482659220865662, 0.014492476888066187, 0.46775085356566004, 0.42287449971370217, 0.25626102309921617, 0.27700292669839227, 0.7346741767887107, 0.7630017685148373, 0.47194487364418125, 0.42935709672941913, 0.26509251061567807, 0.44352016431172275, 0.5811334643901271, 0.21272429981060875, 0.9244753355197223, 0.10153897563732334, 0.1603964564001782, 0.9735557404663807, 0.8974049346063087, 0.9593346906352396, 0.7421885820601164, 0.7157843216490088, 0.5137022704397162, 0.1625357785443926, 0.8382432683284136, 0.7905135136073826, 0.263502264506976], BATTLES: 291-196-272-424-264-305-350-292-262-
13, 14, -2797.0, [0.3192570980584421, 0.8629139051660525, 0.11279580955293216, 0.00505941719741106, 0.48528622370341973, 0.7231056837607827, 0.26876164908127337, 0.044590224057090566, 0.703089680167247, 0.6025713600058816, 0.942990505987067, 0.3614490111656643, 0.7986039226573539, 0.6320005858891253, 0.4873970512167848, 0.6654708469983246, 0.09655900961214084, 0.6332556435513812, 0.1523979451496314, 0.9917556518332228, 0.7733637574274344, 0.6001956720116435, 0.8496969266362618, 0.25973075616767566, 0.909002768249367, 0.32552964454098693, 0.9339260640099406, 0.8410764279553821, 0.08646931636390723, 0.085151535388021, 0.627730859753842, 0.9033376231006299, 0.9463003812400319, 0.0029454910934561263, 0.8129611027056658, 0.9223003507525551, 0.892474829722974, 0.10663829136502923, 0.4045807921065544, 0.24250271570489101, 0.10929303588347146, 0.01317181868616979, 0.949979656127037, 0.6645765251647991, 0.7068744744047472, 0.32066346282052605, 0.5838801449890041, 0.16268062950533482, 0.8093180548205695, 0.16887999726886818, 0.8789950753699587, 0.06677930126776978, 0.1256817279102908, 0.3743129486371355, 0.9455047343676285, 0.7944771037768158, 0.9053398774209274, 0.1863467623421723, 0.49539248783198836, 0.0026123308333372564, 0.6811238033583698, 0.5979785611219596, 0.9366174412940944], BATTLES: 316-174-255-408-318-325-304-262-302-
14, 0, -2681.0, [0.4721916053365709, 0.49733717022908525, 0.024726640362105902, 0.0616593667200821, 0.5103692371378271, 0.6437095881362578, 0.2338392093396766, 0.0037790638867867266, 0.7940874500936695, 0.3029485887935098, 0.9433224769351682, 0.14446302297619468, 0.9063458205037016, 0.800481363485819, 0.364764080916032, 0.24068990657927442, 0.10047930254053444, 0.4461493634361692, 0.3925707394495133, 0.9804834607558964, 0.9755090317716715, 0.505997711852771, 0.6715497018647326, 0.09695452525229808, 0.6573173294417396, 0.35651447948514736, 0.9998228965484149, 0.9015754347740768, 0.007527116810324863, 0.4559633411518731, 0.536775437413611, 0.8945096532534581, 0.9735408894685347, 0.08729031040024421, 0.6533631387559883, 0.7327243397216567, 0.7047865161027722, 0.0946395319040647, 0.4672094352420551, 0.023393188340079307, 0.12639235033718557, 0.02109679980007169, 0.7443649666538112, 0.9327876792833134, 0.8525724718081047, 0.19792499076702524, 0.5322861399504943, 0.24900675586052634, 0.42610995542526797, 0.16424580250711207, 0.9765602425061021, 0.03736986269219094, 0.029322081572350188, 0.6815256047659446, 0.8648334364400466, 0.8941174669052626, 0.9699948437457725, 0.721052032033119, 0.6033765563409866, 0.0009396324006871737, 0.7390715941880153, 0.7159003736301071, 0.7212641081605091], BATTLES: 286-190-252-423-308-316-321-248-263-
14, 1, -2741.0, [0.49345066614864297, 0.7118343905653389, 0.05030639064774485, 0.10749708823651402, 0.6159671225387389, 0.7970551635525983, 0.050049550016889724, 0.07905316724581293, 0.3553278271908773, 0.44318532549898454, 0.8318591879714268, 0.010269221304849405, 0.9604382382481977, 0.9387614123044423, 0.22751687688136996, 0.2147724156526211, 0.049472789730843236, 0.7061904137014081, 0.43212552395673204, 0.7670860459930255, 0.92673323425729, 0.7605512012947321, 0.47236863044339583, 0.06546681367760142, 0.9225527168821084, 0.5116784648745465, 0.7580328001024401, 0.7234447968927653, 0.1267799672373598, 0.3740893899339636, 0.9868311128688185, 0.9144779275613428, 0.9678059282454436, 0.5296439645045591, 0.8467371011063181, 0.7624777607989279, 0.6485234283725858, 0.1204830969719214, 0.6770595135014991, 0.5953989006445373, 0.013330343588150648, 0.1337389269988171, 0.9714029661133007, 0.8599433624386412, 0.9459860018223811, 0.05875834636404215, 0.14777220420921616, 0.7464395880331821, 0.966700109744443, 0.0637477510839129, 0.9594770707287823, 0.028874633657409422, 0.34070216845035145, 0.5228066843086416, 0.8103541522100132, 0.819126778001843, 0.8890144019046211, 0.6151749699830809, 0.8174127770986961, 0.11945851066363529, 0.5507401624953477, 0.8852111311436037, 0.2085476913006957], BATTLES: 315-195-242-378-312-302-325-246-343-
14, 2, -2676.0, [0.43269756264364534, 0.7833817950320539, 0.11167179690322303, 0.06975242412278024, 0.6161116465407007, 0.9630419740741127, 0.035296321067297826, 0.3390355788873201, 0.5964738671486802, 0.25787632406478905, 0.710458197528104, 0.00864387459765481, 0.9703161985474985, 0.935074440387509, 0.3172630514840836, 0.14513683429885316, 0.19431709197586983, 0.5822675308104006, 0.5899968211762854, 0.6385344075626784, 0.7498071969045684, 0.8917029449214361, 0.737573033820913, 0.1526479216089673, 0.5293169135092157, 0.1852530855619239, 0.9100410925792933, 0.7529688461659666, 0.14499838156422012, 0.28645829902739317, 0.8288575754003846, 0.8651664077210016, 0.7209964882853976, 0.7703938778875676, 0.7680855104519106, 0.7978458970604476, 0.2497288675199385, 0.031480599256633296, 0.6768176876028943, 0.33891224227314876, 0.07905041048777323, 0.1315785098864474, 0.7476005979102105, 0.8546097297656136, 0.7121712363621625, 0.16511069630194417, 0.34828013144084935, 0.030682965162892012, 0.7859009844373364, 0.15317716442120266, 0.7499792122254451, 0.09349891177739741, 0.21849269149251468, 0.9180151749458658, 0.7675035310804088, 0.8993331523741538, 0.6385149401856742, 0.8284611864125617, 0.5628179576276142, 0.16492484213580644, 0.9685189254599988, 0.5703554546372291, 0.2187148889709508], BATTLES: 300-194-245-382-291-293-394-290-287-
14, 3, -2575.0, [0.5308748098156544, 0.8665198108166396, 0.14165699022195335, 0.1596479190723889, 0.6776310081192709, 0.7864676011765455, 0.20637301519069182, 0.3609181208301948, 0.5466475012300572, 0.39725492436489407, 0.8651749830624211, 0.009355668262948563, 0.8960297954770039, 0.9804805182237162, 0.16133609646850255, 0.19720650908331128, 0.07447096596893005, 0.49993818393591616, 0.35435863223881786, 0.9416499080342362, 0.8045763986547272, 0.9197278102178368, 0.7455545793258197, 0.11319408269298112, 0.6792104907012647, 0.5809376187703907, 0.9561627256997914, 0.2704595157195866, 0.07401550570189373, 0.3299365015856652, 0.78170847953608, 0.9815480876847505, 0.9049872105903817, 0.11744510615955867, 0.7172128173407462, 0.8107725575396344, 0.7089580029599052, 0.18637655520903212, 0.44801044177847393, 0.49076273410261045, 0.5671640719430835, 0.23221781903294986, 0.8798018438721597, 0.858261862600781, 0.9356311786318305, 0.2648082295248141, 0.3436205479399811, 0.4955308693197673, 0.8791088359263974, 0.25082920907407824, 0.8290329469381407, 0.028068730257063856, 0.1204323238204642, 0.04695484168782743, 0.9047739670506983, 0.710339336724068, 0.9351611137948093, 0.048562532190743544, 0.9656749856169582, 0.1262251303696873, 0.6178911403160285, 0.6941803737984992, 0.8335723398541215], BATTLES: 268-180-246-325-223-283-256-266-255-
14, 4, -2790.0, [0.4944238954168544, 0.9810275501025225, 0.044246200093391516, 0.09217716913867079, 0.493478680578876, 0.7015793530511235, 0.10909045010973811, 0.23132402823930084, 0.6857133028264146, 0.4746628872662687, 0.9829376834877682, 0.20168996718850524, 0.9586294216824669, 0.6765288308459291, 0.30137457757660513, 0.34121335569453637, 0.205808237235784, 0.3704215586042955, 0.2734050160685253, 0.942292871324523, 0.5514365035668984, 0.5871833649173791, 0.4166307378059133, 0.059759861723990726, 0.7767673913005878, 0.432414120857602, 0.9936508111653622, 0.8669851834837445, 0.22504441908495412, 0.2619077782782322, 0.6338451980810129, 0.9271003153644682, 0.9620154738412913, 0.0884718438046494, 0.8181383380084404, 0.9933319101631735, 0.8692193643780404, 0.024547375672666957, 0.41444177314618263, 0.2725362660872487, 0.019190790279384154, 0.09353814285787534, 0.8193566861392029, 0.8454605837596985, 0.7214191851233196, 0.4157616390007024, 0.5215395906775122, 0.0817733356725693, 0.9456303430697255, 0.2691290015663129, 0.7263697366041563, 0.01863511347475483, 0.012302883594496467, 0.3778644654264132, 0.9592021992869966, 0.9999120833840857, 0.8073732835309275, 0.2782107685399929, 0.9009422912850209, 0.28795119564953364, 0.514876948649615, 0.6532946266471027, 0.5631247675405654], BATTLES: 263-201-237-407-285-328-392-288-309-
14, 5, -2141.0, [0.4402943674248234, 0.9397981882266369, 0.25666745768251387, 0.013186122309664788, 0.7578866461884175, 0.7990681622439578, 0.2864706869307817, 0.0931278096827844, 0.7709959373143117, 0.46867328975771483, 0.8304021365943065, 0.09983674636717742, 0.9221491274948063, 0.895174857605118, 0.2657624350261264, 0.5191051374811303, 0.1437444284082674, 0.604997118199139, 0.5020943960644408, 0.8907191971167182, 0.837162600356343, 0.8048932568412405, 0.6259893297385952, 0.14894324189076621, 0.8783433289476847, 0.24885039513471213, 0.7170232433961536, 0.7905822969487291, 0.3067387619494837, 0.5150448556852488, 0.7568102808550535, 0.970084477504619, 0.9711170550695092, 0.45828555674782206, 0.809566121235197, 0.9377209963204165, 0.8539462256176968, 0.10295373698433272, 0.34407997329020834, 0.16582196801606075, 0.05148496349974643, 0.08614244669067941, 0.8490546939990037, 0.8905131359203948, 0.8820565493540352, 0.18118216470096865, 0.4272189948788028, 0.1651107429491125, 0.7867475941507813, 0.14019123262457683, 0.8154324047917494, 0.07283094901002611, 0.2309742346313709, 0.6949811708906483, 0.887847895071033, 0.7746868435244672, 0.8863964888019118, 0.6203567299924674, 0.6518683388961474, 0.256035903636616, 0.7495316282980807, 0.6261016710120044, 0.3959335544283114], BATTLES: 239-147-214-280-236-218-242-268-220-
14, 6, -2751.0, [0.44137933889382414, 0.8663249763602207, 0.031906126864225275, 0.020425319243123158, 0.586064384356495, 0.8747173505847348, 0.015967219664889162, 0.025082153449742198, 0.8892512180274608, 0.48013298068582533, 0.9921738978215873, 0.1405469676176801, 0.9450437466909922, 0.711881220076587, 0.2929994045041034, 0.013997605757256538, 0.018028288637645662, 0.6495606770591034, 0.22745406004496488, 0.9199267956548279, 0.7617342740530286, 0.46633684932807973, 0.7922948590898582, 0.37524944543990746, 0.7688054134902929, 0.3626160820758507, 0.9285717236689581, 0.8655767608953561, 0.1492977642897125, 0.4480611644591893, 0.8338045382288131, 0.9857197679052749, 0.9453184223720459, 0.5412383506341899, 0.7437905304535296, 0.9260785435000637, 0.9794242638011339, 0.05741006096466231, 0.4363240273522616, 0.18890766558492086, 0.24237217364515895, 0.24034933897859728, 0.925174107594043, 0.8792695283308709, 0.8536278580226726, 0.23667666134612925, 0.4901339020408874, 0.35548861992381237, 0.9757789320810825, 0.5099476362354295, 0.7975286956532159, 0.06050283861580752, 0.15689384784463278, 0.760681256960824, 0.8813036490584862, 0.9384417709979049, 0.9845742676189633, 0.38736081011012424, 0.779197548926674, 0.07766068264774476, 0.8869941606194893, 0.4930659878337634, 0.34957320980508527], BATTLES: 281-201-266-424-309-350-341-262-317-
14, 7, -2492.0, [0.3420448398756185, 0.702485327727498, 0.04503322649808903, 0.007960982315358682, 0.5412362553982675, 0.7055441963989088, 0.046381054334323754, 0.6041891240736332, 0.4030263467165857, 0.4442821171694574, 0.4480797334591898, 0.024112215251432517, 0.9857992940961493, 0.7291484427869621, 0.35972898960194283, 0.2255414286409989, 0.1746204645888165, 0.30772594138509324, 0.6066533529155239, 0.9777617172078803, 0.8085231476128094, 0.5910229555324714, 0.8175982176546625, 0.029338403521922636, 0.6609992412531744, 0.18763030049232476, 0.8380279725116386, 0.8255661926614642, 0.1485168946299523, 0.3154865923550764, 0.6546970296541884, 0.9884632783842269, 0.983860626812066, 0.4884512881846368, 0.6238539539935131, 0.961309075362626, 0.8331861737772466, 0.0027916554865888114, 0.3152461671419521, 0.11389846703577507, 0.07736762423651802, 0.026003169576565843, 0.7799927487957932, 0.7283367748764539, 0.8599152798106253, 0.03711007148361023, 0.5862385926302809, 0.10597896077743307, 0.8204384240503635, 0.064146207800026, 0.8215851922188832, 0.04830734318703347, 0.07717159643273444, 0.7120542362068145, 0.8942493438014755, 0.8803947229710595, 0.9266721370586908, 0.8532187515743126, 0.7761019303288467, 0.030002601208082912, 0.8900194627787408, 0.3958550934566464, 0.7667702400717563], BATTLES: 261-187-255-383-296-291-294-238-248-
14, 8, -2789.0, [0.5188383286342327, 0.8902741069443649, 0.12504119350842316, 0.07136940446207445, 0.5468120318639411, 0.9433938678118676, 0.2864297925619476, 0.05973147269126404, 0.6203492893836999, 0.4854261277451643, 0.9800197869410402, 0.0474649134790631, 0.9502284630677607, 0.6822479956416918, 0.01786938985819292, 0.06112171908755479, 0.2211947414464199, 0.5723057388610089, 0.08882329045124845, 0.7168650893312476, 0.7097604673270022, 0.448408291794603, 0.6931296491666874, 0.23407570645230638, 0.812820615680401, 0.02443784421214737, 0.9880118116533012, 0.5847647161773599, 0.1706334882569318, 0.43252762967711483, 0.8943767781875804, 0.9676277395605359, 0.9676931480021922, 0.4145192171847399, 0.691432005712515, 0.940401751023699, 0.9451428727836244, 0.2795395386553948, 0.4549017332507946, 0.12877178985444254, 0.1561050957139839, 0.17792567846951354, 0.7918071794278172, 0.7655776699440843, 0.6823631440534834, 0.2244400431245019, 0.3807926685606946, 0.04415438080884321, 0.8051984497209299, 0.1605611542046476, 0.7514373912376819, 0.0958513685126604, 0.17324018187634882, 0.42270378773853945, 0.9338548111829188, 0.6508497555554911, 0.9789058952630113, 0.37853705299552665, 0.8827755002638296, 0.4109024941553763, 0.6613244172423685, 0.5605295066361285, 0.2971704724298318], BATTLES: 287-179-262-411-281-331-345-236-328-
14, 9, -2725.0, [0.6053701830909586, 0.9689857892712329, 0.03370970343552032, 0.3125315506407199, 0.5456272541571215, 0.8779465782206612, 0.09443737061989269, 0.08468873435390895, 0.5527328790662384, 0.5559914960018256, 0.8168416486933756, 0.004569521490427969, 0.8961047118726859, 0.9914589286842723, 0.29739913294667414, 0.44467574261475795, 0.1962215291018718, 0.7381321386876938, 0.44390701482886785, 0.9559363010496841, 0.9408583602527357, 0.9692134406682871, 0.28691062879262413, 0.07601657674650752, 0.9685528146069431, 0.07279493826668129, 0.6467922581958685, 0.7689275879156467, 0.28875725386379003, 0.40396899891306964, 0.9786082177520394, 0.8039313187014061, 0.7925060954698684, 0.8576094005756076, 0.854073728065105, 0.7624333177831142, 0.2781924933627761, 0.10308669367341801, 0.3913875576989565, 0.44381761407947173, 0.0594224963934776, 0.4074349687901034, 0.8605308381992441, 0.8736646780870294, 0.8926572409193065, 0.203545771107775, 0.5187920603541147, 0.5278179278712638, 0.533003596985918, 0.5304400352139361, 0.9392960075302715, 0.1053331754074835, 0.2419884936026721, 0.9471522159425995, 0.7869158752616946, 0.4990910819308547, 0.7360199008906589, 0.8552819857608733, 0.8089532583026497, 0.0621138058242451, 0.6768996890110319, 0.7943317817965093, 0.13119451720943698], BATTLES: 293-200-258-409-283-315-316-238-296-
14, 10, -2713.0, [0.4764820966172059, 0.8956882963580344, 0.058473062432936, 0.04678992632281295, 0.5394525110018283, 0.8758200437341845, 0.011102804552649642, 0.1195765533708006, 0.8096430322040015, 0.3715484448680506, 0.9542887898798944, 0.012143105654865205, 0.9552907646113509, 0.6721966490567475, 0.10565656916268851, 0.22877295194130798, 0.062303526764110564, 0.7150982269733882, 0.19400849377624968, 0.9836629290446146, 0.8262838070017717, 0.8234034832157813, 0.7700780134116954, 0.32241867682619485, 0.9181492294509713, 0.47826407050946523, 0.981101855538538, 0.9784570352825405, 0.11604038582194225, 0.4056289365146588, 0.8511966308603328, 0.9254636092594061, 0.9780794781303089, 0.32093901089507676, 0.7372558157816206, 0.9442620913743988, 0.9717116482135553, 0.07682774991560147, 0.7406991266009133, 0.2494099902131156, 0.0032909703519954925, 0.21290702634656186, 0.9509104089836609, 0.7429257626050011, 0.6366085174593894, 0.416055454788913, 0.762074489118348, 0.0427303370615587, 0.9126991536514566, 0.025911208910249332, 0.9863681350298282, 0.051855406987273624, 0.20133116605555929, 0.23179868933720174, 0.9020097244646472, 0.8972729776290543, 0.8195473484852069, 0.1239853533378334, 0.9003782652255343, 0.12746974957302595, 0.7331949468385686, 0.6416157720758904, 0.6147872578600726], BATTLES: 307-184-254-400-310-327-344-252-335-
14, 11, -2721.0, [0.573451350336296, 0.8999448224652282, 0.020074333505889774, 0.05098051577572628, 0.8298426439487968, 0.7800773038835369, 0.17347587487739322, 0.088140127521799, 0.33067822790954793, 0.5487635881262538, 0.8210042057262653, 0.026722691709103408, 0.9332749976577868, 0.7389627251948302, 0.24386216603437474, 0.1922434212019214, 0.12050133185140094, 0.8835037377533214, 0.4078897460053542, 0.8522898759244162, 0.9917772953934132, 0.9368540961505664, 0.4755387512477897, 0.08847234507363501, 0.5231465748162752, 0.19106983735138539, 0.6849724949863945, 0.61454729432791, 0.2515793887540738, 0.4312534036815898, 0.8758681317164158, 0.9466744871841228, 0.8853518975472792, 0.37943415441766326, 0.6805784247322891, 0.8998902428274345, 0.18855102195984508, 0.1333536097614866, 0.46031309596481707, 0.33162667208229585, 0.021096059416227053, 0.0933089426746778, 0.9314778164218106, 0.7207299029799062, 0.7918148345784717, 0.07536193963502746, 0.09988039316192165, 0.5810368772261596, 0.7030914646393822, 0.32718665178696016, 0.9976892005290754, 0.06927506201687238, 0.0625455887596727, 0.40147578294134695, 0.721866932895208, 0.4858065540206498, 0.8079694576801317, 0.43640985098066626, 0.8859991849517612, 0.24163448228696616, 0.47129127301204454, 0.8932240779407146, 0.16185262735746564], BATTLES: 297-200-230-412-287-300-399-319-277-
14, 12, -2689.0, [0.5412812173988916, 0.8143915267620682, 0.12979096323231834, 0.057991371870499936, 0.6492836727723993, 0.9249718465188529, 0.3038760174010675, 0.05395429534028326, 0.8207414797597707, 0.5025135728415857, 0.7873290351556134, 0.05784573431873497, 0.9107942650547999, 0.8806661715068425, 0.3275861599476873, 0.8369834398539638, 0.21521501637950663, 0.6609428365325869, 0.41634986710823707, 0.8505389708624493, 0.9992992587319449, 0.6713560501216191, 0.39449742264236387, 0.05292505917327503, 0.5525805963359617, 0.13561166288208362, 0.5809431376755749, 0.7670779982500252, 0.2084781703617499, 0.27886218053058937, 0.8694739707519573, 0.7970310125191167, 0.8486281067100079, 0.5833718676302614, 0.8122858461739983, 0.9898947770647446, 0.3841824822136733, 0.10690058687107074, 0.4697422057390765, 0.3039794949961685, 0.03258373254759542, 0.1007500164990882, 0.8459012812159881, 0.8391935481982742, 0.893081139369904, 0.5820644990245339, 0.27266310260251314, 0.2315878539324679, 0.636676450834243, 0.4400920934586977, 0.9197077273592154, 0.05777116509380607, 0.2897199612185406, 0.9861922571636286, 0.9136025970919109, 0.7141747118219803, 0.8304947685189885, 0.7605099061355786, 0.5777625792753135, 0.4314386344119892, 0.5501002624663685, 0.8587262152188689, 0.11510779943145681], BATTLES: 324-183-230-405-295-322-274-258-288-
14, 13, -2532.0, [0.8156530902953962, 0.9512384181331596, 0.12314094513838528, 0.04534122111492745, 0.541666692789281, 0.9906391435440047, 0.2415608527868106, 0.5831736841361028, 0.43977952340307935, 0.6782512801681367, 0.856935394099044, 0.030209110422569907, 0.943421969608799, 0.9985103589971364, 0.47627290166719316, 0.3128285108588351, 0.3346386006250279, 0.8852105815141063, 0.7936331780423035, 0.8209319404698587, 0.7349419346171299, 0.9281481362750481, 0.9322401293282921, 0.1471115898730781, 0.6060018710889294, 0.49900295193736244, 0.7191205481977353, 0.5332046900400244, 0.18177624839723439, 0.0433382066210756, 0.8551517015870754, 0.9761506427231189, 0.9728363315105176, 0.17179027080760137, 0.8182670757831072, 0.9370634431458016, 0.3482659220865662, 0.014086201771088054, 0.46775085356566004, 0.17025853741382746, 0.25626102309921617, 0.2460155143879146, 0.7346741767887107, 0.780426994319116, 0.47194487364418125, 0.42935709672941913, 0.35513925995903073, 0.44352016431172275, 0.5811334643901271, 0.21272429981060875, 0.9244753355197223, 0.10153897563732334, 0.027775741417624705, 0.9735557404663807, 0.8974049346063087, 0.9593346906352396, 0.7421885820601164, 0.7157843216490088, 0.5137022704397162, 0.1625357785443926, 0.7426293343722001, 0.7905135136073826, 0.263502264506976], BATTLES: 243-197-246-416-262-306-361-261-239-
14, 14, -2752.0, [0.3416107388901868, 0.8629139051660525, 0.11279580955293216, 0.00505941719741106, 0.759170989134331, 0.7500847660307769, 0.26876164908127337, 0.022295112028545283, 0.5089763763093579, 0.6760509080531002, 0.942990505987067, 0.3614490111656643, 0.8183175169167982, 0.6320005858891253, 0.3184175793826431, 0.5208696548854848, 0.09655900961214084, 0.6332556435513812, 0.2395707002331304, 0.9613400202042125, 0.7733637574274344, 0.6373170563059356, 0.8496969266362618, 0.16623787420963543, 0.7835273570923317, 0.21583715654612468, 0.9339260640099406, 0.7109647175476786, 0.2877555838754815, 0.085151535388021, 0.627730859753842, 0.9033376231006299, 0.9015295759493023, 0.0029454910934561263, 0.8129611027056658, 0.9611501753762776, 0.483027019539483, 0.10663829136502923, 0.4045807921065544, 0.24250271570489101, 0.05464651794173573, 0.006585909343084895, 0.9749898280635185, 0.7348639862134598, 0.8534372372023735, 0.3884800328588332, 0.23348864942752046, 0.2479766979100914, 0.867896012673721, 0.3124397961169522, 0.8789950753699587, 0.06909291050258563, 0.08464862516493497, 0.48763180745002976, 0.7847119133023357, 0.6676708201427023, 0.8717452877302602, 0.5276323667373808, 0.93168708806179, 0.22280615472755708, 0.6811238033583698, 0.653680798281549, 0.21146865799149878], BATTLES: 299-209-268-374-321-317-306-297-325-
15, 0, -2620.0, [0.4721916053365709, 0.49733717022908525, 0.024726640362105902, 0.0616593667200821, 0.5103692371378271, 0.6437095881362578, 0.2338392093396766, 0.0037790638867867266, 0.7940874500936695, 0.3029485887935098, 0.9433224769351682, 0.14446302297619468, 0.9063458205037016, 0.800481363485819, 0.364764080916032, 0.24068990657927442, 0.10047930254053444, 0.4461493634361692, 0.3925707394495133, 0.9804834607558964, 0.9755090317716715, 0.505997711852771, 0.6715497018647326, 0.09695452525229808, 0.6573173294417396, 0.35651447948514736, 0.9998228965484149, 0.9015754347740768, 0.007527116810324863, 0.4559633411518731, 0.536775437413611, 0.8945096532534581, 0.9735408894685347, 0.08729031040024421, 0.6533631387559883, 0.7327243397216567, 0.7047865161027722, 0.0946395319040647, 0.4672094352420551, 0.023393188340079307, 0.12639235033718557, 0.02109679980007169, 0.7443649666538112, 0.9327876792833134, 0.8525724718081047, 0.19792499076702524, 0.5322861399504943, 0.24900675586052634, 0.42610995542526797, 0.16424580250711207, 0.9765602425061021, 0.03736986269219094, 0.029322081572350188, 0.6815256047659446, 0.8648334364400466, 0.8941174669052626, 0.9699948437457725, 0.721052032033119, 0.6033765563409866, 0.0009396324006871737, 0.7390715941880153, 0.7159003736301071, 0.7212641081605091], BATTLES: 311-193-229-395-312-283-352-270-275-
15, 1, -2709.0, [0.49345066614864297, 0.7118343905653389, 0.05030639064774485, 0.10749708823651402, 0.6159671225387389, 0.7970551635525983, 0.050049550016889724, 0.07905316724581293, 0.3553278271908773, 0.44318532549898454, 0.8318591879714268, 0.010269221304849405, 0.9604382382481977, 0.9387614123044423, 0.22751687688136996, 0.2147724156526211, 0.049472789730843236, 0.7061904137014081, 0.43212552395673204, 0.7670860459930255, 0.92673323425729, 0.7605512012947321, 0.47236863044339583, 0.06546681367760142, 0.9225527168821084, 0.5116784648745465, 0.7580328001024401, 0.7234447968927653, 0.1267799672373598, 0.3740893899339636, 0.9868311128688185, 0.9144779275613428, 0.9678059282454436, 0.5296439645045591, 0.8467371011063181, 0.7624777607989279, 0.6485234283725858, 0.1204830969719214, 0.6770595135014991, 0.5953989006445373, 0.013330343588150648, 0.1337389269988171, 0.9714029661133007, 0.8599433624386412, 0.9459860018223811, 0.05875834636404215, 0.14777220420921616, 0.7464395880331821, 0.966700109744443, 0.0637477510839129, 0.9594770707287823, 0.028874633657409422, 0.34070216845035145, 0.5228066843086416, 0.8103541522100132, 0.819126778001843, 0.8890144019046211, 0.6151749699830809, 0.8174127770986961, 0.11945851066363529, 0.5507401624953477, 0.8852111311436037, 0.2085476913006957], BATTLES: 303-204-232-405-300-317-371-283-294-
15, 2, -2602.0, [0.43269756264364534, 0.7833817950320539, 0.11167179690322303, 0.06975242412278024, 0.6161116465407007, 0.9630419740741127, 0.035296321067297826, 0.3390355788873201, 0.5964738671486802, 0.25787632406478905, 0.710458197528104, 0.00864387459765481, 0.9703161985474985, 0.935074440387509, 0.3172630514840836, 0.14513683429885316, 0.19431709197586983, 0.5822675308104006, 0.5899968211762854, 0.6385344075626784, 0.7498071969045684, 0.8917029449214361, 0.737573033820913, 0.1526479216089673, 0.5293169135092157, 0.1852530855619239, 0.9100410925792933, 0.7529688461659666, 0.14499838156422012, 0.28645829902739317, 0.8288575754003846, 0.8651664077210016, 0.7209964882853976, 0.7703938778875676, 0.7680855104519106, 0.7978458970604476, 0.2497288675199385, 0.031480599256633296, 0.6768176876028943, 0.33891224227314876, 0.07905041048777323, 0.1315785098864474, 0.7476005979102105, 0.8546097297656136, 0.7121712363621625, 0.16511069630194417, 0.34828013144084935, 0.030682965162892012, 0.7859009844373364, 0.15317716442120266, 0.7499792122254451, 0.09349891177739741, 0.21849269149251468, 0.9180151749458658, 0.7675035310804088, 0.8993331523741538, 0.6385149401856742, 0.8284611864125617, 0.5628179576276142, 0.16492484213580644, 0.9685189254599988, 0.5703554546372291, 0.2187148889709508], BATTLES: 280-185-243-404-267-301-348-299-275-
15, 3, -2520.0, [0.5308748098156544, 0.8665198108166396, 0.14165699022195335, 0.1596479190723889, 0.6776310081192709, 0.7864676011765455, 0.20637301519069182, 0.3609181208301948, 0.5466475012300572, 0.39725492436489407, 0.8651749830624211, 0.009355668262948563, 0.8960297954770039, 0.9804805182237162, 0.16133609646850255, 0.19720650908331128, 0.07447096596893005, 0.49993818393591616, 0.35435863223881786, 0.9416499080342362, 0.8045763986547272, 0.9197278102178368, 0.7455545793258197, 0.11319408269298112, 0.6792104907012647, 0.5809376187703907, 0.9561627256997914, 0.2704595157195866, 0.07401550570189373, 0.3299365015856652, 0.78170847953608, 0.9815480876847505, 0.9049872105903817, 0.11744510615955867, 0.7172128173407462, 0.8107725575396344, 0.7089580029599052, 0.18637655520903212, 0.44801044177847393, 0.49076273410261045, 0.5671640719430835, 0.23221781903294986, 0.8798018438721597, 0.858261862600781, 0.9356311786318305, 0.2648082295248141, 0.3436205479399811, 0.4955308693197673, 0.8791088359263974, 0.25082920907407824, 0.8290329469381407, 0.028068730257063856, 0.1204323238204642, 0.04695484168782743, 0.9047739670506983, 0.710339336724068, 0.9351611137948093, 0.048562532190743544, 0.9656749856169582, 0.1262251303696873, 0.6178911403160285, 0.6941803737984992, 0.8335723398541215], BATTLES: 286-203-208-378-298-283-316-269-279-
15, 4, -2736.0, [0.4944238954168544, 0.9810275501025225, 0.044246200093391516, 0.09217716913867079, 0.493478680578876, 0.7015793530511235, 0.10909045010973811, 0.23132402823930084, 0.6857133028264146, 0.4746628872662687, 0.9829376834877682, 0.20168996718850524, 0.9586294216824669, 0.6765288308459291, 0.30137457757660513, 0.34121335569453637, 0.205808237235784, 0.3704215586042955, 0.2734050160685253, 0.942292871324523, 0.5514365035668984, 0.5871833649173791, 0.4166307378059133, 0.059759861723990726, 0.7767673913005878, 0.432414120857602, 0.9936508111653622, 0.8669851834837445, 0.22504441908495412, 0.2619077782782322, 0.6338451980810129, 0.9271003153644682, 0.9620154738412913, 0.0884718438046494, 0.8181383380084404, 0.9933319101631735, 0.8692193643780404, 0.024547375672666957, 0.41444177314618263, 0.2725362660872487, 0.019190790279384154, 0.09353814285787534, 0.8193566861392029, 0.8454605837596985, 0.7214191851233196, 0.4157616390007024, 0.5215395906775122, 0.0817733356725693, 0.9456303430697255, 0.2691290015663129, 0.7263697366041563, 0.01863511347475483, 0.012302883594496467, 0.3778644654264132, 0.9592021992869966, 0.9999120833840857, 0.8073732835309275, 0.2782107685399929, 0.9009422912850209, 0.28795119564953364, 0.514876948649615, 0.6532946266471027, 0.5631247675405654], BATTLES: 286-199-237-408-311-296-386-288-325-
15, 5, -2333.0, [0.4402943674248234, 0.9251179789031592, 0.19989517499950316, 0.14255552814708022, 0.5347188772805842, 0.7990681622439578, 0.026334886903609134, 0.0465639048413922, 0.6458951984787952, 0.41993117492084076, 0.8691115198334254, 0.04991837318358871, 0.9393995163003652, 0.895174857605118, 0.06860463826975136, 0.36843669301109655, 0.11557899616961367, 0.604997118199139, 0.5020943960644408, 0.8431887868436356, 0.837162600356343, 0.6591756346544273, 0.6259893297385952, 0.22041551903552803, 0.9391716644738424, 0.12442519756735607, 0.8088003485720426, 0.7905822969487291, 0.35235486806062954, 0.6435278027939616, 0.8773977318214872, 0.9004055338268114, 0.9155210598697179, 0.45828555674782206, 0.809566121235197, 0.9023100185418824, 0.8904516360132038, 0.17046115333050638, 0.35999909970600863, 0.26520753291811316, 0.05148496349974643, 0.08614244669067941, 0.8490546939990037, 0.8905131359203948, 0.9076463746650706, 0.0968460957552041, 0.4272189948788028, 0.1651107429491125, 0.6911482787698229, 0.14019123262457683, 0.8154324047917494, 0.12915836678964998, 0.24199614986853102, 0.5569965203175964, 0.8892906522086274, 0.5236397213054476, 0.8640591553363365, 0.5730859911168528, 0.86672537247773, 0.12795167697212262, 0.7495316282980807, 0.5418040508105193, 0.30794847749366366], BATTLES: 223-149-187-316-241-236-240-280-244-
15, 6, -2711.0, [0.44137933889382414, 0.8663249763602207, 0.031906126864225275, 0.020425319243123158, 0.586064384356495, 0.8747173505847348, 0.015967219664889162, 0.025082153449742198, 0.8892512180274608, 0.48013298068582533, 0.9921738978215873, 0.1405469676176801, 0.9450437466909922, 0.711881220076587, 0.2929994045041034, 0.013997605757256538, 0.018028288637645662, 0.6495606770591034, 0.22745406004496488, 0.9199267956548279, 0.7617342740530286, 0.46633684932807973, 0.7922948590898582, 0.37524944543990746, 0.7688054134902929, 0.3626160820758507, 0.9285717236689581, 0.8655767608953561, 0.1492977642897125, 0.4480611644591893, 0.8338045382288131, 0.9857197679052749, 0.9453184223720459, 0.5412383506341899, 0.7437905304535296, 0.9260785435000637, 0.9794242638011339, 0.05741006096466231, 0.4363240273522616, 0.18890766558492086, 0.24237217364515895, 0.24034933897859728, 0.925174107594043, 0.8792695283308709, 0.8536278580226726, 0.23667666134612925, 0.4901339020408874, 0.35548861992381237, 0.9757789320810825, 0.5099476362354295, 0.7975286956532159, 0.06050283861580752, 0.15689384784463278, 0.760681256960824, 0.8813036490584862, 0.9384417709979049, 0.9845742676189633, 0.38736081011012424, 0.779197548926674, 0.07766068264774476, 0.8869941606194893, 0.4930659878337634, 0.34957320980508527], BATTLES: 304-188-258-398-306-312-349-264-332-
15, 7, -2600.0, [0.4216495063771605, 0.702485327727498, 0.04503322649808903, 0.007960982315358682, 0.5412362553982675, 0.7055441963989088, 0.0749501810108751, 0.42416216166438947, 0.4433787031713191, 0.491598768032278, 0.4480797334591898, 0.024112215251432517, 0.9824023652549445, 0.7291484427869621, 0.35972898960194283, 0.21236184322291124, 0.1746204645888165, 0.3362887908313671, 0.6066533529155239, 0.9777617172078803, 0.6913996956997764, 0.6061854645614084, 0.6349255801124014, 0.029338403521922636, 0.65657681030971, 0.18763030049232476, 0.8380279725116386, 0.7851595915486336, 0.1485168946299523, 0.2910771731984518, 0.6546970296541884, 0.9884632783842269, 0.9535117496347336, 0.30622877952846916, 0.7123659721618388, 0.961309075362626, 0.8331861737772466, 0.0027916554865888114, 0.3152461671419521, 0.18617062531046386, 0.07736762423651802, 0.026003169576565843, 0.7799927487957932, 0.8137175419065374, 0.8635902899148018, 0.24051188426052297, 0.39713179517064556, 0.10597896077743307, 0.9041602463831412, 0.22293513181127472, 0.7782069650906102, 0.04830734318703347, 0.028924880812638366, 0.6114299360498827, 0.8942493438014755, 0.8803947229710595, 0.9266721370586908, 0.7467395842992943, 0.8880509651644233, 0.24783457279630092, 0.8900194627787408, 0.5385161220669303, 0.7667702400717563], BATTLES: 289-219-254-385-291-274-319-229-250-
15, 8, -2778.0, [0.5188383286342327, 0.8902741069443649, 0.12504119350842316, 0.07136940446207445, 0.5468120318639411, 0.9433938678118676, 0.2864297925619476, 0.05973147269126404, 0.6203492893836999, 0.4854261277451643, 0.9800197869410402, 0.0474649134790631, 0.9502284630677607, 0.6822479956416918, 0.01786938985819292, 0.06112171908755479, 0.2211947414464199, 0.5723057388610089, 0.08882329045124845, 0.7168650893312476, 0.7097604673270022, 0.448408291794603, 0.6931296491666874, 0.23407570645230638, 0.812820615680401, 0.02443784421214737, 0.9880118116533012, 0.5847647161773599, 0.1706334882569318, 0.43252762967711483, 0.8943767781875804, 0.9676277395605359, 0.9676931480021922, 0.4145192171847399, 0.691432005712515, 0.940401751023699, 0.9451428727836244, 0.2795395386553948, 0.4549017332507946, 0.12877178985444254, 0.1561050957139839, 0.17792567846951354, 0.7918071794278172, 0.7655776699440843, 0.6823631440534834, 0.2244400431245019, 0.3807926685606946, 0.04415438080884321, 0.8051984497209299, 0.1605611542046476, 0.7514373912376819, 0.0958513685126604, 0.17324018187634882, 0.42270378773853945, 0.9338548111829188, 0.6508497555554911, 0.9789058952630113, 0.37853705299552665, 0.8827755002638296, 0.4109024941553763, 0.6613244172423685, 0.5605295066361285, 0.2971704724298318], BATTLES: 315-186-256-398-299-300-391-318-315-
15, 9, -2648.0, [0.6053701830909586, 0.9689857892712329, 0.03370970343552032, 0.3125315506407199, 0.5456272541571215, 0.8779465782206612, 0.09443737061989269, 0.08468873435390895, 0.5527328790662384, 0.5559914960018256, 0.8168416486933756, 0.004569521490427969, 0.8961047118726859, 0.9914589286842723, 0.29739913294667414, 0.44467574261475795, 0.1962215291018718, 0.7381321386876938, 0.44390701482886785, 0.9559363010496841, 0.9408583602527357, 0.9692134406682871, 0.28691062879262413, 0.07601657674650752, 0.9685528146069431, 0.07279493826668129, 0.6467922581958685, 0.7689275879156467, 0.28875725386379003, 0.40396899891306964, 0.9786082177520394, 0.8039313187014061, 0.7925060954698684, 0.8576094005756076, 0.854073728065105, 0.7624333177831142, 0.2781924933627761, 0.10308669367341801, 0.3913875576989565, 0.44381761407947173, 0.0594224963934776, 0.4074349687901034, 0.8605308381992441, 0.8736646780870294, 0.8926572409193065, 0.203545771107775, 0.5187920603541147, 0.5278179278712638, 0.533003596985918, 0.5304400352139361, 0.9392960075302715, 0.1053331754074835, 0.2419884936026721, 0.9471522159425995, 0.7869158752616946, 0.4990910819308547, 0.7360199008906589, 0.8552819857608733, 0.8089532583026497, 0.0621138058242451, 0.6768996890110319, 0.7943317817965093, 0.13119451720943698], BATTLES: 294-185-225-392-299-296-370-294-293-
15, 10, -2722.0, [0.507511116210044, 0.8956882963580344, 0.058473062432936, 0.04678992632281295, 0.636929794391989, 0.8758200437341845, 0.011102804552649642, 0.10777367429428544, 0.8096430322040015, 0.3715484448680506, 0.9542887898798944, 0.012143105654865205, 0.9627119373859255, 0.6721966490567475, 0.10565656916268851, 0.22877295194130798, 0.062303526764110564, 0.7150982269733882, 0.2681131347010439, 0.8712716671191735, 0.8311385208580137, 0.8234034832157813, 0.7700780134116954, 0.32241867682619485, 0.9728052790585258, 0.37588711450402823, 0.981101855538538, 0.7686014321130672, 0.11604038582194225, 0.4452502977813992, 0.8511966308603328, 0.9743616398585118, 0.9780794781303089, 0.32093901089507676, 0.7372558157816206, 0.9442620913743988, 0.9191582619851042, 0.07682774991560147, 0.5637059218886181, 0.2494099902131156, 0.011630109940754974, 0.21290702634656186, 0.916456791347074, 0.7429257626050011, 0.6366085174593894, 0.2821091961252734, 0.6126436143200558, 0.09734318177977913, 0.8564926644578492, 0.025911208910249332, 0.9100872432924262, 0.0814685578173222, 0.20133116605555929, 0.43849609941541895, 0.9020097244646472, 0.8972729776290543, 0.8493790988637536, 0.3454934674775804, 0.7938856137634869, 0.12746974957302595, 0.7404852695114574, 0.6416157720758904, 0.6147872578600726], BATTLES: 271-208-224-426-295-296-365-282-303-
15, 11, -2688.0, [0.573451350336296, 0.8999448224652282, 0.020074333505889774, 0.05098051577572628, 0.8298426439487968, 0.7800773038835369, 0.17347587487739322, 0.088140127521799, 0.33067822790954793, 0.5487635881262538, 0.8210042057262653, 0.026722691709103408, 0.9332749976577868, 0.7389627251948302, 0.24386216603437474, 0.1922434212019214, 0.12050133185140094, 0.8835037377533214, 0.4078897460053542, 0.8522898759244162, 0.9917772953934132, 0.9368540961505664, 0.4755387512477897, 0.08847234507363501, 0.5231465748162752, 0.19106983735138539, 0.6849724949863945, 0.61454729432791, 0.2515793887540738, 0.4312534036815898, 0.8758681317164158, 0.9466744871841228, 0.8853518975472792, 0.37943415441766326, 0.6805784247322891, 0.8998902428274345, 0.18855102195984508, 0.1333536097614866, 0.46031309596481707, 0.33162667208229585, 0.021096059416227053, 0.0933089426746778, 0.9314778164218106, 0.7207299029799062, 0.7918148345784717, 0.07536193963502746, 0.09988039316192165, 0.5810368772261596, 0.7030914646393822, 0.32718665178696016, 0.9976892005290754, 0.06927506201687238, 0.0625455887596727, 0.40147578294134695, 0.721866932895208, 0.4858065540206498, 0.8079694576801317, 0.43640985098066626, 0.8859991849517612, 0.24163448228696616, 0.47129127301204454, 0.8932240779407146, 0.16185262735746564], BATTLES: 297-193-206-398-302-284-401-316-291-
15, 12, -2686.0, [0.5412812173988916, 0.9377100849116895, 0.08547763199487993, 0.028995685935249968, 0.5156570440001754, 0.9624859232594265, 0.1730647942633374, 0.17306870674569622, 0.8207414797597707, 0.5306981900270498, 0.9586657723248971, 0.028922867159367486, 0.9107942650547999, 0.8806661715068425, 0.3275861599476873, 0.33703441311272636, 0.2930665014322739, 0.6609428365325869, 0.3541104361832023, 0.8039450336935592, 0.5896518718254882, 0.8317267304402977, 0.45618077612995267, 0.026462529586637515, 0.5525805963359617, 0.5131368863753849, 0.7364978984905959, 0.6222268248010019, 0.2084781703617499, 0.09098411034303908, 0.8694739707519573, 0.7970310125191167, 0.9243140533550039, 0.3894996500301217, 0.8188612610773502, 0.9949473885323723, 0.409498618025414, 0.10690058687107074, 0.35240081321637007, 0.27273323583984144, 0.03258373254759542, 0.16145342431663798, 0.7328606363715959, 0.83111833656976, 0.7863740538086106, 0.29133568042378055, 0.3282236674324963, 0.36432234262715046, 0.6842718571034865, 0.3231947775435919, 0.7905559435546805, 0.05777116509380607, 0.1448599806092703, 0.6916347695841726, 0.891292089710398, 0.7141747118219803, 0.7207287007249882, 0.7605099061355786, 0.7789941223215507, 0.43958459533188554, 0.46265966518580653, 0.7330500924006715, 0.09427638064367949], BATTLES: 309-188-260-378-309-317-327-290-304-
15, 13, -2712.0, [0.45180288524865575, 0.9512384181331596, 0.15360784405174063, 0.04534122111492745, 0.541666692789281, 0.9906391435440047, 0.2614655537103022, 0.20949873996115304, 0.3734430960959956, 0.5419092820280977, 0.928467697049522, 0.030209110422569907, 0.943421969608799, 0.9985103589971364, 0.41287086607223955, 0.18561407979557998, 0.18388497457853803, 0.8028977168147355, 0.44085323414640626, 0.7699402001396732, 0.7426805564917756, 0.6173387583738006, 0.9725869982257199, 0.2355333214581468, 0.6893664637900033, 0.28254594880787776, 0.9965161975682794, 0.5678377908395071, 0.17712563936931988, 0.0433382066210756, 0.8551517015870754, 0.9880753213615594, 0.9728363315105176, 0.08589513540380068, 0.8182670757831072, 0.9685317215729008, 0.3482659220865662, 0.06790408997939254, 0.4550539191828681, 0.17025853741382746, 0.25626102309921617, 0.08764804657648329, 0.839685642048703, 0.780426994319116, 0.47194487364418125, 0.42935709672941913, 0.2609203347922899, 0.12391449072956731, 0.7889739657965557, 0.21272429981060875, 0.8723930866075748, 0.10153897563732334, 0.027775741417624705, 0.7106303433672558, 0.9487024673031543, 0.9593346906352396, 0.7421885820601164, 0.5352945199994847, 0.5137022704397162, 0.19672801672649232, 0.7426293343722001, 0.7905135136073826, 0.24363421347912698], BATTLES: 249-193-232-410-287-278-369-248-267-
15, 14, -2802.0, [0.45651676177215833, 0.824963606593536, 0.049570772690535746, 0.00505941719741106, 0.759170989134331, 0.8382790667227471, 0.08619544521833636, 0.011147556014272642, 0.4264585385726331, 0.5019809898799124, 0.9960742606079784, 0.3614490111656643, 0.9986405520801709, 0.6736812623080916, 0.3184175793826431, 0.2167297236610449, 0.0799632784526886, 0.7200117222064428, 0.2395707002331304, 0.8437490933372964, 0.7733637574274344, 0.7041857278923287, 0.8496969266362618, 0.16623787420963543, 0.7835273570923317, 0.21583715654612468, 0.9097559235959759, 0.7112258694598044, 0.2483552214843669, 0.18436749841276537, 0.8039432927577347, 0.9033376231006299, 0.9507647879746511, 0.0029454910934561263, 0.8317556532112893, 0.9805750876881387, 0.6009352522342803, 0.07371021734223335, 0.4409325549584077, 0.24250271570489101, 0.027323258970867865, 0.006585909343084895, 0.9343692316445182, 0.7348639862134598, 0.9267186186011868, 0.3884800328588332, 0.19782952026391573, 0.2479766979100914, 0.867896012673721, 0.3124397961169522, 0.8097790150810307, 0.05615086458765875, 0.07100297574168324, 0.48763180745002976, 0.7866317504150858, 0.6676708201427023, 0.8328095508479413, 0.524283811514378, 0.93168708806179, 0.3093546973181957, 0.45372658597668525, 0.6954021655143872, 0.12140400983229105], BATTLES: 323-218-226-387-300-313-334-320-330-
16, 0, -2647.0, [0.4721916053365709, 0.49733717022908525, 0.024726640362105902, 0.0616593667200821, 0.5103692371378271, 0.6437095881362578, 0.2338392093396766, 0.0037790638867867266, 0.7940874500936695, 0.3029485887935098, 0.9433224769351682, 0.14446302297619468, 0.9063458205037016, 0.800481363485819, 0.364764080916032, 0.24068990657927442, 0.10047930254053444, 0.4461493634361692, 0.3925707394495133, 0.9804834607558964, 0.9755090317716715, 0.505997711852771, 0.6715497018647326, 0.09695452525229808, 0.6573173294417396, 0.35651447948514736, 0.9998228965484149, 0.9015754347740768, 0.007527116810324863, 0.4559633411518731, 0.536775437413611, 0.8945096532534581, 0.9735408894685347, 0.08729031040024421, 0.6533631387559883, 0.7327243397216567, 0.7047865161027722, 0.0946395319040647, 0.4672094352420551, 0.023393188340079307, 0.12639235033718557, 0.02109679980007169, 0.7443649666538112, 0.9327876792833134, 0.8525724718081047, 0.19792499076702524, 0.5322861399504943, 0.24900675586052634, 0.42610995542526797, 0.16424580250711207, 0.9765602425061021, 0.03736986269219094, 0.029322081572350188, 0.6815256047659446, 0.8648334364400466, 0.8941174669052626, 0.9699948437457725, 0.721052032033119, 0.6033765563409866, 0.0009396324006871737, 0.7390715941880153, 0.7159003736301071, 0.7212641081605091], BATTLES: 290-189-224-414-311-283-357-272-307-
16, 1, -2704.0, [0.49345066614864297, 0.7118343905653389, 0.05030639064774485, 0.10749708823651402, 0.6159671225387389, 0.7970551635525983, 0.050049550016889724, 0.07905316724581293, 0.3553278271908773, 0.44318532549898454, 0.8318591879714268, 0.010269221304849405, 0.9604382382481977, 0.9387614123044423, 0.22751687688136996, 0.2147724156526211, 0.049472789730843236, 0.7061904137014081, 0.43212552395673204, 0.7670860459930255, 0.92673323425729, 0.7605512012947321, 0.47236863044339583, 0.06546681367760142, 0.9225527168821084, 0.5116784648745465, 0.7580328001024401, 0.7234447968927653, 0.1267799672373598, 0.3740893899339636, 0.9868311128688185, 0.9144779275613428, 0.9678059282454436, 0.5296439645045591, 0.8467371011063181, 0.7624777607989279, 0.6485234283725858, 0.1204830969719214, 0.6770595135014991, 0.5953989006445373, 0.013330343588150648, 0.1337389269988171, 0.9714029661133007, 0.8599433624386412, 0.9459860018223811, 0.05875834636404215, 0.14777220420921616, 0.7464395880331821, 0.966700109744443, 0.0637477510839129, 0.9594770707287823, 0.028874633657409422, 0.34070216845035145, 0.5228066843086416, 0.8103541522100132, 0.819126778001843, 0.8890144019046211, 0.6151749699830809, 0.8174127770986961, 0.11945851066363529, 0.5507401624953477, 0.8852111311436037, 0.2085476913006957], BATTLES: 312-204-215-411-308-287-370-306-291-
16, 2, -2669.0, [0.4127932971839945, 0.7833817950320539, 0.11167179690322303, 0.041115481493167516, 0.5256381336137712, 0.9025495987754131, 0.035296321067297826, 0.051764061032847, 0.6738159855454601, 0.25787632406478905, 0.710458197528104, 0.00864387459765481, 0.9703161985474985, 0.935074440387509, 0.17193389760876732, 0.10665907504414918, 0.19431709197586983, 0.5281083633467558, 0.10929033559484738, 0.6836446460331368, 0.7498071969045684, 0.5784138620967032, 0.9506914508369476, 0.25554602635962415, 0.8808686291809712, 0.1852530855619239, 0.9550205462896466, 0.5494512127243741, 0.15948418586507318, 0.22129328551994656, 0.8288575754003846, 0.9033828096816866, 0.9227353702875831, 0.7703938778875676, 0.8286340606204097, 0.7978458970604476, 0.9657786565066062, 0.17207365161602434, 0.5044543490842573, 0.0537594729501385, 0.07905041048777323, 0.1315785098864474, 0.7476005979102105, 0.8546097297656136, 0.6910509979144162, 0.16511069630194417, 0.43260690155122017, 0.015341482581446006, 0.7859009844373364, 0.14841801388703557, 0.6309554873619496, 0.09349891177739741, 0.21849269149251468, 0.340665018683047, 0.9168905111504254, 0.8993331523741538, 0.8745900724955571, 0.3046861161080897, 0.7991609448895076, 0.367690367753547, 0.7586036667311171, 0.5703554546372291, 0.24328152851216123], BATTLES: 285-189-221-410-310-298-358-273-280-
16, 3, -2554.0, [0.24174316729552356, 0.8665198108166396, 0.08337780299676302, 0.06330465798804509, 0.7400882986704583, 0.7864676011765455, 0.20637301519069182, 0.3609181208301948, 0.27851738603164355, 0.39725492436489407, 0.9325874915312106, 0.22594084667699948, 0.9480148977385019, 0.7945988659602792, 0.16133609646850255, 0.11172073752792193, 0.037235482984465024, 0.7635033903946509, 0.27528499730959144, 0.8591377666862652, 0.8045763986547272, 0.9197278102178368, 0.7455545793258197, 0.11319408269298112, 0.6792104907012647, 0.5809376187703907, 0.9561627256997914, 0.2704595157195866, 0.18266819688707064, 0.3299365015856652, 0.78170847953608, 0.9815480876847505, 0.9524936052951909, 0.11744510615955867, 0.8795434108411629, 0.8107725575396344, 0.7820162261062614, 0.18637655520903212, 0.4227210657220989, 0.49076273410261045, 0.5671640719430835, 0.1261151701605564, 0.8798018438721597, 0.858261862600781, 0.9356311786318305, 0.4017102643917187, 0.2612422562112206, 0.24440045446727138, 0.8791088359263974, 0.3329634910508887, 0.8776938182024614, 0.028068730257063856, 0.1204323238204642, 0.04695484168782743, 0.9523869835253491, 0.6213545009986446, 0.9320054905862395, 0.46568241918163195, 0.9656749856169582, 0.1262251303696873, 0.6178911403160285, 0.6941803737984992, 0.8335723398541215], BATTLES: 270-179-189-376-309-292-318-276-287-
16, 4, -2679.0, [0.4944238954168544, 0.9810275501025225, 0.044246200093391516, 0.09217716913867079, 0.493478680578876, 0.7015793530511235, 0.10909045010973811, 0.23132402823930084, 0.6857133028264146, 0.4746628872662687, 0.9829376834877682, 0.20168996718850524, 0.9586294216824669, 0.6765288308459291, 0.30137457757660513, 0.34121335569453637, 0.205808237235784, 0.3704215586042955, 0.2734050160685253, 0.942292871324523, 0.5514365035668984, 0.5871833649173791, 0.4166307378059133, 0.059759861723990726, 0.7767673913005878, 0.432414120857602, 0.9936508111653622, 0.8669851834837445, 0.22504441908495412, 0.2619077782782322, 0.6338451980810129, 0.9271003153644682, 0.9620154738412913, 0.0884718438046494, 0.8181383380084404, 0.9933319101631735, 0.8692193643780404, 0.024547375672666957, 0.41444177314618263, 0.2725362660872487, 0.019190790279384154, 0.09353814285787534, 0.8193566861392029, 0.8454605837596985, 0.7214191851233196, 0.4157616390007024, 0.5215395906775122, 0.0817733356725693, 0.9456303430697255, 0.2691290015663129, 0.7263697366041563, 0.01863511347475483, 0.012302883594496467, 0.3778644654264132, 0.9592021992869966, 0.9999120833840857, 0.8073732835309275, 0.2782107685399929, 0.9009422912850209, 0.28795119564953364, 0.514876948649615, 0.6532946266471027, 0.5631247675405654], BATTLES: 261-183-220-405-284-315-377-314-320-
16, 5, -2668.0, [0.5108217228130735, 0.9251179789031592, 0.015394969744634529, 0.07127776407354011, 0.5347188772805842, 0.8148204646952255, 0.026334886903609134, 0.0232819524206961, 0.6458951984787952, 0.41993117492084076, 0.8691115198334254, 0.024959186591794354, 0.9393995163003652, 0.6305559101178702, 0.06860463826975136, 0.36843669301109655, 0.06581502500350382, 0.8024985590995695, 0.1939472798012078, 0.8431887868436356, 0.9185813001781715, 0.6607630268342038, 0.5796786142378216, 0.1480626055729674, 0.9391716644738424, 0.06221259878367803, 0.780767999294714, 0.7905822969487291, 0.35235486806062954, 0.5642385134088843, 0.8773977318214872, 0.9502027669134057, 0.9155210598697179, 0.45828555674782206, 0.7194458408535818, 0.9511550092709412, 0.6192696368138242, 0.09457636517072657, 0.3089430434325957, 0.1340894314499745, 0.025742481749873217, 0.0587016168090298, 0.9774179860809113, 0.7015428637007407, 0.9538231873325353, 0.0968460957552041, 0.10877990075621308, 0.28557504774006287, 0.8455741393849114, 0.06836456215421695, 0.876701767475196, 0.12915836678964998, 0.24199614986853102, 0.6578920100012646, 0.8641841111039215, 0.5236397213054476, 0.9015944607186215, 0.5730859911168528, 0.933362686238865, 0.12795167697212262, 0.7495316282980807, 0.5225653627685705, 0.15397423874683183], BATTLES: 238-155-179-316-237-266-276-263-271-
16, 6, -2590.0, [0.44137933889382414, 0.8663249763602207, 0.031906126864225275, 0.020425319243123158, 0.586064384356495, 0.8747173505847348, 0.015967219664889162, 0.025082153449742198, 0.8892512180274608, 0.48013298068582533, 0.9921738978215873, 0.1405469676176801, 0.9450437466909922, 0.711881220076587, 0.2929994045041034, 0.013997605757256538, 0.018028288637645662, 0.6495606770591034, 0.22745406004496488, 0.9199267956548279, 0.7617342740530286, 0.46633684932807973, 0.7922948590898582, 0.37524944543990746, 0.7688054134902929, 0.3626160820758507, 0.9285717236689581, 0.8655767608953561, 0.1492977642897125, 0.4480611644591893, 0.8338045382288131, 0.9857197679052749, 0.9453184223720459, 0.5412383506341899, 0.7437905304535296, 0.9260785435000637, 0.9794242638011339, 0.05741006096466231, 0.4363240273522616, 0.18890766558492086, 0.24237217364515895, 0.24034933897859728, 0.925174107594043, 0.8792695283308709, 0.8536278580226726, 0.23667666134612925, 0.4901339020408874, 0.35548861992381237, 0.9757789320810825, 0.5099476362354295, 0.7975286956532159, 0.06050283861580752, 0.15689384784463278, 0.760681256960824, 0.8813036490584862, 0.9384417709979049, 0.9845742676189633, 0.38736081011012424, 0.779197548926674, 0.07766068264774476, 0.8869941606194893, 0.4930659878337634, 0.34957320980508527], BATTLES: 280-172-234-389-306-309-356-247-297-
16, 7, -2573.0, [0.4216495063771605, 0.702485327727498, 0.04503322649808903, 0.007960982315358682, 0.5412362553982675, 0.7055441963989088, 0.0749501810108751, 0.42416216166438947, 0.4433787031713191, 0.491598768032278, 0.4480797334591898, 0.024112215251432517, 0.9824023652549445, 0.7291484427869621, 0.35972898960194283, 0.21236184322291124, 0.1746204645888165, 0.3362887908313671, 0.6066533529155239, 0.9777617172078803, 0.6913996956997764, 0.6061854645614084, 0.6349255801124014, 0.029338403521922636, 0.65657681030971, 0.18763030049232476, 0.8380279725116386, 0.7851595915486336, 0.1485168946299523, 0.2910771731984518, 0.6546970296541884, 0.9884632783842269, 0.9535117496347336, 0.30622877952846916, 0.7123659721618388, 0.961309075362626, 0.8331861737772466, 0.0027916554865888114, 0.3152461671419521, 0.18617062531046386, 0.07736762423651802, 0.026003169576565843, 0.7799927487957932, 0.8137175419065374, 0.8635902899148018, 0.24051188426052297, 0.39713179517064556, 0.10597896077743307, 0.9041602463831412, 0.22293513181127472, 0.7782069650906102, 0.04830734318703347, 0.028924880812638366, 0.6114299360498827, 0.8942493438014755, 0.8803947229710595, 0.9266721370586908, 0.7467395842992943, 0.8880509651644233, 0.24783457279630092, 0.8900194627787408, 0.5385161220669303, 0.7667702400717563], BATTLES: 279-170-206-405-291-289-336-293-304-
16, 8, -2727.0, [0.5188383286342327, 0.8902741069443649, 0.12504119350842316, 0.07136940446207445, 0.5468120318639411, 0.9433938678118676, 0.2864297925619476, 0.05973147269126404, 0.6203492893836999, 0.4854261277451643, 0.9800197869410402, 0.0474649134790631, 0.9502284630677607, 0.6822479956416918, 0.01786938985819292, 0.06112171908755479, 0.2211947414464199, 0.5723057388610089, 0.08882329045124845, 0.7168650893312476, 0.7097604673270022, 0.448408291794603, 0.6931296491666874, 0.23407570645230638, 0.812820615680401, 0.02443784421214737, 0.9880118116533012, 0.5847647161773599, 0.1706334882569318, 0.43252762967711483, 0.8943767781875804, 0.9676277395605359, 0.9676931480021922, 0.4145192171847399, 0.691432005712515, 0.940401751023699, 0.9451428727836244, 0.2795395386553948, 0.4549017332507946, 0.12877178985444254, 0.1561050957139839, 0.17792567846951354, 0.7918071794278172, 0.7655776699440843, 0.6823631440534834, 0.2244400431245019, 0.3807926685606946, 0.04415438080884321, 0.8051984497209299, 0.1605611542046476, 0.7514373912376819, 0.0958513685126604, 0.17324018187634882, 0.42270378773853945, 0.9338548111829188, 0.6508497555554911, 0.9789058952630113, 0.37853705299552665, 0.8827755002638296, 0.4109024941553763, 0.6613244172423685, 0.5605295066361285, 0.2971704724298318], BATTLES: 297-170-238-385-316-303-399-329-290-
16, 9, -2608.0, [0.6053701830909586, 0.9689857892712329, 0.03370970343552032, 0.3125315506407199, 0.5456272541571215, 0.8779465782206612, 0.09443737061989269, 0.08468873435390895, 0.5527328790662384, 0.5559914960018256, 0.8168416486933756, 0.004569521490427969, 0.8961047118726859, 0.9914589286842723, 0.29739913294667414, 0.44467574261475795, 0.1962215291018718, 0.7381321386876938, 0.44390701482886785, 0.9559363010496841, 0.9408583602527357, 0.9692134406682871, 0.28691062879262413, 0.07601657674650752, 0.9685528146069431, 0.07279493826668129, 0.6467922581958685, 0.7689275879156467, 0.28875725386379003, 0.40396899891306964, 0.9786082177520394, 0.8039313187014061, 0.7925060954698684, 0.8576094005756076, 0.854073728065105, 0.7624333177831142, 0.2781924933627761, 0.10308669367341801, 0.3913875576989565, 0.44381761407947173, 0.0594224963934776, 0.4074349687901034, 0.8605308381992441, 0.8736646780870294, 0.8926572409193065, 0.203545771107775, 0.5187920603541147, 0.5278179278712638, 0.533003596985918, 0.5304400352139361, 0.9392960075302715, 0.1053331754074835, 0.2419884936026721, 0.9471522159425995, 0.7869158752616946, 0.4990910819308547, 0.7360199008906589, 0.8552819857608733, 0.8089532583026497, 0.0621138058242451, 0.6768996890110319, 0.7943317817965093, 0.13119451720943698], BATTLES: 293-170-228-404-268-293-393-272-287-
16, 10, -2716.0, [0.5166848684717045, 0.8956882963580344, 0.058473062432936, 0.06871951457211652, 0.636929794391989, 0.8758200437341845, 0.011102804552649642, 0.10777367429428544, 0.7114697623758648, 0.4395600351737008, 0.9542887898798944, 0.012143105654865205, 0.9627119373859255, 0.6767048616828485, 0.10565656916268851, 0.22877295194130798, 0.15708313107267655, 0.7150982269733882, 0.2681131347010439, 0.8712716671191735, 0.7069500664959916, 0.8234034832157813, 0.7700780134116954, 0.32241867682619485, 0.9728052790585258, 0.2513620805135891, 0.981101855538538, 0.7686014321130672, 0.11604038582194225, 0.3962162906282267, 0.7966063267460967, 0.9743616398585118, 0.9780794781303089, 0.32093901089507676, 0.7482442272960417, 0.9584320457981413, 0.9191582619851042, 0.1239772937936479, 0.5637059218886181, 0.2494099902131156, 0.011630109940754974, 0.21290702634656186, 0.8361552771018841, 0.7821628938106632, 0.677531446298148, 0.2821091961252734, 0.6126436143200558, 0.09290947934275659, 0.850737162717131, 0.14434585602290728, 0.9100872432924262, 0.07556434741279167, 0.13327972597926732, 0.43849609941541895, 0.9299166641733171, 0.8522068887140404, 0.8493790988637536, 0.4041889733064836, 0.7938856137634869, 0.266605259802469, 0.7404852695114574, 0.6198614877387142, 0.4990444824999465], BATTLES: 299-198-227-419-322-306-378-265-302-
16, 11, -2684.0, [0.4125405459590495, 0.8999448224652282, 0.010037166752944887, 0.05098051577572628, 0.7127612283948062, 0.7800773038835369, 0.08673793743869661, 0.088140127521799, 0.33067822790954793, 0.35324333061954033, 0.8210042057262653, 0.026722691709103408, 0.9666374988288934, 0.6390654279124188, 0.24386216603437474, 0.07358818772717973, 0.06025066592570047, 0.9043585015747521, 0.4078897460053542, 0.9171461494746576, 0.9917772953934132, 0.7835467988864101, 0.4755387512477897, 0.2732611217450291, 0.7693880508262205, 0.2614857636717452, 0.8424862474931972, 0.61454729432791, 0.2013011975530734, 0.4098348525532524, 0.8758681317164158, 0.9971477252044997, 0.8853518975472792, 0.12188333703480908, 0.6805784247322891, 0.8998902428274345, 0.18855102195984508, 0.1333536097614866, 0.46031309596481707, 0.33162667208229585, 0.021096059416227053, 0.0933089426746778, 0.9657389082109054, 0.7771292670772955, 0.7918148345784717, 0.07536193963502746, 0.10764340790758437, 0.39891287584569685, 0.7030914646393822, 0.4767067705487023, 0.9988446002645377, 0.084206653508061, 0.03127279437983635, 0.40147578294134695, 0.721866932895208, 0.7492268273825602, 0.8613157301992539, 0.519206622975243, 0.9941700485636926, 0.24163448228696616, 0.4403381512465041, 0.6729204042329471, 0.004777753895350428], BATTLES: 320-200-196-407-262-273-392-314-273-
16, 12, -2621.0, [0.5481989495798669, 0.8259505729418881, 0.04273881599743996, 0.028995685935249968, 0.6670647949550865, 0.9624859232594265, 0.1730647942633374, 0.09938011109799753, 0.8207414797597707, 0.5592138567239155, 0.9586657723248971, 0.06327988270341889, 0.9107942650547999, 0.6604578711162743, 0.31034077297884033, 0.33703441311272636, 0.2930665014322739, 0.9472809490533266, 0.23824268550509942, 0.8039450336935592, 0.8678329727710759, 0.8317267304402977, 0.45618077612995267, 0.026462529586637515, 0.6696993921065052, 0.5131368863753849, 0.6645829049124741, 0.690157262589785, 0.19999541153136324, 0.10655645385444568, 0.899185299707177, 0.8430444412493125, 0.9243140533550039, 0.2915998341926105, 0.7577201099772635, 0.9974736942661862, 0.14641842503638713, 0.011876280222252678, 0.35240081321637007, 0.3479864009307011, 0.03258373254759542, 0.09872997499610339, 0.7328606363715959, 0.709768133608592, 0.7860483626098931, 0.29133568042378055, 0.07414994100070418, 0.5610675635813116, 0.6842718571034865, 0.3231947775435919, 0.7905559435546805, 0.0686094543881394, 0.08572041286140591, 0.6849468712215258, 0.891292089710398, 0.5088173747160118, 0.7123624292334005, 0.8383021141452149, 0.9937084235701067, 0.37635943182022724, 0.3177573739759241, 0.8054720135040208, 0.09427638064367949], BATTLES: 289-196-230-394-267-299-369-248-309-
16, 13, -2646.0, [0.45180288524865575, 0.9512384181331596, 0.15360784405174063, 0.04534122111492745, 0.541666692789281, 0.9906391435440047, 0.2614655537103022, 0.20949873996115304, 0.3734430960959956, 0.5419092820280977, 0.928467697049522, 0.030209110422569907, 0.943421969608799, 0.9985103589971364, 0.41287086607223955, 0.18561407979557998, 0.18388497457853803, 0.8028977168147355, 0.44085323414640626, 0.7699402001396732, 0.7426805564917756, 0.6173387583738006, 0.9725869982257199, 0.2355333214581468, 0.6893664637900033, 0.28254594880787776, 0.9965161975682794, 0.5678377908395071, 0.17712563936931988, 0.0433382066210756, 0.8551517015870754, 0.9880753213615594, 0.9728363315105176, 0.08589513540380068, 0.8182670757831072, 0.9685317215729008, 0.3482659220865662, 0.06790408997939254, 0.4550539191828681, 0.17025853741382746, 0.25626102309921617, 0.08764804657648329, 0.839685642048703, 0.780426994319116, 0.47194487364418125, 0.42935709672941913, 0.2609203347922899, 0.12391449072956731, 0.7889739657965557, 0.21272429981060875, 0.8723930866075748, 0.10153897563732334, 0.027775741417624705, 0.7106303433672558, 0.9487024673031543, 0.9593346906352396, 0.7421885820601164, 0.5352945199994847, 0.5137022704397162, 0.19672801672649232, 0.7426293343722001, 0.7905135136073826, 0.24363421347912698], BATTLES: 320-188-200-390-283-308-373-294-290-
16, 14, -2710.0, [0.45651676177215833, 0.824963606593536, 0.049570772690535746, 0.00252970859870553, 0.759170989134331, 0.9420182322176058, 0.04309772260916818, 0.011147556014272642, 0.4264585385726331, 0.26525989338147216, 0.7318708701482113, 0.3614490111656643, 0.9986405520801709, 0.6736812623080916, 0.3184175793826431, 0.2167297236610449, 0.0799632784526886, 0.7200117222064428, 0.08622510837470228, 0.8437490933372964, 0.7733637574274344, 0.7041857278923287, 0.7684452214254399, 0.16623787420963543, 0.7835273570923317, 0.21583715654612468, 0.9097559235959759, 0.7112258694598044, 0.13787352958184929, 0.18436749841276537, 0.8039432927577347, 0.9033376231006299, 0.9507647879746511, 0.0029454910934561263, 0.8317556532112893, 0.9805750876881387, 0.9500627965745382, 0.07371021734223335, 0.4409325549584077, 0.24250271570489101, 0.027323258970867865, 0.006585909343084895, 0.9671846158222591, 0.7818361857668601, 0.9267186186011868, 0.3884800328588332, 0.19782952026391573, 0.2479766979100914, 0.867896012673721, 0.26719406472097335, 0.8097790150810307, 0.0995023865773525, 0.07100297574168324, 0.48763180745002976, 0.7866317504150858, 0.870908252180095, 0.8328095508479413, 0.7072555372779943, 0.965843544030895, 0.3093546973181957, 0.5440724591790621, 0.46410557451607726, 0.12140400983229105], BATTLES: 297-211-194-390-299-310-373-305-298-
17, 0, -2620.0, [0.4721916053365709, 0.49733717022908525, 0.024726640362105902, 0.0616593667200821, 0.5103692371378271, 0.6437095881362578, 0.2338392093396766, 0.0037790638867867266, 0.7940874500936695, 0.3029485887935098, 0.9433224769351682, 0.14446302297619468, 0.9063458205037016, 0.800481363485819, 0.364764080916032, 0.24068990657927442, 0.10047930254053444, 0.4461493634361692, 0.3925707394495133, 0.9804834607558964, 0.9755090317716715, 0.505997711852771, 0.6715497018647326, 0.09695452525229808, 0.6573173294417396, 0.35651447948514736, 0.9998228965484149, 0.9015754347740768, 0.007527116810324863, 0.4559633411518731, 0.536775437413611, 0.8945096532534581, 0.9735408894685347, 0.08729031040024421, 0.6533631387559883, 0.7327243397216567, 0.7047865161027722, 0.0946395319040647, 0.4672094352420551, 0.023393188340079307, 0.12639235033718557, 0.02109679980007169, 0.7443649666538112, 0.9327876792833134, 0.8525724718081047, 0.19792499076702524, 0.5322861399504943, 0.24900675586052634, 0.42610995542526797, 0.16424580250711207, 0.9765602425061021, 0.03736986269219094, 0.029322081572350188, 0.6815256047659446, 0.8648334364400466, 0.8941174669052626, 0.9699948437457725, 0.721052032033119, 0.6033765563409866, 0.0009396324006871737, 0.7390715941880153, 0.7159003736301071, 0.7212641081605091], BATTLES: 295-176-209-413-303-317-345-277-285-
17, 1, -2635.0, [0.49345066614864297, 0.7118343905653389, 0.05030639064774485, 0.10749708823651402, 0.6159671225387389, 0.7970551635525983, 0.050049550016889724, 0.07905316724581293, 0.3553278271908773, 0.44318532549898454, 0.8318591879714268, 0.010269221304849405, 0.9604382382481977, 0.9387614123044423, 0.22751687688136996, 0.2147724156526211, 0.049472789730843236, 0.7061904137014081, 0.43212552395673204, 0.7670860459930255, 0.92673323425729, 0.7605512012947321, 0.47236863044339583, 0.06546681367760142, 0.9225527168821084, 0.5116784648745465, 0.7580328001024401, 0.7234447968927653, 0.1267799672373598, 0.3740893899339636, 0.9868311128688185, 0.9144779275613428, 0.9678059282454436, 0.5296439645045591, 0.8467371011063181, 0.7624777607989279, 0.6485234283725858, 0.1204830969719214, 0.6770595135014991, 0.5953989006445373, 0.013330343588150648, 0.1337389269988171, 0.9714029661133007, 0.8599433624386412, 0.9459860018223811, 0.05875834636404215, 0.14777220420921616, 0.7464395880331821, 0.966700109744443, 0.0637477510839129, 0.9594770707287823, 0.028874633657409422, 0.34070216845035145, 0.5228066843086416, 0.8103541522100132, 0.819126778001843, 0.8890144019046211, 0.6151749699830809, 0.8174127770986961, 0.11945851066363529, 0.5507401624953477, 0.8852111311436037, 0.2085476913006957], BATTLES: 311-191-190-392-301-304-376-284-286-
17, 2, -2669.0, [0.42338809951296785, 0.7833817950320539, 0.09007395005418445, 0.041115481493167516, 0.5256381336137712, 0.9025495987754131, 0.035296321067297826, 0.2072720217193323, 0.3726967441914901, 0.42038613429503185, 0.710458197528104, 0.004321937298827405, 0.9703161985474985, 0.8317778303807474, 0.18590573332000476, 0.05332953752207459, 0.19431709197586983, 0.7699072057601234, 0.24404869723044428, 0.6836446460331368, 0.5296701951553417, 0.7187927221637305, 0.9753457254184739, 0.4389330450750152, 0.9404343145904857, 0.34185573586723084, 0.9775102731448233, 0.5640865517529072, 0.15948418586507318, 0.17674706802716805, 0.7946225772606469, 0.9516914048408434, 0.9613676851437916, 0.7703938778875676, 0.7739382049269867, 0.9001852212400434, 0.9051078585689056, 0.1080539284184595, 0.5044543490842573, 0.09928230351434993, 0.07905041048777323, 0.18173009394460865, 0.7476005979102105, 0.8546097297656136, 0.37154665735965603, 0.138861998180402, 0.43260690155122017, 0.007670741290723003, 0.9455103919353939, 0.07420900694351779, 0.8013583016333726, 0.11248826831070181, 0.21849269149251468, 0.21001964285069685, 0.9168905111504254, 0.9496665761870768, 0.791146520311638, 0.3046861161080897, 0.7991609448895076, 0.12085554442894453, 0.8868084793161315, 0.5566046625212644, 0.5257627842956716], BATTLES: 296-162-208-399-295-285-377-306-314-
17, 3, -2668.0, [0.31764940688809634, 0.8020331857892216, 0.08337780299676302, 0.06330465798804509, 0.6581012574981803, 0.7706956883085898, 0.10641182808056451, 0.09012938912463012, 0.3293724104135013, 0.39725492436489407, 0.7858775083972677, 0.11297042333849974, 0.9801386785764797, 0.6301512089386895, 0.18065738054490327, 0.11172073752792193, 0.037235482984465024, 0.7873765734594559, 0.2284285723467519, 0.971002414427706, 0.9263295803513246, 0.9197278102178368, 0.7455545793258197, 0.0787528970470546, 0.6792104907012647, 0.5809376187703907, 0.9561627256997914, 0.2704595157195866, 0.18266819688707064, 0.3467786930352746, 0.7819699126525448, 0.9907740438423753, 0.9524936052951909, 0.11744510615955867, 0.8795434108411629, 0.8107725575396344, 0.7820162261062614, 0.18637655520903212, 0.2891173502852247, 0.22118273431506336, 0.1598214524707069, 0.1261151701605564, 0.8798018438721597, 0.7681482259848796, 0.9356311786318305, 0.07705284115043129, 0.22342032101208473, 0.24440045446727138, 0.9395544179631987, 0.14288090941189519, 0.8776938182024614, 0.042690395814604695, 0.1204323238204642, 0.45086717393859443, 0.9523869835253491, 0.6441246077726684, 0.9320054905862395, 0.46568241918163195, 0.9828374928084791, 0.22682061482688723, 0.6328352019075044, 0.44995084201215513, 0.8335723398541215], BATTLES: 274-201-178-402-303-309-361-280-284-
17, 4, -2608.0, [0.4944238954168544, 0.9810275501025225, 0.044246200093391516, 0.09217716913867079, 0.493478680578876, 0.7015793530511235, 0.10909045010973811, 0.23132402823930084, 0.6857133028264146, 0.4746628872662687, 0.9829376834877682, 0.20168996718850524, 0.9586294216824669, 0.6765288308459291, 0.30137457757660513, 0.34121335569453637, 0.205808237235784, 0.3704215586042955, 0.2734050160685253, 0.942292871324523, 0.5514365035668984, 0.5871833649173791, 0.4166307378059133, 0.059759861723990726, 0.7767673913005878, 0.432414120857602, 0.9936508111653622, 0.8669851834837445, 0.22504441908495412, 0.2619077782782322, 0.6338451980810129, 0.9271003153644682, 0.9620154738412913, 0.0884718438046494, 0.8181383380084404, 0.9933319101631735, 0.8692193643780404, 0.024547375672666957, 0.41444177314618263, 0.2725362660872487, 0.019190790279384154, 0.09353814285787534, 0.8193566861392029, 0.8454605837596985, 0.7214191851233196, 0.4157616390007024, 0.5215395906775122, 0.0817733356725693, 0.9456303430697255, 0.2691290015663129, 0.7263697366041563, 0.01863511347475483, 0.012302883594496467, 0.3778644654264132, 0.9592021992869966, 0.9999120833840857, 0.8073732835309275, 0.2782107685399929, 0.9009422912850209, 0.28795119564953364, 0.514876948649615, 0.6532946266471027, 0.5631247675405654], BATTLES: 261-182-211-436-286-276-361-285-310-
17, 5, -2656.0, [0.5108217228130735, 0.9251179789031592, 0.015394969744634529, 0.07127776407354011, 0.5347188772805842, 0.8148204646952255, 0.026334886903609134, 0.0232819524206961, 0.6458951984787952, 0.41993117492084076, 0.8691115198334254, 0.024959186591794354, 0.9393995163003652, 0.6305559101178702, 0.06860463826975136, 0.36843669301109655, 0.06581502500350382, 0.8024985590995695, 0.1939472798012078, 0.8431887868436356, 0.9185813001781715, 0.6607630268342038, 0.5796786142378216, 0.1480626055729674, 0.9391716644738424, 0.06221259878367803, 0.780767999294714, 0.7905822969487291, 0.35235486806062954, 0.5642385134088843, 0.8773977318214872, 0.9502027669134057, 0.9155210598697179, 0.45828555674782206, 0.7194458408535818, 0.9511550092709412, 0.6192696368138242, 0.09457636517072657, 0.3089430434325957, 0.1340894314499745, 0.025742481749873217, 0.0587016168090298, 0.9774179860809113, 0.7015428637007407, 0.9538231873325353, 0.0968460957552041, 0.10877990075621308, 0.28557504774006287, 0.8455741393849114, 0.06836456215421695, 0.876701767475196, 0.12915836678964998, 0.24199614986853102, 0.6578920100012646, 0.8641841111039215, 0.5236397213054476, 0.9015944607186215, 0.5730859911168528, 0.933362686238865, 0.12795167697212262, 0.7495316282980807, 0.5225653627685705, 0.15397423874683183], BATTLES: 281-163-226-385-292-295-380-333-301-
17, 6, -2659.0, [0.44137933889382414, 0.8663249763602207, 0.031906126864225275, 0.020425319243123158, 0.586064384356495, 0.8747173505847348, 0.015967219664889162, 0.025082153449742198, 0.8892512180274608, 0.48013298068582533, 0.9921738978215873, 0.1405469676176801, 0.9450437466909922, 0.711881220076587, 0.2929994045041034, 0.013997605757256538, 0.018028288637645662, 0.6495606770591034, 0.22745406004496488, 0.9199267956548279, 0.7617342740530286, 0.46633684932807973, 0.7922948590898582, 0.37524944543990746, 0.7688054134902929, 0.3626160820758507, 0.9285717236689581, 0.8655767608953561, 0.1492977642897125, 0.4480611644591893, 0.8338045382288131, 0.9857197679052749, 0.9453184223720459, 0.5412383506341899, 0.7437905304535296, 0.9260785435000637, 0.9794242638011339, 0.05741006096466231, 0.4363240273522616, 0.18890766558492086, 0.24237217364515895, 0.24034933897859728, 0.925174107594043, 0.8792695283308709, 0.8536278580226726, 0.23667666134612925, 0.4901339020408874, 0.35548861992381237, 0.9757789320810825, 0.5099476362354295, 0.7975286956532159, 0.06050283861580752, 0.15689384784463278, 0.760681256960824, 0.8813036490584862, 0.9384417709979049, 0.9845742676189633, 0.38736081011012424, 0.779197548926674, 0.07766068264774476, 0.8869941606194893, 0.4930659878337634, 0.34957320980508527], BATTLES: 300-177-234-410-310-323-329-265-311-
17, 7, -2551.0, [0.4216495063771605, 0.702485327727498, 0.04503322649808903, 0.007960982315358682, 0.5412362553982675, 0.7055441963989088, 0.0749501810108751, 0.42416216166438947, 0.4433787031713191, 0.491598768032278, 0.4480797334591898, 0.024112215251432517, 0.9824023652549445, 0.7291484427869621, 0.35972898960194283, 0.21236184322291124, 0.1746204645888165, 0.3362887908313671, 0.6066533529155239, 0.9777617172078803, 0.6913996956997764, 0.6061854645614084, 0.6349255801124014, 0.029338403521922636, 0.65657681030971, 0.18763030049232476, 0.8380279725116386, 0.7851595915486336, 0.1485168946299523, 0.2910771731984518, 0.6546970296541884, 0.9884632783842269, 0.9535117496347336, 0.30622877952846916, 0.7123659721618388, 0.961309075362626, 0.8331861737772466, 0.0027916554865888114, 0.3152461671419521, 0.18617062531046386, 0.07736762423651802, 0.026003169576565843, 0.7799927487957932, 0.8137175419065374, 0.8635902899148018, 0.24051188426052297, 0.39713179517064556, 0.10597896077743307, 0.9041602463831412, 0.22293513181127472, 0.7782069650906102, 0.04830734318703347, 0.028924880812638366, 0.6114299360498827, 0.8942493438014755, 0.8803947229710595, 0.9266721370586908, 0.7467395842992943, 0.8880509651644233, 0.24783457279630092, 0.8900194627787408, 0.5385161220669303, 0.7667702400717563], BATTLES: 261-181-216-375-304-296-327-292-299-
17, 8, -2681.0, [0.5674271326022229, 0.8868494900087833, 0.06984515867980777, 0.03568470223103722, 0.5468120318639411, 0.9433938678118676, 0.04308054227069756, 0.05973147269126404, 0.6657789875735685, 0.3900574334481488, 0.9900098934705202, 0.02373245673953155, 0.9751142315338803, 0.5791796167591425, 0.01786938985819292, 0.06112171908755479, 0.2211947414464199, 0.8436694690058747, 0.04441164522562423, 0.7323533764272759, 0.7097604673270022, 0.448408291794603, 0.6931296491666874, 0.2974418285218744, 0.812820615680401, 0.02443784421214737, 0.9940059058266506, 0.5847647161773599, 0.13215224979071233, 0.43252762967711483, 0.8943767781875804, 0.983813869780268, 0.9676931480021922, 0.4145192171847399, 0.691432005712515, 0.940401751023699, 0.9451428727836244, 0.2164299391773745, 0.482721720474095, 0.21013754508814114, 0.1561050957139839, 0.17792567846951354, 0.7829240393704728, 0.7655776699440843, 0.7697224298469111, 0.03421071962641867, 0.5336387663047556, 0.04415438080884321, 0.8051984497209299, 0.10942214460896019, 0.8055095946418217, 0.0958513685126604, 0.17324018187634882, 0.2351404681188579, 0.9087946955626648, 0.6508497555554911, 0.9789058952630113, 0.40462924632788305, 0.8827755002638296, 0.46436010420566987, 0.6448207885723253, 0.5061234933136657, 0.2761900075770444], BATTLES: 303-146-235-371-289-273-370-334-308-
17, 9, -2644.0, [0.6053701830909586, 0.7642086580314817, 0.002229583053549436, 0.19357137068460217, 0.6540747636735685, 0.7497827060188651, 0.04721868530994634, 0.04234436717695447, 0.5527328790662384, 0.5559914960018256, 0.8904293871881969, 0.0022847607452139845, 0.950866771265553, 0.7462101922312057, 0.008932236003778599, 0.44467574261475795, 0.0981107645509359, 0.6058140908023466, 0.09204730331328312, 0.8652306702931506, 0.9408583602527357, 0.9692134406682871, 0.28691062879262413, 0.07601657674650752, 0.9842764073034715, 0.07279493826668129, 0.6467922581958685, 0.7689275879156467, 0.13963599162186696, 0.6154892403538922, 0.9456538112018555, 0.8751528161919454, 0.9107372870841247, 0.7405086907198987, 0.854073728065105, 0.7624333177831142, 0.8945662218797578, 0.18644275825041373, 0.3913875576989565, 0.44381761407947173, 0.0594224963934776, 0.20651956750313705, 0.9995934331587457, 0.8736646780870294, 0.8926572409193065, 0.203545771107775, 0.5187920603541147, 0.5278179278712638, 0.533003596985918, 0.18004119959328246, 0.9392960075302715, 0.038253326678488235, 0.2419884936026721, 0.9471522159425995, 0.7869158752616946, 0.4990910819308547, 0.9064058378003761, 0.4939916816748564, 0.8089532583026497, 0.0621138058242451, 0.6768996890110319, 0.7420914862447768, 0.33609860808364445], BATTLES: 292-180-204-405-282-283-341-271-294-
17, 10, -2658.0, [0.5166848684717045, 0.8956882963580344, 0.058473062432936, 0.06871951457211652, 0.636929794391989, 0.8758200437341845, 0.011102804552649642, 0.10777367429428544, 0.7114697623758648, 0.4395600351737008, 0.9542887898798944, 0.012143105654865205, 0.9627119373859255, 0.6767048616828485, 0.10565656916268851, 0.22877295194130798, 0.15708313107267655, 0.7150982269733882, 0.2681131347010439, 0.8712716671191735, 0.7069500664959916, 0.8234034832157813, 0.7700780134116954, 0.32241867682619485, 0.9728052790585258, 0.2513620805135891, 0.981101855538538, 0.7686014321130672, 0.11604038582194225, 0.3962162906282267, 0.7966063267460967, 0.9743616398585118, 0.9780794781303089, 0.32093901089507676, 0.7482442272960417, 0.9584320457981413, 0.9191582619851042, 0.1239772937936479, 0.5637059218886181, 0.2494099902131156, 0.011630109940754974, 0.21290702634656186, 0.8361552771018841, 0.7821628938106632, 0.677531446298148, 0.2821091961252734, 0.6126436143200558, 0.09290947934275659, 0.850737162717131, 0.14434585602290728, 0.9100872432924262, 0.07556434741279167, 0.13327972597926732, 0.43849609941541895, 0.9299166641733171, 0.8522068887140404, 0.8493790988637536, 0.4041889733064836, 0.7938856137634869, 0.266605259802469, 0.7404852695114574, 0.6198614877387142, 0.4990444824999465], BATTLES: 296-184-241-421-299-294-363-267-293-
17, 11, -2685.0, [0.4125405459590495, 0.8999448224652282, 0.010037166752944887, 0.05098051577572628, 0.7127612283948062, 0.7800773038835369, 0.08673793743869661, 0.088140127521799, 0.33067822790954793, 0.35324333061954033, 0.8210042057262653, 0.026722691709103408, 0.9666374988288934, 0.6390654279124188, 0.24386216603437474, 0.07358818772717973, 0.06025066592570047, 0.9043585015747521, 0.4078897460053542, 0.9171461494746576, 0.9917772953934132, 0.7835467988864101, 0.4755387512477897, 0.2732611217450291, 0.7693880508262205, 0.2614857636717452, 0.8424862474931972, 0.61454729432791, 0.2013011975530734, 0.4098348525532524, 0.8758681317164158, 0.9971477252044997, 0.8853518975472792, 0.12188333703480908, 0.6805784247322891, 0.8998902428274345, 0.18855102195984508, 0.1333536097614866, 0.46031309596481707, 0.33162667208229585, 0.021096059416227053, 0.0933089426746778, 0.9657389082109054, 0.7771292670772955, 0.7918148345784717, 0.07536193963502746, 0.10764340790758437, 0.39891287584569685, 0.7030914646393822, 0.4767067705487023, 0.9988446002645377, 0.084206653508061, 0.03127279437983635, 0.40147578294134695, 0.721866932895208, 0.7492268273825602, 0.8613157301992539, 0.519206622975243, 0.9941700485636926, 0.24163448228696616, 0.4403381512465041, 0.6729204042329471, 0.004777753895350428], BATTLES: 321-194-212-410-286-268-402-303-289-
17, 12, -2639.0, [0.5481989495798669, 0.8259505729418881, 0.04273881599743996, 0.028995685935249968, 0.6670647949550865, 0.9758666985839821, 0.1730647942633374, 0.11019714825503205, 0.7560074646678905, 0.33504760097310776, 0.8289363867237021, 0.06327988270341889, 0.9767086969916494, 0.7051358251649323, 0.22968880649445617, 0.04258030865300469, 0.24751426923992184, 0.7013410738216065, 0.11912134275254971, 0.7305640718347428, 0.6703003517478636, 0.760838407558736, 0.9643384621187131, 0.28992071512506873, 0.8644982890833497, 0.35323581624432715, 0.6645829049124741, 0.5607011254510715, 0.09999770576568162, 0.10655645385444568, 0.899185299707177, 0.949907638791272, 0.9728379372602005, 0.2915998341926105, 0.7653528726391887, 0.9974736942661862, 0.8212573301908213, 0.10236242664971454, 0.6354927987330099, 0.10128819249044804, 0.037845011522617406, 0.09872997499610339, 0.7343252274234153, 0.7388056855383427, 0.5273442026994215, 0.33831454462736943, 0.506937104836262, 0.06935938156747842, 0.6842718571034865, 0.1874242810119244, 0.7388762568020645, 0.0686094543881394, 0.08572041286140591, 0.6849468712215258, 0.891292089710398, 0.7544086873580059, 0.8297716299980353, 0.8383021141452149, 0.9937084235701067, 0.4797930344421588, 0.6613569288081849, 0.8054720135040208, 0.3649077437652259], BATTLES: 300-173-237-401-315-294-337-241-243-
17, 13, -2603.0, [0.45180288524865575, 0.9512384181331596, 0.15360784405174063, 0.04534122111492745, 0.541666692789281, 0.9906391435440047, 0.2614655537103022, 0.20949873996115304, 0.3734430960959956, 0.5419092820280977, 0.928467697049522, 0.030209110422569907, 0.943421969608799, 0.9985103589971364, 0.41287086607223955, 0.18561407979557998, 0.18388497457853803, 0.8028977168147355, 0.44085323414640626, 0.7699402001396732, 0.7426805564917756, 0.6173387583738006, 0.9725869982257199, 0.2355333214581468, 0.6893664637900033, 0.28254594880787776, 0.9965161975682794, 0.5678377908395071, 0.17712563936931988, 0.0433382066210756, 0.8551517015870754, 0.9880753213615594, 0.9728363315105176, 0.08589513540380068, 0.8182670757831072, 0.9685317215729008, 0.3482659220865662, 0.06790408997939254, 0.4550539191828681, 0.17025853741382746, 0.25626102309921617, 0.08764804657648329, 0.839685642048703, 0.780426994319116, 0.47194487364418125, 0.42935709672941913, 0.2609203347922899, 0.12391449072956731, 0.7889739657965557, 0.21272429981060875, 0.8723930866075748, 0.10153897563732334, 0.027775741417624705, 0.7106303433672558, 0.9487024673031543, 0.9593346906352396, 0.7421885820601164, 0.5352945199994847, 0.5137022704397162, 0.19672801672649232, 0.7426293343722001, 0.7905135136073826, 0.24363421347912698], BATTLES: 287-190-225-370-272-280-380-309-290-
17, 14, -2684.0, [0.45651676177215833, 0.824963606593536, 0.049570772690535746, 0.00252970859870553, 0.759170989134331, 0.9420182322176058, 0.04309772260916818, 0.011147556014272642, 0.4264585385726331, 0.26525989338147216, 0.7318708701482113, 0.3614490111656643, 0.9986405520801709, 0.6736812623080916, 0.3184175793826431, 0.2167297236610449, 0.0799632784526886, 0.7200117222064428, 0.08622510837470228, 0.8437490933372964, 0.7733637574274344, 0.7041857278923287, 0.7684452214254399, 0.16623787420963543, 0.7835273570923317, 0.21583715654612468, 0.9097559235959759, 0.7112258694598044, 0.13787352958184929, 0.18436749841276537, 0.8039432927577347, 0.9033376231006299, 0.9507647879746511, 0.0029454910934561263, 0.8317556532112893, 0.9805750876881387, 0.9500627965745382, 0.07371021734223335, 0.4409325549584077, 0.24250271570489101, 0.027323258970867865, 0.006585909343084895, 0.9671846158222591, 0.7818361857668601, 0.9267186186011868, 0.3884800328588332, 0.19782952026391573, 0.2479766979100914, 0.867896012673721, 0.26719406472097335, 0.8097790150810307, 0.0995023865773525, 0.07100297574168324, 0.48763180745002976, 0.7866317504150858, 0.870908252180095, 0.8328095508479413, 0.7072555372779943, 0.965843544030895, 0.3093546973181957, 0.5440724591790621, 0.46410557451607726, 0.12140400983229105], BATTLES: 294-206-189-414-291-296-394-316-284-
18, 0, -2586.0, [0.4721916053365709, 0.49733717022908525, 0.024726640362105902, 0.0616593667200821, 0.5103692371378271, 0.6437095881362578, 0.2338392093396766, 0.0037790638867867266, 0.7940874500936695, 0.3029485887935098, 0.9433224769351682, 0.14446302297619468, 0.9063458205037016, 0.800481363485819, 0.364764080916032, 0.24068990657927442, 0.10047930254053444, 0.4461493634361692, 0.3925707394495133, 0.9804834607558964, 0.9755090317716715, 0.505997711852771, 0.6715497018647326, 0.09695452525229808, 0.6573173294417396, 0.35651447948514736, 0.9998228965484149, 0.9015754347740768, 0.007527116810324863, 0.4559633411518731, 0.536775437413611, 0.8945096532534581, 0.9735408894685347, 0.08729031040024421, 0.6533631387559883, 0.7327243397216567, 0.7047865161027722, 0.0946395319040647, 0.4672094352420551, 0.023393188340079307, 0.12639235033718557, 0.02109679980007169, 0.7443649666538112, 0.9327876792833134, 0.8525724718081047, 0.19792499076702524, 0.5322861399504943, 0.24900675586052634, 0.42610995542526797, 0.16424580250711207, 0.9765602425061021, 0.03736986269219094, 0.029322081572350188, 0.6815256047659446, 0.8648334364400466, 0.8941174669052626, 0.9699948437457725, 0.721052032033119, 0.6033765563409866, 0.0009396324006871737, 0.7390715941880153, 0.7159003736301071, 0.7212641081605091], BATTLES: 313-181-198-397-299-292-354-266-286-
18, 1, -2648.0, [0.49345066614864297, 0.7118343905653389, 0.05030639064774485, 0.10749708823651402, 0.6159671225387389, 0.7970551635525983, 0.050049550016889724, 0.07905316724581293, 0.3553278271908773, 0.44318532549898454, 0.8318591879714268, 0.010269221304849405, 0.9604382382481977, 0.9387614123044423, 0.22751687688136996, 0.2147724156526211, 0.049472789730843236, 0.7061904137014081, 0.43212552395673204, 0.7670860459930255, 0.92673323425729, 0.7605512012947321, 0.47236863044339583, 0.06546681367760142, 0.9225527168821084, 0.5116784648745465, 0.7580328001024401, 0.7234447968927653, 0.1267799672373598, 0.3740893899339636, 0.9868311128688185, 0.9144779275613428, 0.9678059282454436, 0.5296439645045591, 0.8467371011063181, 0.7624777607989279, 0.6485234283725858, 0.1204830969719214, 0.6770595135014991, 0.5953989006445373, 0.013330343588150648, 0.1337389269988171, 0.9714029661133007, 0.8599433624386412, 0.9459860018223811, 0.05875834636404215, 0.14777220420921616, 0.7464395880331821, 0.966700109744443, 0.0637477510839129, 0.9594770707287823, 0.028874633657409422, 0.34070216845035145, 0.5228066843086416, 0.8103541522100132, 0.819126778001843, 0.8890144019046211, 0.6151749699830809, 0.8174127770986961, 0.11945851066363529, 0.5507401624953477, 0.8852111311436037, 0.2085476913006957], BATTLES: 303-169-199-405-301-267-386-321-297-
18, 2, -2659.0, [0.4066004438750632, 0.7833817950320539, 0.09007395005418445, 0.020557740746583758, 0.7143345394926468, 0.9368079001076527, 0.017648160533648913, 0.10363601085966614, 0.29430612645661414, 0.3126568640167189, 0.6833060845104604, 0.004321937298827405, 0.9703161985474985, 0.6424829657556707, 0.18590573332000476, 0.026664768761037294, 0.05344607634432347, 0.8849536028800618, 0.0016093951743977875, 0.6836446460331368, 0.5296701951553417, 0.70503750950864, 0.9753457254184739, 0.4389330450750152, 0.9404343145904857, 0.34185573586723084, 0.9775102731448233, 0.8034681911364906, 0.15948418586507318, 0.1097936775379946, 0.7946225772606469, 0.9757106797208485, 0.9613676851437916, 0.41128497863728164, 0.8441193400809427, 0.9500926106200217, 0.9525539292844528, 0.05402696420922975, 0.3963544308414147, 0.08517601650424819, 0.03952520524388661, 0.18173009394460865, 0.7476005979102105, 0.7685891911466064, 0.8807843783627624, 0.138861998180402, 0.17312325944033513, 0.1033907573409057, 0.972755195967697, 0.06984026789492757, 0.8013583016333726, 0.11361327987893115, 0.13831178728490237, 0.4833714923090504, 0.9168905111504254, 0.9222297734253031, 0.7977093274373137, 0.7521280091925153, 0.8995804724447538, 0.12085554442894453, 0.8868084793161315, 0.3231364411317559, 0.03990238480344044], BATTLES: 260-167-198-395-259-275-378-323-288-
18, 3, -2693.0, [0.40082042548606556, 0.8428034401631043, 0.04168890149838151, 0.06330465798804509, 0.8007378989003276, 0.7706956883085898, 0.05320591404028226, 0.09012938912463012, 0.39205400186787176, 0.33523817700548275, 0.818560102173686, 0.05648521166924987, 0.9900693392882398, 0.432679936352504, 0.18065738054490327, 0.055860368763960964, 0.006810281175775423, 0.893688286729728, 0.061490974843774415, 0.9855012072138529, 0.9263295803513246, 0.8465715591197477, 0.7990018245159409, 0.0787528970470546, 0.6792104907012647, 0.29046880938519537, 0.6882884332104884, 0.7406078048161651, 0.16087746271073255, 0.3467786930352746, 0.9496948341844846, 0.9907740438423753, 0.9762468026475954, 0.11744510615955867, 0.7677559318482337, 0.9053862787698173, 0.7820162261062614, 0.18637655520903212, 0.4105152690061555, 0.22118273431506336, 0.1598214524707069, 0.002862370195010913, 0.8798018438721597, 0.7681482259848796, 0.9678155893159153, 0.07705284115043129, 0.06839136214410085, 0.2226627594165124, 0.9697772089815994, 0.18019284236594071, 0.8776938182024614, 0.06223675004664573, 0.028622064289112768, 0.8523208183160418, 0.8421181960645184, 0.6441082895048291, 0.9320054905862395, 0.732841209590816, 0.9828374928084791, 0.22682061482688723, 0.3129865356266997, 0.511803559674216, 0.41678616992706075], BATTLES: 293-189-186-403-298-304-385-307-300-
18, 4, -2653.0, [0.24416912429297422, 0.8059845230654497, 0.01301266696713732, 0.04608858456933539, 0.7490339134459099, 0.7820797502005464, 0.10909045010973811, 0.11566201411965042, 0.6857133028264146, 0.38113083856502267, 0.8177959682495394, 0.20168996718850524, 0.9793147108412334, 0.6765288308459291, 0.27825289556981914, 0.2692959037224664, 0.205808237235784, 0.3704215586042955, 0.13670250803426265, 0.9711464356622614, 0.7705208994983871, 0.847688815941412, 0.7918473864482052, 0.1398973822972551, 0.7767673913005878, 0.3791017427553776, 0.9936508111653622, 0.43801468780813896, 0.22448633441216867, 0.2619695300805404, 0.6338451980810129, 0.9635501576822341, 0.9620154738412913, 0.0442359219023247, 0.8181383380084404, 0.9966659550815867, 0.9735828408848369, 0.024547375672666957, 0.41444177314618263, 0.2725362660872487, 0.009595395139692077, 0.09353814285787534, 0.8707953215496961, 0.8454605837596985, 0.7214191851233196, 0.4157616390007024, 0.22158520229541576, 0.05095681774228866, 0.9456303430697255, 0.2691290015663129, 0.855752586723419, 0.029281587038347927, 0.006151441797248233, 0.24014863275832196, 0.8828138545700842, 0.8232069942028472, 0.8073732835309275, 0.32936653100128843, 0.9504711456425105, 0.25696413005937263, 0.5883905560548168, 0.31288925061627687, 0.2471454796312274], BATTLES: 275-167-209-404-293-280-389-311-305-
18, 5, -2662.0, [0.5108217228130735, 0.9251179789031592, 0.015394969744634529, 0.07127776407354011, 0.5347188772805842, 0.8148204646952255, 0.026334886903609134, 0.0232819524206961, 0.6458951984787952, 0.41993117492084076, 0.8691115198334254, 0.024959186591794354, 0.9393995163003652, 0.6305559101178702, 0.06860463826975136, 0.36843669301109655, 0.06581502500350382, 0.8024985590995695, 0.1939472798012078, 0.8431887868436356, 0.9185813001781715, 0.6607630268342038, 0.5796786142378216, 0.1480626055729674, 0.9391716644738424, 0.06221259878367803, 0.780767999294714, 0.7905822969487291, 0.35235486806062954, 0.5642385134088843, 0.8773977318214872, 0.9502027669134057, 0.9155210598697179, 0.45828555674782206, 0.7194458408535818, 0.9511550092709412, 0.6192696368138242, 0.09457636517072657, 0.3089430434325957, 0.1340894314499745, 0.025742481749873217, 0.0587016168090298, 0.9774179860809113, 0.7015428637007407, 0.9538231873325353, 0.0968460957552041, 0.10877990075621308, 0.28557504774006287, 0.8455741393849114, 0.06836456215421695, 0.876701767475196, 0.12915836678964998, 0.24199614986853102, 0.6578920100012646, 0.8641841111039215, 0.5236397213054476, 0.9015944607186215, 0.5730859911168528, 0.933362686238865, 0.12795167697212262, 0.7495316282980807, 0.5225653627685705, 0.15397423874683183], BATTLES: 265-186-224-393-291-310-390-314-289-
18, 6, -2552.0, [0.44137933889382414, 0.8663249763602207, 0.031906126864225275, 0.020425319243123158, 0.586064384356495, 0.8747173505847348, 0.015967219664889162, 0.025082153449742198, 0.8892512180274608, 0.48013298068582533, 0.9921738978215873, 0.1405469676176801, 0.9450437466909922, 0.711881220076587, 0.2929994045041034, 0.013997605757256538, 0.018028288637645662, 0.6495606770591034, 0.22745406004496488, 0.9199267956548279, 0.7617342740530286, 0.46633684932807973, 0.7922948590898582, 0.37524944543990746, 0.7688054134902929, 0.3626160820758507, 0.9285717236689581, 0.8655767608953561, 0.1492977642897125, 0.4480611644591893, 0.8338045382288131, 0.9857197679052749, 0.9453184223720459, 0.5412383506341899, 0.7437905304535296, 0.9260785435000637, 0.9794242638011339, 0.05741006096466231, 0.4363240273522616, 0.18890766558492086, 0.24237217364515895, 0.24034933897859728, 0.925174107594043, 0.8792695283308709, 0.8536278580226726, 0.23667666134612925, 0.4901339020408874, 0.35548861992381237, 0.9757789320810825, 0.5099476362354295, 0.7975286956532159, 0.06050283861580752, 0.15689384784463278, 0.760681256960824, 0.8813036490584862, 0.9384417709979049, 0.9845742676189633, 0.38736081011012424, 0.779197548926674, 0.07766068264774476, 0.8869941606194893, 0.4930659878337634, 0.34957320980508527], BATTLES: 289-157-235-367-293-299-358-257-297-
18, 7, -2558.0, [0.4216495063771605, 0.702485327727498, 0.04503322649808903, 0.007960982315358682, 0.5412362553982675, 0.7055441963989088, 0.0749501810108751, 0.42416216166438947, 0.4433787031713191, 0.491598768032278, 0.4480797334591898, 0.024112215251432517, 0.9824023652549445, 0.7291484427869621, 0.35972898960194283, 0.21236184322291124, 0.1746204645888165, 0.3362887908313671, 0.6066533529155239, 0.9777617172078803, 0.6913996956997764, 0.6061854645614084, 0.6349255801124014, 0.029338403521922636, 0.65657681030971, 0.18763030049232476, 0.8380279725116386, 0.7851595915486336, 0.1485168946299523, 0.2910771731984518, 0.6546970296541884, 0.9884632783842269, 0.9535117496347336, 0.30622877952846916, 0.7123659721618388, 0.961309075362626, 0.8331861737772466, 0.0027916554865888114, 0.3152461671419521, 0.18617062531046386, 0.07736762423651802, 0.026003169576565843, 0.7799927487957932, 0.8137175419065374, 0.8635902899148018, 0.24051188426052297, 0.39713179517064556, 0.10597896077743307, 0.9041602463831412, 0.22293513181127472, 0.7782069650906102, 0.04830734318703347, 0.028924880812638366, 0.6114299360498827, 0.8942493438014755, 0.8803947229710595, 0.9266721370586908, 0.7467395842992943, 0.8880509651644233, 0.24783457279630092, 0.8900194627787408, 0.5385161220669303, 0.7667702400717563], BATTLES: 262-197-202-391-292-284-348-282-300-
18, 8, -2650.0, [0.5674271326022229, 0.8868494900087833, 0.06984515867980777, 0.03568470223103722, 0.5468120318639411, 0.9433938678118676, 0.04308054227069756, 0.05973147269126404, 0.6657789875735685, 0.3900574334481488, 0.9900098934705202, 0.02373245673953155, 0.9751142315338803, 0.5791796167591425, 0.01786938985819292, 0.06112171908755479, 0.2211947414464199, 0.8436694690058747, 0.04441164522562423, 0.7323533764272759, 0.7097604673270022, 0.448408291794603, 0.6931296491666874, 0.2974418285218744, 0.812820615680401, 0.02443784421214737, 0.9940059058266506, 0.5847647161773599, 0.13215224979071233, 0.43252762967711483, 0.8943767781875804, 0.983813869780268, 0.9676931480021922, 0.4145192171847399, 0.691432005712515, 0.940401751023699, 0.9451428727836244, 0.2164299391773745, 0.482721720474095, 0.21013754508814114, 0.1561050957139839, 0.17792567846951354, 0.7829240393704728, 0.7655776699440843, 0.7697224298469111, 0.03421071962641867, 0.5336387663047556, 0.04415438080884321, 0.8051984497209299, 0.10942214460896019, 0.8055095946418217, 0.0958513685126604, 0.17324018187634882, 0.2351404681188579, 0.9087946955626648, 0.6508497555554911, 0.9789058952630113, 0.40462924632788305, 0.8827755002638296, 0.46436010420566987, 0.6448207885723253, 0.5061234933136657, 0.2761900075770444], BATTLES: 282-176-209-375-271-293-405-358-281-
18, 9, -2624.0, [0.6053701830909586, 0.7642086580314817, 0.002229583053549436, 0.19357137068460217, 0.6540747636735685, 0.7497827060188651, 0.04721868530994634, 0.04234436717695447, 0.5527328790662384, 0.5559914960018256, 0.8904293871881969, 0.0022847607452139845, 0.950866771265553, 0.7462101922312057, 0.008932236003778599, 0.44467574261475795, 0.0981107645509359, 0.6058140908023466, 0.09204730331328312, 0.8652306702931506, 0.9408583602527357, 0.9692134406682871, 0.28691062879262413, 0.07601657674650752, 0.9842764073034715, 0.07279493826668129, 0.6467922581958685, 0.7689275879156467, 0.13963599162186696, 0.6154892403538922, 0.9456538112018555, 0.8751528161919454, 0.9107372870841247, 0.7405086907198987, 0.854073728065105, 0.7624333177831142, 0.8945662218797578, 0.18644275825041373, 0.3913875576989565, 0.44381761407947173, 0.0594224963934776, 0.20651956750313705, 0.9995934331587457, 0.8736646780870294, 0.8926572409193065, 0.203545771107775, 0.5187920603541147, 0.5278179278712638, 0.533003596985918, 0.18004119959328246, 0.9392960075302715, 0.038253326678488235, 0.2419884936026721, 0.9471522159425995, 0.7869158752616946, 0.4990910819308547, 0.9064058378003761, 0.4939916816748564, 0.8089532583026497, 0.0621138058242451, 0.6768996890110319, 0.7420914862447768, 0.33609860808364445], BATTLES: 321-187-186-402-315-270-370-291-282-
18, 10, -2692.0, [0.502027829898621, 0.8472147253730063, 0.029236531216468, 0.07672034277370855, 0.6627721763131886, 0.8103540827343232, 0.005551402276324821, 0.05388683714714272, 0.5262327562569097, 0.47536099313657376, 0.9542887898798944, 0.015855041280690804, 0.9627119373859255, 0.6767048616828485, 0.09863761899727097, 0.22877295194130798, 0.12090013758708824, 0.8609995997827988, 0.2681131347010439, 0.8712716671191735, 0.915126538422892, 0.8281635788800487, 0.7700780134116954, 0.27973870494720865, 0.9864026395292629, 0.005165036706503701, 0.7596387224957657, 0.9388633959134103, 0.1906289650638391, 0.5441124355849088, 0.9168364352193412, 0.9743616398585118, 0.9350819127791158, 0.32093901089507676, 0.7482442272960417, 0.9055951120692778, 0.9191582619851042, 0.1239772937936479, 0.5637059218886181, 0.2668465825986244, 0.011630109940754974, 0.14107938845860224, 0.8361552771018841, 0.7872889304302374, 0.7127834668412887, 0.14961786572734784, 0.449591903726776, 0.26014428449370847, 0.6066500461236227, 0.2736551319849787, 0.955043621646213, 0.0848714778001051, 0.14294394496475468, 0.43849609941541895, 0.9299166641733171, 0.6968672672885152, 0.8410647562022466, 0.4041889733064836, 0.7938856137634869, 0.266605259802469, 0.6212777627849653, 0.6697762957495847, 0.008774892645713267], BATTLES: 282-188-215-418-314-305-360-275-312-
18, 11, -2739.0, [0.4125405459590495, 0.8999448224652282, 0.010037166752944887, 0.05098051577572628, 0.7127612283948062, 0.7800773038835369, 0.08673793743869661, 0.088140127521799, 0.33067822790954793, 0.35324333061954033, 0.8210042057262653, 0.026722691709103408, 0.9666374988288934, 0.6390654279124188, 0.24386216603437474, 0.07358818772717973, 0.06025066592570047, 0.9043585015747521, 0.4078897460053542, 0.9171461494746576, 0.9917772953934132, 0.7835467988864101, 0.4755387512477897, 0.2732611217450291, 0.7693880508262205, 0.2614857636717452, 0.8424862474931972, 0.61454729432791, 0.2013011975530734, 0.4098348525532524, 0.8758681317164158, 0.9971477252044997, 0.8853518975472792, 0.12188333703480908, 0.6805784247322891, 0.8998902428274345, 0.18855102195984508, 0.1333536097614866, 0.46031309596481707, 0.33162667208229585, 0.021096059416227053, 0.0933089426746778, 0.9657389082109054, 0.7771292670772955, 0.7918148345784717, 0.07536193963502746, 0.10764340790758437, 0.39891287584569685, 0.7030914646393822, 0.4767067705487023, 0.9988446002645377, 0.084206653508061, 0.03127279437983635, 0.40147578294134695, 0.721866932895208, 0.7492268273825602, 0.8613157301992539, 0.519206622975243, 0.9941700485636926, 0.24163448228696616, 0.4403381512465041, 0.6729204042329471, 0.004777753895350428], BATTLES: 309-213-210-411-299-283-413-305-296-
18, 12, -2711.0, [0.4414005486974436, 0.8259505729418881, 0.04273881599743996, 0.06393664255089962, 0.6670647949550865, 0.9758666985839821, 0.0865323971316687, 0.11019714825503205, 0.7560074646678905, 0.31398298538968045, 0.8289363867237021, 0.031639941351709444, 0.9883543484958247, 0.7051358251649323, 0.22968880649445617, 0.04258030865300469, 0.15182780635570017, 0.9588978848542133, 0.14062786631235938, 0.7162189198941088, 0.6703003517478636, 0.7164626063312419, 0.866725279941357, 0.48125747105086814, 0.8413841346587598, 0.35323581624432715, 0.9714651618378761, 0.5607011254510715, 0.09999770576568162, 0.08204216294320346, 0.9093321870549331, 0.9701011403911163, 0.9728379372602005, 0.3912770330305235, 0.6810687468880772, 0.9028874628946458, 0.41416412350262444, 0.10236242664971454, 0.6251287660280902, 0.10128819249044804, 0.045416779907176186, 0.16184845577564844, 0.7343252274234153, 0.7388056855383427, 0.5273442026994215, 0.12461734000590563, 0.506937104836262, 0.06935938156747842, 0.8085831850312172, 0.1874242810119244, 0.9110072710588729, 0.10728875117136898, 0.038868626260653155, 0.14702827064097618, 0.891292089710398, 0.7544086873580059, 0.7851762148750767, 0.3939528144474101, 0.9937084235701067, 0.4797930344421588, 0.6027358617431421, 0.8054720135040208, 0.20369248571639245], BATTLES: 270-189-214-436-266-282-396-286-315-
18, 13, -2714.0, [0.36318596132531383, 0.9756192090665798, 0.15360784405174063, 0.04534122111492745, 0.6473433715090829, 0.9906391435440047, 0.028300633201232994, 0.20949873996115304, 0.27245405045633453, 0.4852491490378127, 0.928467697049522, 0.015104555211284953, 0.9255346820184478, 0.6381343863622813, 0.41287086607223955, 0.09280703989778999, 0.09194248728926901, 0.8028977168147355, 0.12694085998487753, 0.8591077129904577, 0.9150987540153425, 0.6173387583738006, 0.8023969151294038, 0.2355333214581468, 0.9695098590199465, 0.14759582358637402, 0.9982580987841396, 0.5678377908395071, 0.36829492257023044, 0.3421117172519016, 0.8551517015870754, 0.9940376606807797, 0.9728363315105176, 0.07092491945784073, 0.9070107526365356, 0.9685317215729008, 0.3746991058311046, 0.03395204498969627, 0.21003625758807418, 0.08512926870691373, 0.036771592802719466, 0.04382402328824164, 0.839685642048703, 0.7423996514093201, 0.47194487364418125, 0.1424297506149314, 0.2609203347922899, 0.15699975477891792, 0.965391036938725, 0.21476327056145367, 0.8813885959511933, 0.12904924347228963, 0.013887870708812353, 0.46588980481714104, 0.7589192852729677, 0.9593346906352396, 0.8442283969833242, 0.6201432508973438, 0.7568511352198581, 0.15930875037931802, 0.45415786667204294, 0.5353873780868337, 0.12181710673956349], BATTLES: 305-191-218-384-285-281-370-280-300-
18, 14, -2637.0, [0.45651676177215833, 0.824963606593536, 0.049570772690535746, 0.00252970859870553, 0.759170989134331, 0.9420182322176058, 0.04309772260916818, 0.011147556014272642, 0.4264585385726331, 0.26525989338147216, 0.7318708701482113, 0.3614490111656643, 0.9986405520801709, 0.6736812623080916, 0.3184175793826431, 0.2167297236610449, 0.0799632784526886, 0.7200117222064428, 0.08622510837470228, 0.8437490933372964, 0.7733637574274344, 0.7041857278923287, 0.7684452214254399, 0.16623787420963543, 0.7835273570923317, 0.21583715654612468, 0.9097559235959759, 0.7112258694598044, 0.13787352958184929, 0.18436749841276537, 0.8039432927577347, 0.9033376231006299, 0.9507647879746511, 0.0029454910934561263, 0.8317556532112893, 0.9805750876881387, 0.9500627965745382, 0.07371021734223335, 0.4409325549584077, 0.24250271570489101, 0.027323258970867865, 0.006585909343084895, 0.9671846158222591, 0.7818361857668601, 0.9267186186011868, 0.3884800328588332, 0.19782952026391573, 0.2479766979100914, 0.867896012673721, 0.26719406472097335, 0.8097790150810307, 0.0995023865773525, 0.07100297574168324, 0.48763180745002976, 0.7866317504150858, 0.870908252180095, 0.8328095508479413, 0.7072555372779943, 0.965843544030895, 0.3093546973181957, 0.5440724591790621, 0.46410557451607726, 0.12140400983229105], BATTLES: 304-167-195-417-271-276-397-318-292-
19, 0, -2577.0, [0.4721916053365709, 0.49733717022908525, 0.024726640362105902, 0.0616593667200821, 0.5103692371378271, 0.6437095881362578, 0.2338392093396766, 0.0037790638867867266, 0.7940874500936695, 0.3029485887935098, 0.9433224769351682, 0.14446302297619468, 0.9063458205037016, 0.800481363485819, 0.364764080916032, 0.24068990657927442, 0.10047930254053444, 0.4461493634361692, 0.3925707394495133, 0.9804834607558964, 0.9755090317716715, 0.505997711852771, 0.6715497018647326, 0.09695452525229808, 0.6573173294417396, 0.35651447948514736, 0.9998228965484149, 0.9015754347740768, 0.007527116810324863, 0.4559633411518731, 0.536775437413611, 0.8945096532534581, 0.9735408894685347, 0.08729031040024421, 0.6533631387559883, 0.7327243397216567, 0.7047865161027722, 0.0946395319040647, 0.4672094352420551, 0.023393188340079307, 0.12639235033718557, 0.02109679980007169, 0.7443649666538112, 0.9327876792833134, 0.8525724718081047, 0.19792499076702524, 0.5322861399504943, 0.24900675586052634, 0.42610995542526797, 0.16424580250711207, 0.9765602425061021, 0.03736986269219094, 0.029322081572350188, 0.6815256047659446, 0.8648334364400466, 0.8941174669052626, 0.9699948437457725, 0.721052032033119, 0.6033765563409866, 0.0009396324006871737, 0.7390715941880153, 0.7159003736301071, 0.7212641081605091], BATTLES: 308-188-223-373-297-275-364-263-286-
19, 1, -2632.0, [0.49345066614864297, 0.7118343905653389, 0.05030639064774485, 0.10749708823651402, 0.6159671225387389, 0.7970551635525983, 0.050049550016889724, 0.07905316724581293, 0.3553278271908773, 0.44318532549898454, 0.8318591879714268, 0.010269221304849405, 0.9604382382481977, 0.9387614123044423, 0.22751687688136996, 0.2147724156526211, 0.049472789730843236, 0.7061904137014081, 0.43212552395673204, 0.7670860459930255, 0.92673323425729, 0.7605512012947321, 0.47236863044339583, 0.06546681367760142, 0.9225527168821084, 0.5116784648745465, 0.7580328001024401, 0.7234447968927653, 0.1267799672373598, 0.3740893899339636, 0.9868311128688185, 0.9144779275613428, 0.9678059282454436, 0.5296439645045591, 0.8467371011063181, 0.7624777607989279, 0.6485234283725858, 0.1204830969719214, 0.6770595135014991, 0.5953989006445373, 0.013330343588150648, 0.1337389269988171, 0.9714029661133007, 0.8599433624386412, 0.9459860018223811, 0.05875834636404215, 0.14777220420921616, 0.7464395880331821, 0.966700109744443, 0.0637477510839129, 0.9594770707287823, 0.028874633657409422, 0.34070216845035145, 0.5228066843086416, 0.8103541522100132, 0.819126778001843, 0.8890144019046211, 0.6151749699830809, 0.8174127770986961, 0.11945851066363529, 0.5507401624953477, 0.8852111311436037, 0.2085476913006957], BATTLES: 312-177-193-401-298-278-378-298-297-
19, 2, -2620.0, [0.4066004438750632, 0.7833817950320539, 0.09007395005418445, 0.020557740746583758, 0.7143345394926468, 0.9368079001076527, 0.017648160533648913, 0.10363601085966614, 0.29430612645661414, 0.3126568640167189, 0.6833060845104604, 0.004321937298827405, 0.9703161985474985, 0.6424829657556707, 0.18590573332000476, 0.026664768761037294, 0.05344607634432347, 0.8849536028800618, 0.0016093951743977875, 0.6836446460331368, 0.5296701951553417, 0.70503750950864, 0.9753457254184739, 0.4389330450750152, 0.9404343145904857, 0.34185573586723084, 0.9775102731448233, 0.8034681911364906, 0.15948418586507318, 0.1097936775379946, 0.7946225772606469, 0.9757106797208485, 0.9613676851437916, 0.41128497863728164, 0.8441193400809427, 0.9500926106200217, 0.9525539292844528, 0.05402696420922975, 0.3963544308414147, 0.08517601650424819, 0.03952520524388661, 0.18173009394460865, 0.7476005979102105, 0.7685891911466064, 0.8807843783627624, 0.138861998180402, 0.17312325944033513, 0.1033907573409057, 0.972755195967697, 0.06984026789492757, 0.8013583016333726, 0.11361327987893115, 0.13831178728490237, 0.4833714923090504, 0.9168905111504254, 0.9222297734253031, 0.7977093274373137, 0.7521280091925153, 0.8995804724447538, 0.12085554442894453, 0.8868084793161315, 0.3231364411317559, 0.03990238480344044], BATTLES: 297-201-189-372-279-259-415-359-249-
19, 3, -2685.0, [0.40082042548606556, 0.8428034401631043, 0.04168890149838151, 0.06330465798804509, 0.8007378989003276, 0.7706956883085898, 0.05320591404028226, 0.09012938912463012, 0.39205400186787176, 0.33523817700548275, 0.818560102173686, 0.05648521166924987, 0.9900693392882398, 0.432679936352504, 0.18065738054490327, 0.055860368763960964, 0.006810281175775423, 0.893688286729728, 0.061490974843774415, 0.9855012072138529, 0.9263295803513246, 0.8465715591197477, 0.7990018245159409, 0.0787528970470546, 0.6792104907012647, 0.29046880938519537, 0.6882884332104884, 0.7406078048161651, 0.16087746271073255, 0.3467786930352746, 0.9496948341844846, 0.9907740438423753, 0.9762468026475954, 0.11744510615955867, 0.7677559318482337, 0.9053862787698173, 0.7820162261062614, 0.18637655520903212, 0.4105152690061555, 0.22118273431506336, 0.1598214524707069, 0.002862370195010913, 0.8798018438721597, 0.7681482259848796, 0.9678155893159153, 0.07705284115043129, 0.06839136214410085, 0.2226627594165124, 0.9697772089815994, 0.18019284236594071, 0.8776938182024614, 0.06223675004664573, 0.028622064289112768, 0.8523208183160418, 0.8421181960645184, 0.6441082895048291, 0.9320054905862395, 0.732841209590816, 0.9828374928084791, 0.22682061482688723, 0.3129865356266997, 0.511803559674216, 0.41678616992706075], BATTLES: 294-193-186-417-297-268-392-323-315-
19, 4, -2693.0, [0.2992316651782421, 0.8059845230654497, 0.0008066349561464126, 0.03721673084010432, 0.7490339134459099, 0.7820797502005464, 0.10186490242021405, 0.06524861185124431, 0.5719153259206864, 0.4144723853704172, 0.8177959682495394, 0.1824513871302764, 0.9793147108412334, 0.6774465496475458, 0.3414480333484237, 0.2692959037224664, 0.205808237235784, 0.3704215586042955, 0.13670250803426265, 0.9225013436738492, 0.835267388228042, 0.847688815941412, 0.6703376428557134, 0.1398973822972551, 0.7767673913005878, 0.3791017427553776, 0.9936508111653622, 0.4643138870107386, 0.22864787696070393, 0.3405946647537707, 0.6338451980810129, 0.981775078841117, 0.9168045585519726, 0.0442359219023247, 0.8181383380084404, 0.9966659550815867, 0.6524182914069866, 0.06147999190603476, 0.41444177314618263, 0.2725362660872487, 0.009595395139692077, 0.09353814285787534, 0.8707953215496961, 0.8454605837596985, 0.7214191851233196, 0.4157616390007024, 0.22158520229541576, 0.32394380010258694, 0.9456303430697255, 0.2691290015663129, 0.855752586723419, 0.029281587038347927, 0.006151441797248233, 0.5253222038123548, 0.8077603852638479, 0.8232069942028472, 0.8978447364621505, 0.5166213510346774, 0.9184580272487697, 0.25696413005937263, 0.5883905560548168, 0.40026689216497235, 0.037428196174446926], BATTLES: 266-178-218-415-321-302-362-263-302-
19, 5, -2625.0, [0.5108217228130735, 0.9251179789031592, 0.015394969744634529, 0.07127776407354011, 0.5347188772805842, 0.8148204646952255, 0.026334886903609134, 0.0232819524206961, 0.6458951984787952, 0.41993117492084076, 0.8691115198334254, 0.024959186591794354, 0.9393995163003652, 0.6305559101178702, 0.06860463826975136, 0.36843669301109655, 0.06581502500350382, 0.8024985590995695, 0.1939472798012078, 0.8431887868436356, 0.9185813001781715, 0.6607630268342038, 0.5796786142378216, 0.1480626055729674, 0.9391716644738424, 0.06221259878367803, 0.780767999294714, 0.7905822969487291, 0.35235486806062954, 0.5642385134088843, 0.8773977318214872, 0.9502027669134057, 0.9155210598697179, 0.45828555674782206, 0.7194458408535818, 0.9511550092709412, 0.6192696368138242, 0.09457636517072657, 0.3089430434325957, 0.1340894314499745, 0.025742481749873217, 0.0587016168090298, 0.9774179860809113, 0.7015428637007407, 0.9538231873325353, 0.0968460957552041, 0.10877990075621308, 0.28557504774006287, 0.8455741393849114, 0.06836456215421695, 0.876701767475196, 0.12915836678964998, 0.24199614986853102, 0.6578920100012646, 0.8641841111039215, 0.5236397213054476, 0.9015944607186215, 0.5730859911168528, 0.933362686238865, 0.12795167697212262, 0.7495316282980807, 0.5225653627685705, 0.15397423874683183], BATTLES: 293-160-194-391-276-294-405-328-284-
19, 6, -2595.0, [0.44137933889382414, 0.8663249763602207, 0.031906126864225275, 0.020425319243123158, 0.586064384356495, 0.8747173505847348, 0.015967219664889162, 0.025082153449742198, 0.8892512180274608, 0.48013298068582533, 0.9921738978215873, 0.1405469676176801, 0.9450437466909922, 0.711881220076587, 0.2929994045041034, 0.013997605757256538, 0.018028288637645662, 0.6495606770591034, 0.22745406004496488, 0.9199267956548279, 0.7617342740530286, 0.46633684932807973, 0.7922948590898582, 0.37524944543990746, 0.7688054134902929, 0.3626160820758507, 0.9285717236689581, 0.8655767608953561, 0.1492977642897125, 0.4480611644591893, 0.8338045382288131, 0.9857197679052749, 0.9453184223720459, 0.5412383506341899, 0.7437905304535296, 0.9260785435000637, 0.9794242638011339, 0.05741006096466231, 0.4363240273522616, 0.18890766558492086, 0.24237217364515895, 0.24034933897859728, 0.925174107594043, 0.8792695283308709, 0.8536278580226726, 0.23667666134612925, 0.4901339020408874, 0.35548861992381237, 0.9757789320810825, 0.5099476362354295, 0.7975286956532159, 0.06050283861580752, 0.15689384784463278, 0.760681256960824, 0.8813036490584862, 0.9384417709979049, 0.9845742676189633, 0.38736081011012424, 0.779197548926674, 0.07766068264774476, 0.8869941606194893, 0.4930659878337634, 0.34957320980508527], BATTLES: 294-164-211-395-283-318-339-275-316-
19, 7, -2563.0, [0.31646069327659065, 0.7948842265715996, 0.022516613249044515, 0.006012623889897508, 0.746554010898642, 0.7055441963989088, 0.0749501810108751, 0.2760499985374191, 0.4433787031713191, 0.491598768032278, 0.4480797334591898, 0.024112215251432517, 0.9824023652549445, 0.6917863512314244, 0.3384112080045468, 0.0698759066573875, 0.1601687236068236, 0.3362887908313671, 0.4372644758221216, 0.9777617172078803, 0.8667090300680319, 0.6061854645614084, 0.6349255801124014, 0.029338403521922636, 0.8060343060220867, 0.17660396573612383, 0.8536721343515599, 0.60447271490317, 0.2187657680440158, 0.3866148057084583, 0.6546970296541884, 0.9942316391921134, 0.9263658572357591, 0.10534749563710484, 0.7123659721618388, 0.9573812057594596, 0.739935269212047, 0.0027916554865888114, 0.3152461671419521, 0.18617062531046386, 0.07736762423651802, 0.026003169576565843, 0.7799927487957932, 0.8137175419065374, 0.8549081314090974, 0.24051188426052297, 0.39713179517064556, 0.21857830431700265, 0.8689392485738732, 0.22293513181127472, 0.8233695401853375, 0.0637374038958648, 0.014462440406319183, 0.4882475476939541, 0.8107776735005251, 0.8803947229710595, 0.9266721370586908, 0.7843406201720224, 0.8880509651644233, 0.24783457279630092, 0.8900194627787408, 0.5385161220669303, 0.7667702400717563], BATTLES: 260-188-200-376-260-286-365-276-276-
19, 8, -2711.0, [0.5674271326022229, 0.8868494900087833, 0.09954375707693754, 0.03568470223103722, 0.7325808663499999, 0.9433938678118676, 0.02154027113534878, 0.05973147269126404, 0.6657789875735685, 0.3900574334481488, 0.9900098934705202, 0.02373245673953155, 0.9751142315338803, 0.5791796167591425, 0.01786938985819292, 0.06112171908755479, 0.05262617777211029, 0.982124768297336, 0.04441164522562423, 0.7677048918062821, 0.7097604673270022, 0.8403674997650538, 0.6931296491666874, 0.26496465660820256, 0.9064103078402005, 0.012218922106073685, 0.7502720860724829, 0.5847647161773599, 0.23938620008120953, 0.43252762967711483, 0.9471883890937902, 0.983813869780268, 0.9676931480021922, 0.6339485374278176, 0.691432005712515, 0.940401751023699, 0.5573551158021706, 0.20178732082479248, 0.2723293580833167, 0.21013754508814114, 0.09983123354132334, 0.16290052113603612, 0.7829240393704728, 0.7655776699440843, 0.6797008792170895, 0.017105359813209334, 0.5336387663047556, 0.04415438080884321, 0.8051984497209299, 0.12098493269344794, 0.8055095946418217, 0.0958513685126604, 0.17324018187634882, 0.804295387499071, 0.9087946955626648, 0.6508497555554911, 0.9789058952630113, 0.40462924632788305, 0.8827755002638296, 0.08668018795959798, 0.6244458578656219, 0.5061234933136657, 0.004858646965561736], BATTLES: 291-172-235-422-277-281-413-309-279-
19, 9, -2584.0, [0.6053701830909586, 0.7642086580314817, 0.002229583053549436, 0.19357137068460217, 0.6540747636735685, 0.7497827060188651, 0.04721868530994634, 0.04234436717695447, 0.5527328790662384, 0.5559914960018256, 0.8904293871881969, 0.0022847607452139845, 0.950866771265553, 0.7462101922312057, 0.008932236003778599, 0.44467574261475795, 0.0981107645509359, 0.6058140908023466, 0.09204730331328312, 0.8652306702931506, 0.9408583602527357, 0.9692134406682871, 0.28691062879262413, 0.07601657674650752, 0.9842764073034715, 0.07279493826668129, 0.6467922581958685, 0.7689275879156467, 0.13963599162186696, 0.6154892403538922, 0.9456538112018555, 0.8751528161919454, 0.9107372870841247, 0.7405086907198987, 0.854073728065105, 0.7624333177831142, 0.8945662218797578, 0.18644275825041373, 0.3913875576989565, 0.44381761407947173, 0.0594224963934776, 0.20651956750313705, 0.9995934331587457, 0.8736646780870294, 0.8926572409193065, 0.203545771107775, 0.5187920603541147, 0.5278179278712638, 0.533003596985918, 0.18004119959328246, 0.9392960075302715, 0.038253326678488235, 0.2419884936026721, 0.9471522159425995, 0.7869158752616946, 0.4990910819308547, 0.9064058378003761, 0.4939916816748564, 0.8089532583026497, 0.0621138058242451, 0.6768996890110319, 0.7420914862447768, 0.33609860808364445], BATTLES: 282-188-182-414-301-245-392-297-283-
19, 10, -2669.0, [0.502027829898621, 0.8472147253730063, 0.029236531216468, 0.07672034277370855, 0.6627721763131886, 0.8103540827343232, 0.005551402276324821, 0.05388683714714272, 0.5262327562569097, 0.47536099313657376, 0.9542887898798944, 0.015855041280690804, 0.9627119373859255, 0.6767048616828485, 0.09863761899727097, 0.22877295194130798, 0.12090013758708824, 0.8609995997827988, 0.2681131347010439, 0.8712716671191735, 0.915126538422892, 0.8281635788800487, 0.7700780134116954, 0.27973870494720865, 0.9864026395292629, 0.005165036706503701, 0.7596387224957657, 0.9388633959134103, 0.1906289650638391, 0.5441124355849088, 0.9168364352193412, 0.9743616398585118, 0.9350819127791158, 0.32093901089507676, 0.7482442272960417, 0.9055951120692778, 0.9191582619851042, 0.1239772937936479, 0.5637059218886181, 0.2668465825986244, 0.011630109940754974, 0.14107938845860224, 0.8361552771018841, 0.7872889304302374, 0.7127834668412887, 0.14961786572734784, 0.449591903726776, 0.26014428449370847, 0.6066500461236227, 0.2736551319849787, 0.955043621646213, 0.0848714778001051, 0.14294394496475468, 0.43849609941541895, 0.9299166641733171, 0.6968672672885152, 0.8410647562022466, 0.4041889733064836, 0.7938856137634869, 0.266605259802469, 0.6212777627849653, 0.6697762957495847, 0.008774892645713267], BATTLES: 285-192-220-391-269-303-389-310-310-
19, 11, -2663.0, [0.4125405459590495, 0.8395761892960043, 0.010037166752944887, 0.05098051577572628, 0.7127612283948062, 0.7800773038835369, 0.043368968719348304, 0.088140127521799, 0.42506886740290545, 0.35864488968071373, 0.989841283692789, 0.013361345854551704, 0.9833187494144466, 0.5345885888713859, 0.24386216603437474, 0.1453846681031183, 0.06025066592570047, 0.9043585015747521, 0.4078897460053542, 0.9653447450943171, 0.8265041809134122, 0.7054716146489741, 0.4755387512477897, 0.12305714913368923, 0.7980729190168899, 0.34131944481016835, 0.9212431237465986, 0.61454729432791, 0.2013011975530734, 0.21856641620884643, 0.8323755360788397, 0.9985738626022498, 0.9426759487736396, 0.12188333703480908, 0.6805784247322891, 0.8998902428274345, 0.5628673074467531, 0.0666768048807433, 0.46031309596481707, 0.1500040460875246, 0.021096059416227053, 0.11199271257560547, 0.8674651626529597, 0.7566533581796708, 0.5148274119012834, 0.07536193963502746, 0.11017297597446377, 0.39891287584569685, 0.7030914646393822, 0.2647412858880292, 0.869288417003858, 0.023022909913420958, 0.015636397189918175, 0.40147578294134695, 0.721866932895208, 0.9142411304421845, 0.9306578650996269, 0.6722306512973032, 0.9941700485636926, 0.2952129535854712, 0.4403381512465041, 0.32513099048616567, 0.004777753895350428], BATTLES: 300-180-180-410-267-281-379-297-304-
19, 12, -2736.0, [0.4414005486974436, 0.8259505729418881, 0.04273881599743996, 0.06393664255089962, 0.6670647949550865, 0.9758666985839821, 0.0865323971316687, 0.11019714825503205, 0.7560074646678905, 0.31398298538968045, 0.8289363867237021, 0.031639941351709444, 0.9883543484958247, 0.7051358251649323, 0.22968880649445617, 0.04258030865300469, 0.15182780635570017, 0.9588978848542133, 0.14062786631235938, 0.7162189198941088, 0.6703003517478636, 0.7164626063312419, 0.866725279941357, 0.48125747105086814, 0.8413841346587598, 0.35323581624432715, 0.9714651618378761, 0.5607011254510715, 0.09999770576568162, 0.08204216294320346, 0.9093321870549331, 0.9701011403911163, 0.9728379372602005, 0.3912770330305235, 0.6810687468880772, 0.9028874628946458, 0.41416412350262444, 0.10236242664971454, 0.6251287660280902, 0.10128819249044804, 0.045416779907176186, 0.16184845577564844, 0.7343252274234153, 0.7388056855383427, 0.5273442026994215, 0.12461734000590563, 0.506937104836262, 0.06935938156747842, 0.8085831850312172, 0.1874242810119244, 0.9110072710588729, 0.10728875117136898, 0.038868626260653155, 0.14702827064097618, 0.891292089710398, 0.7544086873580059, 0.7851762148750767, 0.3939528144474101, 0.9937084235701067, 0.4797930344421588, 0.6027358617431421, 0.8054720135040208, 0.20369248571639245], BATTLES: 272-216-231-424-294-308-398-281-312-
19, 13, -2636.0, [0.36318596132531383, 0.9756192090665798, 0.15360784405174063, 0.04534122111492745, 0.6473433715090829, 0.9906391435440047, 0.028300633201232994, 0.20949873996115304, 0.27245405045633453, 0.4852491490378127, 0.928467697049522, 0.015104555211284953, 0.9255346820184478, 0.6381343863622813, 0.41287086607223955, 0.09280703989778999, 0.09194248728926901, 0.8028977168147355, 0.12694085998487753, 0.8591077129904577, 0.9150987540153425, 0.6173387583738006, 0.8023969151294038, 0.2355333214581468, 0.9695098590199465, 0.14759582358637402, 0.9982580987841396, 0.5678377908395071, 0.36829492257023044, 0.3421117172519016, 0.8551517015870754, 0.9940376606807797, 0.9728363315105176, 0.07092491945784073, 0.9070107526365356, 0.9685317215729008, 0.3746991058311046, 0.03395204498969627, 0.21003625758807418, 0.08512926870691373, 0.036771592802719466, 0.04382402328824164, 0.839685642048703, 0.7423996514093201, 0.47194487364418125, 0.1424297506149314, 0.2609203347922899, 0.15699975477891792, 0.965391036938725, 0.21476327056145367, 0.8813885959511933, 0.12904924347228963, 0.013887870708812353, 0.46588980481714104, 0.7589192852729677, 0.9593346906352396, 0.8442283969833242, 0.6201432508973438, 0.7568511352198581, 0.15930875037931802, 0.45415786667204294, 0.5353873780868337, 0.12181710673956349], BATTLES: 311-180-218-386-308-275-366-297-295-
19, 14, -2662.0, [0.4160070238613933, 0.8733263091689282, 0.049570772690535746, 0.00252970859870553, 0.7825175902674579, 0.9169599672789446, 0.02154886130458409, 0.10896568357076647, 0.4264585385726331, 0.26525989338147216, 0.7318708701482113, 0.18262254592511568, 0.9956531640797368, 0.6736812623080916, 0.32842411670002375, 0.2167297236610449, 0.015703820475880023, 0.7200117222064428, 0.18015893398009836, 0.8682204474217413, 0.9561589572291974, 0.811292054235157, 0.7684452214254399, 0.17308212943937157, 0.9150241835015591, 0.28865580159211396, 0.8903289429496529, 0.5404062267233414, 0.1788623734919299, 0.23372605761259443, 0.9242044670235512, 0.9033376231006299, 0.9507647879746511, 0.0014727455467280631, 0.8312208625361086, 0.9579043210001971, 0.37549281201703943, 0.029459480546733738, 0.4409325549584077, 0.26212219002077913, 0.027323258970867865, 0.06067990033785217, 0.9671846158222591, 0.7818361857668601, 0.7953984354694857, 0.1898708109732365, 0.10721592665699174, 0.36176500200518846, 0.867896012673721, 0.38095358339970226, 0.947394323043217, 0.0995023865773525, 0.07100297574168324, 0.46909569589446887, 0.6832314353708961, 0.951490288643451, 0.8328095508479413, 0.7303587165134282, 0.965843544030895, 0.171611198638785, 0.40995814688097354, 0.5433370636912452, 0.060702004916145524], BATTLES: 306-153-204-391-294-295-389-335-262-
20, 0, -2532.0, [0.4721916053365709, 0.49733717022908525, 0.024726640362105902, 0.0616593667200821, 0.5103692371378271, 0.6437095881362578, 0.2338392093396766, 0.0037790638867867266, 0.7940874500936695, 0.3029485887935098, 0.9433224769351682, 0.14446302297619468, 0.9063458205037016, 0.800481363485819, 0.364764080916032, 0.24068990657927442, 0.10047930254053444, 0.4461493634361692, 0.3925707394495133, 0.9804834607558964, 0.9755090317716715, 0.505997711852771, 0.6715497018647326, 0.09695452525229808, 0.6573173294417396, 0.35651447948514736, 0.9998228965484149, 0.9015754347740768, 0.007527116810324863, 0.4559633411518731, 0.536775437413611, 0.8945096532534581, 0.9735408894685347, 0.08729031040024421, 0.6533631387559883, 0.7327243397216567, 0.7047865161027722, 0.0946395319040647, 0.4672094352420551, 0.023393188340079307, 0.12639235033718557, 0.02109679980007169, 0.7443649666538112, 0.9327876792833134, 0.8525724718081047, 0.19792499076702524, 0.5322861399504943, 0.24900675586052634, 0.42610995542526797, 0.16424580250711207, 0.9765602425061021, 0.03736986269219094, 0.029322081572350188, 0.6815256047659446, 0.8648334364400466, 0.8941174669052626, 0.9699948437457725, 0.721052032033119, 0.6033765563409866, 0.0009396324006871737, 0.7390715941880153, 0.7159003736301071, 0.7212641081605091], BATTLES: 307-181-208-369-286-287-353-262-279-
20, 1, -2609.0, [0.49345066614864297, 0.7682970169490047, 0.034678760520735305, 0.10749708823651402, 0.6159671225387389, 0.7970551635525983, 0.050049550016889724, 0.07905316724581293, 0.44589837815681976, 0.44318532549898454, 0.8318591879714268, 0.010269221304849405, 0.987635945204531, 0.9387614123044423, 0.4030496484846306, 0.2147724156526211, 0.049472789730843236, 0.7061904137014081, 0.43212552395673204, 0.8147963246203002, 0.92673323425729, 0.9394902145382091, 0.47236863044339583, 0.22904635761438985, 0.9343596071692191, 0.5710499086859262, 0.7580328001024401, 0.6071988179949303, 0.1267799672373598, 0.09857705877224111, 0.9868311128688185, 0.9144779275613428, 0.9678059282454436, 0.22013685678092568, 0.8467371011063181, 0.7624777607989279, 0.19723477282585977, 0.1204830969719214, 0.6770595135014991, 0.3472345319429272, 0.006665171794075324, 0.1337389269988171, 0.9714029661133007, 0.8599433624386412, 0.9459860018223811, 0.05875834636404215, 0.14777220420921616, 0.7464395880331821, 0.9131414357756382, 0.0637477510839129, 0.9594770707287823, 0.028874633657409422, 0.34070216845035145, 0.5228066843086416, 0.7291762826167497, 0.819126778001843, 0.8890144019046211, 0.6151749699830809, 0.9629930353245325, 0.11945851066363529, 0.5507401624953477, 0.8852111311436037, 0.08486954219219288], BATTLES: 290-167-182-414-298-261-368-286-287-
20, 2, -2685.0, [0.33443330590030573, 0.7646606408734761, 0.09007395005418445, 0.020557740746583758, 0.7143345394926468, 0.9368079001076527, 0.008824080266824456, 0.10363601085966614, 0.29430612645661414, 0.3312228825480182, 0.8485645045979006, 0.0021609686494137026, 0.9851580992737492, 0.5400969988999809, 0.18590573332000476, 0.00434851186663663, 0.026723038172161734, 0.9424768014400309, 0.0016093951743977875, 0.8041472295665514, 0.5843183741026451, 0.8628702404714952, 0.9753457254184739, 0.4389330450750152, 0.9702171572952428, 0.34185573586723084, 0.8650524770104143, 0.8034681911364906, 0.2052343428065163, 0.18421511579183728, 0.8973112886303234, 0.9878553398604242, 0.9806838425718958, 0.3514322720147663, 0.8441193400809427, 0.9500926106200217, 0.9525539292844528, 0.08351238293420146, 0.36247282398139585, 0.08517601650424819, 0.019762602621943307, 0.2152891072108809, 0.7476005979102105, 0.7685891911466064, 0.7264467277388955, 0.095837282249669, 0.4054946530846392, 0.1033907573409057, 0.972755195967697, 0.03492013394746379, 0.8013583016333726, 0.10553996653643302, 0.13831178728490237, 0.295447334103295, 0.8975742975747637, 0.9222297734253031, 0.7977093274373137, 0.7521280091925153, 0.9497902362223769, 0.12085554442894453, 0.783509723874024, 0.3231364411317559, 0.03990238480344044], BATTLES: 293-170-169-395-284-263-400-366-276-
20, 3, -2661.0, [0.4313287535820782, 0.8601527569751578, 0.021156738997312963, 0.031652328994022545, 0.8007378989003276, 0.8739372575546511, 0.05320591404028226, 0.09012938912463012, 0.635898598309935, 0.38971681076962594, 0.818560102173686, 0.09543148667181756, 0.9950346696441199, 0.3843723824567638, 0.18065738054490327, 0.027930184381980482, 0.006810281175775423, 0.893688286729728, 0.004525111840947636, 0.8907376208815159, 0.9263295803513246, 0.6647371551999881, 0.7756068517404219, 0.256105525755609, 0.8045473202192998, 0.29046880938519537, 0.7018955588050572, 0.9144024520444354, 0.22172340935181892, 0.3467786930352746, 0.9693144937385456, 0.9907740438423753, 0.9888192912633875, 0.11744510615955867, 0.7480743152208829, 0.9053862787698173, 0.8001385987985185, 0.18637655520903212, 0.3512197071669124, 0.22118273431506336, 0.1598214524707069, 0.002862370195010913, 0.8594241659302204, 0.7754426932934526, 0.8213819063357437, 0.04220520190049911, 0.06839136214410085, 0.09663122946108436, 0.9697772089815994, 0.25928553959652206, 0.8366704580997693, 0.08836830139689988, 0.028622064289112768, 0.9261604091580209, 0.859212311348017, 0.6441082895048291, 0.9320054905862395, 0.7370295844218538, 0.8694708895612774, 0.1521613237635606, 0.5426805115063874, 0.4299872990182988, 0.06232130035700595], BATTLES: 303-208-179-378-283-263-418-341-286-
20, 4, -2652.0, [0.2992316651782421, 0.8059845230654497, 0.0008066349561464126, 0.03721673084010432, 0.7490339134459099, 0.7820797502005464, 0.10186490242021405, 0.06524861185124431, 0.5719153259206864, 0.4144723853704172, 0.8177959682495394, 0.1824513871302764, 0.9793147108412334, 0.6774465496475458, 0.3414480333484237, 0.2692959037224664, 0.205808237235784, 0.3704215586042955, 0.13670250803426265, 0.9225013436738492, 0.835267388228042, 0.847688815941412, 0.6703376428557134, 0.1398973822972551, 0.7767673913005878, 0.3791017427553776, 0.9936508111653622, 0.4643138870107386, 0.22864787696070393, 0.3405946647537707, 0.6338451980810129, 0.981775078841117, 0.9168045585519726, 0.0442359219023247, 0.8181383380084404, 0.9966659550815867, 0.6524182914069866, 0.06147999190603476, 0.41444177314618263, 0.2725362660872487, 0.009595395139692077, 0.09353814285787534, 0.8707953215496961, 0.8454605837596985, 0.7214191851233196, 0.4157616390007024, 0.22158520229541576, 0.32394380010258694, 0.9456303430697255, 0.2691290015663129, 0.855752586723419, 0.029281587038347927, 0.006151441797248233, 0.5253222038123548, 0.8077603852638479, 0.8232069942028472, 0.8978447364621505, 0.5166213510346774, 0.9184580272487697, 0.25696413005937263, 0.5883905560548168, 0.40026689216497235, 0.037428196174446926], BATTLES: 290-202-230-397-295-302-367-263-306-
20, 5, -2708.0, [0.5108217228130735, 0.9251179789031592, 0.015394969744634529, 0.07127776407354011, 0.6929775414135135, 0.8447039750259415, 0.08100224984146864, 0.0232819524206961, 0.6458951984787952, 0.41993117492084076, 0.775112108672227, 0.024959186591794354, 0.9393995163003652, 0.6305559101178702, 0.19476363222518017, 0.36843669301109655, 0.03147575609870122, 0.981510048658028, 0.1939472798012078, 0.8431887868436356, 0.9185813001781715, 0.6607630268342038, 0.7485267872137462, 0.1480626055729674, 0.9391716644738424, 0.06221259878367803, 0.726199154540581, 0.6527792684098193, 0.2414603704777, 0.5642385134088843, 0.8773977318214872, 0.9696065051856113, 0.9155210598697179, 0.31373458068433907, 0.7093645618458123, 0.8970152426720701, 0.6192696368138242, 0.09457636517072657, 0.3089430434325957, 0.10147704955822738, 0.025742481749873217, 0.0015776053851063593, 0.9774179860809113, 0.7015428637007407, 0.8810434440861866, 0.0968460957552041, 0.10877990075621308, 0.28557504774006287, 0.8894194992534407, 0.15114354333978183, 0.876701767475196, 0.1103496946431052, 0.24199614986853102, 0.6060363383020522, 0.8641841111039215, 0.5236397213054476, 0.8835367836614045, 0.5730859911168528, 0.933362686238865, 0.12795167697212262, 0.7495316282980807, 0.6160009510185591, 0.13658549192103067], BATTLES: 279-163-186-387-273-276-406-317-301-
20, 6, -2575.0, [0.44137933889382414, 0.8663249763602207, 0.031906126864225275, 0.010212659621561579, 0.586064384356495, 0.8747173505847348, 0.015967219664889162, 0.025082153449742198, 0.8892512180274608, 0.48013298068582533, 0.9921738978215873, 0.021001082993840507, 0.9725218733454961, 0.711881220076587, 0.2929994045041034, 0.006998802878628269, 0.009014144318822831, 0.6495606770591034, 0.22745406004496488, 0.9199267956548279, 0.6093884030305492, 0.46633684932807973, 0.7922948590898582, 0.5226062015431047, 0.7688054134902929, 0.3626160820758507, 0.9285717236689581, 0.6483959242162596, 0.07030314959244659, 0.4480611644591893, 0.8338045382288131, 0.9928598839526375, 0.9453184223720459, 0.27061917531709495, 0.7437905304535296, 0.9260785435000637, 0.9794242638011339, 0.028705030482331154, 0.4363240273522616, 0.18890766558492086, 0.12118608682257948, 0.24034933897859728, 0.925174107594043, 0.8266688293578027, 0.8536278580226726, 0.23667666134612925, 0.4901339020408874, 0.35548861992381237, 0.9878894660405413, 0.5099476362354295, 0.9006667765127488, 0.036512994929950214, 0.15689384784463278, 0.760681256960824, 0.8813036490584862, 0.785029448206513, 0.9845742676189633, 0.45488918544510293, 0.889598774463337, 0.07766068264774476, 0.5798304016933362, 0.4930659878337634, 0.34957320980508527], BATTLES: 284-175-230-403-294-267-345-271-305-
20, 7, -2653.0, [0.31646069327659065, 0.7948842265715996, 0.04827235922521425, 0.006012623889897508, 0.7534870250935726, 0.8204556326465449, 0.03747509050543755, 0.13802499926870954, 0.3016068795775065, 0.491598768032278, 0.7240398667295949, 0.024112215251432517, 0.9824023652549445, 0.6693676892637651, 0.3384112080045468, 0.0698759066573875, 0.0800843618034118, 0.9137297241449748, 0.20402595724222905, 0.6249020505813494, 0.8667090300680319, 0.5345892587389363, 0.7796986043733766, 0.3896187718531533, 0.9408445400773923, 0.17660396573612383, 0.9268360671757799, 0.60447271490317, 0.01446346745731654, 0.13156065437798636, 0.8615495934118069, 0.9942316391921134, 0.9263658572357591, 0.07475738669826562, 0.7123659721618388, 0.9786906028797298, 0.9362788991103976, 0.0027916554865888114, 0.7242607865392817, 0.18617062531046386, 0.07736762423651802, 0.013001584788282922, 0.9021291320601001, 0.8137175419065374, 0.8549081314090974, 0.24051188426052297, 0.21694662802481196, 0.21857830431700265, 0.9344696242869366, 0.11146756590563736, 0.9726615026433689, 0.025793216198536237, 0.0188044970863887, 0.16675357523186596, 0.8107776735005251, 0.9487537730067598, 0.9266721370586908, 0.4663861093586951, 0.9440254825822116, 0.24783457279630092, 0.6350313234569522, 0.5385161220669303, 0.2926284996611483], BATTLES: 283-168-216-385-270-284-324-271-304-
20, 8, -2680.0, [0.5674271326022229, 0.8868494900087833, 0.09954375707693754, 0.03568470223103722, 0.7325808663499999, 0.9433938678118676, 0.02154027113534878, 0.05973147269126404, 0.6657789875735685, 0.3900574334481488, 0.9900098934705202, 0.02373245673953155, 0.9751142315338803, 0.5791796167591425, 0.01786938985819292, 0.06112171908755479, 0.05262617777211029, 0.982124768297336, 0.04441164522562423, 0.7677048918062821, 0.7097604673270022, 0.8403674997650538, 0.6931296491666874, 0.26496465660820256, 0.9064103078402005, 0.012218922106073685, 0.7502720860724829, 0.5847647161773599, 0.23938620008120953, 0.43252762967711483, 0.9471883890937902, 0.983813869780268, 0.9676931480021922, 0.6339485374278176, 0.691432005712515, 0.940401751023699, 0.5573551158021706, 0.20178732082479248, 0.2723293580833167, 0.21013754508814114, 0.09983123354132334, 0.16290052113603612, 0.7829240393704728, 0.7655776699440843, 0.6797008792170895, 0.017105359813209334, 0.5336387663047556, 0.04415438080884321, 0.8051984497209299, 0.12098493269344794, 0.8055095946418217, 0.0958513685126604, 0.17324018187634882, 0.804295387499071, 0.9087946955626648, 0.6508497555554911, 0.9789058952630113, 0.40462924632788305, 0.8827755002638296, 0.08668018795959798, 0.6244458578656219, 0.5061234933136657, 0.004858646965561736], BATTLES: 281-190-192-378-324-299-394-347-275-
20, 9, -2600.0, [0.5586781974650401, 0.7708482563999908, 0.002229583053549436, 0.10149577584433299, 0.8050273001265419, 0.7395313387294885, 0.02360934265497317, 0.04234436717695447, 0.5527328790662384, 0.34480456613016053, 0.9877705989208345, 0.0050666899946306045, 0.950866771265553, 0.36462520268741805, 0.004466118001889299, 0.18838158850727132, 0.0981107645509359, 0.8947589211067041, 0.09204730331328312, 0.8652306702931506, 0.9408583602527357, 0.9445911342762345, 0.23197927030616322, 0.1222649697378076, 0.9842764073034715, 0.07279493826668129, 0.66385103296105, 0.7689275879156467, 0.21458335127373912, 0.6108122630920191, 0.9328074036323901, 0.8751528161919454, 0.9107372870841247, 0.7405086907198987, 0.6724410529599212, 0.7624333177831142, 0.8945662218797578, 0.18644275825041373, 0.32256461212936066, 0.2902440245371394, 0.0297112481967388, 0.19486288014395206, 0.885357325175728, 0.7939184929420013, 0.7898006328192335, 0.1017728855538875, 0.43660257399253416, 0.4016221950319054, 0.533003596985918, 0.18004119959328246, 0.856507532860415, 0.02560260276418591, 0.19306956087060412, 0.9471522159425995, 0.7869158752616946, 0.4990910819308547, 0.9064058378003761, 0.4939916816748564, 0.9044766291513249, 0.13653232031175835, 0.46235833179792096, 0.7420914862447768, 0.33609860808364445], BATTLES: 290-214-186-407-273-273-371-296-271-
20, 10, -2654.0, [0.502027829898621, 0.8472147253730063, 0.029236531216468, 0.07672034277370855, 0.6627721763131886, 0.8103540827343232, 0.005551402276324821, 0.05388683714714272, 0.5262327562569097, 0.47536099313657376, 0.9542887898798944, 0.015855041280690804, 0.9627119373859255, 0.6767048616828485, 0.09863761899727097, 0.22877295194130798, 0.12090013758708824, 0.8609995997827988, 0.2681131347010439, 0.8712716671191735, 0.915126538422892, 0.8281635788800487, 0.7700780134116954, 0.27973870494720865, 0.9864026395292629, 0.005165036706503701, 0.7596387224957657, 0.9388633959134103, 0.1906289650638391, 0.5441124355849088, 0.9168364352193412, 0.9743616398585118, 0.9350819127791158, 0.32093901089507676, 0.7482442272960417, 0.9055951120692778, 0.9191582619851042, 0.1239772937936479, 0.5637059218886181, 0.2668465825986244, 0.011630109940754974, 0.14107938845860224, 0.8361552771018841, 0.7872889304302374, 0.7127834668412887, 0.14961786572734784, 0.449591903726776, 0.26014428449370847, 0.6066500461236227, 0.2736551319849787, 0.955043621646213, 0.0848714778001051, 0.14294394496475468, 0.43849609941541895, 0.9299166641733171, 0.6968672672885152, 0.8410647562022466, 0.4041889733064836, 0.7938856137634869, 0.266605259802469, 0.6212777627849653, 0.6697762957495847, 0.008774892645713267], BATTLES: 287-187-202-408-265-288-420-313-284-
20, 11, -2561.0, [0.4125405459590495, 0.8395761892960043, 0.010037166752944887, 0.05098051577572628, 0.7127612283948062, 0.7800773038835369, 0.043368968719348304, 0.088140127521799, 0.42506886740290545, 0.35864488968071373, 0.989841283692789, 0.013361345854551704, 0.9833187494144466, 0.5345885888713859, 0.24386216603437474, 0.1453846681031183, 0.06025066592570047, 0.9043585015747521, 0.4078897460053542, 0.9653447450943171, 0.8265041809134122, 0.7054716146489741, 0.4755387512477897, 0.12305714913368923, 0.7980729190168899, 0.34131944481016835, 0.9212431237465986, 0.61454729432791, 0.2013011975530734, 0.21856641620884643, 0.8323755360788397, 0.9985738626022498, 0.9426759487736396, 0.12188333703480908, 0.6805784247322891, 0.8998902428274345, 0.5628673074467531, 0.0666768048807433, 0.46031309596481707, 0.1500040460875246, 0.021096059416227053, 0.11199271257560547, 0.8674651626529597, 0.7566533581796708, 0.5148274119012834, 0.07536193963502746, 0.11017297597446377, 0.39891287584569685, 0.7030914646393822, 0.2647412858880292, 0.869288417003858, 0.023022909913420958, 0.015636397189918175, 0.40147578294134695, 0.721866932895208, 0.9142411304421845, 0.9306578650996269, 0.6722306512973032, 0.9941700485636926, 0.2952129535854712, 0.4403381512465041, 0.32513099048616567, 0.004777753895350428], BATTLES: 269-198-204-412-282-280-365-255-296-
20, 12, -2685.0, [0.4414005486974436, 0.8555534242849976, 0.04273881599743996, 0.058060794265258064, 0.6670647949550865, 0.9758666985839821, 0.04326619856583435, 0.11019714825503205, 0.8039207823207414, 0.31398298538968045, 0.8289363867237021, 0.015819970675854722, 0.9750924128041532, 0.7051358251649323, 0.22968880649445617, 0.04258030865300469, 0.1272484253624476, 0.9415409576501793, 0.07031393315617969, 0.7188714811713436, 0.6703003517478636, 0.8005189352513324, 0.866725279941357, 0.48125747105086814, 0.9206920673293799, 0.2950699279410409, 0.9714651618378761, 0.6306658216736802, 0.0637834442747571, 0.08204216294320346, 0.9093321870549331, 0.9701011403911163, 0.9872486347828763, 0.431328467882379, 0.6810687468880772, 0.951443731447323, 0.41416412350262444, 0.10236242664971454, 0.5716015025475271, 0.05064409624522402, 0.031246577689882267, 0.16184845577564844, 0.7343252274234153, 0.7388056855383427, 0.6021506709784222, 0.062308670002952815, 0.5726532355960612, 0.06935938156747842, 0.8085831850312172, 0.1874242810119244, 0.8791705955449952, 0.10450413967743817, 0.16039618224565858, 0.20112521940877548, 0.891292089710398, 0.7544086873580059, 0.8147953949943816, 0.3939528144474101, 0.9937084235701067, 0.4797930344421588, 0.6027358617431421, 0.8054720135040208, 0.12352795621831313], BATTLES: 287-204-225-391-282-286-398-264-306-
20, 13, -2656.0, [0.36318596132531383, 0.9756192090665798, 0.15360784405174063, 0.04534122111492745, 0.6473433715090829, 0.9906391435440047, 0.028300633201232994, 0.20949873996115304, 0.27245405045633453, 0.4852491490378127, 0.928467697049522, 0.015104555211284953, 0.9255346820184478, 0.6381343863622813, 0.41287086607223955, 0.09280703989778999, 0.09194248728926901, 0.8028977168147355, 0.12694085998487753, 0.8591077129904577, 0.9150987540153425, 0.6173387583738006, 0.8023969151294038, 0.2355333214581468, 0.9695098590199465, 0.14759582358637402, 0.9982580987841396, 0.5678377908395071, 0.36829492257023044, 0.3421117172519016, 0.8551517015870754, 0.9940376606807797, 0.9728363315105176, 0.07092491945784073, 0.9070107526365356, 0.9685317215729008, 0.3746991058311046, 0.03395204498969627, 0.21003625758807418, 0.08512926870691373, 0.036771592802719466, 0.04382402328824164, 0.839685642048703, 0.7423996514093201, 0.47194487364418125, 0.1424297506149314, 0.2609203347922899, 0.15699975477891792, 0.965391036938725, 0.21476327056145367, 0.8813885959511933, 0.12904924347228963, 0.013887870708812353, 0.46588980481714104, 0.7589192852729677, 0.9593346906352396, 0.8442283969833242, 0.6201432508973438, 0.7568511352198581, 0.15930875037931802, 0.45415786667204294, 0.5353873780868337, 0.12181710673956349], BATTLES: 266-191-221-381-312-278-390-326-291-
20, 14, -2641.0, [0.4692344510740799, 0.8733263091689282, 0.030547885396107193, 0.0832133146376697, 0.6799540392298186, 0.9149076583643717, 0.17847337206678143, 0.054482841785383235, 0.9032883052437637, 0.26525989338147216, 0.8659354350741056, 0.16115104604586572, 0.9372248381733399, 0.7457306249902635, 0.2627445142739868, 0.11451557181576569, 0.0591509679282618, 0.9644673615822275, 0.18015893398009836, 0.7635820914176704, 0.9549327987345089, 0.674593844198894, 0.8630069314241215, 0.17308212943937157, 0.8639249204999028, 0.4523036094705627, 0.9451644714748264, 0.636234254502576, 0.024754381580257334, 0.24298025222039232, 0.8311219872332385, 0.8842785910727631, 0.9802765825392685, 0.0014727455467280631, 0.684612732247671, 0.9579043210001971, 0.3125973121585217, 0.029459480546733738, 0.4409325549584077, 0.26212219002077913, 0.07437010510499169, 0.12815532523753376, 0.7789872900717559, 0.8351365216209521, 0.7953984354694857, 0.1898708109732365, 0.4821394018738514, 0.25705792344521, 0.4912288457702517, 0.38095358339970226, 0.9736971615216086, 0.0995023865773525, 0.04875667434759157, 0.2924749260845734, 0.8084532981992965, 0.8229640483144944, 0.8297879952844036, 0.7303587165134282, 0.7858317150068801, 0.21457053183916744, 0.4392789713694687, 0.8514200836297094, 0.12903411079101104], BATTLES: 280-179-188-406-302-280-375-310-273-
21, 0, -2522.0, [0.4721916053365709, 0.707131221047997, 0.045198447594952736, 0.05306489323822703, 0.739156742980144, 0.6437095881362578, 0.2338392093396766, 0.0037790638867867266, 0.7940874500936695, 0.3029485887935098, 0.9716612384675841, 0.14446302297619468, 0.9514868565383395, 0.800481363485819, 0.364764080916032, 0.24068990657927442, 0.10047930254053444, 0.4461493634361692, 0.3925707394495133, 0.9804834607558964, 0.8983718964500489, 0.505997711852771, 0.6715497018647326, 0.09695452525229808, 0.6573173294417396, 0.40004385896596073, 0.8660934383902825, 0.9015754347740768, 0.14126195937326524, 0.3493132610459032, 0.8700605712289639, 0.9417298515466517, 0.9735408894685347, 0.12449044940990717, 0.7651559186607961, 0.8124208698109983, 0.7047865161027722, 0.1797722021205141, 0.4672094352420551, 0.07117539255328957, 0.12639235033718557, 0.02109679980007169, 0.7443649666538112, 0.9327876792833134, 0.8525724718081047, 0.049637213025307284, 0.5322861399504943, 0.24900675586052634, 0.7283492922978096, 0.11834915721715232, 0.9765602425061021, 0.03736986269219094, 0.08297467215643994, 0.6815256047659446, 0.8648334364400466, 0.8941174669052626, 0.9699948437457725, 0.721052032033119, 0.6033765563409866, 0.012906868578589116, 0.7390715941880153, 0.7159003736301071, 0.03716750103850536], BATTLES: 289-178-207-390-287-272-335-258-304-
21, 1, -2629.0, [0.49345066614864297, 0.7682970169490047, 0.034678760520735305, 0.10749708823651402, 0.6159671225387389, 0.7970551635525983, 0.050049550016889724, 0.07905316724581293, 0.44589837815681976, 0.44318532549898454, 0.8318591879714268, 0.010269221304849405, 0.987635945204531, 0.9387614123044423, 0.4030496484846306, 0.2147724156526211, 0.049472789730843236, 0.7061904137014081, 0.43212552395673204, 0.8147963246203002, 0.92673323425729, 0.9394902145382091, 0.47236863044339583, 0.22904635761438985, 0.9343596071692191, 0.5710499086859262, 0.7580328001024401, 0.6071988179949303, 0.1267799672373598, 0.09857705877224111, 0.9868311128688185, 0.9144779275613428, 0.9678059282454436, 0.22013685678092568, 0.8467371011063181, 0.7624777607989279, 0.19723477282585977, 0.1204830969719214, 0.6770595135014991, 0.3472345319429272, 0.006665171794075324, 0.1337389269988171, 0.9714029661133007, 0.8599433624386412, 0.9459860018223811, 0.05875834636404215, 0.14777220420921616, 0.7464395880331821, 0.9131414357756382, 0.0637477510839129, 0.9594770707287823, 0.028874633657409422, 0.34070216845035145, 0.5228066843086416, 0.7291762826167497, 0.819126778001843, 0.8890144019046211, 0.6151749699830809, 0.9629930353245325, 0.11945851066363529, 0.5507401624953477, 0.8852111311436037, 0.08486954219219288], BATTLES: 286-195-205-395-295-289-382-297-285-
21, 2, -2680.0, [0.33443330590030573, 0.7646606408734761, 0.09007395005418445, 0.020557740746583758, 0.7143345394926468, 0.9368079001076527, 0.008824080266824456, 0.10363601085966614, 0.29430612645661414, 0.3312228825480182, 0.8485645045979006, 0.0021609686494137026, 0.9851580992737492, 0.5400969988999809, 0.18590573332000476, 0.00434851186663663, 0.026723038172161734, 0.9424768014400309, 0.0016093951743977875, 0.8041472295665514, 0.5843183741026451, 0.8628702404714952, 0.9753457254184739, 0.4389330450750152, 0.9702171572952428, 0.34185573586723084, 0.8650524770104143, 0.8034681911364906, 0.2052343428065163, 0.18421511579183728, 0.8973112886303234, 0.9878553398604242, 0.9806838425718958, 0.3514322720147663, 0.8441193400809427, 0.9500926106200217, 0.9525539292844528, 0.08351238293420146, 0.36247282398139585, 0.08517601650424819, 0.019762602621943307, 0.2152891072108809, 0.7476005979102105, 0.7685891911466064, 0.7264467277388955, 0.095837282249669, 0.4054946530846392, 0.1033907573409057, 0.972755195967697, 0.03492013394746379, 0.8013583016333726, 0.10553996653643302, 0.13831178728490237, 0.295447334103295, 0.8975742975747637, 0.9222297734253031, 0.7977093274373137, 0.7521280091925153, 0.9497902362223769, 0.12085554442894453, 0.783509723874024, 0.3231364411317559, 0.03990238480344044], BATTLES: 308-195-203-403-297-279-378-347-270-
21, 3, -2683.0, [0.4313287535820782, 0.8601527569751578, 0.010578369498656481, 0.07168196580267826, 0.8385313334296642, 0.8739372575546511, 0.02660295702014113, 0.05678930128695367, 0.6180485742418331, 0.33207005874030904, 0.818560102173686, 0.04771574333590878, 0.9950346696441199, 0.3843723824567638, 0.07531967300259136, 0.04437123113389145, 0.006810281175775423, 0.946844143364864, 0.09187748334422277, 0.8165675557204386, 0.9783198300538566, 0.6861404559800383, 0.7271032080698523, 0.256105525755609, 0.8668713740561216, 0.29046880938519537, 0.7018955588050572, 0.7442446251266919, 0.22172340935181892, 0.6102095233097138, 0.9846572468692728, 0.9953870219211877, 0.9888192912633875, 0.3092199121988072, 0.7480743152208829, 0.8926576781572755, 0.8001385987985185, 0.14709637536141573, 0.2990611038235829, 0.12257532357769166, 0.07751495625712873, 0.002862370195010913, 0.8594241659302204, 0.7754426932934526, 0.8213819063357437, 0.04220520190049911, 0.03419568107205043, 0.09663122946108436, 0.969680290612778, 0.211678882409172, 0.8366704580997693, 0.1131596888750831, 0.15330875795100873, 0.9261604091580209, 0.859212311348017, 0.4961181591731322, 0.9054290152627874, 0.7370295844218538, 0.9347354447806386, 0.19040811597606144, 0.5426805115063874, 0.5071528018196775, 0.031160650178502974], BATTLES: 304-173-205-382-297-295-375-296-296-
21, 4, -2590.0, [0.2992316651782421, 0.8059845230654497, 0.05578612532244895, 0.03721673084010432, 0.7490339134459099, 0.8560418958076788, 0.057055494276442374, 0.07925408343433203, 0.39831280543245207, 0.4071486579730697, 0.8177959682495394, 0.029612629265670057, 0.9773439485245384, 0.6774465496475458, 0.21516952302477746, 0.2692959037224664, 0.1346042075044725, 0.3704215586042955, 0.13670250803426265, 0.9225013436738492, 0.835267388228042, 0.847688815941412, 0.8872164777054862, 0.1398973822972551, 0.8821091439403878, 0.3858608971705123, 0.9284591182857751, 0.4643138870107386, 0.22990126865487892, 0.3405946647537707, 0.7340733616495032, 0.9908875394205585, 0.9565438302196076, 0.32265125731674943, 0.8181383380084404, 0.9736247957084335, 0.6524182914069866, 0.09371482878620763, 0.35918343030323857, 0.11819161423893833, 0.009595395139692077, 0.21062285975557354, 0.8707953215496961, 0.8072803864842256, 0.6943366184053695, 0.24038129525094604, 0.22158520229541576, 0.12103805715821786, 0.9456303430697255, 0.2691290015663129, 0.855752586723419, 0.0641476788927554, 0.006151441797248233, 0.3543626798250633, 0.9366216089292992, 0.8232069942028472, 0.8978447364621505, 0.5166213510346774, 0.9249311952508231, 0.17779589636296675, 0.8293176508274155, 0.40026689216497235, 0.037428196174446926], BATTLES: 286-206-225-360-291-312-371-247-292-
21, 5, -2698.0, [0.5108217228130735, 0.8425487356687485, 0.04605890667211965, 0.05559344178705458, 0.7447339793515682, 0.8750620370153611, 0.04879989043699744, 0.0232819524206961, 0.6458951984787952, 0.41993117492084076, 0.8300621798569562, 0.024959186591794354, 0.963326040803709, 0.6152067292304344, 0.20209878133710366, 0.19393462988515958, 0.04891113713132729, 0.9882537849583489, 0.1530119263429114, 0.8431887868436356, 0.8015942859717374, 0.7887622752923346, 0.7485267872137462, 0.29443473746783366, 0.9391716644738424, 0.06221259878367803, 0.7669793241899673, 0.7563439066719013, 0.1728888796742712, 0.4256248308718634, 0.897957637204538, 0.9842967369163204, 0.9155210598697179, 0.27921574326562, 0.7093645618458123, 0.899619330312967, 0.8386037486487167, 0.09457636517072657, 0.3089430434325957, 0.14181800306135828, 0.01878243040962689, 0.0015776053851063593, 0.9774179860809113, 0.7015428637007407, 0.8810434440861866, 0.11477703020646679, 0.3296222026747015, 0.21365620515203332, 0.8355229382704608, 0.18199683157133917, 0.8777404234612559, 0.1103496946431052, 0.1717672381015671, 0.4224470417113319, 0.8985206997891549, 0.5236397213054476, 0.8835367836614045, 0.5766002674871054, 0.933362686238865, 0.17352380381144217, 0.7495316282980807, 0.5655458588374467, 0.13658549192103067], BATTLES: 300-168-213-404-299-293-385-312-285-
21, 6, -2549.0, [0.44137933889382414, 0.8976929482197716, 0.023096889548650305, 0.010212659621561579, 0.7275421430227127, 0.8747173505847348, 0.015967219664889162, 0.025082153449742198, 0.8892512180274608, 0.48013298068582533, 0.8262126684930862, 0.021001082993840507, 0.9725218733454961, 0.711881220076587, 0.3078973480329602, 0.006998802878628269, 0.009014144318822831, 0.6495606770591034, 0.22745406004496488, 0.9199267956548279, 0.6093884030305492, 0.46633684932807973, 0.8590291458550774, 0.32277505718224536, 0.7688054134902929, 0.3626160820758507, 0.9285717236689581, 0.6483959242162596, 0.07030314959244659, 0.4480611644591893, 0.8570629195112502, 0.9928598839526375, 0.9453184223720459, 0.2165000116490492, 0.7200444717328675, 0.9260785435000637, 0.9794242638011339, 0.028705030482331154, 0.4363240273522616, 0.18890766558492086, 0.07026383096554571, 0.24034933897859728, 0.925174107594043, 0.7599100723651938, 0.8294246102823627, 0.23667666134612925, 0.4901339020408874, 0.35548861992381237, 0.9587454683103798, 0.3626792954098726, 0.9006667765127488, 0.036512994929950214, 0.20229868344762883, 0.6505065010007217, 0.8721698208547793, 0.785029448206513, 0.9210331403123281, 0.45488918544510293, 0.889598774463337, 0.07766068264774476, 0.5798304016933362, 0.4930659878337634, 0.34957320980508527], BATTLES: 308-166-221-406-276-287-333-246-293-
21, 7, -2710.0, [0.31646069327659065, 0.7948842265715996, 0.04827235922521425, 0.006012623889897508, 0.7534870250935726, 0.8204556326465449, 0.03747509050543755, 0.13802499926870954, 0.3016068795775065, 0.491598768032278, 0.7240398667295949, 0.024112215251432517, 0.9824023652549445, 0.6693676892637651, 0.3384112080045468, 0.0698759066573875, 0.0800843618034118, 0.9137297241449748, 0.20402595724222905, 0.6249020505813494, 0.8667090300680319, 0.5345892587389363, 0.7796986043733766, 0.3896187718531533, 0.9408445400773923, 0.17660396573612383, 0.9268360671757799, 0.60447271490317, 0.01446346745731654, 0.13156065437798636, 0.8615495934118069, 0.9942316391921134, 0.9263658572357591, 0.07475738669826562, 0.7123659721618388, 0.9786906028797298, 0.9362788991103976, 0.0027916554865888114, 0.7242607865392817, 0.18617062531046386, 0.07736762423651802, 0.013001584788282922, 0.9021291320601001, 0.8137175419065374, 0.8549081314090974, 0.24051188426052297, 0.21694662802481196, 0.21857830431700265, 0.9344696242869366, 0.11146756590563736, 0.9726615026433689, 0.025793216198536237, 0.0188044970863887, 0.16675357523186596, 0.8107776735005251, 0.9487537730067598, 0.9266721370586908, 0.4663861093586951, 0.9440254825822116, 0.24783457279630092, 0.6350313234569522, 0.5385161220669303, 0.2926284996611483], BATTLES: 327-195-225-404-296-286-383-295-299-
21, 8, -2656.0, [0.44074480473734495, 0.7820131757689327, 0.10183429536954337, 0.03061066390934607, 0.7901131631640227, 0.9376030965263152, 0.02154027113534878, 0.05973147269126404, 0.40845341445387034, 0.3900574334481488, 0.9900098934705202, 0.00766025648816182, 0.9925909351648305, 0.5828819536881777, 0.01786938985819292, 0.030560859543777394, 0.06791578915155722, 0.9920026532596737, 0.04441164522562423, 0.7677048918062821, 0.7097604673270022, 0.939865485987164, 0.6931296491666874, 0.26496465660820256, 0.9645874977833282, 0.15503941360606516, 0.7993396779464192, 0.5847647161773599, 0.23938620008120953, 0.29188183616678404, 0.9417192923110923, 0.983813869780268, 0.9847482152190035, 0.6339485374278176, 0.7865196868529678, 0.940401751023699, 0.921539429786276, 0.20178732082479248, 0.4530396880681015, 0.2142219858332141, 0.09983123354132334, 0.16290052113603612, 0.6904034405499849, 0.8120813462794249, 0.5779024916479348, 0.017105359813209334, 0.6450640420732847, 0.06186650362768716, 0.7678062212500839, 0.12098493269344794, 0.8443810187513172, 0.0958513685126604, 0.10304234776088284, 0.42273903402870133, 0.9373558098889502, 0.8837975713692181, 0.9789058952630113, 0.40462924632788305, 0.8827755002638296, 0.08668018795959798, 0.6405884584511841, 0.487378943054737, 0.004858646965561736], BATTLES: 295-160-192-389-287-302-397-326-290-
21, 9, -2602.0, [0.49443701675797336, 0.7708482563999908, 0.002229583053549436, 0.09544542029775445, 0.7155708274914016, 0.8015838537657657, 0.02360934265497317, 0.04234436717695447, 0.5527328790662384, 0.34480456613016053, 0.9877705989208345, 0.0050666899946306045, 0.9399660275929814, 0.36462520268741805, 0.004466118001889299, 0.18838158850727132, 0.0981107645509359, 0.9473794605533521, 0.09204730331328312, 0.8224884347078121, 0.9408583602527357, 0.8293165692295618, 0.5910543369854574, 0.1222649697378076, 0.9892835841861789, 0.07279493826668129, 0.66385103296105, 0.7689275879156467, 0.21458335127373912, 0.6108122630920191, 0.8919573348352512, 0.8751528161919454, 0.9279616345098596, 0.7405086907198987, 0.6724410529599212, 0.7624333177831142, 0.8945662218797578, 0.18644275825041373, 0.32256461212936066, 0.2902440245371394, 0.02398875239943419, 0.17566646070015562, 0.885357325175728, 0.7414939239194739, 0.7898006328192335, 0.1017728855538875, 0.43660257399253416, 0.21578246308346571, 0.533003596985918, 0.09002059979664123, 0.856507532860415, 0.07066252573295137, 0.19306956087060412, 0.9471522159425995, 0.9316536745924194, 0.4990910819308547, 0.87763345664774, 0.5440541652407865, 0.9044766291513249, 0.13653232031175835, 0.46235833179792096, 0.5702138710187972, 0.2267489268586192], BATTLES: 277-167-153-409-276-242-391-296-270-
21, 10, -2652.0, [0.502027829898621, 0.8472147253730063, 0.029236531216468, 0.07672034277370855, 0.6627721763131886, 0.8103540827343232, 0.005551402276324821, 0.05388683714714272, 0.5262327562569097, 0.47536099313657376, 0.9542887898798944, 0.015855041280690804, 0.9627119373859255, 0.6767048616828485, 0.09863761899727097, 0.22877295194130798, 0.12090013758708824, 0.8609995997827988, 0.2681131347010439, 0.8712716671191735, 0.915126538422892, 0.8281635788800487, 0.7700780134116954, 0.27973870494720865, 0.9864026395292629, 0.005165036706503701, 0.7596387224957657, 0.9388633959134103, 0.1906289650638391, 0.5441124355849088, 0.9168364352193412, 0.9743616398585118, 0.9350819127791158, 0.32093901089507676, 0.7482442272960417, 0.9055951120692778, 0.9191582619851042, 0.1239772937936479, 0.5637059218886181, 0.2668465825986244, 0.011630109940754974, 0.14107938845860224, 0.8361552771018841, 0.7872889304302374, 0.7127834668412887, 0.14961786572734784, 0.449591903726776, 0.26014428449370847, 0.6066500461236227, 0.2736551319849787, 0.955043621646213, 0.0848714778001051, 0.14294394496475468, 0.43849609941541895, 0.9299166641733171, 0.6968672672885152, 0.8410647562022466, 0.4041889733064836, 0.7938856137634869, 0.266605259802469, 0.6212777627849653, 0.6697762957495847, 0.008774892645713267], BATTLES: 282-190-212-396-287-297-397-297-294-
21, 11, -2605.0, [0.40800972604417013, 0.8395761892960043, 0.010037166752944887, 0.02941084019104297, 0.7127612283948062, 0.7800773038835369, 0.043368968719348304, 0.040481896078819045, 0.6075314174499185, 0.31848157804552985, 0.989841283692789, 0.013361345854551704, 0.9282416848083355, 0.7856848665686833, 0.24386216603437474, 0.17484104456997462, 0.06025066592570047, 0.9043585015747521, 0.35730820380608685, 0.9653447450943171, 0.8265041809134122, 0.5822639954210552, 0.4755387512477897, 0.12305714913368923, 0.8991350459789358, 0.34131944481016835, 0.9606215618732993, 0.8498898916405897, 0.2013011975530734, 0.2689009458259828, 0.5983142040032731, 0.9266148391840933, 0.9664208251374992, 0.2560001514579052, 0.7136365156955963, 0.8175212842581883, 0.5628673074467531, 0.0666768048807433, 0.46031309596481707, 0.1500040460875246, 0.021096059416227053, 0.19373697579735843, 0.8674651626529597, 0.7566533581796708, 0.579652129201015, 0.17043532272864675, 0.620838398684465, 0.21785784391602572, 0.7030914646393822, 0.2647412858880292, 0.8900968480858384, 0.061799661745105254, 0.09862136696081397, 0.2152781950807025, 0.8553302724072699, 0.9142411304421845, 0.8667862619747472, 0.718041687763693, 0.9941700485636926, 0.2952129535854712, 0.4403381512465041, 0.46106934866453975, 0.2332017934442875], BATTLES: 269-199-207-421-280-303-377-253-276-
21, 12, -2717.0, [0.4414005486974436, 0.8555534242849976, 0.04273881599743996, 0.058060794265258064, 0.6670647949550865, 0.9758666985839821, 0.04326619856583435, 0.11019714825503205, 0.8039207823207414, 0.31398298538968045, 0.8289363867237021, 0.015819970675854722, 0.9750924128041532, 0.7051358251649323, 0.22968880649445617, 0.04258030865300469, 0.1272484253624476, 0.9415409576501793, 0.07031393315617969, 0.7188714811713436, 0.6703003517478636, 0.8005189352513324, 0.866725279941357, 0.48125747105086814, 0.9206920673293799, 0.2950699279410409, 0.9714651618378761, 0.6306658216736802, 0.0637834442747571, 0.08204216294320346, 0.9093321870549331, 0.9701011403911163, 0.9872486347828763, 0.431328467882379, 0.6810687468880772, 0.951443731447323, 0.41416412350262444, 0.10236242664971454, 0.5716015025475271, 0.05064409624522402, 0.031246577689882267, 0.16184845577564844, 0.7343252274234153, 0.7388056855383427, 0.6021506709784222, 0.062308670002952815, 0.5726532355960612, 0.06935938156747842, 0.8085831850312172, 0.1874242810119244, 0.8791705955449952, 0.10450413967743817, 0.16039618224565858, 0.20112521940877548, 0.891292089710398, 0.7544086873580059, 0.8147953949943816, 0.3939528144474101, 0.9937084235701067, 0.4797930344421588, 0.6027358617431421, 0.8054720135040208, 0.12352795621831313], BATTLES: 292-212-233-422-279-302-370-298-309-
21, 13, -2684.0, [0.36318596132531383, 0.9756192090665798, 0.15360784405174063, 0.04534122111492745, 0.6473433715090829, 0.9906391435440047, 0.028300633201232994, 0.20949873996115304, 0.27245405045633453, 0.4852491490378127, 0.928467697049522, 0.015104555211284953, 0.9255346820184478, 0.6381343863622813, 0.41287086607223955, 0.09280703989778999, 0.09194248728926901, 0.8028977168147355, 0.12694085998487753, 0.8591077129904577, 0.9150987540153425, 0.6173387583738006, 0.8023969151294038, 0.2355333214581468, 0.9695098590199465, 0.14759582358637402, 0.9982580987841396, 0.5678377908395071, 0.36829492257023044, 0.3421117172519016, 0.8551517015870754, 0.9940376606807797, 0.9728363315105176, 0.07092491945784073, 0.9070107526365356, 0.9685317215729008, 0.3746991058311046, 0.03395204498969627, 0.21003625758807418, 0.08512926870691373, 0.036771592802719466, 0.04382402328824164, 0.839685642048703, 0.7423996514093201, 0.47194487364418125, 0.1424297506149314, 0.2609203347922899, 0.15699975477891792, 0.965391036938725, 0.21476327056145367, 0.8813885959511933, 0.12904924347228963, 0.013887870708812353, 0.46588980481714104, 0.7589192852729677, 0.9593346906352396, 0.8442283969833242, 0.6201432508973438, 0.7568511352198581, 0.15930875037931802, 0.45415786667204294, 0.5353873780868337, 0.12181710673956349], BATTLES: 279-187-236-403-306-297-381-309-286-
21, 14, -2677.0, [0.4426360701610967, 0.8733263091689282, 0.007363089868353091, 0.0640651217604883, 0.7780073372122442, 0.8529109862754061, 0.17847337206678143, 0.054482841785383235, 0.7695708701118266, 0.35721174604997274, 0.8344922334895075, 0.16115104604586572, 0.9430300815504162, 0.7457306249902635, 0.2627445142739868, 0.11451557181576569, 0.0591509679282618, 0.9644673615822275, 0.16947954964081502, 0.7635820914176704, 0.9774663993672544, 0.674593844198894, 0.7367616581901468, 0.17308212943937157, 0.8639249204999028, 0.2262370588719596, 0.9451644714748264, 0.636234254502576, 0.024754381580257334, 0.35536239248818813, 0.8311219872332385, 0.8842785910727631, 0.9396677893382259, 0.0014727455467280631, 0.684612732247671, 0.9579043210001971, 0.4501251361452977, 0.013117268546002155, 0.4409325549584077, 0.26212219002077913, 0.05388995995542635, 0.007943335691261919, 0.9226684153516485, 0.8351365216209521, 0.8976992177347429, 0.19338190842955688, 0.4821394018738514, 0.25705792344521, 0.6488281561032065, 0.38095358339970226, 0.9868485807608043, 0.0995023865773525, 0.04613155760076566, 0.2924749260845734, 0.787944000267015, 0.7007448087242023, 0.90683700602327, 0.7321609496690702, 0.9048588211407966, 0.21457053183916744, 0.46308292683247154, 0.7482232704546498, 0.037204792700002376], BATTLES: 275-189-217-409-310-296-367-246-285-
22, 0, -2503.0, [0.39414913127403817, 0.735613050152612, 0.027887745286072685, 0.05306489323822703, 0.7826894181579407, 0.6535118806277754, 0.2338392093396766, 0.0018895319433933633, 0.5681542492644578, 0.3029485887935098, 0.9045024106131612, 0.14446302297619468, 0.9638263958812646, 0.6866118176519824, 0.364764080916032, 0.24068990657927442, 0.10047930254053444, 0.6754385000816452, 0.22771068809621053, 0.8745357793959889, 0.8983718964500489, 0.505997711852771, 0.6715497018647326, 0.09695452525229808, 0.8567666863467985, 0.333444790919907, 0.8883432297775499, 0.9015754347740768, 0.0674188903171255, 0.3493132610459032, 0.8769994380030501, 0.9938313883745284, 0.9867704447342673, 0.12449044940990717, 0.7651559186607961, 0.8124208698109983, 0.7047865161027722, 0.12075434424747636, 0.5545855946895204, 0.06034388451635954, 0.11184158371057988, 0.010548399900035844, 0.8339788715698613, 0.9327876792833134, 0.8525724718081047, 0.049637213025307284, 0.4041111516069146, 0.2941926430548666, 0.7283492922978096, 0.10440567960429066, 0.9765602425061021, 0.014619410074805609, 0.007259233187977707, 0.6815256047659446, 0.8648334364400466, 0.8941174669052626, 0.9849974218728863, 0.721052032033119, 0.8105167663825055, 0.10411186219008105, 0.6135208488742815, 0.7159003736301071, 0.13168314281517862], BATTLES: 271-175-197-370-289-258-335-278-276-
22, 1, -2614.0, [0.49345066614864297, 0.7682970169490047, 0.034678760520735305, 0.05673964036745269, 0.6159671225387389, 0.7970551635525983, 0.039206284644886534, 0.03952658362290647, 0.38333199791493583, 0.5056958195946176, 0.8320032613331481, 0.010269221304849405, 0.99757019375938, 0.5206407635682065, 0.2467408465016384, 0.08952314100732925, 0.049472789730843236, 0.9978800997438271, 0.43212552395673204, 0.8087490045837173, 0.963366617128645, 0.9394902145382091, 0.47236863044339583, 0.3636603931144613, 0.9343596071692191, 0.42358771017045443, 0.7580328001024401, 0.6071988179949303, 0.10863388027501628, 0.28045605117690997, 0.9934155564344093, 0.9572389637806714, 0.9678059282454436, 0.11006842839046284, 0.8467371011063181, 0.9210516984211061, 0.19723477282585977, 0.11942483210138768, 0.5085279783108891, 0.15481910732900683, 0.006665171794075324, 0.006556646462247212, 0.993096678948505, 0.8599433624386412, 0.9459860018223811, 0.05875834636404215, 0.022906375655462885, 0.5109361556048517, 0.9131414357756382, 0.0637477510839129, 0.9797385353643911, 0.03732751534349776, 0.34070216845035145, 0.5228066843086416, 0.8175373775958857, 0.6796396669272042, 0.9445072009523106, 0.6151749699830809, 0.9814965176622663, 0.19790272030817407, 0.5507401624953477, 0.6762273998730097, 0.08486954219219288], BATTLES: 295-204-200-381-274-291-363-291-280-
22, 2, -2647.0, [0.33443330590030573, 0.7646606408734761, 0.09007395005418445, 0.020557740746583758, 0.7143345394926468, 0.9368079001076527, 0.008824080266824456, 0.10363601085966614, 0.29430612645661414, 0.3312228825480182, 0.8485645045979006, 0.0021609686494137026, 0.9851580992737492, 0.5400969988999809, 0.18590573332000476, 0.00434851186663663, 0.026723038172161734, 0.9424768014400309, 0.0016093951743977875, 0.8041472295665514, 0.5843183741026451, 0.8628702404714952, 0.9753457254184739, 0.4389330450750152, 0.9702171572952428, 0.34185573586723084, 0.8650524770104143, 0.8034681911364906, 0.2052343428065163, 0.18421511579183728, 0.8973112886303234, 0.9878553398604242, 0.9806838425718958, 0.3514322720147663, 0.8441193400809427, 0.9500926106200217, 0.9525539292844528, 0.08351238293420146, 0.36247282398139585, 0.08517601650424819, 0.019762602621943307, 0.2152891072108809, 0.7476005979102105, 0.7685891911466064, 0.7264467277388955, 0.095837282249669, 0.4054946530846392, 0.1033907573409057, 0.972755195967697, 0.03492013394746379, 0.8013583016333726, 0.10553996653643302, 0.13831178728490237, 0.295447334103295, 0.8975742975747637, 0.9222297734253031, 0.7977093274373137, 0.7521280091925153, 0.9497902362223769, 0.12085554442894453, 0.783509723874024, 0.3231364411317559, 0.03990238480344044], BATTLES: 290-188-197-406-306-273-393-319-275-
22, 3, -2670.0, [0.4313287535820782, 0.8601527569751578, 0.010578369498656481, 0.03584098290133913, 0.8566229222519256, 0.8739372575546511, 0.02660295702014113, 0.05678930128695367, 0.756687833828677, 0.33207005874030904, 0.818560102173686, 0.02385787166795439, 0.99751733482206, 0.4388495373551283, 0.07531967300259136, 0.04437123113389145, 0.006810281175775423, 0.946844143364864, 0.045938741672111386, 0.8165675557204386, 0.9783198300538566, 0.6861404559800383, 0.8635516040349261, 0.5132100917614665, 0.9334356870280608, 0.29046880938519537, 0.7018955588050572, 0.7481685496878198, 0.11086170467590946, 0.6102095233097138, 0.9846572468692728, 0.9976935109605938, 0.9888192912633875, 0.1546099560994036, 0.7480743152208829, 0.9463288390786377, 0.7520806713050807, 0.07354818768070787, 0.2990611038235829, 0.06128766178884583, 0.038757478128564365, 0.0014311850975054566, 0.9297120829651102, 0.7799969720408019, 0.9563839759884414, 0.04220520190049911, 0.03419568107205043, 0.09663122946108436, 0.969680290612778, 0.04611854702181717, 0.9863320335146221, 0.09708504752110134, 0.15330875795100873, 0.9261604091580209, 0.7975712895729876, 0.4961181591731322, 0.9054290152627874, 0.7370295844218538, 0.9673677223903193, 0.19040811597606144, 0.5426805115063874, 0.5928996158587674, 0.031160650178502974], BATTLES: 281-199-203-402-305-283-376-297-307-
22, 4, -2638.0, [0.35112149086090866, 0.8059845230654497, 0.05578612532244895, 0.03721673084010432, 0.7490339134459099, 0.9403806254258431, 0.057055494276442374, 0.1442934741086756, 0.39831280543245207, 0.4071486579730697, 0.7256463936637724, 0.014806314632835028, 0.9773439485245384, 0.7062945900201212, 0.23047363152804284, 0.2692959037224664, 0.12403704688128206, 0.3704215586042955, 0.0915020754360163, 0.6830183154078626, 0.835267388228042, 0.7812194804548418, 0.84709058426517, 0.390321261601568, 0.9689773999656726, 0.32820410344619044, 0.9443854207235739, 0.4643138870107386, 0.22990126865487892, 0.3405946647537707, 0.7340733616495032, 0.9908875394205585, 0.9811724909938079, 0.40268579213548694, 0.7127503406671717, 0.9736247957084335, 0.7477550250493843, 0.051500587248984014, 0.5951324144166045, 0.11819161423893833, 0.009595395139692077, 0.21062285975557354, 0.7779714787885245, 0.8072803864842256, 0.6943366184053695, 0.24038129525094604, 0.36992453598204844, 0.08508593985720668, 0.9456303430697255, 0.2691290015663129, 0.855752586723419, 0.0641476788927554, 0.006151441797248233, 0.14412490029708924, 0.9366216089292992, 0.8232069942028472, 0.8853743407464661, 0.4350677587228562, 0.9609004084529618, 0.17779589636296675, 0.7084053213336847, 0.40026689216497235, 0.1115963534729123], BATTLES: 283-187-208-410-302-311-340-251-268-
22, 5, -2677.0, [0.5108217228130735, 0.8425487356687485, 0.04605890667211965, 0.05559344178705458, 0.7447339793515682, 0.8750620370153611, 0.04879989043699744, 0.0232819524206961, 0.6458951984787952, 0.41993117492084076, 0.8300621798569562, 0.024959186591794354, 0.963326040803709, 0.6152067292304344, 0.20209878133710366, 0.19393462988515958, 0.04891113713132729, 0.9882537849583489, 0.1530119263429114, 0.8431887868436356, 0.8015942859717374, 0.7887622752923346, 0.7485267872137462, 0.29443473746783366, 0.9391716644738424, 0.06221259878367803, 0.7669793241899673, 0.7563439066719013, 0.1728888796742712, 0.4256248308718634, 0.897957637204538, 0.9842967369163204, 0.9155210598697179, 0.27921574326562, 0.7093645618458123, 0.899619330312967, 0.8386037486487167, 0.09457636517072657, 0.3089430434325957, 0.14181800306135828, 0.01878243040962689, 0.0015776053851063593, 0.9774179860809113, 0.7015428637007407, 0.8810434440861866, 0.11477703020646679, 0.3296222026747015, 0.21365620515203332, 0.8355229382704608, 0.18199683157133917, 0.8777404234612559, 0.1103496946431052, 0.1717672381015671, 0.4224470417113319, 0.8985206997891549, 0.5236397213054476, 0.8835367836614045, 0.5766002674871054, 0.933362686238865, 0.17352380381144217, 0.7495316282980807, 0.5655458588374467, 0.13658549192103067], BATTLES: 293-205-207-395-300-293-380-303-301-
22, 6, -2623.0, [0.44137933889382414, 0.8976929482197716, 0.023096889548650305, 0.010212659621561579, 0.7275421430227127, 0.8747173505847348, 0.015967219664889162, 0.025082153449742198, 0.8892512180274608, 0.48013298068582533, 0.8262126684930862, 0.021001082993840507, 0.9725218733454961, 0.711881220076587, 0.3078973480329602, 0.006998802878628269, 0.009014144318822831, 0.6495606770591034, 0.22745406004496488, 0.9199267956548279, 0.6093884030305492, 0.46633684932807973, 0.8590291458550774, 0.32277505718224536, 0.7688054134902929, 0.3626160820758507, 0.9285717236689581, 0.6483959242162596, 0.07030314959244659, 0.4480611644591893, 0.8570629195112502, 0.9928598839526375, 0.9453184223720459, 0.2165000116490492, 0.7200444717328675, 0.9260785435000637, 0.9794242638011339, 0.028705030482331154, 0.4363240273522616, 0.18890766558492086, 0.07026383096554571, 0.24034933897859728, 0.925174107594043, 0.7599100723651938, 0.8294246102823627, 0.23667666134612925, 0.4901339020408874, 0.35548861992381237, 0.9587454683103798, 0.3626792954098726, 0.9006667765127488, 0.036512994929950214, 0.20229868344762883, 0.6505065010007217, 0.8721698208547793, 0.785029448206513, 0.9210331403123281, 0.45488918544510293, 0.889598774463337, 0.07766068264774476, 0.5798304016933362, 0.4930659878337634, 0.34957320980508527], BATTLES: 277-184-236-394-298-315-363-243-313-
22, 7, -2669.0, [0.31646069327659065, 0.7796725265773022, 0.02066186883573626, 0.016888700201644895, 0.7216424209934813, 0.8362393085894149, 0.04803514917502439, 0.13802499926870954, 0.3687517902801547, 0.491598768032278, 0.7240398667295949, 0.024112215251432517, 0.9823917600889854, 0.6693676892637651, 0.4413677089039244, 0.060863707632410696, 0.0800843618034118, 0.9137297241449748, 0.2166159689275016, 0.6011661855421716, 0.8667090300680319, 0.5152205491402266, 0.864076132174199, 0.49474960309765226, 0.9408445400773923, 0.17660396573612383, 0.9268360671757799, 0.6267833098635438, 0.00723173372865827, 0.13156065437798636, 0.8431492873343265, 0.987566458737427, 0.9358709560803123, 0.03737869334913281, 0.7123659721618388, 0.9786906028797298, 0.9362788991103976, 0.0027916554865888114, 0.7242607865392817, 0.10864757444946274, 0.04403151041850122, 0.012490220108202811, 0.878507295566574, 0.8007048073786114, 0.8172142400224455, 0.26248331029932176, 0.21694662802481196, 0.2308293940635645, 0.9361148016250281, 0.11146756590563736, 0.9726615026433689, 0.025793216198536237, 0.0188044970863887, 0.08337678761593298, 0.8107776735005251, 0.9990894099591224, 0.9266721370586908, 0.46119674529585464, 0.9979453063619453, 0.43891017755041967, 0.6350313234569522, 0.5385161220669303, 0.2926284996611483], BATTLES: 304-189-220-381-293-296-382-293-289-
22, 8, -2646.0, [0.44074480473734495, 0.7820131757689327, 0.10183429536954337, 0.03061066390934607, 0.7901131631640227, 0.9376030965263152, 0.02154027113534878, 0.05973147269126404, 0.40845341445387034, 0.3900574334481488, 0.9900098934705202, 0.00766025648816182, 0.9925909351648305, 0.5828819536881777, 0.01786938985819292, 0.030560859543777394, 0.06791578915155722, 0.9920026532596737, 0.04441164522562423, 0.7677048918062821, 0.7097604673270022, 0.939865485987164, 0.6931296491666874, 0.26496465660820256, 0.9645874977833282, 0.15503941360606516, 0.7993396779464192, 0.5847647161773599, 0.23938620008120953, 0.29188183616678404, 0.9417192923110923, 0.983813869780268, 0.9847482152190035, 0.6339485374278176, 0.7865196868529678, 0.940401751023699, 0.921539429786276, 0.20178732082479248, 0.4530396880681015, 0.2142219858332141, 0.09983123354132334, 0.16290052113603612, 0.6904034405499849, 0.8120813462794249, 0.5779024916479348, 0.017105359813209334, 0.6450640420732847, 0.06186650362768716, 0.7678062212500839, 0.12098493269344794, 0.8443810187513172, 0.0958513685126604, 0.10304234776088284, 0.42273903402870133, 0.9373558098889502, 0.8837975713692181, 0.9789058952630113, 0.40462924632788305, 0.8827755002638296, 0.08668018795959798, 0.6405884584511841, 0.487378943054737, 0.004858646965561736], BATTLES: 297-191-202-377-282-282-404-312-299-
22, 9, -2614.0, [0.49443701675797336, 0.8216259388913671, 0.002229583053549436, 0.07621923951209995, 0.7076849809761242, 0.7394143425907758, 0.02360934265497317, 0.04234436717695447, 0.5416379468161802, 0.5236574696326688, 0.9919613693678334, 0.02273746904666277, 0.9399660275929814, 0.5605059487790223, 0.14701581506128908, 0.23669380412936614, 0.0981107645509359, 0.9140914100841737, 0.09204730331328312, 0.8167331177374945, 0.9408583602527357, 0.7301516395917762, 0.5814479803809526, 0.1222649697378076, 0.9878558049285773, 0.036397469133340646, 0.689921214005937, 0.7521345860872135, 0.11693601346511472, 0.6108122630920191, 0.9450102558232272, 0.9431865063039186, 0.911849443886478, 0.30357517983874616, 0.640108553651117, 0.7624333177831142, 0.8945662218797578, 0.12073735251698726, 0.6514058917002844, 0.33508587732526196, 0.02398875239943419, 0.05817444728529276, 0.9462233976621736, 0.7940367159609119, 0.7303405847041615, 0.18816298271494122, 0.46943349756024005, 0.21578246308346571, 0.5534379417615022, 0.22019491203397723, 0.856507532860415, 0.07066252573295137, 0.09504209272189927, 0.470242836147306, 0.8693294016124914, 0.6287096785806139, 0.87763345664774, 0.2981043280877609, 0.9044766291513249, 0.28507751811828497, 0.4086977073571405, 0.7522126231527857, 0.24683146011672225], BATTLES: 293-191-196-410-286-244-384-286-269-
22, 10, -2625.0, [0.502027829898621, 0.8472147253730063, 0.029236531216468, 0.07672034277370855, 0.6627721763131886, 0.8103540827343232, 0.005551402276324821, 0.05388683714714272, 0.5262327562569097, 0.47536099313657376, 0.9542887898798944, 0.015855041280690804, 0.9627119373859255, 0.6767048616828485, 0.09863761899727097, 0.22877295194130798, 0.12090013758708824, 0.8609995997827988, 0.2681131347010439, 0.8712716671191735, 0.915126538422892, 0.8281635788800487, 0.7700780134116954, 0.27973870494720865, 0.9864026395292629, 0.005165036706503701, 0.7596387224957657, 0.9388633959134103, 0.1906289650638391, 0.5441124355849088, 0.9168364352193412, 0.9743616398585118, 0.9350819127791158, 0.32093901089507676, 0.7482442272960417, 0.9055951120692778, 0.9191582619851042, 0.1239772937936479, 0.5637059218886181, 0.2668465825986244, 0.011630109940754974, 0.14107938845860224, 0.8361552771018841, 0.7872889304302374, 0.7127834668412887, 0.14961786572734784, 0.449591903726776, 0.26014428449370847, 0.6066500461236227, 0.2736551319849787, 0.955043621646213, 0.0848714778001051, 0.14294394496475468, 0.43849609941541895, 0.9299166641733171, 0.6968672672885152, 0.8410647562022466, 0.4041889733064836, 0.7938856137634869, 0.266605259802469, 0.6212777627849653, 0.6697762957495847, 0.008774892645713267], BATTLES: 288-178-207-403-268-296-373-299-313-
22, 11, -2579.0, [0.4765669341941585, 0.8148101669925233, 0.010037166752944887, 0.02941084019104297, 0.7127612283948062, 0.7800773038835369, 0.043368968719348304, 0.020240948039409522, 0.8447352709879926, 0.30716956099711745, 0.9925466454076537, 0.013361345854551704, 0.9897584198228166, 0.7038987944530078, 0.2064432366204704, 0.05756227737353069, 0.04784668625019576, 0.9299323559136053, 0.039558649865753776, 0.9015019817355978, 0.6304843987713966, 0.5822639954210552, 0.7384571701387982, 0.256384273164667, 0.8439948200564484, 0.41058282692915704, 0.9803107809366496, 0.7424507760904951, 0.05525253234324466, 0.17697267287145962, 0.7882026787580388, 0.9266148391840933, 0.9664208251374992, 0.1536010766375955, 0.7136365156955963, 0.9087606421290941, 0.5628673074467531, 0.03333840244037165, 0.46031309596481707, 0.0626842533542683, 0.021096059416227053, 0.2694811664206661, 0.8674651626529597, 0.7171939825925507, 0.579652129201015, 0.20425861201095233, 0.6486008955143744, 0.12323165744032982, 0.8256289744453265, 0.24252879411398046, 0.8692632118650195, 0.061799661745105254, 0.09862136696081397, 0.19969992252219054, 0.8383300406537793, 0.8567197682345478, 0.9333931309873735, 0.718041687763693, 0.9970850242818463, 0.3625026035845389, 0.36950091100295734, 0.5049542395397141, 0.2332017934442875], BATTLES: 275-189-229-402-277-294-364-217-260-
22, 12, -2690.0, [0.4414005486974436, 0.8555534242849976, 0.04273881599743996, 0.058060794265258064, 0.6670647949550865, 0.9758666985839821, 0.04326619856583435, 0.11019714825503205, 0.8039207823207414, 0.31398298538968045, 0.8289363867237021, 0.015819970675854722, 0.9750924128041532, 0.7051358251649323, 0.22968880649445617, 0.04258030865300469, 0.1272484253624476, 0.9415409576501793, 0.07031393315617969, 0.7188714811713436, 0.6703003517478636, 0.8005189352513324, 0.866725279941357, 0.48125747105086814, 0.9206920673293799, 0.2950699279410409, 0.9714651618378761, 0.6306658216736802, 0.0637834442747571, 0.08204216294320346, 0.9093321870549331, 0.9701011403911163, 0.9872486347828763, 0.431328467882379, 0.6810687468880772, 0.951443731447323, 0.41416412350262444, 0.10236242664971454, 0.5716015025475271, 0.05064409624522402, 0.031246577689882267, 0.16184845577564844, 0.7343252274234153, 0.7388056855383427, 0.6021506709784222, 0.062308670002952815, 0.5726532355960612, 0.06935938156747842, 0.8085831850312172, 0.1874242810119244, 0.8791705955449952, 0.10450413967743817, 0.16039618224565858, 0.20112521940877548, 0.891292089710398, 0.7544086873580059, 0.8147953949943816, 0.3939528144474101, 0.9937084235701067, 0.4797930344421588, 0.6027358617431421, 0.8054720135040208, 0.12352795621831313], BATTLES: 308-200-244-412-272-294-399-283-278-
22, 13, -2698.0, [0.36318596132531383, 0.9756192090665798, 0.15360784405174063, 0.04534122111492745, 0.6473433715090829, 0.9906391435440047, 0.028300633201232994, 0.20949873996115304, 0.27245405045633453, 0.4852491490378127, 0.928467697049522, 0.015104555211284953, 0.9255346820184478, 0.6381343863622813, 0.41287086607223955, 0.09280703989778999, 0.09194248728926901, 0.8028977168147355, 0.12694085998487753, 0.8591077129904577, 0.9150987540153425, 0.6173387583738006, 0.8023969151294038, 0.2355333214581468, 0.9695098590199465, 0.14759582358637402, 0.9982580987841396, 0.5678377908395071, 0.36829492257023044, 0.3421117172519016, 0.8551517015870754, 0.9940376606807797, 0.9728363315105176, 0.07092491945784073, 0.9070107526365356, 0.9685317215729008, 0.3746991058311046, 0.03395204498969627, 0.21003625758807418, 0.08512926870691373, 0.036771592802719466, 0.04382402328824164, 0.839685642048703, 0.7423996514093201, 0.47194487364418125, 0.1424297506149314, 0.2609203347922899, 0.15699975477891792, 0.965391036938725, 0.21476327056145367, 0.8813885959511933, 0.12904924347228963, 0.013887870708812353, 0.46588980481714104, 0.7589192852729677, 0.9593346906352396, 0.8442283969833242, 0.6201432508973438, 0.7568511352198581, 0.15930875037931802, 0.45415786667204294, 0.5353873780868337, 0.12181710673956349], BATTLES: 286-187-238-400-282-289-387-320-309-
22, 14, -2634.0, [0.45695003285001534, 0.8733263091689282, 0.030916479782839665, 0.0640651217604883, 0.798406164035182, 0.8006181117465504, 0.21847983982498326, 0.054482841785383235, 0.7695708701118266, 0.25054058788111194, 0.8218761182199421, 0.150567258404626, 0.9430300815504162, 0.7689632930007017, 0.2814781082892281, 0.1927989349042522, 0.0591509679282618, 0.8549289506966797, 0.20139722870243737, 0.7635820914176704, 0.9686667697058279, 0.7547308289478046, 0.7367616581901468, 0.11622827778601463, 0.8374421735238521, 0.27766296536151364, 0.9276559611853027, 0.636234254502576, 0.077984116764372, 0.35536239248818813, 0.8311219872332385, 0.9010683829521371, 0.9396677893382259, 0.0014727455467280631, 0.684612732247671, 0.9579043210001971, 0.4501251361452977, 0.1294188333072374, 0.5191184073296553, 0.1027975276681714, 0.05388995995542635, 0.007943335691261919, 0.9226684153516485, 0.8351365216209521, 0.7541547664121646, 0.03942807976474172, 0.5463444792332945, 0.11468636236142166, 0.600536133407813, 0.09777511879123252, 0.9714661435603267, 0.1023377249653711, 0.06565714269953446, 0.2099571457520621, 0.787944000267015, 0.779510223499073, 0.90683700602327, 0.7321609496690702, 0.8093383621166059, 0.21457053183916744, 0.6077357407456059, 0.7482232704546498, 0.037204792700002376], BATTLES: 289-162-205-397-303-278-372-274-314-
23, 0, -2558.0, [0.29710885339658855, 0.735613050152612, 0.027887745286072685, 0.05306489323822703, 0.7826894181579407, 0.6535118806277754, 0.2338392093396766, 0.0018895319433933633, 0.1777403401182306, 0.3029485887935098, 0.9045024106131612, 0.14446302297619468, 0.9638263958812646, 0.6866118176519824, 0.364764080916032, 0.12034495328963721, 0.05023965127026722, 0.6754385000816452, 0.22771068809621053, 0.8745357793959889, 0.9491859482250244, 0.505997711852771, 0.6715497018647326, 0.09695452525229808, 0.9283833431733992, 0.333444790919907, 0.9365020583942387, 0.531685997050489, 0.0674188903171255, 0.3493132610459032, 0.9016781684214317, 0.9969156941872642, 0.9867704447342673, 0.12449044940990717, 0.914363265530795, 0.9062104349054991, 0.7047865161027722, 0.09897951235478457, 0.37334729979581005, 0.06034388451635954, 0.11184158371057988, 0.010548399900035844, 0.8339788715698613, 0.872495767277704, 0.8525724718081047, 0.049637213025307284, 0.4041111516069146, 0.2941926430548666, 0.7283492922978096, 0.16018163583387993, 0.9765602425061021, 0.014619410074805609, 0.06878028156843757, 0.6815256047659446, 0.8648334364400466, 0.8941174669052626, 0.9849974218728863, 0.6171383314558762, 0.8105167663825055, 0.10411186219008105, 0.6135208488742815, 0.6104260656960585, 0.13168314281517862], BATTLES: 284-182-187-376-279-285-352-251-267-
23, 1, -2716.0, [0.4251196447454002, 0.7682970169490047, 0.034678760520735305, 0.07133812232433903, 0.7341346687476273, 0.7970551635525983, 0.039206284644886534, 0.03952658362290647, 0.38935130909706156, 0.4151320438503732, 0.916001630666574, 0.06448969219218761, 0.9583246581927735, 0.5531060481150417, 0.2467408465016384, 0.08952314100732925, 0.049472789730843236, 0.9978800997438271, 0.13581711928336815, 0.7858512138578, 0.9816833085643225, 0.9394902145382091, 0.6311726791186059, 0.3636603931144613, 0.9671798035846095, 0.42358771017045443, 0.8838713757632991, 0.6071988179949303, 0.18597288822209002, 0.28045605117690997, 0.9967077782172047, 0.9572389637806714, 0.984389656413189, 0.11006842839046284, 0.8467371011063181, 0.9210516984211061, 0.19723477282585977, 0.13349681917238873, 0.482908008334688, 0.07013720193520723, 0.034636148407217904, 0.006556646462247212, 0.9500338798911452, 0.8606044863798012, 0.7358978552193475, 0.012326596484927316, 0.022906375655462885, 0.5109361556048517, 0.8596246914170032, 0.07781807741345582, 0.9898692676821956, 0.03732751534349776, 0.18976895422753629, 0.5228066843086416, 0.8175373775958857, 0.8067244170518858, 0.9263363432654016, 0.6151749699830809, 0.9814965176622663, 0.19790272030817407, 0.5507401624953477, 0.6762273998730097, 0.08486954219219288], BATTLES: 283-171-193-385-279-288-386-316-273-
23, 2, -2635.0, [0.33443330590030573, 0.7646606408734761, 0.09007395005418445, 0.020557740746583758, 0.7143345394926468, 0.9368079001076527, 0.008824080266824456, 0.10363601085966614, 0.29430612645661414, 0.3312228825480182, 0.8485645045979006, 0.0021609686494137026, 0.9851580992737492, 0.5400969988999809, 0.18590573332000476, 0.00434851186663663, 0.026723038172161734, 0.9424768014400309, 0.0016093951743977875, 0.8041472295665514, 0.5843183741026451, 0.8628702404714952, 0.9753457254184739, 0.4389330450750152, 0.9702171572952428, 0.34185573586723084, 0.8650524770104143, 0.8034681911364906, 0.2052343428065163, 0.18421511579183728, 0.8973112886303234, 0.9878553398604242, 0.9806838425718958, 0.3514322720147663, 0.8441193400809427, 0.9500926106200217, 0.9525539292844528, 0.08351238293420146, 0.36247282398139585, 0.08517601650424819, 0.019762602621943307, 0.2152891072108809, 0.7476005979102105, 0.7685891911466064, 0.7264467277388955, 0.095837282249669, 0.4054946530846392, 0.1033907573409057, 0.972755195967697, 0.03492013394746379, 0.8013583016333726, 0.10553996653643302, 0.13831178728490237, 0.295447334103295, 0.8975742975747637, 0.9222297734253031, 0.7977093274373137, 0.7521280091925153, 0.9497902362223769, 0.12085554442894453, 0.783509723874024, 0.3231364411317559, 0.03990238480344044], BATTLES: 303-192-204-394-308-286-372-309-267-
23, 3, -2673.0, [0.4313287535820782, 0.8601527569751578, 0.010578369498656481, 0.03584098290133913, 0.8566229222519256, 0.8739372575546511, 0.02660295702014113, 0.05678930128695367, 0.756687833828677, 0.33207005874030904, 0.818560102173686, 0.02385787166795439, 0.99751733482206, 0.4388495373551283, 0.07531967300259136, 0.04437123113389145, 0.006810281175775423, 0.946844143364864, 0.045938741672111386, 0.8165675557204386, 0.9783198300538566, 0.6861404559800383, 0.8635516040349261, 0.5132100917614665, 0.9334356870280608, 0.29046880938519537, 0.7018955588050572, 0.7481685496878198, 0.11086170467590946, 0.6102095233097138, 0.9846572468692728, 0.9976935109605938, 0.9888192912633875, 0.1546099560994036, 0.7480743152208829, 0.9463288390786377, 0.7520806713050807, 0.07354818768070787, 0.2990611038235829, 0.06128766178884583, 0.038757478128564365, 0.0014311850975054566, 0.9297120829651102, 0.7799969720408019, 0.9563839759884414, 0.04220520190049911, 0.03419568107205043, 0.09663122946108436, 0.969680290612778, 0.04611854702181717, 0.9863320335146221, 0.09708504752110134, 0.15330875795100873, 0.9261604091580209, 0.7975712895729876, 0.4961181591731322, 0.9054290152627874, 0.7370295844218538, 0.9673677223903193, 0.19040811597606144, 0.5426805115063874, 0.5928996158587674, 0.031160650178502974], BATTLES: 317-191-217-399-320-297-349-297-286-
23, 4, -2662.0, [0.35112149086090866, 0.8410037856364351, 0.015541112708064818, 0.04116817032081503, 0.7944973538990949, 0.9403806254258431, 0.057055494276442374, 0.1442934741086756, 0.7777642628751873, 0.4071486579730697, 0.8922651980087324, 0.01915276847016429, 0.9773439485245384, 0.7062945900201212, 0.23901372429351983, 0.2692959037224664, 0.12403704688128206, 0.3704215586042955, 0.04575103771800815, 0.6830183154078626, 0.835267388228042, 0.7812194804548418, 0.7531606326098157, 0.3507124667166592, 0.9064054574268884, 0.34359274070042795, 0.9573041800971706, 0.6133523078187029, 0.11301536644017471, 0.3405946647537707, 0.7340733616495032, 0.9710586348220043, 0.9859842494112776, 0.14839842087578803, 0.6729812643338696, 0.9677423804247188, 0.7477550250493843, 0.041187418907107684, 0.5951324144166045, 0.07316416018284311, 0.009595395139692077, 0.22747446641614255, 0.8109245526896309, 0.8072803864842256, 0.7444545557530865, 0.19166569441202497, 0.36992453598204844, 0.1282494372718742, 0.834546983159232, 0.30657712347642185, 0.855752586723419, 0.059680563991006054, 0.006151441797248233, 0.16430730992124798, 0.9366216089292992, 0.753276311078805, 0.8853743407464661, 0.5960064145321978, 0.9609004084529618, 0.41284107925258456, 0.43906049947325543, 0.5531266654498004, 0.05579817673645615], BATTLES: 307-153-200-382-306-296-369-299-293-
23, 5, -2641.0, [0.5108217228130735, 0.8425487356687485, 0.04605890667211965, 0.05559344178705458, 0.7447339793515682, 0.8750620370153611, 0.04879989043699744, 0.0232819524206961, 0.6458951984787952, 0.41993117492084076, 0.8300621798569562, 0.024959186591794354, 0.963326040803709, 0.6152067292304344, 0.20209878133710366, 0.19393462988515958, 0.04891113713132729, 0.9882537849583489, 0.1530119263429114, 0.8431887868436356, 0.8015942859717374, 0.7887622752923346, 0.7485267872137462, 0.29443473746783366, 0.9391716644738424, 0.06221259878367803, 0.7669793241899673, 0.7563439066719013, 0.1728888796742712, 0.4256248308718634, 0.897957637204538, 0.9842967369163204, 0.9155210598697179, 0.27921574326562, 0.7093645618458123, 0.899619330312967, 0.8386037486487167, 0.09457636517072657, 0.3089430434325957, 0.14181800306135828, 0.01878243040962689, 0.0015776053851063593, 0.9774179860809113, 0.7015428637007407, 0.8810434440861866, 0.11477703020646679, 0.3296222026747015, 0.21365620515203332, 0.8355229382704608, 0.18199683157133917, 0.8777404234612559, 0.1103496946431052, 0.1717672381015671, 0.4224470417113319, 0.8985206997891549, 0.5236397213054476, 0.8835367836614045, 0.5766002674871054, 0.933362686238865, 0.17352380381144217, 0.7495316282980807, 0.5655458588374467, 0.13658549192103067], BATTLES: 273-202-209-409-291-291-388-284-294-
23, 6, -2591.0, [0.44137933889382414, 0.8976929482197716, 0.023096889548650305, 0.010212659621561579, 0.7275421430227127, 0.8747173505847348, 0.015967219664889162, 0.025082153449742198, 0.8892512180274608, 0.48013298068582533, 0.8262126684930862, 0.021001082993840507, 0.9725218733454961, 0.711881220076587, 0.3078973480329602, 0.006998802878628269, 0.009014144318822831, 0.6495606770591034, 0.22745406004496488, 0.9199267956548279, 0.6093884030305492, 0.46633684932807973, 0.8590291458550774, 0.32277505718224536, 0.7688054134902929, 0.3626160820758507, 0.9285717236689581, 0.6483959242162596, 0.07030314959244659, 0.4480611644591893, 0.8570629195112502, 0.9928598839526375, 0.9453184223720459, 0.2165000116490492, 0.7200444717328675, 0.9260785435000637, 0.9794242638011339, 0.028705030482331154, 0.4363240273522616, 0.18890766558492086, 0.07026383096554571, 0.24034933897859728, 0.925174107594043, 0.7599100723651938, 0.8294246102823627, 0.23667666134612925, 0.4901339020408874, 0.35548861992381237, 0.9587454683103798, 0.3626792954098726, 0.9006667765127488, 0.036512994929950214, 0.20229868344762883, 0.6505065010007217, 0.8721698208547793, 0.785029448206513, 0.9210331403123281, 0.45488918544510293, 0.889598774463337, 0.07766068264774476, 0.5798304016933362, 0.4930659878337634, 0.34957320980508527], BATTLES: 279-186-219-411-298-318-331-248-301-
23, 7, -2673.0, [0.31646069327659065, 0.7796725265773022, 0.02066186883573626, 0.016888700201644895, 0.7216424209934813, 0.8362393085894149, 0.04803514917502439, 0.13802499926870954, 0.3687517902801547, 0.491598768032278, 0.7240398667295949, 0.024112215251432517, 0.9823917600889854, 0.6693676892637651, 0.4413677089039244, 0.060863707632410696, 0.0800843618034118, 0.9137297241449748, 0.2166159689275016, 0.6011661855421716, 0.8667090300680319, 0.5152205491402266, 0.864076132174199, 0.49474960309765226, 0.9408445400773923, 0.17660396573612383, 0.9268360671757799, 0.6267833098635438, 0.00723173372865827, 0.13156065437798636, 0.8431492873343265, 0.987566458737427, 0.9358709560803123, 0.03737869334913281, 0.7123659721618388, 0.9786906028797298, 0.9362788991103976, 0.0027916554865888114, 0.7242607865392817, 0.10864757444946274, 0.04403151041850122, 0.012490220108202811, 0.878507295566574, 0.8007048073786114, 0.8172142400224455, 0.26248331029932176, 0.21694662802481196, 0.2308293940635645, 0.9361148016250281, 0.11146756590563736, 0.9726615026433689, 0.025793216198536237, 0.0188044970863887, 0.08337678761593298, 0.8107776735005251, 0.9990894099591224, 0.9266721370586908, 0.46119674529585464, 0.9979453063619453, 0.43891017755041967, 0.6350313234569522, 0.5385161220669303, 0.2926284996611483], BATTLES: 299-176-224-408-266-318-377-274-331-
23, 8, -2584.0, [0.44074480473734495, 0.7820131757689327, 0.10183429536954337, 0.03061066390934607, 0.7901131631640227, 0.9376030965263152, 0.02154027113534878, 0.05973147269126404, 0.40845341445387034, 0.3900574334481488, 0.9900098934705202, 0.00766025648816182, 0.9925909351648305, 0.5828819536881777, 0.01786938985819292, 0.030560859543777394, 0.06791578915155722, 0.9920026532596737, 0.04441164522562423, 0.7677048918062821, 0.7097604673270022, 0.939865485987164, 0.6931296491666874, 0.26496465660820256, 0.9645874977833282, 0.15503941360606516, 0.7993396779464192, 0.5847647161773599, 0.23938620008120953, 0.29188183616678404, 0.9417192923110923, 0.983813869780268, 0.9847482152190035, 0.6339485374278176, 0.7865196868529678, 0.940401751023699, 0.921539429786276, 0.20178732082479248, 0.4530396880681015, 0.2142219858332141, 0.09983123354132334, 0.16290052113603612, 0.6904034405499849, 0.8120813462794249, 0.5779024916479348, 0.017105359813209334, 0.6450640420732847, 0.06186650362768716, 0.7678062212500839, 0.12098493269344794, 0.8443810187513172, 0.0958513685126604, 0.10304234776088284, 0.42273903402870133, 0.9373558098889502, 0.8837975713692181, 0.9789058952630113, 0.40462924632788305, 0.8827755002638296, 0.08668018795959798, 0.6405884584511841, 0.487378943054737, 0.004858646965561736], BATTLES: 295-183-202-376-303-290-365-295-275-
23, 9, -2659.0, [0.49443701675797336, 0.8216259388913671, 0.002229583053549436, 0.07621923951209995, 0.7076849809761242, 0.7394143425907758, 0.02360934265497317, 0.04234436717695447, 0.5416379468161802, 0.5236574696326688, 0.9919613693678334, 0.02273746904666277, 0.9399660275929814, 0.5605059487790223, 0.14701581506128908, 0.23669380412936614, 0.0981107645509359, 0.9140914100841737, 0.09204730331328312, 0.8167331177374945, 0.9408583602527357, 0.7301516395917762, 0.5814479803809526, 0.1222649697378076, 0.9878558049285773, 0.036397469133340646, 0.689921214005937, 0.7521345860872135, 0.11693601346511472, 0.6108122630920191, 0.9450102558232272, 0.9431865063039186, 0.911849443886478, 0.30357517983874616, 0.640108553651117, 0.7624333177831142, 0.8945662218797578, 0.12073735251698726, 0.6514058917002844, 0.33508587732526196, 0.02398875239943419, 0.05817444728529276, 0.9462233976621736, 0.7940367159609119, 0.7303405847041615, 0.18816298271494122, 0.46943349756024005, 0.21578246308346571, 0.5534379417615022, 0.22019491203397723, 0.856507532860415, 0.07066252573295137, 0.09504209272189927, 0.470242836147306, 0.8693294016124914, 0.6287096785806139, 0.87763345664774, 0.2981043280877609, 0.9044766291513249, 0.28507751811828497, 0.4086977073571405, 0.7522126231527857, 0.24683146011672225], BATTLES: 299-189-231-401-271-296-383-301-288-
23, 10, -2606.0, [0.502027829898621, 0.8472147253730063, 0.029236531216468, 0.07672034277370855, 0.6627721763131886, 0.8103540827343232, 0.005551402276324821, 0.05388683714714272, 0.5262327562569097, 0.47536099313657376, 0.9542887898798944, 0.015855041280690804, 0.9627119373859255, 0.6767048616828485, 0.09863761899727097, 0.22877295194130798, 0.12090013758708824, 0.8609995997827988, 0.2681131347010439, 0.8712716671191735, 0.915126538422892, 0.8281635788800487, 0.7700780134116954, 0.27973870494720865, 0.9864026395292629, 0.005165036706503701, 0.7596387224957657, 0.9388633959134103, 0.1906289650638391, 0.5441124355849088, 0.9168364352193412, 0.9743616398585118, 0.9350819127791158, 0.32093901089507676, 0.7482442272960417, 0.9055951120692778, 0.9191582619851042, 0.1239772937936479, 0.5637059218886181, 0.2668465825986244, 0.011630109940754974, 0.14107938845860224, 0.8361552771018841, 0.7872889304302374, 0.7127834668412887, 0.14961786572734784, 0.449591903726776, 0.26014428449370847, 0.6066500461236227, 0.2736551319849787, 0.955043621646213, 0.0848714778001051, 0.14294394496475468, 0.43849609941541895, 0.9299166641733171, 0.6968672672885152, 0.8410647562022466, 0.4041889733064836, 0.7938856137634869, 0.266605259802469, 0.6212777627849653, 0.6697762957495847, 0.008774892645713267], BATTLES: 291-198-199-409-258-311-375-287-278-
23, 11, -2568.0, [0.4765669341941585, 0.8148101669925233, 0.010037166752944887, 0.02941084019104297, 0.7127612283948062, 0.7800773038835369, 0.043368968719348304, 0.020240948039409522, 0.8447352709879926, 0.30716956099711745, 0.9925466454076537, 0.013361345854551704, 0.9897584198228166, 0.7038987944530078, 0.2064432366204704, 0.05756227737353069, 0.04784668625019576, 0.9299323559136053, 0.039558649865753776, 0.9015019817355978, 0.6304843987713966, 0.5822639954210552, 0.7384571701387982, 0.256384273164667, 0.8439948200564484, 0.41058282692915704, 0.9803107809366496, 0.7424507760904951, 0.05525253234324466, 0.17697267287145962, 0.7882026787580388, 0.9266148391840933, 0.9664208251374992, 0.1536010766375955, 0.7136365156955963, 0.9087606421290941, 0.5628673074467531, 0.03333840244037165, 0.46031309596481707, 0.0626842533542683, 0.021096059416227053, 0.2694811664206661, 0.8674651626529597, 0.7171939825925507, 0.579652129201015, 0.20425861201095233, 0.6486008955143744, 0.12323165744032982, 0.8256289744453265, 0.24252879411398046, 0.8692632118650195, 0.061799661745105254, 0.09862136696081397, 0.19969992252219054, 0.8383300406537793, 0.8567197682345478, 0.9333931309873735, 0.718041687763693, 0.9970850242818463, 0.3625026035845389, 0.36950091100295734, 0.5049542395397141, 0.2332017934442875], BATTLES: 298-188-210-424-289-290-346-231-292-
23, 12, -2708.0, [0.4414005486974436, 0.8555534242849976, 0.04273881599743996, 0.058060794265258064, 0.6670647949550865, 0.9758666985839821, 0.04326619856583435, 0.11019714825503205, 0.8039207823207414, 0.31398298538968045, 0.8289363867237021, 0.015819970675854722, 0.9750924128041532, 0.7051358251649323, 0.22968880649445617, 0.04258030865300469, 0.1272484253624476, 0.9415409576501793, 0.07031393315617969, 0.7188714811713436, 0.6703003517478636, 0.8005189352513324, 0.866725279941357, 0.48125747105086814, 0.9206920673293799, 0.2950699279410409, 0.9714651618378761, 0.6306658216736802, 0.0637834442747571, 0.08204216294320346, 0.9093321870549331, 0.9701011403911163, 0.9872486347828763, 0.431328467882379, 0.6810687468880772, 0.951443731447323, 0.41416412350262444, 0.10236242664971454, 0.5716015025475271, 0.05064409624522402, 0.031246577689882267, 0.16184845577564844, 0.7343252274234153, 0.7388056855383427, 0.6021506709784222, 0.062308670002952815, 0.5726532355960612, 0.06935938156747842, 0.8085831850312172, 0.1874242810119244, 0.8791705955449952, 0.10450413967743817, 0.16039618224565858, 0.20112521940877548, 0.891292089710398, 0.7544086873580059, 0.8147953949943816, 0.3939528144474101, 0.9937084235701067, 0.4797930344421588, 0.6027358617431421, 0.8054720135040208, 0.12352795621831313], BATTLES: 285-183-229-411-313-327-384-294-282-
23, 13, -2655.0, [0.36318596132531383, 0.9756192090665798, 0.05233381799468228, 0.03330642826636164, 0.7400474518612669, 0.9679047258778334, 0.05060442517468511, 0.030919131441092693, 0.4748783731136372, 0.4852491490378127, 0.8772441527481042, 0.019281637588109624, 0.9599003668582654, 0.6381343863622813, 0.24891087746139834, 0.13770787663323025, 0.07070189476887967, 0.8028977168147355, 0.06347042999243876, 0.8591077129904577, 0.9150987540153425, 0.6173387583738006, 0.8023969151294038, 0.5291119136256524, 0.9847549295099732, 0.3239777874027842, 0.9991290493920698, 0.4306878198148736, 0.36829492257023044, 0.3421117172519016, 0.8304921085132516, 0.9970188303403898, 0.9728363315105176, 0.06648870323567024, 0.73618455063717, 0.9685317215729008, 0.3746991058311046, 0.08765787505030584, 0.3800139050920618, 0.042564634353456865, 0.018385796401359733, 0.16350850020603866, 0.7941427457386294, 0.7114727357104265, 0.47194487364418125, 0.13948393974782788, 0.4633881631786805, 0.15699975477891792, 0.965391036938725, 0.21476327056145367, 0.9442801946711674, 0.09631673867809835, 0.013887870708812353, 0.46588980481714104, 0.9420217437670856, 0.7886451449479459, 0.976276529975351, 0.6201432508973438, 0.8784255676099291, 0.3617632376598674, 0.3864196847649237, 0.5353873780868337, 0.05780055569846576], BATTLES: 298-195-209-357-271-309-380-310-304-
23, 14, -2655.0, [0.45695003285001534, 0.8733263091689282, 0.030916479782839665, 0.0640651217604883, 0.798406164035182, 0.8006181117465504, 0.21847983982498326, 0.054482841785383235, 0.7695708701118266, 0.25054058788111194, 0.8218761182199421, 0.150567258404626, 0.9430300815504162, 0.7689632930007017, 0.2814781082892281, 0.1927989349042522, 0.0591509679282618, 0.8549289506966797, 0.20139722870243737, 0.7635820914176704, 0.9686667697058279, 0.7547308289478046, 0.7367616581901468, 0.11622827778601463, 0.8374421735238521, 0.27766296536151364, 0.9276559611853027, 0.636234254502576, 0.077984116764372, 0.35536239248818813, 0.8311219872332385, 0.9010683829521371, 0.9396677893382259, 0.0014727455467280631, 0.684612732247671, 0.9579043210001971, 0.4501251361452977, 0.1294188333072374, 0.5191184073296553, 0.1027975276681714, 0.05388995995542635, 0.007943335691261919, 0.9226684153516485, 0.8351365216209521, 0.7541547664121646, 0.03942807976474172, 0.5463444792332945, 0.11468636236142166, 0.600536133407813, 0.09777511879123252, 0.9714661435603267, 0.1023377249653711, 0.06565714269953446, 0.2099571457520621, 0.787944000267015, 0.779510223499073, 0.90683700602327, 0.7321609496690702, 0.8093383621166059, 0.21457053183916744, 0.6077357407456059, 0.7482232704546498, 0.037204792700002376], BATTLES: 302-197-190-399-294-329-367-288-289-
24, 0, -2597.0, [0.29710885339658855, 0.847424965262908, 0.027887745286072685, 0.026532446619113515, 0.7620809925877621, 0.7686473635956121, 0.1169196046698383, 0.0009447659716966816, 0.4448208102902336, 0.12098098839191418, 0.9522512053065806, 0.14446302297619468, 0.9819131979406324, 0.6866118176519824, 0.364764080916032, 0.060172476644818604, 0.05023965127026722, 0.8377192500408226, 0.11385534404810527, 0.9151827351466902, 0.7157635585972769, 0.6330822817731828, 0.8357748509323664, 0.5274225402486887, 0.9283833431733992, 0.333444790919907, 0.9682510291971194, 0.871379850912239, 0.0674188903171255, 0.3493132610459032, 0.8825725515976721, 0.9984578470936321, 0.9817151547975373, 0.12449044940990717, 0.6674925750538481, 0.9062104349054991, 0.8523932580513861, 0.049489756177392284, 0.25642880019379083, 0.03017194225817977, 0.11184158371057988, 0.005274199950017922, 0.9169894357849306, 0.7826148566071067, 0.8467959095620408, 0.049637213025307284, 0.24151616931415354, 0.02056800083022184, 0.7283492922978096, 0.08009081791693996, 0.988280121253051, 0.053223889965616326, 0.03241593941601256, 0.43716059230916426, 0.8648334364400466, 0.8941174669052626, 0.9924987109364432, 0.4664906977013896, 0.9052583831912527, 0.10411186219008105, 0.48393793199998064, 0.5777808091926546, 0.06584157140758931], BATTLES: 306-177-188-392-293-286-366-295-293-
24, 1, -2571.0, [0.4251196447454002, 0.7682970169490047, 0.034678760520735305, 0.07133812232433903, 0.7341346687476273, 0.7970551635525983, 0.039206284644886534, 0.03952658362290647, 0.38935130909706156, 0.4151320438503732, 0.916001630666574, 0.06448969219218761, 0.9583246581927735, 0.5531060481150417, 0.2467408465016384, 0.08952314100732925, 0.049472789730843236, 0.9978800997438271, 0.13581711928336815, 0.7858512138578, 0.9816833085643225, 0.9394902145382091, 0.6311726791186059, 0.3636603931144613, 0.9671798035846095, 0.42358771017045443, 0.8838713757632991, 0.6071988179949303, 0.18597288822209002, 0.28045605117690997, 0.9967077782172047, 0.9572389637806714, 0.984389656413189, 0.11006842839046284, 0.8467371011063181, 0.9210516984211061, 0.19723477282585977, 0.13349681917238873, 0.482908008334688, 0.07013720193520723, 0.034636148407217904, 0.006556646462247212, 0.9500338798911452, 0.8606044863798012, 0.7358978552193475, 0.012326596484927316, 0.022906375655462885, 0.5109361556048517, 0.8596246914170032, 0.07781807741345582, 0.9898692676821956, 0.03732751534349776, 0.18976895422753629, 0.5228066843086416, 0.8175373775958857, 0.8067244170518858, 0.9263363432654016, 0.6151749699830809, 0.9814965176622663, 0.19790272030817407, 0.5507401624953477, 0.6762273998730097, 0.08486954219219288], BATTLES: 303-170-187-404-265-272-376-315-279-
24, 2, -2664.0, [0.33443330590030573, 0.7646606408734761, 0.09007395005418445, 0.020557740746583758, 0.7143345394926468, 0.9368079001076527, 0.008824080266824456, 0.10363601085966614, 0.29430612645661414, 0.3312228825480182, 0.8485645045979006, 0.0021609686494137026, 0.9851580992737492, 0.5400969988999809, 0.18590573332000476, 0.00434851186663663, 0.026723038172161734, 0.9424768014400309, 0.0016093951743977875, 0.8041472295665514, 0.5843183741026451, 0.8628702404714952, 0.9753457254184739, 0.4389330450750152, 0.9702171572952428, 0.34185573586723084, 0.8650524770104143, 0.8034681911364906, 0.2052343428065163, 0.18421511579183728, 0.8973112886303234, 0.9878553398604242, 0.9806838425718958, 0.3514322720147663, 0.8441193400809427, 0.9500926106200217, 0.9525539292844528, 0.08351238293420146, 0.36247282398139585, 0.08517601650424819, 0.019762602621943307, 0.2152891072108809, 0.7476005979102105, 0.7685891911466064, 0.7264467277388955, 0.095837282249669, 0.4054946530846392, 0.1033907573409057, 0.972755195967697, 0.03492013394746379, 0.8013583016333726, 0.10553996653643302, 0.13831178728490237, 0.295447334103295, 0.8975742975747637, 0.9222297734253031, 0.7977093274373137, 0.7521280091925153, 0.9497902362223769, 0.12085554442894453, 0.783509723874024, 0.3231364411317559, 0.03990238480344044], BATTLES: 301-168-201-376-294-305-377-341-301-
24, 3, -2655.0, [0.4313287535820782, 0.8601527569751578, 0.010578369498656481, 0.03584098290133913, 0.8566229222519256, 0.8739372575546511, 0.02660295702014113, 0.05678930128695367, 0.756687833828677, 0.33207005874030904, 0.818560102173686, 0.02385787166795439, 0.99751733482206, 0.4388495373551283, 0.07531967300259136, 0.04437123113389145, 0.006810281175775423, 0.946844143364864, 0.045938741672111386, 0.8165675557204386, 0.9783198300538566, 0.6861404559800383, 0.8635516040349261, 0.5132100917614665, 0.9334356870280608, 0.29046880938519537, 0.7018955588050572, 0.7481685496878198, 0.11086170467590946, 0.6102095233097138, 0.9846572468692728, 0.9976935109605938, 0.9888192912633875, 0.1546099560994036, 0.7480743152208829, 0.9463288390786377, 0.7520806713050807, 0.07354818768070787, 0.2990611038235829, 0.06128766178884583, 0.038757478128564365, 0.0014311850975054566, 0.9297120829651102, 0.7799969720408019, 0.9563839759884414, 0.04220520190049911, 0.03419568107205043, 0.09663122946108436, 0.969680290612778, 0.04611854702181717, 0.9863320335146221, 0.09708504752110134, 0.15330875795100873, 0.9261604091580209, 0.7975712895729876, 0.4961181591731322, 0.9054290152627874, 0.7370295844218538, 0.9673677223903193, 0.19040811597606144, 0.5426805115063874, 0.5928996158587674, 0.031160650178502974], BATTLES: 273-195-209-399-309-295-380-292-303-
24, 4, -2591.0, [0.35112149086090866, 0.8410037856364351, 0.015541112708064818, 0.04116817032081503, 0.7944973538990949, 0.9403806254258431, 0.057055494276442374, 0.1442934741086756, 0.7777642628751873, 0.4071486579730697, 0.8922651980087324, 0.01915276847016429, 0.9773439485245384, 0.7062945900201212, 0.23901372429351983, 0.2692959037224664, 0.12403704688128206, 0.3704215586042955, 0.04575103771800815, 0.6830183154078626, 0.835267388228042, 0.7812194804548418, 0.7531606326098157, 0.3507124667166592, 0.9064054574268884, 0.34359274070042795, 0.9573041800971706, 0.6133523078187029, 0.11301536644017471, 0.3405946647537707, 0.7340733616495032, 0.9710586348220043, 0.9859842494112776, 0.14839842087578803, 0.6729812643338696, 0.9677423804247188, 0.7477550250493843, 0.041187418907107684, 0.5951324144166045, 0.07316416018284311, 0.009595395139692077, 0.22747446641614255, 0.8109245526896309, 0.8072803864842256, 0.7444545557530865, 0.19166569441202497, 0.36992453598204844, 0.1282494372718742, 0.834546983159232, 0.30657712347642185, 0.855752586723419, 0.059680563991006054, 0.006151441797248233, 0.16430730992124798, 0.9366216089292992, 0.753276311078805, 0.8853743407464661, 0.5960064145321978, 0.9609004084529618, 0.41284107925258456, 0.43906049947325543, 0.5531266654498004, 0.05579817673645615], BATTLES: 277-169-228-410-285-291-366-263-302-
24, 5, -2644.0, [0.5108217228130735, 0.8425487356687485, 0.04605890667211965, 0.05559344178705458, 0.7447339793515682, 0.8750620370153611, 0.04879989043699744, 0.0232819524206961, 0.6458951984787952, 0.41993117492084076, 0.8300621798569562, 0.024959186591794354, 0.963326040803709, 0.6152067292304344, 0.20209878133710366, 0.19393462988515958, 0.04891113713132729, 0.9882537849583489, 0.1530119263429114, 0.8431887868436356, 0.8015942859717374, 0.7887622752923346, 0.7485267872137462, 0.29443473746783366, 0.9391716644738424, 0.06221259878367803, 0.7669793241899673, 0.7563439066719013, 0.1728888796742712, 0.4256248308718634, 0.897957637204538, 0.9842967369163204, 0.9155210598697179, 0.27921574326562, 0.7093645618458123, 0.899619330312967, 0.8386037486487167, 0.09457636517072657, 0.3089430434325957, 0.14181800306135828, 0.01878243040962689, 0.0015776053851063593, 0.9774179860809113, 0.7015428637007407, 0.8810434440861866, 0.11477703020646679, 0.3296222026747015, 0.21365620515203332, 0.8355229382704608, 0.18199683157133917, 0.8777404234612559, 0.1103496946431052, 0.1717672381015671, 0.4224470417113319, 0.8985206997891549, 0.5236397213054476, 0.8835367836614045, 0.5766002674871054, 0.933362686238865, 0.17352380381144217, 0.7495316282980807, 0.5655458588374467, 0.13658549192103067], BATTLES: 310-170-194-387-286-301-397-304-295-
24, 6, -2631.0, [0.44137933889382414, 0.8976929482197716, 0.045004928567465644, 0.03448054070236414, 0.7072148973588392, 0.8994966465183339, 0.05010356767045679, 0.0682512464041322, 0.8459728565673126, 0.34176204192471804, 0.8262126684930862, 0.013005354000220591, 0.9738256137391547, 0.7202433262670883, 0.2777325158084785, 0.06474941567517474, 0.06898085970714937, 0.7420925517318041, 0.16394304764822698, 0.8179544513015597, 0.6093884030305492, 0.6764734828970395, 0.8629325136285241, 0.32277505718224536, 0.7688054134902929, 0.3544401258810842, 0.9414465915318174, 0.639403472927243, 0.09399380040924864, 0.26242162661203894, 0.8835731351837406, 0.9928598839526375, 0.9665848189840792, 0.3254578940715286, 0.7200444717328675, 0.9389433995551657, 0.6927325052481352, 0.12504946498069558, 0.4363240273522616, 0.03797522335842807, 0.07026383096554571, 0.24034933897859728, 0.925174107594043, 0.7599100723651938, 0.6413508917704442, 0.0701565881286822, 0.4901339020408874, 0.1381592188661338, 0.9587454683103798, 0.3626792954098726, 0.8819624753566981, 0.07243516165396434, 0.19094943560356206, 0.3807349983518994, 0.881868358740089, 0.785029448206513, 0.8671508941418776, 0.45488918544510293, 0.8939550873072254, 0.28161638885782875, 0.6648135321103725, 0.4930659878337634, 0.23492633017701342], BATTLES: 283-195-226-390-299-290-349-261-314-
24, 7, -2643.0, [0.31646069327659065, 0.7796725265773022, 0.02066186883573626, 0.016888700201644895, 0.7216424209934813, 0.8362393085894149, 0.04803514917502439, 0.13802499926870954, 0.3687517902801547, 0.491598768032278, 0.7240398667295949, 0.024112215251432517, 0.9823917600889854, 0.6693676892637651, 0.4413677089039244, 0.060863707632410696, 0.0800843618034118, 0.9137297241449748, 0.2166159689275016, 0.6011661855421716, 0.8667090300680319, 0.5152205491402266, 0.864076132174199, 0.49474960309765226, 0.9408445400773923, 0.17660396573612383, 0.9268360671757799, 0.6267833098635438, 0.00723173372865827, 0.13156065437798636, 0.8431492873343265, 0.987566458737427, 0.9358709560803123, 0.03737869334913281, 0.7123659721618388, 0.9786906028797298, 0.9362788991103976, 0.0027916554865888114, 0.7242607865392817, 0.10864757444946274, 0.04403151041850122, 0.012490220108202811, 0.878507295566574, 0.8007048073786114, 0.8172142400224455, 0.26248331029932176, 0.21694662802481196, 0.2308293940635645, 0.9361148016250281, 0.11146756590563736, 0.9726615026433689, 0.025793216198536237, 0.0188044970863887, 0.08337678761593298, 0.8107776735005251, 0.9990894099591224, 0.9266721370586908, 0.46119674529585464, 0.9979453063619453, 0.43891017755041967, 0.6350313234569522, 0.5385161220669303, 0.2926284996611483], BATTLES: 297-196-236-386-290-315-356-273-294-
24, 8, -2647.0, [0.44074480473734495, 0.7820131757689327, 0.10183429536954337, 0.03061066390934607, 0.7901131631640227, 0.9376030965263152, 0.02154027113534878, 0.05973147269126404, 0.40845341445387034, 0.3900574334481488, 0.9900098934705202, 0.00766025648816182, 0.9925909351648305, 0.5828819536881777, 0.01786938985819292, 0.030560859543777394, 0.06791578915155722, 0.9920026532596737, 0.04441164522562423, 0.7677048918062821, 0.7097604673270022, 0.939865485987164, 0.6931296491666874, 0.26496465660820256, 0.9645874977833282, 0.15503941360606516, 0.7993396779464192, 0.5847647161773599, 0.23938620008120953, 0.29188183616678404, 0.9417192923110923, 0.983813869780268, 0.9847482152190035, 0.6339485374278176, 0.7865196868529678, 0.940401751023699, 0.921539429786276, 0.20178732082479248, 0.4530396880681015, 0.2142219858332141, 0.09983123354132334, 0.16290052113603612, 0.6904034405499849, 0.8120813462794249, 0.5779024916479348, 0.017105359813209334, 0.6450640420732847, 0.06186650362768716, 0.7678062212500839, 0.12098493269344794, 0.8443810187513172, 0.0958513685126604, 0.10304234776088284, 0.42273903402870133, 0.9373558098889502, 0.8837975713692181, 0.9789058952630113, 0.40462924632788305, 0.8827755002638296, 0.08668018795959798, 0.6405884584511841, 0.487378943054737, 0.004858646965561736], BATTLES: 301-193-200-397-286-292-387-313-278-
24, 9, -2596.0, [0.49443701675797336, 0.8216259388913671, 0.002229583053549436, 0.07621923951209995, 0.7076849809761242, 0.7394143425907758, 0.02360934265497317, 0.04234436717695447, 0.5416379468161802, 0.5236574696326688, 0.9919613693678334, 0.02273746904666277, 0.9399660275929814, 0.5605059487790223, 0.14701581506128908, 0.23669380412936614, 0.0981107645509359, 0.9140914100841737, 0.09204730331328312, 0.8167331177374945, 0.9408583602527357, 0.7301516395917762, 0.5814479803809526, 0.1222649697378076, 0.9878558049285773, 0.036397469133340646, 0.689921214005937, 0.7521345860872135, 0.11693601346511472, 0.6108122630920191, 0.9450102558232272, 0.9431865063039186, 0.911849443886478, 0.30357517983874616, 0.640108553651117, 0.7624333177831142, 0.8945662218797578, 0.12073735251698726, 0.6514058917002844, 0.33508587732526196, 0.02398875239943419, 0.05817444728529276, 0.9462233976621736, 0.7940367159609119, 0.7303405847041615, 0.18816298271494122, 0.46943349756024005, 0.21578246308346571, 0.5534379417615022, 0.22019491203397723, 0.856507532860415, 0.07066252573295137, 0.09504209272189927, 0.470242836147306, 0.8693294016124914, 0.6287096785806139, 0.87763345664774, 0.2981043280877609, 0.9044766291513249, 0.28507751811828497, 0.4086977073571405, 0.7522126231527857, 0.24683146011672225], BATTLES: 299-189-178-397-273-284-384-305-287-
24, 10, -2707.0, [0.502027829898621, 0.8472147253730063, 0.029236531216468, 0.07672034277370855, 0.6627721763131886, 0.8103540827343232, 0.005551402276324821, 0.05388683714714272, 0.5262327562569097, 0.47536099313657376, 0.9542887898798944, 0.015855041280690804, 0.9627119373859255, 0.6767048616828485, 0.09863761899727097, 0.22877295194130798, 0.12090013758708824, 0.8609995997827988, 0.2681131347010439, 0.8712716671191735, 0.915126538422892, 0.8281635788800487, 0.7700780134116954, 0.27973870494720865, 0.9864026395292629, 0.005165036706503701, 0.7596387224957657, 0.9388633959134103, 0.1906289650638391, 0.5441124355849088, 0.9168364352193412, 0.9743616398585118, 0.9350819127791158, 0.32093901089507676, 0.7482442272960417, 0.9055951120692778, 0.9191582619851042, 0.1239772937936479, 0.5637059218886181, 0.2668465825986244, 0.011630109940754974, 0.14107938845860224, 0.8361552771018841, 0.7872889304302374, 0.7127834668412887, 0.14961786572734784, 0.449591903726776, 0.26014428449370847, 0.6066500461236227, 0.2736551319849787, 0.955043621646213, 0.0848714778001051, 0.14294394496475468, 0.43849609941541895, 0.9299166641733171, 0.6968672672885152, 0.8410647562022466, 0.4041889733064836, 0.7938856137634869, 0.266605259802469, 0.6212777627849653, 0.6697762957495847, 0.008774892645713267], BATTLES: 305-187-217-402-318-305-378-290-305-
24, 11, -2646.0, [0.4765669341941585, 0.8148101669925233, 0.03128586576805895, 0.02941084019104297, 0.7127612283948062, 0.7800773038835369, 0.043368968719348304, 0.10882505262732703, 0.7931050359176279, 0.4190129389444884, 0.9925466454076537, 0.006680672927275852, 0.9799108404804916, 0.6984884485549963, 0.054876804500753606, 0.04077637953288535, 0.04784668625019576, 0.9649661779568026, 0.08396363844746038, 0.7854970421069881, 0.6657864893029809, 0.5822639954210552, 0.7384571701387982, 0.256384273164667, 0.972754175136145, 0.13364021328667702, 0.9803107809366496, 0.6959619667829567, 0.05525253234324466, 0.17697267287145962, 0.7882026787580388, 0.9416020338231839, 0.9471626219344759, 0.449503964457183, 0.6827595488894196, 0.9935405144813444, 0.5628673074467531, 0.03333840244037165, 0.5354524863949092, 0.0626842533542683, 0.010548029708113527, 0.2694811664206661, 0.8674651626529597, 0.7171939825925507, 0.579652129201015, 0.17806826255550112, 0.6486008955143744, 0.06836601214943508, 0.7390470706924184, 0.3137593509739026, 0.8692632118650195, 0.1322886181457556, 0.09862136696081397, 0.19969992252219054, 0.8383300406537793, 0.8567197682345478, 0.769564696530795, 0.31806457683445943, 0.9970850242818463, 0.53709779832788, 0.519888521932335, 0.5049542395397141, 0.08806218668187371], BATTLES: 261-194-217-403-281-288-362-236-270-
24, 12, -2682.0, [0.4414005486974436, 0.8555534242849976, 0.04273881599743996, 0.058060794265258064, 0.6670647949550865, 0.9758666985839821, 0.04326619856583435, 0.11019714825503205, 0.8039207823207414, 0.31398298538968045, 0.8289363867237021, 0.015819970675854722, 0.9750924128041532, 0.7051358251649323, 0.22968880649445617, 0.04258030865300469, 0.1272484253624476, 0.9415409576501793, 0.07031393315617969, 0.7188714811713436, 0.6703003517478636, 0.8005189352513324, 0.866725279941357, 0.48125747105086814, 0.9206920673293799, 0.2950699279410409, 0.9714651618378761, 0.6306658216736802, 0.0637834442747571, 0.08204216294320346, 0.9093321870549331, 0.9701011403911163, 0.9872486347828763, 0.431328467882379, 0.6810687468880772, 0.951443731447323, 0.41416412350262444, 0.10236242664971454, 0.5716015025475271, 0.05064409624522402, 0.031246577689882267, 0.16184845577564844, 0.7343252274234153, 0.7388056855383427, 0.6021506709784222, 0.062308670002952815, 0.5726532355960612, 0.06935938156747842, 0.8085831850312172, 0.1874242810119244, 0.8791705955449952, 0.10450413967743817, 0.16039618224565858, 0.20112521940877548, 0.891292089710398, 0.7544086873580059, 0.8147953949943816, 0.3939528144474101, 0.9937084235701067, 0.4797930344421588, 0.6027358617431421, 0.8054720135040208, 0.12352795621831313], BATTLES: 304-191-211-385-313-305-383-284-306-
24, 13, -2699.0, [0.36318596132531383, 0.9756192090665798, 0.05233381799468228, 0.03330642826636164, 0.7400474518612669, 0.9679047258778334, 0.05060442517468511, 0.030919131441092693, 0.4748783731136372, 0.4852491490378127, 0.8772441527481042, 0.019281637588109624, 0.9599003668582654, 0.6381343863622813, 0.24891087746139834, 0.13770787663323025, 0.07070189476887967, 0.8028977168147355, 0.06347042999243876, 0.8591077129904577, 0.9150987540153425, 0.6173387583738006, 0.8023969151294038, 0.5291119136256524, 0.9847549295099732, 0.3239777874027842, 0.9991290493920698, 0.4306878198148736, 0.36829492257023044, 0.3421117172519016, 0.8304921085132516, 0.9970188303403898, 0.9728363315105176, 0.06648870323567024, 0.73618455063717, 0.9685317215729008, 0.3746991058311046, 0.08765787505030584, 0.3800139050920618, 0.042564634353456865, 0.018385796401359733, 0.16350850020603866, 0.7941427457386294, 0.7114727357104265, 0.47194487364418125, 0.13948393974782788, 0.4633881631786805, 0.15699975477891792, 0.965391036938725, 0.21476327056145367, 0.9442801946711674, 0.09631673867809835, 0.013887870708812353, 0.46588980481714104, 0.9420217437670856, 0.7886451449479459, 0.976276529975351, 0.6201432508973438, 0.8784255676099291, 0.3617632376598674, 0.3864196847649237, 0.5353873780868337, 0.05780055569846576], BATTLES: 301-207-240-398-317-309-365-260-302-
24, 14, -2594.0, [0.45695003285001534, 0.8733263091689282, 0.030916479782839665, 0.0640651217604883, 0.798406164035182, 0.8006181117465504, 0.21847983982498326, 0.054482841785383235, 0.7695708701118266, 0.25054058788111194, 0.8218761182199421, 0.150567258404626, 0.9430300815504162, 0.7689632930007017, 0.2814781082892281, 0.1927989349042522, 0.0591509679282618, 0.8549289506966797, 0.20139722870243737, 0.7635820914176704, 0.9686667697058279, 0.7547308289478046, 0.7367616581901468, 0.11622827778601463, 0.8374421735238521, 0.27766296536151364, 0.9276559611853027, 0.636234254502576, 0.077984116764372, 0.35536239248818813, 0.8311219872332385, 0.9010683829521371, 0.9396677893382259, 0.0014727455467280631, 0.684612732247671, 0.9579043210001971, 0.4501251361452977, 0.1294188333072374, 0.5191184073296553, 0.1027975276681714, 0.05388995995542635, 0.007943335691261919, 0.9226684153516485, 0.8351365216209521, 0.7541547664121646, 0.03942807976474172, 0.5463444792332945, 0.11468636236142166, 0.600536133407813, 0.09777511879123252, 0.9714661435603267, 0.1023377249653711, 0.06565714269953446, 0.2099571457520621, 0.787944000267015, 0.779510223499073, 0.90683700602327, 0.7321609496690702, 0.8093383621166059, 0.21457053183916744, 0.6077357407456059, 0.7482232704546498, 0.037204792700002376], BATTLES: 269-202-190-399-281-281-398-263-311-
25, 0, -2591.0, [0.30875952980937243, 0.847424965262908, 0.027887745286072685, 0.026532446619113515, 0.7649604128416982, 0.7686473635956121, 0.1169196046698383, 0.012134015305715187, 0.4448208102902336, 0.12098098839191418, 0.8494101786456588, 0.14446302297619468, 0.9819131979406324, 0.5791530643554929, 0.3040231768169007, 0.060172476644818604, 0.05023965127026722, 0.7630118888524463, 0.11385534404810527, 0.8262063701858853, 0.8736011528763991, 0.6436792977094644, 0.996655101024345, 0.5274225402486887, 0.9641916715866996, 0.333444790919907, 0.9841255145985597, 0.4000023436894755, 0.323896146222558, 0.3493132610459032, 0.8825725515976721, 0.9984578470936321, 0.9803648115605336, 0.12449044940990717, 0.7175086044393307, 0.9062104349054991, 0.4873802460564211, 0.08191421075884721, 0.2801573106950794, 0.015085971129089885, 0.05912519348632683, 0.005274199950017922, 0.8094532818342508, 0.7826148566071067, 0.582266680030432, 0.08192251446605281, 0.27683094559046856, 0.061996039014781575, 0.7283492922978096, 0.1265186892127796, 0.988280121253051, 0.0957681674087895, 0.01620796970800628, 0.5902898904489238, 0.8648334364400466, 0.8941174669052626, 0.9962493554682216, 0.4970540383307973, 0.8271002351137074, 0.10411186219008105, 0.4009232208034542, 0.5777808091926546, 0.06584157140758931], BATTLES: 278-179-180-394-275-287-360-309-255-
25, 1, -2636.0, [0.4251196447454002, 0.7682970169490047, 0.034678760520735305, 0.07133812232433903, 0.7341346687476273, 0.7970551635525983, 0.039206284644886534, 0.03952658362290647, 0.38935130909706156, 0.4151320438503732, 0.916001630666574, 0.06448969219218761, 0.9583246581927735, 0.5531060481150417, 0.2467408465016384, 0.08952314100732925, 0.049472789730843236, 0.9978800997438271, 0.13581711928336815, 0.7858512138578, 0.9816833085643225, 0.9394902145382091, 0.6311726791186059, 0.3636603931144613, 0.9671798035846095, 0.42358771017045443, 0.8838713757632991, 0.6071988179949303, 0.18597288822209002, 0.28045605117690997, 0.9967077782172047, 0.9572389637806714, 0.984389656413189, 0.11006842839046284, 0.8467371011063181, 0.9210516984211061, 0.19723477282585977, 0.13349681917238873, 0.482908008334688, 0.07013720193520723, 0.034636148407217904, 0.006556646462247212, 0.9500338798911452, 0.8606044863798012, 0.7358978552193475, 0.012326596484927316, 0.022906375655462885, 0.5109361556048517, 0.8596246914170032, 0.07781807741345582, 0.9898692676821956, 0.03732751534349776, 0.18976895422753629, 0.5228066843086416, 0.8175373775958857, 0.8067244170518858, 0.9263363432654016, 0.6151749699830809, 0.9814965176622663, 0.19790272030817407, 0.5507401624953477, 0.6762273998730097, 0.08486954219219288], BATTLES: 295-190-208-401-284-300-373-298-287-
25, 2, -2609.0, [0.33443330590030573, 0.7646606408734761, 0.09007395005418445, 0.020557740746583758, 0.7143345394926468, 0.9368079001076527, 0.008824080266824456, 0.10363601085966614, 0.29430612645661414, 0.3312228825480182, 0.8485645045979006, 0.0021609686494137026, 0.9851580992737492, 0.5400969988999809, 0.18590573332000476, 0.00434851186663663, 0.026723038172161734, 0.9424768014400309, 0.0016093951743977875, 0.8041472295665514, 0.5843183741026451, 0.8628702404714952, 0.9753457254184739, 0.4389330450750152, 0.9702171572952428, 0.34185573586723084, 0.8650524770104143, 0.8034681911364906, 0.2052343428065163, 0.18421511579183728, 0.8973112886303234, 0.9878553398604242, 0.9806838425718958, 0.3514322720147663, 0.8441193400809427, 0.9500926106200217, 0.9525539292844528, 0.08351238293420146, 0.36247282398139585, 0.08517601650424819, 0.019762602621943307, 0.2152891072108809, 0.7476005979102105, 0.7685891911466064, 0.7264467277388955, 0.095837282249669, 0.4054946530846392, 0.1033907573409057, 0.972755195967697, 0.03492013394746379, 0.8013583016333726, 0.10553996653643302, 0.13831178728490237, 0.295447334103295, 0.8975742975747637, 0.9222297734253031, 0.7977093274373137, 0.7521280091925153, 0.9497902362223769, 0.12085554442894453, 0.783509723874024, 0.3231364411317559, 0.03990238480344044], BATTLES: 288-198-215-415-277-270-372-304-270-
25, 3, -2661.0, [0.4313287535820782, 0.8601527569751578, 0.005289184749328241, 0.03584098290133913, 0.8285556924168455, 0.8814130791481108, 0.013301478510070564, 0.028394650643476835, 0.756687833828677, 0.33207005874030904, 0.818560102173686, 0.011928935833977194, 0.99875866741103, 0.4388495373551283, 0.11510694595574524, 0.04437123113389145, 0.0034051405878877117, 0.973422071682432, 0.045938741672111386, 0.9094245025798093, 0.9783198300538566, 0.6861404559800383, 0.8635516040349261, 0.5239225456359071, 0.9667178435140305, 0.14523440469259769, 0.760410707243479, 0.8740842748439099, 0.11086170467590946, 0.43975680065000017, 0.9923286234346365, 0.9988467554802969, 0.9944096456316938, 0.3950190069885844, 0.730064549178648, 0.9463288390786377, 0.7520806713050807, 0.03677409384035393, 0.2990611038235829, 0.030643830894422915, 0.019378739064282183, 0.03611429536942686, 0.9297120829651102, 0.7799969720408019, 0.9781919879942207, 0.021102600950249555, 0.2283014165726483, 0.08645435451435268, 0.969680290612778, 0.01810946691522547, 0.9863320335146221, 0.09708504752110134, 0.16812694710319892, 0.7356960949227668, 0.9047510687550481, 0.5439909001922597, 0.8513991440852939, 0.762148882260431, 0.9673677223903193, 0.3135379264530974, 0.5426805115063874, 0.5928996158587674, 0.031160650178502974], BATTLES: 286-171-203-390-314-299-369-331-295-
25, 4, -2736.0, [0.35112149086090866, 0.8410037856364351, 0.015541112708064818, 0.04116817032081503, 0.7944973538990949, 0.9403806254258431, 0.057055494276442374, 0.1442934741086756, 0.7777642628751873, 0.4071486579730697, 0.8922651980087324, 0.01915276847016429, 0.9773439485245384, 0.7062945900201212, 0.23901372429351983, 0.2692959037224664, 0.12403704688128206, 0.3704215586042955, 0.04575103771800815, 0.6830183154078626, 0.835267388228042, 0.7812194804548418, 0.7531606326098157, 0.3507124667166592, 0.9064054574268884, 0.34359274070042795, 0.9573041800971706, 0.6133523078187029, 0.11301536644017471, 0.3405946647537707, 0.7340733616495032, 0.9710586348220043, 0.9859842494112776, 0.14839842087578803, 0.6729812643338696, 0.9677423804247188, 0.7477550250493843, 0.041187418907107684, 0.5951324144166045, 0.07316416018284311, 0.009595395139692077, 0.22747446641614255, 0.8109245526896309, 0.8072803864842256, 0.7444545557530865, 0.19166569441202497, 0.36992453598204844, 0.1282494372718742, 0.834546983159232, 0.30657712347642185, 0.855752586723419, 0.059680563991006054, 0.006151441797248233, 0.16430730992124798, 0.9366216089292992, 0.753276311078805, 0.8853743407464661, 0.5960064145321978, 0.9609004084529618, 0.41284107925258456, 0.43906049947325543, 0.5531266654498004, 0.05579817673645615], BATTLES: 303-196-216-427-289-325-376-279-325-
25, 5, -2618.0, [0.5108217228130735, 0.8425487356687485, 0.04605890667211965, 0.05559344178705458, 0.7447339793515682, 0.8750620370153611, 0.04879989043699744, 0.0232819524206961, 0.6458951984787952, 0.41993117492084076, 0.8300621798569562, 0.024959186591794354, 0.963326040803709, 0.6152067292304344, 0.20209878133710366, 0.19393462988515958, 0.04891113713132729, 0.9882537849583489, 0.1530119263429114, 0.8431887868436356, 0.8015942859717374, 0.7887622752923346, 0.7485267872137462, 0.29443473746783366, 0.9391716644738424, 0.06221259878367803, 0.7669793241899673, 0.7563439066719013, 0.1728888796742712, 0.4256248308718634, 0.897957637204538, 0.9842967369163204, 0.9155210598697179, 0.27921574326562, 0.7093645618458123, 0.899619330312967, 0.8386037486487167, 0.09457636517072657, 0.3089430434325957, 0.14181800306135828, 0.01878243040962689, 0.0015776053851063593, 0.9774179860809113, 0.7015428637007407, 0.8810434440861866, 0.11477703020646679, 0.3296222026747015, 0.21365620515203332, 0.8355229382704608, 0.18199683157133917, 0.8777404234612559, 0.1103496946431052, 0.1717672381015671, 0.4224470417113319, 0.8985206997891549, 0.5236397213054476, 0.8835367836614045, 0.5766002674871054, 0.933362686238865, 0.17352380381144217, 0.7495316282980807, 0.5655458588374467, 0.13658549192103067], BATTLES: 304-165-208-392-305-291-366-308-279-
25, 6, -2665.0, [0.44137933889382414, 0.8976929482197716, 0.045004928567465644, 0.03448054070236414, 0.7072148973588392, 0.8994966465183339, 0.05010356767045679, 0.0682512464041322, 0.8459728565673126, 0.34176204192471804, 0.8262126684930862, 0.013005354000220591, 0.9738256137391547, 0.7202433262670883, 0.2777325158084785, 0.06474941567517474, 0.06898085970714937, 0.7420925517318041, 0.16394304764822698, 0.8179544513015597, 0.6093884030305492, 0.6764734828970395, 0.8629325136285241, 0.32277505718224536, 0.7688054134902929, 0.3544401258810842, 0.9414465915318174, 0.639403472927243, 0.09399380040924864, 0.26242162661203894, 0.8835731351837406, 0.9928598839526375, 0.9665848189840792, 0.3254578940715286, 0.7200444717328675, 0.9389433995551657, 0.6927325052481352, 0.12504946498069558, 0.4363240273522616, 0.03797522335842807, 0.07026383096554571, 0.24034933897859728, 0.925174107594043, 0.7599100723651938, 0.6413508917704442, 0.0701565881286822, 0.4901339020408874, 0.1381592188661338, 0.9587454683103798, 0.3626792954098726, 0.8819624753566981, 0.07243516165396434, 0.19094943560356206, 0.3807349983518994, 0.881868358740089, 0.785029448206513, 0.8671508941418776, 0.45488918544510293, 0.8939550873072254, 0.28161638885782875, 0.6648135321103725, 0.4930659878337634, 0.23492633017701342], BATTLES: 293-188-216-413-292-299-385-262-317-
25, 7, -2708.0, [0.31646069327659065, 0.7796725265773022, 0.02066186883573626, 0.016888700201644895, 0.7216424209934813, 0.8362393085894149, 0.04803514917502439, 0.13802499926870954, 0.3687517902801547, 0.491598768032278, 0.7240398667295949, 0.024112215251432517, 0.9823917600889854, 0.6693676892637651, 0.4413677089039244, 0.060863707632410696, 0.0800843618034118, 0.9137297241449748, 0.2166159689275016, 0.6011661855421716, 0.8667090300680319, 0.5152205491402266, 0.864076132174199, 0.49474960309765226, 0.9408445400773923, 0.17660396573612383, 0.9268360671757799, 0.6267833098635438, 0.00723173372865827, 0.13156065437798636, 0.8431492873343265, 0.987566458737427, 0.9358709560803123, 0.03737869334913281, 0.7123659721618388, 0.9786906028797298, 0.9362788991103976, 0.0027916554865888114, 0.7242607865392817, 0.10864757444946274, 0.04403151041850122, 0.012490220108202811, 0.878507295566574, 0.8007048073786114, 0.8172142400224455, 0.26248331029932176, 0.21694662802481196, 0.2308293940635645, 0.9361148016250281, 0.11146756590563736, 0.9726615026433689, 0.025793216198536237, 0.0188044970863887, 0.08337678761593298, 0.8107776735005251, 0.9990894099591224, 0.9266721370586908, 0.46119674529585464, 0.9979453063619453, 0.43891017755041967, 0.6350313234569522, 0.5385161220669303, 0.2926284996611483], BATTLES: 304-188-247-388-296-326-363-299-297-
25, 8, -2669.0, [0.44074480473734495, 0.7820131757689327, 0.10183429536954337, 0.03061066390934607, 0.7901131631640227, 0.9376030965263152, 0.02154027113534878, 0.05973147269126404, 0.40845341445387034, 0.3900574334481488, 0.9900098934705202, 0.00766025648816182, 0.9925909351648305, 0.5828819536881777, 0.01786938985819292, 0.030560859543777394, 0.06791578915155722, 0.9920026532596737, 0.04441164522562423, 0.7677048918062821, 0.7097604673270022, 0.939865485987164, 0.6931296491666874, 0.26496465660820256, 0.9645874977833282, 0.15503941360606516, 0.7993396779464192, 0.5847647161773599, 0.23938620008120953, 0.29188183616678404, 0.9417192923110923, 0.983813869780268, 0.9847482152190035, 0.6339485374278176, 0.7865196868529678, 0.940401751023699, 0.921539429786276, 0.20178732082479248, 0.4530396880681015, 0.2142219858332141, 0.09983123354132334, 0.16290052113603612, 0.6904034405499849, 0.8120813462794249, 0.5779024916479348, 0.017105359813209334, 0.6450640420732847, 0.06186650362768716, 0.7678062212500839, 0.12098493269344794, 0.8443810187513172, 0.0958513685126604, 0.10304234776088284, 0.42273903402870133, 0.9373558098889502, 0.8837975713692181, 0.9789058952630113, 0.40462924632788305, 0.8827755002638296, 0.08668018795959798, 0.6405884584511841, 0.487378943054737, 0.004858646965561736], BATTLES: 292-221-190-396-294-278-408-313-277-
25, 9, -2693.0, [0.49443701675797336, 0.8216259388913671, 0.002229583053549436, 0.07621923951209995, 0.7076849809761242, 0.7394143425907758, 0.02360934265497317, 0.04234436717695447, 0.5416379468161802, 0.5236574696326688, 0.9919613693678334, 0.02273746904666277, 0.9399660275929814, 0.5605059487790223, 0.14701581506128908, 0.23669380412936614, 0.0981107645509359, 0.9140914100841737, 0.09204730331328312, 0.8167331177374945, 0.9408583602527357, 0.7301516395917762, 0.5814479803809526, 0.1222649697378076, 0.9878558049285773, 0.036397469133340646, 0.689921214005937, 0.7521345860872135, 0.11693601346511472, 0.6108122630920191, 0.9450102558232272, 0.9431865063039186, 0.911849443886478, 0.30357517983874616, 0.640108553651117, 0.7624333177831142, 0.8945662218797578, 0.12073735251698726, 0.6514058917002844, 0.33508587732526196, 0.02398875239943419, 0.05817444728529276, 0.9462233976621736, 0.7940367159609119, 0.7303405847041615, 0.18816298271494122, 0.46943349756024005, 0.21578246308346571, 0.5534379417615022, 0.22019491203397723, 0.856507532860415, 0.07066252573295137, 0.09504209272189927, 0.470242836147306, 0.8693294016124914, 0.6287096785806139, 0.87763345664774, 0.2981043280877609, 0.9044766291513249, 0.28507751811828497, 0.4086977073571405, 0.7522126231527857, 0.24683146011672225], BATTLES: 304-180-195-409-309-310-408-303-275-
25, 10, -2585.0, [0.502027829898621, 0.8472147253730063, 0.029236531216468, 0.09368670116177802, 0.6627721763131886, 0.8788162913406365, 0.030998407106033948, 0.05388683714714272, 0.5262327562569097, 0.4791197016942202, 0.9542887898798944, 0.015855041280690804, 0.9534392627630282, 0.6767048616828485, 0.06624698747611145, 0.22877295194130798, 0.1662204358193614, 0.9736521170342651, 0.1476388595820622, 0.8265895552824953, 0.915126538422892, 0.8281635788800487, 0.7700780134116954, 0.2845182731701263, 0.9932013197646314, 0.005165036706503701, 0.8114752543989989, 0.9388633959134103, 0.40955534710221286, 0.5441124355849088, 0.9144028839634201, 0.9774171036945221, 0.9350819127791158, 0.32093901089507676, 0.7482442272960417, 0.9367842975579992, 0.47488327533360153, 0.1672883316896488, 0.5637059218886181, 0.15933237157232977, 0.005815054970377487, 0.14107938845860224, 0.8361552771018841, 0.7026575201226315, 0.43237144733958954, 0.14961786572734784, 0.4299425429892813, 0.11431995959090632, 0.6066500461236227, 0.2736551319849787, 0.9870852037017724, 0.0848714778001051, 0.037881376051009386, 0.2219209053127738, 0.9299166641733171, 0.6968672672885152, 0.8349686359527957, 0.4041889733064836, 0.7856769651563814, 0.47532761436659676, 0.6212777627849653, 0.6697762957495847, 0.008774892645713267], BATTLES: 284-167-196-393-281-296-371-285-307-
25, 11, -2612.0, [0.4765669341941585, 0.8148101669925233, 0.03128586576805895, 0.02941084019104297, 0.7127612283948062, 0.7800773038835369, 0.043368968719348304, 0.10882505262732703, 0.7931050359176279, 0.4190129389444884, 0.9925466454076537, 0.006680672927275852, 0.9799108404804916, 0.6984884485549963, 0.054876804500753606, 0.04077637953288535, 0.04784668625019576, 0.9649661779568026, 0.08396363844746038, 0.7854970421069881, 0.6657864893029809, 0.5822639954210552, 0.7384571701387982, 0.256384273164667, 0.972754175136145, 0.13364021328667702, 0.9803107809366496, 0.6959619667829567, 0.05525253234324466, 0.17697267287145962, 0.7882026787580388, 0.9416020338231839, 0.9471626219344759, 0.449503964457183, 0.6827595488894196, 0.9935405144813444, 0.5628673074467531, 0.03333840244037165, 0.5354524863949092, 0.0626842533542683, 0.010548029708113527, 0.2694811664206661, 0.8674651626529597, 0.7171939825925507, 0.579652129201015, 0.17806826255550112, 0.6486008955143744, 0.06836601214943508, 0.7390470706924184, 0.3137593509739026, 0.8692632118650195, 0.1322886181457556, 0.09862136696081397, 0.19969992252219054, 0.8383300406537793, 0.8567197682345478, 0.769564696530795, 0.31806457683445943, 0.9970850242818463, 0.53709779832788, 0.519888521932335, 0.5049542395397141, 0.08806218668187371], BATTLES: 284-202-212-399-292-285-378-265-295-
25, 12, -2628.0, [0.4414005486974436, 0.8555534242849976, 0.04273881599743996, 0.058060794265258064, 0.6752181591709053, 0.9879333492919911, 0.046408054133958675, 0.01833853586519875, 0.8039207823207414, 0.490949160054279, 0.8289363867237021, 0.015819970675854722, 0.9417111855636555, 0.8290132178304247, 0.22968880649445617, 0.04258030865300469, 0.13212038390676362, 0.9415409576501793, 0.10487281870178417, 0.7188714811713436, 0.825224611597135, 0.6475772663330988, 0.8418263035283879, 0.48125747105086814, 0.96034603366469, 0.3364707187402479, 0.9714651618378761, 0.6306658216736802, 0.3629846425240382, 0.08204216294320346, 0.9093321870549331, 0.9920976529544518, 0.9872486347828763, 0.431328467882379, 0.6810687468880772, 0.951443731447323, 0.41416412350262444, 0.10236242664971454, 0.5716015025475271, 0.02532204812261201, 0.031246577689882267, 0.16184845577564844, 0.730701047351713, 0.6782449022347757, 0.2840058679705276, 0.17802318172905032, 0.762177729288865, 0.06935938156747842, 0.9096837587895228, 0.1874242810119244, 0.9937345076714452, 0.10450413967743817, 0.16039618224565858, 0.20112521940877548, 0.9798679292750133, 0.7544086873580059, 0.9512698315660569, 0.3939528144474101, 0.9937084235701067, 0.5405323832586251, 0.3556073110103123, 0.6962375322230938, 0.12352795621831313], BATTLES: 306-168-188-399-299-279-392-290-301-
25, 13, -2627.0, [0.36318596132531383, 0.9638194653841093, 0.0341608042077155, 0.03330642826636164, 0.7400474518612669, 0.9679047258778334, 0.025302212587342554, 0.030919131441092693, 0.8088568706574722, 0.533605305225186, 0.8772441527481042, 0.009640818794054812, 0.9599003668582654, 0.6680023324757689, 0.24891087746139834, 0.2607702981742826, 0.13427766425562654, 0.8028977168147355, 0.07510061837352594, 0.8591077129904577, 0.8567040089479699, 0.6173387583738006, 0.8276702127604907, 0.5291119136256524, 0.9743311228177998, 0.1657173640501187, 0.8870019528347163, 0.733115004416799, 0.36829492257023044, 0.3421117172519016, 0.8304921085132516, 0.9970188303403898, 0.9728363315105176, 0.06648870323567024, 0.6186050661674954, 0.9678115140332644, 0.3746991058311046, 0.08765787505030584, 0.5879125131858554, 0.042564634353456865, 0.018385796401359733, 0.16350850020603866, 0.7941427457386294, 0.7114727357104265, 0.47194487364418125, 0.13948393974782788, 0.4633881631786805, 0.15699975477891792, 0.965391036938725, 0.21476327056145367, 0.8878576735837456, 0.11355247611178305, 0.013887870708812353, 0.46588980481714104, 0.9726228084839323, 0.6693753525707713, 0.8558706286736876, 0.6201432508973438, 0.9121853288218249, 0.47126673346591486, 0.4173871616927303, 0.5749131666645748, 0.02890027784923288], BATTLES: 289-194-207-403-297-315-362-250-283-
25, 14, -2555.0, [0.3951351018197238, 0.9954644362898273, 0.03774748089712612, 0.020078137664034264, 0.798406164035182, 0.8006181117465504, 0.21847983982498326, 0.03991635697201592, 0.8526288407797358, 0.307035926530458, 0.8429514678898326, 0.0960792684605565, 0.9558553299542271, 0.7689632930007017, 0.2889587003716804, 0.10585768833392505, 0.0591509679282618, 0.8480923461686409, 0.029260579876982246, 0.8256338069178054, 0.9686667697058279, 0.7547308289478046, 0.930129788416889, 0.4003010416378178, 0.8374421735238521, 0.23064605720738726, 0.9276559611853027, 0.5134873255801338, 0.077984116764372, 0.3024134875685966, 0.8311219872332385, 0.9010683829521371, 0.9532092777457795, 0.0007363727733640316, 0.684612732247671, 0.9789521605000986, 0.4501251361452977, 0.1294188333072374, 0.5191184073296553, 0.1027975276681714, 0.06297316050378904, 0.11907112300810792, 0.848595596309549, 0.8351365216209521, 0.5054100605425851, 0.08666988573391281, 0.6562980701833064, 0.11468636236142166, 0.600536133407813, 0.09777511879123252, 0.9270869532093787, 0.11824952827984797, 0.06565714269953446, 0.2099571457520621, 0.787944000267015, 0.7689294621530636, 0.9270029477908522, 0.7321609496690702, 0.8093383621166059, 0.21457053183916744, 0.5622790181893863, 0.7482232704546498, 0.037204792700002376], BATTLES: 275-186-194-379-278-285-358-303-285-
26, 0, -2639.0, [0.30875952980937243, 0.847424965262908, 0.027887745286072685, 0.026532446619113515, 0.7649604128416982, 0.7686473635956121, 0.1169196046698383, 0.012134015305715187, 0.4448208102902336, 0.12098098839191418, 0.8494101786456588, 0.14446302297619468, 0.9819131979406324, 0.5791530643554929, 0.3040231768169007, 0.060172476644818604, 0.05023965127026722, 0.7630118888524463, 0.11385534404810527, 0.8262063701858853, 0.8736011528763991, 0.6436792977094644, 0.996655101024345, 0.5274225402486887, 0.9641916715866996, 0.333444790919907, 0.9841255145985597, 0.4000023436894755, 0.323896146222558, 0.3493132610459032, 0.8825725515976721, 0.9984578470936321, 0.9803648115605336, 0.12449044940990717, 0.7175086044393307, 0.9062104349054991, 0.4873802460564211, 0.08191421075884721, 0.2801573106950794, 0.015085971129089885, 0.05912519348632683, 0.005274199950017922, 0.8094532818342508, 0.7826148566071067, 0.582266680030432, 0.08192251446605281, 0.27683094559046856, 0.061996039014781575, 0.7283492922978096, 0.1265186892127796, 0.988280121253051, 0.0957681674087895, 0.01620796970800628, 0.5902898904489238, 0.8648334364400466, 0.8941174669052626, 0.9962493554682216, 0.4970540383307973, 0.8271002351137074, 0.10411186219008105, 0.4009232208034542, 0.5777808091926546, 0.06584157140758931], BATTLES: 290-193-201-398-289-305-379-302-282-
26, 1, -2701.0, [0.3594890668091223, 0.7682970169490047, 0.0331618155353172, 0.07133812232433903, 0.7341346687476273, 0.7970551635525983, 0.039206284644886534, 0.03952658362290647, 0.38935130909706156, 0.4151320438503732, 0.916001630666574, 0.06448969219218761, 0.9583246581927735, 0.5531060481150417, 0.306643147552451, 0.08952314100732925, 0.12505776415274403, 0.5970067829185847, 0.13581711928336815, 0.7858512138578, 0.9816833085643225, 0.8988241876652701, 0.795863414703251, 0.44183186058466084, 0.9671798035846095, 0.42358771017045443, 0.9419356878816496, 0.6071988179949303, 0.05690759992296267, 0.28985074150092405, 0.7579740315535791, 0.9572389637806714, 0.984389656413189, 0.06338580954194332, 0.8467371011063181, 0.9210516984211061, 0.3166572326212935, 0.13349681917238873, 0.6497501909109802, 0.0014294748250417155, 0.034636148407217904, 0.006556646462247212, 0.8607304079566899, 0.8606044863798012, 0.7358978552193475, 0.012326596484927316, 0.022906375655462885, 0.2937604632265821, 0.8596246914170032, 0.07781807741345582, 0.9898692676821956, 0.06843841030544776, 0.10246400624563047, 0.5228066843086416, 0.8175373775958857, 0.8067244170518858, 0.8989597188798697, 0.6008583456590648, 0.9334142936846624, 0.3630917831962214, 0.4958963429200176, 0.6762273998730097, 0.0525950785090702], BATTLES: 298-185-200-407-280-292-368-312-276-
26, 2, -2709.0, [0.33443330590030573, 0.8011571427115443, 0.04347372354864426, 0.030263851247534508, 0.7143345394926468, 0.9368079001076527, 0.008824080266824456, 0.10363601085966614, 0.29430612645661414, 0.4692141397336836, 0.8485645045979006, 0.0021609686494137026, 0.9851580992737492, 0.5400969988999809, 0.18590573332000476, 0.00434851186663663, 0.055475409611884546, 0.9424768014400309, 0.0016093951743977875, 0.5743594489524082, 0.5843183741026451, 0.8628702404714952, 0.9753457254184739, 0.4389330450750152, 0.9702171572952428, 0.34185573586723084, 0.9242721806061256, 0.8034681911364906, 0.2052343428065163, 0.18421511579183728, 0.8973112886303234, 0.9878553398604242, 0.9727109505933684, 0.3514322720147663, 0.8441193400809427, 0.9537190053366645, 0.8087119944295403, 0.04278173792885864, 0.6869735401069599, 0.04595716127753152, 0.019762602621943307, 0.07311764232459689, 0.742408428224566, 0.7685891911466064, 0.7264467277388955, 0.15477344957706024, 0.4054946530846392, 0.1033907573409057, 0.931734159759626, 0.03200559849972241, 0.8013583016333726, 0.10553996653643302, 0.13831178728490237, 0.295447334103295, 0.8975742975747637, 0.9222297734253031, 0.7977093274373137, 0.7521280091925153, 0.9497902362223769, 0.12085554442894453, 0.783509723874024, 0.3231364411317559, 0.03990238480344044], BATTLES: 304-168-217-395-276-285-379-308-298-
26, 3, -2643.0, [0.4313287535820782, 0.8601527569751578, 0.005289184749328241, 0.03584098290133913, 0.8285556924168455, 0.8814130791481108, 0.013301478510070564, 0.028394650643476835, 0.756687833828677, 0.33207005874030904, 0.818560102173686, 0.011928935833977194, 0.99875866741103, 0.4388495373551283, 0.11510694595574524, 0.04437123113389145, 0.0034051405878877117, 0.973422071682432, 0.045938741672111386, 0.9094245025798093, 0.9783198300538566, 0.6861404559800383, 0.8635516040349261, 0.5239225456359071, 0.9667178435140305, 0.14523440469259769, 0.760410707243479, 0.8740842748439099, 0.11086170467590946, 0.43975680065000017, 0.9923286234346365, 0.9988467554802969, 0.9944096456316938, 0.3950190069885844, 0.730064549178648, 0.9463288390786377, 0.7520806713050807, 0.03677409384035393, 0.2990611038235829, 0.030643830894422915, 0.019378739064282183, 0.03611429536942686, 0.9297120829651102, 0.7799969720408019, 0.9781919879942207, 0.021102600950249555, 0.2283014165726483, 0.08645435451435268, 0.969680290612778, 0.01810946691522547, 0.9863320335146221, 0.09708504752110134, 0.16812694710319892, 0.7356960949227668, 0.9047510687550481, 0.5439909001922597, 0.8513991440852939, 0.762148882260431, 0.9673677223903193, 0.3135379264530974, 0.5426805115063874, 0.5928996158587674, 0.031160650178502974], BATTLES: 294-197-204-380-318-298-369-294-289-
26, 4, -2664.0, [0.3115653625744038, 0.8631192787068849, 0.020022031718612072, 0.009375412633097296, 0.8110810789557213, 0.9403806254258431, 0.06832516500179737, 0.1367157872367198, 0.7777642628751873, 0.4071486579730697, 0.8227222656071207, 0.009576384235082145, 0.9773439485245384, 0.7013139896529087, 0.32214410013010597, 0.2692959037224664, 0.12403704688128206, 0.3704215586042955, 0.053012893355567914, 0.675816893255209, 0.8516977847264603, 0.7812194804548418, 0.8179132858251468, 0.4857385062321481, 0.9064054574268884, 0.34359274070042795, 0.9398550544969704, 0.6133523078187029, 0.11301536644017471, 0.3405946647537707, 0.7737443388849247, 0.9831689969380784, 0.9859842494112776, 0.14839842087578803, 0.6873055053417503, 0.9677423804247188, 0.7477550250493843, 0.041187418907107684, 0.5951324144166045, 0.028123026653329573, 0.01797475483557306, 0.14598064213463247, 0.860821016571684, 0.8072803864842256, 0.7444545557530865, 0.17988786607780605, 0.36992453598204844, 0.11377720778473666, 0.9112423811695683, 0.30657712347642185, 0.8813202673245789, 0.059680563991006054, 0.016900075432314764, 0.10486106775182957, 0.9366216089292992, 0.8230262670342329, 0.9357515075750013, 0.5476315331294407, 0.9609004084529618, 0.42232242537573994, 0.555070389602232, 0.5102800617576249, 0.05579817673645615], BATTLES: 328-172-198-390-285-323-347-232-323-
26, 5, -2698.0, [0.5108217228130735, 0.8425487356687485, 0.04605890667211965, 0.05559344178705458, 0.7447339793515682, 0.8750620370153611, 0.04879989043699744, 0.0232819524206961, 0.6458951984787952, 0.41993117492084076, 0.8300621798569562, 0.024959186591794354, 0.963326040803709, 0.6152067292304344, 0.20209878133710366, 0.19393462988515958, 0.04891113713132729, 0.9882537849583489, 0.1530119263429114, 0.8431887868436356, 0.8015942859717374, 0.7887622752923346, 0.7485267872137462, 0.29443473746783366, 0.9391716644738424, 0.06221259878367803, 0.7669793241899673, 0.7563439066719013, 0.1728888796742712, 0.4256248308718634, 0.897957637204538, 0.9842967369163204, 0.9155210598697179, 0.27921574326562, 0.7093645618458123, 0.899619330312967, 0.8386037486487167, 0.09457636517072657, 0.3089430434325957, 0.14181800306135828, 0.01878243040962689, 0.0015776053851063593, 0.9774179860809113, 0.7015428637007407, 0.8810434440861866, 0.11477703020646679, 0.3296222026747015, 0.21365620515203332, 0.8355229382704608, 0.18199683157133917, 0.8777404234612559, 0.1103496946431052, 0.1717672381015671, 0.4224470417113319, 0.8985206997891549, 0.5236397213054476, 0.8835367836614045, 0.5766002674871054, 0.933362686238865, 0.17352380381144217, 0.7495316282980807, 0.5655458588374467, 0.13658549192103067], BATTLES: 297-183-211-394-303-323-378-299-310-
26, 6, -2655.0, [0.44137933889382414, 0.8976929482197716, 0.045004928567465644, 0.03448054070236414, 0.7072148973588392, 0.8994966465183339, 0.05010356767045679, 0.0682512464041322, 0.8459728565673126, 0.34176204192471804, 0.8262126684930862, 0.013005354000220591, 0.9738256137391547, 0.7202433262670883, 0.2777325158084785, 0.06474941567517474, 0.06898085970714937, 0.7420925517318041, 0.16394304764822698, 0.8179544513015597, 0.6093884030305492, 0.6764734828970395, 0.8629325136285241, 0.32277505718224536, 0.7688054134902929, 0.3544401258810842, 0.9414465915318174, 0.639403472927243, 0.09399380040924864, 0.26242162661203894, 0.8835731351837406, 0.9928598839526375, 0.9665848189840792, 0.3254578940715286, 0.7200444717328675, 0.9389433995551657, 0.6927325052481352, 0.12504946498069558, 0.4363240273522616, 0.03797522335842807, 0.07026383096554571, 0.24034933897859728, 0.925174107594043, 0.7599100723651938, 0.6413508917704442, 0.0701565881286822, 0.4901339020408874, 0.1381592188661338, 0.9587454683103798, 0.3626792954098726, 0.8819624753566981, 0.07243516165396434, 0.19094943560356206, 0.3807349983518994, 0.881868358740089, 0.785029448206513, 0.8671508941418776, 0.45488918544510293, 0.8939550873072254, 0.28161638885782875, 0.6648135321103725, 0.4930659878337634, 0.23492633017701342], BATTLES: 289-170-206-425-294-308-381-269-313-
26, 7, -2661.0, [0.31646069327659065, 0.7796725265773022, 0.02066186883573626, 0.016888700201644895, 0.7216424209934813, 0.8362393085894149, 0.04803514917502439, 0.13802499926870954, 0.3687517902801547, 0.491598768032278, 0.7240398667295949, 0.024112215251432517, 0.9823917600889854, 0.6693676892637651, 0.4413677089039244, 0.060863707632410696, 0.0800843618034118, 0.9137297241449748, 0.2166159689275016, 0.6011661855421716, 0.8667090300680319, 0.5152205491402266, 0.864076132174199, 0.49474960309765226, 0.9408445400773923, 0.17660396573612383, 0.9268360671757799, 0.6267833098635438, 0.00723173372865827, 0.13156065437798636, 0.8431492873343265, 0.987566458737427, 0.9358709560803123, 0.03737869334913281, 0.7123659721618388, 0.9786906028797298, 0.9362788991103976, 0.0027916554865888114, 0.7242607865392817, 0.10864757444946274, 0.04403151041850122, 0.012490220108202811, 0.878507295566574, 0.8007048073786114, 0.8172142400224455, 0.26248331029932176, 0.21694662802481196, 0.2308293940635645, 0.9361148016250281, 0.11146756590563736, 0.9726615026433689, 0.025793216198536237, 0.0188044970863887, 0.08337678761593298, 0.8107776735005251, 0.9990894099591224, 0.9266721370586908, 0.46119674529585464, 0.9979453063619453, 0.43891017755041967, 0.6350313234569522, 0.5385161220669303, 0.2926284996611483], BATTLES: 286-190-224-409-285-315-356-291-305-
26, 8, -2650.0, [0.44074480473734495, 0.7820131757689327, 0.10183429536954337, 0.03061066390934607, 0.7901131631640227, 0.9376030965263152, 0.02154027113534878, 0.05973147269126404, 0.40845341445387034, 0.3900574334481488, 0.9900098934705202, 0.00766025648816182, 0.9925909351648305, 0.5828819536881777, 0.01786938985819292, 0.030560859543777394, 0.06791578915155722, 0.9920026532596737, 0.04441164522562423, 0.7677048918062821, 0.7097604673270022, 0.939865485987164, 0.6931296491666874, 0.26496465660820256, 0.9645874977833282, 0.15503941360606516, 0.7993396779464192, 0.5847647161773599, 0.23938620008120953, 0.29188183616678404, 0.9417192923110923, 0.983813869780268, 0.9847482152190035, 0.6339485374278176, 0.7865196868529678, 0.940401751023699, 0.921539429786276, 0.20178732082479248, 0.4530396880681015, 0.2142219858332141, 0.09983123354132334, 0.16290052113603612, 0.6904034405499849, 0.8120813462794249, 0.5779024916479348, 0.017105359813209334, 0.6450640420732847, 0.06186650362768716, 0.7678062212500839, 0.12098493269344794, 0.8443810187513172, 0.0958513685126604, 0.10304234776088284, 0.42273903402870133, 0.9373558098889502, 0.8837975713692181, 0.9789058952630113, 0.40462924632788305, 0.8827755002638296, 0.08668018795959798, 0.6405884584511841, 0.487378943054737, 0.004858646965561736], BATTLES: 308-196-202-387-307-281-375-311-283-
26, 9, -2674.0, [0.49443701675797336, 0.8216259388913671, 0.0015225684941554607, 0.044065651886970064, 0.7916619683041991, 0.83385262862344, 0.02360934265497317, 0.04234436717695447, 0.5877655027209641, 0.5236574696326688, 0.9613633265499674, 0.011368734523331385, 0.9399660275929814, 0.6048611471641299, 0.17548715886528837, 0.23669380412936614, 0.13598478044746753, 0.9140914100841737, 0.016683198668986772, 0.8167331177374945, 0.9408583602527357, 0.7959189555692632, 0.6072498340005497, 0.29162295286364864, 0.9716031361912709, 0.036397469133340646, 0.689921214005937, 0.7521345860872135, 0.15211082062504994, 0.6108122630920191, 0.8165624508509749, 0.9431865063039186, 0.9451483805735147, 0.30357517983874616, 0.640108553651117, 0.8521621322976863, 0.9472831109398789, 0.09245165121032208, 0.6514058917002844, 0.33508587732526196, 0.02398875239943419, 0.1702041996658959, 0.9031156295360254, 0.7940367159609119, 0.714980379038028, 0.19037238680436183, 0.38113239522185327, 0.21578246308346571, 0.5534379417615022, 0.22520200597428117, 0.856507532860415, 0.04947440433558252, 0.04020069105940758, 0.2891966758752761, 0.9508477617017048, 0.6515973573303216, 0.87763345664774, 0.2981043280877609, 0.9044766291513249, 0.4210526302664755, 0.4086977073571405, 0.7522126231527857, 0.24683146011672225], BATTLES: 285-168-198-423-284-304-391-286-283-
26, 10, -2542.0, [0.40282426738432153, 0.8472147253730063, 0.029236531216468, 0.09368670116177802, 0.6627721763131886, 0.8788162913406365, 0.030998407106033948, 0.09566585531531523, 0.5262327562569097, 0.4791197016942202, 0.9542887898798944, 0.06133465021984895, 0.9817173975012105, 0.6646775882835264, 0.06624698747611145, 0.22877295194130798, 0.1226101628329786, 0.9736521170342651, 0.1476388595820622, 0.6440542664046331, 0.9619908975574084, 0.8281635788800487, 0.8850390067058477, 0.2845182731701263, 0.936186446747111, 0.005165036706503701, 0.8114752543989989, 0.9388633959134103, 0.40955534710221286, 0.3546258944094318, 0.9144028839634201, 0.9774171036945221, 0.9288717448393052, 0.05157398567759919, 0.7157988719720243, 0.9367842975579992, 0.6491795747663723, 0.1672883316896488, 0.6733668664482518, 0.15933237157232977, 0.04585484351532755, 0.03946961584843077, 0.8361552771018841, 0.7909073397509284, 0.43237144733958954, 0.16416532997348848, 0.4299425429892813, 0.12098777205374085, 0.7200849559914669, 0.2736551319849787, 0.9870852037017724, 0.08355750964535823, 0.01186536603798715, 0.2219209053127738, 0.8366703107291662, 0.6968672672885152, 0.9109154714183423, 0.4041889733064836, 0.7856769651563814, 0.47532761436659676, 0.6891131346104958, 0.7477095650372475, 0.008774892645713267], BATTLES: 260-167-207-394-287-293-337-265-289-
26, 11, -2682.0, [0.4765669341941585, 0.8148101669925233, 0.03128586576805895, 0.02941084019104297, 0.7127612283948062, 0.7800773038835369, 0.043368968719348304, 0.10882505262732703, 0.7931050359176279, 0.4190129389444884, 0.9925466454076537, 0.006680672927275852, 0.9799108404804916, 0.6984884485549963, 0.054876804500753606, 0.04077637953288535, 0.04784668625019576, 0.9649661779568026, 0.08396363844746038, 0.7854970421069881, 0.6657864893029809, 0.5822639954210552, 0.7384571701387982, 0.256384273164667, 0.972754175136145, 0.13364021328667702, 0.9803107809366496, 0.6959619667829567, 0.05525253234324466, 0.17697267287145962, 0.7882026787580388, 0.9416020338231839, 0.9471626219344759, 0.449503964457183, 0.6827595488894196, 0.9935405144813444, 0.5628673074467531, 0.03333840244037165, 0.5354524863949092, 0.0626842533542683, 0.010548029708113527, 0.2694811664206661, 0.8674651626529597, 0.7171939825925507, 0.579652129201015, 0.17806826255550112, 0.6486008955143744, 0.06836601214943508, 0.7390470706924184, 0.3137593509739026, 0.8692632118650195, 0.1322886181457556, 0.09862136696081397, 0.19969992252219054, 0.8383300406537793, 0.8567197682345478, 0.769564696530795, 0.31806457683445943, 0.9970850242818463, 0.53709779832788, 0.519888521932335, 0.5049542395397141, 0.08806218668187371], BATTLES: 277-187-210-405-317-318-377-296-295-
26, 12, -2591.0, [0.4414005486974436, 0.8793252187743436, 0.0047971497948173375, 0.058060794265258064, 0.7549659158101826, 0.929699806890816, 0.046408054133958675, 0.01833853586519875, 0.9773090289263424, 0.490949160054279, 0.9408681935166463, 0.028591048438697635, 0.9569717704605486, 0.7490969761358864, 0.2432846048089603, 0.04258030865300469, 0.13212038390676362, 0.6922900664403412, 0.10487281870178417, 0.7847731898803694, 0.9754546373289648, 0.6475772663330988, 0.8418263035283879, 0.3347162685173999, 0.96034603366469, 0.19127332548586937, 0.9714651618378761, 0.6306658216736802, 0.3629846425240382, 0.3880698607131122, 0.8710116948856309, 0.9854628002182559, 0.9621482093122327, 0.21021967792134708, 0.604963363627097, 0.951443731447323, 0.41416412350262444, 0.10236242664971454, 0.5375664204438098, 0.02532204812261201, 0.008659366056124303, 0.10082952869208262, 0.8958887228803786, 0.71127230260279, 0.5294678199035594, 0.17245951270202295, 0.6365694712143887, 0.06935938156747842, 0.9096837587895228, 0.31066435652561025, 0.960914554424193, 0.10450413967743817, 0.09604047175460964, 0.20112521940877548, 0.9798679292750133, 0.5414393011048403, 0.9512698315660569, 0.4080856110520947, 0.9942274699872745, 0.5005606162694363, 0.3269304303404714, 0.7491431235670678, 0.12352795621831313], BATTLES: 252-171-233-401-294-326-370-214-291-
26, 13, -2661.0, [0.36318596132531383, 0.9638194653841093, 0.0341608042077155, 0.03330642826636164, 0.7400474518612669, 0.9679047258778334, 0.025302212587342554, 0.030919131441092693, 0.8088568706574722, 0.533605305225186, 0.8772441527481042, 0.009640818794054812, 0.9599003668582654, 0.6680023324757689, 0.24891087746139834, 0.2607702981742826, 0.13427766425562654, 0.8028977168147355, 0.07510061837352594, 0.8591077129904577, 0.8567040089479699, 0.6173387583738006, 0.8276702127604907, 0.5291119136256524, 0.9743311228177998, 0.1657173640501187, 0.8870019528347163, 0.733115004416799, 0.36829492257023044, 0.3421117172519016, 0.8304921085132516, 0.9970188303403898, 0.9728363315105176, 0.06648870323567024, 0.6186050661674954, 0.9678115140332644, 0.3746991058311046, 0.08765787505030584, 0.5879125131858554, 0.042564634353456865, 0.018385796401359733, 0.16350850020603866, 0.7941427457386294, 0.7114727357104265, 0.47194487364418125, 0.13948393974782788, 0.4633881631786805, 0.15699975477891792, 0.965391036938725, 0.21476327056145367, 0.8878576735837456, 0.11355247611178305, 0.013887870708812353, 0.46588980481714104, 0.9726228084839323, 0.6693753525707713, 0.8558706286736876, 0.6201432508973438, 0.9121853288218249, 0.47126673346591486, 0.4173871616927303, 0.5749131666645748, 0.02890027784923288], BATTLES: 291-177-237-402-298-318-379-247-312-
26, 14, -2607.0, [0.41063584156620986, 0.9954644362898273, 0.016498288005140395, 0.020078137664034264, 0.7636906159946452, 0.9696741076036285, 0.21847983982498326, 0.03991635697201592, 0.4098730133115479, 0.23018958337378917, 0.8429514678898326, 0.0960792684605565, 0.9779276649771136, 0.6562937290086807, 0.2889587003716804, 0.05292884416696252, 0.0591509679282618, 0.8480923461686409, 0.029260579876982246, 0.8256338069178054, 0.9686667697058279, 0.8024900822320327, 0.930129788416889, 0.4003010416378178, 0.918721086761926, 0.23064605720738726, 0.9276559611853027, 0.5037109247550314, 0.077984116764372, 0.3024134875685966, 0.9155609936166192, 0.9505341914760685, 0.9532092777457795, 0.5065609289542325, 0.685606602431705, 0.9789521605000986, 0.7250625680726488, 0.10557021364597997, 0.5191184073296553, 0.1027975276681714, 0.06297316050378904, 0.1567506044736624, 0.848595596309549, 0.8675519795605557, 0.5328886760284727, 0.043334942866956404, 0.6562980701833064, 0.06167751857480813, 0.600536133407813, 0.04888755939561626, 0.9353908922294388, 0.06847521765830493, 0.06565714269953446, 0.06489239043316697, 0.9208901244717678, 0.8844647310765318, 0.9270029477908522, 0.43368161155841684, 0.9151750011133611, 0.21457053183916744, 0.5622790181893863, 0.4633495982931046, 0.07418724971344032], BATTLES: 283-166-211-405-309-305-340-247-249-
27, 0, -2578.0, [0.30875952980937243, 0.847424965262908, 0.027887745286072685, 0.047082253992684335, 0.770476374188892, 0.8278061312754166, 0.0560073381335502, 0.012134015305715187, 0.42043574372877923, 0.27002770220129424, 0.8494101786456588, 0.08963121600740641, 0.9774257878582683, 0.5142690124701559, 0.3040231768169007, 0.030086238322409302, 0.05023965127026722, 0.7630118888524463, 0.07602120781585492, 0.8262063701858853, 0.8736011528763991, 0.6436792977094644, 0.7842268150635634, 0.5274225402486887, 0.9641916715866996, 0.333444790919907, 0.8919682241902115, 0.4000023436894755, 0.323896146222558, 0.29111940414528725, 0.8825725515976721, 0.9724784537803004, 0.9977028023543261, 0.25908372741011093, 0.7700186585309412, 0.89632179797105, 0.4873802460564211, 0.16780204222512773, 0.5294737518445465, 0.059399704283345976, 0.05912519348632683, 0.002637099975008961, 0.7399948913706496, 0.7826148566071067, 0.6022771514634074, 0.040961257233026405, 0.27683094559046856, 0.061996039014781575, 0.7033080074347211, 0.02062440390194921, 0.9830175836301734, 0.09812116194365633, 0.01620796970800628, 0.5907703671147034, 0.8397850853919644, 0.8941174669052626, 0.987519106567816, 0.4970540383307973, 0.861614777418004, 0.10411186219008105, 0.35048633818210806, 0.5777808091926546, 0.06584157140758931], BATTLES: 264-181-191-412-314-266-370-262-270-
27, 1, -2669.0, [0.3594890668091223, 0.7682970169490047, 0.0331618155353172, 0.07133812232433903, 0.7341346687476273, 0.7970551635525983, 0.039206284644886534, 0.03952658362290647, 0.38935130909706156, 0.4151320438503732, 0.916001630666574, 0.06448969219218761, 0.9583246581927735, 0.5531060481150417, 0.306643147552451, 0.08952314100732925, 0.12505776415274403, 0.5970067829185847, 0.13581711928336815, 0.7858512138578, 0.9816833085643225, 0.8988241876652701, 0.795863414703251, 0.44183186058466084, 0.9671798035846095, 0.42358771017045443, 0.9419356878816496, 0.6071988179949303, 0.05690759992296267, 0.28985074150092405, 0.7579740315535791, 0.9572389637806714, 0.984389656413189, 0.06338580954194332, 0.8467371011063181, 0.9210516984211061, 0.3166572326212935, 0.13349681917238873, 0.6497501909109802, 0.0014294748250417155, 0.034636148407217904, 0.006556646462247212, 0.8607304079566899, 0.8606044863798012, 0.7358978552193475, 0.012326596484927316, 0.022906375655462885, 0.2937604632265821, 0.8596246914170032, 0.07781807741345582, 0.9898692676821956, 0.06843841030544776, 0.10246400624563047, 0.5228066843086416, 0.8175373775958857, 0.8067244170518858, 0.8989597188798697, 0.6008583456590648, 0.9334142936846624, 0.3630917831962214, 0.4958963429200176, 0.6762273998730097, 0.0525950785090702], BATTLES: 310-211-229-384-287-305-370-287-286-
27, 2, -2714.0, [0.33443330590030573, 0.8011571427115443, 0.04347372354864426, 0.030263851247534508, 0.7143345394926468, 0.9368079001076527, 0.008824080266824456, 0.10363601085966614, 0.29430612645661414, 0.4692141397336836, 0.8485645045979006, 0.0021609686494137026, 0.9851580992737492, 0.5400969988999809, 0.18590573332000476, 0.00434851186663663, 0.055475409611884546, 0.9424768014400309, 0.0016093951743977875, 0.5743594489524082, 0.5843183741026451, 0.8628702404714952, 0.9753457254184739, 0.4389330450750152, 0.9702171572952428, 0.34185573586723084, 0.9242721806061256, 0.8034681911364906, 0.2052343428065163, 0.18421511579183728, 0.8973112886303234, 0.9878553398604242, 0.9727109505933684, 0.3514322720147663, 0.8441193400809427, 0.9537190053366645, 0.8087119944295403, 0.04278173792885864, 0.6869735401069599, 0.04595716127753152, 0.019762602621943307, 0.07311764232459689, 0.742408428224566, 0.7685891911466064, 0.7264467277388955, 0.15477344957706024, 0.4054946530846392, 0.1033907573409057, 0.931734159759626, 0.03200559849972241, 0.8013583016333726, 0.10553996653643302, 0.13831178728490237, 0.295447334103295, 0.8975742975747637, 0.9222297734253031, 0.7977093274373137, 0.7521280091925153, 0.9497902362223769, 0.12085554442894453, 0.783509723874024, 0.3231364411317559, 0.03990238480344044], BATTLES: 326-195-225-382-281-296-402-320-287-
27, 3, -2705.0, [0.4313287535820782, 0.8601527569751578, 0.005289184749328241, 0.03584098290133913, 0.8285556924168455, 0.8814130791481108, 0.013301478510070564, 0.028394650643476835, 0.756687833828677, 0.33207005874030904, 0.818560102173686, 0.011928935833977194, 0.99875866741103, 0.4388495373551283, 0.11510694595574524, 0.04437123113389145, 0.0034051405878877117, 0.973422071682432, 0.045938741672111386, 0.9094245025798093, 0.9783198300538566, 0.6861404559800383, 0.8635516040349261, 0.5239225456359071, 0.9667178435140305, 0.14523440469259769, 0.760410707243479, 0.8740842748439099, 0.11086170467590946, 0.43975680065000017, 0.9923286234346365, 0.9988467554802969, 0.9944096456316938, 0.3950190069885844, 0.730064549178648, 0.9463288390786377, 0.7520806713050807, 0.03677409384035393, 0.2990611038235829, 0.030643830894422915, 0.019378739064282183, 0.03611429536942686, 0.9297120829651102, 0.7799969720408019, 0.9781919879942207, 0.021102600950249555, 0.2283014165726483, 0.08645435451435268, 0.969680290612778, 0.01810946691522547, 0.9863320335146221, 0.09708504752110134, 0.16812694710319892, 0.7356960949227668, 0.9047510687550481, 0.5439909001922597, 0.8513991440852939, 0.762148882260431, 0.9673677223903193, 0.3135379264530974, 0.5426805115063874, 0.5928996158587674, 0.031160650178502974], BATTLES: 295-171-226-410-297-322-352-324-308-
27, 4, -2622.0, [0.3115653625744038, 0.7539427409936104, 0.020022031718612072, 0.009375412633097296, 0.8110810789557213, 0.9403806254258431, 0.06832516500179737, 0.1367157872367198, 0.45363960615652205, 0.4071486579730697, 0.7456691705437697, 0.009576384235082145, 0.9886719742622692, 0.7013139896529087, 0.32214410013010597, 0.2692959037224664, 0.12403704688128206, 0.681315906363202, 0.053012893355567914, 0.5224483221245196, 0.8516977847264603, 0.7812194804548418, 0.8179132858251468, 0.4857385062321481, 0.9532027287134441, 0.3685850965596776, 0.9367836528537311, 0.6133523078187029, 0.11301536644017471, 0.3379368570162402, 0.8961550145699393, 0.9831689969380784, 0.9859842494112776, 0.14839842087578803, 0.6873055053417503, 0.9498694230169459, 0.7613384075172663, 0.041187418907107684, 0.8246264010837748, 0.028123026653329573, 0.01797475483557306, 0.14598064213463247, 0.860821016571684, 0.8072803864842256, 0.7169986846571785, 0.08994393303890302, 0.14701411016830207, 0.11377720778473666, 0.9112423811695683, 0.30657712347642185, 0.8813202673245789, 0.03850184742437622, 0.028990919934762494, 0.10486106775182957, 0.8795889963074486, 0.8230262670342329, 0.9357515075750013, 0.5476315331294407, 0.9846728305781548, 0.42232242537573994, 0.490528100749039, 0.5102800617576249, 0.10359596029215669], BATTLES: 283-187-235-390-292-304-363-286-267-
27, 5, -2662.0, [0.5108217228130735, 0.8425487356687485, 0.04605890667211965, 0.05559344178705458, 0.7447339793515682, 0.8750620370153611, 0.04879989043699744, 0.0232819524206961, 0.6458951984787952, 0.41993117492084076, 0.8300621798569562, 0.024959186591794354, 0.963326040803709, 0.6152067292304344, 0.20209878133710366, 0.19393462988515958, 0.04891113713132729, 0.9882537849583489, 0.1530119263429114, 0.8431887868436356, 0.8015942859717374, 0.7887622752923346, 0.7485267872137462, 0.29443473746783366, 0.9391716644738424, 0.06221259878367803, 0.7669793241899673, 0.7563439066719013, 0.1728888796742712, 0.4256248308718634, 0.897957637204538, 0.9842967369163204, 0.9155210598697179, 0.27921574326562, 0.7093645618458123, 0.899619330312967, 0.8386037486487167, 0.09457636517072657, 0.3089430434325957, 0.14181800306135828, 0.01878243040962689, 0.0015776053851063593, 0.9774179860809113, 0.7015428637007407, 0.8810434440861866, 0.11477703020646679, 0.3296222026747015, 0.21365620515203332, 0.8355229382704608, 0.18199683157133917, 0.8777404234612559, 0.1103496946431052, 0.1717672381015671, 0.4224470417113319, 0.8985206997891549, 0.5236397213054476, 0.8835367836614045, 0.5766002674871054, 0.933362686238865, 0.17352380381144217, 0.7495316282980807, 0.5655458588374467, 0.13658549192103067], BATTLES: 292-184-202-396-310-300-389-302-287-
27, 6, -2590.0, [0.44137933889382414, 0.8976929482197716, 0.045004928567465644, 0.03448054070236414, 0.7072148973588392, 0.8994966465183339, 0.05010356767045679, 0.0682512464041322, 0.8459728565673126, 0.34176204192471804, 0.8262126684930862, 0.013005354000220591, 0.9738256137391547, 0.7202433262670883, 0.2777325158084785, 0.06474941567517474, 0.06898085970714937, 0.7420925517318041, 0.16394304764822698, 0.8179544513015597, 0.6093884030305492, 0.6764734828970395, 0.8629325136285241, 0.32277505718224536, 0.7688054134902929, 0.3544401258810842, 0.9414465915318174, 0.639403472927243, 0.09399380040924864, 0.26242162661203894, 0.8835731351837406, 0.9928598839526375, 0.9665848189840792, 0.3254578940715286, 0.7200444717328675, 0.9389433995551657, 0.6927325052481352, 0.12504946498069558, 0.4363240273522616, 0.03797522335842807, 0.07026383096554571, 0.24034933897859728, 0.925174107594043, 0.7599100723651938, 0.6413508917704442, 0.0701565881286822, 0.4901339020408874, 0.1381592188661338, 0.9587454683103798, 0.3626792954098726, 0.8819624753566981, 0.07243516165396434, 0.19094943560356206, 0.3807349983518994, 0.881868358740089, 0.785029448206513, 0.8671508941418776, 0.45488918544510293, 0.8939550873072254, 0.28161638885782875, 0.6648135321103725, 0.4930659878337634, 0.23492633017701342], BATTLES: 288-199-231-369-304-294-362-256-287-
27, 7, -2677.0, [0.3936751615166847, 0.7295533758464001, 0.02066186883573626, 0.060340466574473936, 0.745233503110451, 0.9168059146634171, 0.024017574587512195, 0.10485959970368326, 0.3687517902801547, 0.491598768032278, 0.7240398667295949, 0.024112215251432517, 0.9911958800444927, 0.5795426277368552, 0.2049525619428981, 0.060863707632410696, 0.0800843618034118, 0.9137297241449748, 0.06673149200587734, 0.6011661855421716, 0.8946107991236418, 0.8878989254368364, 0.864076132174199, 0.49474960309765226, 0.9408445400773923, 0.27772950326810975, 0.8619377220919655, 0.6267833098635438, 0.00723173372865827, 0.3298187545597516, 0.9674274570689999, 0.9937832293687134, 0.9358709560803123, 0.3942288610110774, 0.7123659721618388, 0.9786906028797298, 0.8379107578831667, 0.12546267533982314, 0.7101110002434337, 0.0350523961988066, 0.06347023078680422, 0.0941685589477688, 0.878507295566574, 0.8751789040839268, 0.6233932111229498, 0.13124165514966088, 0.33509921638267154, 0.1639255713247696, 0.8402067455599407, 0.05573378295281868, 0.9632074052444224, 0.06348929200813005, 0.07423394846991516, 0.28680383160703243, 0.8107776735005251, 0.9995447049795612, 0.9698238283237636, 0.47024467438969053, 0.9979453063619453, 0.43891017755041967, 0.5374447267565415, 0.5385161220669303, 0.050037451990345524], BATTLES: 296-186-221-392-263-313-362-297-297-
27, 8, -2631.0, [0.38628934826729344, 0.7776314122451305, 0.04468771022993345, 0.017972284887893354, 0.7270460331102322, 0.9376030965263152, 0.008252887225746406, 0.12249621944365438, 0.3206055900541527, 0.4900690720094416, 0.8462329594053013, 0.00766025648816182, 0.9925909351648305, 0.5828819536881777, 0.25886204614061087, 0.015280429771888697, 0.02698349797703882, 0.9960013266298369, 0.04441164522562423, 0.453084441446728, 0.652298685608555, 0.939865485987164, 0.6931296491666874, 0.5882287896034425, 0.9822937488916641, 0.15503941360606516, 0.8747178350129003, 0.5847647161773599, 0.08239317970800233, 0.09828501835939965, 0.9812503154461634, 0.983813869780268, 0.964752748963156, 0.6339485374278176, 0.7865196868529678, 0.9516391807463089, 0.960769714893138, 0.20178732082479248, 0.8192108158646216, 0.2142219858332141, 0.07193641373582838, 0.08145026056801806, 0.6904034405499849, 0.8120813462794249, 0.7438206687581822, 0.11477164494958472, 0.49578151765933004, 0.06186650362768716, 0.8621973792082669, 0.06049246634672397, 0.889547106414091, 0.07832813714296845, 0.10304234776088284, 0.17927488331942593, 0.8361101968619382, 0.8837975713692181, 0.9789058952630113, 0.5831720215507034, 0.8827755002638296, 0.26718856268402225, 0.6091893754242306, 0.4714894478339869, 0.004858646965561736], BATTLES: 317-187-174-401-286-280-361-286-283-
27, 9, -2669.0, [0.49818309412156636, 0.8216259388913671, 0.0015225684941554607, 0.044065651886970064, 0.757483372119162, 0.9298286161903371, 0.02360934265497317, 0.04234436717695447, 0.5877655027209641, 0.5236574696326688, 0.9613633265499674, 0.005684367261665693, 0.9445781923907679, 0.6048611471641299, 0.17936664865971294, 0.23669380412936614, 0.13598478044746753, 0.9140914100841737, 0.016683198668986772, 0.8167331177374945, 0.9677574191306104, 0.8939373507880549, 0.7511354320696398, 0.44716743943142695, 0.9826441653817091, 0.036397469133340646, 0.689921214005937, 0.7521345860872135, 0.15211082062504994, 0.6108122630920191, 0.8165624508509749, 0.9442287185694204, 0.9451483805735147, 0.24164930119786304, 0.640108553651117, 0.8979160624823325, 0.5779379325422567, 0.09245165121032208, 0.7165805218233449, 0.18727606946552408, 0.011994376199717095, 0.1702041996658959, 0.9031156295360254, 0.7940367159609119, 0.5938280470877473, 0.1682322855449765, 0.38113239522185327, 0.15690551925404905, 0.5534379417615022, 0.22520200597428117, 0.856507532860415, 0.04947440433558252, 0.04020069105940758, 0.2891966758752761, 0.9435206246693858, 0.5723955277903019, 0.8726615387894306, 0.33567088143815527, 0.9044766291513249, 0.4210526302664755, 0.3287579169909932, 0.7522126231527857, 0.24683146011672225], BATTLES: 310-189-220-393-285-301-384-281-271-
27, 10, -2607.0, [0.31322905409388546, 0.9732271554073469, 0.028894193331687162, 0.09368670116177802, 0.8262152211934634, 0.9732208948037062, 0.030998407106033948, 0.1294010748197032, 0.45893375273149645, 0.4791197016942202, 0.8844935010258936, 0.0034682205826266285, 0.9908586987506052, 0.5721051998967711, 0.15312516737789977, 0.22877295194130798, 0.1226101628329786, 0.7749357949310233, 0.0738194297910311, 0.5725096739173504, 0.9162540701955177, 0.980101145453153, 0.8850390067058477, 0.5244054171179828, 0.9680932233735555, 0.005165036706503701, 0.8114752543989989, 0.9388633959134103, 0.40955534710221286, 0.3546258944094318, 0.9497821338648295, 0.9774171036945221, 0.9288717448393052, 0.05157398567759919, 0.7882268362934858, 0.9367842975579992, 0.6491795747663723, 0.1672883316896488, 0.7191860436858881, 0.15933237157232977, 0.04585484351532755, 0.07987014373000531, 0.8981067837944007, 0.7909073397509284, 0.43237144733958954, 0.16416532997348848, 0.17982019666648905, 0.12098777205374085, 0.994487973546284, 0.2501513876698232, 0.9870852037017724, 0.086716602368301, 0.01186536603798715, 0.10077812341577125, 0.8366703107291662, 0.7138961894817439, 0.8906213553393444, 0.4041889733064836, 0.7856769651563814, 0.6111282222058235, 0.6891131346104958, 0.7477095650372475, 0.008774892645713267], BATTLES: 238-161-236-399-247-309-350-259-289-
27, 11, -2690.0, [0.3668355405024567, 0.8148101669925233, 0.031993286697321106, 0.02941084019104297, 0.7127612283948062, 0.8474337726426651, 0.04084977876222412, 0.06688672532762917, 0.5699609098058626, 0.5249032055310212, 0.9925466454076537, 0.045479665394725866, 0.960250271445456, 0.7558922993542986, 0.054876804500753606, 0.09951492321685708, 0.11749434802977073, 0.7539827391895766, 0.08396363844746038, 0.7563614365082734, 0.6657864893029809, 0.6838671413862552, 0.869228585069399, 0.256384273164667, 0.9617109930648229, 0.2870846429171062, 0.9728640445990664, 0.6320810693165654, 0.01844677446191112, 0.2452846782469068, 0.699559194057377, 0.9922381575392486, 0.990516873493371, 0.2247519822285915, 0.7624290335917947, 0.9935405144813444, 0.5628673074467531, 0.03333840244037165, 0.8036331261823548, 0.0626842533542683, 0.010548029708113527, 0.09544040391795994, 0.8674651626529597, 0.7171939825925507, 0.579652129201015, 0.17806826255550112, 0.23637089265088246, 0.06836601214943508, 0.8243852613809102, 0.19830205747365842, 0.8692632118650195, 0.1080943248069094, 0.09862136696081397, 0.09984996126109527, 0.8383300406537793, 0.8567197682345478, 0.8304599128448396, 0.3706589521364829, 0.9585525144362789, 0.53709779832788, 0.519888521932335, 0.5049542395397141, 0.08806218668187371], BATTLES: 265-179-225-385-297-296-353-281-292-
27, 12, -2639.0, [0.4414005486974436, 0.8793252187743436, 0.016211605398652282, 0.0425860682903071, 0.7549659158101826, 0.929699806890816, 0.011398934520617928, 0.01833853586519875, 0.7830050358090141, 0.5057693070905075, 0.8894821727019127, 0.008510161454416337, 0.9726632698583794, 0.6493730930747763, 0.2113414406819782, 0.08980602953625516, 0.12484467869747473, 0.8315705320735343, 0.0538600435493835, 0.7847731898803694, 0.7251980114060043, 0.7674321646576963, 0.8418263035283879, 0.3347162685173999, 0.96034603366469, 0.19127332548586937, 0.882770712792804, 0.6306658216736802, 0.27516409840742284, 0.3880698607131122, 0.8856528374814968, 0.9854628002182559, 0.9621482093122327, 0.28883358148672555, 0.604963363627097, 0.951443731447323, 0.6338113049463326, 0.10236242664971454, 0.5375664204438098, 0.03680974018036392, 0.008659366056124303, 0.08540215426776578, 0.8958887228803786, 0.71127230260279, 0.5294678199035594, 0.17245951270202295, 0.5079287250722848, 0.08830485389184844, 0.9096837587895228, 0.15553334380161007, 0.840677867244575, 0.10450413967743817, 0.11957316828224168, 0.25363491003716315, 0.9798679292750133, 0.687029442305794, 0.9512698315660569, 0.5996160909179341, 0.988283256562172, 0.3501377678120763, 0.3269304303404714, 0.5339868769543852, 0.06088413666771004], BATTLES: 256-187-209-391-312-305-332-206-303-
27, 13, -2611.0, [0.36318596132531383, 0.9139544280022422, 0.05027938089401068, 0.0017459967383231488, 0.7400474518612669, 0.971874229271683, 0.02668074030547269, 0.030919131441092693, 0.8088568706574722, 0.5377294308416006, 0.8772441527481042, 0.009640818794054812, 0.9599003668582654, 0.6680023324757689, 0.24362005251695226, 0.09104198072380737, 0.08005799134768604, 0.8028977168147355, 0.04083169907072035, 0.8591077129904577, 0.8567040089479699, 0.6173387583738006, 0.8276702127604907, 0.5475709180156372, 0.9743311228177998, 0.1657173640501187, 0.9435009764173581, 0.733115004416799, 0.2328610275586442, 0.09352835682967106, 0.7978150602273921, 0.998509415170195, 0.9728363315105176, 0.06648870323567024, 0.7176764145985255, 0.9839057570166322, 0.41768033948517735, 0.08765787505030584, 0.5879125131858554, 0.042564634353456865, 0.018385796401359733, 0.15688257651381393, 0.7648932514111495, 0.7032355579778277, 0.47194487364418125, 0.17795797471878513, 0.4633881631786805, 0.07849987738945896, 0.965391036938725, 0.19416218342871738, 0.8878576735837456, 0.15500437985336002, 0.026480417820575634, 0.08028999160575784, 0.9726228084839323, 0.9258341333449969, 0.8558706286736876, 0.6016834434314081, 0.9121853288218249, 0.47126673346591486, 0.4173871616927303, 0.36952454943112023, 0.02890027784923288], BATTLES: 301-163-225-385-316-325-340-222-296-
27, 14, -2659.0, [0.401841864784914, 0.9308481357020307, 0.016498288005140395, 0.0415078777931326, 0.7739598986964071, 0.9848370538018143, 0.10923991991249163, 0.05635906005625478, 0.5156563918611365, 0.23018958337378917, 0.834834335207795, 0.04803963423027825, 0.9875792527819564, 0.4353291607930355, 0.14290441782055305, 0.05292884416696252, 0.0591509679282618, 0.8776201971769163, 0.014630289938491123, 0.8225525361850019, 0.9843333848529139, 0.9765650058408679, 0.9664811419626448, 0.6952765515111283, 0.918721086761926, 0.233624950004051, 0.8560980648014582, 0.5037109247550314, 0.09206635018803314, 0.3024134875685966, 0.8889547180796515, 0.9579134074060404, 0.9776508009981525, 0.3978594694639069, 0.685606602431705, 0.9894760802500493, 0.7250625680726488, 0.10557021364597997, 0.44048365539860146, 0.1027975276681714, 0.03148658025189452, 0.07828247775344557, 0.9165112930515682, 0.8675519795605557, 0.7397993636117447, 0.043334942866956404, 0.6562980701833064, 0.06167751857480813, 0.600536133407813, 0.012769060022032964, 0.9353908922294388, 0.12037392933883159, 0.1901167024264591, 0.06489239043316697, 0.8809502063959636, 0.6150718517177218, 0.9270029477908522, 0.43368161155841684, 0.9575875005566805, 0.43994076345747674, 0.5622790181893863, 0.5199378426977781, 0.07418724971344032], BATTLES: 274-182-191-391-264-252-377-276-266-
28, 0, -2584.0, [0.30875952980937243, 0.8769979378367307, 0.027887745286072685, 0.0455362926349161, 0.7706330758006683, 0.9143979556165825, 0.004592968486169226, 0.04611135220349219, 0.7666055053587086, 0.40279738386995545, 0.8494101786456588, 0.044815608003703204, 0.9774257878582683, 0.5450977527632481, 0.2029956468851664, 0.030086238322409302, 0.03705142616821853, 0.851967181688942, 0.07602120781585492, 0.8613987904351383, 0.7987276576065292, 0.6436792977094644, 0.7842268150635634, 0.5274225402486887, 0.9641916715866996, 0.25494673051827477, 0.8101740167383055, 0.4000023436894755, 0.323896146222558, 0.29111940414528725, 0.8825725515976721, 0.9822289593623127, 0.9896879191558466, 0.4172406050154815, 0.7700186585309412, 0.9351635763898318, 0.7080435400348097, 0.12654136644850328, 0.5294737518445465, 0.05664565565762958, 0.05912519348632683, 0.12870731440196534, 0.7399948913706496, 0.7707272880504081, 0.6022771514634074, 0.02611529463638337, 0.3541828009482873, 0.10923217092965501, 0.7033080074347211, 0.13030790257854294, 0.9346633772302064, 0.08668123083019401, 0.01620796970800628, 0.5604306099956659, 0.878279897892353, 0.6785420507569238, 0.8630139756353186, 0.6017071288857314, 0.9426444286672307, 0.10411186219008105, 0.35048633818210806, 0.5777808091926546, 0.12893661265875628], BATTLES: 308-186-186-409-291-286-376-258-279-
28, 1, -2674.0, [0.3594890668091223, 0.7682970169490047, 0.0331618155353172, 0.07133812232433903, 0.7341346687476273, 0.7970551635525983, 0.039206284644886534, 0.03952658362290647, 0.38935130909706156, 0.4151320438503732, 0.916001630666574, 0.06448969219218761, 0.9583246581927735, 0.5531060481150417, 0.306643147552451, 0.08952314100732925, 0.12505776415274403, 0.5970067829185847, 0.13581711928336815, 0.7858512138578, 0.9816833085643225, 0.8988241876652701, 0.795863414703251, 0.44183186058466084, 0.9671798035846095, 0.42358771017045443, 0.9419356878816496, 0.6071988179949303, 0.05690759992296267, 0.28985074150092405, 0.7579740315535791, 0.9572389637806714, 0.984389656413189, 0.06338580954194332, 0.8467371011063181, 0.9210516984211061, 0.3166572326212935, 0.13349681917238873, 0.6497501909109802, 0.0014294748250417155, 0.034636148407217904, 0.006556646462247212, 0.8607304079566899, 0.8606044863798012, 0.7358978552193475, 0.012326596484927316, 0.022906375655462885, 0.2937604632265821, 0.8596246914170032, 0.07781807741345582, 0.9898692676821956, 0.06843841030544776, 0.10246400624563047, 0.5228066843086416, 0.8175373775958857, 0.8067244170518858, 0.8989597188798697, 0.6008583456590648, 0.9334142936846624, 0.3630917831962214, 0.4958963429200176, 0.6762273998730097, 0.0525950785090702], BATTLES: 293-182-212-400-296-290-397-296-308-
28, 2, -2659.0, [0.33443330590030573, 0.8011571427115443, 0.04347372354864426, 0.030263851247534508, 0.7143345394926468, 0.9368079001076527, 0.008824080266824456, 0.10363601085966614, 0.29430612645661414, 0.4692141397336836, 0.8485645045979006, 0.0021609686494137026, 0.9851580992737492, 0.5400969988999809, 0.18590573332000476, 0.00434851186663663, 0.055475409611884546, 0.9424768014400309, 0.0016093951743977875, 0.5743594489524082, 0.5843183741026451, 0.8628702404714952, 0.9753457254184739, 0.4389330450750152, 0.9702171572952428, 0.34185573586723084, 0.9242721806061256, 0.8034681911364906, 0.2052343428065163, 0.18421511579183728, 0.8973112886303234, 0.9878553398604242, 0.9727109505933684, 0.3514322720147663, 0.8441193400809427, 0.9537190053366645, 0.8087119944295403, 0.04278173792885864, 0.6869735401069599, 0.04595716127753152, 0.019762602621943307, 0.07311764232459689, 0.742408428224566, 0.7685891911466064, 0.7264467277388955, 0.15477344957706024, 0.4054946530846392, 0.1033907573409057, 0.931734159759626, 0.03200559849972241, 0.8013583016333726, 0.10553996653643302, 0.13831178728490237, 0.295447334103295, 0.8975742975747637, 0.9222297734253031, 0.7977093274373137, 0.7521280091925153, 0.9497902362223769, 0.12085554442894453, 0.783509723874024, 0.3231364411317559, 0.03990238480344044], BATTLES: 293-203-194-389-272-298-409-315-286-
28, 3, -2595.0, [0.39669380381015684, 0.9055806069679285, 0.028498896863419176, 0.03402879849691849, 0.7639739492159837, 0.8814130791481108, 0.006650739255035282, 0.08471394524075161, 0.39374132126187733, 0.4831318363089416, 0.818560102173686, 0.005964467916988597, 0.99875866741103, 0.388900847524437, 0.11510694595574524, 0.022185615566945725, 0.0034051405878877117, 0.973422071682432, 0.045938741672111386, 0.6286373624404249, 0.9783198300538566, 0.6861404559800383, 0.9757638105140356, 0.5907909583650583, 0.9667178435140305, 0.14523440469259769, 0.7988988016995037, 0.7457769063440345, 0.1857602483242293, 0.33321615272289784, 0.9923286234346365, 0.9988467554802969, 0.9470221668862397, 0.46108365282577546, 0.7646983718317486, 0.9731644195393189, 0.8652899526485649, 0.03677409384035393, 0.2990611038235829, 0.030643830894422915, 0.019378739064282183, 0.03611429536942686, 0.9297120829651102, 0.6357557833031634, 0.8454699434746157, 0.021102600950249555, 0.21316074134602564, 0.08645435451435268, 0.9848401453063891, 0.06420421681792168, 0.8176352227818562, 0.14549271121181095, 0.20318517970369365, 0.7356960949227668, 0.9205098323535951, 0.5439909001922597, 0.8513991440852939, 0.762148882260431, 0.9673677223903193, 0.29447710357406676, 0.5426805115063874, 0.5928996158587674, 0.09545457329020876], BATTLES: 292-175-194-381-312-267-344-301-285-
28, 4, -2640.0, [0.3115653625744038, 0.7539427409936104, 0.010011015859306036, 0.009375412633097296, 0.8110810789557213, 0.9403806254258431, 0.06832516500179737, 0.1367157872367198, 0.5125755752103128, 0.38742392255838115, 0.7798810729749432, 0.009576384235082145, 0.9946862277606499, 0.7013139896529087, 0.16107205006505299, 0.2692959037224664, 0.12403704688128206, 0.9417477163061809, 0.053012893355567914, 0.7258755961516153, 0.9258488923632302, 0.792266445286293, 0.8179132858251468, 0.4857385062321481, 0.9532027287134441, 0.12796035083792548, 0.9367836528537311, 0.6557173483950736, 0.11301536644017471, 0.3379368570162402, 0.8873904123075644, 0.9831689969380784, 0.9859842494112776, 0.14839842087578803, 0.6655526420461524, 0.9498694230169459, 0.7613384075172663, 0.05111274488524466, 0.6358124834908745, 0.028123026653329573, 0.00898737741778653, 0.07299032106731623, 0.860821016571684, 0.7996052442556679, 0.7616992290253366, 0.04497196651945151, 0.12968973418507726, 0.06603185719720112, 0.7674890779710022, 0.30657712347642185, 0.9161055844053585, 0.07043102944385969, 0.014495459967381247, 0.09093718106866688, 0.8795889963074486, 0.45826097353828654, 0.9357515075750013, 0.5476315331294407, 0.9846728305781548, 0.5623793522987401, 0.12060110791698053, 0.602546667755875, 0.10359596029215669], BATTLES: 299-202-205-400-278-287-367-285-293-
28, 5, -2671.0, [0.5108217228130735, 0.8425487356687485, 0.04605890667211965, 0.05559344178705458, 0.7447339793515682, 0.8750620370153611, 0.04879989043699744, 0.0232819524206961, 0.6458951984787952, 0.41993117492084076, 0.8300621798569562, 0.024959186591794354, 0.963326040803709, 0.6152067292304344, 0.20209878133710366, 0.19393462988515958, 0.04891113713132729, 0.9882537849583489, 0.1530119263429114, 0.8431887868436356, 0.8015942859717374, 0.7887622752923346, 0.7485267872137462, 0.29443473746783366, 0.9391716644738424, 0.06221259878367803, 0.7669793241899673, 0.7563439066719013, 0.1728888796742712, 0.4256248308718634, 0.897957637204538, 0.9842967369163204, 0.9155210598697179, 0.27921574326562, 0.7093645618458123, 0.899619330312967, 0.8386037486487167, 0.09457636517072657, 0.3089430434325957, 0.14181800306135828, 0.01878243040962689, 0.0015776053851063593, 0.9774179860809113, 0.7015428637007407, 0.8810434440861866, 0.11477703020646679, 0.3296222026747015, 0.21365620515203332, 0.8355229382704608, 0.18199683157133917, 0.8777404234612559, 0.1103496946431052, 0.1717672381015671, 0.4224470417113319, 0.8985206997891549, 0.5236397213054476, 0.8835367836614045, 0.5766002674871054, 0.933362686238865, 0.17352380381144217, 0.7495316282980807, 0.5655458588374467, 0.13658549192103067], BATTLES: 308-196-208-398-277-295-391-307-291-
28, 6, -2599.0, [0.3065871291195077, 0.9488464741098859, 0.045004928567465644, 0.01724027035118207, 0.7072148973588392, 0.8994966465183339, 0.05010356767045679, 0.0682512464041322, 0.555685953622986, 0.34188741329426, 0.7538251590664378, 0.0065026770001102956, 0.9869128068695774, 0.41666075400741326, 0.2777325158084785, 0.06474941567517474, 0.034490429853574686, 0.966917365176387, 0.08197152382411349, 0.6465554995360788, 0.779751787337933, 0.762934326034885, 0.8629325136285241, 0.7186503871479011, 0.8844027067451464, 0.3544401258810842, 0.8968564950072145, 0.5748716182668806, 0.09399380040924864, 0.26242162661203894, 0.9674160044440857, 0.9964299419763187, 0.9832924094920397, 0.3072844478931666, 0.7605531292364782, 0.9694716997775829, 0.9476101729738555, 0.14628710569976, 0.5333322063721644, 0.018987611679214034, 0.07026383096554571, 0.24034933897859728, 0.9625870537970215, 0.7872005958009031, 0.6413508917704442, 0.0701565881286822, 0.3585600508235776, 0.1381592188661338, 0.9587454683103798, 0.1793758446347431, 0.927181066052208, 0.07243516165396434, 0.11113606370676979, 0.3807349983518994, 0.8239197898594999, 0.785029448206513, 0.8671508941418776, 0.5511782001631806, 0.9469775436536128, 0.389929448316078, 0.6648135321103725, 0.43353680733512734, 0.11746316508850671], BATTLES: 283-186-194-410-282-308-337-276-298-
28, 7, -2650.0, [0.3936751615166847, 0.7295533758464001, 0.02066186883573626, 0.060340466574473936, 0.745233503110451, 0.9168059146634171, 0.024017574587512195, 0.10485959970368326, 0.3687517902801547, 0.491598768032278, 0.7240398667295949, 0.024112215251432517, 0.9911958800444927, 0.5795426277368552, 0.2049525619428981, 0.060863707632410696, 0.0800843618034118, 0.9137297241449748, 0.06673149200587734, 0.6011661855421716, 0.8946107991236418, 0.8878989254368364, 0.864076132174199, 0.49474960309765226, 0.9408445400773923, 0.27772950326810975, 0.8619377220919655, 0.6267833098635438, 0.00723173372865827, 0.3298187545597516, 0.9674274570689999, 0.9937832293687134, 0.9358709560803123, 0.3942288610110774, 0.7123659721618388, 0.9786906028797298, 0.8379107578831667, 0.12546267533982314, 0.7101110002434337, 0.0350523961988066, 0.06347023078680422, 0.0941685589477688, 0.878507295566574, 0.8751789040839268, 0.6233932111229498, 0.13124165514966088, 0.33509921638267154, 0.1639255713247696, 0.8402067455599407, 0.05573378295281868, 0.9632074052444224, 0.06348929200813005, 0.07423394846991516, 0.28680383160703243, 0.8107776735005251, 0.9995447049795612, 0.9698238283237636, 0.47024467438969053, 0.9979453063619453, 0.43891017755041967, 0.5374447267565415, 0.5385161220669303, 0.050037451990345524], BATTLES: 289-195-219-410-279-278-375-315-290-
28, 8, -2685.0, [0.38628934826729344, 0.7776314122451305, 0.04468771022993345, 0.017972284887893354, 0.7270460331102322, 0.9376030965263152, 0.008252887225746406, 0.12249621944365438, 0.3206055900541527, 0.4900690720094416, 0.8462329594053013, 0.00766025648816182, 0.9925909351648305, 0.5828819536881777, 0.25886204614061087, 0.015280429771888697, 0.02698349797703882, 0.9960013266298369, 0.04441164522562423, 0.453084441446728, 0.652298685608555, 0.939865485987164, 0.6931296491666874, 0.5882287896034425, 0.9822937488916641, 0.15503941360606516, 0.8747178350129003, 0.5847647161773599, 0.08239317970800233, 0.09828501835939965, 0.9812503154461634, 0.983813869780268, 0.964752748963156, 0.6339485374278176, 0.7865196868529678, 0.9516391807463089, 0.960769714893138, 0.20178732082479248, 0.8192108158646216, 0.2142219858332141, 0.07193641373582838, 0.08145026056801806, 0.6904034405499849, 0.8120813462794249, 0.7438206687581822, 0.11477164494958472, 0.49578151765933004, 0.06186650362768716, 0.8621973792082669, 0.06049246634672397, 0.889547106414091, 0.07832813714296845, 0.10304234776088284, 0.17927488331942593, 0.8361101968619382, 0.8837975713692181, 0.9789058952630113, 0.5831720215507034, 0.8827755002638296, 0.26718856268402225, 0.6091893754242306, 0.4714894478339869, 0.004858646965561736], BATTLES: 303-200-177-380-293-265-417-371-279-
28, 9, -2646.0, [0.49818309412156636, 0.8216259388913671, 0.0015225684941554607, 0.044065651886970064, 0.757483372119162, 0.9298286161903371, 0.02360934265497317, 0.04234436717695447, 0.5877655027209641, 0.5236574696326688, 0.9613633265499674, 0.005684367261665693, 0.9445781923907679, 0.6048611471641299, 0.17936664865971294, 0.23669380412936614, 0.13598478044746753, 0.9140914100841737, 0.016683198668986772, 0.8167331177374945, 0.9677574191306104, 0.8939373507880549, 0.7511354320696398, 0.44716743943142695, 0.9826441653817091, 0.036397469133340646, 0.689921214005937, 0.7521345860872135, 0.15211082062504994, 0.6108122630920191, 0.8165624508509749, 0.9442287185694204, 0.9451483805735147, 0.24164930119786304, 0.640108553651117, 0.8979160624823325, 0.5779379325422567, 0.09245165121032208, 0.7165805218233449, 0.18727606946552408, 0.011994376199717095, 0.1702041996658959, 0.9031156295360254, 0.7940367159609119, 0.5938280470877473, 0.1682322855449765, 0.38113239522185327, 0.15690551925404905, 0.5534379417615022, 0.22520200597428117, 0.856507532860415, 0.04947440433558252, 0.04020069105940758, 0.2891966758752761, 0.9435206246693858, 0.5723955277903019, 0.8726615387894306, 0.33567088143815527, 0.9044766291513249, 0.4210526302664755, 0.3287579169909932, 0.7522126231527857, 0.24683146011672225], BATTLES: 288-191-217-427-294-292-372-284-281-
28, 10, -2597.0, [0.2080048978234425, 0.8164387852711, 0.049607422915257035, 0.0025110271150062535, 0.8262152211934634, 0.9887314299308365, 0.015499203553016974, 0.1466406609944928, 0.1738937266000743, 0.4648796243437831, 0.7826742556095443, 0.0017341102913133143, 0.9954293493753026, 0.5721051998967711, 0.26269732490556874, 0.11438647597065399, 0.1226101628329786, 0.8729543623938514, 0.03690971489551555, 0.3925382952679698, 0.43987908645361484, 0.920783379644173, 0.9425195033529239, 0.5739606624775977, 0.9680932233735555, 0.48918619757780013, 0.9736303103645476, 0.7442214163283214, 0.1158267411855343, 0.1773129472047159, 0.9497821338648295, 0.9924229449579209, 0.9288717448393052, 0.05157398567759919, 0.8973161846763398, 0.9611293624453807, 0.8245897873831862, 0.0836441658448244, 0.7846357314867365, 0.07966618578616488, 0.03712533519213415, 0.02616614044479862, 0.718807566840605, 0.8222563906808583, 0.8551293641969109, 0.16112031391357404, 0.3244602425079665, 0.10048335556104321, 0.997243986773142, 0.1250756938349116, 0.720087181575647, 0.11510303023135618, 0.17494261780926573, 0.293555003033129, 0.8572001748192639, 0.7138961894817439, 0.7970552403233556, 0.9043805630409014, 0.8928384825781908, 0.003932457000660916, 0.8735756831216454, 0.19336784714252142, 0.05352327722167983], BATTLES: 281-191-198-409-299-281-371-253-295-
28, 11, -2603.0, [0.3668355405024567, 0.8148101669925233, 0.031993286697321106, 0.02941084019104297, 0.7127612283948062, 0.8474337726426651, 0.04084977876222412, 0.06688672532762917, 0.5699609098058626, 0.5249032055310212, 0.9925466454076537, 0.045479665394725866, 0.960250271445456, 0.7558922993542986, 0.054876804500753606, 0.09951492321685708, 0.11749434802977073, 0.7539827391895766, 0.08396363844746038, 0.7563614365082734, 0.6657864893029809, 0.6838671413862552, 0.869228585069399, 0.256384273164667, 0.9617109930648229, 0.2870846429171062, 0.9728640445990664, 0.6320810693165654, 0.01844677446191112, 0.2452846782469068, 0.699559194057377, 0.9922381575392486, 0.990516873493371, 0.2247519822285915, 0.7624290335917947, 0.9935405144813444, 0.5628673074467531, 0.03333840244037165, 0.8036331261823548, 0.0626842533542683, 0.010548029708113527, 0.09544040391795994, 0.8674651626529597, 0.7171939825925507, 0.579652129201015, 0.17806826255550112, 0.23637089265088246, 0.06836601214943508, 0.8243852613809102, 0.19830205747365842, 0.8692632118650195, 0.1080943248069094, 0.09862136696081397, 0.09984996126109527, 0.8383300406537793, 0.8567197682345478, 0.8304599128448396, 0.3706589521364829, 0.9585525144362789, 0.53709779832788, 0.519888521932335, 0.5049542395397141, 0.08806218668187371], BATTLES: 290-178-221-398-287-293-374-259-303-
28, 12, -2648.0, [0.4165842405559024, 0.9142584095266073, 0.016211605398652282, 0.0425860682903071, 0.7549659158101826, 0.929699806890816, 0.01613479151530582, 0.01833853586519875, 0.7692535583153315, 0.5057693070905075, 0.8894821727019127, 0.010189524658792668, 0.9782355499773696, 0.6493730930747763, 0.2113414406819782, 0.08980602953625516, 0.06984595214357187, 0.8315705320735343, 0.11771826277318405, 0.7847731898803694, 0.7251980114060043, 0.7674321646576963, 0.8418263035283879, 0.3347162685173999, 0.96034603366469, 0.13524582288968723, 0.882770712792804, 0.7076331356556045, 0.27516409840742284, 0.3880698607131122, 0.8856528374814968, 0.9854628002182559, 0.9799274913403744, 0.28883358148672555, 0.604963363627097, 0.9651887655275627, 0.6338113049463326, 0.10236242664971454, 0.39363735976645936, 0.03680974018036392, 0.008659366056124303, 0.04240362771422432, 0.8958887228803786, 0.71127230260279, 0.5294678199035594, 0.015938692527797768, 0.5079287250722848, 0.08830485389184844, 0.9548418793947614, 0.14606212893634002, 0.9275050973982033, 0.10450413967743817, 0.11957316828224168, 0.6172191515011564, 0.9798679292750133, 0.5692908346744542, 0.8601879703542676, 0.5996160909179341, 0.988283256562172, 0.3501377678120763, 0.3269304303404714, 0.559771010452335, 0.045531951001609255], BATTLES: 258-180-220-426-283-280-372-239-309-
28, 13, -2616.0, [0.36318596132531383, 0.9139544280022422, 0.05027938089401068, 0.0017459967383231488, 0.7400474518612669, 0.971874229271683, 0.02668074030547269, 0.030919131441092693, 0.8088568706574722, 0.5377294308416006, 0.8772441527481042, 0.009640818794054812, 0.9599003668582654, 0.6680023324757689, 0.24362005251695226, 0.09104198072380737, 0.08005799134768604, 0.8028977168147355, 0.04083169907072035, 0.8591077129904577, 0.8567040089479699, 0.6173387583738006, 0.8276702127604907, 0.5475709180156372, 0.9743311228177998, 0.1657173640501187, 0.9435009764173581, 0.733115004416799, 0.2328610275586442, 0.09352835682967106, 0.7978150602273921, 0.998509415170195, 0.9728363315105176, 0.06648870323567024, 0.7176764145985255, 0.9839057570166322, 0.41768033948517735, 0.08765787505030584, 0.5879125131858554, 0.042564634353456865, 0.018385796401359733, 0.15688257651381393, 0.7648932514111495, 0.7032355579778277, 0.47194487364418125, 0.17795797471878513, 0.4633881631786805, 0.07849987738945896, 0.965391036938725, 0.19416218342871738, 0.8878576735837456, 0.15500437985336002, 0.026480417820575634, 0.08028999160575784, 0.9726228084839323, 0.9258341333449969, 0.8558706286736876, 0.6016834434314081, 0.9121853288218249, 0.47126673346591486, 0.4173871616927303, 0.36952454943112023, 0.02890027784923288], BATTLES: 268-200-250-373-302-311-352-255-305-
28, 14, -2673.0, [0.401841864784914, 0.9308481357020307, 0.016498288005140395, 0.0415078777931326, 0.7739598986964071, 0.9848370538018143, 0.10923991991249163, 0.05635906005625478, 0.5156563918611365, 0.23018958337378917, 0.834834335207795, 0.04803963423027825, 0.9875792527819564, 0.4353291607930355, 0.14290441782055305, 0.05292884416696252, 0.0591509679282618, 0.8776201971769163, 0.014630289938491123, 0.8225525361850019, 0.9843333848529139, 0.9765650058408679, 0.9664811419626448, 0.6952765515111283, 0.918721086761926, 0.233624950004051, 0.8560980648014582, 0.5037109247550314, 0.09206635018803314, 0.3024134875685966, 0.8889547180796515, 0.9579134074060404, 0.9776508009981525, 0.3978594694639069, 0.685606602431705, 0.9894760802500493, 0.7250625680726488, 0.10557021364597997, 0.44048365539860146, 0.1027975276681714, 0.03148658025189452, 0.07828247775344557, 0.9165112930515682, 0.8675519795605557, 0.7397993636117447, 0.043334942866956404, 0.6562980701833064, 0.06167751857480813, 0.600536133407813, 0.012769060022032964, 0.9353908922294388, 0.12037392933883159, 0.1901167024264591, 0.06489239043316697, 0.8809502063959636, 0.6150718517177218, 0.9270029477908522, 0.43368161155841684, 0.9575875005566805, 0.43994076345747674, 0.5622790181893863, 0.5199378426977781, 0.07418724971344032], BATTLES: 294-201-187-407-309-285-398-313-279-
29, 0, -2672.0, [0.40745185855351557, 0.7121489507001395, 0.026467655642784187, 0.08890705868288973, 0.7706330758006683, 0.9368187985193863, 0.002296484243084613, 0.10878544368770424, 0.43677787998813233, 0.40279738386995545, 0.8066440217727533, 0.022407804001851602, 0.9702821095116947, 0.5512078431021776, 0.20632568452410713, 0.07383409599948404, 0.12279715920104065, 0.851967181688942, 0.07602120781585492, 0.6426979960783572, 0.9471281524861398, 0.6436792977094644, 0.6962319076519242, 0.44137663193926846, 0.9493789282222832, 0.3371088865669728, 0.8171397523172497, 0.7157544241475909, 0.323896146222558, 0.27601259619089286, 0.8536560047550299, 0.9822289593623127, 0.9534603104075244, 0.35603944400820364, 0.8220955844353395, 0.9776310119820062, 0.6783177956711393, 0.16328686396255446, 0.5294737518445465, 0.030998737915848534, 0.05912519348632683, 0.12870731440196534, 0.8780814218155873, 0.7707272880504081, 0.7294192510544273, 0.05196643366501189, 0.15554829895585193, 0.10923217092965501, 0.7033080074347211, 0.04061602165412205, 0.9565875871863397, 0.04992279799761952, 0.12118427090278416, 0.3122467708517906, 0.794755287201227, 0.8485110669184257, 0.8699406675774014, 0.5815836922845303, 0.9713222143336153, 0.5361313543929546, 0.5556132704692301, 0.6208402114330066, 0.061893538284240004], BATTLES: 268-178-230-397-307-296-358-238-322-
29, 1, -2675.0, [0.3594890668091223, 0.7682970169490047, 0.0331618155353172, 0.07133812232433903, 0.7341346687476273, 0.7970551635525983, 0.039206284644886534, 0.03952658362290647, 0.38935130909706156, 0.4151320438503732, 0.916001630666574, 0.06448969219218761, 0.9583246581927735, 0.5531060481150417, 0.306643147552451, 0.08952314100732925, 0.12505776415274403, 0.5970067829185847, 0.13581711928336815, 0.7858512138578, 0.9816833085643225, 0.8988241876652701, 0.795863414703251, 0.44183186058466084, 0.9671798035846095, 0.42358771017045443, 0.9419356878816496, 0.6071988179949303, 0.05690759992296267, 0.28985074150092405, 0.7579740315535791, 0.9572389637806714, 0.984389656413189, 0.06338580954194332, 0.8467371011063181, 0.9210516984211061, 0.3166572326212935, 0.13349681917238873, 0.6497501909109802, 0.0014294748250417155, 0.034636148407217904, 0.006556646462247212, 0.8607304079566899, 0.8606044863798012, 0.7358978552193475, 0.012326596484927316, 0.022906375655462885, 0.2937604632265821, 0.8596246914170032, 0.07781807741345582, 0.9898692676821956, 0.06843841030544776, 0.10246400624563047, 0.5228066843086416, 0.8175373775958857, 0.8067244170518858, 0.8989597188798697, 0.6008583456590648, 0.9334142936846624, 0.3630917831962214, 0.4958963429200176, 0.6762273998730097, 0.0525950785090702], BATTLES: 300-213-205-409-273-285-397-293-300-
29, 2, -2615.0, [0.33443330590030573, 0.8011571427115443, 0.04347372354864426, 0.030263851247534508, 0.7143345394926468, 0.9368079001076527, 0.008824080266824456, 0.10363601085966614, 0.29430612645661414, 0.4692141397336836, 0.8485645045979006, 0.0021609686494137026, 0.9851580992737492, 0.5400969988999809, 0.18590573332000476, 0.00434851186663663, 0.055475409611884546, 0.9424768014400309, 0.0016093951743977875, 0.5743594489524082, 0.5843183741026451, 0.8628702404714952, 0.9753457254184739, 0.4389330450750152, 0.9702171572952428, 0.34185573586723084, 0.9242721806061256, 0.8034681911364906, 0.2052343428065163, 0.18421511579183728, 0.8973112886303234, 0.9878553398604242, 0.9727109505933684, 0.3514322720147663, 0.8441193400809427, 0.9537190053366645, 0.8087119944295403, 0.04278173792885864, 0.6869735401069599, 0.04595716127753152, 0.019762602621943307, 0.07311764232459689, 0.742408428224566, 0.7685891911466064, 0.7264467277388955, 0.15477344957706024, 0.4054946530846392, 0.1033907573409057, 0.931734159759626, 0.03200559849972241, 0.8013583016333726, 0.10553996653643302, 0.13831178728490237, 0.295447334103295, 0.8975742975747637, 0.9222297734253031, 0.7977093274373137, 0.7521280091925153, 0.9497902362223769, 0.12085554442894453, 0.783509723874024, 0.3231364411317559, 0.03990238480344044], BATTLES: 276-204-193-380-286-269-414-302-291-
29, 3, -2641.0, [0.39669380381015684, 0.9055806069679285, 0.028498896863419176, 0.03402879849691849, 0.7639739492159837, 0.8814130791481108, 0.006650739255035282, 0.08471394524075161, 0.39374132126187733, 0.4831318363089416, 0.818560102173686, 0.005964467916988597, 0.99875866741103, 0.388900847524437, 0.11510694595574524, 0.022185615566945725, 0.0034051405878877117, 0.973422071682432, 0.045938741672111386, 0.6286373624404249, 0.9783198300538566, 0.6861404559800383, 0.9757638105140356, 0.5907909583650583, 0.9667178435140305, 0.14523440469259769, 0.7988988016995037, 0.7457769063440345, 0.1857602483242293, 0.33321615272289784, 0.9923286234346365, 0.9988467554802969, 0.9470221668862397, 0.46108365282577546, 0.7646983718317486, 0.9731644195393189, 0.8652899526485649, 0.03677409384035393, 0.2990611038235829, 0.030643830894422915, 0.019378739064282183, 0.03611429536942686, 0.9297120829651102, 0.6357557833031634, 0.8454699434746157, 0.021102600950249555, 0.21316074134602564, 0.08645435451435268, 0.9848401453063891, 0.06420421681792168, 0.8176352227818562, 0.14549271121181095, 0.20318517970369365, 0.7356960949227668, 0.9205098323535951, 0.5439909001922597, 0.8513991440852939, 0.762148882260431, 0.9673677223903193, 0.29447710357406676, 0.5426805115063874, 0.5928996158587674, 0.09545457329020876], BATTLES: 289-197-207-370-305-259-390-331-293-
29, 4, -2628.0, [0.3115653625744038, 0.7539427409936104, 0.010011015859306036, 0.009375412633097296, 0.8110810789557213, 0.9403806254258431, 0.06832516500179737, 0.1367157872367198, 0.5125755752103128, 0.38742392255838115, 0.7798810729749432, 0.009576384235082145, 0.9946862277606499, 0.7013139896529087, 0.16107205006505299, 0.2692959037224664, 0.12403704688128206, 0.9417477163061809, 0.053012893355567914, 0.7258755961516153, 0.9258488923632302, 0.792266445286293, 0.8179132858251468, 0.4857385062321481, 0.9532027287134441, 0.12796035083792548, 0.9367836528537311, 0.6557173483950736, 0.11301536644017471, 0.3379368570162402, 0.8873904123075644, 0.9831689969380784, 0.9859842494112776, 0.14839842087578803, 0.6655526420461524, 0.9498694230169459, 0.7613384075172663, 0.05111274488524466, 0.6358124834908745, 0.028123026653329573, 0.00898737741778653, 0.07299032106731623, 0.860821016571684, 0.7996052442556679, 0.7616992290253366, 0.04497196651945151, 0.12968973418507726, 0.06603185719720112, 0.7674890779710022, 0.30657712347642185, 0.9161055844053585, 0.07043102944385969, 0.014495459967381247, 0.09093718106866688, 0.8795889963074486, 0.45826097353828654, 0.9357515075750013, 0.5476315331294407, 0.9846728305781548, 0.5623793522987401, 0.12060110791698053, 0.602546667755875, 0.10359596029215669], BATTLES: 299-181-193-398-304-296-371-297-289-
29, 5, -2646.0, [0.5108217228130735, 0.8425487356687485, 0.04605890667211965, 0.05559344178705458, 0.7447339793515682, 0.8750620370153611, 0.04879989043699744, 0.0232819524206961, 0.6458951984787952, 0.41993117492084076, 0.8300621798569562, 0.024959186591794354, 0.963326040803709, 0.6152067292304344, 0.20209878133710366, 0.19393462988515958, 0.04891113713132729, 0.9882537849583489, 0.1530119263429114, 0.8431887868436356, 0.8015942859717374, 0.7887622752923346, 0.7485267872137462, 0.29443473746783366, 0.9391716644738424, 0.06221259878367803, 0.7669793241899673, 0.7563439066719013, 0.1728888796742712, 0.4256248308718634, 0.897957637204538, 0.9842967369163204, 0.9155210598697179, 0.27921574326562, 0.7093645618458123, 0.899619330312967, 0.8386037486487167, 0.09457636517072657, 0.3089430434325957, 0.14181800306135828, 0.01878243040962689, 0.0015776053851063593, 0.9774179860809113, 0.7015428637007407, 0.8810434440861866, 0.11477703020646679, 0.3296222026747015, 0.21365620515203332, 0.8355229382704608, 0.18199683157133917, 0.8777404234612559, 0.1103496946431052, 0.1717672381015671, 0.4224470417113319, 0.8985206997891549, 0.5236397213054476, 0.8835367836614045, 0.5766002674871054, 0.933362686238865, 0.17352380381144217, 0.7495316282980807, 0.5655458588374467, 0.13658549192103067], BATTLES: 305-197-185-413-298-267-383-295-303-
29, 6, -2630.0, [0.3232587713810981, 0.9265649282688246, 0.045004928567465644, 0.019181011929890197, 0.7072148973588392, 0.8910401959099913, 0.023570041778683708, 0.1053005169784673, 0.4388750650583352, 0.34188741329426, 0.7538251590664378, 0.0065026770001102956, 0.9924523075959141, 0.41666075400741326, 0.3143794551067266, 0.06474941567517474, 0.034490429853574686, 0.971829079293706, 0.06512145014610025, 0.6465554995360788, 0.8457375578567474, 0.7270230726938203, 0.8629325136285241, 0.7186503871479011, 0.9311758853467508, 0.2566088842906531, 0.8968564950072145, 0.6547923605485617, 0.06349178291170945, 0.20499537364643625, 0.9674160044440857, 0.9975601207517533, 0.9569807764944827, 0.3792058422446245, 0.7605531292364782, 0.9764535119999566, 0.9274599503197051, 0.09507534217986767, 0.5950128485769207, 0.02443843009658761, 0.07026383096554571, 0.10675381466397607, 0.9472136730143926, 0.7872005958009031, 0.6413508917704442, 0.0701565881286822, 0.3585600508235776, 0.11398038165717343, 0.9793727341551899, 0.1793758446347431, 0.927181066052208, 0.09840477313667474, 0.11113606370676979, 0.3807349983518994, 0.8239197898594999, 0.785029448206513, 0.8671508941418776, 0.5511782001631806, 0.9469775436536128, 0.4297043501240232, 0.5930170428132524, 0.5006294867120387, 0.11746316508850671], BATTLES: 278-189-205-385-312-262-364-293-296-
29, 7, -2663.0, [0.3936751615166847, 0.7295533758464001, 0.02066186883573626, 0.060340466574473936, 0.745233503110451, 0.9168059146634171, 0.024017574587512195, 0.10485959970368326, 0.3687517902801547, 0.491598768032278, 0.7240398667295949, 0.024112215251432517, 0.9911958800444927, 0.5795426277368552, 0.2049525619428981, 0.060863707632410696, 0.0800843618034118, 0.9137297241449748, 0.06673149200587734, 0.6011661855421716, 0.8946107991236418, 0.8878989254368364, 0.864076132174199, 0.49474960309765226, 0.9408445400773923, 0.27772950326810975, 0.8619377220919655, 0.6267833098635438, 0.00723173372865827, 0.3298187545597516, 0.9674274570689999, 0.9937832293687134, 0.9358709560803123, 0.3942288610110774, 0.7123659721618388, 0.9786906028797298, 0.8379107578831667, 0.12546267533982314, 0.7101110002434337, 0.0350523961988066, 0.06347023078680422, 0.0941685589477688, 0.878507295566574, 0.8751789040839268, 0.6233932111229498, 0.13124165514966088, 0.33509921638267154, 0.1639255713247696, 0.8402067455599407, 0.05573378295281868, 0.9632074052444224, 0.06348929200813005, 0.07423394846991516, 0.28680383160703243, 0.8107776735005251, 0.9995447049795612, 0.9698238283237636, 0.47024467438969053, 0.9979453063619453, 0.43891017755041967, 0.5374447267565415, 0.5385161220669303, 0.050037451990345524], BATTLES: 303-212-167-411-279-309-395-300-287-
29, 8, -2642.0, [0.38628934826729344, 0.7776314122451305, 0.04468771022993345, 0.017972284887893354, 0.7270460331102322, 0.9376030965263152, 0.008252887225746406, 0.12249621944365438, 0.3206055900541527, 0.4900690720094416, 0.8462329594053013, 0.00766025648816182, 0.9925909351648305, 0.5828819536881777, 0.25886204614061087, 0.015280429771888697, 0.02698349797703882, 0.9960013266298369, 0.04441164522562423, 0.453084441446728, 0.652298685608555, 0.939865485987164, 0.6931296491666874, 0.5882287896034425, 0.9822937488916641, 0.15503941360606516, 0.8747178350129003, 0.5847647161773599, 0.08239317970800233, 0.09828501835939965, 0.9812503154461634, 0.983813869780268, 0.964752748963156, 0.6339485374278176, 0.7865196868529678, 0.9516391807463089, 0.960769714893138, 0.20178732082479248, 0.8192108158646216, 0.2142219858332141, 0.07193641373582838, 0.08145026056801806, 0.6904034405499849, 0.8120813462794249, 0.7438206687581822, 0.11477164494958472, 0.49578151765933004, 0.06186650362768716, 0.8621973792082669, 0.06049246634672397, 0.889547106414091, 0.07832813714296845, 0.10304234776088284, 0.17927488331942593, 0.8361101968619382, 0.8837975713692181, 0.9789058952630113, 0.5831720215507034, 0.8827755002638296, 0.26718856268402225, 0.6091893754242306, 0.4714894478339869, 0.004858646965561736], BATTLES: 294-186-157-393-296-259-432-340-285-
29, 9, -2686.0, [0.44144805383142344, 0.8777088857030719, 0.013173001083852864, 0.03589783227836998, 0.8183948703825834, 0.9649143080951685, 0.011804671327486586, 0.09634476945267935, 0.5877655027209641, 0.569860020254953, 0.8617208978754302, 0.0028421836308328463, 0.9841662861545205, 0.6048611471641299, 0.15543547986770773, 0.23669380412936614, 0.09742959624416618, 0.9570457050420869, 0.008341599334493386, 0.5953573433372642, 0.8496580228565969, 0.8939373507880549, 0.7912175010152412, 0.6077262898085241, 0.9913220826908545, 0.036397469133340646, 0.689921214005937, 0.7521345860872135, 0.1312495854978793, 0.6108122630920191, 0.8165624508509749, 0.9856033713806275, 0.9397655249615716, 0.4499957351607211, 0.7013141524249499, 0.9872121718901552, 0.731673328043533, 0.1342136804327661, 0.8195359570227958, 0.18727606946552408, 0.011106424386650403, 0.16553150272234823, 0.8797047806498576, 0.7940367159609119, 0.5938280470877473, 0.1682322855449765, 0.35653924986233526, 0.10323650694565334, 0.7688217784458438, 0.14379230728722783, 0.856507532860415, 0.06585432903016245, 0.07230716872879081, 0.13883196544678797, 0.8954098021698038, 0.6965949003615688, 0.9042673855593408, 0.33567088143815527, 0.9522383145756624, 0.50570562325521, 0.3522387068225894, 0.6157139233413972, 0.12341573005836112], BATTLES: 279-190-204-406-293-303-395-290-282-
29, 10, -2616.0, [0.2080048978234425, 0.8164387852711, 0.049607422915257035, 0.0025110271150062535, 0.8262152211934634, 0.9887314299308365, 0.015499203553016974, 0.1466406609944928, 0.1738937266000743, 0.4648796243437831, 0.7826742556095443, 0.0017341102913133143, 0.9954293493753026, 0.5721051998967711, 0.26269732490556874, 0.11438647597065399, 0.1226101628329786, 0.8729543623938514, 0.03690971489551555, 0.3925382952679698, 0.43987908645361484, 0.920783379644173, 0.9425195033529239, 0.5739606624775977, 0.9680932233735555, 0.48918619757780013, 0.9736303103645476, 0.7442214163283214, 0.1158267411855343, 0.1773129472047159, 0.9497821338648295, 0.9924229449579209, 0.9288717448393052, 0.05157398567759919, 0.8973161846763398, 0.9611293624453807, 0.8245897873831862, 0.0836441658448244, 0.7846357314867365, 0.07966618578616488, 0.03712533519213415, 0.02616614044479862, 0.718807566840605, 0.8222563906808583, 0.8551293641969109, 0.16112031391357404, 0.3244602425079665, 0.10048335556104321, 0.997243986773142, 0.1250756938349116, 0.720087181575647, 0.11510303023135618, 0.17494261780926573, 0.293555003033129, 0.8572001748192639, 0.7138961894817439, 0.7970552403233556, 0.9043805630409014, 0.8928384825781908, 0.003932457000660916, 0.8735756831216454, 0.19336784714252142, 0.05352327722167983], BATTLES: 293-194-158-386-302-244-386-369-284-
29, 11, -2636.0, [0.3668355405024567, 0.8148101669925233, 0.031993286697321106, 0.02941084019104297, 0.7127612283948062, 0.8474337726426651, 0.04084977876222412, 0.06688672532762917, 0.5699609098058626, 0.5249032055310212, 0.9925466454076537, 0.045479665394725866, 0.960250271445456, 0.7558922993542986, 0.054876804500753606, 0.09951492321685708, 0.11749434802977073, 0.7539827391895766, 0.08396363844746038, 0.7563614365082734, 0.6657864893029809, 0.6838671413862552, 0.869228585069399, 0.256384273164667, 0.9617109930648229, 0.2870846429171062, 0.9728640445990664, 0.6320810693165654, 0.01844677446191112, 0.2452846782469068, 0.699559194057377, 0.9922381575392486, 0.990516873493371, 0.2247519822285915, 0.7624290335917947, 0.9935405144813444, 0.5628673074467531, 0.03333840244037165, 0.8036331261823548, 0.0626842533542683, 0.010548029708113527, 0.09544040391795994, 0.8674651626529597, 0.7171939825925507, 0.579652129201015, 0.17806826255550112, 0.23637089265088246, 0.06836601214943508, 0.8243852613809102, 0.19830205747365842, 0.8692632118650195, 0.1080943248069094, 0.09862136696081397, 0.09984996126109527, 0.8383300406537793, 0.8567197682345478, 0.8304599128448396, 0.3706589521364829, 0.9585525144362789, 0.53709779832788, 0.519888521932335, 0.5049542395397141, 0.08806218668187371], BATTLES: 283-183-210-405-284-301-358-282-330-
29, 12, -2706.0, [0.4165842405559024, 0.9142584095266073, 0.008105802699326141, 0.05221081068345386, 0.7549659158101826, 0.8767992047595258, 0.01430626942759701, 0.01833853586519875, 0.7692535583153315, 0.5706678668994778, 0.9779985451890406, 0.010189524658792668, 0.9782355499773696, 0.385239590427045, 0.27009589868632605, 0.03464333866531836, 0.06984595214357187, 0.8315705320735343, 0.11771826277318405, 0.7847731898803694, 0.7741252119414739, 0.9910265211500326, 0.830369037193576, 0.490914402504131, 0.96034603366469, 0.13524582288968723, 0.8980498228544426, 0.7902118255939222, 0.27516409840742284, 0.3880698607131122, 0.8538085489234956, 0.9854628002182559, 0.9899637456701872, 0.28883358148672555, 0.7432870030910975, 0.9651887655275627, 0.3788311737459096, 0.04958485745214289, 0.39363735976645936, 0.013591229564129503, 0.008659366056124303, 0.04240362771422432, 0.8741929784446989, 0.7453138583969621, 0.659493271871301, 0.015938692527797768, 0.2325629776736061, 0.24611725732599526, 0.9820572037314744, 0.14606212893634002, 0.9637525486991017, 0.10450413967743817, 0.06726201430723353, 0.5421424797412944, 0.9798679292750133, 0.7092657969867678, 0.8396974345533383, 0.5996160909179341, 0.994141628281086, 0.22438417930838883, 0.4311719716519053, 0.48946225204831717, 0.022765975500804628], BATTLES: 286-177-216-425-299-280-354-255-299-
29, 13, -2615.0, [0.36318596132531383, 0.9139544280022422, 0.05027938089401068, 0.0017459967383231488, 0.7400474518612669, 0.971874229271683, 0.02668074030547269, 0.030919131441092693, 0.8088568706574722, 0.5377294308416006, 0.8772441527481042, 0.009640818794054812, 0.9599003668582654, 0.6680023324757689, 0.24362005251695226, 0.09104198072380737, 0.08005799134768604, 0.8028977168147355, 0.04083169907072035, 0.8591077129904577, 0.8567040089479699, 0.6173387583738006, 0.8276702127604907, 0.5475709180156372, 0.9743311228177998, 0.1657173640501187, 0.9435009764173581, 0.733115004416799, 0.2328610275586442, 0.09352835682967106, 0.7978150602273921, 0.998509415170195, 0.9728363315105176, 0.06648870323567024, 0.7176764145985255, 0.9839057570166322, 0.41768033948517735, 0.08765787505030584, 0.5879125131858554, 0.042564634353456865, 0.018385796401359733, 0.15688257651381393, 0.7648932514111495, 0.7032355579778277, 0.47194487364418125, 0.17795797471878513, 0.4633881631786805, 0.07849987738945896, 0.965391036938725, 0.19416218342871738, 0.8878576735837456, 0.15500437985336002, 0.026480417820575634, 0.08028999160575784, 0.9726228084839323, 0.9258341333449969, 0.8558706286736876, 0.6016834434314081, 0.9121853288218249, 0.47126673346591486, 0.4173871616927303, 0.36952454943112023, 0.02890027784923288], BATTLES: 305-186-245-382-307-273-363-235-319-
29, 14, -2609.0, [0.401841864784914, 0.9308481357020307, 0.016498288005140395, 0.0415078777931326, 0.7739598986964071, 0.9848370538018143, 0.10923991991249163, 0.05635906005625478, 0.5156563918611365, 0.23018958337378917, 0.834834335207795, 0.04803963423027825, 0.9875792527819564, 0.4353291607930355, 0.14290441782055305, 0.05292884416696252, 0.0591509679282618, 0.8776201971769163, 0.014630289938491123, 0.8225525361850019, 0.9843333848529139, 0.9765650058408679, 0.9664811419626448, 0.6952765515111283, 0.918721086761926, 0.233624950004051, 0.8560980648014582, 0.5037109247550314, 0.09206635018803314, 0.3024134875685966, 0.8889547180796515, 0.9579134074060404, 0.9776508009981525, 0.3978594694639069, 0.685606602431705, 0.9894760802500493, 0.7250625680726488, 0.10557021364597997, 0.44048365539860146, 0.1027975276681714, 0.03148658025189452, 0.07828247775344557, 0.9165112930515682, 0.8675519795605557, 0.7397993636117447, 0.043334942866956404, 0.6562980701833064, 0.06167751857480813, 0.600536133407813, 0.012769060022032964, 0.9353908922294388, 0.12037392933883159, 0.1901167024264591, 0.06489239043316697, 0.8809502063959636, 0.6150718517177218, 0.9270029477908522, 0.43368161155841684, 0.9575875005566805, 0.43994076345747674, 0.5622790181893863, 0.5199378426977781, 0.07418724971344032], BATTLES: 303-187-176-401-309-236-400-320-277-
30, 0, -2645.0, [0.36083892608766444, 0.7816071730551073, 0.026467655642784187, 0.049875849857320124, 0.8757967296711711, 0.9015669920385891, 0.0011482421215423064, 0.051281469829778624, 0.5434745895768133, 0.40279738386995545, 0.7476971279055801, 0.0010743114065435103, 0.9702821095116947, 0.5512078431021776, 0.13267927046770933, 0.09453801184992228, 0.03663794549778859, 0.9870563988159935, 0.03801060390792746, 0.6426979960783572, 0.9471281524861398, 0.6436792977094644, 0.6962319076519242, 0.44137663193926846, 0.9493789282222832, 0.17606839137287875, 0.7052868392388125, 0.7765595016446962, 0.1728972811529505, 0.27601259619089286, 0.8536560047550299, 0.9822289593623127, 0.9388917398367035, 0.5469653860383294, 0.7340958362626107, 0.9862601161875573, 0.9901701387965147, 0.16234919555133606, 0.5294737518445465, 0.030998737915848534, 0.029562596743163416, 0.12870731440196534, 0.9318939904812322, 0.7855584788195783, 0.7460902436291755, 0.05196643366501189, 0.3027757717320348, 0.10923217092965501, 0.7033080074347211, 0.07504173925734968, 0.934258206918935, 0.04992279799761952, 0.12118427090278416, 0.06411056224053246, 0.7828598967499876, 0.8485110669184257, 0.9484715216846754, 0.4681773635822932, 0.9713222143336153, 0.6359905335783804, 0.5556132704692301, 0.6208402114330066, 0.03002109907658032], BATTLES: 300-186-194-414-282-276-384-312-287-
30, 1, -2727.0, [0.3594890668091223, 0.7682970169490047, 0.0331618155353172, 0.07133812232433903, 0.8165579881186744, 0.8806246033302051, 0.005649822633058969, 0.10149011106357125, 0.38935130909706156, 0.5364492506114392, 0.8806190553416404, 0.06448969219218761, 0.9583246581927735, 0.5531060481150417, 0.18261703847620211, 0.214296157575133, 0.12460133146931411, 0.5970067829185847, 0.13581711928336815, 0.5556017455714047, 0.8815908002460038, 0.949412093832635, 0.787841797719149, 0.44183186058466084, 0.9827459458273456, 0.08155681851571914, 0.9419356878816496, 0.6071988179949303, 0.05690759992296267, 0.28985074150092405, 0.7579740315535791, 0.9572389637806714, 0.984389656413189, 0.45374633436661893, 0.8467371011063181, 0.9210516984211061, 0.7079673350667217, 0.15745861196216746, 0.9585990187428635, 0.0014294748250417155, 0.019019488132573793, 0.0881640023735497, 0.9137183165282471, 0.8687127208549681, 0.7256655583791412, 0.10592490678281136, 0.1378597020662849, 0.16993501012903484, 0.7139601263482288, 0.07781807741345582, 0.8777796191156001, 0.05168764873080947, 0.10246400624563047, 0.16239513917894025, 0.833382839017683, 0.8067244170518858, 0.8651497584566376, 0.32224417017754947, 0.9803704565952266, 0.5083427577948904, 0.4057526653517909, 0.6862703418304829, 0.0525950785090702], BATTLES: 303-178-171-386-304-251-395-315-277-
30, 2, -2686.0, [0.3249280128682055, 0.8553119529924669, 0.041152993605369705, 0.03299902195790323, 0.7668042430165023, 0.9702268971304634, 0.008824080266824456, 0.07592694556708414, 0.29430612645661414, 0.4692141397336836, 0.9165232573914519, 0.0021609686494137026, 0.9851580992737492, 0.44899317110801706, 0.18590573332000476, 0.0346361005048769, 0.055475409611884546, 0.887666461919279, 0.0008046975871988937, 0.5750047682303239, 0.4986697902490796, 0.8628702404714952, 0.9753457254184739, 0.48633958240501446, 0.9702171572952428, 0.34185573586723084, 0.93170585610843, 0.8411143883044347, 0.2052343428065163, 0.18421511579183728, 0.9201234285281585, 0.9878553398604242, 0.9764160954233942, 0.3339416459598581, 0.8745154353978208, 0.9537190053366645, 0.8087119944295403, 0.07445620503019085, 0.6027927179930067, 0.04595716127753152, 0.019762602621943307, 0.07311764232459689, 0.7323212449551507, 0.7685891911466064, 0.7264467277388955, 0.15477344957706024, 0.4054946530846392, 0.10786445196222055, 0.9720075565671327, 0.0781373760806828, 0.8013583016333726, 0.1374378777877698, 0.13831178728490237, 0.295447334103295, 0.9440860267840725, 0.7422200722077936, 0.7660445590969566, 0.7521280091925153, 0.9497902362223769, 0.12085554442894453, 0.783509723874024, 0.2585187290595062, 0.01995119240172022], BATTLES: 294-213-196-385-305-262-406-310-285-
30, 3, -2641.0, [0.38297104740042, 0.847740209320653, 0.028498896863419176, 0.04411650146314613, 0.7940508291307636, 0.8440722713667665, 0.003325369627517641, 0.09464584397198808, 0.36433027133760676, 0.4831318363089416, 0.818560102173686, 0.012135554058735022, 0.999379333705515, 0.388900847524437, 0.17932211997670844, 0.022185615566945725, 0.0105067669137335, 0.973422071682432, 0.06252252359632168, 0.6475837883723532, 0.9118586642893268, 0.9549303289989663, 0.9150527960358124, 0.5907909583650583, 0.9667178435140305, 0.14523440469259769, 0.7937831804210748, 0.7657694265543131, 0.05444895818187703, 0.4824142586582818, 0.9923286234346365, 0.993079401818515, 0.9428631314857041, 0.3578733149721212, 0.76957214379776, 0.9826652168552721, 0.8343725818697526, 0.03677409384035393, 0.2990611038235829, 0.027033926935333904, 0.019378739064282183, 0.005848469524884617, 0.9752100620481366, 0.7868577629248636, 0.9211020981370653, 0.010551300475124778, 0.012174493837583455, 0.211790446552206, 0.9848401453063891, 0.06420421681792168, 0.8746217255603228, 0.14549271121181095, 0.09369607383606679, 0.6825132307357269, 0.8664113819262841, 0.746325336518203, 0.8547773526676326, 0.7196317131741399, 0.982656181414479, 0.20982076815146794, 0.5426805115063874, 0.46414715956190583, 0.023387615101730756], BATTLES: 282-201-165-377-293-255-393-345-269-
30, 4, -2631.0, [0.36913950325786654, 0.7814644991121006, 0.010011015859306036, 0.004687706316548648, 0.8474434816057792, 0.9403806254258431, 0.06832516500179737, 0.12983791496979472, 0.44632096968046947, 0.38742392255838115, 0.7665648518919398, 0.0047881921175410725, 0.9946862277606499, 0.610774028412385, 0.16107205006505299, 0.14429400816425783, 0.06194915552842832, 0.9417477163061809, 0.053012893355567914, 0.7258755961516153, 0.7298425095324581, 0.792266445286293, 0.8179132858251468, 0.701968727177281, 0.9532027287134441, 0.12796035083792548, 0.9367836528537311, 0.6557173483950736, 0.11301536644017471, 0.3379368570162402, 0.8853685323148468, 0.9876547077515518, 0.9859842494112776, 0.5974052219311605, 0.7196395310873843, 0.9763828141045261, 0.9045401025994108, 0.11084673418396797, 0.8032137549519175, 0.028123026653329573, 0.00898737741778653, 0.1413196619133202, 0.7963793419367319, 0.7996052442556679, 0.7616992290253366, 0.04497196651945151, 0.12968973418507726, 0.05489947706103404, 0.840350939971953, 0.11561745307730416, 0.8362894700826746, 0.06545010912258684, 0.0901731346515739, 0.09360325009013624, 0.8873405489958357, 0.6742707123752447, 0.9542946065495486, 0.5308808097193692, 0.9923364152890775, 0.4278697099435864, 0.12060110791698053, 0.4689309629561189, 0.11167403466279704], BATTLES: 292-175-200-404-303-295-369-291-298-
30, 5, -2626.0, [0.5108217228130735, 0.8425487356687485, 0.04605890667211965, 0.05559344178705458, 0.7447339793515682, 0.8750620370153611, 0.04879989043699744, 0.0232819524206961, 0.6458951984787952, 0.41993117492084076, 0.8300621798569562, 0.024959186591794354, 0.963326040803709, 0.6152067292304344, 0.20209878133710366, 0.19393462988515958, 0.04891113713132729, 0.9882537849583489, 0.1530119263429114, 0.8431887868436356, 0.8015942859717374, 0.7887622752923346, 0.7485267872137462, 0.29443473746783366, 0.9391716644738424, 0.06221259878367803, 0.7669793241899673, 0.7563439066719013, 0.1728888796742712, 0.4256248308718634, 0.897957637204538, 0.9842967369163204, 0.9155210598697179, 0.27921574326562, 0.7093645618458123, 0.899619330312967, 0.8386037486487167, 0.09457636517072657, 0.3089430434325957, 0.14181800306135828, 0.01878243040962689, 0.0015776053851063593, 0.9774179860809113, 0.7015428637007407, 0.8810434440861866, 0.11477703020646679, 0.3296222026747015, 0.21365620515203332, 0.8355229382704608, 0.18199683157133917, 0.8777404234612559, 0.1103496946431052, 0.1717672381015671, 0.4224470417113319, 0.8985206997891549, 0.5236397213054476, 0.8835367836614045, 0.5766002674871054, 0.933362686238865, 0.17352380381144217, 0.7495316282980807, 0.5655458588374467, 0.13658549192103067], BATTLES: 298-180-200-389-296-279-376-316-292-
30, 6, -2596.0, [0.3232587713810981, 0.9265649282688246, 0.045004928567465644, 0.019181011929890197, 0.7072148973588392, 0.8910401959099913, 0.023570041778683708, 0.1053005169784673, 0.4388750650583352, 0.34188741329426, 0.7538251590664378, 0.0065026770001102956, 0.9924523075959141, 0.41666075400741326, 0.3143794551067266, 0.06474941567517474, 0.034490429853574686, 0.971829079293706, 0.06512145014610025, 0.6465554995360788, 0.8457375578567474, 0.7270230726938203, 0.8629325136285241, 0.7186503871479011, 0.9311758853467508, 0.2566088842906531, 0.8968564950072145, 0.6547923605485617, 0.06349178291170945, 0.20499537364643625, 0.9674160044440857, 0.9975601207517533, 0.9569807764944827, 0.3792058422446245, 0.7605531292364782, 0.9764535119999566, 0.9274599503197051, 0.09507534217986767, 0.5950128485769207, 0.02443843009658761, 0.07026383096554571, 0.10675381466397607, 0.9472136730143926, 0.7872005958009031, 0.6413508917704442, 0.0701565881286822, 0.3585600508235776, 0.11398038165717343, 0.9793727341551899, 0.1793758446347431, 0.927181066052208, 0.09840477313667474, 0.11113606370676979, 0.3807349983518994, 0.8239197898594999, 0.785029448206513, 0.8671508941418776, 0.5511782001631806, 0.9469775436536128, 0.4297043501240232, 0.5930170428132524, 0.5006294867120387, 0.11746316508850671], BATTLES: 290-174-187-368-287-273-406-338-273-
30, 7, -2672.0, [0.3936751615166847, 0.8355147932265851, 0.032956694444317744, 0.060340466574473936, 0.8470763767205011, 0.9168059146634171, 0.012008787293756098, 0.10491737681704263, 0.3825931395192854, 0.5211327429550545, 0.8365299230522023, 0.012056107625716258, 0.9911958800444927, 0.5795426277368552, 0.0741996088261494, 0.19228444207942574, 0.11439086789073123, 0.9151855160068114, 0.06673149200587734, 0.6011661855421716, 0.6242761268674937, 0.9439494627184182, 0.8672762257750389, 0.6048744744879458, 0.9853821904013917, 0.3185563458665882, 0.8619377220919655, 0.7659032594302531, 0.00723173372865827, 0.5170462968140557, 0.9420821320106505, 0.9918789149889857, 0.93409197512271, 0.43431765305064596, 0.7123659721618388, 0.9786906028797298, 0.8379107578831667, 0.17680609247171641, 0.8074074862062484, 0.1056710543487604, 0.06347023078680422, 0.14289640015464, 0.878507295566574, 0.8751789040839268, 0.6281777944543755, 0.09435585639308783, 0.33509921638267154, 0.1639255713247696, 0.8402067455599407, 0.05573378295281868, 0.7573408754968551, 0.06348929200813005, 0.07423394846991516, 0.28680383160703243, 0.8858728581108539, 0.6625347950599162, 0.9698238283237636, 0.6470802946694614, 0.9979453063619453, 0.43891017755041967, 0.5680079542385058, 0.5385161220669303, 0.050037451990345524], BATTLES: 275-190-221-406-265-271-373-316-310-
30, 8, -2672.0, [0.38628934826729344, 0.7776314122451305, 0.04468771022993345, 0.017972284887893354, 0.7270460331102322, 0.9376030965263152, 0.008252887225746406, 0.12249621944365438, 0.3206055900541527, 0.4900690720094416, 0.8462329594053013, 0.00766025648816182, 0.9925909351648305, 0.5828819536881777, 0.25886204614061087, 0.015280429771888697, 0.02698349797703882, 0.9960013266298369, 0.04441164522562423, 0.453084441446728, 0.652298685608555, 0.939865485987164, 0.6931296491666874, 0.5882287896034425, 0.9822937488916641, 0.15503941360606516, 0.8747178350129003, 0.5847647161773599, 0.08239317970800233, 0.09828501835939965, 0.9812503154461634, 0.983813869780268, 0.964752748963156, 0.6339485374278176, 0.7865196868529678, 0.9516391807463089, 0.960769714893138, 0.20178732082479248, 0.8192108158646216, 0.2142219858332141, 0.07193641373582838, 0.08145026056801806, 0.6904034405499849, 0.8120813462794249, 0.7438206687581822, 0.11477164494958472, 0.49578151765933004, 0.06186650362768716, 0.8621973792082669, 0.06049246634672397, 0.889547106414091, 0.07832813714296845, 0.10304234776088284, 0.17927488331942593, 0.8361101968619382, 0.8837975713692181, 0.9789058952630113, 0.5831720215507034, 0.8827755002638296, 0.26718856268402225, 0.6091893754242306, 0.4714894478339869, 0.004858646965561736], BATTLES: 323-195-174-406-285-242-413-369-265-
30, 9, -2590.0, [0.44144805383142344, 0.8777088857030719, 0.013173001083852864, 0.03589783227836998, 0.8183948703825834, 0.9649143080951685, 0.011804671327486586, 0.09634476945267935, 0.5877655027209641, 0.569860020254953, 0.8617208978754302, 0.0028421836308328463, 0.9841662861545205, 0.6048611471641299, 0.15543547986770773, 0.23669380412936614, 0.09742959624416618, 0.9570457050420869, 0.008341599334493386, 0.5953573433372642, 0.8496580228565969, 0.8939373507880549, 0.7912175010152412, 0.6077262898085241, 0.9913220826908545, 0.036397469133340646, 0.689921214005937, 0.7521345860872135, 0.1312495854978793, 0.6108122630920191, 0.8165624508509749, 0.9856033713806275, 0.9397655249615716, 0.4499957351607211, 0.7013141524249499, 0.9872121718901552, 0.731673328043533, 0.1342136804327661, 0.8195359570227958, 0.18727606946552408, 0.011106424386650403, 0.16553150272234823, 0.8797047806498576, 0.7940367159609119, 0.5938280470877473, 0.1682322855449765, 0.35653924986233526, 0.10323650694565334, 0.7688217784458438, 0.14379230728722783, 0.856507532860415, 0.06585432903016245, 0.07230716872879081, 0.13883196544678797, 0.8954098021698038, 0.6965949003615688, 0.9042673855593408, 0.33567088143815527, 0.9522383145756624, 0.50570562325521, 0.3522387068225894, 0.6157139233413972, 0.12341573005836112], BATTLES: 268-171-209-409-302-262-374-295-300-
30, 10, -2661.0, [0.2080048978234425, 0.8164387852711, 0.049607422915257035, 0.0025110271150062535, 0.8262152211934634, 0.9887314299308365, 0.015499203553016974, 0.1466406609944928, 0.1738937266000743, 0.4648796243437831, 0.7826742556095443, 0.0017341102913133143, 0.9954293493753026, 0.5721051998967711, 0.26269732490556874, 0.11438647597065399, 0.1226101628329786, 0.8729543623938514, 0.03690971489551555, 0.3925382952679698, 0.43987908645361484, 0.920783379644173, 0.9425195033529239, 0.5739606624775977, 0.9680932233735555, 0.48918619757780013, 0.9736303103645476, 0.7442214163283214, 0.1158267411855343, 0.1773129472047159, 0.9497821338648295, 0.9924229449579209, 0.9288717448393052, 0.05157398567759919, 0.8973161846763398, 0.9611293624453807, 0.8245897873831862, 0.0836441658448244, 0.7846357314867365, 0.07966618578616488, 0.03712533519213415, 0.02616614044479862, 0.718807566840605, 0.8222563906808583, 0.8551293641969109, 0.16112031391357404, 0.3244602425079665, 0.10048335556104321, 0.997243986773142, 0.1250756938349116, 0.720087181575647, 0.11510303023135618, 0.17494261780926573, 0.293555003033129, 0.8572001748192639, 0.7138961894817439, 0.7970552403233556, 0.9043805630409014, 0.8928384825781908, 0.003932457000660916, 0.8735756831216454, 0.19336784714252142, 0.05352327722167983], BATTLES: 314-189-190-383-277-257-415-352-284-
30, 11, -2567.0, [0.420983820701727, 0.8972516528853538, 0.031993286697321106, 0.02941084019104297, 0.9216575598513859, 0.9417357785798858, 0.04084977876222412, 0.10570900773444707, 0.5699609098058626, 0.7120652637888313, 0.9962733227038268, 0.02008054427684273, 0.980052959080301, 0.7558922993542986, 0.09895387155782016, 0.09951492321685708, 0.11749434802977073, 0.8769913695947883, 0.04198181922373019, 0.6256452826121491, 0.8145565480526832, 0.9594626407329884, 0.7447031070512153, 0.256384273164667, 0.9808554965324114, 0.07758404354073384, 0.9728640445990664, 0.8013084301404132, 0.01844677446191112, 0.6411939807258701, 0.7544629916032647, 0.9961190787696244, 0.990516873493371, 0.1748576976021785, 0.6636230926967482, 0.9935405144813444, 0.5628673074467531, 0.06638053176870612, 0.8036331261823548, 0.0626842533542683, 0.010548029708113527, 0.09544040391795994, 0.9431519564366689, 0.7257250237820578, 0.5361063473634823, 0.17454756766075052, 0.259495134825265, 0.13273821577045733, 0.7862950061110376, 0.19830205747365842, 0.8692632118650195, 0.07145028705526318, 0.09862136696081397, 0.09984996126109527, 0.8383300406537793, 0.6664521849621703, 0.8847222476384762, 0.3685598155866986, 0.9792762572181395, 0.5930057005712347, 0.2189033900186595, 0.5049542395397141, 0.04374811437954075], BATTLES: 283-189-196-410-270-276-372-247-305-
30, 12, -2599.0, [0.37496307889296987, 0.9142584095266073, 0.008105802699326141, 0.05221081068345386, 0.774875440224083, 0.86449252400256, 0.01430626942759701, 0.01833853586519875, 0.7692535583153315, 0.6367246369561516, 0.9779985451890406, 0.005094762329396334, 0.985276101895057, 0.4041533532901048, 0.2163685825260469, 0.03464333866531836, 0.06984595214357187, 0.8315705320735343, 0.12769700608018503, 0.7847731898803694, 0.7741252119414739, 0.9910265211500326, 0.7832250116155218, 0.5268081072902541, 0.96034603366469, 0.13524582288968723, 0.8980498228544426, 0.7902118255939222, 0.27516409840742284, 0.3880698607131122, 0.841973617562157, 0.9991732266519971, 0.9949818728350937, 0.28883358148672555, 0.7432870030910975, 0.9529706221340394, 0.39407125932284404, 0.04958485745214289, 0.39363735976645936, 0.013591229564129503, 0.008659366056124303, 0.04240362771422432, 0.8741929784446989, 0.7453138583969621, 0.7556204039229701, 0.015938692527797768, 0.2325629776736061, 0.2479465876530724, 0.9820572037314744, 0.14606212893634002, 0.9556504690197266, 0.10450413967743817, 0.06726201430723353, 0.5421424797412944, 0.9798679292750133, 0.7092657969867678, 0.8396974345533383, 0.5996160909179341, 0.997070814140543, 0.22438417930838883, 0.4311719716519053, 0.48946225204831717, 0.022765975500804628], BATTLES: 269-176-220-404-295-272-370-274-297-
30, 13, -2662.0, [0.36318596132531383, 0.878703601080387, 0.05027938089401068, 0.03415167804567631, 0.7825232648201641, 0.9761413413528197, 0.02668074030547269, 0.06700165473018882, 0.520714150012387, 0.5377294308416006, 0.8380279381695779, 0.02852293174038322, 0.9568472450367504, 0.6680023324757689, 0.24362005251695226, 0.16669559380923848, 0.12034521298897656, 0.8028977168147355, 0.04083169907072035, 0.6975028899263164, 0.8567040089479699, 0.869993036290516, 0.8365953097853762, 0.5475709180156372, 0.9871655614088999, 0.11617331944381026, 0.9435009764173581, 0.6836061580576424, 0.2328610275586442, 0.09352835682967106, 0.7929246520162279, 0.998509415170195, 0.9728363315105176, 0.19141548671837158, 0.7176764145985255, 0.9905494549885405, 0.41768033948517735, 0.1501503758901762, 0.7672620383669104, 0.07811275713549012, 0.021052530786477373, 0.04857461886009448, 0.7648932514111495, 0.8029973415250942, 0.5904130782443664, 0.17795797471878513, 0.1513633952101976, 0.16167262783088587, 0.8961433046218996, 0.10254922365490773, 0.8878576735837456, 0.15500437985336002, 0.04763695168361134, 0.08028999160575784, 0.9308775755591769, 0.8068949655259126, 0.8618182752119695, 0.4384622504649444, 0.902125418349703, 0.48618683885795805, 0.44347513536959476, 0.5473415149293585, 0.01445013892461644], BATTLES: 275-189-208-388-309-268-348-238-318-
30, 14, -2647.0, [0.401841864784914, 0.9308481357020307, 0.016498288005140395, 0.0415078777931326, 0.7739598986964071, 0.9848370538018143, 0.10923991991249163, 0.05635906005625478, 0.5156563918611365, 0.23018958337378917, 0.834834335207795, 0.04803963423027825, 0.9875792527819564, 0.4353291607930355, 0.14290441782055305, 0.05292884416696252, 0.0591509679282618, 0.8776201971769163, 0.014630289938491123, 0.8225525361850019, 0.9843333848529139, 0.9765650058408679, 0.9664811419626448, 0.6952765515111283, 0.918721086761926, 0.233624950004051, 0.8560980648014582, 0.5037109247550314, 0.09206635018803314, 0.3024134875685966, 0.8889547180796515, 0.9579134074060404, 0.9776508009981525, 0.3978594694639069, 0.685606602431705, 0.9894760802500493, 0.7250625680726488, 0.10557021364597997, 0.44048365539860146, 0.1027975276681714, 0.03148658025189452, 0.07828247775344557, 0.9165112930515682, 0.8675519795605557, 0.7397993636117447, 0.043334942866956404, 0.6562980701833064, 0.06167751857480813, 0.600536133407813, 0.012769060022032964, 0.9353908922294388, 0.12037392933883159, 0.1901167024264591, 0.06489239043316697, 0.8809502063959636, 0.6150718517177218, 0.9270029477908522, 0.43368161155841684, 0.9575875005566805, 0.43994076345747674, 0.5622790181893863, 0.5199378426977781, 0.07418724971344032], BATTLES: 273-180-178-390-308-295-410-320-293-
31, 0, -2598.0, [0.38575539558663596, 0.7668494579987432, 0.037942377811332625, 0.049875849857320124, 0.8971252379472819, 0.9015669920385891, 0.0005741210607711532, 0.051281469829778624, 0.4636507092295967, 0.5095106010263678, 0.9207682139805924, 0.0631243057511324, 0.9487457208600042, 0.4828384897487539, 0.13267927046770933, 0.09453801184992228, 0.11583805134457754, 0.5645298961924128, 0.04817821645429495, 0.5633900815049822, 0.9168449649014541, 0.8218396488547322, 0.7054238035075645, 0.4100132148401026, 0.9943762945710947, 0.06274539626096423, 0.855788438689167, 0.7765595016446962, 0.13325320603962312, 0.3789152051272807, 0.8536560047550299, 0.9491587650324446, 0.9950972502669219, 0.7401517822952204, 0.8817660900097716, 0.9862601161875573, 0.9901701387965147, 0.25188929777159696, 0.5294737518445465, 0.030998737915848534, 0.008306840621045718, 0.14970919764590168, 0.9318939904812322, 0.7855584788195783, 0.6791497340924671, 0.05196643366501189, 0.15690461228810076, 0.10911766064452427, 0.5768664322272742, 0.05658498947979849, 0.8437710906007135, 0.06645821679032178, 0.16000659300049785, 0.1701067353085531, 0.8265777283414625, 0.7085292952613802, 0.8618800318820198, 0.4681773635822932, 0.9662247928051986, 0.6011880179420225, 0.3289542338639556, 0.7482872054903077, 0.01501054953829016], BATTLES: 282-197-196-376-278-261-380-319-309-
31, 1, -2644.0, [0.24236358610036587, 0.8231065224832799, 0.051421400395639506, 0.03485785477326426, 0.8676432963981123, 0.9259970306825992, 0.005649822633058969, 0.12784665729163694, 0.26642993264975934, 0.5195941415250874, 0.9176071052696279, 0.06448969219218761, 0.9609952373182284, 0.5484143312311482, 0.18261703847620211, 0.2480596684668791, 0.1514276782899452, 0.5970067829185847, 0.117004790856823, 0.42399401554743454, 0.8815908002460038, 0.9701564361428441, 0.8373258528121238, 0.49180019273855996, 0.9999351018411309, 0.214949029403221, 0.9709678439408248, 0.6812817346645522, 0.1254120669170521, 0.1936462355017995, 0.7468429170636229, 0.956380862098983, 0.9799743776018253, 0.45374633436661893, 0.9634083553882498, 0.9099736254610038, 0.6995641312241553, 0.15745861196216746, 0.9585990187428635, 0.0014294748250417155, 0.0024004641738113557, 0.04526636331123006, 0.9137183165282471, 0.8353278659010748, 0.8718505628407551, 0.1247731175896752, 0.1378597020662849, 0.1299140618589778, 0.8130231750045365, 0.12156070201998556, 0.8777796191156001, 0.05168764873080947, 0.16599357244153368, 0.16665394822514917, 0.8626673225666663, 0.6265301359326404, 0.756162979861044, 0.596108027748227, 0.9140664237546092, 0.23394785145080077, 0.6177925421863588, 0.468542113237512, 0.05479402489803686], BATTLES: 285-205-179-393-282-266-428-309-282-
31, 2, -2723.0, [0.3249280128682055, 0.8553119529924669, 0.041152993605369705, 0.03299902195790323, 0.7668042430165023, 0.9702268971304634, 0.008824080266824456, 0.07592694556708414, 0.29430612645661414, 0.4692141397336836, 0.9165232573914519, 0.0021609686494137026, 0.9851580992737492, 0.44899317110801706, 0.18590573332000476, 0.0346361005048769, 0.055475409611884546, 0.887666461919279, 0.0008046975871988937, 0.5750047682303239, 0.4986697902490796, 0.8628702404714952, 0.9753457254184739, 0.48633958240501446, 0.9702171572952428, 0.34185573586723084, 0.93170585610843, 0.8411143883044347, 0.2052343428065163, 0.18421511579183728, 0.9201234285281585, 0.9878553398604242, 0.9764160954233942, 0.3339416459598581, 0.8745154353978208, 0.9537190053366645, 0.8087119944295403, 0.07445620503019085, 0.6027927179930067, 0.04595716127753152, 0.019762602621943307, 0.07311764232459689, 0.7323212449551507, 0.7685891911466064, 0.7264467277388955, 0.15477344957706024, 0.4054946530846392, 0.10786445196222055, 0.9720075565671327, 0.0781373760806828, 0.8013583016333726, 0.1374378777877698, 0.13831178728490237, 0.295447334103295, 0.9440860267840725, 0.7422200722077936, 0.7660445590969566, 0.7521280091925153, 0.9497902362223769, 0.12085554442894453, 0.783509723874024, 0.2585187290595062, 0.01995119240172022], BATTLES: 284-219-211-391-308-272-426-320-292-
31, 3, -2606.0, [0.38297104740042, 0.847740209320653, 0.028498896863419176, 0.04411650146314613, 0.7940508291307636, 0.8440722713667665, 0.003325369627517641, 0.09464584397198808, 0.36433027133760676, 0.4831318363089416, 0.818560102173686, 0.012135554058735022, 0.999379333705515, 0.388900847524437, 0.17932211997670844, 0.022185615566945725, 0.0105067669137335, 0.973422071682432, 0.06252252359632168, 0.6475837883723532, 0.9118586642893268, 0.9549303289989663, 0.9150527960358124, 0.5907909583650583, 0.9667178435140305, 0.14523440469259769, 0.7937831804210748, 0.7657694265543131, 0.05444895818187703, 0.4824142586582818, 0.9923286234346365, 0.993079401818515, 0.9428631314857041, 0.3578733149721212, 0.76957214379776, 0.9826652168552721, 0.8343725818697526, 0.03677409384035393, 0.2990611038235829, 0.027033926935333904, 0.019378739064282183, 0.005848469524884617, 0.9752100620481366, 0.7868577629248636, 0.9211020981370653, 0.010551300475124778, 0.012174493837583455, 0.211790446552206, 0.9848401453063891, 0.06420421681792168, 0.8746217255603228, 0.14549271121181095, 0.09369607383606679, 0.6825132307357269, 0.8664113819262841, 0.746325336518203, 0.8547773526676326, 0.7196317131741399, 0.982656181414479, 0.20982076815146794, 0.5426805115063874, 0.46414715956190583, 0.023387615101730756], BATTLES: 297-207-158-404-279-235-405-342-279-
31, 4, -2622.0, [0.36913950325786654, 0.7814644991121006, 0.010011015859306036, 0.004687706316548648, 0.8474434816057792, 0.9403806254258431, 0.06832516500179737, 0.12983791496979472, 0.44632096968046947, 0.38742392255838115, 0.7665648518919398, 0.0047881921175410725, 0.9946862277606499, 0.610774028412385, 0.16107205006505299, 0.14429400816425783, 0.06194915552842832, 0.9417477163061809, 0.053012893355567914, 0.7258755961516153, 0.7298425095324581, 0.792266445286293, 0.8179132858251468, 0.701968727177281, 0.9532027287134441, 0.12796035083792548, 0.9367836528537311, 0.6557173483950736, 0.11301536644017471, 0.3379368570162402, 0.8853685323148468, 0.9876547077515518, 0.9859842494112776, 0.5974052219311605, 0.7196395310873843, 0.9763828141045261, 0.9045401025994108, 0.11084673418396797, 0.8032137549519175, 0.028123026653329573, 0.00898737741778653, 0.1413196619133202, 0.7963793419367319, 0.7996052442556679, 0.7616992290253366, 0.04497196651945151, 0.12968973418507726, 0.05489947706103404, 0.840350939971953, 0.11561745307730416, 0.8362894700826746, 0.06545010912258684, 0.0901731346515739, 0.09360325009013624, 0.8873405489958357, 0.6742707123752447, 0.9542946065495486, 0.5308808097193692, 0.9923364152890775, 0.4278697099435864, 0.12060110791698053, 0.4689309629561189, 0.11167403466279704], BATTLES: 289-185-176-390-308-264-382-339-289-
31, 5, -2567.0, [0.5108217228130735, 0.9087875711121536, 0.011890108133020844, 0.05559344178705458, 0.7534971645007382, 0.9559760911599003, 0.04879989043699744, 0.059541242967024476, 0.5010591755352676, 0.41993117492084076, 0.7904104466118129, 0.024959186591794354, 0.9549070402299442, 0.566130996050441, 0.3289182458882163, 0.1799164320809107, 0.08461276979082308, 0.9882537849583489, 0.1530119263429114, 0.8431887868436356, 0.7071981882056225, 0.7913255121687836, 0.9726145381389929, 0.5815979814906393, 0.9391716644738424, 0.2079253456656938, 0.9539111582983287, 0.8674616337223502, 0.1728888796742712, 0.1594902265978312, 0.821324760605339, 0.9842967369163204, 0.9155210598697179, 0.27921574326562, 0.7676477144272374, 0.9627074543441095, 0.8386037486487167, 0.051150610115584, 0.3089430434325957, 0.0014350340117300908, 0.009391215204813445, 0.0007888026925531796, 0.9774179860809113, 0.7366203326843848, 0.7950561754967985, 0.23632626155302394, 0.07676215633777755, 0.21365620515203332, 0.9957869614344056, 0.10798660145250656, 0.8578267891497385, 0.1103496946431052, 0.11799069057826349, 0.4224470417113319, 0.922175312250409, 0.6093798448410235, 0.7415744391315227, 0.7033005915539046, 0.9550143897635145, 0.3834224475473228, 0.7495316282980807, 0.41602805202124277, 0.07180563859977289], BATTLES: 316-183-176-385-280-242-378-300-288-
31, 6, -2680.0, [0.3232587713810981, 0.9265649282688246, 0.045004928567465644, 0.019181011929890197, 0.7072148973588392, 0.8910401959099913, 0.023570041778683708, 0.1053005169784673, 0.4388750650583352, 0.34188741329426, 0.7538251590664378, 0.0065026770001102956, 0.9924523075959141, 0.41666075400741326, 0.3143794551067266, 0.06474941567517474, 0.034490429853574686, 0.971829079293706, 0.06512145014610025, 0.6465554995360788, 0.8457375578567474, 0.7270230726938203, 0.8629325136285241, 0.7186503871479011, 0.9311758853467508, 0.2566088842906531, 0.8968564950072145, 0.6547923605485617, 0.06349178291170945, 0.20499537364643625, 0.9674160044440857, 0.9975601207517533, 0.9569807764944827, 0.3792058422446245, 0.7605531292364782, 0.9764535119999566, 0.9274599503197051, 0.09507534217986767, 0.5950128485769207, 0.02443843009658761, 0.07026383096554571, 0.10675381466397607, 0.9472136730143926, 0.7872005958009031, 0.6413508917704442, 0.0701565881286822, 0.3585600508235776, 0.11398038165717343, 0.9793727341551899, 0.1793758446347431, 0.927181066052208, 0.09840477313667474, 0.11113606370676979, 0.3807349983518994, 0.8239197898594999, 0.785029448206513, 0.8671508941418776, 0.5511782001631806, 0.9469775436536128, 0.4297043501240232, 0.5930170428132524, 0.5006294867120387, 0.11746316508850671], BATTLES: 304-202-180-375-304-257-400-349-309-
31, 7, -2622.0, [0.3936751615166847, 0.7433943627385251, 0.032956694444317744, 0.060340466574473936, 0.8764112906349694, 0.9168059146634171, 0.012008787293756098, 0.10035505902995008, 0.3825931395192854, 0.4500810828005837, 0.8103271819326748, 0.006028053812858129, 0.9911958800444927, 0.464546806700604, 0.0741996088261494, 0.08609684192611194, 0.0652257033846271, 0.9151855160068114, 0.018408553098323073, 0.6011661855421716, 0.5747950032591922, 0.9150050284496356, 0.8672762257750389, 0.6048744744879458, 0.9586573667467866, 0.3185563458665882, 0.7434530048291473, 0.9885612242902253, 0.00723173372865827, 0.5170462968140557, 0.9420821320106505, 0.9918789149889857, 0.9385228584148241, 0.43431765305064596, 0.7970020572489107, 0.9786906028797298, 0.8379107578831667, 0.16218094019913176, 0.8074074862062484, 0.1056710543487604, 0.06347023078680422, 0.14289640015464, 0.878507295566574, 0.8751789040839268, 0.6281777944543755, 0.09435585639308783, 0.33509921638267154, 0.1639255713247696, 0.8402067455599407, 0.05573378295281868, 0.7573408754968551, 0.06348929200813005, 0.07423394846991516, 0.28680383160703243, 0.8324937443024014, 0.6625347950599162, 0.8473679060803451, 0.6470802946694614, 0.9979453063619453, 0.41573538755951944, 0.5680079542385058, 0.4356458679800144, 0.019439521419263913], BATTLES: 282-199-188-388-286-254-395-320-287-
31, 8, -2682.0, [0.38628934826729344, 0.7776314122451305, 0.04468771022993345, 0.017972284887893354, 0.7270460331102322, 0.9376030965263152, 0.008252887225746406, 0.12249621944365438, 0.3206055900541527, 0.4900690720094416, 0.8462329594053013, 0.00766025648816182, 0.9925909351648305, 0.5828819536881777, 0.25886204614061087, 0.015280429771888697, 0.02698349797703882, 0.9960013266298369, 0.04441164522562423, 0.453084441446728, 0.652298685608555, 0.939865485987164, 0.6931296491666874, 0.5882287896034425, 0.9822937488916641, 0.15503941360606516, 0.8747178350129003, 0.5847647161773599, 0.08239317970800233, 0.09828501835939965, 0.9812503154461634, 0.983813869780268, 0.964752748963156, 0.6339485374278176, 0.7865196868529678, 0.9516391807463089, 0.960769714893138, 0.20178732082479248, 0.8192108158646216, 0.2142219858332141, 0.07193641373582838, 0.08145026056801806, 0.6904034405499849, 0.8120813462794249, 0.7438206687581822, 0.11477164494958472, 0.49578151765933004, 0.06186650362768716, 0.8621973792082669, 0.06049246634672397, 0.889547106414091, 0.07832813714296845, 0.10304234776088284, 0.17927488331942593, 0.8361101968619382, 0.8837975713692181, 0.9789058952630113, 0.5831720215507034, 0.8827755002638296, 0.26718856268402225, 0.6091893754242306, 0.4714894478339869, 0.004858646965561736], BATTLES: 308-212-179-389-307-258-421-347-261-
31, 9, -2650.0, [0.44144805383142344, 0.8777088857030719, 0.013173001083852864, 0.03589783227836998, 0.8183948703825834, 0.9649143080951685, 0.011804671327486586, 0.09634476945267935, 0.5877655027209641, 0.569860020254953, 0.8617208978754302, 0.0028421836308328463, 0.9841662861545205, 0.6048611471641299, 0.15543547986770773, 0.23669380412936614, 0.09742959624416618, 0.9570457050420869, 0.008341599334493386, 0.5953573433372642, 0.8496580228565969, 0.8939373507880549, 0.7912175010152412, 0.6077262898085241, 0.9913220826908545, 0.036397469133340646, 0.689921214005937, 0.7521345860872135, 0.1312495854978793, 0.6108122630920191, 0.8165624508509749, 0.9856033713806275, 0.9397655249615716, 0.4499957351607211, 0.7013141524249499, 0.9872121718901552, 0.731673328043533, 0.1342136804327661, 0.8195359570227958, 0.18727606946552408, 0.011106424386650403, 0.16553150272234823, 0.8797047806498576, 0.7940367159609119, 0.5938280470877473, 0.1682322855449765, 0.35653924986233526, 0.10323650694565334, 0.7688217784458438, 0.14379230728722783, 0.856507532860415, 0.06585432903016245, 0.07230716872879081, 0.13883196544678797, 0.8954098021698038, 0.6965949003615688, 0.9042673855593408, 0.33567088143815527, 0.9522383145756624, 0.50570562325521, 0.3522387068225894, 0.6157139233413972, 0.12341573005836112], BATTLES: 297-200-203-391-281-275-396-285-322-
31, 10, -2675.0, [0.2080048978234425, 0.8164387852711, 0.049607422915257035, 0.0025110271150062535, 0.8262152211934634, 0.9887314299308365, 0.015499203553016974, 0.1466406609944928, 0.1738937266000743, 0.4648796243437831, 0.7826742556095443, 0.0017341102913133143, 0.9954293493753026, 0.5721051998967711, 0.26269732490556874, 0.11438647597065399, 0.1226101628329786, 0.8729543623938514, 0.03690971489551555, 0.3925382952679698, 0.43987908645361484, 0.920783379644173, 0.9425195033529239, 0.5739606624775977, 0.9680932233735555, 0.48918619757780013, 0.9736303103645476, 0.7442214163283214, 0.1158267411855343, 0.1773129472047159, 0.9497821338648295, 0.9924229449579209, 0.9288717448393052, 0.05157398567759919, 0.8973161846763398, 0.9611293624453807, 0.8245897873831862, 0.0836441658448244, 0.7846357314867365, 0.07966618578616488, 0.03712533519213415, 0.02616614044479862, 0.718807566840605, 0.8222563906808583, 0.8551293641969109, 0.16112031391357404, 0.3244602425079665, 0.10048335556104321, 0.997243986773142, 0.1250756938349116, 0.720087181575647, 0.11510303023135618, 0.17494261780926573, 0.293555003033129, 0.8572001748192639, 0.7138961894817439, 0.7970552403233556, 0.9043805630409014, 0.8928384825781908, 0.003932457000660916, 0.8735756831216454, 0.19336784714252142, 0.05352327722167983], BATTLES: 306-202-182-379-292-238-432-364-280-
31, 11, -2648.0, [0.420983820701727, 0.9016275759637954, 0.03336708550701699, 0.059511249769005764, 0.9216575598513859, 0.9417357785798858, 0.04084977876222412, 0.11605758086882685, 0.5699609098058626, 0.7120652637888313, 0.822090760860738, 0.02008054427684273, 0.9733571791089486, 0.49314180261748575, 0.09895387155782016, 0.09951492321685708, 0.08739031517125606, 0.9384956847973942, 0.04198181922373019, 0.6256452826121491, 0.8145565480526832, 0.9594626407329884, 0.7447031070512153, 0.5156592305990447, 0.9808554965324114, 0.07758404354073384, 0.8848141402987052, 0.8013084301404132, 0.06590218855413699, 0.45497395584285133, 0.7757289726440249, 0.9986153384677717, 0.990516873493371, 0.4684515121841957, 0.6636230926967482, 0.9935405144813444, 0.7517182104787632, 0.06638053176870612, 0.8036331261823548, 0.0626842533542683, 0.005274014854056763, 0.07729748765957273, 0.9431519564366689, 0.6659673862674834, 0.6837314781236393, 0.17218938381488552, 0.039916651774958456, 0.13398828104188643, 0.8098838383523127, 0.1598190046457351, 0.8081200583216566, 0.07145028705526318, 0.09862136696081397, 0.049924980630547636, 0.8577895269705079, 0.6664521849621703, 0.8129304733825841, 0.2393939202323564, 0.9792762572181395, 0.5930057005712347, 0.2189033900186595, 0.5049542395397141, 0.11705277293163], BATTLES: 281-195-184-405-286-264-394-272-296-
31, 12, -2664.0, [0.37496307889296987, 0.9142584095266073, 0.008105802699326141, 0.05221081068345386, 0.774875440224083, 0.86449252400256, 0.01430626942759701, 0.01833853586519875, 0.7692535583153315, 0.6367246369561516, 0.9779985451890406, 0.005094762329396334, 0.985276101895057, 0.4041533532901048, 0.2163685825260469, 0.03464333866531836, 0.06984595214357187, 0.8315705320735343, 0.12769700608018503, 0.7847731898803694, 0.7741252119414739, 0.9910265211500326, 0.7832250116155218, 0.5268081072902541, 0.96034603366469, 0.13524582288968723, 0.8980498228544426, 0.7902118255939222, 0.27516409840742284, 0.3880698607131122, 0.841973617562157, 0.9991732266519971, 0.9949818728350937, 0.28883358148672555, 0.7432870030910975, 0.9529706221340394, 0.39407125932284404, 0.04958485745214289, 0.39363735976645936, 0.013591229564129503, 0.008659366056124303, 0.04240362771422432, 0.8741929784446989, 0.7453138583969621, 0.7556204039229701, 0.015938692527797768, 0.2325629776736061, 0.2479465876530724, 0.9820572037314744, 0.14606212893634002, 0.9556504690197266, 0.10450413967743817, 0.06726201430723353, 0.5421424797412944, 0.9798679292750133, 0.7092657969867678, 0.8396974345533383, 0.5996160909179341, 0.997070814140543, 0.22438417930838883, 0.4311719716519053, 0.48946225204831717, 0.022765975500804628], BATTLES: 295-195-201-377-312-320-359-287-318-
31, 13, -2681.0, [0.36318596132531383, 0.878703601080387, 0.05027938089401068, 0.03415167804567631, 0.7825232648201641, 0.9761413413528197, 0.02668074030547269, 0.06700165473018882, 0.520714150012387, 0.5377294308416006, 0.8380279381695779, 0.02852293174038322, 0.9568472450367504, 0.6680023324757689, 0.24362005251695226, 0.16669559380923848, 0.12034521298897656, 0.8028977168147355, 0.04083169907072035, 0.6975028899263164, 0.8567040089479699, 0.869993036290516, 0.8365953097853762, 0.5475709180156372, 0.9871655614088999, 0.11617331944381026, 0.9435009764173581, 0.6836061580576424, 0.2328610275586442, 0.09352835682967106, 0.7929246520162279, 0.998509415170195, 0.9728363315105176, 0.19141548671837158, 0.7176764145985255, 0.9905494549885405, 0.41768033948517735, 0.1501503758901762, 0.7672620383669104, 0.07811275713549012, 0.021052530786477373, 0.04857461886009448, 0.7648932514111495, 0.8029973415250942, 0.5904130782443664, 0.17795797471878513, 0.1513633952101976, 0.16167262783088587, 0.8961433046218996, 0.10254922365490773, 0.8878576735837456, 0.15500437985336002, 0.04763695168361134, 0.08028999160575784, 0.9308775755591769, 0.8068949655259126, 0.8618182752119695, 0.4384622504649444, 0.902125418349703, 0.48618683885795805, 0.44347513536959476, 0.5473415149293585, 0.01445013892461644], BATTLES: 296-204-217-402-306-264-384-295-313-
31, 14, -2580.0, [0.401841864784914, 0.9308481357020307, 0.016498288005140395, 0.0415078777931326, 0.7739598986964071, 0.9848370538018143, 0.10923991991249163, 0.05635906005625478, 0.5156563918611365, 0.23018958337378917, 0.834834335207795, 0.04803963423027825, 0.9875792527819564, 0.4353291607930355, 0.14290441782055305, 0.05292884416696252, 0.0591509679282618, 0.8776201971769163, 0.014630289938491123, 0.8225525361850019, 0.9843333848529139, 0.9765650058408679, 0.9664811419626448, 0.6952765515111283, 0.918721086761926, 0.233624950004051, 0.8560980648014582, 0.5037109247550314, 0.09206635018803314, 0.3024134875685966, 0.8889547180796515, 0.9579134074060404, 0.9776508009981525, 0.3978594694639069, 0.685606602431705, 0.9894760802500493, 0.7250625680726488, 0.10557021364597997, 0.44048365539860146, 0.1027975276681714, 0.03148658025189452, 0.07828247775344557, 0.9165112930515682, 0.8675519795605557, 0.7397993636117447, 0.043334942866956404, 0.6562980701833064, 0.06167751857480813, 0.600536133407813, 0.012769060022032964, 0.9353908922294388, 0.12037392933883159, 0.1901167024264591, 0.06489239043316697, 0.8809502063959636, 0.6150718517177218, 0.9270029477908522, 0.43368161155841684, 0.9575875005566805, 0.43994076345747674, 0.5622790181893863, 0.5199378426977781, 0.07418724971344032], BATTLES: 302-170-147-397-297-242-409-331-285-
32, 0, -2653.0, [0.38575539558663596, 0.7668494579987432, 0.0429827184773454, 0.049875849857320124, 0.7640729220819266, 0.9015669920385891, 0.0005741210607711532, 0.047798409053379474, 0.4636507092295967, 0.5171465534590027, 0.8833614934088023, 0.03969977067389816, 0.9511220138685056, 0.4828384897487539, 0.13267927046770933, 0.04726900592496114, 0.11583805134457754, 0.8438725204310967, 0.1044189986162555, 0.5633900815049822, 0.9168449649014541, 0.8218396488547322, 0.7054238035075645, 0.570189883945391, 0.9943762945710947, 0.06274539626096423, 0.855788438689167, 0.7765595016446962, 0.13325320603962312, 0.11061863659796675, 0.8896149716532332, 0.9491587650324446, 0.9950972502669219, 0.7401517822952204, 0.8817660900097716, 0.9735296139978977, 0.9901701387965147, 0.22263051388805966, 0.5077726144761844, 0.030998737915848534, 0.045729650427648455, 0.14970919764590168, 0.8589028966073494, 0.7642491010631032, 0.7364398065698833, 0.20050393512763048, 0.3240209215327105, 0.10911766064452427, 0.8770446323606869, 0.05658498947979849, 0.8437710906007135, 0.06645821679032178, 0.16000659300049785, 0.3692079255088274, 0.8570373170289577, 0.7085292952613802, 0.8618800318820198, 0.4681773635822932, 0.9662247928051986, 0.30140282722095163, 0.3289542338639556, 0.47751292878838386, 0.01501054953829016], BATTLES: 280-203-199-403-310-249-382-308-309-
32, 1, -2677.0, [0.24236358610036587, 0.8231065224832799, 0.051421400395639506, 0.03485785477326426, 0.8676432963981123, 0.9259970306825992, 0.005649822633058969, 0.12784665729163694, 0.26642993264975934, 0.5195941415250874, 0.9176071052696279, 0.06448969219218761, 0.9609952373182284, 0.5484143312311482, 0.18261703847620211, 0.2480596684668791, 0.1514276782899452, 0.5970067829185847, 0.117004790856823, 0.42399401554743454, 0.8815908002460038, 0.9701564361428441, 0.8373258528121238, 0.49180019273855996, 0.9999351018411309, 0.214949029403221, 0.9709678439408248, 0.6812817346645522, 0.1254120669170521, 0.1936462355017995, 0.7468429170636229, 0.956380862098983, 0.9799743776018253, 0.45374633436661893, 0.9634083553882498, 0.9099736254610038, 0.6995641312241553, 0.15745861196216746, 0.9585990187428635, 0.0014294748250417155, 0.0024004641738113557, 0.04526636331123006, 0.9137183165282471, 0.8353278659010748, 0.8718505628407551, 0.1247731175896752, 0.1378597020662849, 0.1299140618589778, 0.8130231750045365, 0.12156070201998556, 0.8777796191156001, 0.05168764873080947, 0.16599357244153368, 0.16665394822514917, 0.8626673225666663, 0.6265301359326404, 0.756162979861044, 0.596108027748227, 0.9140664237546092, 0.23394785145080077, 0.6177925421863588, 0.468542113237512, 0.05479402489803686], BATTLES: 305-211-175-372-308-260-420-344-282-
32, 2, -2698.0, [0.3249280128682055, 0.8553119529924669, 0.041152993605369705, 0.03299902195790323, 0.7668042430165023, 0.9702268971304634, 0.008824080266824456, 0.07592694556708414, 0.29430612645661414, 0.4692141397336836, 0.9165232573914519, 0.0021609686494137026, 0.9851580992737492, 0.44899317110801706, 0.18590573332000476, 0.0346361005048769, 0.055475409611884546, 0.887666461919279, 0.0008046975871988937, 0.5750047682303239, 0.4986697902490796, 0.8628702404714952, 0.9753457254184739, 0.48633958240501446, 0.9702171572952428, 0.34185573586723084, 0.93170585610843, 0.8411143883044347, 0.2052343428065163, 0.18421511579183728, 0.9201234285281585, 0.9878553398604242, 0.9764160954233942, 0.3339416459598581, 0.8745154353978208, 0.9537190053366645, 0.8087119944295403, 0.07445620503019085, 0.6027927179930067, 0.04595716127753152, 0.019762602621943307, 0.07311764232459689, 0.7323212449551507, 0.7685891911466064, 0.7264467277388955, 0.15477344957706024, 0.4054946530846392, 0.10786445196222055, 0.9720075565671327, 0.0781373760806828, 0.8013583016333726, 0.1374378777877698, 0.13831178728490237, 0.295447334103295, 0.9440860267840725, 0.7422200722077936, 0.7660445590969566, 0.7521280091925153, 0.9497902362223769, 0.12085554442894453, 0.783509723874024, 0.2585187290595062, 0.01995119240172022], BATTLES: 314-210-184-389-307-272-414-331-277-
32, 3, -2564.0, [0.38297104740042, 0.847740209320653, 0.028498896863419176, 0.04411650146314613, 0.7940508291307636, 0.8440722713667665, 0.003325369627517641, 0.09464584397198808, 0.36433027133760676, 0.4831318363089416, 0.818560102173686, 0.012135554058735022, 0.999379333705515, 0.388900847524437, 0.17932211997670844, 0.022185615566945725, 0.0105067669137335, 0.973422071682432, 0.06252252359632168, 0.6475837883723532, 0.9118586642893268, 0.9549303289989663, 0.9150527960358124, 0.5907909583650583, 0.9667178435140305, 0.14523440469259769, 0.7937831804210748, 0.7657694265543131, 0.05444895818187703, 0.4824142586582818, 0.9923286234346365, 0.993079401818515, 0.9428631314857041, 0.3578733149721212, 0.76957214379776, 0.9826652168552721, 0.8343725818697526, 0.03677409384035393, 0.2990611038235829, 0.027033926935333904, 0.019378739064282183, 0.005848469524884617, 0.9752100620481366, 0.7868577629248636, 0.9211020981370653, 0.010551300475124778, 0.012174493837583455, 0.211790446552206, 0.9848401453063891, 0.06420421681792168, 0.8746217255603228, 0.14549271121181095, 0.09369607383606679, 0.6825132307357269, 0.8664113819262841, 0.746325336518203, 0.8547773526676326, 0.7196317131741399, 0.982656181414479, 0.20982076815146794, 0.5426805115063874, 0.46414715956190583, 0.023387615101730756], BATTLES: 288-174-162-359-305-242-398-357-279-
32, 4, -2624.0, [0.36913950325786654, 0.7814644991121006, 0.010011015859306036, 0.004687706316548648, 0.8474434816057792, 0.9403806254258431, 0.06832516500179737, 0.12983791496979472, 0.44632096968046947, 0.38742392255838115, 0.7665648518919398, 0.0047881921175410725, 0.9946862277606499, 0.610774028412385, 0.16107205006505299, 0.14429400816425783, 0.06194915552842832, 0.9417477163061809, 0.053012893355567914, 0.7258755961516153, 0.7298425095324581, 0.792266445286293, 0.8179132858251468, 0.701968727177281, 0.9532027287134441, 0.12796035083792548, 0.9367836528537311, 0.6557173483950736, 0.11301536644017471, 0.3379368570162402, 0.8853685323148468, 0.9876547077515518, 0.9859842494112776, 0.5974052219311605, 0.7196395310873843, 0.9763828141045261, 0.9045401025994108, 0.11084673418396797, 0.8032137549519175, 0.028123026653329573, 0.00898737741778653, 0.1413196619133202, 0.7963793419367319, 0.7996052442556679, 0.7616992290253366, 0.04497196651945151, 0.12968973418507726, 0.05489947706103404, 0.840350939971953, 0.11561745307730416, 0.8362894700826746, 0.06545010912258684, 0.0901731346515739, 0.09360325009013624, 0.8873405489958357, 0.6742707123752447, 0.9542946065495486, 0.5308808097193692, 0.9923364152890775, 0.4278697099435864, 0.12060110791698053, 0.4689309629561189, 0.11167403466279704], BATTLES: 281-173-189-395-289-281-406-332-278-
32, 5, -2594.0, [0.5108217228130735, 0.9087875711121536, 0.011890108133020844, 0.05559344178705458, 0.7534971645007382, 0.9559760911599003, 0.04879989043699744, 0.059541242967024476, 0.5010591755352676, 0.41993117492084076, 0.7904104466118129, 0.024959186591794354, 0.9549070402299442, 0.566130996050441, 0.3289182458882163, 0.1799164320809107, 0.08461276979082308, 0.9882537849583489, 0.1530119263429114, 0.8431887868436356, 0.7071981882056225, 0.7913255121687836, 0.9726145381389929, 0.5815979814906393, 0.9391716644738424, 0.2079253456656938, 0.9539111582983287, 0.8674616337223502, 0.1728888796742712, 0.1594902265978312, 0.821324760605339, 0.9842967369163204, 0.9155210598697179, 0.27921574326562, 0.7676477144272374, 0.9627074543441095, 0.8386037486487167, 0.051150610115584, 0.3089430434325957, 0.0014350340117300908, 0.009391215204813445, 0.0007888026925531796, 0.9774179860809113, 0.7366203326843848, 0.7950561754967985, 0.23632626155302394, 0.07676215633777755, 0.21365620515203332, 0.9957869614344056, 0.10798660145250656, 0.8578267891497385, 0.1103496946431052, 0.11799069057826349, 0.4224470417113319, 0.922175312250409, 0.6093798448410235, 0.7415744391315227, 0.7033005915539046, 0.9550143897635145, 0.3834224475473228, 0.7495316282980807, 0.41602805202124277, 0.07180563859977289], BATTLES: 285-179-162-398-275-267-415-317-296-
32, 6, -2617.0, [0.3232587713810981, 0.9265649282688246, 0.045004928567465644, 0.019181011929890197, 0.7072148973588392, 0.8910401959099913, 0.023570041778683708, 0.1053005169784673, 0.4388750650583352, 0.34188741329426, 0.7538251590664378, 0.0065026770001102956, 0.9924523075959141, 0.41666075400741326, 0.3143794551067266, 0.06474941567517474, 0.034490429853574686, 0.971829079293706, 0.06512145014610025, 0.6465554995360788, 0.8457375578567474, 0.7270230726938203, 0.8629325136285241, 0.7186503871479011, 0.9311758853467508, 0.2566088842906531, 0.8968564950072145, 0.6547923605485617, 0.06349178291170945, 0.20499537364643625, 0.9674160044440857, 0.9975601207517533, 0.9569807764944827, 0.3792058422446245, 0.7605531292364782, 0.9764535119999566, 0.9274599503197051, 0.09507534217986767, 0.5950128485769207, 0.02443843009658761, 0.07026383096554571, 0.10675381466397607, 0.9472136730143926, 0.7872005958009031, 0.6413508917704442, 0.0701565881286822, 0.3585600508235776, 0.11398038165717343, 0.9793727341551899, 0.1793758446347431, 0.927181066052208, 0.09840477313667474, 0.11113606370676979, 0.3807349983518994, 0.8239197898594999, 0.785029448206513, 0.8671508941418776, 0.5511782001631806, 0.9469775436536128, 0.4297043501240232, 0.5930170428132524, 0.5006294867120387, 0.11746316508850671], BATTLES: 296-168-169-401-311-247-393-337-295-
32, 7, -2626.0, [0.3936751615166847, 0.7433943627385251, 0.032956694444317744, 0.060340466574473936, 0.8764112906349694, 0.9168059146634171, 0.012008787293756098, 0.10035505902995008, 0.3825931395192854, 0.4500810828005837, 0.8103271819326748, 0.006028053812858129, 0.9911958800444927, 0.464546806700604, 0.0741996088261494, 0.08609684192611194, 0.0652257033846271, 0.9151855160068114, 0.018408553098323073, 0.6011661855421716, 0.5747950032591922, 0.9150050284496356, 0.8672762257750389, 0.6048744744879458, 0.9586573667467866, 0.3185563458665882, 0.7434530048291473, 0.9885612242902253, 0.00723173372865827, 0.5170462968140557, 0.9420821320106505, 0.9918789149889857, 0.9385228584148241, 0.43431765305064596, 0.7970020572489107, 0.9786906028797298, 0.8379107578831667, 0.16218094019913176, 0.8074074862062484, 0.1056710543487604, 0.06347023078680422, 0.14289640015464, 0.878507295566574, 0.8751789040839268, 0.6281777944543755, 0.09435585639308783, 0.33509921638267154, 0.1639255713247696, 0.8402067455599407, 0.05573378295281868, 0.7573408754968551, 0.06348929200813005, 0.07423394846991516, 0.28680383160703243, 0.8324937443024014, 0.6625347950599162, 0.8473679060803451, 0.6470802946694614, 0.9979453063619453, 0.41573538755951944, 0.5680079542385058, 0.4356458679800144, 0.019439521419263913], BATTLES: 279-211-161-390-283-255-412-341-294-
32, 8, -2648.0, [0.38628934826729344, 0.7776314122451305, 0.04468771022993345, 0.017972284887893354, 0.7270460331102322, 0.9376030965263152, 0.008252887225746406, 0.12249621944365438, 0.3206055900541527, 0.4900690720094416, 0.8462329594053013, 0.00766025648816182, 0.9925909351648305, 0.5828819536881777, 0.25886204614061087, 0.015280429771888697, 0.02698349797703882, 0.9960013266298369, 0.04441164522562423, 0.453084441446728, 0.652298685608555, 0.939865485987164, 0.6931296491666874, 0.5882287896034425, 0.9822937488916641, 0.15503941360606516, 0.8747178350129003, 0.5847647161773599, 0.08239317970800233, 0.09828501835939965, 0.9812503154461634, 0.983813869780268, 0.964752748963156, 0.6339485374278176, 0.7865196868529678, 0.9516391807463089, 0.960769714893138, 0.20178732082479248, 0.8192108158646216, 0.2142219858332141, 0.07193641373582838, 0.08145026056801806, 0.6904034405499849, 0.8120813462794249, 0.7438206687581822, 0.11477164494958472, 0.49578151765933004, 0.06186650362768716, 0.8621973792082669, 0.06049246634672397, 0.889547106414091, 0.07832813714296845, 0.10304234776088284, 0.17927488331942593, 0.8361101968619382, 0.8837975713692181, 0.9789058952630113, 0.5831720215507034, 0.8827755002638296, 0.26718856268402225, 0.6091893754242306, 0.4714894478339869, 0.004858646965561736], BATTLES: 286-205-167-399-285-241-440-344-281-
32, 9, -2609.0, [0.44144805383142344, 0.8777088857030719, 0.013173001083852864, 0.03589783227836998, 0.8183948703825834, 0.9649143080951685, 0.011804671327486586, 0.09634476945267935, 0.5877655027209641, 0.569860020254953, 0.8617208978754302, 0.0028421836308328463, 0.9841662861545205, 0.6048611471641299, 0.15543547986770773, 0.23669380412936614, 0.09742959624416618, 0.9570457050420869, 0.008341599334493386, 0.5953573433372642, 0.8496580228565969, 0.8939373507880549, 0.7912175010152412, 0.6077262898085241, 0.9913220826908545, 0.036397469133340646, 0.689921214005937, 0.7521345860872135, 0.1312495854978793, 0.6108122630920191, 0.8165624508509749, 0.9856033713806275, 0.9397655249615716, 0.4499957351607211, 0.7013141524249499, 0.9872121718901552, 0.731673328043533, 0.1342136804327661, 0.8195359570227958, 0.18727606946552408, 0.011106424386650403, 0.16553150272234823, 0.8797047806498576, 0.7940367159609119, 0.5938280470877473, 0.1682322855449765, 0.35653924986233526, 0.10323650694565334, 0.7688217784458438, 0.14379230728722783, 0.856507532860415, 0.06585432903016245, 0.07230716872879081, 0.13883196544678797, 0.8954098021698038, 0.6965949003615688, 0.9042673855593408, 0.33567088143815527, 0.9522383145756624, 0.50570562325521, 0.3522387068225894, 0.6157139233413972, 0.12341573005836112], BATTLES: 289-189-178-399-292-266-408-277-311-
32, 10, -2686.0, [0.2080048978234425, 0.8164387852711, 0.049607422915257035, 0.0025110271150062535, 0.8262152211934634, 0.9887314299308365, 0.015499203553016974, 0.1466406609944928, 0.1738937266000743, 0.4648796243437831, 0.7826742556095443, 0.0017341102913133143, 0.9954293493753026, 0.5721051998967711, 0.26269732490556874, 0.11438647597065399, 0.1226101628329786, 0.8729543623938514, 0.03690971489551555, 0.3925382952679698, 0.43987908645361484, 0.920783379644173, 0.9425195033529239, 0.5739606624775977, 0.9680932233735555, 0.48918619757780013, 0.9736303103645476, 0.7442214163283214, 0.1158267411855343, 0.1773129472047159, 0.9497821338648295, 0.9924229449579209, 0.9288717448393052, 0.05157398567759919, 0.8973161846763398, 0.9611293624453807, 0.8245897873831862, 0.0836441658448244, 0.7846357314867365, 0.07966618578616488, 0.03712533519213415, 0.02616614044479862, 0.718807566840605, 0.8222563906808583, 0.8551293641969109, 0.16112031391357404, 0.3244602425079665, 0.10048335556104321, 0.997243986773142, 0.1250756938349116, 0.720087181575647, 0.11510303023135618, 0.17494261780926573, 0.293555003033129, 0.8572001748192639, 0.7138961894817439, 0.7970552403233556, 0.9043805630409014, 0.8928384825781908, 0.003932457000660916, 0.8735756831216454, 0.19336784714252142, 0.05352327722167983], BATTLES: 306-206-166-400-287-264-430-359-268-
32, 11, -2704.0, [0.420983820701727, 0.9016275759637954, 0.03336708550701699, 0.059511249769005764, 0.9216575598513859, 0.9417357785798858, 0.04084977876222412, 0.11605758086882685, 0.5699609098058626, 0.7120652637888313, 0.822090760860738, 0.02008054427684273, 0.9733571791089486, 0.49314180261748575, 0.09895387155782016, 0.09951492321685708, 0.08739031517125606, 0.9384956847973942, 0.04198181922373019, 0.6256452826121491, 0.8145565480526832, 0.9594626407329884, 0.7447031070512153, 0.5156592305990447, 0.9808554965324114, 0.07758404354073384, 0.8848141402987052, 0.8013084301404132, 0.06590218855413699, 0.45497395584285133, 0.7757289726440249, 0.9986153384677717, 0.990516873493371, 0.4684515121841957, 0.6636230926967482, 0.9935405144813444, 0.7517182104787632, 0.06638053176870612, 0.8036331261823548, 0.0626842533542683, 0.005274014854056763, 0.07729748765957273, 0.9431519564366689, 0.6659673862674834, 0.6837314781236393, 0.17218938381488552, 0.039916651774958456, 0.13398828104188643, 0.8098838383523127, 0.1598190046457351, 0.8081200583216566, 0.07145028705526318, 0.09862136696081397, 0.049924980630547636, 0.8577895269705079, 0.6664521849621703, 0.8129304733825841, 0.2393939202323564, 0.9792762572181395, 0.5930057005712347, 0.2189033900186595, 0.5049542395397141, 0.11705277293163], BATTLES: 291-209-193-400-317-259-394-336-305-
32, 12, -2696.0, [0.37496307889296987, 0.9142584095266073, 0.008105802699326141, 0.05221081068345386, 0.774875440224083, 0.86449252400256, 0.01430626942759701, 0.01833853586519875, 0.7692535583153315, 0.6367246369561516, 0.9779985451890406, 0.005094762329396334, 0.985276101895057, 0.4041533532901048, 0.2163685825260469, 0.03464333866531836, 0.06984595214357187, 0.8315705320735343, 0.12769700608018503, 0.7847731898803694, 0.7741252119414739, 0.9910265211500326, 0.7832250116155218, 0.5268081072902541, 0.96034603366469, 0.13524582288968723, 0.8980498228544426, 0.7902118255939222, 0.27516409840742284, 0.3880698607131122, 0.841973617562157, 0.9991732266519971, 0.9949818728350937, 0.28883358148672555, 0.7432870030910975, 0.9529706221340394, 0.39407125932284404, 0.04958485745214289, 0.39363735976645936, 0.013591229564129503, 0.008659366056124303, 0.04240362771422432, 0.8741929784446989, 0.7453138583969621, 0.7556204039229701, 0.015938692527797768, 0.2325629776736061, 0.2479465876530724, 0.9820572037314744, 0.14606212893634002, 0.9556504690197266, 0.10450413967743817, 0.06726201430723353, 0.5421424797412944, 0.9798679292750133, 0.7092657969867678, 0.8396974345533383, 0.5996160909179341, 0.997070814140543, 0.22438417930838883, 0.4311719716519053, 0.48946225204831717, 0.022765975500804628], BATTLES: 294-204-205-376-319-287-375-310-326-
32, 13, -2686.0, [0.34327588711556517, 0.7891887080008344, 0.05027938089401068, 0.046287316833951944, 0.8291760742205191, 0.9903604652570484, 0.020651940738640472, 0.07885144489643123, 0.4061271264605395, 0.48873828480146303, 0.8719195351359352, 0.015837711570085133, 0.966855231248497, 0.5988500129000172, 0.196049154328802, 0.13382376434193874, 0.12034521298897656, 0.8028977168147355, 0.008244979988931426, 0.6251640700310855, 0.48936027161014706, 0.9769518511595082, 0.8511928140351707, 0.5248288124357222, 0.9751023394909294, 0.11617331944381026, 0.9110668139386584, 0.8766902814119825, 0.1334205155614053, 0.22594365112199827, 0.8300431658966206, 0.998509415170195, 0.970463352166595, 0.24725327088602592, 0.8089108224922879, 0.9905494549885405, 0.5930908406205949, 0.1741296590709751, 0.9331337273587759, 0.07811275713549012, 0.04169818710732627, 0.04857461886009448, 0.7244828843636929, 0.9018878555087698, 0.55121742941993, 0.2021090036132691, 0.1513633952101976, 0.1730866737249734, 0.862971988600745, 0.08668820771977617, 0.8170506182927219, 0.10697607893313099, 0.029174044169530643, 0.04014499580287892, 0.894793548909118, 0.8328790838591661, 0.8136766044272752, 0.4384622504649444, 0.9398662297573671, 0.48618683885795805, 0.6197102609714318, 0.3321731415569212, 0.00722506946230822], BATTLES: 296-200-192-386-305-256-386-295-310-
32, 14, -2663.0, [0.401841864784914, 0.9308481357020307, 0.016498288005140395, 0.0415078777931326, 0.7739598986964071, 0.9848370538018143, 0.10923991991249163, 0.05635906005625478, 0.5156563918611365, 0.23018958337378917, 0.834834335207795, 0.04803963423027825, 0.9875792527819564, 0.4353291607930355, 0.14290441782055305, 0.05292884416696252, 0.0591509679282618, 0.8776201971769163, 0.014630289938491123, 0.8225525361850019, 0.9843333848529139, 0.9765650058408679, 0.9664811419626448, 0.6952765515111283, 0.918721086761926, 0.233624950004051, 0.8560980648014582, 0.5037109247550314, 0.09206635018803314, 0.3024134875685966, 0.8889547180796515, 0.9579134074060404, 0.9776508009981525, 0.3978594694639069, 0.685606602431705, 0.9894760802500493, 0.7250625680726488, 0.10557021364597997, 0.44048365539860146, 0.1027975276681714, 0.03148658025189452, 0.07828247775344557, 0.9165112930515682, 0.8675519795605557, 0.7397993636117447, 0.043334942866956404, 0.6562980701833064, 0.06167751857480813, 0.600536133407813, 0.012769060022032964, 0.9353908922294388, 0.12037392933883159, 0.1901167024264591, 0.06489239043316697, 0.8809502063959636, 0.6150718517177218, 0.9270029477908522, 0.43368161155841684, 0.9575875005566805, 0.43994076345747674, 0.5622790181893863, 0.5199378426977781, 0.07418724971344032], BATTLES: 315-205-171-380-296-230-409-338-319-
33, 0, -2647.0, [0.36043707376600864, 0.7668494579987432, 0.04231732550764809, 0.05153155003152597, 0.7688006876569224, 0.9015669920385891, 0.0005741210607711532, 0.06400706967411121, 0.4636507092295967, 0.5171465534590027, 0.8833614934088023, 0.008578539983011703, 0.9511220138685056, 0.390174991580022, 0.13267927046770933, 0.042674956523261406, 0.09388673065343882, 0.870536532053821, 0.06141847939087924, 0.5664933212848549, 0.7704697530650337, 0.8218396488547322, 0.7054238035075645, 0.570189883945391, 0.9855906457866704, 0.06274539626096423, 0.855788438689167, 0.8000353631804338, 0.16455078653948113, 0.13738254006789025, 0.8896149716532332, 0.9659145667997785, 0.9950972502669219, 0.5529003757446375, 0.8817660900097716, 0.9735296139978977, 0.9241815437867467, 0.22263051388805966, 0.5077726144761844, 0.030998737915848534, 0.024836214054423808, 0.09332059852142147, 0.8375685886161909, 0.7642491010631032, 0.7364398065698833, 0.20050393512763048, 0.3240209215327105, 0.10911766064452427, 0.8770446323606869, 0.0512879149396756, 0.8437710906007135, 0.11114384497412895, 0.19737775513482334, 0.342384341420493, 0.8741687772142814, 0.6228144840948593, 0.8618800318820198, 0.4681773635822932, 0.975671863679799, 0.31770302376247833, 0.49425669655793814, 0.47751292878838386, 0.016807250822435574], BATTLES: 299-208-169-394-289-269-387-330-296-
33, 1, -2648.0, [0.34297819533509566, 0.9023468512762071, 0.033978924575269964, 0.05145943822662497, 0.9338216481990562, 0.9259970306825992, 0.024501403046530538, 0.18249658507018554, 0.26642993264975934, 0.7826282424823018, 0.8525067174187295, 0.03895591482756883, 0.9609952373182284, 0.5484143312311482, 0.18261703847620211, 0.18979725887372398, 0.1514276782899452, 0.5970067829185847, 0.029293964408790556, 0.42399401554743454, 0.8321735129662879, 0.985078218071422, 0.8373258528121238, 0.49180019273855996, 0.9999351018411309, 0.1074745147016105, 0.8610671200499798, 0.8661422289746797, 0.06270603345852604, 0.1936462355017995, 0.7468429170636229, 0.9873863677439612, 0.9887577585460458, 0.4867081594725075, 0.7616551488749232, 0.9898934801470803, 0.9474115759627203, 0.0766507334531322, 0.9585990187428635, 0.0014294748250417155, 0.0012002320869056778, 0.011864679169476776, 0.9137183165282471, 0.8353278659010748, 0.8718505628407551, 0.151218825968064, 0.1378597020662849, 0.17360802026246716, 0.8130231750045365, 0.12833583676427904, 0.7154299005191751, 0.04323467343643905, 0.16599357244153368, 0.08332697411257459, 0.8626673225666663, 0.5959810801060721, 0.7042847284644609, 0.27094751528466265, 0.9140664237546092, 0.49567433518662896, 0.6177925421863588, 0.468542113237512, 0.05479402489803686], BATTLES: 295-190-181-392-303-258-396-333-296-
33, 2, -2587.0, [0.3249280128682055, 0.8553119529924669, 0.041152993605369705, 0.03299902195790323, 0.7668042430165023, 0.9702268971304634, 0.008824080266824456, 0.07592694556708414, 0.29430612645661414, 0.4692141397336836, 0.9165232573914519, 0.0021609686494137026, 0.9851580992737492, 0.44899317110801706, 0.18590573332000476, 0.0346361005048769, 0.055475409611884546, 0.887666461919279, 0.0008046975871988937, 0.5750047682303239, 0.4986697902490796, 0.8628702404714952, 0.9753457254184739, 0.48633958240501446, 0.9702171572952428, 0.34185573586723084, 0.93170585610843, 0.8411143883044347, 0.2052343428065163, 0.18421511579183728, 0.9201234285281585, 0.9878553398604242, 0.9764160954233942, 0.3339416459598581, 0.8745154353978208, 0.9537190053366645, 0.8087119944295403, 0.07445620503019085, 0.6027927179930067, 0.04595716127753152, 0.019762602621943307, 0.07311764232459689, 0.7323212449551507, 0.7685891911466064, 0.7264467277388955, 0.15477344957706024, 0.4054946530846392, 0.10786445196222055, 0.9720075565671327, 0.0781373760806828, 0.8013583016333726, 0.1374378777877698, 0.13831178728490237, 0.295447334103295, 0.9440860267840725, 0.7422200722077936, 0.7660445590969566, 0.7521280091925153, 0.9497902362223769, 0.12085554442894453, 0.783509723874024, 0.2585187290595062, 0.01995119240172022], BATTLES: 284-186-178-392-274-252-415-332-274-
33, 3, -2580.0, [0.38297104740042, 0.847740209320653, 0.028498896863419176, 0.04411650146314613, 0.7940508291307636, 0.8440722713667665, 0.003325369627517641, 0.09464584397198808, 0.36433027133760676, 0.4831318363089416, 0.818560102173686, 0.012135554058735022, 0.999379333705515, 0.388900847524437, 0.17932211997670844, 0.022185615566945725, 0.0105067669137335, 0.973422071682432, 0.06252252359632168, 0.6475837883723532, 0.9118586642893268, 0.9549303289989663, 0.9150527960358124, 0.5907909583650583, 0.9667178435140305, 0.14523440469259769, 0.7937831804210748, 0.7657694265543131, 0.05444895818187703, 0.4824142586582818, 0.9923286234346365, 0.993079401818515, 0.9428631314857041, 0.3578733149721212, 0.76957214379776, 0.9826652168552721, 0.8343725818697526, 0.03677409384035393, 0.2990611038235829, 0.027033926935333904, 0.019378739064282183, 0.005848469524884617, 0.9752100620481366, 0.7868577629248636, 0.9211020981370653, 0.010551300475124778, 0.012174493837583455, 0.211790446552206, 0.9848401453063891, 0.06420421681792168, 0.8746217255603228, 0.14549271121181095, 0.09369607383606679, 0.6825132307357269, 0.8664113819262841, 0.746325336518203, 0.8547773526676326, 0.7196317131741399, 0.982656181414479, 0.20982076815146794, 0.5426805115063874, 0.46414715956190583, 0.023387615101730756], BATTLES: 299-175-165-370-263-254-410-365-279-
33, 4, -2662.0, [0.36913950325786654, 0.8050373724110295, 0.010011015859306036, 0.029130447248008087, 0.8474434816057792, 0.9347603100541523, 0.05762719289765148, 0.12983791496979472, 0.44632096968046947, 0.38742392255838115, 0.7665648518919398, 0.0047881921175410725, 0.9946862277606499, 0.610774028412385, 0.1593988626391697, 0.14740361966162807, 0.06194915552842832, 0.9417477163061809, 0.04230703045304151, 0.7258755961516153, 0.7153157919926458, 0.8334129607909977, 0.8179132858251468, 0.701968727177281, 0.9532027287134441, 0.12796035083792548, 0.9056045106282162, 0.6557173483950736, 0.11301536644017471, 0.3379368570162402, 0.8853685323148468, 0.9876547077515518, 0.9859842494112776, 0.5974052219311605, 0.7196395310873843, 0.9763828141045261, 0.9045401025994108, 0.11084673418396797, 0.8032137549519175, 0.028123026653329573, 0.004493688708893265, 0.1413196619133202, 0.8931856679341827, 0.7996052442556679, 0.7616992290253366, 0.04497196651945151, 0.014133217774691537, 0.05489947706103404, 0.852473083379039, 0.11561745307730416, 0.8362894700826746, 0.05782939289029064, 0.0901731346515739, 0.09360325009013624, 0.8484843188269462, 0.6742707123752447, 0.8754038685418404, 0.5308808097193692, 0.9961682076445387, 0.5707308477694479, 0.12060110791698053, 0.4689309629561189, 0.11167403466279704], BATTLES: 275-179-190-359-302-252-385-327-304-
33, 5, -2597.0, [0.5108217228130735, 0.9087875711121536, 0.011890108133020844, 0.05559344178705458, 0.7534971645007382, 0.9559760911599003, 0.04879989043699744, 0.059541242967024476, 0.5010591755352676, 0.41993117492084076, 0.7904104466118129, 0.024959186591794354, 0.9549070402299442, 0.566130996050441, 0.3289182458882163, 0.1799164320809107, 0.08461276979082308, 0.9882537849583489, 0.1530119263429114, 0.8431887868436356, 0.7071981882056225, 0.7913255121687836, 0.9726145381389929, 0.5815979814906393, 0.9391716644738424, 0.2079253456656938, 0.9539111582983287, 0.8674616337223502, 0.1728888796742712, 0.1594902265978312, 0.821324760605339, 0.9842967369163204, 0.9155210598697179, 0.27921574326562, 0.7676477144272374, 0.9627074543441095, 0.8386037486487167, 0.051150610115584, 0.3089430434325957, 0.0014350340117300908, 0.009391215204813445, 0.0007888026925531796, 0.9774179860809113, 0.7366203326843848, 0.7950561754967985, 0.23632626155302394, 0.07676215633777755, 0.21365620515203332, 0.9957869614344056, 0.10798660145250656, 0.8578267891497385, 0.1103496946431052, 0.11799069057826349, 0.4224470417113319, 0.922175312250409, 0.6093798448410235, 0.7415744391315227, 0.7033005915539046, 0.9550143897635145, 0.3834224475473228, 0.7495316282980807, 0.41602805202124277, 0.07180563859977289], BATTLES: 323-185-176-375-288-262-396-333-259-
33, 6, -2626.0, [0.28224961763440515, 0.9265649282688246, 0.0055695882180997955, 0.03065895606071125, 0.7072148973588392, 0.8910401959099913, 0.005805773819689572, 0.10391868724596556, 0.18969599711723337, 0.5583857396289591, 0.7538251590664378, 0.008226575870185637, 0.9859516066950129, 0.2329807161091124, 0.3143794551067266, 0.06296719141952317, 0.034490429853574686, 0.9859145396468529, 0.06512145014610025, 0.5679612797543337, 0.47854027065605353, 0.8635115363469101, 0.8629325136285241, 0.7186503871479011, 0.9311758853467508, 0.2566088842906531, 0.8968564950072145, 0.6547923605485617, 0.13341103744256352, 0.20499537364643625, 0.9395477731652068, 0.9987800603758766, 0.9975759787904186, 0.03564756416983489, 0.7605531292364782, 0.9764535119999566, 0.6304237068544393, 0.08385531582413208, 0.5950128485769207, 0.02443843009658761, 0.07026383096554571, 0.03625360232801436, 0.8033543073974144, 0.8045274890262899, 0.6413508917704442, 0.14366388033538224, 0.21693780703202606, 0.11398038165717343, 0.9793727341551899, 0.1793758446347431, 0.927181066052208, 0.09840477313667474, 0.11113606370676979, 0.1475430480171421, 0.8831953465533005, 0.785029448206513, 0.8671508941418776, 0.7534950491268826, 0.9469775436536128, 0.4297043501240232, 0.62420495338307, 0.21032817434062964, 0.11746316508850671], BATTLES: 282-177-185-386-285-278-411-296-298-
33, 7, -2634.0, [0.45745877586669426, 0.8235592802464757, 0.035157939999846385, 0.060340466574473936, 0.8764112906349694, 0.9714378818706958, 0.012008787293756098, 0.13021714378381616, 0.3825931395192854, 0.5084602863869802, 0.8103271819326748, 0.021153018138447978, 0.9911958800444927, 0.5744787197080515, 0.0741996088261494, 0.16937300822902385, 0.0652257033846271, 0.9575927580034057, 0.04930007706684572, 0.6011661855421716, 0.6654931554728536, 0.833538148235492, 0.8672762257750389, 0.6056450108331649, 0.9586573667467866, 0.23024155757853654, 0.8469491905297832, 0.9308350969571478, 0.003615866864329135, 0.3645212288109808, 0.9420821320106505, 0.9918789149889857, 0.9385228584148241, 0.4471828942234359, 0.7970020572489107, 0.9851812576200651, 0.8379107578831667, 0.16218094019913176, 0.8074074862062484, 0.1056710543487604, 0.033314727976668075, 0.14289640015464, 0.878507295566574, 0.7608291510069443, 0.7284698033594423, 0.2508529626040439, 0.09843723743404113, 0.1639255713247696, 0.831499179558244, 0.09037360638806875, 0.7284016764339629, 0.06348929200813005, 0.11365252616332142, 0.28680383160703243, 0.8324937443024014, 0.6121734944770105, 0.7778043384925489, 0.48754961726469526, 0.9676156218543697, 0.41573538755951944, 0.551873988119655, 0.4356458679800144, 0.09639838525387948], BATTLES: 277-204-182-390-302-244-414-308-275-
33, 8, -2601.0, [0.38628934826729344, 0.7776314122451305, 0.04468771022993345, 0.03315815931018946, 0.7270460331102322, 0.9229908525716225, 0.008252887225746406, 0.17097928749537789, 0.3206055900541527, 0.7103088500036355, 0.8462329594053013, 0.00766025648816182, 0.9925909351648305, 0.5828819536881777, 0.25886204614061087, 0.11726069352500358, 0.06369007903382391, 0.9960013266298369, 0.04441164522562423, 0.4953648852595255, 0.652298685608555, 0.9453091971621784, 0.6579109375580554, 0.5882287896034425, 0.9822937488916641, 0.15503941360606516, 0.8858822547409194, 0.7988018093383655, 0.09316051537173946, 0.32606401913109456, 0.9812503154461634, 0.983813869780268, 0.964752748963156, 0.5905936389198221, 0.7865196868529678, 0.9744814032269048, 0.960769714893138, 0.20178732082479248, 0.8192108158646216, 0.2142219858332141, 0.07193641373582838, 0.08145026056801806, 0.6904034405499849, 0.8120813462794249, 0.7438206687581822, 0.11477164494958472, 0.49578151765933004, 0.06186650362768716, 0.9710895536548525, 0.06049246634672397, 0.889547106414091, 0.07832813714296845, 0.11471261276737091, 0.17927488331942593, 0.8292165003080265, 0.6355022048925865, 0.9789058952630113, 0.4399702525597085, 0.8827755002638296, 0.26718856268402225, 0.6091893754242306, 0.4714894478339869, 0.004858646965561736], BATTLES: 305-197-143-382-280-236-412-342-271-
33, 9, -2682.0, [0.44144805383142344, 0.8777088857030719, 0.013173001083852864, 0.01123606739352584, 0.8541317885850106, 0.9824571540475843, 0.011804671327486586, 0.125628652479069, 0.4359864006265548, 0.7163551889090032, 0.8617208978754302, 0.0028421836308328463, 0.9970689145876525, 0.6048611471641299, 0.22409537097162327, 0.23669380412936614, 0.06848679490546106, 0.9429560929588238, 0.004170799667246693, 0.5953573433372642, 0.5874044603512912, 0.8939373507880549, 0.8956087505076207, 0.7571845714104413, 0.9913220826908545, 0.2068671436051711, 0.689921214005937, 0.7521345860872135, 0.1312495854978793, 0.6108122630920191, 0.8165624508509749, 0.9856033713806275, 0.9698827624807858, 0.23674267505677274, 0.7916368240709893, 0.9872121718901552, 0.6955134806633526, 0.035409278495558, 0.9647731053546413, 0.18727606946552408, 0.0024353071759951224, 0.16553150272234823, 0.8304789281429715, 0.7097497335923568, 0.6084160483260265, 0.19952845442768835, 0.35653924986233526, 0.10323650694565334, 0.7688217784458438, 0.09660594227366806, 0.856507532860415, 0.06585432903016245, 0.07230716872879081, 0.13883196544678797, 0.9610981216809249, 0.8136231308034775, 0.7769576361828191, 0.33567088143815527, 0.9522383145756624, 0.50570562325521, 0.45543682581069955, 0.28914981068712275, 0.06170786502918056], BATTLES: 284-195-197-411-277-246-371-297-308-
33, 10, -2691.0, [0.2080048978234425, 0.8164387852711, 0.049607422915257035, 0.0025110271150062535, 0.8262152211934634, 0.9887314299308365, 0.015499203553016974, 0.1466406609944928, 0.1738937266000743, 0.4648796243437831, 0.7826742556095443, 0.0017341102913133143, 0.9954293493753026, 0.5721051998967711, 0.26269732490556874, 0.11438647597065399, 0.1226101628329786, 0.8729543623938514, 0.03690971489551555, 0.3925382952679698, 0.43987908645361484, 0.920783379644173, 0.9425195033529239, 0.5739606624775977, 0.9680932233735555, 0.48918619757780013, 0.9736303103645476, 0.7442214163283214, 0.1158267411855343, 0.1773129472047159, 0.9497821338648295, 0.9924229449579209, 0.9288717448393052, 0.05157398567759919, 0.8973161846763398, 0.9611293624453807, 0.8245897873831862, 0.0836441658448244, 0.7846357314867365, 0.07966618578616488, 0.03712533519213415, 0.02616614044479862, 0.718807566840605, 0.8222563906808583, 0.8551293641969109, 0.16112031391357404, 0.3244602425079665, 0.10048335556104321, 0.997243986773142, 0.1250756938349116, 0.720087181575647, 0.11510303023135618, 0.17494261780926573, 0.293555003033129, 0.8572001748192639, 0.7138961894817439, 0.7970552403233556, 0.9043805630409014, 0.8928384825781908, 0.003932457000660916, 0.8735756831216454, 0.19336784714252142, 0.05352327722167983], BATTLES: 296-233-175-367-313-243-421-351-292-
33, 11, -2604.0, [0.420983820701727, 0.9016275759637954, 0.03336708550701699, 0.059511249769005764, 0.9216575598513859, 0.9417357785798858, 0.04084977876222412, 0.11605758086882685, 0.5699609098058626, 0.7120652637888313, 0.822090760860738, 0.02008054427684273, 0.9733571791089486, 0.49314180261748575, 0.09895387155782016, 0.09951492321685708, 0.08739031517125606, 0.9384956847973942, 0.04198181922373019, 0.6256452826121491, 0.8145565480526832, 0.9594626407329884, 0.7447031070512153, 0.5156592305990447, 0.9808554965324114, 0.07758404354073384, 0.8848141402987052, 0.8013084301404132, 0.06590218855413699, 0.45497395584285133, 0.7757289726440249, 0.9986153384677717, 0.990516873493371, 0.4684515121841957, 0.6636230926967482, 0.9935405144813444, 0.7517182104787632, 0.06638053176870612, 0.8036331261823548, 0.0626842533542683, 0.005274014854056763, 0.07729748765957273, 0.9431519564366689, 0.6659673862674834, 0.6837314781236393, 0.17218938381488552, 0.039916651774958456, 0.13398828104188643, 0.8098838383523127, 0.1598190046457351, 0.8081200583216566, 0.07145028705526318, 0.09862136696081397, 0.049924980630547636, 0.8577895269705079, 0.6664521849621703, 0.8129304733825841, 0.2393939202323564, 0.9792762572181395, 0.5930057005712347, 0.2189033900186595, 0.5049542395397141, 0.11705277293163], BATTLES: 270-187-178-399-318-257-379-308-308-
33, 12, -2713.0, [0.37496307889296987, 0.9142584095266073, 0.008105802699326141, 0.05221081068345386, 0.774875440224083, 0.86449252400256, 0.01430626942759701, 0.01833853586519875, 0.7692535583153315, 0.6367246369561516, 0.9779985451890406, 0.005094762329396334, 0.985276101895057, 0.4041533532901048, 0.2163685825260469, 0.03464333866531836, 0.06984595214357187, 0.8315705320735343, 0.12769700608018503, 0.7847731898803694, 0.7741252119414739, 0.9910265211500326, 0.7832250116155218, 0.5268081072902541, 0.96034603366469, 0.13524582288968723, 0.8980498228544426, 0.7902118255939222, 0.27516409840742284, 0.3880698607131122, 0.841973617562157, 0.9991732266519971, 0.9949818728350937, 0.28883358148672555, 0.7432870030910975, 0.9529706221340394, 0.39407125932284404, 0.04958485745214289, 0.39363735976645936, 0.013591229564129503, 0.008659366056124303, 0.04240362771422432, 0.8741929784446989, 0.7453138583969621, 0.7556204039229701, 0.015938692527797768, 0.2325629776736061, 0.2479465876530724, 0.9820572037314744, 0.14606212893634002, 0.9556504690197266, 0.10450413967743817, 0.06726201430723353, 0.5421424797412944, 0.9798679292750133, 0.7092657969867678, 0.8396974345533383, 0.5996160909179341, 0.997070814140543, 0.22438417930838883, 0.4311719716519053, 0.48946225204831717, 0.022765975500804628], BATTLES: 296-217-203-396-293-308-380-287-333-
33, 13, -2599.0, [0.34327588711556517, 0.7891887080008344, 0.05027938089401068, 0.046287316833951944, 0.8291760742205191, 0.9903604652570484, 0.020651940738640472, 0.07885144489643123, 0.4061271264605395, 0.48873828480146303, 0.8719195351359352, 0.015837711570085133, 0.966855231248497, 0.5988500129000172, 0.196049154328802, 0.13382376434193874, 0.12034521298897656, 0.8028977168147355, 0.008244979988931426, 0.6251640700310855, 0.48936027161014706, 0.9769518511595082, 0.8511928140351707, 0.5248288124357222, 0.9751023394909294, 0.11617331944381026, 0.9110668139386584, 0.8766902814119825, 0.1334205155614053, 0.22594365112199827, 0.8300431658966206, 0.998509415170195, 0.970463352166595, 0.24725327088602592, 0.8089108224922879, 0.9905494549885405, 0.5930908406205949, 0.1741296590709751, 0.9331337273587759, 0.07811275713549012, 0.04169818710732627, 0.04857461886009448, 0.7244828843636929, 0.9018878555087698, 0.55121742941993, 0.2021090036132691, 0.1513633952101976, 0.1730866737249734, 0.862971988600745, 0.08668820771977617, 0.8170506182927219, 0.10697607893313099, 0.029174044169530643, 0.04014499580287892, 0.894793548909118, 0.8328790838591661, 0.8136766044272752, 0.4384622504649444, 0.9398662297573671, 0.48618683885795805, 0.6197102609714318, 0.3321731415569212, 0.00722506946230822], BATTLES: 268-215-205-386-290-271-366-291-307-
33, 14, -2652.0, [0.3830360242725218, 0.8485920908763277, 0.016498288005140395, 0.037709704352146725, 0.9090381691436225, 0.9848370538018143, 0.054619959956245814, 0.05635906005625478, 0.5162513336604467, 0.40458903849887173, 0.7963161965884136, 0.04803963423027825, 0.9937896263909782, 0.29021816767113395, 0.0626226550873981, 0.0027434282267615323, 0.006972469176348792, 0.9806205756459234, 0.007315144969245561, 0.6141976548539635, 0.8788268859954632, 0.988282502920434, 0.7632067986316518, 0.6952765515111283, 0.959360543380963, 0.11863322784929795, 0.8560980648014582, 0.6312652618219207, 0.04303712741039988, 0.38656737500333366, 0.8941752670657135, 0.9726917226925156, 0.979590323894435, 0.6487490725461181, 0.6638162151365911, 0.9842736842745636, 0.984271551779042, 0.14397286756817676, 0.7354403343861993, 0.1043589529745865, 0.01574329012594726, 0.07828247775344557, 0.8667744250601862, 0.798637335216472, 0.8273195437860625, 0.021667471433478202, 0.5015738072375855, 0.0658395529998101, 0.7151319108909686, 0.0106675622329934, 0.8907333844157945, 0.09112003051089368, 0.18353519529238935, 0.032446195216583484, 0.8258960489643743, 0.60527514746946, 0.9767411543624426, 0.374305445918042, 0.9787937502783403, 0.530590779881171, 0.3689080422743125, 0.38448214315849866, 0.03709362485672016], BATTLES: 293-184-179-392-303-223-404-321-274-
34, 0, -2639.0, [0.36043707376600864, 0.7668494579987432, 0.04231732550764809, 0.05153155003152597, 0.7688006876569224, 0.9015669920385891, 0.0005741210607711532, 0.06400706967411121, 0.4636507092295967, 0.5171465534590027, 0.8833614934088023, 0.008578539983011703, 0.9511220138685056, 0.390174991580022, 0.13267927046770933, 0.042674956523261406, 0.09388673065343882, 0.870536532053821, 0.06141847939087924, 0.5664933212848549, 0.7704697530650337, 0.8218396488547322, 0.7054238035075645, 0.570189883945391, 0.9855906457866704, 0.06274539626096423, 0.855788438689167, 0.8000353631804338, 0.16455078653948113, 0.13738254006789025, 0.8896149716532332, 0.9659145667997785, 0.9950972502669219, 0.5529003757446375, 0.8817660900097716, 0.9735296139978977, 0.9241815437867467, 0.22263051388805966, 0.5077726144761844, 0.030998737915848534, 0.024836214054423808, 0.09332059852142147, 0.8375685886161909, 0.7642491010631032, 0.7364398065698833, 0.20050393512763048, 0.3240209215327105, 0.10911766064452427, 0.8770446323606869, 0.0512879149396756, 0.8437710906007135, 0.11114384497412895, 0.19737775513482334, 0.342384341420493, 0.8741687772142814, 0.6228144840948593, 0.8618800318820198, 0.4681773635822932, 0.975671863679799, 0.31770302376247833, 0.49425669655793814, 0.47751292878838386, 0.016807250822435574], BATTLES: 290-198-196-389-289-269-383-313-312-
34, 1, -2595.0, [0.34297819533509566, 0.9023468512762071, 0.033978924575269964, 0.05145943822662497, 0.9338216481990562, 0.9259970306825992, 0.024501403046530538, 0.18249658507018554, 0.26642993264975934, 0.7826282424823018, 0.8525067174187295, 0.03895591482756883, 0.9609952373182284, 0.5484143312311482, 0.18261703847620211, 0.18979725887372398, 0.1514276782899452, 0.5970067829185847, 0.029293964408790556, 0.42399401554743454, 0.8321735129662879, 0.985078218071422, 0.8373258528121238, 0.49180019273855996, 0.9999351018411309, 0.1074745147016105, 0.8610671200499798, 0.8661422289746797, 0.06270603345852604, 0.1936462355017995, 0.7468429170636229, 0.9873863677439612, 0.9887577585460458, 0.4867081594725075, 0.7616551488749232, 0.9898934801470803, 0.9474115759627203, 0.0766507334531322, 0.9585990187428635, 0.0014294748250417155, 0.0012002320869056778, 0.011864679169476776, 0.9137183165282471, 0.8353278659010748, 0.8718505628407551, 0.151218825968064, 0.1378597020662849, 0.17360802026246716, 0.8130231750045365, 0.12833583676427904, 0.7154299005191751, 0.04323467343643905, 0.16599357244153368, 0.08332697411257459, 0.8626673225666663, 0.5959810801060721, 0.7042847284644609, 0.27094751528466265, 0.9140664237546092, 0.49567433518662896, 0.6177925421863588, 0.468542113237512, 0.05479402489803686], BATTLES: 299-195-200-363-281-269-393-332-263-
34, 2, -2670.0, [0.3249280128682055, 0.8553119529924669, 0.041152993605369705, 0.03299902195790323, 0.7668042430165023, 0.9702268971304634, 0.008824080266824456, 0.07592694556708414, 0.29430612645661414, 0.4692141397336836, 0.9165232573914519, 0.0021609686494137026, 0.9851580992737492, 0.44899317110801706, 0.18590573332000476, 0.0346361005048769, 0.055475409611884546, 0.887666461919279, 0.0008046975871988937, 0.5750047682303239, 0.4986697902490796, 0.8628702404714952, 0.9753457254184739, 0.48633958240501446, 0.9702171572952428, 0.34185573586723084, 0.93170585610843, 0.8411143883044347, 0.2052343428065163, 0.18421511579183728, 0.9201234285281585, 0.9878553398604242, 0.9764160954233942, 0.3339416459598581, 0.8745154353978208, 0.9537190053366645, 0.8087119944295403, 0.07445620503019085, 0.6027927179930067, 0.04595716127753152, 0.019762602621943307, 0.07311764232459689, 0.7323212449551507, 0.7685891911466064, 0.7264467277388955, 0.15477344957706024, 0.4054946530846392, 0.10786445196222055, 0.9720075565671327, 0.0781373760806828, 0.8013583016333726, 0.1374378777877698, 0.13831178728490237, 0.295447334103295, 0.9440860267840725, 0.7422200722077936, 0.7660445590969566, 0.7521280091925153, 0.9497902362223769, 0.12085554442894453, 0.783509723874024, 0.2585187290595062, 0.01995119240172022], BATTLES: 337-211-192-375-286-265-410-303-291-
34, 3, -2577.0, [0.38297104740042, 0.847740209320653, 0.028498896863419176, 0.04411650146314613, 0.7940508291307636, 0.8440722713667665, 0.003325369627517641, 0.09464584397198808, 0.36433027133760676, 0.4831318363089416, 0.818560102173686, 0.012135554058735022, 0.999379333705515, 0.388900847524437, 0.17932211997670844, 0.022185615566945725, 0.0105067669137335, 0.973422071682432, 0.06252252359632168, 0.6475837883723532, 0.9118586642893268, 0.9549303289989663, 0.9150527960358124, 0.5907909583650583, 0.9667178435140305, 0.14523440469259769, 0.7937831804210748, 0.7657694265543131, 0.05444895818187703, 0.4824142586582818, 0.9923286234346365, 0.993079401818515, 0.9428631314857041, 0.3578733149721212, 0.76957214379776, 0.9826652168552721, 0.8343725818697526, 0.03677409384035393, 0.2990611038235829, 0.027033926935333904, 0.019378739064282183, 0.005848469524884617, 0.9752100620481366, 0.7868577629248636, 0.9211020981370653, 0.010551300475124778, 0.012174493837583455, 0.211790446552206, 0.9848401453063891, 0.06420421681792168, 0.8746217255603228, 0.14549271121181095, 0.09369607383606679, 0.6825132307357269, 0.8664113819262841, 0.746325336518203, 0.8547773526676326, 0.7196317131741399, 0.982656181414479, 0.20982076815146794, 0.5426805115063874, 0.46414715956190583, 0.023387615101730756], BATTLES: 276-215-194-376-267-247-404-330-268-
34, 4, -2622.0, [0.36913950325786654, 0.8050373724110295, 0.010011015859306036, 0.029130447248008087, 0.8474434816057792, 0.9347603100541523, 0.05762719289765148, 0.12983791496979472, 0.44632096968046947, 0.38742392255838115, 0.7665648518919398, 0.0047881921175410725, 0.9946862277606499, 0.610774028412385, 0.1593988626391697, 0.14740361966162807, 0.06194915552842832, 0.9417477163061809, 0.04230703045304151, 0.7258755961516153, 0.7153157919926458, 0.8334129607909977, 0.8179132858251468, 0.701968727177281, 0.9532027287134441, 0.12796035083792548, 0.9056045106282162, 0.6557173483950736, 0.11301536644017471, 0.3379368570162402, 0.8853685323148468, 0.9876547077515518, 0.9859842494112776, 0.5974052219311605, 0.7196395310873843, 0.9763828141045261, 0.9045401025994108, 0.11084673418396797, 0.8032137549519175, 0.028123026653329573, 0.004493688708893265, 0.1413196619133202, 0.8931856679341827, 0.7996052442556679, 0.7616992290253366, 0.04497196651945151, 0.014133217774691537, 0.05489947706103404, 0.852473083379039, 0.11561745307730416, 0.8362894700826746, 0.05782939289029064, 0.0901731346515739, 0.09360325009013624, 0.8484843188269462, 0.6742707123752447, 0.8754038685418404, 0.5308808097193692, 0.9961682076445387, 0.5707308477694479, 0.12060110791698053, 0.4689309629561189, 0.11167403466279704], BATTLES: 282-191-187-380-308-261-384-327-302-
34, 5, -2626.0, [0.5108217228130735, 0.9087875711121536, 0.011890108133020844, 0.05559344178705458, 0.7534971645007382, 0.9559760911599003, 0.04879989043699744, 0.059541242967024476, 0.5010591755352676, 0.41993117492084076, 0.7904104466118129, 0.024959186591794354, 0.9549070402299442, 0.566130996050441, 0.3289182458882163, 0.1799164320809107, 0.08461276979082308, 0.9882537849583489, 0.1530119263429114, 0.8431887868436356, 0.7071981882056225, 0.7913255121687836, 0.9726145381389929, 0.5815979814906393, 0.9391716644738424, 0.2079253456656938, 0.9539111582983287, 0.8674616337223502, 0.1728888796742712, 0.1594902265978312, 0.821324760605339, 0.9842967369163204, 0.9155210598697179, 0.27921574326562, 0.7676477144272374, 0.9627074543441095, 0.8386037486487167, 0.051150610115584, 0.3089430434325957, 0.0014350340117300908, 0.009391215204813445, 0.0007888026925531796, 0.9774179860809113, 0.7366203326843848, 0.7950561754967985, 0.23632626155302394, 0.07676215633777755, 0.21365620515203332, 0.9957869614344056, 0.10798660145250656, 0.8578267891497385, 0.1103496946431052, 0.11799069057826349, 0.4224470417113319, 0.922175312250409, 0.6093798448410235, 0.7415744391315227, 0.7033005915539046, 0.9550143897635145, 0.3834224475473228, 0.7495316282980807, 0.41602805202124277, 0.07180563859977289], BATTLES: 282-201-209-389-272-281-388-327-277-
34, 6, -2637.0, [0.3884883965837902, 0.9481182860645115, 0.0027847941090498977, 0.03065895606071125, 0.8536074486794196, 0.9237833138470725, 0.002902886909844786, 0.09840713599188036, 0.41267288194165064, 0.8127505133899935, 0.8769125795332189, 0.008226575870185637, 0.9929758033475065, 0.08649482020462906, 0.1630045286632836, 0.06296719141952317, 0.034490429853574686, 0.9929572698234265, 0.06512145014610025, 0.5679612797543337, 0.6419216625753081, 0.9317557681734551, 0.7367853811004841, 0.8410344954117612, 0.9311758853467508, 0.1975463880854602, 0.8968564950072145, 0.6547923605485617, 0.12249533392258417, 0.20499537364643625, 0.9395477731652068, 0.9993900301879384, 0.9975759787904186, 0.017823782084917444, 0.7227389084031889, 0.9764535119999566, 0.3487624503286809, 0.049702764968002765, 0.6735655388930697, 0.02443843009658761, 0.035131915482772856, 0.049762004931120776, 0.9593693533639408, 0.6862130079372917, 0.6413508917704442, 0.11119737331925943, 0.21693780703202606, 0.11398038165717343, 0.9793727341551899, 0.1793758446347431, 0.927181066052208, 0.09840477313667474, 0.055568031853384894, 0.41104497246241667, 0.8831953465533005, 0.5043712248330245, 0.7710734296450238, 0.7534950491268826, 0.9469775436536128, 0.4297043501240232, 0.62420495338307, 0.3220154648827508, 0.058731582544253355], BATTLES: 273-211-215-386-274-276-398-327-267-
34, 7, -2619.0, [0.45745877586669426, 0.8235592802464757, 0.035157939999846385, 0.060340466574473936, 0.8764112906349694, 0.9714378818706958, 0.012008787293756098, 0.13021714378381616, 0.3825931395192854, 0.5084602863869802, 0.8103271819326748, 0.021153018138447978, 0.9911958800444927, 0.5744787197080515, 0.0741996088261494, 0.16937300822902385, 0.0652257033846271, 0.9575927580034057, 0.04930007706684572, 0.6011661855421716, 0.6654931554728536, 0.833538148235492, 0.8672762257750389, 0.6056450108331649, 0.9586573667467866, 0.23024155757853654, 0.8469491905297832, 0.9308350969571478, 0.003615866864329135, 0.3645212288109808, 0.9420821320106505, 0.9918789149889857, 0.9385228584148241, 0.4471828942234359, 0.7970020572489107, 0.9851812576200651, 0.8379107578831667, 0.16218094019913176, 0.8074074862062484, 0.1056710543487604, 0.033314727976668075, 0.14289640015464, 0.878507295566574, 0.7608291510069443, 0.7284698033594423, 0.2508529626040439, 0.09843723743404113, 0.1639255713247696, 0.831499179558244, 0.09037360638806875, 0.7284016764339629, 0.06348929200813005, 0.11365252616332142, 0.28680383160703243, 0.8324937443024014, 0.6121734944770105, 0.7778043384925489, 0.48754961726469526, 0.9676156218543697, 0.41573538755951944, 0.551873988119655, 0.4356458679800144, 0.09639838525387948], BATTLES: 302-190-170-401-296-249-404-321-286-
34, 8, -2649.0, [0.38628934826729344, 0.7776314122451305, 0.04468771022993345, 0.03315815931018946, 0.7270460331102322, 0.9229908525716225, 0.008252887225746406, 0.17097928749537789, 0.3206055900541527, 0.7103088500036355, 0.8462329594053013, 0.00766025648816182, 0.9925909351648305, 0.5828819536881777, 0.25886204614061087, 0.11726069352500358, 0.06369007903382391, 0.9960013266298369, 0.04441164522562423, 0.4953648852595255, 0.652298685608555, 0.9453091971621784, 0.6579109375580554, 0.5882287896034425, 0.9822937488916641, 0.15503941360606516, 0.8858822547409194, 0.7988018093383655, 0.09316051537173946, 0.32606401913109456, 0.9812503154461634, 0.983813869780268, 0.964752748963156, 0.5905936389198221, 0.7865196868529678, 0.9744814032269048, 0.960769714893138, 0.20178732082479248, 0.8192108158646216, 0.2142219858332141, 0.07193641373582838, 0.08145026056801806, 0.6904034405499849, 0.8120813462794249, 0.7438206687581822, 0.11477164494958472, 0.49578151765933004, 0.06186650362768716, 0.9710895536548525, 0.06049246634672397, 0.889547106414091, 0.07832813714296845, 0.11471261276737091, 0.17927488331942593, 0.8292165003080265, 0.6355022048925865, 0.9789058952630113, 0.4399702525597085, 0.8827755002638296, 0.26718856268402225, 0.6091893754242306, 0.4714894478339869, 0.004858646965561736], BATTLES: 270-212-203-399-281-278-393-327-286-
34, 9, -2725.0, [0.44144805383142344, 0.8777088857030719, 0.013173001083852864, 0.01123606739352584, 0.8541317885850106, 0.9824571540475843, 0.011804671327486586, 0.125628652479069, 0.4359864006265548, 0.7163551889090032, 0.8617208978754302, 0.0028421836308328463, 0.9970689145876525, 0.6048611471641299, 0.22409537097162327, 0.23669380412936614, 0.06848679490546106, 0.9429560929588238, 0.004170799667246693, 0.5953573433372642, 0.5874044603512912, 0.8939373507880549, 0.8956087505076207, 0.7571845714104413, 0.9913220826908545, 0.2068671436051711, 0.689921214005937, 0.7521345860872135, 0.1312495854978793, 0.6108122630920191, 0.8165624508509749, 0.9856033713806275, 0.9698827624807858, 0.23674267505677274, 0.7916368240709893, 0.9872121718901552, 0.6955134806633526, 0.035409278495558, 0.9647731053546413, 0.18727606946552408, 0.0024353071759951224, 0.16553150272234823, 0.8304789281429715, 0.7097497335923568, 0.6084160483260265, 0.19952845442768835, 0.35653924986233526, 0.10323650694565334, 0.7688217784458438, 0.09660594227366806, 0.856507532860415, 0.06585432903016245, 0.07230716872879081, 0.13883196544678797, 0.9610981216809249, 0.8136231308034775, 0.7769576361828191, 0.33567088143815527, 0.9522383145756624, 0.50570562325521, 0.45543682581069955, 0.28914981068712275, 0.06170786502918056], BATTLES: 326-211-217-378-288-281-397-318-309-
34, 10, -2694.0, [0.2080048978234425, 0.8164387852711, 0.049607422915257035, 0.0025110271150062535, 0.8262152211934634, 0.9887314299308365, 0.015499203553016974, 0.1466406609944928, 0.1738937266000743, 0.4648796243437831, 0.7826742556095443, 0.0017341102913133143, 0.9954293493753026, 0.5721051998967711, 0.26269732490556874, 0.11438647597065399, 0.1226101628329786, 0.8729543623938514, 0.03690971489551555, 0.3925382952679698, 0.43987908645361484, 0.920783379644173, 0.9425195033529239, 0.5739606624775977, 0.9680932233735555, 0.48918619757780013, 0.9736303103645476, 0.7442214163283214, 0.1158267411855343, 0.1773129472047159, 0.9497821338648295, 0.9924229449579209, 0.9288717448393052, 0.05157398567759919, 0.8973161846763398, 0.9611293624453807, 0.8245897873831862, 0.0836441658448244, 0.7846357314867365, 0.07966618578616488, 0.03712533519213415, 0.02616614044479862, 0.718807566840605, 0.8222563906808583, 0.8551293641969109, 0.16112031391357404, 0.3244602425079665, 0.10048335556104321, 0.997243986773142, 0.1250756938349116, 0.720087181575647, 0.11510303023135618, 0.17494261780926573, 0.293555003033129, 0.8572001748192639, 0.7138961894817439, 0.7970552403233556, 0.9043805630409014, 0.8928384825781908, 0.003932457000660916, 0.8735756831216454, 0.19336784714252142, 0.05352327722167983], BATTLES: 300-206-181-380-276-278-421-349-303-
34, 11, -2623.0, [0.4300494708266593, 0.9016275759637954, 0.006132054008506818, 0.05654238187609511, 0.9216575598513859, 0.9978433443270724, 0.04084977876222412, 0.11605758086882685, 0.5699609098058626, 0.8327170298318737, 0.8682184851190408, 0.02008054427684273, 0.9889463560819756, 0.49314180261748575, 0.09895387155782016, 0.09951492321685708, 0.08739031517125606, 0.9838331003826953, 0.05092602456662712, 0.6627666447867749, 0.6890974640197222, 0.9797313203664941, 0.6561757622560112, 0.5156592305990447, 0.9609690894386899, 0.03879202177036692, 0.8435964834569071, 0.9557473921685908, 0.06488012074833899, 0.45497395584285133, 0.819317527527703, 0.9921470353740227, 0.996883647258672, 0.4684515121841957, 0.6636230926967482, 0.9935405144813444, 0.7517182104787632, 0.07404308854039243, 0.8036331261823548, 0.03992044527489042, 0.005274014854056763, 0.07729748765957273, 0.9431519564366689, 0.7267893220642075, 0.8424024026222333, 0.17218938381488552, 0.039916651774958456, 0.13398828104188643, 0.8098838383523127, 0.14425119291767388, 0.8053041012698117, 0.07145028705526318, 0.12552039590611477, 0.049924980630547636, 0.8577895269705079, 0.5546829363883087, 0.8129304733825841, 0.4881753265478678, 0.9896381286090697, 0.6548760531718276, 0.2189033900186595, 0.42645146245862847, 0.11705277293163], BATTLES: 287-193-187-384-299-269-371-290-324-
34, 12, -2646.0, [0.37496307889296987, 0.9142584095266073, 0.008105802699326141, 0.05221081068345386, 0.774875440224083, 0.86449252400256, 0.01430626942759701, 0.01833853586519875, 0.7692535583153315, 0.6367246369561516, 0.9779985451890406, 0.005094762329396334, 0.985276101895057, 0.4041533532901048, 0.2163685825260469, 0.03464333866531836, 0.06984595214357187, 0.8315705320735343, 0.12769700608018503, 0.7847731898803694, 0.7741252119414739, 0.9910265211500326, 0.7832250116155218, 0.5268081072902541, 0.96034603366469, 0.13524582288968723, 0.8980498228544426, 0.7902118255939222, 0.27516409840742284, 0.3880698607131122, 0.841973617562157, 0.9991732266519971, 0.9949818728350937, 0.28883358148672555, 0.7432870030910975, 0.9529706221340394, 0.39407125932284404, 0.04958485745214289, 0.39363735976645936, 0.013591229564129503, 0.008659366056124303, 0.04240362771422432, 0.8741929784446989, 0.7453138583969621, 0.7556204039229701, 0.015938692527797768, 0.2325629776736061, 0.2479465876530724, 0.9820572037314744, 0.14606212893634002, 0.9556504690197266, 0.10450413967743817, 0.06726201430723353, 0.5421424797412944, 0.9798679292750133, 0.7092657969867678, 0.8396974345533383, 0.5996160909179341, 0.997070814140543, 0.22438417930838883, 0.4311719716519053, 0.48946225204831717, 0.022765975500804628], BATTLES: 279-192-228-373-308-275-370-280-341-
34, 13, -2555.0, [0.34327588711556517, 0.7891887080008344, 0.05027938089401068, 0.046287316833951944, 0.8291760742205191, 0.9903604652570484, 0.020651940738640472, 0.07885144489643123, 0.4061271264605395, 0.48873828480146303, 0.8719195351359352, 0.015837711570085133, 0.966855231248497, 0.5988500129000172, 0.196049154328802, 0.13382376434193874, 0.12034521298897656, 0.8028977168147355, 0.008244979988931426, 0.6251640700310855, 0.48936027161014706, 0.9769518511595082, 0.8511928140351707, 0.5248288124357222, 0.9751023394909294, 0.11617331944381026, 0.9110668139386584, 0.8766902814119825, 0.1334205155614053, 0.22594365112199827, 0.8300431658966206, 0.998509415170195, 0.970463352166595, 0.24725327088602592, 0.8089108224922879, 0.9905494549885405, 0.5930908406205949, 0.1741296590709751, 0.9331337273587759, 0.07811275713549012, 0.04169818710732627, 0.04857461886009448, 0.7244828843636929, 0.9018878555087698, 0.55121742941993, 0.2021090036132691, 0.1513633952101976, 0.1730866737249734, 0.862971988600745, 0.08668820771977617, 0.8170506182927219, 0.10697607893313099, 0.029174044169530643, 0.04014499580287892, 0.894793548909118, 0.8328790838591661, 0.8136766044272752, 0.4384622504649444, 0.9398662297573671, 0.48618683885795805, 0.6197102609714318, 0.3321731415569212, 0.00722506946230822], BATTLES: 288-204-189-383-303-261-369-288-270-
34, 14, -2689.0, [0.3830360242725218, 0.8485920908763277, 0.016498288005140395, 0.037709704352146725, 0.9090381691436225, 0.9848370538018143, 0.054619959956245814, 0.05635906005625478, 0.5162513336604467, 0.40458903849887173, 0.7963161965884136, 0.04803963423027825, 0.9937896263909782, 0.29021816767113395, 0.0626226550873981, 0.0027434282267615323, 0.006972469176348792, 0.9806205756459234, 0.007315144969245561, 0.6141976548539635, 0.8788268859954632, 0.988282502920434, 0.7632067986316518, 0.6952765515111283, 0.959360543380963, 0.11863322784929795, 0.8560980648014582, 0.6312652618219207, 0.04303712741039988, 0.38656737500333366, 0.8941752670657135, 0.9726917226925156, 0.979590323894435, 0.6487490725461181, 0.6638162151365911, 0.9842736842745636, 0.984271551779042, 0.14397286756817676, 0.7354403343861993, 0.1043589529745865, 0.01574329012594726, 0.07828247775344557, 0.8667744250601862, 0.798637335216472, 0.8273195437860625, 0.021667471433478202, 0.5015738072375855, 0.0658395529998101, 0.7151319108909686, 0.0106675622329934, 0.8907333844157945, 0.09112003051089368, 0.18353519529238935, 0.032446195216583484, 0.8258960489643743, 0.60527514746946, 0.9767411543624426, 0.374305445918042, 0.9787937502783403, 0.530590779881171, 0.3689080422743125, 0.38448214315849866, 0.03709362485672016], BATTLES: 292-186-183-391-300-279-397-348-313-
35, 0, -2724.0, [0.36043707376600864, 0.7668494579987432, 0.04231732550764809, 0.05153155003152597, 0.7688006876569224, 0.9015669920385891, 0.0005741210607711532, 0.06400706967411121, 0.4636507092295967, 0.5171465534590027, 0.8833614934088023, 0.008578539983011703, 0.9511220138685056, 0.390174991580022, 0.13267927046770933, 0.042674956523261406, 0.09388673065343882, 0.870536532053821, 0.06141847939087924, 0.5664933212848549, 0.7704697530650337, 0.8218396488547322, 0.7054238035075645, 0.570189883945391, 0.9855906457866704, 0.06274539626096423, 0.855788438689167, 0.8000353631804338, 0.16455078653948113, 0.13738254006789025, 0.8896149716532332, 0.9659145667997785, 0.9950972502669219, 0.5529003757446375, 0.8817660900097716, 0.9735296139978977, 0.9241815437867467, 0.22263051388805966, 0.5077726144761844, 0.030998737915848534, 0.024836214054423808, 0.09332059852142147, 0.8375685886161909, 0.7642491010631032, 0.7364398065698833, 0.20050393512763048, 0.3240209215327105, 0.10911766064452427, 0.8770446323606869, 0.0512879149396756, 0.8437710906007135, 0.11114384497412895, 0.19737775513482334, 0.342384341420493, 0.8741687772142814, 0.6228144840948593, 0.8618800318820198, 0.4681773635822932, 0.975671863679799, 0.31770302376247833, 0.49425669655793814, 0.47751292878838386, 0.016807250822435574], BATTLES: 311-218-184-404-305-289-383-315-315-
35, 1, -2586.0, [0.34297819533509566, 0.9023468512762071, 0.033978924575269964, 0.05145943822662497, 0.9338216481990562, 0.9259970306825992, 0.024501403046530538, 0.18249658507018554, 0.26642993264975934, 0.7826282424823018, 0.8525067174187295, 0.03895591482756883, 0.9609952373182284, 0.5484143312311482, 0.18261703847620211, 0.18979725887372398, 0.1514276782899452, 0.5970067829185847, 0.029293964408790556, 0.42399401554743454, 0.8321735129662879, 0.985078218071422, 0.8373258528121238, 0.49180019273855996, 0.9999351018411309, 0.1074745147016105, 0.8610671200499798, 0.8661422289746797, 0.06270603345852604, 0.1936462355017995, 0.7468429170636229, 0.9873863677439612, 0.9887577585460458, 0.4867081594725075, 0.7616551488749232, 0.9898934801470803, 0.9474115759627203, 0.0766507334531322, 0.9585990187428635, 0.0014294748250417155, 0.0012002320869056778, 0.011864679169476776, 0.9137183165282471, 0.8353278659010748, 0.8718505628407551, 0.151218825968064, 0.1378597020662849, 0.17360802026246716, 0.8130231750045365, 0.12833583676427904, 0.7154299005191751, 0.04323467343643905, 0.16599357244153368, 0.08332697411257459, 0.8626673225666663, 0.5959810801060721, 0.7042847284644609, 0.27094751528466265, 0.9140664237546092, 0.49567433518662896, 0.6177925421863588, 0.468542113237512, 0.05479402489803686], BATTLES: 307-192-160-376-295-236-415-338-267-
35, 2, -2696.0, [0.3249280128682055, 0.8553119529924669, 0.041152993605369705, 0.03299902195790323, 0.7668042430165023, 0.9702268971304634, 0.008824080266824456, 0.07592694556708414, 0.29430612645661414, 0.4692141397336836, 0.9165232573914519, 0.0021609686494137026, 0.9851580992737492, 0.44899317110801706, 0.18590573332000476, 0.0346361005048769, 0.055475409611884546, 0.887666461919279, 0.0008046975871988937, 0.5750047682303239, 0.4986697902490796, 0.8628702404714952, 0.9753457254184739, 0.48633958240501446, 0.9702171572952428, 0.34185573586723084, 0.93170585610843, 0.8411143883044347, 0.2052343428065163, 0.18421511579183728, 0.9201234285281585, 0.9878553398604242, 0.9764160954233942, 0.3339416459598581, 0.8745154353978208, 0.9537190053366645, 0.8087119944295403, 0.07445620503019085, 0.6027927179930067, 0.04595716127753152, 0.019762602621943307, 0.07311764232459689, 0.7323212449551507, 0.7685891911466064, 0.7264467277388955, 0.15477344957706024, 0.4054946530846392, 0.10786445196222055, 0.9720075565671327, 0.0781373760806828, 0.8013583016333726, 0.1374378777877698, 0.13831178728490237, 0.295447334103295, 0.9440860267840725, 0.7422200722077936, 0.7660445590969566, 0.7521280091925153, 0.9497902362223769, 0.12085554442894453, 0.783509723874024, 0.2585187290595062, 0.01995119240172022], BATTLES: 286-209-198-391-311-259-428-339-275-
35, 3, -2621.0, [0.38297104740042, 0.847740209320653, 0.028498896863419176, 0.04411650146314613, 0.7940508291307636, 0.8440722713667665, 0.003325369627517641, 0.09464584397198808, 0.36433027133760676, 0.4831318363089416, 0.818560102173686, 0.012135554058735022, 0.999379333705515, 0.388900847524437, 0.17932211997670844, 0.022185615566945725, 0.0105067669137335, 0.973422071682432, 0.06252252359632168, 0.6475837883723532, 0.9118586642893268, 0.9549303289989663, 0.9150527960358124, 0.5907909583650583, 0.9667178435140305, 0.14523440469259769, 0.7937831804210748, 0.7657694265543131, 0.05444895818187703, 0.4824142586582818, 0.9923286234346365, 0.993079401818515, 0.9428631314857041, 0.3578733149721212, 0.76957214379776, 0.9826652168552721, 0.8343725818697526, 0.03677409384035393, 0.2990611038235829, 0.027033926935333904, 0.019378739064282183, 0.005848469524884617, 0.9752100620481366, 0.7868577629248636, 0.9211020981370653, 0.010551300475124778, 0.012174493837583455, 0.211790446552206, 0.9848401453063891, 0.06420421681792168, 0.8746217255603228, 0.14549271121181095, 0.09369607383606679, 0.6825132307357269, 0.8664113819262841, 0.746325336518203, 0.8547773526676326, 0.7196317131741399, 0.982656181414479, 0.20982076815146794, 0.5426805115063874, 0.46414715956190583, 0.023387615101730756], BATTLES: 308-207-173-370-285-245-408-345-280-
35, 4, -2651.0, [0.36913950325786654, 0.8050373724110295, 0.010011015859306036, 0.029130447248008087, 0.8474434816057792, 0.9347603100541523, 0.05762719289765148, 0.12983791496979472, 0.44632096968046947, 0.38742392255838115, 0.7665648518919398, 0.0047881921175410725, 0.9946862277606499, 0.610774028412385, 0.1593988626391697, 0.14740361966162807, 0.06194915552842832, 0.9417477163061809, 0.04230703045304151, 0.7258755961516153, 0.7153157919926458, 0.8334129607909977, 0.8179132858251468, 0.701968727177281, 0.9532027287134441, 0.12796035083792548, 0.9056045106282162, 0.6557173483950736, 0.11301536644017471, 0.3379368570162402, 0.8853685323148468, 0.9876547077515518, 0.9859842494112776, 0.5974052219311605, 0.7196395310873843, 0.9763828141045261, 0.9045401025994108, 0.11084673418396797, 0.8032137549519175, 0.028123026653329573, 0.004493688708893265, 0.1413196619133202, 0.8931856679341827, 0.7996052442556679, 0.7616992290253366, 0.04497196651945151, 0.014133217774691537, 0.05489947706103404, 0.852473083379039, 0.11561745307730416, 0.8362894700826746, 0.05782939289029064, 0.0901731346515739, 0.09360325009013624, 0.8484843188269462, 0.6742707123752447, 0.8754038685418404, 0.5308808097193692, 0.9961682076445387, 0.5707308477694479, 0.12060110791698053, 0.4689309629561189, 0.11167403466279704], BATTLES: 287-188-188-400-292-268-408-320-300-
35, 5, -2580.0, [0.5108217228130735, 0.9087875711121536, 0.011890108133020844, 0.05559344178705458, 0.7534971645007382, 0.9559760911599003, 0.04879989043699744, 0.059541242967024476, 0.5010591755352676, 0.41993117492084076, 0.7904104466118129, 0.024959186591794354, 0.9549070402299442, 0.566130996050441, 0.3289182458882163, 0.1799164320809107, 0.08461276979082308, 0.9882537849583489, 0.1530119263429114, 0.8431887868436356, 0.7071981882056225, 0.7913255121687836, 0.9726145381389929, 0.5815979814906393, 0.9391716644738424, 0.2079253456656938, 0.9539111582983287, 0.8674616337223502, 0.1728888796742712, 0.1594902265978312, 0.821324760605339, 0.9842967369163204, 0.9155210598697179, 0.27921574326562, 0.7676477144272374, 0.9627074543441095, 0.8386037486487167, 0.051150610115584, 0.3089430434325957, 0.0014350340117300908, 0.009391215204813445, 0.0007888026925531796, 0.9774179860809113, 0.7366203326843848, 0.7950561754967985, 0.23632626155302394, 0.07676215633777755, 0.21365620515203332, 0.9957869614344056, 0.10798660145250656, 0.8578267891497385, 0.1103496946431052, 0.11799069057826349, 0.4224470417113319, 0.922175312250409, 0.6093798448410235, 0.7415744391315227, 0.7033005915539046, 0.9550143897635145, 0.3834224475473228, 0.7495316282980807, 0.41602805202124277, 0.07180563859977289], BATTLES: 290-197-185-377-290-258-402-308-273-
35, 6, -2727.0, [0.3884883965837902, 0.9481182860645115, 0.0027847941090498977, 0.03065895606071125, 0.8536074486794196, 0.9237833138470725, 0.002902886909844786, 0.09840713599188036, 0.41267288194165064, 0.8127505133899935, 0.8769125795332189, 0.008226575870185637, 0.9929758033475065, 0.08649482020462906, 0.1630045286632836, 0.06296719141952317, 0.034490429853574686, 0.9929572698234265, 0.06512145014610025, 0.5679612797543337, 0.6419216625753081, 0.9317557681734551, 0.7367853811004841, 0.8410344954117612, 0.9311758853467508, 0.1975463880854602, 0.8968564950072145, 0.6547923605485617, 0.12249533392258417, 0.20499537364643625, 0.9395477731652068, 0.9993900301879384, 0.9975759787904186, 0.017823782084917444, 0.7227389084031889, 0.9764535119999566, 0.3487624503286809, 0.049702764968002765, 0.6735655388930697, 0.02443843009658761, 0.035131915482772856, 0.049762004931120776, 0.9593693533639408, 0.6862130079372917, 0.6413508917704442, 0.11119737331925943, 0.21693780703202606, 0.11398038165717343, 0.9793727341551899, 0.1793758446347431, 0.927181066052208, 0.09840477313667474, 0.055568031853384894, 0.41104497246241667, 0.8831953465533005, 0.5043712248330245, 0.7710734296450238, 0.7534950491268826, 0.9469775436536128, 0.4297043501240232, 0.62420495338307, 0.3220154648827508, 0.058731582544253355], BATTLES: 310-201-194-414-288-288-406-321-305-
35, 7, -2682.0, [0.45745877586669426, 0.8235592802464757, 0.035157939999846385, 0.060340466574473936, 0.8764112906349694, 0.9714378818706958, 0.012008787293756098, 0.13021714378381616, 0.3825931395192854, 0.5084602863869802, 0.8103271819326748, 0.021153018138447978, 0.9911958800444927, 0.5744787197080515, 0.0741996088261494, 0.16937300822902385, 0.0652257033846271, 0.9575927580034057, 0.04930007706684572, 0.6011661855421716, 0.6654931554728536, 0.833538148235492, 0.8672762257750389, 0.6056450108331649, 0.9586573667467866, 0.23024155757853654, 0.8469491905297832, 0.9308350969571478, 0.003615866864329135, 0.3645212288109808, 0.9420821320106505, 0.9918789149889857, 0.9385228584148241, 0.4471828942234359, 0.7970020572489107, 0.9851812576200651, 0.8379107578831667, 0.16218094019913176, 0.8074074862062484, 0.1056710543487604, 0.033314727976668075, 0.14289640015464, 0.878507295566574, 0.7608291510069443, 0.7284698033594423, 0.2508529626040439, 0.09843723743404113, 0.1639255713247696, 0.831499179558244, 0.09037360638806875, 0.7284016764339629, 0.06348929200813005, 0.11365252616332142, 0.28680383160703243, 0.8324937443024014, 0.6121734944770105, 0.7778043384925489, 0.48754961726469526, 0.9676156218543697, 0.41573538755951944, 0.551873988119655, 0.4356458679800144, 0.09639838525387948], BATTLES: 293-227-176-400-271-241-410-352-312-
35, 8, -2684.0, [0.38628934826729344, 0.7776314122451305, 0.04468771022993345, 0.03315815931018946, 0.7270460331102322, 0.9229908525716225, 0.008252887225746406, 0.17097928749537789, 0.3206055900541527, 0.7103088500036355, 0.8462329594053013, 0.00766025648816182, 0.9925909351648305, 0.5828819536881777, 0.25886204614061087, 0.11726069352500358, 0.06369007903382391, 0.9960013266298369, 0.04441164522562423, 0.4953648852595255, 0.652298685608555, 0.9453091971621784, 0.6579109375580554, 0.5882287896034425, 0.9822937488916641, 0.15503941360606516, 0.8858822547409194, 0.7988018093383655, 0.09316051537173946, 0.32606401913109456, 0.9812503154461634, 0.983813869780268, 0.964752748963156, 0.5905936389198221, 0.7865196868529678, 0.9744814032269048, 0.960769714893138, 0.20178732082479248, 0.8192108158646216, 0.2142219858332141, 0.07193641373582838, 0.08145026056801806, 0.6904034405499849, 0.8120813462794249, 0.7438206687581822, 0.11477164494958472, 0.49578151765933004, 0.06186650362768716, 0.9710895536548525, 0.06049246634672397, 0.889547106414091, 0.07832813714296845, 0.11471261276737091, 0.17927488331942593, 0.8292165003080265, 0.6355022048925865, 0.9789058952630113, 0.4399702525597085, 0.8827755002638296, 0.26718856268402225, 0.6091893754242306, 0.4714894478339869, 0.004858646965561736], BATTLES: 298-183-202-388-309-268-402-341-293-
35, 9, -2689.0, [0.44144805383142344, 0.8777088857030719, 0.013173001083852864, 0.01123606739352584, 0.8541317885850106, 0.9824571540475843, 0.011804671327486586, 0.125628652479069, 0.4359864006265548, 0.7163551889090032, 0.8617208978754302, 0.0028421836308328463, 0.9970689145876525, 0.6048611471641299, 0.22409537097162327, 0.23669380412936614, 0.06848679490546106, 0.9429560929588238, 0.004170799667246693, 0.5953573433372642, 0.5874044603512912, 0.8939373507880549, 0.8956087505076207, 0.7571845714104413, 0.9913220826908545, 0.2068671436051711, 0.689921214005937, 0.7521345860872135, 0.1312495854978793, 0.6108122630920191, 0.8165624508509749, 0.9856033713806275, 0.9698827624807858, 0.23674267505677274, 0.7916368240709893, 0.9872121718901552, 0.6955134806633526, 0.035409278495558, 0.9647731053546413, 0.18727606946552408, 0.0024353071759951224, 0.16553150272234823, 0.8304789281429715, 0.7097497335923568, 0.6084160483260265, 0.19952845442768835, 0.35653924986233526, 0.10323650694565334, 0.7688217784458438, 0.09660594227366806, 0.856507532860415, 0.06585432903016245, 0.07230716872879081, 0.13883196544678797, 0.9610981216809249, 0.8136231308034775, 0.7769576361828191, 0.33567088143815527, 0.9522383145756624, 0.50570562325521, 0.45543682581069955, 0.28914981068712275, 0.06170786502918056], BATTLES: 313-211-187-401-300-282-379-309-307-
35, 10, -2633.0, [0.2080048978234425, 0.8164387852711, 0.049607422915257035, 0.0025110271150062535, 0.8262152211934634, 0.9887314299308365, 0.015499203553016974, 0.1466406609944928, 0.1738937266000743, 0.4648796243437831, 0.7826742556095443, 0.0017341102913133143, 0.9954293493753026, 0.5721051998967711, 0.26269732490556874, 0.11438647597065399, 0.1226101628329786, 0.8729543623938514, 0.03690971489551555, 0.3925382952679698, 0.43987908645361484, 0.920783379644173, 0.9425195033529239, 0.5739606624775977, 0.9680932233735555, 0.48918619757780013, 0.9736303103645476, 0.7442214163283214, 0.1158267411855343, 0.1773129472047159, 0.9497821338648295, 0.9924229449579209, 0.9288717448393052, 0.05157398567759919, 0.8973161846763398, 0.9611293624453807, 0.8245897873831862, 0.0836441658448244, 0.7846357314867365, 0.07966618578616488, 0.03712533519213415, 0.02616614044479862, 0.718807566840605, 0.8222563906808583, 0.8551293641969109, 0.16112031391357404, 0.3244602425079665, 0.10048335556104321, 0.997243986773142, 0.1250756938349116, 0.720087181575647, 0.11510303023135618, 0.17494261780926573, 0.293555003033129, 0.8572001748192639, 0.7138961894817439, 0.7970552403233556, 0.9043805630409014, 0.8928384825781908, 0.003932457000660916, 0.8735756831216454, 0.19336784714252142, 0.05352327722167983], BATTLES: 284-215-174-387-285-253-386-346-303-
35, 11, -2738.0, [0.4300494708266593, 0.9016275759637954, 0.006132054008506818, 0.05654238187609511, 0.9216575598513859, 0.9978433443270724, 0.04084977876222412, 0.11605758086882685, 0.5699609098058626, 0.8327170298318737, 0.8682184851190408, 0.02008054427684273, 0.9889463560819756, 0.49314180261748575, 0.09895387155782016, 0.09951492321685708, 0.08739031517125606, 0.9838331003826953, 0.05092602456662712, 0.6627666447867749, 0.6890974640197222, 0.9797313203664941, 0.6561757622560112, 0.5156592305990447, 0.9609690894386899, 0.03879202177036692, 0.8435964834569071, 0.9557473921685908, 0.06488012074833899, 0.45497395584285133, 0.819317527527703, 0.9921470353740227, 0.996883647258672, 0.4684515121841957, 0.6636230926967482, 0.9935405144813444, 0.7517182104787632, 0.07404308854039243, 0.8036331261823548, 0.03992044527489042, 0.005274014854056763, 0.07729748765957273, 0.9431519564366689, 0.7267893220642075, 0.8424024026222333, 0.17218938381488552, 0.039916651774958456, 0.13398828104188643, 0.8098838383523127, 0.14425119291767388, 0.8053041012698117, 0.07145028705526318, 0.12552039590611477, 0.049924980630547636, 0.8577895269705079, 0.5546829363883087, 0.8129304733825841, 0.4881753265478678, 0.9896381286090697, 0.6548760531718276, 0.2189033900186595, 0.42645146245862847, 0.11705277293163], BATTLES: 283-236-214-394-290-288-399-306-328-
35, 12, -2652.0, [0.37496307889296987, 0.9142584095266073, 0.008105802699326141, 0.05221081068345386, 0.774875440224083, 0.86449252400256, 0.01430626942759701, 0.01833853586519875, 0.7692535583153315, 0.6367246369561516, 0.9779985451890406, 0.005094762329396334, 0.985276101895057, 0.4041533532901048, 0.2163685825260469, 0.03464333866531836, 0.06984595214357187, 0.8315705320735343, 0.12769700608018503, 0.7847731898803694, 0.7741252119414739, 0.9910265211500326, 0.7832250116155218, 0.5268081072902541, 0.96034603366469, 0.13524582288968723, 0.8980498228544426, 0.7902118255939222, 0.27516409840742284, 0.3880698607131122, 0.841973617562157, 0.9991732266519971, 0.9949818728350937, 0.28883358148672555, 0.7432870030910975, 0.9529706221340394, 0.39407125932284404, 0.04958485745214289, 0.39363735976645936, 0.013591229564129503, 0.008659366056124303, 0.04240362771422432, 0.8741929784446989, 0.7453138583969621, 0.7556204039229701, 0.015938692527797768, 0.2325629776736061, 0.2479465876530724, 0.9820572037314744, 0.14606212893634002, 0.9556504690197266, 0.10450413967743817, 0.06726201430723353, 0.5421424797412944, 0.9798679292750133, 0.7092657969867678, 0.8396974345533383, 0.5996160909179341, 0.997070814140543, 0.22438417930838883, 0.4311719716519053, 0.48946225204831717, 0.022765975500804628], BATTLES: 284-195-209-389-311-282-389-279-314-
35, 13, -2573.0, [0.34327588711556517, 0.7891887080008344, 0.05027938089401068, 0.046287316833951944, 0.8291760742205191, 0.9903604652570484, 0.020651940738640472, 0.07885144489643123, 0.4061271264605395, 0.48873828480146303, 0.8719195351359352, 0.015837711570085133, 0.966855231248497, 0.5988500129000172, 0.196049154328802, 0.13382376434193874, 0.12034521298897656, 0.8028977168147355, 0.008244979988931426, 0.6251640700310855, 0.48936027161014706, 0.9769518511595082, 0.8511928140351707, 0.5248288124357222, 0.9751023394909294, 0.11617331944381026, 0.9110668139386584, 0.8766902814119825, 0.1334205155614053, 0.22594365112199827, 0.8300431658966206, 0.998509415170195, 0.970463352166595, 0.24725327088602592, 0.8089108224922879, 0.9905494549885405, 0.5930908406205949, 0.1741296590709751, 0.9331337273587759, 0.07811275713549012, 0.04169818710732627, 0.04857461886009448, 0.7244828843636929, 0.9018878555087698, 0.55121742941993, 0.2021090036132691, 0.1513633952101976, 0.1730866737249734, 0.862971988600745, 0.08668820771977617, 0.8170506182927219, 0.10697607893313099, 0.029174044169530643, 0.04014499580287892, 0.894793548909118, 0.8328790838591661, 0.8136766044272752, 0.4384622504649444, 0.9398662297573671, 0.48618683885795805, 0.6197102609714318, 0.3321731415569212, 0.00722506946230822], BATTLES: 301-199-192-391-293-242-369-308-278-
35, 14, -2620.0, [0.3830360242725218, 0.8485920908763277, 0.016498288005140395, 0.037709704352146725, 0.9090381691436225, 0.9848370538018143, 0.054619959956245814, 0.05635906005625478, 0.5162513336604467, 0.40458903849887173, 0.7963161965884136, 0.04803963423027825, 0.9937896263909782, 0.29021816767113395, 0.0626226550873981, 0.0027434282267615323, 0.006972469176348792, 0.9806205756459234, 0.007315144969245561, 0.6141976548539635, 0.8788268859954632, 0.988282502920434, 0.7632067986316518, 0.6952765515111283, 0.959360543380963, 0.11863322784929795, 0.8560980648014582, 0.6312652618219207, 0.04303712741039988, 0.38656737500333366, 0.8941752670657135, 0.9726917226925156, 0.979590323894435, 0.6487490725461181, 0.6638162151365911, 0.9842736842745636, 0.984271551779042, 0.14397286756817676, 0.7354403343861993, 0.1043589529745865, 0.01574329012594726, 0.07828247775344557, 0.8667744250601862, 0.798637335216472, 0.8273195437860625, 0.021667471433478202, 0.5015738072375855, 0.0658395529998101, 0.7151319108909686, 0.0106675622329934, 0.8907333844157945, 0.09112003051089368, 0.18353519529238935, 0.032446195216583484, 0.8258960489643743, 0.60527514746946, 0.9767411543624426, 0.374305445918042, 0.9787937502783403, 0.530590779881171, 0.3689080422743125, 0.38448214315849866, 0.03709362485672016], BATTLES: 286-187-194-370-308-243-392-345-295-
36, 0, -2691.0, [0.36043707376600864, 0.7668494579987432, 0.04231732550764809, 0.05153155003152597, 0.7688006876569224, 0.9015669920385891, 0.0005741210607711532, 0.06400706967411121, 0.4636507092295967, 0.5171465534590027, 0.8833614934088023, 0.008578539983011703, 0.9511220138685056, 0.390174991580022, 0.13267927046770933, 0.042674956523261406, 0.09388673065343882, 0.870536532053821, 0.06141847939087924, 0.5664933212848549, 0.7704697530650337, 0.8218396488547322, 0.7054238035075645, 0.570189883945391, 0.9855906457866704, 0.06274539626096423, 0.855788438689167, 0.8000353631804338, 0.16455078653948113, 0.13738254006789025, 0.8896149716532332, 0.9659145667997785, 0.9950972502669219, 0.5529003757446375, 0.8817660900097716, 0.9735296139978977, 0.9241815437867467, 0.22263051388805966, 0.5077726144761844, 0.030998737915848534, 0.024836214054423808, 0.09332059852142147, 0.8375685886161909, 0.7642491010631032, 0.7364398065698833, 0.20050393512763048, 0.3240209215327105, 0.10911766064452427, 0.8770446323606869, 0.0512879149396756, 0.8437710906007135, 0.11114384497412895, 0.19737775513482334, 0.342384341420493, 0.8741687772142814, 0.6228144840948593, 0.8618800318820198, 0.4681773635822932, 0.975671863679799, 0.31770302376247833, 0.49425669655793814, 0.47751292878838386, 0.016807250822435574], BATTLES: 321-222-199-380-299-253-383-334-300-
36, 1, -2619.0, [0.34297819533509566, 0.9023468512762071, 0.033978924575269964, 0.05145943822662497, 0.9338216481990562, 0.9259970306825992, 0.024501403046530538, 0.18249658507018554, 0.26642993264975934, 0.7826282424823018, 0.8525067174187295, 0.03895591482756883, 0.9609952373182284, 0.5484143312311482, 0.18261703847620211, 0.18979725887372398, 0.1514276782899452, 0.5970067829185847, 0.029293964408790556, 0.42399401554743454, 0.8321735129662879, 0.985078218071422, 0.8373258528121238, 0.49180019273855996, 0.9999351018411309, 0.1074745147016105, 0.8610671200499798, 0.8661422289746797, 0.06270603345852604, 0.1936462355017995, 0.7468429170636229, 0.9873863677439612, 0.9887577585460458, 0.4867081594725075, 0.7616551488749232, 0.9898934801470803, 0.9474115759627203, 0.0766507334531322, 0.9585990187428635, 0.0014294748250417155, 0.0012002320869056778, 0.011864679169476776, 0.9137183165282471, 0.8353278659010748, 0.8718505628407551, 0.151218825968064, 0.1378597020662849, 0.17360802026246716, 0.8130231750045365, 0.12833583676427904, 0.7154299005191751, 0.04323467343643905, 0.16599357244153368, 0.08332697411257459, 0.8626673225666663, 0.5959810801060721, 0.7042847284644609, 0.27094751528466265, 0.9140664237546092, 0.49567433518662896, 0.6177925421863588, 0.468542113237512, 0.05479402489803686], BATTLES: 290-186-192-405-271-246-398-338-293-
36, 2, -2618.0, [0.3249280128682055, 0.8553119529924669, 0.041152993605369705, 0.03299902195790323, 0.7668042430165023, 0.9702268971304634, 0.008824080266824456, 0.07592694556708414, 0.29430612645661414, 0.4692141397336836, 0.9165232573914519, 0.0021609686494137026, 0.9851580992737492, 0.44899317110801706, 0.18590573332000476, 0.0346361005048769, 0.055475409611884546, 0.887666461919279, 0.0008046975871988937, 0.5750047682303239, 0.4986697902490796, 0.8628702404714952, 0.9753457254184739, 0.48633958240501446, 0.9702171572952428, 0.34185573586723084, 0.93170585610843, 0.8411143883044347, 0.2052343428065163, 0.18421511579183728, 0.9201234285281585, 0.9878553398604242, 0.9764160954233942, 0.3339416459598581, 0.8745154353978208, 0.9537190053366645, 0.8087119944295403, 0.07445620503019085, 0.6027927179930067, 0.04595716127753152, 0.019762602621943307, 0.07311764232459689, 0.7323212449551507, 0.7685891911466064, 0.7264467277388955, 0.15477344957706024, 0.4054946530846392, 0.10786445196222055, 0.9720075565671327, 0.0781373760806828, 0.8013583016333726, 0.1374378777877698, 0.13831178728490237, 0.295447334103295, 0.9440860267840725, 0.7422200722077936, 0.7660445590969566, 0.7521280091925153, 0.9497902362223769, 0.12085554442894453, 0.783509723874024, 0.2585187290595062, 0.01995119240172022], BATTLES: 318-205-190-390-291-240-391-307-286-
36, 3, -2590.0, [0.38297104740042, 0.847740209320653, 0.028498896863419176, 0.04411650146314613, 0.7940508291307636, 0.8440722713667665, 0.003325369627517641, 0.09464584397198808, 0.36433027133760676, 0.4831318363089416, 0.818560102173686, 0.012135554058735022, 0.999379333705515, 0.388900847524437, 0.17932211997670844, 0.022185615566945725, 0.0105067669137335, 0.973422071682432, 0.06252252359632168, 0.6475837883723532, 0.9118586642893268, 0.9549303289989663, 0.9150527960358124, 0.5907909583650583, 0.9667178435140305, 0.14523440469259769, 0.7937831804210748, 0.7657694265543131, 0.05444895818187703, 0.4824142586582818, 0.9923286234346365, 0.993079401818515, 0.9428631314857041, 0.3578733149721212, 0.76957214379776, 0.9826652168552721, 0.8343725818697526, 0.03677409384035393, 0.2990611038235829, 0.027033926935333904, 0.019378739064282183, 0.005848469524884617, 0.9752100620481366, 0.7868577629248636, 0.9211020981370653, 0.010551300475124778, 0.012174493837583455, 0.211790446552206, 0.9848401453063891, 0.06420421681792168, 0.8746217255603228, 0.14549271121181095, 0.09369607383606679, 0.6825132307357269, 0.8664113819262841, 0.746325336518203, 0.8547773526676326, 0.7196317131741399, 0.982656181414479, 0.20982076815146794, 0.5426805115063874, 0.46414715956190583, 0.023387615101730756], BATTLES: 283-191-176-385-291-230-406-368-260-
36, 4, -2649.0, [0.36913950325786654, 0.8050373724110295, 0.010011015859306036, 0.029130447248008087, 0.8474434816057792, 0.9347603100541523, 0.05762719289765148, 0.12983791496979472, 0.44632096968046947, 0.38742392255838115, 0.7665648518919398, 0.0047881921175410725, 0.9946862277606499, 0.610774028412385, 0.1593988626391697, 0.14740361966162807, 0.06194915552842832, 0.9417477163061809, 0.04230703045304151, 0.7258755961516153, 0.7153157919926458, 0.8334129607909977, 0.8179132858251468, 0.701968727177281, 0.9532027287134441, 0.12796035083792548, 0.9056045106282162, 0.6557173483950736, 0.11301536644017471, 0.3379368570162402, 0.8853685323148468, 0.9876547077515518, 0.9859842494112776, 0.5974052219311605, 0.7196395310873843, 0.9763828141045261, 0.9045401025994108, 0.11084673418396797, 0.8032137549519175, 0.028123026653329573, 0.004493688708893265, 0.1413196619133202, 0.8931856679341827, 0.7996052442556679, 0.7616992290253366, 0.04497196651945151, 0.014133217774691537, 0.05489947706103404, 0.852473083379039, 0.11561745307730416, 0.8362894700826746, 0.05782939289029064, 0.0901731346515739, 0.09360325009013624, 0.8484843188269462, 0.6742707123752447, 0.8754038685418404, 0.5308808097193692, 0.9961682076445387, 0.5707308477694479, 0.12060110791698053, 0.4689309629561189, 0.11167403466279704], BATTLES: 293-187-181-396-295-266-397-322-312-
36, 5, -2553.0, [0.5108217228130735, 0.9087875711121536, 0.011890108133020844, 0.05559344178705458, 0.7534971645007382, 0.9559760911599003, 0.04879989043699744, 0.059541242967024476, 0.5010591755352676, 0.41993117492084076, 0.7904104466118129, 0.024959186591794354, 0.9549070402299442, 0.566130996050441, 0.3289182458882163, 0.1799164320809107, 0.08461276979082308, 0.9882537849583489, 0.1530119263429114, 0.8431887868436356, 0.7071981882056225, 0.7913255121687836, 0.9726145381389929, 0.5815979814906393, 0.9391716644738424, 0.2079253456656938, 0.9539111582983287, 0.8674616337223502, 0.1728888796742712, 0.1594902265978312, 0.821324760605339, 0.9842967369163204, 0.9155210598697179, 0.27921574326562, 0.7676477144272374, 0.9627074543441095, 0.8386037486487167, 0.051150610115584, 0.3089430434325957, 0.0014350340117300908, 0.009391215204813445, 0.0007888026925531796, 0.9774179860809113, 0.7366203326843848, 0.7950561754967985, 0.23632626155302394, 0.07676215633777755, 0.21365620515203332, 0.9957869614344056, 0.10798660145250656, 0.8578267891497385, 0.1103496946431052, 0.11799069057826349, 0.4224470417113319, 0.922175312250409, 0.6093798448410235, 0.7415744391315227, 0.7033005915539046, 0.9550143897635145, 0.3834224475473228, 0.7495316282980807, 0.41602805202124277, 0.07180563859977289], BATTLES: 298-188-192-396-272-238-377-312-280-
36, 6, -2719.0, [0.3539470942194965, 0.9740591430322558, 0.0027847941090498977, 0.015329478030355625, 0.8536074486794196, 0.9618916569235363, 0.001451443454922393, 0.09840713599188036, 0.35736928708358007, 0.7966478166135343, 0.7977470552805961, 0.008226575870185637, 0.9953105860509934, 0.118587974709456, 0.06561410127462138, 0.031483595709761586, 0.017245214926787343, 0.9929572698234265, 0.03256072507305013, 0.5918588609328885, 0.6419216625753081, 0.9317557681734551, 0.900593150197764, 0.9361441962766118, 0.9311758853467508, 0.1975463880854602, 0.8968564950072145, 0.7441689634552111, 0.12249533392258417, 0.3057212770161651, 0.8492346539896888, 0.9996950150939692, 0.9975759787904186, 0.017823782084917444, 0.7227389084031889, 0.9764535119999566, 0.3487624503286809, 0.049702764968002765, 0.6519321964327272, 0.012219215048293805, 0.017565957741386428, 0.049762004931120776, 0.9796846766819705, 0.6862130079372917, 0.7264341597863252, 0.1045361697566729, 0.10846890351601303, 0.11398038165717343, 0.9731521264687758, 0.17938895220303208, 0.8591757833674676, 0.09840477313667474, 0.055568031853384894, 0.058465479364069955, 0.8531577643937994, 0.41744810969644375, 0.7317074494389895, 0.64745118131243, 0.9734887718268064, 0.6379666472344914, 0.3726865475437041, 0.2552730469023368, 0.029365791272126678], BATTLES: 315-204-187-375-291-249-397-329-264-
36, 7, -2651.0, [0.3678900796382475, 0.8715914194296637, 0.008282772701243215, 0.051528382017242615, 0.8764112906349694, 0.9714378818706958, 0.012008787293756098, 0.13021714378381616, 0.3825931395192854, 0.7319825005065677, 0.8370888911332363, 0.021153018138447978, 0.9911958800444927, 0.5744787197080515, 0.07534047703937653, 0.02999109652542553, 0.05585706901094385, 0.9641743383408733, 0.04930007706684572, 0.6011661855421716, 0.6654931554728536, 0.916769074117746, 0.8415614486595193, 0.7246990726486431, 0.9758822390059677, 0.23024155757853654, 0.8604780396835527, 0.9506444085409997, 0.0018079334321645674, 0.3645212288109808, 0.9257019974730779, 0.9918789149889857, 0.9879644044723092, 0.5048298068500958, 0.7547898572883985, 0.9925906288100326, 0.7857457752268282, 0.07798882253016691, 0.7995292361262338, 0.0015215089847824825, 0.017482190063203368, 0.10751655972568767, 0.9145267327645681, 0.7904094793100592, 0.8173065773283331, 0.14534504697413614, 0.09843723743404113, 0.1639255713247696, 0.9051697390609765, 0.05350135037773303, 0.7284016764339629, 0.0883557779589188, 0.0754601809167389, 0.30018048946763576, 0.8285630503636138, 0.7074736861094194, 0.781477257718728, 0.5704247022483001, 0.9676156218543697, 0.5746339610048617, 0.551873988119655, 0.37184526605004564, 0.04301051516223109], BATTLES: 266-212-189-372-301-248-415-347-296-
36, 8, -2654.0, [0.38628934826729344, 0.7776314122451305, 0.04468771022993345, 0.0377224167777066, 0.7270460331102322, 0.9229908525716225, 0.008252887225746406, 0.17097928749537789, 0.525633230270554, 0.6898990704318939, 0.8462329594053013, 0.00383012824408091, 0.9925909351648305, 0.5828819536881777, 0.12943102307030543, 0.08165736612049458, 0.06369007903382391, 0.9960013266298369, 0.04441164522562423, 0.5738407421052893, 0.6583012751932219, 0.9726545985810893, 0.6579109375580554, 0.5882287896034425, 0.991146874445832, 0.07751970680303258, 0.8011325731213308, 0.7988018093383655, 0.0343750117735619, 0.5955302566931703, 0.9812503154461634, 0.9888483972431937, 0.9935623471935572, 0.8383371849693639, 0.6455702987109483, 0.9916035858390578, 0.960769714893138, 0.14783052850740278, 0.9096054079323108, 0.01288226276735624, 0.03596820686791419, 0.08145026056801806, 0.885260510329736, 0.7700150681725242, 0.7438206687581822, 0.11477164494958472, 0.04870442899495392, 0.06384324734204193, 0.9089216777860976, 0.051999444414755173, 0.889547106414091, 0.046140820028523405, 0.16129094446537148, 0.17927488331942593, 0.8292165003080265, 0.40270130098157875, 0.9580615707400613, 0.4399702525597085, 0.9413877501319148, 0.751830034849788, 0.6091893754242306, 0.4714894478339869, 0.002429323482780868], BATTLES: 270-189-197-409-291-252-402-325-281-
36, 9, -2677.0, [0.44144805383142344, 0.9613532463450695, 0.006586500541926432, 0.04696926349060241, 0.9270658942925053, 0.9824571540475843, 0.011804671327486586, 0.125628652479069, 0.45370757056326183, 0.8581775944545016, 0.9583642068942392, 0.019713519751753797, 0.9970689145876525, 0.6048611471641299, 0.107527931948964, 0.15177942504310554, 0.016697139212595816, 0.9429560929588238, 0.004170799667246693, 0.6227346537347689, 0.5874044603512912, 0.8939373507880549, 0.8956087505076207, 0.7571845714104413, 0.9956610413454272, 0.02180558831776208, 0.689921214005937, 0.7521345860872135, 0.1312495854978793, 0.6108122630920191, 0.8165624508509749, 0.9928016856903137, 0.9698827624807858, 0.23674267505677274, 0.7916368240709893, 0.9936060859450776, 0.6955134806633526, 0.035409278495558, 0.9823865526773207, 0.18727606946552408, 0.0012176535879975612, 0.08168088184658165, 0.8304789281429715, 0.7097497335923568, 0.8351346525789576, 0.19952845442768835, 0.35653924986233526, 0.19113714750311184, 0.8070918200671641, 0.09660594227366806, 0.9289616415042297, 0.06585432903016245, 0.04891439113180381, 0.13883196544678797, 0.9610981216809249, 0.8136231308034775, 0.7769576361828191, 0.33567088143815527, 0.9522383145756624, 0.50570562325521, 0.22771841290534978, 0.28914981068712275, 0.06170786502918056], BATTLES: 299-213-185-377-290-257-392-314-295-
36, 10, -2623.0, [0.17228215700191443, 0.90821939263555, 0.024803711457628518, 0.0025110271150062535, 0.9131076105967317, 0.9887314299308365, 0.015499203553016974, 0.1466406609944928, 0.2140506315358384, 0.4648796243437831, 0.7826742556095443, 0.0017341102913133143, 0.9954293493753026, 0.5721051998967711, 0.13134866245278437, 0.11438647597065399, 0.1226101628329786, 0.9948742875737739, 0.03690971489551555, 0.36612497533395827, 0.43987908645361484, 0.920783379644173, 0.9020840499152477, 0.5739606624775977, 0.9840466116867778, 0.11699524441599425, 0.9736303103645476, 0.7864639959433167, 0.044341490016848416, 0.3408092658550117, 0.8432612340686299, 0.9924229449579209, 0.9288717448393052, 0.05157398567759919, 0.8973161846763398, 0.9805646812226904, 0.8245897873831862, 0.17317212831869128, 0.8060565441925911, 0.03983309289308244, 0.03712533519213415, 0.02616614044479862, 0.718807566840605, 0.8222563906808583, 0.8171239927257533, 0.09604764195835526, 0.3244602425079665, 0.06022855851005754, 0.997243986773142, 0.12357214072995325, 0.720087181575647, 0.1217834186933417, 0.11922639557768891, 0.293555003033129, 0.8572001748192639, 0.4512382988931305, 0.7944884655200327, 0.4906578443072354, 0.9464192412890954, 0.5634823805212332, 0.1534398829136273, 0.20821749752875376, 0.05352327722167983], BATTLES: 275-184-179-361-293-250-413-329-280-
36, 11, -2644.0, [0.4300494708266593, 0.88327024006755, 0.006132054008506818, 0.05743187585778141, 0.9443738703642424, 0.9978433443270724, 0.03615739002508986, 0.16040769855071174, 0.32662543466687954, 0.8327170298318737, 0.8269982894102901, 0.02008054427684273, 0.9944731780409878, 0.49314180261748575, 0.09895387155782016, 0.09951492321685708, 0.08739031517125606, 0.9838331003826953, 0.055960693185274225, 0.6627666447867749, 0.7975853943024609, 0.9797313203664941, 0.6561757622560112, 0.5156592305990447, 0.9646724112262881, 0.012034013844427423, 0.7918765678836359, 0.9557473921685908, 0.06488012074833899, 0.5098073034645396, 0.819317527527703, 0.9965738351876761, 0.985675081626742, 0.5085776859514346, 0.7592943849119544, 0.9935405144813444, 0.8682852399634707, 0.03592288287695922, 0.6650128665728937, 0.03992044527489042, 0.011504158023601016, 0.07729748765957273, 0.989253841224055, 0.7707198988791057, 0.8424024026222333, 0.07808767266714765, 0.019958325887479228, 0.13398828104188643, 0.8535650357273211, 0.09117033303670521, 0.8250324097140549, 0.09527301146087028, 0.11048052341648366, 0.2991908041290196, 0.8577895269705079, 0.5891459511586981, 0.7568486523783235, 0.5579288940997258, 0.9863676496576207, 0.6548760531718276, 0.34429821427577734, 0.42645146245862847, 0.11705277293163], BATTLES: 286-197-187-376-296-260-373-305-302-
36, 12, -2655.0, [0.46692937763070047, 0.9142584095266073, 0.006721239945187138, 0.05221081068345386, 0.8529736295416485, 0.86449252400256, 0.007153134713798505, 0.06257574477730435, 0.4914655309268507, 0.960549225162781, 0.9656561638726854, 0.0027845830913065207, 0.9917418490963527, 0.138587359060268, 0.2225629857888477, 0.03189973647917603, 0.01154887616815884, 0.9358413533069411, 0.056245844286586154, 0.5620334017753802, 0.4723027881222316, 0.9955132605750163, 0.7832250116155218, 0.9023947164190345, 0.9660850807875301, 0.22580086344614586, 0.7389738346243249, 0.7652000391635856, 0.18895240314624928, 0.4456584026997577, 0.8591257173578202, 0.9995866133259985, 0.9863197078483504, 0.28883358148672555, 0.7432870030910975, 0.9919775709386238, 0.39407125932284404, 0.03958997520043981, 0.7841124091084164, 0.12261089505999237, 0.021434194694737174, 0.1064683389000891, 0.9093577255843969, 0.6497894500572302, 0.5840412078974133, 0.17614296983708877, 0.2325629776736061, 0.1858942500363005, 0.981190326059022, 0.03277324523994471, 0.8991735826157711, 0.09765767154723035, 0.09683690782833856, 0.48878530306598944, 0.9701437370306877, 0.8057593400199008, 0.6938563444803367, 0.562368810147634, 0.997070814140543, 0.3197098390857741, 0.76968954037191, 0.18110143903489256, 0.018967935733961112], BATTLES: 291-197-203-379-287-256-351-271-293-
36, 13, -2653.0, [0.34327588711556517, 0.7891887080008344, 0.05027938089401068, 0.046287316833951944, 0.8291760742205191, 0.9903604652570484, 0.020651940738640472, 0.07885144489643123, 0.4061271264605395, 0.48873828480146303, 0.8719195351359352, 0.015837711570085133, 0.966855231248497, 0.5988500129000172, 0.196049154328802, 0.13382376434193874, 0.12034521298897656, 0.8028977168147355, 0.008244979988931426, 0.6251640700310855, 0.48936027161014706, 0.9769518511595082, 0.8511928140351707, 0.5248288124357222, 0.9751023394909294, 0.11617331944381026, 0.9110668139386584, 0.8766902814119825, 0.1334205155614053, 0.22594365112199827, 0.8300431658966206, 0.998509415170195, 0.970463352166595, 0.24725327088602592, 0.8089108224922879, 0.9905494549885405, 0.5930908406205949, 0.1741296590709751, 0.9331337273587759, 0.07811275713549012, 0.04169818710732627, 0.04857461886009448, 0.7244828843636929, 0.9018878555087698, 0.55121742941993, 0.2021090036132691, 0.1513633952101976, 0.1730866737249734, 0.862971988600745, 0.08668820771977617, 0.8170506182927219, 0.10697607893313099, 0.029174044169530643, 0.04014499580287892, 0.894793548909118, 0.8328790838591661, 0.8136766044272752, 0.4384622504649444, 0.9398662297573671, 0.48618683885795805, 0.6197102609714318, 0.3321731415569212, 0.00722506946230822], BATTLES: 289-189-197-394-299-263-418-300-304-
36, 14, -2590.0, [0.3830360242725218, 0.8485920908763277, 0.016498288005140395, 0.037709704352146725, 0.9090381691436225, 0.9848370538018143, 0.054619959956245814, 0.05635906005625478, 0.5162513336604467, 0.40458903849887173, 0.7963161965884136, 0.04803963423027825, 0.9937896263909782, 0.29021816767113395, 0.0626226550873981, 0.0027434282267615323, 0.006972469176348792, 0.9806205756459234, 0.007315144969245561, 0.6141976548539635, 0.8788268859954632, 0.988282502920434, 0.7632067986316518, 0.6952765515111283, 0.959360543380963, 0.11863322784929795, 0.8560980648014582, 0.6312652618219207, 0.04303712741039988, 0.38656737500333366, 0.8941752670657135, 0.9726917226925156, 0.979590323894435, 0.6487490725461181, 0.6638162151365911, 0.9842736842745636, 0.984271551779042, 0.14397286756817676, 0.7354403343861993, 0.1043589529745865, 0.01574329012594726, 0.07828247775344557, 0.8667744250601862, 0.798637335216472, 0.8273195437860625, 0.021667471433478202, 0.5015738072375855, 0.0658395529998101, 0.7151319108909686, 0.0106675622329934, 0.8907333844157945, 0.09112003051089368, 0.18353519529238935, 0.032446195216583484, 0.8258960489643743, 0.60527514746946, 0.9767411543624426, 0.374305445918042, 0.9787937502783403, 0.530590779881171, 0.3689080422743125, 0.38448214315849866, 0.03709362485672016], BATTLES: 260-189-202-382-307-243-408-327-272-
37, 0, -2640.0, [0.36043707376600864, 0.7668494579987432, 0.04231732550764809, 0.05153155003152597, 0.7688006876569224, 0.9015669920385891, 0.0005741210607711532, 0.06400706967411121, 0.4636507092295967, 0.5171465534590027, 0.8833614934088023, 0.008578539983011703, 0.9511220138685056, 0.390174991580022, 0.13267927046770933, 0.042674956523261406, 0.09388673065343882, 0.870536532053821, 0.06141847939087924, 0.5664933212848549, 0.7704697530650337, 0.8218396488547322, 0.7054238035075645, 0.570189883945391, 0.9855906457866704, 0.06274539626096423, 0.855788438689167, 0.8000353631804338, 0.16455078653948113, 0.13738254006789025, 0.8896149716532332, 0.9659145667997785, 0.9950972502669219, 0.5529003757446375, 0.8817660900097716, 0.9735296139978977, 0.9241815437867467, 0.22263051388805966, 0.5077726144761844, 0.030998737915848534, 0.024836214054423808, 0.09332059852142147, 0.8375685886161909, 0.7642491010631032, 0.7364398065698833, 0.20050393512763048, 0.3240209215327105, 0.10911766064452427, 0.8770446323606869, 0.0512879149396756, 0.8437710906007135, 0.11114384497412895, 0.19737775513482334, 0.342384341420493, 0.8741687772142814, 0.6228144840948593, 0.8618800318820198, 0.4681773635822932, 0.975671863679799, 0.31770302376247833, 0.49425669655793814, 0.47751292878838386, 0.016807250822435574], BATTLES: 296-221-176-381-287-277-388-323-291-
37, 1, -2616.0, [0.34297819533509566, 0.9023468512762071, 0.033978924575269964, 0.05145943822662497, 0.9338216481990562, 0.9259970306825992, 0.024501403046530538, 0.18249658507018554, 0.26642993264975934, 0.7826282424823018, 0.8525067174187295, 0.03895591482756883, 0.9609952373182284, 0.5484143312311482, 0.18261703847620211, 0.18979725887372398, 0.1514276782899452, 0.5970067829185847, 0.029293964408790556, 0.42399401554743454, 0.8321735129662879, 0.985078218071422, 0.8373258528121238, 0.49180019273855996, 0.9999351018411309, 0.1074745147016105, 0.8610671200499798, 0.8661422289746797, 0.06270603345852604, 0.1936462355017995, 0.7468429170636229, 0.9873863677439612, 0.9887577585460458, 0.4867081594725075, 0.7616551488749232, 0.9898934801470803, 0.9474115759627203, 0.0766507334531322, 0.9585990187428635, 0.0014294748250417155, 0.0012002320869056778, 0.011864679169476776, 0.9137183165282471, 0.8353278659010748, 0.8718505628407551, 0.151218825968064, 0.1378597020662849, 0.17360802026246716, 0.8130231750045365, 0.12833583676427904, 0.7154299005191751, 0.04323467343643905, 0.16599357244153368, 0.08332697411257459, 0.8626673225666663, 0.5959810801060721, 0.7042847284644609, 0.27094751528466265, 0.9140664237546092, 0.49567433518662896, 0.6177925421863588, 0.468542113237512, 0.05479402489803686], BATTLES: 281-198-158-401-292-236-414-347-289-
37, 2, -2621.0, [0.3249280128682055, 0.8553119529924669, 0.041152993605369705, 0.03299902195790323, 0.7668042430165023, 0.9702268971304634, 0.008824080266824456, 0.07592694556708414, 0.29430612645661414, 0.4692141397336836, 0.9165232573914519, 0.0021609686494137026, 0.9851580992737492, 0.44899317110801706, 0.18590573332000476, 0.0346361005048769, 0.055475409611884546, 0.887666461919279, 0.0008046975871988937, 0.5750047682303239, 0.4986697902490796, 0.8628702404714952, 0.9753457254184739, 0.48633958240501446, 0.9702171572952428, 0.34185573586723084, 0.93170585610843, 0.8411143883044347, 0.2052343428065163, 0.18421511579183728, 0.9201234285281585, 0.9878553398604242, 0.9764160954233942, 0.3339416459598581, 0.8745154353978208, 0.9537190053366645, 0.8087119944295403, 0.07445620503019085, 0.6027927179930067, 0.04595716127753152, 0.019762602621943307, 0.07311764232459689, 0.7323212449551507, 0.7685891911466064, 0.7264467277388955, 0.15477344957706024, 0.4054946530846392, 0.10786445196222055, 0.9720075565671327, 0.0781373760806828, 0.8013583016333726, 0.1374378777877698, 0.13831178728490237, 0.295447334103295, 0.9440860267840725, 0.7422200722077936, 0.7660445590969566, 0.7521280091925153, 0.9497902362223769, 0.12085554442894453, 0.783509723874024, 0.2585187290595062, 0.01995119240172022], BATTLES: 292-182-186-383-307-256-407-334-274-
37, 3, -2607.0, [0.38297104740042, 0.847740209320653, 0.028498896863419176, 0.04411650146314613, 0.7940508291307636, 0.8440722713667665, 0.003325369627517641, 0.09464584397198808, 0.36433027133760676, 0.4831318363089416, 0.818560102173686, 0.012135554058735022, 0.999379333705515, 0.388900847524437, 0.17932211997670844, 0.022185615566945725, 0.0105067669137335, 0.973422071682432, 0.06252252359632168, 0.6475837883723532, 0.9118586642893268, 0.9549303289989663, 0.9150527960358124, 0.5907909583650583, 0.9667178435140305, 0.14523440469259769, 0.7937831804210748, 0.7657694265543131, 0.05444895818187703, 0.4824142586582818, 0.9923286234346365, 0.993079401818515, 0.9428631314857041, 0.3578733149721212, 0.76957214379776, 0.9826652168552721, 0.8343725818697526, 0.03677409384035393, 0.2990611038235829, 0.027033926935333904, 0.019378739064282183, 0.005848469524884617, 0.9752100620481366, 0.7868577629248636, 0.9211020981370653, 0.010551300475124778, 0.012174493837583455, 0.211790446552206, 0.9848401453063891, 0.06420421681792168, 0.8746217255603228, 0.14549271121181095, 0.09369607383606679, 0.6825132307357269, 0.8664113819262841, 0.746325336518203, 0.8547773526676326, 0.7196317131741399, 0.982656181414479, 0.20982076815146794, 0.5426805115063874, 0.46414715956190583, 0.023387615101730756], BATTLES: 289-204-149-385-299-239-415-354-273-
37, 4, -2645.0, [0.36913950325786654, 0.8050373724110295, 0.010011015859306036, 0.029130447248008087, 0.8474434816057792, 0.9347603100541523, 0.05762719289765148, 0.12983791496979472, 0.44632096968046947, 0.38742392255838115, 0.7665648518919398, 0.0047881921175410725, 0.9946862277606499, 0.610774028412385, 0.1593988626391697, 0.14740361966162807, 0.06194915552842832, 0.9417477163061809, 0.04230703045304151, 0.7258755961516153, 0.7153157919926458, 0.8334129607909977, 0.8179132858251468, 0.701968727177281, 0.9532027287134441, 0.12796035083792548, 0.9056045106282162, 0.6557173483950736, 0.11301536644017471, 0.3379368570162402, 0.8853685323148468, 0.9876547077515518, 0.9859842494112776, 0.5974052219311605, 0.7196395310873843, 0.9763828141045261, 0.9045401025994108, 0.11084673418396797, 0.8032137549519175, 0.028123026653329573, 0.004493688708893265, 0.1413196619133202, 0.8931856679341827, 0.7996052442556679, 0.7616992290253366, 0.04497196651945151, 0.014133217774691537, 0.05489947706103404, 0.852473083379039, 0.11561745307730416, 0.8362894700826746, 0.05782939289029064, 0.0901731346515739, 0.09360325009013624, 0.8484843188269462, 0.6742707123752447, 0.8754038685418404, 0.5308808097193692, 0.9961682076445387, 0.5707308477694479, 0.12060110791698053, 0.4689309629561189, 0.11167403466279704], BATTLES: 284-200-201-405-313-255-400-304-283-
37, 5, -2571.0, [0.5108217228130735, 0.7992866882406491, 0.011890108133020844, 0.05559344178705458, 0.7919642285691143, 0.9687025579451188, 0.016455854950929265, 0.059541242967024476, 0.40759051016782233, 0.5352622561709129, 0.9217189703763001, 0.014315607723754856, 0.9492164366096973, 0.566130996050441, 0.16213675754207604, 0.09395834876749207, 0.08461276979082308, 0.884562658858768, 0.1530119263429114, 0.6643198373892709, 0.7071981882056225, 0.8767733132565902, 0.8931164900366231, 0.5815979814906393, 0.9391716644738424, 0.17714203678080964, 0.9539111582983287, 0.8674616337223502, 0.1728888796742712, 0.1594902265978312, 0.821324760605339, 0.9842967369163204, 0.9663761296924684, 0.39653884348562474, 0.7676477144272374, 0.9565889410213219, 0.8215666299080499, 0.1286369030963993, 0.3089430434325957, 0.0014350340117300908, 0.004695607602406723, 0.03103923585126064, 0.7952127007675531, 0.7366203326843848, 0.8086567675333381, 0.2613884942414415, 0.07676215633777755, 0.21365620515203332, 0.9957869614344056, 0.10798660145250656, 0.7859813133121806, 0.1308060824585156, 0.1727243075888605, 0.3375184875351287, 0.9592385456351142, 0.5942921616175949, 0.7415744391315227, 0.7033005915539046, 0.9670693211898946, 0.19103376876408532, 0.7495316282980807, 0.41602805202124277, 0.035902819299886445], BATTLES: 274-188-158-393-280-230-386-316-290-
37, 6, -2674.0, [0.3539470942194965, 0.9740591430322558, 0.0027847941090498977, 0.015329478030355625, 0.8536074486794196, 0.9618916569235363, 0.001451443454922393, 0.09840713599188036, 0.35736928708358007, 0.7966478166135343, 0.7977470552805961, 0.008226575870185637, 0.9646017237849902, 0.1891190654271928, 0.03280705063731069, 0.09709418341104797, 0.017245214926787343, 0.7873373379945903, 0.03256072507305013, 0.5918588609328885, 0.6859411028079125, 0.9658778840867275, 0.7966838818583566, 0.9361441962766118, 0.9843224014644041, 0.1975463880854602, 0.8968564950072145, 0.8824021040803139, 0.12249533392258417, 0.2559704375934627, 0.8492346539896888, 0.9996950150939692, 0.9987879893952093, 0.017823782084917444, 0.8202787283875087, 0.9764535119999566, 0.3487624503286809, 0.16525558503065985, 0.6519321964327272, 0.0061096075241469025, 0.017565957741386428, 0.049762004931120776, 0.9796846766819705, 0.7389633222188825, 0.7264341597863252, 0.1045361697566729, 0.17236585630870646, 0.08491079019124695, 0.9731521264687758, 0.12730651326741696, 0.8591757833674676, 0.1125361807552954, 0.19088573336312625, 0.058465479364069955, 0.8531577643937994, 0.41744810969644375, 0.7317074494389895, 0.47442966803579545, 0.9734887718268064, 0.514588480148118, 0.3726865475437041, 0.3265683881203706, 0.029365791272126678], BATTLES: 292-201-186-375-307-261-392-340-304-
37, 7, -2665.0, [0.3678900796382475, 0.8715914194296637, 0.008282772701243215, 0.051528382017242615, 0.8764112906349694, 0.9714378818706958, 0.012008787293756098, 0.13021714378381616, 0.3825931395192854, 0.7319825005065677, 0.8370888911332363, 0.021153018138447978, 0.9911958800444927, 0.5744787197080515, 0.07534047703937653, 0.02999109652542553, 0.05585706901094385, 0.9641743383408733, 0.04930007706684572, 0.6011661855421716, 0.6654931554728536, 0.916769074117746, 0.8415614486595193, 0.7246990726486431, 0.9758822390059677, 0.23024155757853654, 0.8604780396835527, 0.9506444085409997, 0.0018079334321645674, 0.3645212288109808, 0.9257019974730779, 0.9918789149889857, 0.9879644044723092, 0.5048298068500958, 0.7547898572883985, 0.9925906288100326, 0.7857457752268282, 0.07798882253016691, 0.7995292361262338, 0.0015215089847824825, 0.017482190063203368, 0.10751655972568767, 0.9145267327645681, 0.7904094793100592, 0.8173065773283331, 0.14534504697413614, 0.09843723743404113, 0.1639255713247696, 0.9051697390609765, 0.05350135037773303, 0.7284016764339629, 0.0883557779589188, 0.0754601809167389, 0.30018048946763576, 0.8285630503636138, 0.7074736861094194, 0.781477257718728, 0.5704247022483001, 0.9676156218543697, 0.5746339610048617, 0.551873988119655, 0.37184526605004564, 0.04301051516223109], BATTLES: 292-191-206-389-304-269-380-328-306-
37, 8, -2595.0, [0.38628934826729344, 0.7776314122451305, 0.04468771022993345, 0.0377224167777066, 0.7270460331102322, 0.9229908525716225, 0.008252887225746406, 0.17097928749537789, 0.525633230270554, 0.6898990704318939, 0.8462329594053013, 0.00383012824408091, 0.9925909351648305, 0.5828819536881777, 0.12943102307030543, 0.08165736612049458, 0.06369007903382391, 0.9960013266298369, 0.04441164522562423, 0.5738407421052893, 0.6583012751932219, 0.9726545985810893, 0.6579109375580554, 0.5882287896034425, 0.991146874445832, 0.07751970680303258, 0.8011325731213308, 0.7988018093383655, 0.0343750117735619, 0.5955302566931703, 0.9812503154461634, 0.9888483972431937, 0.9935623471935572, 0.8383371849693639, 0.6455702987109483, 0.9916035858390578, 0.960769714893138, 0.14783052850740278, 0.9096054079323108, 0.01288226276735624, 0.03596820686791419, 0.08145026056801806, 0.885260510329736, 0.7700150681725242, 0.7438206687581822, 0.11477164494958472, 0.04870442899495392, 0.06384324734204193, 0.9089216777860976, 0.051999444414755173, 0.889547106414091, 0.046140820028523405, 0.16129094446537148, 0.17927488331942593, 0.8292165003080265, 0.40270130098157875, 0.9580615707400613, 0.4399702525597085, 0.9413877501319148, 0.751830034849788, 0.6091893754242306, 0.4714894478339869, 0.002429323482780868], BATTLES: 274-195-194-387-276-269-382-330-288-
37, 9, -2675.0, [0.44144805383142344, 0.9613532463450695, 0.006586500541926432, 0.04696926349060241, 0.9270658942925053, 0.9824571540475843, 0.011804671327486586, 0.125628652479069, 0.45370757056326183, 0.8581775944545016, 0.9583642068942392, 0.019713519751753797, 0.9970689145876525, 0.6048611471641299, 0.107527931948964, 0.15177942504310554, 0.016697139212595816, 0.9429560929588238, 0.004170799667246693, 0.6227346537347689, 0.5874044603512912, 0.8939373507880549, 0.8956087505076207, 0.7571845714104413, 0.9956610413454272, 0.02180558831776208, 0.689921214005937, 0.7521345860872135, 0.1312495854978793, 0.6108122630920191, 0.8165624508509749, 0.9928016856903137, 0.9698827624807858, 0.23674267505677274, 0.7916368240709893, 0.9936060859450776, 0.6955134806633526, 0.035409278495558, 0.9823865526773207, 0.18727606946552408, 0.0012176535879975612, 0.08168088184658165, 0.8304789281429715, 0.7097497335923568, 0.8351346525789576, 0.19952845442768835, 0.35653924986233526, 0.19113714750311184, 0.8070918200671641, 0.09660594227366806, 0.9289616415042297, 0.06585432903016245, 0.04891439113180381, 0.13883196544678797, 0.9610981216809249, 0.8136231308034775, 0.7769576361828191, 0.33567088143815527, 0.9522383145756624, 0.50570562325521, 0.22771841290534978, 0.28914981068712275, 0.06170786502918056], BATTLES: 290-210-194-402-323-257-382-327-290-
37, 10, -2670.0, [0.17228215700191443, 0.90821939263555, 0.010535393246835289, 0.031486875712195675, 0.928201813673586, 0.9887314299308365, 0.015499203553016974, 0.1466406609944928, 0.23072376922422252, 0.6849103106583929, 0.7826742556095443, 0.0017341102913133143, 0.9954293493753026, 0.29457550727021015, 0.03762901078412035, 0.11438647597065399, 0.1226101628329786, 0.9948742875737739, 0.0602030758094292, 0.5100575213746652, 0.43987908645361484, 0.9682954109956967, 0.9020840499152477, 0.5739606624775977, 0.9450023022029841, 0.06088308506368384, 0.9736303103645476, 0.8656706052071406, 0.044341490016848416, 0.3408092658550117, 0.8475469033044615, 0.9924229449579209, 0.9288717448393052, 0.05157398567759919, 0.7957191400100703, 0.9805646812226904, 0.6757902831640472, 0.17317212831869128, 0.8060565441925911, 0.01991654644654122, 0.03712533519213415, 0.01308307022239931, 0.718807566840605, 0.7853956352363122, 0.8874822137894053, 0.09604764195835526, 0.05314869172256381, 0.10171960601928658, 0.998621993386571, 0.12357214072995325, 0.720087181575647, 0.1217834186933417, 0.10671332210856639, 0.293555003033129, 0.8572001748192639, 0.3244296893161192, 0.7944884655200327, 0.6767710758205717, 0.9464192412890954, 0.5634823805212332, 0.1534398829136273, 0.2987364060830451, 0.06883622067202316], BATTLES: 292-216-215-375-273-260-425-324-270-
37, 11, -2680.0, [0.4300494708266593, 0.88327024006755, 0.006132054008506818, 0.05743187585778141, 0.9443738703642424, 0.9978433443270724, 0.03615739002508986, 0.16040769855071174, 0.32662543466687954, 0.8327170298318737, 0.8269982894102901, 0.02008054427684273, 0.9944731780409878, 0.49314180261748575, 0.09895387155782016, 0.09951492321685708, 0.08739031517125606, 0.9838331003826953, 0.055960693185274225, 0.6627666447867749, 0.7975853943024609, 0.9797313203664941, 0.6561757622560112, 0.5156592305990447, 0.9646724112262881, 0.012034013844427423, 0.7918765678836359, 0.9557473921685908, 0.06488012074833899, 0.5098073034645396, 0.819317527527703, 0.9965738351876761, 0.985675081626742, 0.5085776859514346, 0.7592943849119544, 0.9935405144813444, 0.8682852399634707, 0.03592288287695922, 0.6650128665728937, 0.03992044527489042, 0.011504158023601016, 0.07729748765957273, 0.989253841224055, 0.7707198988791057, 0.8424024026222333, 0.07808767266714765, 0.019958325887479228, 0.13398828104188643, 0.8535650357273211, 0.09117033303670521, 0.8250324097140549, 0.09527301146087028, 0.11048052341648366, 0.2991908041290196, 0.8577895269705079, 0.5891459511586981, 0.7568486523783235, 0.5579288940997258, 0.9863676496576207, 0.6548760531718276, 0.34429821427577734, 0.42645146245862847, 0.11705277293163], BATTLES: 290-199-197-382-310-252-404-319-327-
37, 12, -2740.0, [0.46692937763070047, 0.9142584095266073, 0.006721239945187138, 0.05221081068345386, 0.8529736295416485, 0.86449252400256, 0.007153134713798505, 0.06257574477730435, 0.4914655309268507, 0.960549225162781, 0.9656561638726854, 0.0027845830913065207, 0.9917418490963527, 0.138587359060268, 0.2225629857888477, 0.03189973647917603, 0.01154887616815884, 0.9358413533069411, 0.056245844286586154, 0.5620334017753802, 0.4723027881222316, 0.9955132605750163, 0.7832250116155218, 0.9023947164190345, 0.9660850807875301, 0.22580086344614586, 0.7389738346243249, 0.7652000391635856, 0.18895240314624928, 0.4456584026997577, 0.8591257173578202, 0.9995866133259985, 0.9863197078483504, 0.28883358148672555, 0.7432870030910975, 0.9919775709386238, 0.39407125932284404, 0.03958997520043981, 0.7841124091084164, 0.12261089505999237, 0.021434194694737174, 0.1064683389000891, 0.9093577255843969, 0.6497894500572302, 0.5840412078974133, 0.17614296983708877, 0.2325629776736061, 0.1858942500363005, 0.981190326059022, 0.03277324523994471, 0.8991735826157711, 0.09765767154723035, 0.09683690782833856, 0.48878530306598944, 0.9701437370306877, 0.8057593400199008, 0.6938563444803367, 0.562368810147634, 0.997070814140543, 0.3197098390857741, 0.76968954037191, 0.18110143903489256, 0.018967935733961112], BATTLES: 302-185-199-396-304-268-417-354-315-
37, 13, -2620.0, [0.34327588711556517, 0.7891887080008344, 0.05027938089401068, 0.046287316833951944, 0.8291760742205191, 0.9903604652570484, 0.020651940738640472, 0.07885144489643123, 0.4061271264605395, 0.48873828480146303, 0.8719195351359352, 0.015837711570085133, 0.966855231248497, 0.5988500129000172, 0.196049154328802, 0.13382376434193874, 0.12034521298897656, 0.8028977168147355, 0.008244979988931426, 0.6251640700310855, 0.48936027161014706, 0.9769518511595082, 0.8511928140351707, 0.5248288124357222, 0.9751023394909294, 0.11617331944381026, 0.9110668139386584, 0.8766902814119825, 0.1334205155614053, 0.22594365112199827, 0.8300431658966206, 0.998509415170195, 0.970463352166595, 0.24725327088602592, 0.8089108224922879, 0.9905494549885405, 0.5930908406205949, 0.1741296590709751, 0.9331337273587759, 0.07811275713549012, 0.04169818710732627, 0.04857461886009448, 0.7244828843636929, 0.9018878555087698, 0.55121742941993, 0.2021090036132691, 0.1513633952101976, 0.1730866737249734, 0.862971988600745, 0.08668820771977617, 0.8170506182927219, 0.10697607893313099, 0.029174044169530643, 0.04014499580287892, 0.894793548909118, 0.8328790838591661, 0.8136766044272752, 0.4384622504649444, 0.9398662297573671, 0.48618683885795805, 0.6197102609714318, 0.3321731415569212, 0.00722506946230822], BATTLES: 290-200-186-391-317-249-397-293-297-
37, 14, -2615.0, [0.3830360242725218, 0.8485920908763277, 0.016498288005140395, 0.037709704352146725, 0.9090381691436225, 0.9848370538018143, 0.054619959956245814, 0.05635906005625478, 0.5162513336604467, 0.40458903849887173, 0.7963161965884136, 0.04803963423027825, 0.9937896263909782, 0.29021816767113395, 0.0626226550873981, 0.0027434282267615323, 0.006972469176348792, 0.9806205756459234, 0.007315144969245561, 0.6141976548539635, 0.8788268859954632, 0.988282502920434, 0.7632067986316518, 0.6952765515111283, 0.959360543380963, 0.11863322784929795, 0.8560980648014582, 0.6312652618219207, 0.04303712741039988, 0.38656737500333366, 0.8941752670657135, 0.9726917226925156, 0.979590323894435, 0.6487490725461181, 0.6638162151365911, 0.9842736842745636, 0.984271551779042, 0.14397286756817676, 0.7354403343861993, 0.1043589529745865, 0.01574329012594726, 0.07828247775344557, 0.8667744250601862, 0.798637335216472, 0.8273195437860625, 0.021667471433478202, 0.5015738072375855, 0.0658395529998101, 0.7151319108909686, 0.0106675622329934, 0.8907333844157945, 0.09112003051089368, 0.18353519529238935, 0.032446195216583484, 0.8258960489643743, 0.60527514746946, 0.9767411543624426, 0.374305445918042, 0.9787937502783403, 0.530590779881171, 0.3689080422743125, 0.38448214315849866, 0.03709362485672016], BATTLES: 300-199-174-369-300-231-404-328-310-
38, 0, -2710.0, [0.36043707376600864, 0.7668494579987432, 0.04231732550764809, 0.05153155003152597, 0.7688006876569224, 0.9015669920385891, 0.0005741210607711532, 0.06400706967411121, 0.4636507092295967, 0.5171465534590027, 0.8833614934088023, 0.008578539983011703, 0.9511220138685056, 0.390174991580022, 0.13267927046770933, 0.042674956523261406, 0.09388673065343882, 0.870536532053821, 0.06141847939087924, 0.5664933212848549, 0.7704697530650337, 0.8218396488547322, 0.7054238035075645, 0.570189883945391, 0.9855906457866704, 0.06274539626096423, 0.855788438689167, 0.8000353631804338, 0.16455078653948113, 0.13738254006789025, 0.8896149716532332, 0.9659145667997785, 0.9950972502669219, 0.5529003757446375, 0.8817660900097716, 0.9735296139978977, 0.9241815437867467, 0.22263051388805966, 0.5077726144761844, 0.030998737915848534, 0.024836214054423808, 0.09332059852142147, 0.8375685886161909, 0.7642491010631032, 0.7364398065698833, 0.20050393512763048, 0.3240209215327105, 0.10911766064452427, 0.8770446323606869, 0.0512879149396756, 0.8437710906007135, 0.11114384497412895, 0.19737775513482334, 0.342384341420493, 0.8741687772142814, 0.6228144840948593, 0.8618800318820198, 0.4681773635822932, 0.975671863679799, 0.31770302376247833, 0.49425669655793814, 0.47751292878838386, 0.016807250822435574], BATTLES: 319-204-195-384-314-256-383-347-308-
38, 1, -2583.0, [0.46703291073021413, 0.8768590125672597, 0.019451336939697205, 0.06425652278001769, 0.9861139640763443, 0.9259970306825992, 0.017904663829568068, 0.12708264807778644, 0.5137991795133365, 0.9906872697359367, 0.9687612610704349, 0.02519755076213967, 0.9822977993847979, 0.5079712554693894, 0.06477632326076452, 0.07682151335521735, 0.1514276782899452, 0.5970067829185847, 0.03588197443042902, 0.42399401554743454, 0.7298255710766194, 0.985078218071422, 0.792654960177087, 0.7384061817752182, 0.9999351018411309, 0.1074745147016105, 0.7672696465746627, 0.981506975814701, 0.059535448323474696, 0.1936462355017995, 0.8051065807328911, 0.9873863677439612, 0.9887577585460458, 0.4867081594725075, 0.7473720596381442, 0.9898934801470803, 0.9474115759627203, 0.0766507334531322, 0.9763732747971023, 0.0014294748250417155, 0.0012002320869056778, 0.011864679169476776, 0.9137183165282471, 0.7171536842324826, 0.8056457522058083, 0.1669661818995139, 0.12377437656080842, 0.17360802026246716, 0.8686394027599711, 0.06416791838213952, 0.7065304502400528, 0.04323467343643905, 0.10394447751830266, 0.4136569936707965, 0.8626673225666663, 0.5959810801060721, 0.7042847284644609, 0.33507910822064163, 0.9140664237546092, 0.4773051684855524, 0.6648866980734706, 0.39400949415366393, 0.02739701244901843], BATTLES: 285-200-192-380-261-241-399-339-267-
38, 2, -2657.0, [0.3249280128682055, 0.8553119529924669, 0.041152993605369705, 0.03299902195790323, 0.7668042430165023, 0.9702268971304634, 0.008824080266824456, 0.07592694556708414, 0.29430612645661414, 0.4692141397336836, 0.9165232573914519, 0.0021609686494137026, 0.9851580992737492, 0.44899317110801706, 0.18590573332000476, 0.0346361005048769, 0.055475409611884546, 0.887666461919279, 0.0008046975871988937, 0.5750047682303239, 0.4986697902490796, 0.8628702404714952, 0.9753457254184739, 0.48633958240501446, 0.9702171572952428, 0.34185573586723084, 0.93170585610843, 0.8411143883044347, 0.2052343428065163, 0.18421511579183728, 0.9201234285281585, 0.9878553398604242, 0.9764160954233942, 0.3339416459598581, 0.8745154353978208, 0.9537190053366645, 0.8087119944295403, 0.07445620503019085, 0.6027927179930067, 0.04595716127753152, 0.019762602621943307, 0.07311764232459689, 0.7323212449551507, 0.7685891911466064, 0.7264467277388955, 0.15477344957706024, 0.4054946530846392, 0.10786445196222055, 0.9720075565671327, 0.0781373760806828, 0.8013583016333726, 0.1374378777877698, 0.13831178728490237, 0.295447334103295, 0.9440860267840725, 0.7422200722077936, 0.7660445590969566, 0.7521280091925153, 0.9497902362223769, 0.12085554442894453, 0.783509723874024, 0.2585187290595062, 0.01995119240172022], BATTLES: 300-212-187-382-315-271-392-320-278-
38, 3, -2592.0, [0.38297104740042, 0.9238701046603265, 0.014249448431709588, 0.037810450421093905, 0.7940508291307636, 0.8825012127453625, 0.001398982444788084, 0.026857252163213448, 0.4705061170784733, 0.4831318363089416, 0.818560102173686, 0.012135554058735022, 0.999379333705515, 0.1944504237622185, 0.17932211997670844, 0.015414423813187743, 0.0105067669137335, 0.8139015929346223, 0.05077923221808274, 0.6475837883723532, 0.6489027206235431, 0.9945451315985349, 0.9195519596624688, 0.5907909583650583, 0.9676221188556386, 0.14523440469259769, 0.7653862369697217, 0.7657694265543131, 0.05444895818187703, 0.4824142586582818, 0.8205166345423269, 0.993079401818515, 0.9930633240672608, 0.1789366574860606, 0.7744138325903838, 0.9899754365920435, 0.1526735855980625, 0.014932531006371583, 0.5049183244542288, 0.013516963467666952, 0.019378739064282183, 0.005848469524884617, 0.9752100620481366, 0.6506963586857504, 0.6914865279202793, 0.11119303515900665, 0.012174493837583455, 0.211790446552206, 0.983811906713863, 0.08712582673497771, 0.8746217255603228, 0.13666496843293682, 0.09369607383606679, 0.4787519140601747, 0.8664113819262841, 0.6435692071650715, 0.5903923371255879, 0.6400780392546055, 0.982656181414479, 0.4412771562806488, 0.5426805115063874, 0.1869047915902484, 0.03640053246659716], BATTLES: 283-193-179-368-270-227-399-350-267-
38, 4, -2636.0, [0.36913950325786654, 0.8050373724110295, 0.010011015859306036, 0.029130447248008087, 0.8474434816057792, 0.9347603100541523, 0.05762719289765148, 0.12983791496979472, 0.44632096968046947, 0.38742392255838115, 0.7665648518919398, 0.0047881921175410725, 0.9946862277606499, 0.610774028412385, 0.1593988626391697, 0.14740361966162807, 0.06194915552842832, 0.9417477163061809, 0.04230703045304151, 0.7258755961516153, 0.7153157919926458, 0.8334129607909977, 0.8179132858251468, 0.701968727177281, 0.9532027287134441, 0.12796035083792548, 0.9056045106282162, 0.6557173483950736, 0.11301536644017471, 0.3379368570162402, 0.8853685323148468, 0.9876547077515518, 0.9859842494112776, 0.5974052219311605, 0.7196395310873843, 0.9763828141045261, 0.9045401025994108, 0.11084673418396797, 0.8032137549519175, 0.028123026653329573, 0.004493688708893265, 0.1413196619133202, 0.8931856679341827, 0.7996052442556679, 0.7616992290253366, 0.04497196651945151, 0.014133217774691537, 0.05489947706103404, 0.852473083379039, 0.11561745307730416, 0.8362894700826746, 0.05782939289029064, 0.0901731346515739, 0.09360325009013624, 0.8484843188269462, 0.6742707123752447, 0.8754038685418404, 0.5308808097193692, 0.9961682076445387, 0.5707308477694479, 0.12060110791698053, 0.4689309629561189, 0.11167403466279704], BATTLES: 299-201-205-384-291-266-388-310-292-
38, 5, -2555.0, [0.5108217228130735, 0.7992866882406491, 0.011890108133020844, 0.05559344178705458, 0.7919642285691143, 0.9687025579451188, 0.016455854950929265, 0.059541242967024476, 0.40759051016782233, 0.5352622561709129, 0.9217189703763001, 0.014315607723754856, 0.9492164366096973, 0.566130996050441, 0.16213675754207604, 0.09395834876749207, 0.08461276979082308, 0.884562658858768, 0.1530119263429114, 0.6643198373892709, 0.7071981882056225, 0.8767733132565902, 0.8931164900366231, 0.5815979814906393, 0.9391716644738424, 0.17714203678080964, 0.9539111582983287, 0.8674616337223502, 0.1728888796742712, 0.1594902265978312, 0.821324760605339, 0.9842967369163204, 0.9663761296924684, 0.39653884348562474, 0.7676477144272374, 0.9565889410213219, 0.8215666299080499, 0.1286369030963993, 0.3089430434325957, 0.0014350340117300908, 0.004695607602406723, 0.03103923585126064, 0.7952127007675531, 0.7366203326843848, 0.8086567675333381, 0.2613884942414415, 0.07676215633777755, 0.21365620515203332, 0.9957869614344056, 0.10798660145250656, 0.7859813133121806, 0.1308060824585156, 0.1727243075888605, 0.3375184875351287, 0.9592385456351142, 0.5942921616175949, 0.7415744391315227, 0.7033005915539046, 0.9670693211898946, 0.19103376876408532, 0.7495316282980807, 0.41602805202124277, 0.035902819299886445], BATTLES: 289-182-186-374-284-242-395-320-283-
38, 6, -2633.0, [0.3539470942194965, 0.9291180607045201, 0.0027847941090498977, 0.04735062120190073, 0.8536074486794196, 0.913866624508084, 0.001451443454922393, 0.09840713599188036, 0.35736928708358007, 0.7219133782866137, 0.7977470552805961, 0.028319951567854645, 0.9766615714358526, 0.004550893897653452, 0.047102077831882486, 0.09709418341104797, 0.017245214926787343, 0.7873373379945903, 0.03256072507305013, 0.5863067000286578, 0.725255085100668, 0.9829389420433637, 0.7966838818583566, 0.9361441962766118, 0.9589506762069235, 0.1975463880854602, 0.9010485806529444, 0.8824021040803139, 0.12249533392258417, 0.23850452789184245, 0.8492346539896888, 0.9931143647943935, 0.9973926542670599, 0.017823782084917444, 0.8202787283875087, 0.9764535119999566, 0.3487624503286809, 0.16525558503065985, 0.6519321964327272, 0.0061096075241469025, 0.017565957741386428, 0.049762004931120776, 0.9796846766819705, 0.7388186341237819, 0.765104450133533, 0.05083272037440391, 0.27609494036558324, 0.08491079019124695, 0.9500786626998843, 0.12730651326741696, 0.8966902224661782, 0.1125361807552954, 0.1995685195610783, 0.058465479364069955, 0.8531577643937994, 0.41744810969644375, 0.8135520311606949, 0.5384030990920556, 0.9734887718268064, 0.428669636895128, 0.5296077672638791, 0.3265683881203706, 0.029365791272126678], BATTLES: 274-189-220-366-305-265-361-340-311-
38, 7, -2674.0, [0.39437219357050374, 0.8715914194296637, 0.00488161560250314, 0.046216819985531114, 0.8690012373373783, 0.9475944933380469, 0.012008787293756098, 0.13021714378381616, 0.34438942934221245, 0.8008368008632166, 0.8361328116900051, 0.021153018138447978, 0.9970943019054441, 0.49368548233261383, 0.14159605110457052, 0.03287969279606394, 0.0439242580857999, 0.9641743383408733, 0.07543186498344955, 0.6567590574374121, 0.9069502168089622, 0.916769074117746, 0.8415614486595193, 0.6098657935704546, 0.9758822390059677, 0.028735919728489726, 0.8604780396835527, 0.9506444085409997, 0.05856978438679821, 0.42147073852773226, 0.9257019974730779, 0.9949130613289117, 0.9879644044723092, 0.5048298068500958, 0.7429910153819397, 0.9925906288100326, 0.8264047950165803, 0.038994411265083455, 0.7995292361262338, 0.0015215089847824825, 0.017482190063203368, 0.021430465654360714, 0.957263366382284, 0.7348203852888291, 0.9809796885721097, 0.14534504697413614, 0.09843723743404113, 0.1639255713247696, 0.9051697390609765, 0.05350135037773303, 0.8384939982300467, 0.0883557779589188, 0.10350027716016492, 0.30018048946763576, 0.8285630503636138, 0.6896986794432496, 0.781477257718728, 0.5704247022483001, 0.9693978489296343, 0.5099549936778254, 0.551873988119655, 0.37184526605004564, 0.08314924320501514], BATTLES: 303-197-217-378-280-295-375-326-298-
38, 8, -2655.0, [0.38628934826729344, 0.7776314122451305, 0.04468771022993345, 0.0377224167777066, 0.7270460331102322, 0.9229908525716225, 0.008252887225746406, 0.17097928749537789, 0.525633230270554, 0.6898990704318939, 0.8462329594053013, 0.00383012824408091, 0.9925909351648305, 0.5828819536881777, 0.12943102307030543, 0.08165736612049458, 0.06369007903382391, 0.9960013266298369, 0.04441164522562423, 0.5738407421052893, 0.6583012751932219, 0.9726545985810893, 0.6579109375580554, 0.5882287896034425, 0.991146874445832, 0.07751970680303258, 0.8011325731213308, 0.7988018093383655, 0.0343750117735619, 0.5955302566931703, 0.9812503154461634, 0.9888483972431937, 0.9935623471935572, 0.8383371849693639, 0.6455702987109483, 0.9916035858390578, 0.960769714893138, 0.14783052850740278, 0.9096054079323108, 0.01288226276735624, 0.03596820686791419, 0.08145026056801806, 0.885260510329736, 0.7700150681725242, 0.7438206687581822, 0.11477164494958472, 0.04870442899495392, 0.06384324734204193, 0.9089216777860976, 0.051999444414755173, 0.889547106414091, 0.046140820028523405, 0.16129094446537148, 0.17927488331942593, 0.8292165003080265, 0.40270130098157875, 0.9580615707400613, 0.4399702525597085, 0.9413877501319148, 0.751830034849788, 0.6091893754242306, 0.4714894478339869, 0.002429323482780868], BATTLES: 283-191-221-373-305-267-378-328-309-
38, 9, -2655.0, [0.44144805383142344, 0.9613532463450695, 0.006586500541926432, 0.04696926349060241, 0.9270658942925053, 0.9824571540475843, 0.011804671327486586, 0.125628652479069, 0.45370757056326183, 0.8581775944545016, 0.9583642068942392, 0.019713519751753797, 0.9970689145876525, 0.6048611471641299, 0.107527931948964, 0.15177942504310554, 0.016697139212595816, 0.9429560929588238, 0.004170799667246693, 0.6227346537347689, 0.5874044603512912, 0.8939373507880549, 0.8956087505076207, 0.7571845714104413, 0.9956610413454272, 0.02180558831776208, 0.689921214005937, 0.7521345860872135, 0.1312495854978793, 0.6108122630920191, 0.8165624508509749, 0.9928016856903137, 0.9698827624807858, 0.23674267505677274, 0.7916368240709893, 0.9936060859450776, 0.6955134806633526, 0.035409278495558, 0.9823865526773207, 0.18727606946552408, 0.0012176535879975612, 0.08168088184658165, 0.8304789281429715, 0.7097497335923568, 0.8351346525789576, 0.19952845442768835, 0.35653924986233526, 0.19113714750311184, 0.8070918200671641, 0.09660594227366806, 0.9289616415042297, 0.06585432903016245, 0.04891439113180381, 0.13883196544678797, 0.9610981216809249, 0.8136231308034775, 0.7769576361828191, 0.33567088143815527, 0.9522383145756624, 0.50570562325521, 0.22771841290534978, 0.28914981068712275, 0.06170786502918056], BATTLES: 293-203-204-393-308-266-371-311-306-
38, 10, -2625.0, [0.17228215700191443, 0.90821939263555, 0.004922492812364061, 0.031486875712195675, 0.9352380410207264, 0.9601043209201238, 0.015499203553016974, 0.15997772047407166, 0.23072376922422252, 0.6849103106583929, 0.7826742556095443, 0.0017341102913133143, 0.9954293493753026, 0.29457550727021015, 0.03762901078412035, 0.03710631925364413, 0.09162925536596736, 0.985786034643195, 0.0602030758094292, 0.5100575213746652, 0.8001707663487945, 0.9682954109956967, 0.6619944607603396, 0.48973940117755504, 0.9313143532555554, 0.06088308506368384, 0.9736303103645476, 0.8656706052071406, 0.046051189759201305, 0.3408092658550117, 0.8776517600225366, 0.9924229449579209, 0.9829616280597118, 0.6582207007513938, 0.715278153801151, 0.9805646812226904, 0.6757902831640472, 0.12731244004432934, 0.8060565441925911, 0.00995827322327061, 0.019643517127407428, 0.01308307022239931, 0.718807566840605, 0.7853956352363122, 0.9677609569997611, 0.04802382097917763, 0.05314869172256381, 0.08979809803521409, 0.9530636281695335, 0.11363754987423776, 0.7829483510599313, 0.1217834186933417, 0.10671332210856639, 0.293555003033129, 0.7740864774350537, 0.41744021049341357, 0.8396022446471972, 0.6767710758205717, 0.9464192412890954, 0.5634823805212332, 0.046619515937597444, 0.2987364060830451, 0.06883622067202316], BATTLES: 309-201-235-401-272-275-341-278-290-
38, 11, -2635.0, [0.4300494708266593, 0.88327024006755, 0.006829367809231868, 0.05743187585778141, 0.9721869351821212, 0.9989216721635362, 0.03615739002508986, 0.17529458507534088, 0.32662543466687954, 0.8327170298318737, 0.8269982894102901, 0.027957333955848734, 0.9944731780409878, 0.7481464384335159, 0.09895387155782016, 0.1604149582817278, 0.08739031517125606, 0.9543757744840853, 0.055960693185274225, 0.7003256640787303, 0.872235391259505, 0.9797313203664941, 0.6785824047931109, 0.5420827657026789, 0.982336205613144, 0.006017006922213712, 0.6499775821813962, 0.9778736960842954, 0.06488012074833899, 0.7880827368006782, 0.7349844335854246, 0.9965738351876761, 0.9666853796959951, 0.5085776859514346, 0.7806089947143682, 0.9967702572406723, 0.9129183872855844, 0.03592288287695922, 0.6650128665728937, 0.15158094003825812, 0.005752079011800508, 0.07729748765957273, 0.989253841224055, 0.7057292056626744, 0.9752831708085132, 0.07808767266714765, 0.11568537177516319, 0.18689596677159181, 0.7354291294349832, 0.03441362565031493, 0.8250324097140549, 0.07295262713335184, 0.11048052341648366, 0.2991908041290196, 0.8577895269705079, 0.5891459511586981, 0.6950016258121198, 0.5579288940997258, 0.9899750483295082, 0.6548760531718276, 0.07242075739093057, 0.4805007777558547, 0.07882043049267412], BATTLES: 278-190-200-388-305-280-379-329-283-
38, 12, -2650.0, [0.46692937763070047, 0.9142584095266073, 0.006721239945187138, 0.05221081068345386, 0.8529736295416485, 0.86449252400256, 0.007153134713798505, 0.06257574477730435, 0.4914655309268507, 0.960549225162781, 0.9656561638726854, 0.0027845830913065207, 0.9917418490963527, 0.138587359060268, 0.2225629857888477, 0.03189973647917603, 0.01154887616815884, 0.9358413533069411, 0.056245844286586154, 0.5620334017753802, 0.4723027881222316, 0.9955132605750163, 0.7832250116155218, 0.9023947164190345, 0.9660850807875301, 0.22580086344614586, 0.7389738346243249, 0.7652000391635856, 0.18895240314624928, 0.4456584026997577, 0.8591257173578202, 0.9995866133259985, 0.9863197078483504, 0.28883358148672555, 0.7432870030910975, 0.9919775709386238, 0.39407125932284404, 0.03958997520043981, 0.7841124091084164, 0.12261089505999237, 0.021434194694737174, 0.1064683389000891, 0.9093577255843969, 0.6497894500572302, 0.5840412078974133, 0.17614296983708877, 0.2325629776736061, 0.1858942500363005, 0.981190326059022, 0.03277324523994471, 0.8991735826157711, 0.09765767154723035, 0.09683690782833856, 0.48878530306598944, 0.9701437370306877, 0.8057593400199008, 0.6938563444803367, 0.562368810147634, 0.997070814140543, 0.3197098390857741, 0.76968954037191, 0.18110143903489256, 0.018967935733961112], BATTLES: 298-192-204-391-271-272-400-324-298-
38, 13, -2592.0, [0.34327588711556517, 0.7891887080008344, 0.05027938089401068, 0.046287316833951944, 0.8291760742205191, 0.9903604652570484, 0.020651940738640472, 0.07885144489643123, 0.4061271264605395, 0.48873828480146303, 0.8719195351359352, 0.015837711570085133, 0.966855231248497, 0.5988500129000172, 0.196049154328802, 0.13382376434193874, 0.12034521298897656, 0.8028977168147355, 0.008244979988931426, 0.6251640700310855, 0.48936027161014706, 0.9769518511595082, 0.8511928140351707, 0.5248288124357222, 0.9751023394909294, 0.11617331944381026, 0.9110668139386584, 0.8766902814119825, 0.1334205155614053, 0.22594365112199827, 0.8300431658966206, 0.998509415170195, 0.970463352166595, 0.24725327088602592, 0.8089108224922879, 0.9905494549885405, 0.5930908406205949, 0.1741296590709751, 0.9331337273587759, 0.07811275713549012, 0.04169818710732627, 0.04857461886009448, 0.7244828843636929, 0.9018878555087698, 0.55121742941993, 0.2021090036132691, 0.1513633952101976, 0.1730866737249734, 0.862971988600745, 0.08668820771977617, 0.8170506182927219, 0.10697607893313099, 0.029174044169530643, 0.04014499580287892, 0.894793548909118, 0.8328790838591661, 0.8136766044272752, 0.4384622504649444, 0.9398662297573671, 0.48618683885795805, 0.6197102609714318, 0.3321731415569212, 0.00722506946230822], BATTLES: 279-222-196-400-276-248-384-296-291-
38, 14, -2619.0, [0.3830360242725218, 0.8485920908763277, 0.016498288005140395, 0.037709704352146725, 0.9090381691436225, 0.9848370538018143, 0.054619959956245814, 0.05635906005625478, 0.5162513336604467, 0.40458903849887173, 0.7963161965884136, 0.04803963423027825, 0.9937896263909782, 0.29021816767113395, 0.0626226550873981, 0.0027434282267615323, 0.006972469176348792, 0.9806205756459234, 0.007315144969245561, 0.6141976548539635, 0.8788268859954632, 0.988282502920434, 0.7632067986316518, 0.6952765515111283, 0.959360543380963, 0.11863322784929795, 0.8560980648014582, 0.6312652618219207, 0.04303712741039988, 0.38656737500333366, 0.8941752670657135, 0.9726917226925156, 0.979590323894435, 0.6487490725461181, 0.6638162151365911, 0.9842736842745636, 0.984271551779042, 0.14397286756817676, 0.7354403343861993, 0.1043589529745865, 0.01574329012594726, 0.07828247775344557, 0.8667744250601862, 0.798637335216472, 0.8273195437860625, 0.021667471433478202, 0.5015738072375855, 0.0658395529998101, 0.7151319108909686, 0.0106675622329934, 0.8907333844157945, 0.09112003051089368, 0.18353519529238935, 0.032446195216583484, 0.8258960489643743, 0.60527514746946, 0.9767411543624426, 0.374305445918042, 0.9787937502783403, 0.530590779881171, 0.3689080422743125, 0.38448214315849866, 0.03709362485672016], BATTLES: 283-178-189-379-313-248-391-344-294-
39, 0, -2632.0, [0.36043707376600864, 0.7668494579987432, 0.04231732550764809, 0.05153155003152597, 0.7688006876569224, 0.9015669920385891, 0.0005741210607711532, 0.06400706967411121, 0.4636507092295967, 0.5171465534590027, 0.8833614934088023, 0.008578539983011703, 0.9511220138685056, 0.390174991580022, 0.13267927046770933, 0.042674956523261406, 0.09388673065343882, 0.870536532053821, 0.06141847939087924, 0.5664933212848549, 0.7704697530650337, 0.8218396488547322, 0.7054238035075645, 0.570189883945391, 0.9855906457866704, 0.06274539626096423, 0.855788438689167, 0.8000353631804338, 0.16455078653948113, 0.13738254006789025, 0.8896149716532332, 0.9659145667997785, 0.9950972502669219, 0.5529003757446375, 0.8817660900097716, 0.9735296139978977, 0.9241815437867467, 0.22263051388805966, 0.5077726144761844, 0.030998737915848534, 0.024836214054423808, 0.09332059852142147, 0.8375685886161909, 0.7642491010631032, 0.7364398065698833, 0.20050393512763048, 0.3240209215327105, 0.10911766064452427, 0.8770446323606869, 0.0512879149396756, 0.8437710906007135, 0.11114384497412895, 0.19737775513482334, 0.342384341420493, 0.8741687772142814, 0.6228144840948593, 0.8618800318820198, 0.4681773635822932, 0.975671863679799, 0.31770302376247833, 0.49425669655793814, 0.47751292878838386, 0.016807250822435574], BATTLES: 278-195-211-376-302-261-395-315-299-
39, 1, -2638.0, [0.46703291073021413, 0.8768590125672597, 0.019451336939697205, 0.06425652278001769, 0.9861139640763443, 0.9259970306825992, 0.017904663829568068, 0.12708264807778644, 0.5137991795133365, 0.9906872697359367, 0.9687612610704349, 0.02519755076213967, 0.9822977993847979, 0.5079712554693894, 0.06477632326076452, 0.07682151335521735, 0.1514276782899452, 0.5970067829185847, 0.03588197443042902, 0.42399401554743454, 0.7298255710766194, 0.985078218071422, 0.792654960177087, 0.7384061817752182, 0.9999351018411309, 0.1074745147016105, 0.7672696465746627, 0.981506975814701, 0.059535448323474696, 0.1936462355017995, 0.8051065807328911, 0.9873863677439612, 0.9887577585460458, 0.4867081594725075, 0.7473720596381442, 0.9898934801470803, 0.9474115759627203, 0.0766507334531322, 0.9763732747971023, 0.0014294748250417155, 0.0012002320869056778, 0.011864679169476776, 0.9137183165282471, 0.7171536842324826, 0.8056457522058083, 0.1669661818995139, 0.12377437656080842, 0.17360802026246716, 0.8686394027599711, 0.06416791838213952, 0.7065304502400528, 0.04323467343643905, 0.10394447751830266, 0.4136569936707965, 0.8626673225666663, 0.5959810801060721, 0.7042847284644609, 0.33507910822064163, 0.9140664237546092, 0.4773051684855524, 0.6648866980734706, 0.39400949415366393, 0.02739701244901843], BATTLES: 292-198-186-376-278-270-377-367-294-
39, 2, -2585.0, [0.3249280128682055, 0.8553119529924669, 0.041152993605369705, 0.03299902195790323, 0.7668042430165023, 0.9702268971304634, 0.008824080266824456, 0.07592694556708414, 0.29430612645661414, 0.4692141397336836, 0.9165232573914519, 0.0021609686494137026, 0.9851580992737492, 0.44899317110801706, 0.18590573332000476, 0.0346361005048769, 0.055475409611884546, 0.887666461919279, 0.0008046975871988937, 0.5750047682303239, 0.4986697902490796, 0.8628702404714952, 0.9753457254184739, 0.48633958240501446, 0.9702171572952428, 0.34185573586723084, 0.93170585610843, 0.8411143883044347, 0.2052343428065163, 0.18421511579183728, 0.9201234285281585, 0.9878553398604242, 0.9764160954233942, 0.3339416459598581, 0.8745154353978208, 0.9537190053366645, 0.8087119944295403, 0.07445620503019085, 0.6027927179930067, 0.04595716127753152, 0.019762602621943307, 0.07311764232459689, 0.7323212449551507, 0.7685891911466064, 0.7264467277388955, 0.15477344957706024, 0.4054946530846392, 0.10786445196222055, 0.9720075565671327, 0.0781373760806828, 0.8013583016333726, 0.1374378777877698, 0.13831178728490237, 0.295447334103295, 0.9440860267840725, 0.7422200722077936, 0.7660445590969566, 0.7521280091925153, 0.9497902362223769, 0.12085554442894453, 0.783509723874024, 0.2585187290595062, 0.01995119240172022], BATTLES: 303-200-197-394-279-256-380-285-291-
39, 3, -2686.0, [0.42936365549169675, 0.9560614813030648, 0.007110302966557378, 0.060092665204274934, 0.8594827841309423, 0.9181087833958567, 0.000699491222394042, 0.026857252163213448, 0.3255770311320196, 0.8431699622998007, 0.8549148652985925, 0.022277093506471706, 0.9994399257641612, 0.2395619627059172, 0.151153028623774, 0.007707211906593871, 0.0105067669137335, 0.8989471942977203, 0.05077923221808274, 0.6180657802909263, 0.7666712774354661, 0.9972725657992674, 0.8927911339109798, 0.6613106760030856, 0.9676221188556386, 0.039001907161595545, 0.7653862369697217, 0.7657694265543131, 0.05444895818187703, 0.49353885567980216, 0.8205166345423269, 0.9997657360618474, 0.9930633240672608, 0.1789366574860606, 0.7744138325903838, 0.9899754365920435, 0.1526735855980625, 0.020814116569393963, 0.7306212463001538, 0.006758481733833476, 0.022628046273104975, 0.005848469524884617, 0.9876050310240683, 0.6506963586857504, 0.6914865279202793, 0.17743975939454792, 0.03926422551075342, 0.211790446552206, 0.983811906713863, 0.043562913367488854, 0.8186109337488446, 0.12170218555322848, 0.1423544603401778, 0.4787519140601747, 0.8664113819262841, 0.6435692071650715, 0.5903923371255879, 0.617001804425162, 0.982656181414479, 0.4492811628803963, 0.7595876533836412, 0.1869047915902484, 0.03640053246659716], BATTLES: 311-211-170-394-265-258-388-315-280-
39, 4, -2675.0, [0.4351085750098211, 0.7730844893368909, 0.010011015859306036, 0.04445229126562149, 0.8668893091096307, 0.9331381177956003, 0.02881359644882574, 0.13158844447329854, 0.44632096968046947, 0.7405788656642505, 0.7665648518919398, 0.0023940960587705363, 0.9770135064990727, 0.6175144783099427, 0.16010151413264376, 0.14740361966162807, 0.06560459376692461, 0.9417477163061809, 0.12660706667838034, 0.6141273405118999, 0.6732898665371303, 0.8253344322127925, 0.7934762963134491, 0.6008215919366561, 0.974402325214721, 0.05142600961890602, 0.9315014004979258, 0.9794751605313385, 0.1259803444493662, 0.30874538212594527, 0.8719515733014184, 0.9938273538757759, 0.9859842494112776, 0.5512527961971678, 0.7196395310873843, 0.9681844781825188, 0.9045401025994108, 0.11084673418396797, 0.7367469717327155, 0.028123026653329573, 0.0022468443544466326, 0.05916958025973909, 0.8931856679341827, 0.7996052442556679, 0.9033267267860778, 0.04497196651945151, 0.007066608887345768, 0.1831903360586549, 0.852473083379039, 0.11561745307730416, 0.7639342344766096, 0.07796161434054537, 0.08817495396059166, 0.3291445588485239, 0.8771733015454939, 0.6716401967858515, 0.8754038685418404, 0.6828426640522121, 0.9961682076445387, 0.41851341114069773, 0.4246229967433065, 0.37013628312866115, 0.07883550796906985], BATTLES: 300-201-169-380-294-262-397-301-312-
39, 5, -2591.0, [0.5108217228130735, 0.9368258694235257, 0.005945054066510422, 0.053611810438076966, 0.7919642285691143, 0.9687025579451188, 0.016455854950929265, 0.059541242967024476, 0.40759051016782233, 0.9954976400695201, 0.9217189703763001, 0.031040184283718863, 0.9834201867680367, 0.2830654980252205, 0.0704364878230022, 0.049396748732462095, 0.04230638489541154, 0.9422813294293839, 0.05567414938975476, 0.5981502404655905, 0.8177134282144154, 0.9383866566282951, 0.7634486132744448, 0.7907989907453197, 0.9391716644738424, 0.17714203678080964, 0.9539111582983287, 0.9337308168611751, 0.07744457576801199, 0.33560300278402266, 0.821324760605339, 0.9921483684581602, 0.9663761296924684, 0.39653884348562474, 0.7676477144272374, 0.9565889410213219, 0.8215666299080499, 0.06779006047486373, 0.7114306804955559, 0.0007175170058650454, 0.0023478038012033613, 0.03103923585126064, 0.7952127007675531, 0.662444484992414, 0.9640697638434974, 0.11610288093442322, 0.07676215633777755, 0.21365620515203332, 0.9978934807172029, 0.060300544803548135, 0.9867302100492905, 0.1308060824585156, 0.1727243075888605, 0.13595579115263043, 0.8366067891827353, 0.35050342180236116, 0.7282424452740685, 0.7033005915539046, 0.9835346605949473, 0.19103376876408532, 0.48040068807897873, 0.23437809496420836, 0.017951409649943222], BATTLES: 290-190-180-389-286-232-406-302-268-
39, 6, -2666.0, [0.3539470942194965, 0.9291180607045201, 0.0027847941090498977, 0.04735062120190073, 0.8536074486794196, 0.913866624508084, 0.001451443454922393, 0.09840713599188036, 0.35736928708358007, 0.7219133782866137, 0.7977470552805961, 0.028319951567854645, 0.9766615714358526, 0.004550893897653452, 0.047102077831882486, 0.09709418341104797, 0.017245214926787343, 0.7873373379945903, 0.03256072507305013, 0.5863067000286578, 0.725255085100668, 0.9829389420433637, 0.7966838818583566, 0.9361441962766118, 0.9589506762069235, 0.1975463880854602, 0.9010485806529444, 0.8824021040803139, 0.12249533392258417, 0.23850452789184245, 0.8492346539896888, 0.9931143647943935, 0.9973926542670599, 0.017823782084917444, 0.8202787283875087, 0.9764535119999566, 0.3487624503286809, 0.16525558503065985, 0.6519321964327272, 0.0061096075241469025, 0.017565957741386428, 0.049762004931120776, 0.9796846766819705, 0.7388186341237819, 0.765104450133533, 0.05083272037440391, 0.27609494036558324, 0.08491079019124695, 0.9500786626998843, 0.12730651326741696, 0.8966902224661782, 0.1125361807552954, 0.1995685195610783, 0.058465479364069955, 0.8531577643937994, 0.41744810969644375, 0.8135520311606949, 0.5384030990920556, 0.9734887718268064, 0.428669636895128, 0.5296077672638791, 0.3265683881203706, 0.029365791272126678], BATTLES: 295-196-207-396-276-254-406-346-290-
39, 7, -2629.0, [0.39437219357050374, 0.8715914194296637, 0.00488161560250314, 0.046216819985531114, 0.8690012373373783, 0.9475944933380469, 0.012008787293756098, 0.13021714378381616, 0.34438942934221245, 0.8008368008632166, 0.8361328116900051, 0.021153018138447978, 0.9970943019054441, 0.49368548233261383, 0.14159605110457052, 0.03287969279606394, 0.0439242580857999, 0.9641743383408733, 0.07543186498344955, 0.6567590574374121, 0.9069502168089622, 0.916769074117746, 0.8415614486595193, 0.6098657935704546, 0.9758822390059677, 0.028735919728489726, 0.8604780396835527, 0.9506444085409997, 0.05856978438679821, 0.42147073852773226, 0.9257019974730779, 0.9949130613289117, 0.9879644044723092, 0.5048298068500958, 0.7429910153819397, 0.9925906288100326, 0.8264047950165803, 0.038994411265083455, 0.7995292361262338, 0.0015215089847824825, 0.017482190063203368, 0.021430465654360714, 0.957263366382284, 0.7348203852888291, 0.9809796885721097, 0.14534504697413614, 0.09843723743404113, 0.1639255713247696, 0.9051697390609765, 0.05350135037773303, 0.8384939982300467, 0.0883557779589188, 0.10350027716016492, 0.30018048946763576, 0.8285630503636138, 0.6896986794432496, 0.781477257718728, 0.5704247022483001, 0.9693978489296343, 0.5099549936778254, 0.551873988119655, 0.37184526605004564, 0.08314924320501514], BATTLES: 287-210-201-376-313-270-369-328-275-
39, 8, -2643.0, [0.38628934826729344, 0.7776314122451305, 0.04468771022993345, 0.0377224167777066, 0.7270460331102322, 0.9229908525716225, 0.008252887225746406, 0.17097928749537789, 0.525633230270554, 0.6898990704318939, 0.8462329594053013, 0.00383012824408091, 0.9925909351648305, 0.5828819536881777, 0.12943102307030543, 0.08165736612049458, 0.06369007903382391, 0.9960013266298369, 0.04441164522562423, 0.5738407421052893, 0.6583012751932219, 0.9726545985810893, 0.6579109375580554, 0.5882287896034425, 0.991146874445832, 0.07751970680303258, 0.8011325731213308, 0.7988018093383655, 0.0343750117735619, 0.5955302566931703, 0.9812503154461634, 0.9888483972431937, 0.9935623471935572, 0.8383371849693639, 0.6455702987109483, 0.9916035858390578, 0.960769714893138, 0.14783052850740278, 0.9096054079323108, 0.01288226276735624, 0.03596820686791419, 0.08145026056801806, 0.885260510329736, 0.7700150681725242, 0.7438206687581822, 0.11477164494958472, 0.04870442899495392, 0.06384324734204193, 0.9089216777860976, 0.051999444414755173, 0.889547106414091, 0.046140820028523405, 0.16129094446537148, 0.17927488331942593, 0.8292165003080265, 0.40270130098157875, 0.9580615707400613, 0.4399702525597085, 0.9413877501319148, 0.751830034849788, 0.6091893754242306, 0.4714894478339869, 0.002429323482780868], BATTLES: 272-197-242-364-307-267-393-304-297-
39, 9, -2627.0, [0.44144805383142344, 0.9613532463450695, 0.006586500541926432, 0.04696926349060241, 0.9270658942925053, 0.9824571540475843, 0.011804671327486586, 0.125628652479069, 0.45370757056326183, 0.8581775944545016, 0.9583642068942392, 0.019713519751753797, 0.9970689145876525, 0.6048611471641299, 0.107527931948964, 0.15177942504310554, 0.016697139212595816, 0.9429560929588238, 0.004170799667246693, 0.6227346537347689, 0.5874044603512912, 0.8939373507880549, 0.8956087505076207, 0.7571845714104413, 0.9956610413454272, 0.02180558831776208, 0.689921214005937, 0.7521345860872135, 0.1312495854978793, 0.6108122630920191, 0.8165624508509749, 0.9928016856903137, 0.9698827624807858, 0.23674267505677274, 0.7916368240709893, 0.9936060859450776, 0.6955134806633526, 0.035409278495558, 0.9823865526773207, 0.18727606946552408, 0.0012176535879975612, 0.08168088184658165, 0.8304789281429715, 0.7097497335923568, 0.8351346525789576, 0.19952845442768835, 0.35653924986233526, 0.19113714750311184, 0.8070918200671641, 0.09660594227366806, 0.9289616415042297, 0.06585432903016245, 0.04891439113180381, 0.13883196544678797, 0.9610981216809249, 0.8136231308034775, 0.7769576361828191, 0.33567088143815527, 0.9522383145756624, 0.50570562325521, 0.22771841290534978, 0.28914981068712275, 0.06170786502918056], BATTLES: 295-193-210-382-293-255-374-318-307-
39, 10, -2675.0, [0.3518852812867938, 0.90821939263555, 0.004922492812364061, 0.062332604274117825, 0.9580901449728487, 0.9601043209201238, 0.0009212069953209818, 0.13790288002004544, 0.3697381405420482, 0.8603261351255047, 0.925015317571951, 0.0017341102913133143, 0.9838310097670632, 0.2549452285230973, 0.03762901078412035, 0.018553159626822066, 0.11213582805235767, 0.7882604965919093, 0.05790618730645452, 0.3765412432624634, 0.8001707663487945, 0.9490001430673897, 0.6619944607603396, 0.6566005527500637, 0.9725525865192088, 0.06088308506368384, 0.7927531589475215, 0.9328353026035703, 0.012329084246398461, 0.2772665496677688, 0.8925028385432917, 0.9692767860140724, 0.9829616280597118, 0.6582207007513938, 0.8359458214015631, 0.9758341115101462, 0.6757902831640472, 0.14073241745422815, 0.7512086265226661, 0.004979136611635305, 0.010626758729023399, 0.039855813181966286, 0.883393149294647, 0.7195886152086464, 0.9578653331237049, 0.04802382097917763, 0.05314869172256381, 0.10902224769006175, 0.8893892547806509, 0.051680440453164736, 0.7829483510599313, 0.04649249866480705, 0.19711213818468754, 0.5286345172023015, 0.79369018495703, 0.4140329323038512, 0.8396022446471972, 0.6767710758205717, 0.9717564226906626, 0.40684668258400736, 0.046619515937597444, 0.2987364060830451, 0.04479779004246145], BATTLES: 302-205-215-386-265-266-366-265-287-
39, 11, -2597.0, [0.4300494708266593, 0.9176324898910666, 0.006829367809231868, 0.05743187585778141, 0.9098349360515089, 0.9989216721635362, 0.01105935580242334, 0.13397115730689793, 0.32662543466687954, 0.8293950387869339, 0.8269982894102901, 0.024246372274074616, 0.9944731780409878, 0.7481464384335159, 0.09895387155782016, 0.1604149582817278, 0.028316206397280136, 0.9382935767778492, 0.055960693185274225, 0.7003256640787303, 0.7814367436383941, 0.9797313203664941, 0.6785824047931109, 0.5420827657026789, 0.982336205613144, 0.02282989650192451, 0.6499775821813962, 0.9778736960842954, 0.09595898654530682, 0.7880827368006782, 0.7349844335854246, 0.9965738351876761, 0.9666853796959951, 0.36597149295450804, 0.7806089947143682, 0.9946413514808425, 0.7787457001217375, 0.03592288287695922, 0.6650128665728937, 0.15018179801128229, 0.005752079011800508, 0.05065619594174817, 0.989253841224055, 0.6892327505245236, 0.9744701034452884, 0.07808767266714765, 0.11568537177516319, 0.18689596677159181, 0.7354291294349832, 0.03441362565031493, 0.8250324097140549, 0.06569999397798341, 0.11048052341648366, 0.2167218662359369, 0.8577895269705079, 0.5891459511586981, 0.750156088699208, 0.44938300643349494, 0.9616659954176152, 0.6548760531718276, 0.2601972855392379, 0.35322504331409893, 0.05242107341816286], BATTLES: 300-191-193-369-309-252-369-289-293-
39, 12, -2604.0, [0.41242845158839414, 0.8884291713782219, 0.003360619972593569, 0.05414020595174804, 0.9660608002982506, 0.9003219949775855, 0.0035765673568992525, 0.09743008332303107, 0.4914655309268507, 0.9802746125813905, 0.984583252252834, 0.010770402573420376, 0.9917418490963527, 0.138587359060268, 0.1701091573166915, 0.004410412042666588, 0.01154887616815884, 0.9679206766534705, 0.04372993721946411, 0.5620334017753802, 0.4723027881222316, 0.9955132605750163, 0.7016651192673603, 0.9023947164190345, 0.9660850807875301, 0.0863682373660773, 0.7389738346243249, 0.9554434933414813, 0.18895240314624928, 0.4456584026997577, 0.8591257173578202, 0.9997933066629993, 0.9931598539241753, 0.28883358148672555, 0.7432870030910975, 0.9919775709386238, 0.39407125932284404, 0.06138857216930828, 0.7922867108621942, 0.12261089505999237, 0.010717097347368587, 0.1064683389000891, 0.9695133225333387, 0.6474640533240008, 0.5840412078974133, 0.17814795057120028, 0.1266655101203599, 0.21722455548910136, 0.9877886635927035, 0.03277324523994471, 0.8991735826157711, 0.10129782030184621, 0.09053154956797994, 0.48878530306598944, 0.8897308110085679, 0.6344731874789643, 0.6938563444803367, 0.562368810147634, 0.9985354070702714, 0.380905676400156, 0.76968954037191, 0.2238167222221071, 0.018967935733961112], BATTLES: 271-202-196-413-271-248-387-320-285-
39, 13, -2654.0, [0.34327588711556517, 0.7880756818744625, 0.006409735520129713, 0.046287316833951944, 0.832152179073005, 0.9951802326285242, 0.010325970369320236, 0.1561700669325244, 0.4061271264605395, 0.6147156097841386, 0.8719195351359352, 0.007918855785042566, 0.966855231248497, 0.5988500129000172, 0.10196052225610523, 0.06691188217096937, 0.07810502975872222, 0.9014488584073678, 0.008244979988931426, 0.6251640700310855, 0.6062861464201511, 0.9884759255797542, 0.8511928140351707, 0.7207934358577364, 0.9751023394909294, 0.11617331944381026, 0.8401901683394525, 0.8766902814119825, 0.006560190553073247, 0.4987739370343912, 0.8300431658966206, 0.9992547075850975, 0.9852316760832975, 0.6696819164088088, 0.8089108224922879, 0.9952747274942703, 0.5930908406205949, 0.13782099275527399, 0.9331337273587759, 0.03905637856774506, 0.025119677335314772, 0.04857461886009448, 0.779771691411759, 0.8509026029699487, 0.6749526916201238, 0.07438252348424444, 0.05948911162912658, 0.0983789613065933, 0.862971988600745, 0.043344103859888086, 0.8294167399738804, 0.10697607893313099, 0.08752289578271027, 0.021468920996569454, 0.8863965551686368, 0.6751304735339422, 0.8345926232807495, 0.4555841860345728, 0.9550293781211754, 0.48618683885795805, 0.5656893423346575, 0.3321731415569212, 0.00722506946230822], BATTLES: 271-189-198-406-306-255-364-308-278-
39, 14, -2596.0, [0.3830360242725218, 0.8485920908763277, 0.016498288005140395, 0.037709704352146725, 0.9090381691436225, 0.9848370538018143, 0.054619959956245814, 0.05635906005625478, 0.5162513336604467, 0.40458903849887173, 0.7963161965884136, 0.04803963423027825, 0.9937896263909782, 0.29021816767113395, 0.0626226550873981, 0.0027434282267615323, 0.006972469176348792, 0.9806205756459234, 0.007315144969245561, 0.6141976548539635, 0.8788268859954632, 0.988282502920434, 0.7632067986316518, 0.6952765515111283, 0.959360543380963, 0.11863322784929795, 0.8560980648014582, 0.6312652618219207, 0.04303712741039988, 0.38656737500333366, 0.8941752670657135, 0.9726917226925156, 0.979590323894435, 0.6487490725461181, 0.6638162151365911, 0.9842736842745636, 0.984271551779042, 0.14397286756817676, 0.7354403343861993, 0.1043589529745865, 0.01574329012594726, 0.07828247775344557, 0.8667744250601862, 0.798637335216472, 0.8273195437860625, 0.021667471433478202, 0.5015738072375855, 0.0658395529998101, 0.7151319108909686, 0.0106675622329934, 0.8907333844157945, 0.09112003051089368, 0.18353519529238935, 0.032446195216583484, 0.8258960489643743, 0.60527514746946, 0.9767411543624426, 0.374305445918042, 0.9787937502783403, 0.530590779881171, 0.3689080422743125, 0.38448214315849866, 0.03709362485672016], BATTLES: 262-196-188-376-300-260-379-346-289-
40, 0, -2672.0, [0.36043707376600864, 0.7668494579987432, 0.04231732550764809, 0.05153155003152597, 0.7688006876569224, 0.9015669920385891, 0.0005741210607711532, 0.06400706967411121, 0.4636507092295967, 0.5171465534590027, 0.8833614934088023, 0.008578539983011703, 0.9511220138685056, 0.390174991580022, 0.13267927046770933, 0.042674956523261406, 0.09388673065343882, 0.870536532053821, 0.06141847939087924, 0.5664933212848549, 0.7704697530650337, 0.8218396488547322, 0.7054238035075645, 0.570189883945391, 0.9855906457866704, 0.06274539626096423, 0.855788438689167, 0.8000353631804338, 0.16455078653948113, 0.13738254006789025, 0.8896149716532332, 0.9659145667997785, 0.9950972502669219, 0.5529003757446375, 0.8817660900097716, 0.9735296139978977, 0.9241815437867467, 0.22263051388805966, 0.5077726144761844, 0.030998737915848534, 0.024836214054423808, 0.09332059852142147, 0.8375685886161909, 0.7642491010631032, 0.7364398065698833, 0.20050393512763048, 0.3240209215327105, 0.10911766064452427, 0.8770446323606869, 0.0512879149396756, 0.8437710906007135, 0.11114384497412895, 0.19737775513482334, 0.342384341420493, 0.8741687772142814, 0.6228144840948593, 0.8618800318820198, 0.4681773635822932, 0.975671863679799, 0.31770302376247833, 0.49425669655793814, 0.47751292878838386, 0.016807250822435574], BATTLES: 290-210-191-398-306-282-389-312-294-
40, 1, -2578.0, [0.46703291073021413, 0.8768590125672597, 0.019451336939697205, 0.06425652278001769, 0.9861139640763443, 0.9259970306825992, 0.017904663829568068, 0.12708264807778644, 0.5137991795133365, 0.9906872697359367, 0.9687612610704349, 0.02519755076213967, 0.9822977993847979, 0.5079712554693894, 0.06477632326076452, 0.07682151335521735, 0.1514276782899452, 0.5970067829185847, 0.03588197443042902, 0.42399401554743454, 0.7298255710766194, 0.985078218071422, 0.792654960177087, 0.7384061817752182, 0.9999351018411309, 0.1074745147016105, 0.7672696465746627, 0.981506975814701, 0.059535448323474696, 0.1936462355017995, 0.8051065807328911, 0.9873863677439612, 0.9887577585460458, 0.4867081594725075, 0.7473720596381442, 0.9898934801470803, 0.9474115759627203, 0.0766507334531322, 0.9763732747971023, 0.0014294748250417155, 0.0012002320869056778, 0.011864679169476776, 0.9137183165282471, 0.7171536842324826, 0.8056457522058083, 0.1669661818995139, 0.12377437656080842, 0.17360802026246716, 0.8686394027599711, 0.06416791838213952, 0.7065304502400528, 0.04323467343643905, 0.10394447751830266, 0.4136569936707965, 0.8626673225666663, 0.5959810801060721, 0.7042847284644609, 0.33507910822064163, 0.9140664237546092, 0.4773051684855524, 0.6648866980734706, 0.39400949415366393, 0.02739701244901843], BATTLES: 284-192-190-379-296-243-377-342-275-
40, 2, -2619.0, [0.3601387022838695, 0.9710698800060742, 0.002814095368881442, 0.02080395126352631, 0.9464837217491774, 0.9594100347074973, 0.008824080266824456, 0.046565889232091796, 0.20710557716780675, 0.8600847895864985, 0.9165232573914519, 0.0021609686494137026, 0.9910051616331083, 0.22449658555400853, 0.18590573332000476, 0.01731805025243845, 0.055475409611884546, 0.7767370300215795, 0.00040234879359944686, 0.5656970297770607, 0.5184846982730626, 0.8628702404714952, 0.8670301256669057, 0.7431697912025073, 0.9829995670285796, 0.34185573586723084, 0.93170585610843, 0.8411143883044347, 0.10261717140325816, 0.30665889132050816, 0.8156957463290447, 0.9878553398604242, 0.9882080477116971, 0.2143163123571862, 0.8745154353978208, 0.9768595026683322, 0.20254953081291785, 0.039171767809876135, 0.6702208011735116, 0.04595716127753152, 0.019762602621943307, 0.037008083243670865, 0.9850727579392475, 0.7685891911466064, 0.7264467277388955, 0.09731285080278415, 0.075890433032803, 0.15086438586220835, 0.9720075565671327, 0.0390686880403414, 0.8013583016333726, 0.1374378777877698, 0.2598324629295679, 0.30802691744594857, 0.9053080833613892, 0.7422200722077936, 0.7660445590969566, 0.7521280091925153, 0.9748951181111885, 0.29942837032926184, 0.783509723874024, 0.2585187290595062, 0.04342578328135881], BATTLES: 279-192-196-371-275-250-387-313-280-
40, 3, -2634.0, [0.4025641922611837, 0.9590639577654061, 0.007110302966557378, 0.08061916527533992, 0.8594827841309423, 0.9181087833958567, 0.000699491222394042, 0.026857252163213448, 0.3255770311320196, 0.9215849811499004, 0.8549148652985925, 0.022277093506471706, 0.9994399257641612, 0.11516537128339342, 0.151153028623774, 0.007707211906593871, 0.030409534968167774, 0.8989471942977203, 0.05077923221808274, 0.46802999157614056, 0.7666712774354661, 0.9986362828996337, 0.8927911339109798, 0.711058649677343, 0.9838110594278193, 0.019500953580797772, 0.7653862369697217, 0.9380857220116486, 0.05444895818187703, 0.49353885567980216, 0.8205166345423269, 0.9998828680309237, 0.9930633240672608, 0.1789366574860606, 0.7739580173177067, 0.9949877182960217, 0.06543494136561108, 0.02668024351787126, 0.9376898647137883, 0.003379240866916738, 0.011314023136552488, 0.0029242347624423085, 0.9876050310240683, 0.6506963586857504, 0.6914865279202793, 0.17743975939454792, 0.03926422551075342, 0.10257754196197234, 0.983811906713863, 0.043562913367488854, 0.7831653206603274, 0.12170218555322848, 0.1423544603401778, 0.21621367011507264, 0.8664113819262841, 0.589219737214592, 0.5903923371255879, 0.6828702976741985, 0.9913280907072395, 0.6957384921550407, 0.7595876533836412, 0.1177950795693541, 0.03640053246659716], BATTLES: 299-203-200-379-292-253-392-307-287-
40, 4, -2679.0, [0.4351085750098211, 0.9209033330325138, 0.0033449502892026707, 0.04952429370289876, 0.9295115626002078, 0.9331381177956003, 0.02881359644882574, 0.10146360140514966, 0.38143779388751053, 0.9160174324234185, 0.8427770239962403, 0.01036839584780666, 0.9872531810462299, 0.6175144783099427, 0.16010151413264376, 0.1314108611347738, 0.06560459376692461, 0.9344827142315896, 0.09210848376911528, 0.6551987979706551, 0.6732898665371303, 0.930413566862847, 0.7591449280044047, 0.6008215919366561, 0.974402325214721, 0.05142600961890602, 0.7808862959925212, 0.9897375802656693, 0.1328307184722282, 0.56492229986317, 0.7588621740175409, 0.9973047495920436, 0.9929921247056388, 0.3916750082931228, 0.7686463478513341, 0.9832197663748884, 0.58144678156248, 0.03930988143505349, 0.7163407541834299, 0.06547644167785115, 0.0022468443544466326, 0.020593710229484315, 0.8931856679341827, 0.6662079388672945, 0.9587949071861233, 0.04497196651945151, 0.003533304443672884, 0.20373464845081243, 0.852473083379039, 0.07841946733013822, 0.7306707430436695, 0.09626737446186186, 0.12419828996026398, 0.3608253504599442, 0.8916143071483165, 0.4969655601982338, 0.6743531242637699, 0.6828426640522121, 0.9961682076445387, 0.5168054993357911, 0.4476159940473702, 0.37013628312866115, 0.06288011806480948], BATTLES: 295-214-188-383-289-280-400-312-295-
40, 5, -2579.0, [0.43382537971730806, 0.9334130197850092, 0.0055953505328704654, 0.053611810438076966, 0.8617457026669487, 0.9264946545818624, 0.014790909603807936, 0.07882482026961424, 0.3863866642932264, 0.9977488200347601, 0.812984228325982, 0.031040184283718863, 0.9917100933840184, 0.2830654980252205, 0.10898153670081165, 0.055155745587867115, 0.04230638489541154, 0.9422813294293839, 0.0403407541863761, 0.5833179127316239, 0.8177134282144154, 0.9383866566282951, 0.7779994364130856, 0.7367815996052656, 0.9703682992063436, 0.04788198646345699, 0.8505767219504647, 0.9063226118031339, 0.07744457576801199, 0.33560300278402266, 0.845730353484025, 0.9921483684581602, 0.9663761296924684, 0.39653884348562474, 0.7474437082559698, 0.978625113628535, 0.5345314732026777, 0.036061898040337076, 0.9304080638714749, 0.0007175170058650454, 0.011083237265549396, 0.03103923585126064, 0.9374592695541364, 0.6875447878324124, 0.8769121269890033, 0.040131171532868604, 0.024249322963454854, 0.19781731826211116, 0.9978934807172029, 0.05583923970840405, 0.89356993312636, 0.1308060824585156, 0.1727243075888605, 0.13595579115263043, 0.8110049063045024, 0.5319648273809859, 0.726272761707291, 0.6510017235904307, 0.9973595086058359, 0.19103376876408532, 0.4580021776474587, 0.23437809496420836, 0.048021642378343915], BATTLES: 257-182-213-356-282-267-379-327-283-
40, 6, -2619.0, [0.3539470942194965, 0.9291180607045201, 0.0027847941090498977, 0.04735062120190073, 0.8536074486794196, 0.913866624508084, 0.001451443454922393, 0.09840713599188036, 0.35736928708358007, 0.7219133782866137, 0.7977470552805961, 0.028319951567854645, 0.9766615714358526, 0.004550893897653452, 0.047102077831882486, 0.09709418341104797, 0.017245214926787343, 0.7873373379945903, 0.03256072507305013, 0.5863067000286578, 0.725255085100668, 0.9829389420433637, 0.7966838818583566, 0.9361441962766118, 0.9589506762069235, 0.1975463880854602, 0.9010485806529444, 0.8824021040803139, 0.12249533392258417, 0.23850452789184245, 0.8492346539896888, 0.9931143647943935, 0.9973926542670599, 0.017823782084917444, 0.8202787283875087, 0.9764535119999566, 0.3487624503286809, 0.16525558503065985, 0.6519321964327272, 0.0061096075241469025, 0.017565957741386428, 0.049762004931120776, 0.9796846766819705, 0.7388186341237819, 0.765104450133533, 0.05083272037440391, 0.27609494036558324, 0.08491079019124695, 0.9500786626998843, 0.12730651326741696, 0.8966902224661782, 0.1125361807552954, 0.1995685195610783, 0.058465479364069955, 0.8531577643937994, 0.41744810969644375, 0.8135520311606949, 0.5384030990920556, 0.9734887718268064, 0.428669636895128, 0.5296077672638791, 0.3265683881203706, 0.029365791272126678], BATTLES: 308-194-178-363-306-255-400-339-276-
40, 7, -2674.0, [0.39437219357050374, 0.8715914194296637, 0.00488161560250314, 0.046216819985531114, 0.8690012373373783, 0.9475944933380469, 0.012008787293756098, 0.13021714378381616, 0.34438942934221245, 0.8008368008632166, 0.8361328116900051, 0.021153018138447978, 0.9970943019054441, 0.49368548233261383, 0.14159605110457052, 0.03287969279606394, 0.0439242580857999, 0.9641743383408733, 0.07543186498344955, 0.6567590574374121, 0.9069502168089622, 0.916769074117746, 0.8415614486595193, 0.6098657935704546, 0.9758822390059677, 0.028735919728489726, 0.8604780396835527, 0.9506444085409997, 0.05856978438679821, 0.42147073852773226, 0.9257019974730779, 0.9949130613289117, 0.9879644044723092, 0.5048298068500958, 0.7429910153819397, 0.9925906288100326, 0.8264047950165803, 0.038994411265083455, 0.7995292361262338, 0.0015215089847824825, 0.017482190063203368, 0.021430465654360714, 0.957263366382284, 0.7348203852888291, 0.9809796885721097, 0.14534504697413614, 0.09843723743404113, 0.1639255713247696, 0.9051697390609765, 0.05350135037773303, 0.8384939982300467, 0.0883557779589188, 0.10350027716016492, 0.30018048946763576, 0.8285630503636138, 0.6896986794432496, 0.781477257718728, 0.5704247022483001, 0.9693978489296343, 0.5099549936778254, 0.551873988119655, 0.37184526605004564, 0.08314924320501514], BATTLES: 303-199-197-384-301-284-380-339-287-
40, 8, -2676.0, [0.43440795491878736, 0.8777647263911927, 0.04192915823247914, 0.0377224167777066, 0.7742280480068549, 0.9229908525716225, 0.004126443612873203, 0.17097928749537789, 0.525633230270554, 0.6898990704318939, 0.90493147571553, 0.00383012824408091, 0.9733765589668821, 0.5828819536881777, 0.12943102307030543, 0.08165736612049458, 0.06369007903382391, 0.9960013266298369, 0.05214296969365526, 0.5135748831764025, 0.6336997294820516, 0.9863272992905446, 0.7219623312770983, 0.5882287896034425, 0.9957852806371814, 0.023232684013993934, 0.8011325731213308, 0.7988018093383655, 0.0343750117735619, 0.43719737129484926, 0.898296880350997, 0.9888483972431937, 0.9935623471935572, 0.7049397376088079, 0.8261508335475374, 0.9958017929195289, 0.6230859794037059, 0.17111966416492108, 0.9096054079323108, 0.01288226276735624, 0.037281085856611475, 0.05252472069972395, 0.885260510329736, 0.6890682417283347, 0.7438206687581822, 0.11477164494958472, 0.14546442664574155, 0.16381758087695672, 0.9544608388930488, 0.025999722207377587, 0.889547106414091, 0.046140820028523405, 0.16129094446537148, 0.17927488331942593, 0.8292165003080265, 0.6148726817143645, 0.9580615707400613, 0.4399702525597085, 0.9582744566265865, 0.4654477137167614, 0.8834453171774108, 0.25712163967935237, 0.001214661741390434], BATTLES: 297-215-208-392-267-266-391-322-308-
40, 9, -2595.0, [0.40339249726852383, 0.9806766231725348, 0.003293250270963216, 0.06487314824310339, 0.9270658942925053, 0.978915195917688, 0.005902335663743293, 0.11904248981663537, 0.45370757056326183, 0.9290887972272508, 0.9791821034471195, 0.019713519751753797, 0.9985344572938262, 0.6048611471641299, 0.107527931948964, 0.030730299648116695, 0.008348569606297908, 0.9429560929588238, 0.004170799667246693, 0.6227346537347689, 0.7071252868844009, 0.9469686753940274, 0.8956087505076207, 0.7571845714104413, 0.9978305206727136, 0.02180558831776208, 0.6446656580426684, 0.9591256346541717, 0.1312495854978793, 0.5788526260023359, 0.8165624508509749, 0.9928016856903137, 0.9849413812403929, 0.14812178305986864, 0.7916368240709893, 0.9936060859450776, 0.26130749354938526, 0.011459733355883236, 0.9797739867386431, 0.06772857661394298, 0.0012176535879975612, 0.040840440923290824, 0.8304789281429715, 0.7097497335923568, 0.8993489787010205, 0.12696743770804209, 0.17826962493116763, 0.2507467177729317, 0.8070918200671641, 0.09660594227366806, 0.9289616415042297, 0.06585432903016245, 0.08648356885960519, 0.41405408166706237, 0.8474998300064615, 0.8136231308034775, 0.7769576361828191, 0.33567088143815527, 0.9522383145756624, 0.50570562325521, 0.13381313207611145, 0.28914981068712275, 0.06170786502918056], BATTLES: 275-184-198-369-340-253-341-302-307-
40, 10, -2703.0, [0.3518852812867938, 0.90821939263555, 0.004922492812364061, 0.062332604274117825, 0.9580901449728487, 0.9601043209201238, 0.0009212069953209818, 0.13790288002004544, 0.3697381405420482, 0.8603261351255047, 0.925015317571951, 0.0017341102913133143, 0.9838310097670632, 0.2549452285230973, 0.03762901078412035, 0.018553159626822066, 0.11213582805235767, 0.7882604965919093, 0.05790618730645452, 0.3765412432624634, 0.8001707663487945, 0.9490001430673897, 0.6619944607603396, 0.6566005527500637, 0.9725525865192088, 0.06088308506368384, 0.7927531589475215, 0.9328353026035703, 0.012329084246398461, 0.2772665496677688, 0.8925028385432917, 0.9692767860140724, 0.9829616280597118, 0.6582207007513938, 0.8359458214015631, 0.9758341115101462, 0.6757902831640472, 0.14073241745422815, 0.7512086265226661, 0.004979136611635305, 0.010626758729023399, 0.039855813181966286, 0.883393149294647, 0.7195886152086464, 0.9578653331237049, 0.04802382097917763, 0.05314869172256381, 0.10902224769006175, 0.8893892547806509, 0.051680440453164736, 0.7829483510599313, 0.04649249866480705, 0.19711213818468754, 0.5286345172023015, 0.79369018495703, 0.4140329323038512, 0.8396022446471972, 0.6767710758205717, 0.9717564226906626, 0.40684668258400736, 0.046619515937597444, 0.2987364060830451, 0.04479779004246145], BATTLES: 297-202-192-392-269-268-418-356-309-
40, 11, -2586.0, [0.4300494708266593, 0.9176324898910666, 0.006829367809231868, 0.05743187585778141, 0.9098349360515089, 0.9989216721635362, 0.01105935580242334, 0.13397115730689793, 0.32662543466687954, 0.8293950387869339, 0.8269982894102901, 0.024246372274074616, 0.9944731780409878, 0.7481464384335159, 0.09895387155782016, 0.1604149582817278, 0.028316206397280136, 0.9382935767778492, 0.055960693185274225, 0.7003256640787303, 0.7814367436383941, 0.9797313203664941, 0.6785824047931109, 0.5420827657026789, 0.982336205613144, 0.02282989650192451, 0.6499775821813962, 0.9778736960842954, 0.09595898654530682, 0.7880827368006782, 0.7349844335854246, 0.9965738351876761, 0.9666853796959951, 0.36597149295450804, 0.7806089947143682, 0.9946413514808425, 0.7787457001217375, 0.03592288287695922, 0.6650128665728937, 0.15018179801128229, 0.005752079011800508, 0.05065619594174817, 0.989253841224055, 0.6892327505245236, 0.9744701034452884, 0.07808767266714765, 0.11568537177516319, 0.18689596677159181, 0.7354291294349832, 0.03441362565031493, 0.8250324097140549, 0.06569999397798341, 0.11048052341648366, 0.2167218662359369, 0.8577895269705079, 0.5891459511586981, 0.750156088699208, 0.44938300643349494, 0.9616659954176152, 0.6548760531718276, 0.2601972855392379, 0.35322504331409893, 0.05242107341816286], BATTLES: 289-180-221-394-291-266-363-304-278-
40, 12, -2551.0, [0.4618733517520963, 0.8884291713782219, 0.003360619972593569, 0.06155179224727708, 0.9203293498228294, 0.9003219949775855, 0.0011844786520286551, 0.09743008332303107, 0.4914655309268507, 0.9554616337310496, 0.8972148393529312, 0.010770402573420376, 0.9986029538773615, 0.310276236089358, 0.17302058310390164, 0.004410412042666588, 0.00577443808407942, 0.9086238484033369, 0.04372993721946411, 0.6590494604487078, 0.4723027881222316, 0.9955132605750163, 0.7016651192673603, 0.6375242616130734, 0.9660850807875301, 0.0863682373660773, 0.6238937144466872, 0.9554434933414813, 0.16372665941322817, 0.4456584026997577, 0.7157653127945821, 0.9997933066629993, 0.9931598539241753, 0.13332765989099493, 0.7788859924541486, 0.9919775709386238, 0.23878881710868557, 0.009727063718049375, 0.7922867108621942, 0.1431202881064515, 0.010830145661629117, 0.008021733322534225, 0.9847566612666694, 0.6474640533240008, 0.7494577950187559, 0.13566021046694354, 0.1266655101203599, 0.21722455548910136, 0.8791916370376922, 0.02758582908770628, 0.9092183249740784, 0.10129782030184621, 0.14482041700504356, 0.4303400552481428, 0.8897308110085679, 0.5661884804176778, 0.6938563444803367, 0.562368810147634, 0.9848893998917447, 0.47381191519259724, 0.76968954037191, 0.18910155899303113, 0.018967935733961112], BATTLES: 262-198-208-395-279-257-356-309-280-
40, 13, -2677.0, [0.34327588711556517, 0.7880756818744625, 0.006409735520129713, 0.046287316833951944, 0.832152179073005, 0.9951802326285242, 0.010325970369320236, 0.1561700669325244, 0.4061271264605395, 0.6147156097841386, 0.8719195351359352, 0.007918855785042566, 0.966855231248497, 0.5988500129000172, 0.10196052225610523, 0.06691188217096937, 0.07810502975872222, 0.9014488584073678, 0.008244979988931426, 0.6251640700310855, 0.6062861464201511, 0.9884759255797542, 0.8511928140351707, 0.7207934358577364, 0.9751023394909294, 0.11617331944381026, 0.8401901683394525, 0.8766902814119825, 0.006560190553073247, 0.4987739370343912, 0.8300431658966206, 0.9992547075850975, 0.9852316760832975, 0.6696819164088088, 0.8089108224922879, 0.9952747274942703, 0.5930908406205949, 0.13782099275527399, 0.9331337273587759, 0.03905637856774506, 0.025119677335314772, 0.04857461886009448, 0.779771691411759, 0.8509026029699487, 0.6749526916201238, 0.07438252348424444, 0.05948911162912658, 0.0983789613065933, 0.862971988600745, 0.043344103859888086, 0.8294167399738804, 0.10697607893313099, 0.08752289578271027, 0.021468920996569454, 0.8863965551686368, 0.6751304735339422, 0.8345926232807495, 0.4555841860345728, 0.9550293781211754, 0.48618683885795805, 0.5656893423346575, 0.3321731415569212, 0.00722506946230822], BATTLES: 316-209-211-380-295-273-371-318-304-
40, 14, -2615.0, [0.3830360242725218, 0.8485920908763277, 0.016498288005140395, 0.037709704352146725, 0.9090381691436225, 0.9848370538018143, 0.054619959956245814, 0.05635906005625478, 0.5162513336604467, 0.40458903849887173, 0.7963161965884136, 0.04803963423027825, 0.9937896263909782, 0.29021816767113395, 0.0626226550873981, 0.0027434282267615323, 0.006972469176348792, 0.9806205756459234, 0.007315144969245561, 0.6141976548539635, 0.8788268859954632, 0.988282502920434, 0.7632067986316518, 0.6952765515111283, 0.959360543380963, 0.11863322784929795, 0.8560980648014582, 0.6312652618219207, 0.04303712741039988, 0.38656737500333366, 0.8941752670657135, 0.9726917226925156, 0.979590323894435, 0.6487490725461181, 0.6638162151365911, 0.9842736842745636, 0.984271551779042, 0.14397286756817676, 0.7354403343861993, 0.1043589529745865, 0.01574329012594726, 0.07828247775344557, 0.8667744250601862, 0.798637335216472, 0.8273195437860625, 0.021667471433478202, 0.5015738072375855, 0.0658395529998101, 0.7151319108909686, 0.0106675622329934, 0.8907333844157945, 0.09112003051089368, 0.18353519529238935, 0.032446195216583484, 0.8258960489643743, 0.60527514746946, 0.9767411543624426, 0.374305445918042, 0.9787937502783403, 0.530590779881171, 0.3689080422743125, 0.38448214315849866, 0.03709362485672016], BATTLES: 265-216-185-382-297-244-401-343-282-
41, 0, -2636.0, [0.36043707376600864, 0.7668494579987432, 0.04231732550764809, 0.05153155003152597, 0.7688006876569224, 0.9015669920385891, 0.0005741210607711532, 0.06400706967411121, 0.4636507092295967, 0.5171465534590027, 0.8833614934088023, 0.008578539983011703, 0.9511220138685056, 0.390174991580022, 0.13267927046770933, 0.042674956523261406, 0.09388673065343882, 0.870536532053821, 0.06141847939087924, 0.5664933212848549, 0.7704697530650337, 0.8218396488547322, 0.7054238035075645, 0.570189883945391, 0.9855906457866704, 0.06274539626096423, 0.855788438689167, 0.8000353631804338, 0.16455078653948113, 0.13738254006789025, 0.8896149716532332, 0.9659145667997785, 0.9950972502669219, 0.5529003757446375, 0.8817660900097716, 0.9735296139978977, 0.9241815437867467, 0.22263051388805966, 0.5077726144761844, 0.030998737915848534, 0.024836214054423808, 0.09332059852142147, 0.8375685886161909, 0.7642491010631032, 0.7364398065698833, 0.20050393512763048, 0.3240209215327105, 0.10911766064452427, 0.8770446323606869, 0.0512879149396756, 0.8437710906007135, 0.11114384497412895, 0.19737775513482334, 0.342384341420493, 0.8741687772142814, 0.6228144840948593, 0.8618800318820198, 0.4681773635822932, 0.975671863679799, 0.31770302376247833, 0.49425669655793814, 0.47751292878838386, 0.016807250822435574], BATTLES: 309-177-204-387-298-254-410-320-277-
41, 1, -2649.0, [0.46703291073021413, 0.8768590125672597, 0.019451336939697205, 0.06425652278001769, 0.9861139640763443, 0.9259970306825992, 0.017904663829568068, 0.12708264807778644, 0.5137991795133365, 0.9906872697359367, 0.9687612610704349, 0.02519755076213967, 0.9822977993847979, 0.5079712554693894, 0.06477632326076452, 0.07682151335521735, 0.1514276782899452, 0.5970067829185847, 0.03588197443042902, 0.42399401554743454, 0.7298255710766194, 0.985078218071422, 0.792654960177087, 0.7384061817752182, 0.9999351018411309, 0.1074745147016105, 0.7672696465746627, 0.981506975814701, 0.059535448323474696, 0.1936462355017995, 0.8051065807328911, 0.9873863677439612, 0.9887577585460458, 0.4867081594725075, 0.7473720596381442, 0.9898934801470803, 0.9474115759627203, 0.0766507334531322, 0.9763732747971023, 0.0014294748250417155, 0.0012002320869056778, 0.011864679169476776, 0.9137183165282471, 0.7171536842324826, 0.8056457522058083, 0.1669661818995139, 0.12377437656080842, 0.17360802026246716, 0.8686394027599711, 0.06416791838213952, 0.7065304502400528, 0.04323467343643905, 0.10394447751830266, 0.4136569936707965, 0.8626673225666663, 0.5959810801060721, 0.7042847284644609, 0.33507910822064163, 0.9140664237546092, 0.4773051684855524, 0.6648866980734706, 0.39400949415366393, 0.02739701244901843], BATTLES: 302-187-194-385-321-249-378-328-305-
41, 2, -2677.0, [0.3601387022838695, 0.9710698800060742, 0.002814095368881442, 0.038197912344863263, 0.9464837217491774, 0.9133454479786213, 0.008824080266824456, 0.046565889232091796, 0.31406456348446693, 0.7989313540608038, 0.9165232573914519, 0.0021609686494137026, 0.9771852167990934, 0.22449658555400853, 0.07521207326394531, 0.01731805025243845, 0.055475409611884546, 0.7767370300215795, 0.00040234879359944686, 0.41878154760470615, 0.6342820650673672, 0.912283975839231, 0.8313391092261868, 0.9278628808593203, 0.9829995670285796, 0.34185573586723084, 0.9152337759878348, 0.8512781838449008, 0.10261717140325816, 0.30665889132050816, 0.8747262863168591, 0.9878553398604242, 0.9882080477116971, 0.1884032419144997, 0.8745154353978208, 0.9668413044535534, 0.176950339865652, 0.16688185466076977, 0.7077811233828846, 0.004590478173279615, 0.01806230919412179, 0.02335296919022728, 0.9235396285741657, 0.723841341020661, 0.7264467277388955, 0.09731285080278415, 0.075890433032803, 0.15086438586220835, 0.9796932399032556, 0.0390686880403414, 0.8013583016333726, 0.09668329848399414, 0.27441676160378264, 0.30802691744594857, 0.9053080833613892, 0.7422200722077936, 0.8380936315785144, 0.6996471500094905, 0.9660355920350182, 0.29942837032926184, 0.4784233591079447, 0.2585187290595062, 0.04342578328135881], BATTLES: 275-224-184-395-260-260-377-340-275-
41, 3, -2651.0, [0.2906375405547811, 0.9590639577654061, 0.0022587530694114094, 0.08061916527533992, 0.8594827841309423, 0.9181087833958567, 0.000699491222394042, 0.026857252163213448, 0.28331315894616216, 0.9215849811499004, 0.7815957122433396, 0.012608404244070667, 0.9702665065358659, 0.05758268564169671, 0.151153028623774, 0.0038536059532969357, 0.09705234322805946, 0.8989471942977203, 0.07954815127917156, 0.3644165774540239, 0.7666712774354661, 0.9993181414498169, 0.6257144026002297, 0.711058649677343, 0.944955968551856, 0.19537203089792923, 0.7653862369697217, 0.9690428610058244, 0.01324056434888959, 0.016784947932094008, 0.9052906688091507, 0.9753450019695898, 0.9965316620336304, 0.38983423156635527, 0.8473687084939234, 0.9655794605792833, 0.06543494136561108, 0.22423970105403318, 0.9376898647137883, 0.001689620433458369, 0.023999573742130742, 0.006984557680482364, 0.9876050310240683, 0.7300455740226256, 0.8505302553509361, 0.17743975939454792, 0.03926422551075342, 0.10257754196197234, 0.9919059533569314, 0.07500584152486256, 0.7568495009667038, 0.12170218555322848, 0.3087394453574208, 0.4041793088936899, 0.8664113819262841, 0.589219737214592, 0.8218958005918428, 0.6828702976741985, 0.9913280907072395, 0.39933444436510684, 0.4266109934454154, 0.1177950795693541, 0.017005065605078522], BATTLES: 293-199-198-388-264-245-411-341-306-
41, 4, -2664.0, [0.4351085750098211, 0.9209033330325138, 0.0033449502892026707, 0.058327889954251436, 0.9295115626002078, 0.9331381177956003, 0.00880492270783101, 0.10146360140514966, 0.38143779388751053, 0.9580087162117092, 0.8427770239962403, 0.011147659628873804, 0.9872531810462299, 0.5089905120031122, 0.048511182661122025, 0.1314108611347738, 0.06560459376692461, 0.9344827142315896, 0.013217022929899888, 0.6551987979706551, 0.7941750547169917, 0.930413566862847, 0.7591449280044047, 0.6105971050789375, 0.974402325214721, 0.05142600961890602, 0.605336200459779, 0.9948687901328346, 0.1328307184722282, 0.769846305553428, 0.7588621740175409, 0.9973047495920436, 0.9929921247056388, 0.3916750082931228, 0.816888007611673, 0.9832197663748884, 0.58144678156248, 0.03930988143505349, 0.7163407541834299, 0.06547644167785115, 0.0022468443544466326, 0.020593710229484315, 0.8931856679341827, 0.6662079388672945, 0.9587949071861233, 0.022485983259725756, 0.003533304443672884, 0.20373464845081243, 0.7181708739992514, 0.018125771198992148, 0.785564923253094, 0.02721683448251662, 0.13061165608267708, 0.3890827877914257, 0.7717787615464127, 0.4969655601982338, 0.6743531242637699, 0.6828426640522121, 0.9961682076445387, 0.7295112742661158, 0.4476159940473702, 0.2894720774764252, 0.061940013250031054], BATTLES: 284-188-196-389-302-263-397-329-300-
41, 5, -2616.0, [0.43382537971730806, 0.9334130197850092, 0.0055953505328704654, 0.053611810438076966, 0.8617457026669487, 0.9264946545818624, 0.009566450791862774, 0.09597576392495175, 0.3863866642932264, 0.9519284982988743, 0.8625487173691581, 0.031040184283718863, 0.9917100933840184, 0.2830654980252205, 0.10898153670081165, 0.055155745587867115, 0.06257856123511665, 0.8975675619681158, 0.047684652511561544, 0.5833179127316239, 0.8177134282144154, 0.9383866566282951, 0.7779994364130856, 0.7367815996052656, 0.9703682992063436, 0.04788198646345699, 0.8091863022987454, 0.9063226118031339, 0.07744457576801199, 0.35093046351251456, 0.8352266666993932, 0.9869700954029618, 0.9663761296924684, 0.39653884348562474, 0.7474437082559698, 0.984004377666591, 0.5345314732026777, 0.05754565926725522, 0.9304080638714749, 0.0007175170058650454, 0.011083237265549396, 0.03103923585126064, 0.978332271352166, 0.6875447878324124, 0.9004136414767918, 0.040131171532868604, 0.012124661481727427, 0.20163663680783575, 0.9978934807172029, 0.05583923970840405, 0.8614553963744693, 0.1308060824585156, 0.1727243075888605, 0.13595579115263043, 0.8059782718569112, 0.5319648273809859, 0.7531221157257699, 0.6584828208031819, 0.998679754302918, 0.19103376876408532, 0.4181929378458568, 0.23437809496420836, 0.048021642378343915], BATTLES: 286-203-193-368-293-257-384-338-290-
41, 6, -2587.0, [0.3539470942194965, 0.9291180607045201, 0.0013923970545249489, 0.08003810806414131, 0.9174899755335538, 0.9083245747516488, 0.002851089719738362, 0.09840713599188036, 0.3361518491334756, 0.7219133782866137, 0.8425012772453239, 0.028319951567854645, 0.9776934206317172, 0.002275446948826726, 0.047102077831882486, 0.09709418341104797, 0.05640234359447825, 0.7874788953935258, 0.06761763044670756, 0.5863067000286578, 0.8991989874015521, 0.9829389420433637, 0.7966838818583566, 0.9361441962766118, 0.9589506762069235, 0.029059842127172386, 0.9308879719070927, 0.8824021040803139, 0.02905006071372365, 0.23850452789184245, 0.8905151197362838, 0.9931143647943935, 0.9973926542670599, 0.4738443183320409, 0.8040220868037705, 0.9764535119999566, 0.4433899940429423, 0.15165204322374326, 0.688924425831329, 0.0030548037620734513, 0.017565957741386428, 0.049762004931120776, 0.9857761048405059, 0.7152053398886373, 0.8825522250667666, 0.05083272037440391, 0.13804747018279162, 0.15255210445203887, 0.9750393313499421, 0.060975653004018096, 0.852991502604105, 0.1125361807552954, 0.2553951917472126, 0.3247701321465003, 0.7337315564344441, 0.41744810969644375, 0.8135520311606949, 0.5384030990920556, 0.9734887718268064, 0.23690524198966115, 0.25582046294477767, 0.3265683881203706, 0.030360688347619805], BATTLES: 304-170-177-377-279-259-366-317-293-
41, 7, -2679.0, [0.39437219357050374, 0.9806860456899497, 0.00488161560250314, 0.05892454475524038, 0.8690012373373783, 0.958964655122325, 0.012008787293756098, 0.13021714378381616, 0.38015039828822517, 0.9004184004316083, 0.8361328116900051, 0.014137010546452208, 0.9970943019054441, 0.49368548233261383, 0.14159605110457052, 0.01643984639803197, 0.0439242580857999, 0.9641743383408733, 0.03771593249172477, 0.4957311030023186, 0.8534820522797582, 0.916769074117746, 0.8415614486595193, 0.7211138313892376, 0.9879411195029839, 0.028735919728489726, 0.8604780396835527, 0.9876008780151234, 0.05856978438679821, 0.42147073852773226, 0.9257019974730779, 0.9949130613289117, 0.9879644044723092, 0.45727938216029307, 0.8015089274272575, 0.9925906288100326, 0.470688626412307, 0.03126876252459599, 0.7995292361262338, 0.036424503478926784, 0.012311436787763896, 0.021430465654360714, 0.957263366382284, 0.7348203852888291, 0.9904898442860548, 0.02938284039631467, 0.12656879063049864, 0.1550121661059257, 0.9051697390609765, 0.05350135037773303, 0.882245697022824, 0.034906287624052866, 0.10718873485976307, 0.30018048946763576, 0.8285630503636138, 0.6615091531846484, 0.781477257718728, 0.4396803602273762, 0.9693978489296343, 0.5099549936778254, 0.551873988119655, 0.37184526605004564, 0.07687110925935882], BATTLES: 304-204-184-368-304-258-382-321-286-
41, 8, -2618.0, [0.43440795491878736, 0.8777647263911927, 0.04192915823247914, 0.0377224167777066, 0.7742280480068549, 0.9229908525716225, 0.004126443612873203, 0.17097928749537789, 0.525633230270554, 0.6898990704318939, 0.90493147571553, 0.00383012824408091, 0.9733765589668821, 0.5828819536881777, 0.12943102307030543, 0.08165736612049458, 0.06369007903382391, 0.9960013266298369, 0.05214296969365526, 0.5135748831764025, 0.6336997294820516, 0.9863272992905446, 0.7219623312770983, 0.5882287896034425, 0.9957852806371814, 0.023232684013993934, 0.8011325731213308, 0.7988018093383655, 0.0343750117735619, 0.43719737129484926, 0.898296880350997, 0.9888483972431937, 0.9935623471935572, 0.7049397376088079, 0.8261508335475374, 0.9958017929195289, 0.6230859794037059, 0.17111966416492108, 0.9096054079323108, 0.01288226276735624, 0.037281085856611475, 0.05252472069972395, 0.885260510329736, 0.6890682417283347, 0.7438206687581822, 0.11477164494958472, 0.14546442664574155, 0.16381758087695672, 0.9544608388930488, 0.025999722207377587, 0.889547106414091, 0.046140820028523405, 0.16129094446537148, 0.17927488331942593, 0.8292165003080265, 0.6148726817143645, 0.9580615707400613, 0.4399702525597085, 0.9582744566265865, 0.4654477137167614, 0.8834453171774108, 0.25712163967935237, 0.001214661741390434], BATTLES: 310-199-198-386-278-252-390-324-281-
41, 9, -2618.0, [0.40339249726852383, 0.9806766231725348, 0.003293250270963216, 0.06487314824310339, 0.9270658942925053, 0.978915195917688, 0.005902335663743293, 0.11904248981663537, 0.45370757056326183, 0.9290887972272508, 0.9791821034471195, 0.019713519751753797, 0.9985344572938262, 0.6048611471641299, 0.107527931948964, 0.030730299648116695, 0.008348569606297908, 0.9429560929588238, 0.004170799667246693, 0.6227346537347689, 0.7071252868844009, 0.9469686753940274, 0.8956087505076207, 0.7571845714104413, 0.9978305206727136, 0.02180558831776208, 0.6446656580426684, 0.9591256346541717, 0.1312495854978793, 0.5788526260023359, 0.8165624508509749, 0.9928016856903137, 0.9849413812403929, 0.14812178305986864, 0.7916368240709893, 0.9936060859450776, 0.26130749354938526, 0.011459733355883236, 0.9797739867386431, 0.06772857661394298, 0.0012176535879975612, 0.040840440923290824, 0.8304789281429715, 0.7097497335923568, 0.8993489787010205, 0.12696743770804209, 0.17826962493116763, 0.2507467177729317, 0.8070918200671641, 0.09660594227366806, 0.9289616415042297, 0.06585432903016245, 0.08648356885960519, 0.41405408166706237, 0.8474998300064615, 0.8136231308034775, 0.7769576361828191, 0.33567088143815527, 0.9522383145756624, 0.50570562325521, 0.13381313207611145, 0.28914981068712275, 0.06170786502918056], BATTLES: 294-205-220-379-300-247-360-317-296-
41, 10, -2629.0, [0.3518852812867938, 0.9395460851489191, 0.004922492812364061, 0.062332604274117825, 0.9742422561758698, 0.9601043209201238, 0.017086721738564504, 0.1211718388739663, 0.3697381405420482, 0.960802004256204, 0.8553675466442877, 0.0017341102913133143, 0.9838310097670632, 0.2549452285230973, 0.03762901078412035, 0.018553159626822066, 0.11213582805235767, 0.8725563380889318, 0.05790618730645452, 0.3765412432624634, 0.8001707663487945, 0.9890207401786845, 0.6619944607603396, 0.6566005527500637, 0.9683031653649683, 0.06088308506368384, 0.7927531589475215, 0.9328353026035703, 0.06307047356253105, 0.554120392069085, 0.7643446148360324, 0.9692767860140724, 0.9870306044494188, 0.6582207007513938, 0.7893035507363401, 0.9846560355760415, 0.6691737470402859, 0.14073241745422815, 0.5519445850982005, 0.018915153653038384, 0.010626758729023399, 0.019927906590983143, 0.9837715292958689, 0.6755841046002741, 0.9578653331237049, 0.04802382097917763, 0.026574345861281906, 0.21523896002136525, 0.8893892547806509, 0.051680440453164736, 0.7829483510599313, 0.07604049286460239, 0.19711213818468754, 0.5286345172023015, 0.7904838441881488, 0.3297461121412704, 0.8396022446471972, 0.6767710758205717, 0.9717564226906626, 0.5611527292859664, 0.046619515937597444, 0.3794090004306949, 0.04479779004246145], BATTLES: 291-212-191-367-302-240-386-316-308-
41, 11, -2604.0, [0.4300494708266593, 0.9176324898910666, 0.006829367809231868, 0.05743187585778141, 0.9098349360515089, 0.9989216721635362, 0.01105935580242334, 0.13397115730689793, 0.32662543466687954, 0.8293950387869339, 0.8269982894102901, 0.024246372274074616, 0.9944731780409878, 0.7481464384335159, 0.09895387155782016, 0.1604149582817278, 0.028316206397280136, 0.9382935767778492, 0.055960693185274225, 0.7003256640787303, 0.7814367436383941, 0.9797313203664941, 0.6785824047931109, 0.5420827657026789, 0.982336205613144, 0.02282989650192451, 0.6499775821813962, 0.9778736960842954, 0.09595898654530682, 0.7880827368006782, 0.7349844335854246, 0.9965738351876761, 0.9666853796959951, 0.36597149295450804, 0.7806089947143682, 0.9946413514808425, 0.7787457001217375, 0.03592288287695922, 0.6650128665728937, 0.15018179801128229, 0.005752079011800508, 0.05065619594174817, 0.989253841224055, 0.6892327505245236, 0.9744701034452884, 0.07808767266714765, 0.11568537177516319, 0.18689596677159181, 0.7354291294349832, 0.03441362565031493, 0.8250324097140549, 0.06569999397798341, 0.11048052341648366, 0.2167218662359369, 0.8577895269705079, 0.5891459511586981, 0.750156088699208, 0.44938300643349494, 0.9616659954176152, 0.6548760531718276, 0.2601972855392379, 0.35322504331409893, 0.05242107341816286], BATTLES: 273-207-180-384-283-275-381-324-297-
41, 12, -2616.0, [0.4448576174342379, 0.8884291713782219, 0.004783815117138801, 0.06155179224727708, 0.9994623819399069, 0.9864540978774934, 0.052710098620275314, 0.09743008332303107, 0.4504983965399461, 0.9554616337310496, 0.8483457168527956, 0.010770402573420376, 0.9986029538773615, 0.5671112244349682, 0.09041492517514649, 0.07727236662727155, 0.04165168685199813, 0.9086238484033369, 0.04372993721946411, 0.6590494604487078, 0.7469217468600228, 0.9955132605750163, 0.6386584085035247, 0.6375242616130734, 0.9660850807875301, 0.047146736582553916, 0.7817552879350808, 0.9554434933414813, 0.13676399278124635, 0.4605820231881213, 0.7157653127945821, 0.9997933066629993, 0.9844666416771235, 0.13332765989099493, 0.7018766232135353, 0.9827625214086243, 0.23878881710868557, 0.11081731394438404, 0.7922867108621942, 0.1431202881064515, 0.003043158160413763, 0.008021733322534225, 0.9847566612666694, 0.6474640533240008, 0.7494577950187559, 0.13566021046694354, 0.1266655101203599, 0.11561322074241442, 0.8791916370376922, 0.011255300973372143, 0.9092183249740784, 0.10129782030184621, 0.18893228274615026, 0.4303400552481428, 0.86511081105452, 0.4976681029695743, 0.6938563444803367, 0.46977018547942795, 0.9896158433379054, 0.5581310601394374, 0.45368776866180405, 0.4303903522063073, 0.018967935733961112], BATTLES: 296-205-203-370-299-224-363-310-290-
41, 13, -2643.0, [0.34327588711556517, 0.7880756818744625, 0.006409735520129713, 0.046287316833951944, 0.832152179073005, 0.9951802326285242, 0.010325970369320236, 0.1561700669325244, 0.4061271264605395, 0.6147156097841386, 0.8719195351359352, 0.007918855785042566, 0.966855231248497, 0.5988500129000172, 0.10196052225610523, 0.06691188217096937, 0.07810502975872222, 0.9014488584073678, 0.008244979988931426, 0.6251640700310855, 0.6062861464201511, 0.9884759255797542, 0.8511928140351707, 0.7207934358577364, 0.9751023394909294, 0.11617331944381026, 0.8401901683394525, 0.8766902814119825, 0.006560190553073247, 0.4987739370343912, 0.8300431658966206, 0.9992547075850975, 0.9852316760832975, 0.6696819164088088, 0.8089108224922879, 0.9952747274942703, 0.5930908406205949, 0.13782099275527399, 0.9331337273587759, 0.03905637856774506, 0.025119677335314772, 0.04857461886009448, 0.779771691411759, 0.8509026029699487, 0.6749526916201238, 0.07438252348424444, 0.05948911162912658, 0.0983789613065933, 0.862971988600745, 0.043344103859888086, 0.8294167399738804, 0.10697607893313099, 0.08752289578271027, 0.021468920996569454, 0.8863965551686368, 0.6751304735339422, 0.8345926232807495, 0.4555841860345728, 0.9550293781211754, 0.48618683885795805, 0.5656893423346575, 0.3321731415569212, 0.00722506946230822], BATTLES: 317-217-190-393-296-258-382-281-309-
41, 14, -2548.0, [0.3830360242725218, 0.8485920908763277, 0.016498288005140395, 0.037709704352146725, 0.9090381691436225, 0.9848370538018143, 0.054619959956245814, 0.05635906005625478, 0.5162513336604467, 0.40458903849887173, 0.7963161965884136, 0.04803963423027825, 0.9937896263909782, 0.29021816767113395, 0.0626226550873981, 0.0027434282267615323, 0.006972469176348792, 0.9806205756459234, 0.007315144969245561, 0.6141976548539635, 0.8788268859954632, 0.988282502920434, 0.7632067986316518, 0.6952765515111283, 0.959360543380963, 0.11863322784929795, 0.8560980648014582, 0.6312652618219207, 0.04303712741039988, 0.38656737500333366, 0.8941752670657135, 0.9726917226925156, 0.979590323894435, 0.6487490725461181, 0.6638162151365911, 0.9842736842745636, 0.984271551779042, 0.14397286756817676, 0.7354403343861993, 0.1043589529745865, 0.01574329012594726, 0.07828247775344557, 0.8667744250601862, 0.798637335216472, 0.8273195437860625, 0.021667471433478202, 0.5015738072375855, 0.0658395529998101, 0.7151319108909686, 0.0106675622329934, 0.8907333844157945, 0.09112003051089368, 0.18353519529238935, 0.032446195216583484, 0.8258960489643743, 0.60527514746946, 0.9767411543624426, 0.374305445918042, 0.9787937502783403, 0.530590779881171, 0.3689080422743125, 0.38448214315849866, 0.03709362485672016], BATTLES: 255-172-194-372-305-248-391-327-284-
42, 0, -2663.0, [0.36043707376600864, 0.7668494579987432, 0.04231732550764809, 0.05153155003152597, 0.7688006876569224, 0.9015669920385891, 0.0005741210607711532, 0.06400706967411121, 0.4636507092295967, 0.5171465534590027, 0.8833614934088023, 0.008578539983011703, 0.9511220138685056, 0.390174991580022, 0.13267927046770933, 0.042674956523261406, 0.09388673065343882, 0.870536532053821, 0.06141847939087924, 0.5664933212848549, 0.7704697530650337, 0.8218396488547322, 0.7054238035075645, 0.570189883945391, 0.9855906457866704, 0.06274539626096423, 0.855788438689167, 0.8000353631804338, 0.16455078653948113, 0.13738254006789025, 0.8896149716532332, 0.9659145667997785, 0.9950972502669219, 0.5529003757446375, 0.8817660900097716, 0.9735296139978977, 0.9241815437867467, 0.22263051388805966, 0.5077726144761844, 0.030998737915848534, 0.024836214054423808, 0.09332059852142147, 0.8375685886161909, 0.7642491010631032, 0.7364398065698833, 0.20050393512763048, 0.3240209215327105, 0.10911766064452427, 0.8770446323606869, 0.0512879149396756, 0.8437710906007135, 0.11114384497412895, 0.19737775513482334, 0.342384341420493, 0.8741687772142814, 0.6228144840948593, 0.8618800318820198, 0.4681773635822932, 0.975671863679799, 0.31770302376247833, 0.49425669655793814, 0.47751292878838386, 0.016807250822435574], BATTLES: 311-212-196-391-280-249-383-328-313-
42, 1, -2622.0, [0.46703291073021413, 0.8768590125672597, 0.019451336939697205, 0.06425652278001769, 0.9861139640763443, 0.9259970306825992, 0.017904663829568068, 0.12708264807778644, 0.5137991795133365, 0.9906872697359367, 0.9687612610704349, 0.02519755076213967, 0.9822977993847979, 0.5079712554693894, 0.06477632326076452, 0.07682151335521735, 0.1514276782899452, 0.5970067829185847, 0.03588197443042902, 0.42399401554743454, 0.7298255710766194, 0.985078218071422, 0.792654960177087, 0.7384061817752182, 0.9999351018411309, 0.1074745147016105, 0.7672696465746627, 0.981506975814701, 0.059535448323474696, 0.1936462355017995, 0.8051065807328911, 0.9873863677439612, 0.9887577585460458, 0.4867081594725075, 0.7473720596381442, 0.9898934801470803, 0.9474115759627203, 0.0766507334531322, 0.9763732747971023, 0.0014294748250417155, 0.0012002320869056778, 0.011864679169476776, 0.9137183165282471, 0.7171536842324826, 0.8056457522058083, 0.1669661818995139, 0.12377437656080842, 0.17360802026246716, 0.8686394027599711, 0.06416791838213952, 0.7065304502400528, 0.04323467343643905, 0.10394447751830266, 0.4136569936707965, 0.8626673225666663, 0.5959810801060721, 0.7042847284644609, 0.33507910822064163, 0.9140664237546092, 0.4773051684855524, 0.6648866980734706, 0.39400949415366393, 0.02739701244901843], BATTLES: 291-204-174-379-295-260-391-348-280-
42, 2, -2681.0, [0.3488178619841853, 0.982348311674836, 0.001407047684440721, 0.038197912344863263, 0.9464837217491774, 0.9133454479786213, 0.0008871065887886258, 0.019343014709438857, 0.26007851049992936, 0.8994656770304019, 0.9261607232253887, 0.0042798943089121955, 0.9694858779219488, 0.09988248105468062, 0.07521207326394531, 0.01731805025243845, 0.07718683533723884, 0.7514441713562383, 0.00040234879359944686, 0.41878154760470615, 0.6342820650673672, 0.912283975839231, 0.8313391092261868, 0.9252282516523812, 0.9877817937358412, 0.34185573586723084, 0.8696084651795128, 0.9603353726650863, 0.08517803726257869, 0.24134252776598786, 0.8531663701067084, 0.9878553398604242, 0.9882080477116971, 0.19209170783397425, 0.9046438298024005, 0.9630675841975819, 0.088475169932826, 0.16688185466076977, 0.7077811233828846, 0.0022952390866398074, 0.002006806248866285, 0.02335296919022728, 0.9375570062736611, 0.723841341020661, 0.7990401311482447, 0.09731285080278415, 0.075890433032803, 0.14690715543642904, 0.9840427561363888, 0.0390686880403414, 0.7422466005269688, 0.09668329848399414, 0.27441676160378264, 0.30802691744594857, 0.9200543242505992, 0.7422200722077936, 0.8223883478154659, 0.6996471500094905, 0.9814269628594655, 0.29942837032926184, 0.42067396516800615, 0.1256602477973529, 0.008562901892340456], BATTLES: 293-203-186-372-288-250-388-355-292-
42, 3, -2640.0, [0.2906375405547811, 0.9590639577654061, 0.0022587530694114094, 0.08061916527533992, 0.8594827841309423, 0.9181087833958567, 0.000699491222394042, 0.026857252163213448, 0.28331315894616216, 0.9215849811499004, 0.7815957122433396, 0.012608404244070667, 0.9702665065358659, 0.05758268564169671, 0.151153028623774, 0.0038536059532969357, 0.09705234322805946, 0.8989471942977203, 0.07954815127917156, 0.3644165774540239, 0.7666712774354661, 0.9993181414498169, 0.6257144026002297, 0.711058649677343, 0.944955968551856, 0.19537203089792923, 0.7653862369697217, 0.9690428610058244, 0.01324056434888959, 0.016784947932094008, 0.9052906688091507, 0.9753450019695898, 0.9965316620336304, 0.38983423156635527, 0.8473687084939234, 0.9655794605792833, 0.06543494136561108, 0.22423970105403318, 0.9376898647137883, 0.001689620433458369, 0.023999573742130742, 0.006984557680482364, 0.9876050310240683, 0.7300455740226256, 0.8505302553509361, 0.17743975939454792, 0.03926422551075342, 0.10257754196197234, 0.9919059533569314, 0.07500584152486256, 0.7568495009667038, 0.12170218555322848, 0.3087394453574208, 0.4041793088936899, 0.8664113819262841, 0.589219737214592, 0.8218958005918428, 0.6828702976741985, 0.9913280907072395, 0.39933444436510684, 0.4266109934454154, 0.1177950795693541, 0.017005065605078522], BATTLES: 293-210-202-383-273-227-412-353-287-
42, 4, -2631.0, [0.4351085750098211, 0.9209033330325138, 0.0033449502892026707, 0.058327889954251436, 0.9295115626002078, 0.9331381177956003, 0.00880492270783101, 0.10146360140514966, 0.38143779388751053, 0.9580087162117092, 0.8427770239962403, 0.011147659628873804, 0.9872531810462299, 0.5089905120031122, 0.048511182661122025, 0.1314108611347738, 0.06560459376692461, 0.9344827142315896, 0.013217022929899888, 0.6551987979706551, 0.7941750547169917, 0.930413566862847, 0.7591449280044047, 0.6105971050789375, 0.974402325214721, 0.05142600961890602, 0.605336200459779, 0.9948687901328346, 0.1328307184722282, 0.769846305553428, 0.7588621740175409, 0.9973047495920436, 0.9929921247056388, 0.3916750082931228, 0.816888007611673, 0.9832197663748884, 0.58144678156248, 0.03930988143505349, 0.7163407541834299, 0.06547644167785115, 0.0022468443544466326, 0.020593710229484315, 0.8931856679341827, 0.6662079388672945, 0.9587949071861233, 0.022485983259725756, 0.003533304443672884, 0.20373464845081243, 0.7181708739992514, 0.018125771198992148, 0.785564923253094, 0.02721683448251662, 0.13061165608267708, 0.3890827877914257, 0.7717787615464127, 0.4969655601982338, 0.6743531242637699, 0.6828426640522121, 0.9961682076445387, 0.7295112742661158, 0.4476159940473702, 0.2894720774764252, 0.061940013250031054], BATTLES: 324-182-193-388-311-256-379-289-309-
42, 5, -2622.0, [0.43382537971730806, 0.9334130197850092, 0.0055953505328704654, 0.053611810438076966, 0.8617457026669487, 0.9264946545818624, 0.009566450791862774, 0.09597576392495175, 0.3863866642932264, 0.9519284982988743, 0.8625487173691581, 0.031040184283718863, 0.9917100933840184, 0.2830654980252205, 0.10898153670081165, 0.055155745587867115, 0.06257856123511665, 0.8975675619681158, 0.047684652511561544, 0.5833179127316239, 0.8177134282144154, 0.9383866566282951, 0.7779994364130856, 0.7367815996052656, 0.9703682992063436, 0.04788198646345699, 0.8091863022987454, 0.9063226118031339, 0.07744457576801199, 0.35093046351251456, 0.8352266666993932, 0.9869700954029618, 0.9663761296924684, 0.39653884348562474, 0.7474437082559698, 0.984004377666591, 0.5345314732026777, 0.05754565926725522, 0.9304080638714749, 0.0007175170058650454, 0.011083237265549396, 0.03103923585126064, 0.978332271352166, 0.6875447878324124, 0.9004136414767918, 0.040131171532868604, 0.012124661481727427, 0.20163663680783575, 0.9978934807172029, 0.05583923970840405, 0.8614553963744693, 0.1308060824585156, 0.1727243075888605, 0.13595579115263043, 0.8059782718569112, 0.5319648273809859, 0.7531221157257699, 0.6584828208031819, 0.998679754302918, 0.19103376876408532, 0.4181929378458568, 0.23437809496420836, 0.048021642378343915], BATTLES: 307-191-173-365-305-270-388-320-303-
42, 6, -2579.0, [0.3539470942194965, 0.9291180607045201, 0.0013923970545249489, 0.08003810806414131, 0.9174899755335538, 0.9083245747516488, 0.002851089719738362, 0.09840713599188036, 0.3361518491334756, 0.7219133782866137, 0.8425012772453239, 0.028319951567854645, 0.9776934206317172, 0.002275446948826726, 0.047102077831882486, 0.09709418341104797, 0.05640234359447825, 0.7874788953935258, 0.06761763044670756, 0.5863067000286578, 0.8991989874015521, 0.9829389420433637, 0.7966838818583566, 0.9361441962766118, 0.9589506762069235, 0.029059842127172386, 0.9308879719070927, 0.8824021040803139, 0.02905006071372365, 0.23850452789184245, 0.8905151197362838, 0.9931143647943935, 0.9973926542670599, 0.4738443183320409, 0.8040220868037705, 0.9764535119999566, 0.4433899940429423, 0.15165204322374326, 0.688924425831329, 0.0030548037620734513, 0.017565957741386428, 0.049762004931120776, 0.9857761048405059, 0.7152053398886373, 0.8825522250667666, 0.05083272037440391, 0.13804747018279162, 0.15255210445203887, 0.9750393313499421, 0.060975653004018096, 0.852991502604105, 0.1125361807552954, 0.2553951917472126, 0.3247701321465003, 0.7337315564344441, 0.41744810969644375, 0.8135520311606949, 0.5384030990920556, 0.9734887718268064, 0.23690524198966115, 0.25582046294477767, 0.3265683881203706, 0.030360688347619805], BATTLES: 288-213-205-357-297-250-347-342-280-
42, 7, -2621.0, [0.39437219357050374, 0.9806860456899497, 0.00488161560250314, 0.05892454475524038, 0.8690012373373783, 0.958964655122325, 0.012008787293756098, 0.13021714378381616, 0.38015039828822517, 0.9004184004316083, 0.8361328116900051, 0.014137010546452208, 0.9970943019054441, 0.49368548233261383, 0.14159605110457052, 0.01643984639803197, 0.0439242580857999, 0.9641743383408733, 0.03771593249172477, 0.4957311030023186, 0.8534820522797582, 0.916769074117746, 0.8415614486595193, 0.7211138313892376, 0.9879411195029839, 0.028735919728489726, 0.8604780396835527, 0.9876008780151234, 0.05856978438679821, 0.42147073852773226, 0.9257019974730779, 0.9949130613289117, 0.9879644044723092, 0.45727938216029307, 0.8015089274272575, 0.9925906288100326, 0.470688626412307, 0.03126876252459599, 0.7995292361262338, 0.036424503478926784, 0.012311436787763896, 0.021430465654360714, 0.957263366382284, 0.7348203852888291, 0.9904898442860548, 0.02938284039631467, 0.12656879063049864, 0.1550121661059257, 0.9051697390609765, 0.05350135037773303, 0.882245697022824, 0.034906287624052866, 0.10718873485976307, 0.30018048946763576, 0.8285630503636138, 0.6615091531846484, 0.781477257718728, 0.4396803602273762, 0.9693978489296343, 0.5099549936778254, 0.551873988119655, 0.37184526605004564, 0.07687110925935882], BATTLES: 299-197-206-389-298-238-354-350-290-
42, 8, -2715.0, [0.43440795491878736, 0.8777647263911927, 0.04192915823247914, 0.0377224167777066, 0.7742280480068549, 0.9229908525716225, 0.004126443612873203, 0.17097928749537789, 0.525633230270554, 0.6898990704318939, 0.90493147571553, 0.00383012824408091, 0.9733765589668821, 0.5828819536881777, 0.12943102307030543, 0.08165736612049458, 0.06369007903382391, 0.9960013266298369, 0.05214296969365526, 0.5135748831764025, 0.6336997294820516, 0.9863272992905446, 0.7219623312770983, 0.5882287896034425, 0.9957852806371814, 0.023232684013993934, 0.8011325731213308, 0.7988018093383655, 0.0343750117735619, 0.43719737129484926, 0.898296880350997, 0.9888483972431937, 0.9935623471935572, 0.7049397376088079, 0.8261508335475374, 0.9958017929195289, 0.6230859794037059, 0.17111966416492108, 0.9096054079323108, 0.01288226276735624, 0.037281085856611475, 0.05252472069972395, 0.885260510329736, 0.6890682417283347, 0.7438206687581822, 0.11477164494958472, 0.14546442664574155, 0.16381758087695672, 0.9544608388930488, 0.025999722207377587, 0.889547106414091, 0.046140820028523405, 0.16129094446537148, 0.17927488331942593, 0.8292165003080265, 0.6148726817143645, 0.9580615707400613, 0.4399702525597085, 0.9582744566265865, 0.4654477137167614, 0.8834453171774108, 0.25712163967935237, 0.001214661741390434], BATTLES: 309-201-227-399-276-260-405-334-304-
42, 9, -2658.0, [0.4449464378883015, 0.9806766231725348, 0.006782570202325951, 0.06487314824310339, 0.9259278609484044, 0.989457597958844, 0.015636586847119934, 0.11904248981663537, 0.45370757056326183, 0.9779083764401566, 0.908689980526282, 0.019713519751753797, 0.9992672286469131, 0.6048611471641299, 0.1607509586549494, 0.061102096237502235, 0.03724382111972689, 0.9429560929588238, 0.03944540047029471, 0.6227346537347689, 0.832587564305939, 0.9262745957589642, 0.8956087505076207, 0.4907395153702845, 0.9989152603363568, 0.01090279415888104, 0.6446656580426684, 0.9591256346541717, 0.1312495854978793, 0.5788526260023359, 0.8133966477435095, 0.9928016856903137, 0.9677923921534264, 0.14812178305986864, 0.7916368240709893, 0.9936060859450776, 0.26130749354938526, 0.005729866677941618, 0.8762243203007625, 0.06772857661394298, 0.0007715909428074154, 0.0293708520118059, 0.9149430668845563, 0.6945637912594744, 0.8993489787010205, 0.12696743770804209, 0.17826962493116763, 0.2507467177729317, 0.7348816195276954, 0.09660594227366806, 0.8556351048349723, 0.017670946213907614, 0.04412387512916609, 0.4415469711139389, 0.8474998300064615, 0.8257543408267234, 0.7769576361828191, 0.3449560456286537, 0.9522383145756624, 0.50570562325521, 0.13381313207611145, 0.28914981068712275, 0.08538230302342112], BATTLES: 293-202-231-387-300-259-356-304-301-
42, 10, -2658.0, [0.3518852812867938, 0.9395460851489191, 0.004922492812364061, 0.062332604274117825, 0.9742422561758698, 0.9601043209201238, 0.017086721738564504, 0.1211718388739663, 0.3697381405420482, 0.960802004256204, 0.8553675466442877, 0.0017341102913133143, 0.9838310097670632, 0.2549452285230973, 0.03762901078412035, 0.018553159626822066, 0.11213582805235767, 0.8725563380889318, 0.05790618730645452, 0.3765412432624634, 0.8001707663487945, 0.9890207401786845, 0.6619944607603396, 0.6566005527500637, 0.9683031653649683, 0.06088308506368384, 0.7927531589475215, 0.9328353026035703, 0.06307047356253105, 0.554120392069085, 0.7643446148360324, 0.9692767860140724, 0.9870306044494188, 0.6582207007513938, 0.7893035507363401, 0.9846560355760415, 0.6691737470402859, 0.14073241745422815, 0.5519445850982005, 0.018915153653038384, 0.010626758729023399, 0.019927906590983143, 0.9837715292958689, 0.6755841046002741, 0.9578653331237049, 0.04802382097917763, 0.026574345861281906, 0.21523896002136525, 0.8893892547806509, 0.051680440453164736, 0.7829483510599313, 0.07604049286460239, 0.19711213818468754, 0.5286345172023015, 0.7904838441881488, 0.3297461121412704, 0.8396022446471972, 0.6767710758205717, 0.9717564226906626, 0.5611527292859664, 0.046619515937597444, 0.3794090004306949, 0.04479779004246145], BATTLES: 292-211-211-389-298-265-396-306-290-
42, 11, -2613.0, [0.4300494708266593, 0.9176324898910666, 0.006829367809231868, 0.05743187585778141, 0.9098349360515089, 0.9989216721635362, 0.01105935580242334, 0.13397115730689793, 0.32662543466687954, 0.8293950387869339, 0.8269982894102901, 0.024246372274074616, 0.9944731780409878, 0.7481464384335159, 0.09895387155782016, 0.1604149582817278, 0.028316206397280136, 0.9382935767778492, 0.055960693185274225, 0.7003256640787303, 0.7814367436383941, 0.9797313203664941, 0.6785824047931109, 0.5420827657026789, 0.982336205613144, 0.02282989650192451, 0.6499775821813962, 0.9778736960842954, 0.09595898654530682, 0.7880827368006782, 0.7349844335854246, 0.9965738351876761, 0.9666853796959951, 0.36597149295450804, 0.7806089947143682, 0.9946413514808425, 0.7787457001217375, 0.03592288287695922, 0.6650128665728937, 0.15018179801128229, 0.005752079011800508, 0.05065619594174817, 0.989253841224055, 0.6892327505245236, 0.9744701034452884, 0.07808767266714765, 0.11568537177516319, 0.18689596677159181, 0.7354291294349832, 0.03441362565031493, 0.8250324097140549, 0.06569999397798341, 0.11048052341648366, 0.2167218662359369, 0.8577895269705079, 0.5891459511586981, 0.750156088699208, 0.44938300643349494, 0.9616659954176152, 0.6548760531718276, 0.2601972855392379, 0.35322504331409893, 0.05242107341816286], BATTLES: 298-207-201-399-267-259-371-318-293-
42, 12, -2530.0, [0.4448576174342379, 0.8884291713782219, 0.004783815117138801, 0.06155179224727708, 0.9994623819399069, 0.9864540978774934, 0.052710098620275314, 0.09743008332303107, 0.4504983965399461, 0.9554616337310496, 0.8483457168527956, 0.010770402573420376, 0.9986029538773615, 0.5671112244349682, 0.09041492517514649, 0.07727236662727155, 0.04165168685199813, 0.9086238484033369, 0.04372993721946411, 0.6590494604487078, 0.7469217468600228, 0.9955132605750163, 0.6386584085035247, 0.6375242616130734, 0.9660850807875301, 0.047146736582553916, 0.7817552879350808, 0.9554434933414813, 0.13676399278124635, 0.4605820231881213, 0.7157653127945821, 0.9997933066629993, 0.9844666416771235, 0.13332765989099493, 0.7018766232135353, 0.9827625214086243, 0.23878881710868557, 0.11081731394438404, 0.7922867108621942, 0.1431202881064515, 0.003043158160413763, 0.008021733322534225, 0.9847566612666694, 0.6474640533240008, 0.7494577950187559, 0.13566021046694354, 0.1266655101203599, 0.11561322074241442, 0.8791916370376922, 0.011255300973372143, 0.9092183249740784, 0.10129782030184621, 0.18893228274615026, 0.4303400552481428, 0.86511081105452, 0.4976681029695743, 0.6938563444803367, 0.46977018547942795, 0.9896158433379054, 0.5581310601394374, 0.45368776866180405, 0.4303903522063073, 0.018967935733961112], BATTLES: 304-209-180-361-306-264-365-264-277-
42, 13, -2719.0, [0.34327588711556517, 0.7880756818744625, 0.021047288179243544, 0.04577231452033526, 0.832152179073005, 0.9373625288092531, 0.005162985184660118, 0.0658356058914854, 0.4061271264605395, 0.5947218378443221, 0.8719195351359352, 0.008136327114161072, 0.9589215124140651, 0.2920890815572778, 0.10196052225610523, 0.06691188217096937, 0.08098685079887291, 0.9014488584073678, 0.004122489994465713, 0.6251640700310855, 0.6062861464201511, 0.9478492605665495, 0.8511928140351707, 0.7207934358577364, 0.984832719185161, 0.11617331944381026, 0.8401901683394525, 0.8766902814119825, 0.006560190553073247, 0.4987739370343912, 0.8618292742536806, 0.9792122026168207, 0.9913951975006141, 0.4251517284261341, 0.8089108224922879, 0.983503632427893, 0.5930908406205949, 0.13782099275527399, 0.9331337273587759, 0.022950761212599844, 0.025119677335314772, 0.04857461886009448, 0.8247136187943402, 0.7680973823964216, 0.6749526916201238, 0.07438252348424444, 0.05948911162912658, 0.08737313919439882, 0.862971988600745, 0.043344103859888086, 0.8294167399738804, 0.10697607893313099, 0.23848177731525602, 0.17431473944585918, 0.8945064185313002, 0.6844419454542056, 0.829482687479437, 0.47057198865801525, 0.9501910277519545, 0.33957568888513423, 0.5566998801777098, 0.34936573832817236, 0.00722506946230822], BATTLES: 299-233-202-391-299-276-396-309-290-
42, 14, -2624.0, [0.3830360242725218, 0.8485920908763277, 0.016498288005140395, 0.037709704352146725, 0.9090381691436225, 0.9848370538018143, 0.054619959956245814, 0.05635906005625478, 0.5162513336604467, 0.40458903849887173, 0.7963161965884136, 0.04803963423027825, 0.9937896263909782, 0.29021816767113395, 0.0626226550873981, 0.0027434282267615323, 0.006972469176348792, 0.9806205756459234, 0.007315144969245561, 0.6141976548539635, 0.8788268859954632, 0.988282502920434, 0.7632067986316518, 0.6952765515111283, 0.959360543380963, 0.11863322784929795, 0.8560980648014582, 0.6312652618219207, 0.04303712741039988, 0.38656737500333366, 0.8941752670657135, 0.9726917226925156, 0.979590323894435, 0.6487490725461181, 0.6638162151365911, 0.9842736842745636, 0.984271551779042, 0.14397286756817676, 0.7354403343861993, 0.1043589529745865, 0.01574329012594726, 0.07828247775344557, 0.8667744250601862, 0.798637335216472, 0.8273195437860625, 0.021667471433478202, 0.5015738072375855, 0.0658395529998101, 0.7151319108909686, 0.0106675622329934, 0.8907333844157945, 0.09112003051089368, 0.18353519529238935, 0.032446195216583484, 0.8258960489643743, 0.60527514746946, 0.9767411543624426, 0.374305445918042, 0.9787937502783403, 0.530590779881171, 0.3689080422743125, 0.38448214315849866, 0.03709362485672016], BATTLES: 303-181-188-375-319-242-386-338-292-
43, 0, -2610.0, [0.36043707376600864, 0.7668494579987432, 0.04231732550764809, 0.05153155003152597, 0.7688006876569224, 0.9015669920385891, 0.0005741210607711532, 0.06400706967411121, 0.4636507092295967, 0.5171465534590027, 0.8833614934088023, 0.008578539983011703, 0.9511220138685056, 0.390174991580022, 0.13267927046770933, 0.042674956523261406, 0.09388673065343882, 0.870536532053821, 0.06141847939087924, 0.5664933212848549, 0.7704697530650337, 0.8218396488547322, 0.7054238035075645, 0.570189883945391, 0.9855906457866704, 0.06274539626096423, 0.855788438689167, 0.8000353631804338, 0.16455078653948113, 0.13738254006789025, 0.8896149716532332, 0.9659145667997785, 0.9950972502669219, 0.5529003757446375, 0.8817660900097716, 0.9735296139978977, 0.9241815437867467, 0.22263051388805966, 0.5077726144761844, 0.030998737915848534, 0.024836214054423808, 0.09332059852142147, 0.8375685886161909, 0.7642491010631032, 0.7364398065698833, 0.20050393512763048, 0.3240209215327105, 0.10911766064452427, 0.8770446323606869, 0.0512879149396756, 0.8437710906007135, 0.11114384497412895, 0.19737775513482334, 0.342384341420493, 0.8741687772142814, 0.6228144840948593, 0.8618800318820198, 0.4681773635822932, 0.975671863679799, 0.31770302376247833, 0.49425669655793814, 0.47751292878838386, 0.016807250822435574], BATTLES: 292-215-197-393-275-257-392-300-289-
43, 1, -2606.0, [0.46703291073021413, 0.8768590125672597, 0.019451336939697205, 0.06425652278001769, 0.9861139640763443, 0.9259970306825992, 0.017904663829568068, 0.12708264807778644, 0.5137991795133365, 0.9906872697359367, 0.9687612610704349, 0.02519755076213967, 0.9822977993847979, 0.5079712554693894, 0.06477632326076452, 0.07682151335521735, 0.1514276782899452, 0.5970067829185847, 0.03588197443042902, 0.42399401554743454, 0.7298255710766194, 0.985078218071422, 0.792654960177087, 0.7384061817752182, 0.9999351018411309, 0.1074745147016105, 0.7672696465746627, 0.981506975814701, 0.059535448323474696, 0.1936462355017995, 0.8051065807328911, 0.9873863677439612, 0.9887577585460458, 0.4867081594725075, 0.7473720596381442, 0.9898934801470803, 0.9474115759627203, 0.0766507334531322, 0.9763732747971023, 0.0014294748250417155, 0.0012002320869056778, 0.011864679169476776, 0.9137183165282471, 0.7171536842324826, 0.8056457522058083, 0.1669661818995139, 0.12377437656080842, 0.17360802026246716, 0.8686394027599711, 0.06416791838213952, 0.7065304502400528, 0.04323467343643905, 0.10394447751830266, 0.4136569936707965, 0.8626673225666663, 0.5959810801060721, 0.7042847284644609, 0.33507910822064163, 0.9140664237546092, 0.4773051684855524, 0.6648866980734706, 0.39400949415366393, 0.02739701244901843], BATTLES: 281-206-180-370-288-254-386-355-286-
43, 2, -2653.0, [0.3488178619841853, 0.982348311674836, 0.001407047684440721, 0.038197912344863263, 0.9464837217491774, 0.9133454479786213, 0.0008871065887886258, 0.019343014709438857, 0.26007851049992936, 0.8994656770304019, 0.9261607232253887, 0.0042798943089121955, 0.9694858779219488, 0.09988248105468062, 0.07521207326394531, 0.01731805025243845, 0.07718683533723884, 0.7514441713562383, 0.00040234879359944686, 0.41878154760470615, 0.6342820650673672, 0.912283975839231, 0.8313391092261868, 0.9252282516523812, 0.9877817937358412, 0.34185573586723084, 0.8696084651795128, 0.9603353726650863, 0.08517803726257869, 0.24134252776598786, 0.8531663701067084, 0.9878553398604242, 0.9882080477116971, 0.19209170783397425, 0.9046438298024005, 0.9630675841975819, 0.088475169932826, 0.16688185466076977, 0.7077811233828846, 0.0022952390866398074, 0.002006806248866285, 0.02335296919022728, 0.9375570062736611, 0.723841341020661, 0.7990401311482447, 0.09731285080278415, 0.075890433032803, 0.14690715543642904, 0.9840427561363888, 0.0390686880403414, 0.7422466005269688, 0.09668329848399414, 0.27441676160378264, 0.30802691744594857, 0.9200543242505992, 0.7422200722077936, 0.8223883478154659, 0.6996471500094905, 0.9814269628594655, 0.29942837032926184, 0.42067396516800615, 0.1256602477973529, 0.008562901892340456], BATTLES: 289-200-191-390-293-273-388-344-285-
43, 3, -2629.0, [0.2906375405547811, 0.9590639577654061, 0.0022587530694114094, 0.08061916527533992, 0.8594827841309423, 0.9181087833958567, 0.000699491222394042, 0.026857252163213448, 0.28331315894616216, 0.9215849811499004, 0.7815957122433396, 0.012608404244070667, 0.9702665065358659, 0.05758268564169671, 0.151153028623774, 0.0038536059532969357, 0.09705234322805946, 0.8989471942977203, 0.07954815127917156, 0.3644165774540239, 0.7666712774354661, 0.9993181414498169, 0.6257144026002297, 0.711058649677343, 0.944955968551856, 0.19537203089792923, 0.7653862369697217, 0.9690428610058244, 0.01324056434888959, 0.016784947932094008, 0.9052906688091507, 0.9753450019695898, 0.9965316620336304, 0.38983423156635527, 0.8473687084939234, 0.9655794605792833, 0.06543494136561108, 0.22423970105403318, 0.9376898647137883, 0.001689620433458369, 0.023999573742130742, 0.006984557680482364, 0.9876050310240683, 0.7300455740226256, 0.8505302553509361, 0.17743975939454792, 0.03926422551075342, 0.10257754196197234, 0.9919059533569314, 0.07500584152486256, 0.7568495009667038, 0.12170218555322848, 0.3087394453574208, 0.4041793088936899, 0.8664113819262841, 0.589219737214592, 0.8218958005918428, 0.6828702976741985, 0.9913280907072395, 0.39933444436510684, 0.4266109934454154, 0.1177950795693541, 0.017005065605078522], BATTLES: 286-208-199-381-266-267-399-333-290-
43, 4, -2654.0, [0.4351085750098211, 0.9209033330325138, 0.0033449502892026707, 0.058327889954251436, 0.9295115626002078, 0.9331381177956003, 0.00880492270783101, 0.10146360140514966, 0.38143779388751053, 0.9580087162117092, 0.8427770239962403, 0.011147659628873804, 0.9872531810462299, 0.5089905120031122, 0.048511182661122025, 0.1314108611347738, 0.06560459376692461, 0.9344827142315896, 0.013217022929899888, 0.6551987979706551, 0.7941750547169917, 0.930413566862847, 0.7591449280044047, 0.6105971050789375, 0.974402325214721, 0.05142600961890602, 0.605336200459779, 0.9948687901328346, 0.1328307184722282, 0.769846305553428, 0.7588621740175409, 0.9973047495920436, 0.9929921247056388, 0.3916750082931228, 0.816888007611673, 0.9832197663748884, 0.58144678156248, 0.03930988143505349, 0.7163407541834299, 0.06547644167785115, 0.0022468443544466326, 0.020593710229484315, 0.8931856679341827, 0.6662079388672945, 0.9587949071861233, 0.022485983259725756, 0.003533304443672884, 0.20373464845081243, 0.7181708739992514, 0.018125771198992148, 0.785564923253094, 0.02721683448251662, 0.13061165608267708, 0.3890827877914257, 0.7717787615464127, 0.4969655601982338, 0.6743531242637699, 0.6828426640522121, 0.9961682076445387, 0.7295112742661158, 0.4476159940473702, 0.2894720774764252, 0.061940013250031054], BATTLES: 291-196-207-357-312-262-381-337-311-
43, 5, -2622.0, [0.39797226242575273, 0.9354814489207913, 0.0055953505328704654, 0.0316914910178957, 0.8613146172308789, 0.9387675767840784, 0.009566450791862774, 0.09597576392495175, 0.5135015851140705, 0.83756346839423, 0.9994807343862594, 0.031040184283718863, 0.9917100933840184, 0.2830654980252205, 0.04957559666111189, 0.055155745587867115, 0.06257856123511665, 0.9595718705585992, 0.047684652511561544, 0.5503950961273198, 0.8177134282144154, 0.9691933283141476, 0.7779994364130856, 0.7925519491593481, 0.9851841496031718, 0.04788198646345699, 0.7877382957167831, 0.9531613059015669, 0.04596406680163133, 0.5346140010489661, 0.8046192541029088, 0.9778351313784784, 0.9831880648462342, 0.39653884348562474, 0.8735726918799659, 0.995958927752942, 0.5345314732026777, 0.05754565926725522, 0.9652040319357374, 0.0007175170058650454, 0.0023369260933771493, 0.03103923585126064, 0.8726331011557243, 0.6115745640639756, 0.8248209551555754, 0.040131171532868604, 0.012124661481727427, 0.11932338759321641, 0.9978934807172029, 0.05583923970840405, 0.7853837758059911, 0.1308060824585156, 0.28270499782719505, 0.13595579115263043, 0.8059782718569112, 0.36485397290651583, 0.7996135728472249, 0.6584828208031819, 0.998679754302918, 0.19103376876408532, 0.7668933872837215, 0.1146149630529377, 0.048021642378343915], BATTLES: 279-185-213-390-316-251-365-336-276-
43, 6, -2616.0, [0.3539470942194965, 0.9291180607045201, 0.0006961985272624744, 0.07613351224640814, 0.9857536774591893, 0.9083245747516488, 0.002851089719738362, 0.11226676675712485, 0.2841745251314636, 0.7219133782866137, 0.8425012772453239, 0.014159975783927322, 0.9829628832072111, 0.001137723474413363, 0.047102077831882486, 0.04854709170552399, 0.05640234359447825, 0.9053114404708678, 0.06761763044670756, 0.5863067000286578, 0.8991989874015521, 0.9829389420433637, 0.7196221528235901, 0.8679190401362415, 0.9634551103451086, 0.049480484819389436, 0.775954838076476, 0.8824021040803139, 0.02905006071372365, 0.23850452789184245, 0.8905151197362838, 0.9654352196115459, 0.99869632713353, 0.4738443183320409, 0.8531215227715709, 0.9764535119999566, 0.7008321576263415, 0.15165204322374326, 0.688924425831329, 0.0015274018810367256, 0.017565957741386428, 0.030617775555633952, 0.992888052420253, 0.6673858675858454, 0.8825522250667666, 0.025416360187201954, 0.13804747018279162, 0.14510039907262764, 0.9750393313499421, 0.017019705022101567, 0.852991502604105, 0.05829801973970399, 0.2553951917472126, 0.5159224781502552, 0.7337315564344441, 0.2825938293361172, 0.8095187721392585, 0.5384030990920556, 0.9734887718268064, 0.35089262476123617, 0.19423353618268901, 0.23343666870469998, 0.030360688347619805], BATTLES: 277-173-162-380-301-260-366-342-291-
43, 7, -2634.0, [0.39437219357050374, 0.9806860456899497, 0.00488161560250314, 0.05892454475524038, 0.94863846409285, 0.958964655122325, 0.012008787293756098, 0.13021714378381616, 0.09900336939834586, 0.9004184004316083, 0.8181181662288105, 0.014137010546452208, 0.9970943019054441, 0.49368548233261383, 0.14159605110457052, 0.09814256910359291, 0.0439242580857999, 0.9641743383408733, 0.018857966245862386, 0.4957311030023186, 0.8534820522797582, 0.916769074117746, 0.7379071519903518, 0.7211138313892376, 0.9879411195029839, 0.028735919728489726, 0.6897046484485296, 0.9876008780151234, 0.05856978438679821, 0.7435529340288198, 0.9257019974730779, 0.9949130613289117, 0.9879644044723092, 0.45727938216029307, 0.9250252979041913, 0.9962953144050163, 0.470688626412307, 0.03126876252459599, 0.8997646180631169, 0.036424503478926784, 0.012311436787763896, 0.021430465654360714, 0.957263366382284, 0.7348203852888291, 0.9904898442860548, 0.10168435826701919, 0.12656879063049864, 0.1550121661059257, 0.9051697390609765, 0.026750675188866514, 0.882245697022824, 0.05735320014803817, 0.10718873485976307, 0.30018048946763576, 0.7906843867240425, 0.6615091531846484, 0.781477257718728, 0.4396803602273762, 0.9384767846145146, 0.5099549936778254, 0.5101003606592465, 0.37184526605004564, 0.07687110925935882], BATTLES: 288-190-203-374-287-252-383-340-265-
43, 8, -2646.0, [0.43440795491878736, 0.8777647263911927, 0.04192915823247914, 0.0377224167777066, 0.7742280480068549, 0.9229908525716225, 0.004126443612873203, 0.17097928749537789, 0.525633230270554, 0.6898990704318939, 0.90493147571553, 0.00383012824408091, 0.9733765589668821, 0.5828819536881777, 0.12943102307030543, 0.08165736612049458, 0.06369007903382391, 0.9960013266298369, 0.05214296969365526, 0.5135748831764025, 0.6336997294820516, 0.9863272992905446, 0.7219623312770983, 0.5882287896034425, 0.9957852806371814, 0.023232684013993934, 0.8011325731213308, 0.7988018093383655, 0.0343750117735619, 0.43719737129484926, 0.898296880350997, 0.9888483972431937, 0.9935623471935572, 0.7049397376088079, 0.8261508335475374, 0.9958017929195289, 0.6230859794037059, 0.17111966416492108, 0.9096054079323108, 0.01288226276735624, 0.037281085856611475, 0.05252472069972395, 0.885260510329736, 0.6890682417283347, 0.7438206687581822, 0.11477164494958472, 0.14546442664574155, 0.16381758087695672, 0.9544608388930488, 0.025999722207377587, 0.889547106414091, 0.046140820028523405, 0.16129094446537148, 0.17927488331942593, 0.8292165003080265, 0.6148726817143645, 0.9580615707400613, 0.4399702525597085, 0.9582744566265865, 0.4654477137167614, 0.8834453171774108, 0.25712163967935237, 0.001214661741390434], BATTLES: 294-207-211-394-294-252-394-296-304-
43, 9, -2652.0, [0.4449464378883015, 0.9806766231725348, 0.006782570202325951, 0.06487314824310339, 0.9259278609484044, 0.989457597958844, 0.015636586847119934, 0.11904248981663537, 0.45370757056326183, 0.9779083764401566, 0.908689980526282, 0.019713519751753797, 0.9992672286469131, 0.6048611471641299, 0.1607509586549494, 0.061102096237502235, 0.03724382111972689, 0.9429560929588238, 0.03944540047029471, 0.6227346537347689, 0.832587564305939, 0.9262745957589642, 0.8956087505076207, 0.4907395153702845, 0.9989152603363568, 0.01090279415888104, 0.6446656580426684, 0.9591256346541717, 0.1312495854978793, 0.5788526260023359, 0.8133966477435095, 0.9928016856903137, 0.9677923921534264, 0.14812178305986864, 0.7916368240709893, 0.9936060859450776, 0.26130749354938526, 0.005729866677941618, 0.8762243203007625, 0.06772857661394298, 0.0007715909428074154, 0.0293708520118059, 0.9149430668845563, 0.6945637912594744, 0.8993489787010205, 0.12696743770804209, 0.17826962493116763, 0.2507467177729317, 0.7348816195276954, 0.09660594227366806, 0.8556351048349723, 0.017670946213907614, 0.04412387512916609, 0.4415469711139389, 0.8474998300064615, 0.8257543408267234, 0.7769576361828191, 0.3449560456286537, 0.9522383145756624, 0.50570562325521, 0.13381313207611145, 0.28914981068712275, 0.08538230302342112], BATTLES: 297-217-228-373-300-269-369-308-291-
43, 10, -2651.0, [0.3518852812867938, 0.9395460851489191, 0.004922492812364061, 0.062332604274117825, 0.9742422561758698, 0.9601043209201238, 0.017086721738564504, 0.1211718388739663, 0.3697381405420482, 0.960802004256204, 0.8553675466442877, 0.0017341102913133143, 0.9838310097670632, 0.2549452285230973, 0.03762901078412035, 0.018553159626822066, 0.11213582805235767, 0.8725563380889318, 0.05790618730645452, 0.3765412432624634, 0.8001707663487945, 0.9890207401786845, 0.6619944607603396, 0.6566005527500637, 0.9683031653649683, 0.06088308506368384, 0.7927531589475215, 0.9328353026035703, 0.06307047356253105, 0.554120392069085, 0.7643446148360324, 0.9692767860140724, 0.9870306044494188, 0.6582207007513938, 0.7893035507363401, 0.9846560355760415, 0.6691737470402859, 0.14073241745422815, 0.5519445850982005, 0.018915153653038384, 0.010626758729023399, 0.019927906590983143, 0.9837715292958689, 0.6755841046002741, 0.9578653331237049, 0.04802382097917763, 0.026574345861281906, 0.21523896002136525, 0.8893892547806509, 0.051680440453164736, 0.7829483510599313, 0.07604049286460239, 0.19711213818468754, 0.5286345172023015, 0.7904838441881488, 0.3297461121412704, 0.8396022446471972, 0.6767710758205717, 0.9717564226906626, 0.5611527292859664, 0.046619515937597444, 0.3794090004306949, 0.04479779004246145], BATTLES: 282-205-214-389-283-260-388-326-304-
43, 11, -2660.0, [0.4300494708266593, 0.9176324898910666, 0.006829367809231868, 0.05743187585778141, 0.9098349360515089, 0.9989216721635362, 0.01105935580242334, 0.13397115730689793, 0.32662543466687954, 0.8293950387869339, 0.8269982894102901, 0.024246372274074616, 0.9944731780409878, 0.7481464384335159, 0.09895387155782016, 0.1604149582817278, 0.028316206397280136, 0.9382935767778492, 0.055960693185274225, 0.7003256640787303, 0.7814367436383941, 0.9797313203664941, 0.6785824047931109, 0.5420827657026789, 0.982336205613144, 0.02282989650192451, 0.6499775821813962, 0.9778736960842954, 0.09595898654530682, 0.7880827368006782, 0.7349844335854246, 0.9965738351876761, 0.9666853796959951, 0.36597149295450804, 0.7806089947143682, 0.9946413514808425, 0.7787457001217375, 0.03592288287695922, 0.6650128665728937, 0.15018179801128229, 0.005752079011800508, 0.05065619594174817, 0.989253841224055, 0.6892327505245236, 0.9744701034452884, 0.07808767266714765, 0.11568537177516319, 0.18689596677159181, 0.7354291294349832, 0.03441362565031493, 0.8250324097140549, 0.06569999397798341, 0.11048052341648366, 0.2167218662359369, 0.8577895269705079, 0.5891459511586981, 0.750156088699208, 0.44938300643349494, 0.9616659954176152, 0.6548760531718276, 0.2601972855392379, 0.35322504331409893, 0.05242107341816286], BATTLES: 305-198-192-408-312-246-365-334-300-
43, 12, -2607.0, [0.4448576174342379, 0.8557189777448548, 0.004783815117138801, 0.030653415112060912, 0.9994623819399069, 0.9540059597949735, 0.025591846932496238, 0.09743008332303107, 0.5382584622348527, 0.8019508352096851, 0.8483457168527956, 0.010770402573420376, 0.9986029538773615, 0.5671112244349682, 0.04778906613809622, 0.163084932301989, 0.04165168685199813, 0.9086238484033369, 0.04372993721946411, 0.6869823710580494, 0.6894950960113879, 0.9955132605750163, 0.6049317627727071, 0.5371950446902038, 0.9660850807875301, 0.047146736582553916, 0.7817552879350808, 0.9554434933414813, 0.13676399278124635, 0.6300268134093784, 0.7967465300161224, 0.9907335989697086, 0.9844666416771235, 0.13332765989099493, 0.8138945232437247, 0.9836142377541381, 0.8419478493498089, 0.1596778576719407, 0.7922867108621942, 0.1431202881064515, 0.003043158160413763, 0.008021733322534225, 0.8548436053567239, 0.6474640533240008, 0.7494577950187559, 0.13566021046694354, 0.1266655101203599, 0.11561322074241442, 0.8791916370376922, 0.004091748023194626, 0.8976472631017707, 0.0010454229925487973, 0.18893228274615026, 0.4303400552481428, 0.7776647261640257, 0.5143835419120877, 0.9271090111970879, 0.46977018547942795, 0.9718614054884376, 0.5581310601394374, 0.5325980347287129, 0.4293239882722848, 0.018967935733961112], BATTLES: 296-201-223-393-289-270-368-280-285-
43, 13, -2586.0, [0.34327588711556517, 0.7880756818744625, 0.021047288179243544, 0.04577231452033526, 0.832152179073005, 0.9373625288092531, 0.005162985184660118, 0.0658356058914854, 0.4061271264605395, 0.5947218378443221, 0.8719195351359352, 0.008136327114161072, 0.9589215124140651, 0.2920890815572778, 0.10196052225610523, 0.06691188217096937, 0.08098685079887291, 0.9014488584073678, 0.004122489994465713, 0.6251640700310855, 0.6062861464201511, 0.9478492605665495, 0.8511928140351707, 0.7207934358577364, 0.984832719185161, 0.11617331944381026, 0.8401901683394525, 0.8766902814119825, 0.006560190553073247, 0.4987739370343912, 0.8618292742536806, 0.9792122026168207, 0.9913951975006141, 0.4251517284261341, 0.8089108224922879, 0.983503632427893, 0.5930908406205949, 0.13782099275527399, 0.9331337273587759, 0.022950761212599844, 0.025119677335314772, 0.04857461886009448, 0.8247136187943402, 0.7680973823964216, 0.6749526916201238, 0.07438252348424444, 0.05948911162912658, 0.08737313919439882, 0.862971988600745, 0.043344103859888086, 0.8294167399738804, 0.10697607893313099, 0.23848177731525602, 0.17431473944585918, 0.8945064185313002, 0.6844419454542056, 0.829482687479437, 0.47057198865801525, 0.9501910277519545, 0.33957568888513423, 0.5566998801777098, 0.34936573832817236, 0.00722506946230822], BATTLES: 289-196-198-387-290-264-361-309-292-
43, 14, -2634.0, [0.3830360242725218, 0.8485920908763277, 0.016498288005140395, 0.037709704352146725, 0.9090381691436225, 0.9848370538018143, 0.054619959956245814, 0.05635906005625478, 0.5162513336604467, 0.40458903849887173, 0.7963161965884136, 0.04803963423027825, 0.9937896263909782, 0.29021816767113395, 0.0626226550873981, 0.0027434282267615323, 0.006972469176348792, 0.9806205756459234, 0.007315144969245561, 0.6141976548539635, 0.8788268859954632, 0.988282502920434, 0.7632067986316518, 0.6952765515111283, 0.959360543380963, 0.11863322784929795, 0.8560980648014582, 0.6312652618219207, 0.04303712741039988, 0.38656737500333366, 0.8941752670657135, 0.9726917226925156, 0.979590323894435, 0.6487490725461181, 0.6638162151365911, 0.9842736842745636, 0.984271551779042, 0.14397286756817676, 0.7354403343861993, 0.1043589529745865, 0.01574329012594726, 0.07828247775344557, 0.8667744250601862, 0.798637335216472, 0.8273195437860625, 0.021667471433478202, 0.5015738072375855, 0.0658395529998101, 0.7151319108909686, 0.0106675622329934, 0.8907333844157945, 0.09112003051089368, 0.18353519529238935, 0.032446195216583484, 0.8258960489643743, 0.60527514746946, 0.9767411543624426, 0.374305445918042, 0.9787937502783403, 0.530590779881171, 0.3689080422743125, 0.38448214315849866, 0.03709362485672016], BATTLES: 277-222-202-391-286-266-380-331-279-
