0, 0, -1258.0, [0.15714006961440297, 0.22789982209079152, 0.7409495879153974, 0.09231132309231849, 0.6690730626597902, 0.3732986826581428, 0.39909645177356046, 0.7360082734500331, 0.240853247767423, 0.9196161180518078, 0.6877867590449454, 0.8101421257848436, 0.18695614921859216, 0.015077940219149322, 0.2721468326206452, 0.24218747618599634, 0.4154227332222452, 0.09746770964361262, 0.721039804057186, 0.7437336784057883, 0.32745620086338323], BATTLES: 153-97-136-179-148-161-137-129-118-
0, 1, -1070.0, [0.9681483628975714, 0.24101438317609525, 0.9476780913918915, 0.38647562612166175, 0.8196361698091357, 0.15227718838413185, 0.733071186246502, 0.528092443911583, 0.8692605619782086, 0.30500607323118434, 0.9597285674410319, 0.22014676319885818, 0.04754389577629303, 0.26591720456925627, 0.01401641619386218, 0.4376773859791845, 0.3448327578460364, 0.24030460694019096, 0.02196416640155663, 0.4697881166535409, 0.276221507986811], BATTLES: 124-99-88-153-116-109-146-117-118-
0, 2, -1763.0, [0.8543803471579388, 0.3694629668600735, 0.05526389887495764, 0.3361448194744995, 0.8610272931134594, 0.3425030646824634, 0.33436042446540426, 0.19464608731207245, 0.13269665106276618, 0.36564658172679587, 0.983168142034719, 0.5085747678662469, 0.7571129643606994, 0.36945052713516613, 0.2168297957987395, 0.8557600180462602, 0.5763505262532176, 0.4235475709928269, 0.5862302735369962, 0.020745919509687405, 0.022645280307342586], BATTLES: 218-164-118-239-204-160-260-213-187-
0, 3, -1092.0, [0.19365068663396479, 0.45685262084640244, 0.998192851125536, 0.5485406098987881, 0.9599371191912172, 0.00431818228773162, 0.5975037482795041, 0.8819741239691933, 0.8375195306247941, 0.9481947785554955, 0.0167435742482136, 0.3999544499009988, 0.21856744297443353, 0.054553453570345134, 0.04691016197749209, 0.49034492106187233, 0.35502738944916545, 0.7795844445148075, 0.45327527320329963, 0.9778690052975868, 0.9209297784546961], BATTLES: 101-88-104-142-127-126-146-130-128-
0, 4, -1808.0, [0.3597246140046624, 0.3495475098652455, 0.4155171458597804, 0.6704202124432382, 0.8663886026305896, 0.9064364431099996, 0.7296570383722936, 0.7557470517377871, 0.837969337667587, 0.8245242238810474, 0.22535787985088196, 0.016399881222510237, 0.9105079127383322, 0.06392958716271446, 0.4230070459502696, 0.95167730481876, 0.3508150982322745, 0.9239251453782762, 0.5725426420609239, 0.5647187396761336, 0.9593488478249502], BATTLES: 214-193-214-231-210-225-173-159-189-
0, 5, -96.0, [0.8983462304569262, 0.3429736546101486, 0.3220004378857907, 0.4026818919900268, 0.33143841645731187, 0.21755014338091594, 0.46133943546882417, 0.9076005021344137, 0.01429542707857967, 0.0451629974859199, 0.6932435590090289, 0.8725295923131557, 0.7516843308739296, 0.6926624538890594, 0.6961256048840795, 0.24479779848353878, 0.5622716804649732, 0.5401537207399938, 0.7448359878917838, 0.3282673678139948, 0.5315801773484071], BATTLES: 18-3-3-27-5-4-27-6-3-
0, 6, -175.0, [0.03271827756428469, 0.8466156965153412, 0.6917142616829466, 0.8199081439069563, 0.041375199693668985, 0.696273688470003, 0.6093577730561256, 0.41252411883670026, 0.808411542870965, 0.8876800627052698, 0.7119166968574528, 0.6745095870480599, 0.1743612721713641, 0.9012535050652187, 0.46682258363884843, 0.3427410090734352, 0.17772820218908258, 0.1354159404662605, 0.15176055497121654, 0.5918592526251026, 0.5888972263028134], BATTLES: 14-5-10-28-21-22-32-22-21-
0, 7, -650.0, [0.6060746602247448, 0.40145354884534, 0.6936765709944052, 0.5977263125652774, 0.19980736459837445, 0.0327517243017873, 0.6174856354920133, 0.367330164624286, 0.5304501072528375, 0.7040448882604794, 0.2601962685667486, 0.39394322567950424, 0.6428774529298489, 0.7634938848393851, 0.4360403180815834, 0.6354069147034085, 0.49220011905052086, 0.12543487363524486, 0.7941404748904269, 0.264202183344161, 0.5652335099570128], BATTLES: 62-45-52-104-69-64-124-68-62-
0, 8, -1209.0, [0.0034004922723114284, 0.06897152774193094, 0.7425447920894367, 0.8846747951337737, 0.8222980591097622, 0.10676673004549964, 0.4598433742590019, 0.48992780402508185, 0.8911178387583353, 0.7195389022211416, 0.2274809325253716, 0.8784639262386661, 0.6107804002881837, 0.30036357723678797, 0.07870899449064717, 0.5051193635104047, 0.903516790883063, 0.7840138712680143, 0.27700984756708624, 0.337337285076709, 0.5406784546257212], BATTLES: 120-83-132-154-142-166-145-125-142-
0, 9, -1943.0, [0.5958538653953821, 0.6214972206920393, 0.32657661467844046, 0.4458601874351381, 0.6305224740324215, 0.7629092520961037, 0.4785609180787147, 0.20679363825357333, 0.3625721852229208, 0.29105991480654503, 0.11342045781821708, 0.9200889566549836, 0.4384066019392622, 0.18302812020572268, 0.2673815755217278, 0.5252822836411201, 0.3174295694529743, 0.7700365900725771, 0.17933101539824814, 0.4289753893280842, 0.2724180673190556], BATTLES: 211-194-189-239-204-214-241-229-222-
0, 10, -1824.0, [0.386265434054911, 0.4261632291449301, 0.34548002289568713, 0.29622151690885756, 0.8594593647712486, 0.7128344911038672, 0.6714911158282114, 0.6267701299802677, 0.5173049837821391, 0.9171840576358997, 0.15772375925974824, 0.13552377057501508, 0.3442703067105307, 0.26643255408668265, 0.5580261703650591, 0.06272667120658304, 0.0261723122319778, 0.4480854827924772, 0.5320295005831635, 0.36980020387757484, 0.9257818986371017], BATTLES: 212-190-217-226-205-217-185-181-191-
0, 11, -1777.0, [0.3852052773062943, 0.5398930187839642, 0.16318297627058942, 0.6128655181070601, 0.7265913792194179, 0.35828858162990695, 0.9433834409903377, 0.5357551798546433, 0.07539441904265198, 0.988493648434872, 0.3910768883319615, 0.2783742583282618, 0.5146986266532593, 0.4416448135229948, 0.5057835288405835, 0.45920930640379276, 0.020854052077723173, 0.3862711021500852, 0.6726322102719638, 0.31005009091531166, 0.49814338310507467], BATTLES: 180-175-185-208-183-206-215-209-216-
0, 12, -1754.0, [0.8448407998754623, 0.06650914598289481, 0.04652442748911445, 0.7660390976182199, 0.6611341811184902, 0.303735616205262, 0.1747940719051848, 0.3105379474586214, 0.2171232938286244, 0.1707114352282587, 0.856818309924083, 0.20823154562364166, 0.6474772614401182, 0.6359893006977447, 0.4367353826025223, 0.8405854773008061, 0.7652752758404434, 0.8639997194752324, 0.27780551835485756, 0.8022343789637588, 0.3329531532925497], BATTLES: 220-170-129-247-207-165-220-202-194-
0, 13, -990.0, [0.34193111222228245, 0.8692223307945338, 0.12811428848328676, 0.2843620390327113, 0.8380225030613743, 0.0924879971205742, 0.07638383769103596, 0.990605776446499, 0.39172889583391646, 0.683447427139423, 0.8714364870284012, 0.2230609500891616, 0.8203202205491895, 0.4508324608002683, 0.8485505408764449, 0.40453168198309053, 0.6240190808885935, 0.8992439184339998, 0.16591247270525944, 0.23619937564200688, 0.6781913281175459], BATTLES: 89-64-73-126-105-94-159-142-138-
0, 14, -1491.0, [0.8394140071487972, 0.9683248970964765, 0.60436552521758, 0.3761812797751811, 0.4811346442666201, 0.3420697476177901, 0.16583953147736497, 0.08715352082088423, 0.3381447280066814, 0.6007213480871947, 0.1488333508208548, 0.9191437987847109, 0.3475431304391361, 0.1851227689339282, 0.9889218710611188, 0.9018401698765747, 0.8659315876830497, 0.10543567453649239, 0.9874908522690383, 0.802016857536459, 0.8926892684151736], BATTLES: 164-127-129-200-154-154-211-181-171-
1, 0, -2740.0, [0.15714006961440297, 0.22789982209079152, 0.7409495879153974, 0.09231132309231849, 0.6690730626597902, 0.3732986826581428, 0.39909645177356046, 0.7360082734500331, 0.240853247767423, 0.9196161180518078, 0.6877867590449454, 0.8101421257848436, 0.18695614921859216, 0.015077940219149322, 0.2721468326206452, 0.24218747618599634, 0.4154227332222452, 0.09746770964361262, 0.721039804057186, 0.7437336784057883, 0.32745620086338323], BATTLES: 340-249-269-394-321-335-300-263-269-
1, 1, -2356.0, [0.9681483628975714, 0.24101438317609525, 0.9476780913918915, 0.38647562612166175, 0.8196361698091357, 0.15227718838413185, 0.733071186246502, 0.528092443911583, 0.8692605619782086, 0.30500607323118434, 0.9597285674410319, 0.22014676319885818, 0.04754389577629303, 0.26591720456925627, 0.01401641619386218, 0.4376773859791845, 0.3448327578460364, 0.24030460694019096, 0.02196416640155663, 0.4697881166535409, 0.276221507986811], BATTLES: 270-212-178-328-284-235-312-279-258-
1, 2, -3674.0, [0.8543803471579388, 0.3694629668600735, 0.05526389887495764, 0.3361448194744995, 0.8610272931134594, 0.3425030646824634, 0.33436042446540426, 0.19464608731207245, 0.13269665106276618, 0.36564658172679587, 0.983168142034719, 0.5085747678662469, 0.7571129643606994, 0.36945052713516613, 0.2168297957987395, 0.8557600180462602, 0.5763505262532176, 0.4235475709928269, 0.5862302735369962, 0.020745919509687405, 0.022645280307342586], BATTLES: 452-358-255-489-418-316-522-466-398-
1, 3, -2588.0, [0.5976829768539925, 0.028675701499216055, 0.7483606671750762, 0.47823675023194956, 0.9668520439304837, 0.4371618785113426, 0.5975037482795041, 0.8819741239691933, 0.8375195306247941, 0.2230958757397571, 0.7073868427033662, 0.26384382960900254, 0.21856744297443353, 0.2138028363451457, 0.023455080988746047, 0.16371340845688714, 0.35502738944916545, 0.8749511474704122, 0.45327527320329963, 0.30735343488952316, 0.4604648892273481], BATTLES: 237-170-212-336-275-225-319-289-262-
1, 4, -3781.0, [0.3597246140046624, 0.3495475098652455, 0.4155171458597804, 0.5485455821354351, 0.7904941065957134, 0.9532182215549998, 0.7296570383722936, 0.7557470517377871, 0.837969337667587, 0.8245242238810474, 0.11267893992544098, 0.016399881222510237, 0.8426146742749774, 0.11023595060732609, 0.5733630365274992, 0.6414507148997075, 0.21452683059549096, 0.9447885880546971, 0.5725426420609239, 0.5647187396761336, 0.9593488478249502], BATTLES: 462-424-462-468-436-479-346-315-381-
1, 5, -498.0, [0.8226994988693844, 0.3429736546101486, 0.08260823582189403, 0.4026818919900268, 0.33143841645731187, 0.29210926599731124, 0.7192770161511326, 0.9076005021344137, 0.007147713539289835, 0.506282181790382, 0.6932435590090289, 0.8725295923131557, 0.7516843308739296, 0.27277900257867355, 0.649134413194118, 0.24479779848353878, 0.23380539395167885, 0.6154179982424671, 0.7448359878917838, 0.3282673678139948, 0.6754130873057911], BATTLES: 46-12-10-50-28-33-53-18-23-
1, 6, -486.0, [0.03271827756428469, 0.8466156965153412, 0.6917142616829466, 0.8199081439069563, 0.041375199693668985, 0.696273688470003, 0.6093577730561256, 0.41252411883670026, 0.808411542870965, 0.8876800627052698, 0.7119166968574528, 0.6745095870480599, 0.1743612721713641, 0.9012535050652187, 0.46682258363884843, 0.3427410090734352, 0.17772820218908258, 0.1354159404662605, 0.15176055497121654, 0.5918592526251026, 0.5888972263028134], BATTLES: 20-6-25-97-64-65-80-64-65-
1, 7, -2324.0, [0.2804142096813009, 0.5327268135935045, 0.6936765709944052, 0.5672537084834945, 0.4296685016522227, 0.0327517243017873, 0.6174856354920133, 0.367330164624286, 0.2030618845581818, 0.7040448882604794, 0.1300981342833743, 0.3127293781134538, 0.711253814546548, 0.6331352635278172, 0.4360403180815834, 0.6354069147034085, 0.17171038261254964, 0.12543487363524486, 0.9517702549382353, 0.264202183344161, 0.5652335099570128], BATTLES: 151-89-104-233-162-144-264-182-133-
1, 8, -2637.0, [0.0034004922723114284, 0.06897152774193094, 0.7425447920894367, 0.8846747951337737, 0.8222980591097622, 0.10676673004549964, 0.4598433742590019, 0.48992780402508185, 0.8911178387583353, 0.7195389022211416, 0.2274809325253716, 0.8784639262386661, 0.6107804002881837, 0.30036357723678797, 0.07870899449064717, 0.5051193635104047, 0.903516790883063, 0.7840138712680143, 0.27700984756708624, 0.337337285076709, 0.5406784546257212], BATTLES: 265-182-283-375-302-356-324-254-296-
1, 9, -3948.0, [0.5958538653953821, 0.6214972206920393, 0.32657661467844046, 0.4458601874351381, 0.6305224740324215, 0.7629092520961037, 0.4785609180787147, 0.20679363825357333, 0.3625721852229208, 0.29105991480654503, 0.11342045781821708, 0.9200889566549836, 0.4384066019392622, 0.18302812020572268, 0.2673815755217278, 0.5252822836411201, 0.3174295694529743, 0.7700365900725771, 0.17933101539824814, 0.4289753893280842, 0.2724180673190556], BATTLES: 449-380-395-488-412-419-479-479-447-
1, 10, -4243.0, [0.381706819573089, 0.4261632291449301, 0.18174841443696083, 0.2284871450841161, 0.9297296823856243, 0.8564172455519337, 0.6095287890956648, 0.6267701299802677, 0.5173049837821391, 0.9171840576358997, 0.15772375925974824, 0.370191972883818, 0.2530735066575273, 0.007536872778314163, 0.5580261703650591, 0.06272667120658304, 0.0261723122319778, 0.7355866770358782, 0.25781606098347903, 0.36980020387757484, 0.9257818986371017], BATTLES: 455-408-456-465-449-452-388-365-407-
1, 11, -3714.0, [0.3852052773062943, 0.5398930187839642, 0.16318297627058942, 0.6128655181070601, 0.7265913792194179, 0.35828858162990695, 0.9433834409903377, 0.5357551798546433, 0.07539441904265198, 0.988493648434872, 0.3910768883319615, 0.2783742583282618, 0.5146986266532593, 0.4416448135229948, 0.5057835288405835, 0.45920930640379276, 0.020854052077723173, 0.3862711021500852, 0.6726322102719638, 0.31005009091531166, 0.49814338310507467], BATTLES: 365-350-375-448-394-422-460-435-465-
1, 12, -3612.0, [0.8448407998754623, 0.06650914598289481, 0.04652442748911445, 0.7660390976182199, 0.6611341811184902, 0.303735616205262, 0.1747940719051848, 0.3105379474586214, 0.2171232938286244, 0.1707114352282587, 0.856818309924083, 0.20823154562364166, 0.6474772614401182, 0.6359893006977447, 0.4367353826025223, 0.8405854773008061, 0.7652752758404434, 0.8639997194752324, 0.27780551835485756, 0.8022343789637588, 0.3329531532925497], BATTLES: 448-358-259-520-454-341-445-412-375-
1, 13, -2196.0, [0.6438695059574301, 0.5663240979032789, 0.12811428848328676, 0.33359736819511254, 0.8380225030613743, 0.0924879971205742, 0.3930137660349353, 0.990605776446499, 0.39172889583391646, 0.5009772470241547, 0.8714364870284012, 0.2230609500891616, 0.8203202205491895, 0.3616732826024355, 0.4461695894540703, 0.40453168198309053, 0.4894059416922699, 0.8992439184339998, 0.16591247270525944, 0.23619937564200688, 0.6781913281175459], BATTLES: 184-137-167-279-229-209-344-319-312-
1, 14, -3484.0, [0.8394140071487972, 0.7021025581044555, 0.33300653588613194, 0.3761812797751811, 0.9498564571897425, 0.3420697476177901, 0.3613340098492303, 0.08715352082088423, 0.3381447280066814, 0.6007213480871947, 0.30310034821563503, 0.9191437987847109, 0.3475431304391361, 0.1851227689339282, 0.5190240570993975, 0.784054202689488, 0.8659315876830497, 0.22213355608310623, 0.9874908522690383, 0.802016857536459, 0.8926892684151736], BATTLES: 342-273-299-400-332-309-435-407-347-
2, 0, -2344.0, [0.15714006961440297, 0.22789982209079152, 0.7409495879153974, 0.09231132309231849, 0.6690730626597902, 0.3732986826581428, 0.39909645177356046, 0.7360082734500331, 0.240853247767423, 0.9196161180518078, 0.6877867590449454, 0.8101421257848436, 0.18695614921859216, 0.015077940219149322, 0.2721468326206452, 0.24218747618599634, 0.4154227332222452, 0.09746770964361262, 0.721039804057186, 0.7437336784057883, 0.32745620086338323], BATTLES: 308-196-242-347-253-296-258-246-198-
2, 1, -3287.0, [0.9681483628975714, 0.24101438317609525, 0.3386524113198387, 0.33494564607954214, 0.8196361698091357, 0.8087198835781348, 0.733071186246502, 0.528092443911583, 0.8692605619782086, 0.30500607323118434, 0.9597285674410319, 0.22014676319885818, 0.04754389577629303, 0.11392608928854862, 0.01401641619386218, 0.4376773859791845, 0.1724163789230182, 0.9171139812222278, 0.010982083200778314, 0.4697881166535409, 0.276221507986811], BATTLES: 207-148-132-278-237-191-276-255-194-
2, 2, -3404.0, [0.8543803471579388, 0.3694629668600735, 0.05526389887495764, 0.3361448194744995, 0.8610272931134594, 0.3425030646824634, 0.33436042446540426, 0.19464608731207245, 0.13269665106276618, 0.36564658172679587, 0.983168142034719, 0.5085747678662469, 0.7571129643606994, 0.36945052713516613, 0.2168297957987395, 0.8557600180462602, 0.5763505262532176, 0.4235475709928269, 0.5862302735369962, 0.020745919509687405, 0.022645280307342586], BATTLES: 417-315-205-499-403-270-505-433-357-
2, 3, -2587.0, [0.5976829768539925, 0.028675701499216055, 0.7483606671750762, 0.4017751297405191, 0.9668520439304837, 0.7798414013297503, 0.5975037482795041, 0.8819741239691933, 0.8375195306247941, 0.2230958757397571, 0.7073868427033662, 0.26384382960900254, 0.27848314583504163, 0.10690141817257286, 0.023455080988746047, 0.1394285167702127, 0.35502738944916545, 0.9374755737352061, 0.45327527320329963, 0.30735343488952316, 0.4604648892273481], BATTLES: 269-173-215-313-246-231-281-230-216-
2, 4, -3487.0, [0.3597246140046624, 0.3495475098652455, 0.4155171458597804, 0.5485455821354351, 0.7904941065957134, 0.9532182215549998, 0.7296570383722936, 0.7557470517377871, 0.837969337667587, 0.8245242238810474, 0.11267893992544098, 0.016399881222510237, 0.8426146742749774, 0.11023595060732609, 0.5733630365274992, 0.6414507148997075, 0.21452683059549096, 0.9447885880546971, 0.5725426420609239, 0.5647187396761336, 0.9593488478249502], BATTLES: 424-378-447-464-395-440-293-281-365-
2, 5, -1823.0, [0.2819792798382898, 0.3429736546101486, 0.08260823582189403, 0.648347666562278, 0.46836441842450743, 0.29210926599731124, 0.7192770161511326, 0.5722706837020293, 0.007147713539289835, 0.506282181790382, 0.6932435590090289, 0.9362647961565779, 0.8651103972412748, 0.24768297234819114, 0.5052590963970306, 0.24479779848353878, 0.5252714299878907, 0.6154179982424671, 0.603956052385578, 0.3282673678139948, 0.6125474060922909], BATTLES: 38-5-9-80-24-20-92-30-29-
2, 6, -791.0, [0.03271827756428469, 0.8466156965153412, 0.6917142616829466, 0.8199081439069563, 0.2153502157393828, 0.47268669940130786, 0.6043320503024562, 0.5927487519925575, 0.2561050893272634, 0.8876800627052698, 0.7119166968574528, 0.6745095870480599, 0.1743612721713641, 0.5641048449667725, 0.46682258363884843, 0.1713705045367176, 0.17772820218908258, 0.1354159404662605, 0.15176055497121654, 0.5918592526251026, 0.6149630887537905], BATTLES: 24-2-16-65-30-39-54-25-32-
2, 7, -1969.0, [0.2804142096813009, 0.5327268135935045, 0.3895039224677862, 0.681790726048021, 0.4296685016522227, 0.0327517243017873, 0.6174856354920133, 0.367330164624286, 0.2030618845581818, 0.5679826374452216, 0.1300981342833743, 0.3127293781134538, 0.5327697044210408, 0.3932434639633246, 0.4360403180815834, 0.6354069147034085, 0.33678336660669783, 0.12543487363524486, 0.9517702549382353, 0.264202183344161, 0.5652335099570128], BATTLES: 174-118-135-256-206-174-343-263-216-
2, 8, -2408.0, [0.0034004922723114284, 0.4809598330264511, 0.4850143311333773, 0.8846747951337737, 0.6026629095363192, 0.10676673004549964, 0.4598433742590019, 0.48992780402508185, 0.8911178387583353, 0.7894945137957697, 0.2082189779358637, 0.8784639262386661, 0.4544541223452432, 0.30036357723678797, 0.07870899449064717, 0.5051193635104047, 0.432792878799077, 0.7840138712680143, 0.27700984756708624, 0.337337285076709, 0.5406784546257212], BATTLES: 201-135-242-329-259-318-279-243-233-
2, 9, -4139.0, [0.5958538653953821, 0.6214972206920393, 0.16328830733922023, 0.4458601874351381, 0.6305224740324215, 0.9941744257296375, 0.4785609180787147, 0.20679363825357333, 0.3625721852229208, 0.29105991480654503, 0.7743025880016353, 0.9200889566549836, 0.4384066019392622, 0.18302812020572268, 0.2673815755217278, 0.5252822836411201, 0.3174295694529743, 0.7700365900725771, 0.17933101539824814, 0.4289753893280842, 0.2724180673190556], BATTLES: 442-347-368-463-397-387-453-459-394-
2, 10, -4011.0, [0.381706819573089, 0.4261632291449301, 0.18174841443696083, 0.2284871450841161, 0.9297296823856243, 0.8564172455519337, 0.6095287890956648, 0.6267701299802677, 0.5173049837821391, 0.9171840576358997, 0.15772375925974824, 0.370191972883818, 0.2530735066575273, 0.007536872778314163, 0.5580261703650591, 0.06272667120658304, 0.0261723122319778, 0.7355866770358782, 0.25781606098347903, 0.36980020387757484, 0.9257818986371017], BATTLES: 474-412-470-494-472-468-399-388-434-
2, 11, -3495.0, [0.3852052773062943, 0.5398930187839642, 0.16318297627058942, 0.6128655181070601, 0.7265913792194179, 0.35828858162990695, 0.9433834409903377, 0.5357551798546433, 0.07539441904265198, 0.988493648434872, 0.3910768883319615, 0.2783742583282618, 0.5146986266532593, 0.4416448135229948, 0.5057835288405835, 0.45920930640379276, 0.020854052077723173, 0.3862711021500852, 0.6726322102719638, 0.31005009091531166, 0.49814338310507467], BATTLES: 340-322-354-434-373-383-440-430-419-
2, 12, -3271.0, [0.8448407998754623, 0.06650914598289481, 0.04652442748911445, 0.7660390976182199, 0.6611341811184902, 0.303735616205262, 0.1747940719051848, 0.3105379474586214, 0.2171232938286244, 0.1707114352282587, 0.856818309924083, 0.20823154562364166, 0.6474772614401182, 0.6359893006977447, 0.4367353826025223, 0.8405854773008061, 0.7652752758404434, 0.8639997194752324, 0.27780551835485756, 0.8022343789637588, 0.3329531532925497], BATTLES: 416-298-207-500-418-294-421-378-339-
2, 13, -2254.0, [0.9988200779843501, 0.5663240979032789, 0.3098769642347891, 0.33359736819511254, 0.9190112515306872, 0.1430557327832671, 0.3930137660349353, 0.7233197015834238, 0.39172889583391646, 0.5009772470241547, 0.6673635659461767, 0.32012286509831556, 0.616836539672891, 0.3616732826024355, 0.4461695894540703, 0.40453168198309053, 0.4874572985381028, 0.8895168703802352, 0.16591247270525944, 0.23619937564200688, 0.3908240471233939], BATTLES: 101-60-73-249-191-171-384-334-296-
2, 14, -3096.0, [0.8394140071487972, 0.7021025581044555, 0.33300653588613194, 0.3761812797751811, 0.9498564571897425, 0.3420697476177901, 0.3613340098492303, 0.08715352082088423, 0.3381447280066814, 0.6007213480871947, 0.30310034821563503, 0.9191437987847109, 0.3475431304391361, 0.1851227689339282, 0.5190240570993975, 0.784054202689488, 0.8659315876830497, 0.22213355608310623, 0.9874908522690383, 0.802016857536459, 0.8926892684151736], BATTLES: 358-276-277-403-325-284-406-382-385-
3, 0, -2730.0, [0.15714006961440297, 0.22789982209079152, 0.24320075217480264, 0.09231132309231849, 0.6690730626597902, 0.3732986826581428, 0.5086442751097394, 0.5497120549508103, 0.240853247767423, 0.9196161180518078, 0.8438933795224727, 0.8101421257848436, 0.18695614921859216, 0.1706971326094759, 0.2721468326206452, 0.24218747618599634, 0.4154227332222452, 0.09746770964361262, 0.30448197997917864, 0.7437336784057883, 0.16372810043169161], BATTLES: 281-157-198-317-235-291-226-208-168-
3, 1, -3485.0, [0.9840741814487857, 0.24101438317609525, 0.16932620565991935, 0.268591550223946, 0.8196361698091357, 0.9043599417890674, 0.733071186246502, 0.528092443911583, 0.8692605619782086, 0.30500607323118434, 0.9597285674410319, 0.22014676319885818, 0.5508869839294954, 0.3538969941880157, 0.01401641619386218, 0.4376773859791845, 0.3493818313893829, 0.9171139812222278, 0.005491041600389157, 0.4697881166535409, 0.1381107539934055], BATTLES: 354-286-313-407-367-301-305-318-278-
3, 2, -3071.0, [0.8543803471579388, 0.3694629668600735, 0.05526389887495764, 0.3361448194744995, 0.8610272931134594, 0.3425030646824634, 0.33436042446540426, 0.19464608731207245, 0.13269665106276618, 0.36564658172679587, 0.983168142034719, 0.5085747678662469, 0.7571129643606994, 0.36945052713516613, 0.2168297957987395, 0.8557600180462602, 0.5763505262532176, 0.4235475709928269, 0.5862302735369962, 0.020745919509687405, 0.022645280307342586], BATTLES: 374-270-169-442-371-252-472-417-304-
3, 3, -2562.0, [0.5976829768539925, 0.028675701499216055, 0.7483606671750762, 0.31000706553355617, 0.9834260219652419, 0.7798414013297503, 0.5975037482795041, 0.8819741239691933, 0.8375195306247941, 0.6022099116279128, 0.7073868427033662, 0.26384382960900254, 0.27848314583504163, 0.07016279079188273, 0.023455080988746047, 0.20819598559867614, 0.35502738944916545, 0.9374755737352061, 0.6846909600344329, 0.4718363902889894, 0.8704891837073939], BATTLES: 290-224-292-335-228-268-245-204-202-
3, 4, -3178.0, [0.3597246140046624, 0.3495475098652455, 0.4155171458597804, 0.5485455821354351, 0.7904941065957134, 0.9532182215549998, 0.7296570383722936, 0.7557470517377871, 0.837969337667587, 0.8245242238810474, 0.11267893992544098, 0.016399881222510237, 0.8426146742749774, 0.11023595060732609, 0.5733630365274992, 0.6414507148997075, 0.21452683059549096, 0.9447885880546971, 0.5725426420609239, 0.5647187396761336, 0.9593488478249502], BATTLES: 383-329-423-419-386-410-262-247-319-
3, 5, -3632.0, [0.2819792798382898, 0.7222512219447398, 0.08260823582189403, 0.4373207739271894, 0.46836441842450743, 0.6640963031385301, 0.41070405713063735, 0.28613534185101464, 0.0035738567696449175, 0.46177675499998844, 0.9117792680298062, 0.9362647961565779, 0.9336043677034379, 0.24768297234819114, 0.4780047433854864, 0.24479779848353878, 0.5252714299878907, 0.6154179982424671, 0.4253318521456575, 0.21441903153045594, 0.13611688136817418], BATTLES: 143-70-92-215-187-200-250-174-192-
3, 6, -710.0, [0.18730859448890724, 0.8466156965153412, 0.48080031725221545, 0.8199081439069563, 0.2153502157393828, 0.47268669940130786, 0.6347098549209, 0.5927487519925575, 0.2561050893272634, 0.857401414494718, 0.7119166968574528, 0.6745095870480599, 0.1743612721713641, 0.5641048449667725, 0.5179010104837006, 0.3967399016551383, 0.19537047794524148, 0.1354159404662605, 0.22202960053640175, 0.5788473433680194, 0.7800711047625997], BATTLES: 7-0-6-64-34-38-201-120-149-
3, 7, -1729.0, [0.2804142096813009, 0.5327268135935045, 0.3895039224677862, 0.681790726048021, 0.4296685016522227, 0.0327517243017873, 0.6174856354920133, 0.367330164624286, 0.2030618845581818, 0.5679826374452216, 0.1300981342833743, 0.3127293781134538, 0.5327697044210408, 0.3932434639633246, 0.4360403180815834, 0.6354069147034085, 0.33678336660669783, 0.12543487363524486, 0.9517702549382353, 0.264202183344161, 0.5652335099570128], BATTLES: 168-109-112-218-173-149-343-220-237-
3, 8, -2569.0, [0.0034004922723114284, 0.4809598330264511, 0.2087251726110361, 0.8846747951337737, 0.6026629095363192, 0.10676673004549964, 0.7593055073774351, 0.0057504934760787, 0.4262397221937429, 0.7894945137957697, 0.2082189779358637, 0.7148292823768848, 0.4544541223452432, 0.30036357723678797, 0.03935449724532358, 0.5116098892822267, 0.09907919258312245, 0.7840138712680143, 0.5716692773816584, 0.20291529717200518, 0.34201554589337274], BATTLES: 177-121-189-301-213-315-258-218-270-
3, 9, -3974.0, [0.5958538653953821, 0.6214972206920393, 0.16328830733922023, 0.4458601874351381, 0.6305224740324215, 0.9941744257296375, 0.4785609180787147, 0.20679363825357333, 0.3625721852229208, 0.29105991480654503, 0.7743025880016353, 0.9200889566549836, 0.4384066019392622, 0.18302812020572268, 0.2673815755217278, 0.5252822836411201, 0.3174295694529743, 0.7700365900725771, 0.17933101539824814, 0.4289753893280842, 0.2724180673190556], BATTLES: 448-375-406-485-428-423-476-477-456-
3, 10, -3754.0, [0.381706819573089, 0.4261632291449301, 0.09087420721848041, 0.3800197898753701, 0.8664511338565286, 0.9168838021812357, 0.6095287890956648, 0.5399161234454326, 0.5173049837821391, 0.9171840576358997, 0.15772375925974824, 0.36543507563731314, 0.49258414565320396, 0.15528028778262543, 0.7267877288226421, 0.06272667120658304, 0.0261723122319778, 0.9845836881897048, 0.35995528042837577, 0.5025223048221361, 0.9257818986371017], BATTLES: 427-380-441-452-450-450-363-347-411-
3, 11, -3126.0, [0.3852052773062943, 0.5398930187839642, 0.16318297627058942, 0.6128655181070601, 0.7265913792194179, 0.35828858162990695, 0.9433834409903377, 0.5357551798546433, 0.07539441904265198, 0.988493648434872, 0.3910768883319615, 0.2783742583282618, 0.5146986266532593, 0.4416448135229948, 0.5057835288405835, 0.45920930640379276, 0.020854052077723173, 0.3862711021500852, 0.6726322102719638, 0.31005009091531166, 0.49814338310507467], BATTLES: 306-269-290-382-343-370-399-388-379-
3, 12, -3029.0, [0.8448407998754623, 0.06650914598289481, 0.04652442748911445, 0.7660390976182199, 0.6611341811184902, 0.303735616205262, 0.1747940719051848, 0.3105379474586214, 0.2171232938286244, 0.1707114352282587, 0.856818309924083, 0.20823154562364166, 0.6474772614401182, 0.6359893006977447, 0.4367353826025223, 0.8405854773008061, 0.7652752758404434, 0.8639997194752324, 0.27780551835485756, 0.8022343789637588, 0.3329531532925497], BATTLES: 385-277-174-471-396-281-372-350-323-
3, 13, -1913.0, [0.9988200779843501, 0.5663240979032789, 0.3098769642347891, 0.33359736819511254, 0.9190112515306872, 0.1430557327832671, 0.3930137660349353, 0.7233197015834238, 0.39172889583391646, 0.5009772470241547, 0.6673635659461767, 0.32012286509831556, 0.616836539672891, 0.3616732826024355, 0.4461695894540703, 0.40453168198309053, 0.4874572985381028, 0.8895168703802352, 0.16591247270525944, 0.23619937564200688, 0.3908240471233939], BATTLES: 184-135-109-258-230-155-306-302-234-
3, 14, -2837.0, [0.8394140071487972, 0.7021025581044555, 0.33300653588613194, 0.3761812797751811, 0.9498564571897425, 0.3420697476177901, 0.3613340098492303, 0.08715352082088423, 0.3381447280066814, 0.6007213480871947, 0.30310034821563503, 0.9191437987847109, 0.3475431304391361, 0.1851227689339282, 0.5190240570993975, 0.784054202689488, 0.8659315876830497, 0.22213355608310623, 0.9874908522690383, 0.802016857536459, 0.8926892684151736], BATTLES: 291-242-245-360-294-297-382-357-369-
4, 0, -3491.0, [0.9531200168204269, 0.4937355417866056, 0.10164171847619277, 0.09231132309231849, 0.8232577737281677, 0.7380415764678866, 0.5086442751097394, 0.48892209353796273, 0.240853247767423, 0.9196161180518078, 0.8438933795224727, 0.5612720971363223, 0.18695614921859216, 0.21156956166834096, 0.47345182949946296, 0.24218747618599634, 0.4154227332222452, 0.09746770964361262, 0.30448197997917864, 0.7437336784057883, 0.14088080485214616], BATTLES: 251-214-316-305-263-339-190-201-208-
4, 1, -3180.0, [0.6782699469212153, 0.24549967062722527, 0.16932620565991935, 0.4754987193095188, 0.7725705156079772, 0.9734631674933442, 0.44574791429083527, 0.528092443911583, 0.446129165623865, 0.30500607323118434, 0.9597285674410319, 0.27635107146673643, 0.7791336866081562, 0.3538969941880157, 0.01401641619386218, 0.44945881019771616, 0.3903564630873941, 0.9171139812222278, 0.005491041600389157, 0.6236775846392694, 0.49394769964754426], BATTLES: 392-295-315-427-351-324-332-295-288-
4, 2, -2716.0, [0.8543803471579388, 0.3694629668600735, 0.05526389887495764, 0.3361448194744995, 0.8610272931134594, 0.3425030646824634, 0.33436042446540426, 0.19464608731207245, 0.13269665106276618, 0.36564658172679587, 0.983168142034719, 0.5085747678662469, 0.7571129643606994, 0.36945052713516613, 0.2168297957987395, 0.8557600180462602, 0.5763505262532176, 0.4235475709928269, 0.5862302735369962, 0.020745919509687405, 0.022645280307342586], BATTLES: 334-207-137-433-314-207-432-386-266-
4, 3, -2701.0, [0.9400045549446685, 0.028675701499216055, 0.34328309547503455, 0.1420609612213292, 0.8590776582321202, 0.8899207006648752, 0.651460300364672, 0.8819741239691933, 0.8375195306247941, 0.34842407495892114, 0.9868703027894715, 0.26384382960900254, 0.27848314583504163, 0.12835576927351705, 0.08613677576443257, 0.2955016107245975, 0.35502738944916545, 0.925466580984664, 0.6846909600344329, 0.5031677506453218, 0.8704891837073939], BATTLES: 265-211-290-283-197-246-200-204-173-
4, 4, -2852.0, [0.45648186196733515, 0.5910461731087807, 0.4155171458597804, 0.5485455821354351, 0.7904941065957134, 0.988009858583729, 0.7296570383722936, 0.7557470517377871, 0.837969337667587, 0.8245242238810474, 0.11267893992544098, 0.3800581752096304, 0.8426146742749774, 0.11023595060732609, 0.5733630365274992, 0.8033563437429895, 0.21452683059549096, 0.9447885880546971, 0.5149281769069773, 0.5647187396761336, 0.9593488478249502], BATTLES: 319-261-404-363-308-366-197-194-262-
4, 5, -3372.0, [0.2819792798382898, 0.7222512219447398, 0.08260823582189403, 0.4373207739271894, 0.46836441842450743, 0.6640963031385301, 0.41070405713063735, 0.28613534185101464, 0.0035738567696449175, 0.46177675499998844, 0.9117792680298062, 0.9362647961565779, 0.9336043677034379, 0.24768297234819114, 0.4780047433854864, 0.24479779848353878, 0.5252714299878907, 0.6154179982424671, 0.4253318521456575, 0.21441903153045594, 0.13611688136817418], BATTLES: 360-295-375-425-309-372-446-394-396-
4, 6, -541.0, [0.18730859448890724, 0.8466156965153412, 0.48080031725221545, 0.8199081439069563, 0.2153502157393828, 0.47268669940130786, 0.6347098549209, 0.5927487519925575, 0.2561050893272634, 0.857401414494718, 0.7119166968574528, 0.6745095870480599, 0.1743612721713641, 0.5641048449667725, 0.5179010104837006, 0.3967399016551383, 0.19537047794524148, 0.1354159404662605, 0.22202960053640175, 0.5788473433680194, 0.7800711047625997], BATTLES: 23-6-28-26-16-42-138-117-145-
4, 7, -3066.0, [0.2804142096813009, 0.5327268135935045, 0.22440621940714636, 0.8014532369981036, 0.4296685016522227, 0.4464258484206898, 0.6174856354920133, 0.183665082312143, 0.4809657889417809, 0.795288060594669, 0.1300981342833743, 0.5314030353217415, 0.34233408475157595, 0.3932434639633246, 0.03462578776023856, 0.6354069147034085, 0.10211643480230853, 0.5575024841663017, 0.4919129233708077, 0.264202183344161, 0.5652335099570128], BATTLES: 100-81-97-164-135-111-261-203-154-
4, 8, -2833.0, [0.0034004922723114284, 0.4377722054255204, 0.2788555254253241, 0.8082305126133215, 0.5320307304059614, 0.47338898394676443, 0.7958001840860006, 0.0057504934760787, 0.37855330286151667, 0.8846188769017732, 0.10410948896793185, 0.5879320450334797, 0.4544541223452432, 0.244903160906338, 0.37027275194024906, 0.4050951982983977, 0.049539596291561225, 0.5039397303248891, 0.8521853684306987, 0.36297942596363186, 0.34201554589337274], BATTLES: 189-134-209-240-201-286-274-238-286-
4, 9, -3641.0, [0.5958538653953821, 0.6214972206920393, 0.16328830733922023, 0.4458601874351381, 0.8827198300387394, 0.9941744257296375, 0.6295155265840995, 0.20679363825357333, 0.3625721852229208, 0.29105991480654503, 0.5007036599833388, 0.9200889566549836, 0.4384066019392622, 0.18302812020572268, 0.36395324560120246, 0.5252822836411201, 0.15626507999803863, 0.8850182950362886, 0.17933101539824814, 0.4289753893280842, 0.2724180673190556], BATTLES: 411-316-358-464-402-371-457-438-369-
4, 10, -3381.0, [0.381706819573089, 0.4261632291449301, 0.09087420721848041, 0.3800197898753701, 0.8664511338565286, 0.9168838021812357, 0.8047643945478324, 0.47270418762067246, 0.5173049837821391, 0.9171840576358997, 0.2516772403614055, 0.36543507563731314, 0.49258414565320396, 0.15528028778262543, 0.48364185186490927, 0.11329165551956533, 0.0261723122319778, 0.9845836881897048, 0.35995528042837577, 0.15014011432297653, 0.9257818986371017], BATTLES: 369-337-413-447-416-417-297-281-378-
4, 11, -2836.0, [0.3852052773062943, 0.5398930187839642, 0.16318297627058942, 0.6128655181070601, 0.7738464234962436, 0.35828858162990695, 0.8247246862389006, 0.2908470790205012, 0.3382959720905573, 0.988493648434872, 0.3910768883319615, 0.3702672775313393, 0.6216709957366684, 0.4416448135229948, 0.5057835288405835, 0.45920930640379276, 0.010427026038861587, 0.3862711021500852, 0.2741091886389363, 0.31005009091531166, 0.6719405649582721], BATTLES: 239-218-261-318-279-315-346-336-333-
4, 12, -3004.0, [0.8171219849549752, 0.1313712651196588, 0.023262213744557225, 0.5331930383033068, 0.6611341811184902, 0.7871554722207734, 0.35397211355015457, 0.43756325765396026, 0.4251718934879252, 0.1707114352282587, 0.856818309924083, 0.20282907488477178, 0.5670947645321612, 0.3461157896571685, 0.3937669399070308, 0.5229449732771989, 0.7652752758404434, 0.8639997194752324, 0.0477772332180838, 0.8022343789637588, 0.3869051452426061], BATTLES: 336-212-144-429-375-240-342-288-289-
4, 13, -2393.0, [0.9988200779843501, 0.37135406307081154, 0.06526710742813244, 0.6136324003624598, 0.8436921773518709, 0.4208619392620838, 0.6993295497453933, 0.4535824748998852, 0.39172889583391646, 0.5009772470241547, 0.742395790161482, 0.32012286509831556, 0.5845729779835289, 0.3616732826024355, 0.22308479472703516, 0.28296425471201275, 0.06481279039506105, 0.9447584351901176, 0.08295623635262972, 0.05289816517901913, 0.08898942132844254], BATTLES: 121-111-85-208-185-113-245-271-184-
4, 14, -3011.0, [0.7825625061062874, 0.7532720781879281, 0.3074400309657857, 0.14307436429320985, 0.9498564571897425, 0.671034873808895, 0.7294410763114733, 0.2709033076421845, 0.7068298105594546, 0.5051575107041217, 0.30310034821563503, 0.9191437987847109, 0.34442238253788826, 0.030258811171917643, 0.15153962168663895, 0.4234803505501039, 0.8659315876830497, 0.5496500567023639, 0.9874908522690383, 0.41757056228277656, 0.8926892684151736], BATTLES: 226-194-203-281-229-204-329-311-283-
5, 0, -3114.0, [0.9531200168204269, 0.4937355417866056, 0.10164171847619277, 0.09231132309231849, 0.8232577737281677, 0.7380415764678866, 0.5086442751097394, 0.48892209353796273, 0.240853247767423, 0.9196161180518078, 0.8438933795224727, 0.5612720971363223, 0.18695614921859216, 0.21156956166834096, 0.47345182949946296, 0.24218747618599634, 0.4154227332222452, 0.09746770964361262, 0.30448197997917864, 0.7437336784057883, 0.14088080485214616], BATTLES: 340-264-266-448-342-328-433-357-336-
5, 1, -2981.0, [0.6782699469212153, 0.24549967062722527, 0.16932620565991935, 0.4754987193095188, 0.7725705156079772, 0.9734631674933442, 0.44574791429083527, 0.22684664967469306, 0.446129165623865, 0.29656637918476364, 0.4984659136323413, 0.3789116349749439, 0.7791336866081562, 0.3380945370978378, 0.01401641619386218, 0.42211063655023395, 0.3903564630873941, 0.9585569906111139, 0.005491041600389157, 0.2174688819624247, 0.49394769964754426], BATTLES: 344-264-306-436-359-326-291-247-292-
5, 2, -2408.0, [0.8543803471579388, 0.3694629668600735, 0.05526389887495764, 0.3361448194744995, 0.8610272931134594, 0.3425030646824634, 0.33436042446540426, 0.19464608731207245, 0.13269665106276618, 0.36564658172679587, 0.983168142034719, 0.5085747678662469, 0.7571129643606994, 0.36945052713516613, 0.2168297957987395, 0.8557600180462602, 0.5763505262532176, 0.4235475709928269, 0.5862302735369962, 0.020745919509687405, 0.022645280307342586], BATTLES: 272-173-105-390-275-191-407-352-243-
5, 3, -2749.0, [0.9400045549446685, 0.33027017060599306, 0.021463416251875395, 0.16414173246418923, 0.8403824293349731, 0.8899207006648752, 0.651460300364672, 0.5271643978903804, 0.45057738851017987, 0.34842407495892114, 0.9868703027894715, 0.6058271286525795, 0.27848314583504163, 0.11023747894532668, 0.08613677576443257, 0.2955016107245975, 0.35502738944916545, 0.925466580984664, 0.3265315488476743, 0.5167253288938214, 0.3973331882537237], BATTLES: 272-209-290-310-266-271-226-251-233-
5, 4, -2438.0, [0.45648186196733515, 0.5910461731087807, 0.4155171458597804, 0.5485455821354351, 0.7904941065957134, 0.988009858583729, 0.7296570383722936, 0.7557470517377871, 0.837969337667587, 0.8245242238810474, 0.11267893992544098, 0.3800581752096304, 0.8426146742749774, 0.11023595060732609, 0.5733630365274992, 0.8033563437429895, 0.21452683059549096, 0.9447885880546971, 0.5149281769069773, 0.5647187396761336, 0.9593488478249502], BATTLES: 270-220-313-321-295-340-215-211-253-
5, 5, -2990.0, [0.2819792798382898, 0.7222512219447398, 0.08260823582189403, 0.4373207739271894, 0.46836441842450743, 0.6640963031385301, 0.41070405713063735, 0.28613534185101464, 0.0035738567696449175, 0.46177675499998844, 0.9117792680298062, 0.9362647961565779, 0.9336043677034379, 0.24768297234819114, 0.4780047433854864, 0.24479779848353878, 0.5252714299878907, 0.6154179982424671, 0.4253318521456575, 0.21441903153045594, 0.13611688136817418], BATTLES: 333-238-290-382-265-309-452-369-352-
5, 6, -547.0, [0.18730859448890724, 0.8466156965153412, 0.48080031725221545, 0.8199081439069563, 0.2153502157393828, 0.47268669940130786, 0.5899669646371074, 0.5283254067573505, 0.24664148268801117, 0.857401414494718, 0.7119166968574528, 0.5197917176058244, 0.1743612721713641, 0.39115398179634664, 0.5179010104837006, 0.3967399016551383, 0.33191057874888946, 0.20238778921486722, 0.22202960053640175, 0.5788473433680194, 0.7800711047625997], BATTLES: 13-2-11-30-7-17-138-105-97-
5, 7, -3436.0, [0.2804142096813009, 0.5327268135935045, 0.11220310970357318, 0.4071677060247223, 0.7148342508261114, 0.7560491977865271, 0.9724487255571619, 0.183665082312143, 0.3250470392681779, 0.8158377478846824, 0.1300981342833743, 0.05564995473544765, 0.34233408475157595, 0.3932434639633246, 0.03462578776023856, 0.6354069147034085, 0.051058217401154266, 0.8745486659485258, 0.24595646168540386, 0.038854704158510445, 0.2826167549785064], BATTLES: 280-202-341-288-289-351-309-285-340-
5, 8, -2517.0, [0.416621872134529, 0.4377722054255204, 0.2788555254253241, 0.8082305126133215, 0.6829050442659549, 0.47338898394676443, 0.7958001840860006, 0.0057504934760787, 0.301242324636473, 0.8846188769017732, 0.10410948896793185, 0.5957055805200046, 0.4544541223452432, 0.244903160906338, 0.37027275194024906, 0.4050951982983977, 0.049539596291561225, 0.5039397303248891, 0.912183362891724, 0.5519365233690806, 0.34201554589337274], BATTLES: 255-174-308-302-247-323-270-238-293-
5, 9, -3350.0, [0.5958538653953821, 0.6214972206920393, 0.16328830733922023, 0.4458601874351381, 0.8827198300387394, 0.9941744257296375, 0.6295155265840995, 0.20679363825357333, 0.3625721852229208, 0.29105991480654503, 0.5007036599833388, 0.9200889566549836, 0.4384066019392622, 0.18302812020572268, 0.36395324560120246, 0.5252822836411201, 0.15626507999803863, 0.8850182950362886, 0.17933101539824814, 0.4289753893280842, 0.2724180673190556], BATTLES: 383-287-314-444-384-354-400-399-385-
5, 10, -3278.0, [0.36420275872368724, 0.4261632291449301, 0.09087420721848041, 0.3367905441967403, 0.8664511338565286, 0.9584419010906178, 0.8047643945478324, 0.2793246086342325, 0.5173049837821391, 0.9585920288179499, 0.49588062483097173, 0.36543507563731314, 0.21594831842783535, 0.15528028778262543, 0.48364185186490927, 0.11329165551956533, 0.0261723122319778, 0.9845836881897048, 0.35995528042837577, 0.5378216372416094, 0.36130239163487166], BATTLES: 346-267-380-452-367-369-289-222-354-
5, 11, -3051.0, [0.3852052773062943, 0.5398930187839642, 0.16318297627058942, 0.35360293760101236, 0.7738464234962436, 0.6086210186869079, 0.7763978514692462, 0.2908470790205012, 0.3382959720905573, 0.988493648434872, 0.3910768883319615, 0.3702672775313393, 0.40895595718789174, 0.1954192021675747, 0.5057835288405835, 0.45920930640379276, 0.6430004350660862, 0.3862711021500852, 0.2741091886389363, 0.3318549065477578, 0.39428069508867425], BATTLES: 234-177-221-300-287-314-339-314-328-
5, 12, -3039.0, [0.7955047866916167, 0.1313712651196588, 0.023262213744557225, 0.46099574414554173, 0.555230948223036, 0.7871554722207734, 0.35397211355015457, 0.1088894318543332, 0.168850006763282, 0.44378604564901736, 0.8864799020686683, 0.4205546415293152, 0.5096164529650188, 0.36835112224722627, 0.5543643589629339, 0.5229449732771989, 0.7652752758404434, 0.8639997194752324, 0.30901209228306525, 0.8022343789637588, 0.05820192188557877], BATTLES: 299-239-218-461-352-315-308-243-268-
5, 13, -2803.0, [0.9994100389921751, 0.5254743660555328, 0.0965309536552528, 0.14435295043499952, 0.8436921773518709, 0.4208619392620838, 0.4728870953686227, 0.2372847432629148, 0.43846540400324796, 0.9704153412483556, 0.742395790161482, 0.2805644935398758, 0.0415727696595416, 0.24244048182861125, 0.22308479472703516, 0.28296425471201275, 0.3651203951786891, 0.17442539759310155, 0.08295623635262972, 0.6771255621084633, 0.08898942132844254], BATTLES: 249-148-120-355-226-162-324-236-191-
5, 14, -3083.0, [0.8912812530531438, 0.7532720781879281, 0.15372001548289285, 0.14307436429320985, 0.9498564571897425, 0.671034873808895, 0.7242955072167, 0.2589870096728451, 0.7068298105594546, 0.5051575107041217, 0.4210067712479582, 0.9191437987847109, 0.6050647500659947, 0.015129405585958822, 0.1353467012018762, 0.4452051236633218, 0.8659315876830497, 0.7748250283511819, 0.9874908522690383, 0.41757056228277656, 0.8926892684151736], BATTLES: 259-212-268-336-262-269-333-348-320-
6, 0, -2895.0, [0.7279244275922973, 0.4937355417866056, 0.050820859238096386, 0.09231132309231849, 0.8232577737281677, 0.7380415764678866, 0.5152536538832647, 0.48892209353796273, 0.240853247767423, 0.9196161180518078, 0.8438933795224727, 0.5612720971363223, 0.19154836739820505, 0.21156956166834096, 0.35047493014588554, 0.24218747618599634, 0.4154227332222452, 0.09746770964361262, 0.02991780085426929, 0.8216569779819277, 0.07044040242607308], BATTLES: 310-207-234-427-311-320-411-332-307-
6, 1, -2622.0, [0.6782699469212153, 0.24549967062722527, 0.16932620565991935, 0.4754987193095188, 0.7725705156079772, 0.9734631674933442, 0.44574791429083527, 0.22684664967469306, 0.446129165623865, 0.29656637918476364, 0.4984659136323413, 0.3789116349749439, 0.7791336866081562, 0.3380945370978378, 0.01401641619386218, 0.42211063655023395, 0.3903564630873941, 0.9585569906111139, 0.005491041600389157, 0.2174688819624247, 0.49394769964754426], BATTLES: 330-206-198-416-316-267-370-285-234-
6, 2, -2361.0, [0.8543803471579388, 0.3694629668600735, 0.05526389887495764, 0.3768198619680594, 0.8610272931134594, 0.3425030646824634, 0.33436042446540426, 0.19464608731207245, 0.13269665106276618, 0.34534843810356053, 0.983168142034719, 0.5085747678662469, 0.7571129643606994, 0.2554005710940583, 0.2168297957987395, 0.6535795414486358, 0.5763505262532176, 0.4235475709928269, 0.5862302735369962, 0.5076702931910574, 0.011322640153671293], BATTLES: 255-135-82-375-265-168-369-325-198-
6, 3, -2987.0, [0.1930598228030591, 0.33027017060599306, 0.021463416251875395, 0.16414173246418923, 0.8403824293349731, 0.9963101818960489, 0.9260768814657592, 0.29497854850910965, 0.45057738851017987, 0.34842407495892114, 0.9868703027894715, 0.6058271286525795, 0.2337037972667404, 0.11023747894532668, 0.28056706679260124, 0.2955016107245975, 0.17751369472458273, 0.925466580984664, 0.3265315488476743, 0.26891975733836204, 0.19866659412686186], BATTLES: 287-216-197-430-297-293-302-237-240-
6, 4, -2739.0, [0.45648186196733515, 0.4192889379605158, 0.03125836359190512, 0.2652604899276668, 0.814601747488248, 0.9940049292918645, 0.7296570383722936, 0.7557470517377871, 0.837969337667587, 0.35136053795637223, 0.6865452591812167, 0.42425530129907846, 0.8426146742749774, 0.11023595060732609, 0.7166542532304545, 0.8033563437429895, 0.21452683059549096, 0.9556684365372481, 0.5149281769069773, 0.5647187396761336, 0.3299832793963955], BATTLES: 273-178-291-332-266-298-179-184-205-
6, 5, -2786.0, [0.2819792798382898, 0.7222512219447398, 0.08260823582189403, 0.4373207739271894, 0.46836441842450743, 0.6640963031385301, 0.41070405713063735, 0.28613534185101464, 0.0035738567696449175, 0.46177675499998844, 0.9117792680298062, 0.9362647961565779, 0.9336043677034379, 0.24768297234819114, 0.4780047433854864, 0.24479779848353878, 0.5252714299878907, 0.6154179982424671, 0.4253318521456575, 0.21441903153045594, 0.13611688136817418], BATTLES: 322-222-279-379-223-296-431-322-312-
6, 6, -1560.0, [0.2766226724217522, 0.8466156965153412, 0.48080031725221545, 0.8199081439069563, 0.578808352740759, 0.47268669940130786, 0.9031906310234987, 0.5283254067573505, 0.23848537029040823, 0.9771701740820883, 0.7608213807097003, 0.5197917176058244, 0.1775509319310123, 0.39115398179634664, 0.5179010104837006, 0.21493219179250123, 0.33191057874888946, 0.20238778921486722, 0.11101480026820087, 0.32047476349150583, 0.2405619918524789], BATTLES: 13-2-25-21-8-33-119-66-79-
6, 7, -3206.0, [0.2804142096813009, 0.5327268135935045, 0.11220310970357318, 0.4071677060247223, 0.7148342508261114, 0.7560491977865271, 0.9724487255571619, 0.183665082312143, 0.3250470392681779, 0.8158377478846824, 0.1300981342833743, 0.05564995473544765, 0.34233408475157595, 0.3932434639633246, 0.03462578776023856, 0.6354069147034085, 0.051058217401154266, 0.8745486659485258, 0.24595646168540386, 0.038854704158510445, 0.2826167549785064], BATTLES: 353-285-326-432-367-373-362-317-391-
6, 8, -2251.0, [0.416621872134529, 0.4377722054255204, 0.2788555254253241, 0.44068805316489856, 0.6829050442659549, 0.47338898394676443, 0.809586745039228, 0.026341793551515745, 0.27191416459456397, 0.9696134835812426, 0.3227106385527003, 0.5957055805200046, 0.14756884976741264, 0.244903160906338, 0.37027275194024906, 0.4050951982983977, 0.024769798145780612, 0.5039397303248891, 0.912183362891724, 0.5519365233690806, 0.34201554589337274], BATTLES: 247-141-209-275-254-255-283-232-263-
6, 9, -3202.0, [0.38452231813591714, 0.6214972206920393, 0.02363496865043377, 0.4239942129907603, 0.8379731175157876, 0.9941744257296375, 0.6295155265840995, 0.10339681912678667, 0.3625721852229208, 0.6865554694949443, 0.5007036599833388, 0.9200889566549836, 0.4384066019392622, 0.2393128982075482, 0.20139505482153722, 0.5252822836411201, 0.39169991450985553, 0.7915220329842161, 0.17933101539824814, 0.4289753893280842, 0.2724180673190556], BATTLES: 354-240-296-423-334-340-407-347-335-
6, 10, -3179.0, [0.43056307166011115, 0.5798472475457115, 0.09087420721848041, 0.3367905441967403, 0.7653381827043508, 0.9255385334741724, 0.9003002525260928, 0.2793246086342325, 0.34066583201855627, 0.5671866807101265, 0.49588062483097173, 0.36543507563731314, 0.21594831842783535, 0.15528028778262543, 0.48364185186490927, 0.11329165551956533, 0.10506577517070716, 0.9922918440948524, 0.26196941999307377, 0.3139411943040845, 0.36130239163487166], BATTLES: 342-255-322-399-350-363-325-279-395-
6, 11, -2804.0, [0.3852052773062943, 0.5398930187839642, 0.16318297627058942, 0.35360293760101236, 0.7738464234962436, 0.6086210186869079, 0.7763978514692462, 0.11093240313433256, 0.2389955235965112, 0.9769150956098807, 0.2768403184524287, 0.312021061208693, 0.40895595718789174, 0.1954192021675747, 0.529432250791305, 0.45920930640379276, 0.5688233690322383, 0.3862711021500852, 0.36822813558468254, 0.3318549065477578, 0.20717992221738832], BATTLES: 276-213-271-365-329-333-339-331-347-
6, 12, -2944.0, [0.7955047866916167, 0.4734478884399996, 0.023262213744557225, 0.46099574414554173, 0.670031808511928, 0.7871554722207734, 0.35397211355015457, 0.21150195354958967, 0.168850006763282, 0.44378604564901736, 0.8864799020686683, 0.4205546415293152, 0.5096164529650188, 0.2984930186121521, 0.5101576818653976, 0.5229449732771989, 0.7652752758404434, 0.8639997194752324, 0.30901209228306525, 0.8022343789637588, 0.05820192188557877], BATTLES: 356-245-228-453-329-337-354-275-273-
6, 13, -2711.0, [0.8241966240580689, 0.4991069894769388, 0.0965309536552528, 0.14435295043499952, 0.8436921773518709, 0.43665402873641823, 0.4728870953686227, 0.16767470502535542, 0.3972097201871772, 0.9704153412483556, 0.742395790161482, 0.2805644935398758, 0.16570423951545832, 0.24318087848666606, 0.29637035395742595, 0.3196825357476024, 0.3651203951786891, 0.17442539759310155, 0.3322607433063551, 0.6394878744592506, 0.08898942132844254], BATTLES: 279-200-147-391-304-209-410-347-242-
6, 14, -2788.0, [0.8912812530531438, 0.7532720781879281, 0.15372001548289285, 0.14307436429320985, 0.9498564571897425, 0.671034873808895, 0.7242955072167, 0.2589870096728451, 0.7068298105594546, 0.5051575107041217, 0.4210067712479582, 0.9191437987847109, 0.6050647500659947, 0.015129405585958822, 0.1353467012018762, 0.4452051236633218, 0.8659315876830497, 0.7748250283511819, 0.9874908522690383, 0.41757056228277656, 0.8926892684151736], BATTLES: 290-213-206-400-287-296-399-370-327-
7, 0, -2754.0, [0.7279244275922973, 0.4937355417866056, 0.050820859238096386, 0.09231132309231849, 0.8232577737281677, 0.7380415764678866, 0.5152536538832647, 0.48892209353796273, 0.240853247767423, 0.9196161180518078, 0.8438933795224727, 0.5612720971363223, 0.19154836739820505, 0.21156956166834096, 0.35047493014588554, 0.24218747618599634, 0.4154227332222452, 0.09746770964361262, 0.02991780085426929, 0.8216569779819277, 0.07044040242607308], BATTLES: 280-198-255-433-314-333-362-278-301-
7, 1, -2794.0, [0.3673746375261534, 0.6790266108975025, 0.21723007580817755, 0.7544511196112622, 0.7725705156079772, 0.9734631674933442, 0.9103465380585273, 0.14008590155855716, 0.20114799737693934, 0.29656637918476364, 0.6422622145993149, 0.41628428185220406, 0.4094159054054219, 0.3380945370978378, 0.0020609777841963627, 0.6460182836778006, 0.36979750551351254, 0.9585569906111139, 0.005491041600389157, 0.07783229529679449, 0.24697384982377213], BATTLES: 296-188-177-417-294-263-356-281-228-
7, 2, -2257.0, [0.8543803471579388, 0.3694629668600735, 0.05526389887495764, 0.36812652915607946, 0.8610272931134594, 0.3425030646824634, 0.6992954650066971, 0.19464608731207245, 0.06634832553138309, 0.6066987563623519, 0.983168142034719, 0.534686925719928, 0.46278919721719436, 0.2554005710940583, 0.42623180579561926, 0.4467831373237926, 0.4352528527145285, 0.4235475709928269, 0.5862302735369962, 0.46045006090542495, 0.005661320076835646], BATTLES: 245-126-78-412-282-159-357-316-215-
7, 3, -3052.0, [0.30649175577061977, 0.5715226543727672, 0.010731708125937697, 0.16414173246418923, 0.7879432923638884, 0.9963101818960489, 0.811898904008789, 0.14748927425455483, 0.45057738851017987, 0.585450075324027, 0.9868703027894715, 0.6058271286525795, 0.39419160121919294, 0.14482787620511722, 0.216365660370431, 0.2955016107245975, 0.6283984677969378, 0.925466580984664, 0.14125259292813372, 0.3416668223102581, 0.19866659412686186], BATTLES: 285-205-322-440-313-361-354-241-321-
7, 4, -2752.0, [0.45648186196733515, 0.2525842139796606, 0.01562918179595256, 0.2652604899276668, 0.9073008737441239, 0.7339412281717783, 0.7296570383722936, 0.21497471569591672, 0.24575575611539796, 0.35136053795637223, 0.6865452591812167, 0.17177109378575944, 0.5451742859627002, 0.11023595060732609, 0.2772831873612671, 0.7437663278938813, 0.21452683059549096, 0.977834218268624, 0.7922662316753966, 0.24543121933651255, 0.3299832793963955], BATTLES: 268-208-280-427-319-350-214-144-257-
7, 5, -2872.0, [0.33394383545913464, 0.7222512219447398, 0.041304117910947014, 0.4373207739271894, 0.46836441842450743, 0.6640963031385301, 0.41070405713063735, 0.05556521832977421, 0.0035738567696449175, 0.46177675499998844, 0.9117792680298062, 0.8955458931257214, 0.724461034404323, 0.24768297234819114, 0.4780047433854864, 0.24479779848353878, 0.5252714299878907, 0.6154179982424671, 0.4253318521456575, 0.21441903153045594, 0.13611688136817418], BATTLES: 307-193-262-350-213-270-406-294-288-
7, 6, -1697.0, [0.09864307837242986, 0.8466156965153412, 0.48080031725221545, 0.8199081439069563, 0.578808352740759, 0.736343349700654, 0.7073423198141007, 0.5283254067573505, 0.23848537029040823, 0.9771701740820883, 0.7608213807097003, 0.5197917176058244, 0.1775509319310123, 0.2912958485884637, 0.5179010104837006, 0.21493219179250123, 0.33191057874888946, 0.6147585493165124, 0.05550740013410044, 0.43321288879240943, 0.2405619918524789], BATTLES: 151-75-137-148-109-147-225-213-161-
7, 7, -3098.0, [0.2804142096813009, 0.5327268135935045, 0.11220310970357318, 0.4940092386580632, 0.7148342508261114, 0.7560491977865271, 0.9724487255571619, 0.0918325411560715, 0.10347034803191082, 0.8158377478846824, 0.1300981342833743, 0.10095554915221026, 0.31444607630404087, 0.40525071225615833, 0.21189700413447124, 0.5541486306292551, 0.051058217401154266, 0.8745486659485258, 0.0574397204003716, 0.019427352079255222, 0.2826167549785064], BATTLES: 335-253-314-425-344-340-342-267-347-
7, 8, -2029.0, [0.416621872134529, 0.4377722054255204, 0.2788555254253241, 0.44068805316489856, 0.6829050442659549, 0.47338898394676443, 0.809586745039228, 0.026341793551515745, 0.27191416459456397, 0.9696134835812426, 0.3227106385527003, 0.5957055805200046, 0.14756884976741264, 0.244903160906338, 0.37027275194024906, 0.4050951982983977, 0.024769798145780612, 0.5039397303248891, 0.912183362891724, 0.5519365233690806, 0.34201554589337274], BATTLES: 226-155-204-272-214-245-236-233-244-
7, 9, -3132.0, [0.38452231813591714, 0.6214972206920393, 0.09896212470993816, 0.7155086858622728, 0.6817464208328844, 0.8604941801393993, 0.7584929694947896, 0.048596753366438664, 0.3625721852229208, 0.6865554694949443, 0.8364229167740683, 0.9200889566549836, 0.4384066019392622, 0.2393128982075482, 0.20139505482153722, 0.5252822836411201, 0.5618916379671189, 0.7915220329842161, 0.08966550769912407, 0.4289753893280842, 0.1362090336595278], BATTLES: 345-237-306-459-350-353-361-264-369-
7, 10, -3082.0, [0.43056307166011115, 0.5798472475457115, 0.09087420721848041, 0.3367905441967403, 0.7653381827043508, 0.9255385334741724, 0.9003002525260928, 0.2793246086342325, 0.34066583201855627, 0.5671866807101265, 0.49588062483097173, 0.36543507563731314, 0.21594831842783535, 0.15528028778262543, 0.48364185186490927, 0.11329165551956533, 0.10506577517070716, 0.9922918440948524, 0.26196941999307377, 0.3139411943040845, 0.36130239163487166], BATTLES: 340-245-295-443-352-359-391-323-334-
7, 11, -2754.0, [0.4356437622096797, 0.5801648176618017, 0.16318297627058942, 0.17566611372870508, 0.7738464234962436, 0.6086210186869079, 0.7992969712745203, 0.05444478185585731, 0.21799387923433783, 0.9769150956098807, 0.2768403184524287, 0.14746203735149233, 0.16693722138087855, 0.1954192021675747, 0.529432250791305, 0.3971122159296855, 0.2818319165134994, 0.6253849646536692, 0.36822813558468254, 0.3318549065477578, 0.20717992221738832], BATTLES: 274-246-252-356-313-341-304-300-315-
7, 12, -2814.0, [0.7955047866916167, 0.4734478884399996, 0.023262213744557225, 0.46099574414554173, 0.670031808511928, 0.7871554722207734, 0.35397211355015457, 0.21150195354958967, 0.168850006763282, 0.44378604564901736, 0.8864799020686683, 0.4205546415293152, 0.5096164529650188, 0.2984930186121521, 0.5101576818653976, 0.5229449732771989, 0.7652752758404434, 0.8639997194752324, 0.30901209228306525, 0.8022343789637588, 0.05820192188557877], BATTLES: 338-217-214-456-327-306-372-294-290-
7, 13, -2618.0, [0.8241966240580689, 0.4991069894769388, 0.0965309536552528, 0.14435295043499952, 0.8436921773518709, 0.43665402873641823, 0.4728870953686227, 0.16767470502535542, 0.3972097201871772, 0.9704153412483556, 0.742395790161482, 0.2805644935398758, 0.16570423951545832, 0.24318087848666606, 0.29637035395742595, 0.3196825357476024, 0.3651203951786891, 0.17442539759310155, 0.3322607433063551, 0.6394878744592506, 0.08898942132844254], BATTLES: 275-195-174-398-305-267-393-362-249-
7, 14, -2705.0, [0.46776699366317775, 0.6854883071897087, 0.15372001548289285, 0.3162726423337605, 0.7199260380126336, 0.671034873808895, 0.9715899599877008, 0.042305129150264076, 0.3654535089116218, 0.629646314351093, 0.17570441495529912, 0.9191437987847109, 0.6050647500659947, 0.015129405585958822, 0.0676733506009381, 0.8688129854593857, 0.3961339030187703, 0.7686929505078134, 0.9874908522690383, 0.12617168383125507, 0.8926892684151736], BATTLES: 292-213-186-369-301-271-371-357-314-
8, 0, -2623.0, [0.7279244275922973, 0.4937355417866056, 0.050820859238096386, 0.09231132309231849, 0.8232577737281677, 0.7380415764678866, 0.5152536538832647, 0.48892209353796273, 0.240853247767423, 0.9196161180518078, 0.8438933795224727, 0.5612720971363223, 0.19154836739820505, 0.21156956166834096, 0.35047493014588554, 0.24218747618599634, 0.4154227332222452, 0.09746770964361262, 0.02991780085426929, 0.8216569779819277, 0.07044040242607308], BATTLES: 256-200-224-417-303-313-339-286-285-
8, 1, -2808.0, [0.1545543961071302, 0.6790266108975025, 0.21723007580817755, 0.7544511196112622, 0.5803148511426182, 0.9734631674933442, 0.9659990275489506, 0.05673898080882624, 0.20114799737693934, 0.6256731167440865, 0.6422622145993149, 0.45545228658259596, 0.26073646258041266, 0.3380945370978378, 0.0020609777841963627, 0.6460182836778006, 0.36979750551351254, 0.9585569906111139, 0.005491041600389157, 0.07783229529679449, 0.24697384982377213], BATTLES: 295-212-213-386-284-251-446-357-267-
8, 2, -2306.0, [0.7956501114115188, 0.5198973709953099, 0.02763194943747882, 0.45590850419640516, 0.7582412362489206, 0.3425030646824634, 0.6992954650066971, 0.018366250064053874, 0.06634832553138309, 0.6066987563623519, 0.983168142034719, 0.6517243377142342, 0.5074248640567633, 0.2554005710940583, 0.42623180579561926, 0.4467831373237926, 0.5511619801435559, 0.4871272395785551, 0.4478811356948523, 0.56049541410034, 0.002830660038417823], BATTLES: 248-144-94-365-274-166-373-280-176-
8, 3, -3012.0, [0.18141158192073667, 0.5715226543727672, 0.04915755856490652, 0.16414173246418923, 0.9184379428300676, 0.9963101818960489, 0.862717421233709, 0.07374463712727741, 0.45057738851017987, 0.649964074778468, 0.9868703027894715, 0.6058271286525795, 0.39419160121919294, 0.1356635879261216, 0.1445033782133443, 0.2955016107245975, 0.550649331377786, 0.962733290492332, 0.07062629646406686, 0.3416668223102581, 0.19866659412686186], BATTLES: 295-227-316-440-345-352-379-245-367-
8, 4, -2679.0, [0.45648186196733515, 0.2525842139796606, 0.01562918179595256, 0.2652604899276668, 0.9073008737441239, 0.7339412281717783, 0.7296570383722936, 0.21497471569591672, 0.24575575611539796, 0.35136053795637223, 0.6865452591812167, 0.17177109378575944, 0.5451742859627002, 0.11023595060732609, 0.2772831873612671, 0.7437663278938813, 0.21452683059549096, 0.977834218268624, 0.7922662316753966, 0.24543121933651255, 0.3299832793963955], BATTLES: 280-227-220-415-317-313-334-250-323-
8, 5, -2796.0, [0.33394383545913464, 0.7222512219447398, 0.041304117910947014, 0.4373207739271894, 0.46836441842450743, 0.6640963031385301, 0.41070405713063735, 0.05556521832977421, 0.0035738567696449175, 0.46177675499998844, 0.9117792680298062, 0.8955458931257214, 0.724461034404323, 0.24768297234819114, 0.4780047433854864, 0.24479779848353878, 0.5252714299878907, 0.6154179982424671, 0.4253318521456575, 0.21441903153045594, 0.13611688136817418], BATTLES: 333-204-211-409-262-327-423-335-292-
8, 6, -1958.0, [0.09864307837242986, 0.8466156965153412, 0.48080031725221545, 0.5419741222327651, 0.578808352740759, 0.736343349700654, 0.9503193384994187, 0.04806999034331738, 0.23848537029040823, 0.5185349460560706, 0.7608213807097003, 0.5197917176058244, 0.29706398444843296, 0.2912958485884637, 0.5179010104837006, 0.21493219179250123, 0.33191057874888946, 0.7743575395498411, 0.32939536457765733, 0.43321288879240943, 0.12028099592623945], BATTLES: 214-127-196-198-147-224-207-173-173-
8, 7, -3041.0, [0.2804142096813009, 0.5327268135935045, 0.11220310970357318, 0.4940092386580632, 0.7148342508261114, 0.7560491977865271, 0.9724487255571619, 0.0918325411560715, 0.10347034803191082, 0.8158377478846824, 0.1300981342833743, 0.10095554915221026, 0.31444607630404087, 0.40525071225615833, 0.21189700413447124, 0.5541486306292551, 0.051058217401154266, 0.8745486659485258, 0.0574397204003716, 0.019427352079255222, 0.2826167549785064], BATTLES: 352-257-245-422-322-344-417-357-325-
8, 8, -2265.0, [0.416621872134529, 0.6003861478323103, 0.2788555254253241, 0.44068805316489856, 0.6012398727878693, 0.7144456977527397, 0.809586745039228, 0.026341793551515745, 0.09087700526337429, 0.9696134835812426, 0.5950067849155602, 0.5957055805200046, 0.14756884976741264, 0.31953479763720166, 0.08177607484724869, 0.4050951982983977, 0.024769798145780612, 0.5039397303248891, 0.912183362891724, 0.5519365233690806, 0.34201554589337274], BATTLES: 204-132-187-254-213-249-244-206-240-
8, 9, -2985.0, [0.40832001502117027, 0.6214972206920393, 0.05309082960621888, 0.6683906129186048, 0.6817464208328844, 0.9302470900696996, 0.8460755589535058, 0.024298376683219332, 0.1212358995159089, 0.7226527485174197, 0.4902860932273415, 0.6088229413391074, 0.4384066019392622, 0.2393128982075482, 0.23869353796074602, 0.5990278069092305, 0.5618916379671189, 0.8154475439364487, 0.14518199914032612, 0.5073311846863764, 0.0681045168297639], BATTLES: 343-246-278-412-355-350-354-285-329-
8, 10, -3002.0, [0.43056307166011115, 0.5798472475457115, 0.09087420721848041, 0.3367905441967403, 0.7653381827043508, 0.9255385334741724, 0.9003002525260928, 0.2793246086342325, 0.34066583201855627, 0.5671866807101265, 0.49588062483097173, 0.36543507563731314, 0.21594831842783535, 0.15528028778262543, 0.48364185186490927, 0.11329165551956533, 0.10506577517070716, 0.9922918440948524, 0.26196941999307377, 0.3139411943040845, 0.36130239163487166], BATTLES: 310-240-301-443-354-363-348-294-349-
8, 11, -2952.0, [0.4356437622096797, 0.5801648176618017, 0.08159148813529471, 0.17566611372870508, 0.7738464234962436, 0.8043105093434539, 0.7992969712745203, 0.05444478185585731, 0.21799387923433783, 0.9769150956098807, 0.40354486544461965, 0.1344507286185707, 0.12065801484193647, 0.1954192021675747, 0.529432250791305, 0.3971122159296855, 0.09167243432502735, 0.8126924823268347, 0.36822813558468254, 0.06328915061065593, 0.07643767970899029], BATTLES: 285-192-228-351-299-322-311-302-322-
8, 12, -2772.0, [0.6570458120401659, 0.41090436069307135, 0.03057680085920999, 0.49169997598562426, 0.670031808511928, 0.7871554722207734, 0.35397211355015457, 0.10575097677479484, 0.168850006763282, 0.44378604564901736, 0.5934282537474039, 0.4169301404884328, 0.2583637918909579, 0.2984930186121521, 0.365507767508804, 0.5229449732771989, 0.4159817075034501, 0.6525482516729999, 0.30901209228306525, 0.8022343789637588, 0.05820192188557877], BATTLES: 280-222-199-434-310-272-375-302-283-
8, 13, -2528.0, [0.8241966240580689, 0.4991069894769388, 0.0965309536552528, 0.14435295043499952, 0.8436921773518709, 0.43665402873641823, 0.4728870953686227, 0.16767470502535542, 0.3972097201871772, 0.9704153412483556, 0.742395790161482, 0.2805644935398758, 0.16570423951545832, 0.24318087848666606, 0.29637035395742595, 0.3196825357476024, 0.3651203951786891, 0.17442539759310155, 0.3322607433063551, 0.6394878744592506, 0.08898942132844254], BATTLES: 246-165-150-389-310-243-403-369-253-
8, 14, -2820.0, [0.46776699366317775, 0.624102987937329, 0.1053145503617248, 0.4203762857810033, 0.7199260380126336, 0.9220510918468592, 0.8909849377953243, 0.021152564575132038, 0.4591839823359494, 0.629646314351093, 0.43575819015320943, 0.9191437987847109, 0.6050647500659947, 0.039639090832928894, 0.03383667530046905, 0.8688129854593857, 0.3961339030187703, 0.9218755203857342, 0.6493538104833736, 0.21363594479720868, 0.454543985362439], BATTLES: 306-225-218-372-300-271-334-287-331-
9, 0, -2711.0, [0.6648335724079836, 0.4937355417866056, 0.025410429619048193, 0.09231132309231849, 0.9703232760409192, 0.8690207882339434, 0.7291765789311796, 0.28657832588881205, 0.2416694498997009, 0.8742142410151165, 0.9219466897612363, 0.2654316336628325, 0.19154836739820505, 0.11171793367738697, 0.5073364841316462, 0.20840664027956632, 0.4154227332222452, 0.5910348135041438, 0.02991780085426929, 0.4795525976790087, 0.03522020121303654], BATTLES: 258-170-204-410-320-312-335-259-249-
9, 1, -2660.0, [0.1545543961071302, 0.6790266108975025, 0.21723007580817755, 0.7544511196112622, 0.5803148511426182, 0.9734631674933442, 0.9659990275489506, 0.05673898080882624, 0.20114799737693934, 0.6256731167440865, 0.6422622145993149, 0.45545228658259596, 0.26073646258041266, 0.3380945370978378, 0.0020609777841963627, 0.6460182836778006, 0.36979750551351254, 0.9585569906111139, 0.005491041600389157, 0.07783229529679449, 0.24697384982377213], BATTLES: 302-192-286-358-280-349-301-285-307-
9, 2, -2670.0, [0.47714002812760564, 0.7021004123910033, 0.01381597471873941, 0.45590850419640516, 0.7582412362489206, 0.7240653601242053, 0.8568718750920028, 0.018366250064053874, 0.033174162765691545, 0.573697998480519, 0.983168142034719, 0.6517243377142342, 0.5074248640567633, 0.2554005710940583, 0.42623180579561926, 0.4467831373237926, 0.5511619801435559, 0.6938549573404845, 0.22394056784742614, 0.56049541410034, 0.002830660038417823], BATTLES: 239-145-80-391-256-158-345-275-202-
9, 3, -2799.0, [0.058826168916120955, 0.7052985951325188, 0.02457877928245326, 0.16414173246418923, 0.7707581180180534, 0.9981550909480245, 0.862717421233709, 0.036872318563638706, 0.45057738851017987, 0.49574186162416667, 0.9868703027894715, 0.6058271286525795, 0.3499984938331674, 0.17357595438892243, 0.1445033782133443, 0.6040887365266348, 0.7324422947613471, 0.962733290492332, 0.07062629646406686, 0.18720285298681638, 0.19866659412686186], BATTLES: 302-204-315-396-305-379-311-242-343-
9, 4, -2658.0, [0.45648186196733515, 0.7359742562566547, 0.01562918179595256, 0.2652604899276668, 0.8983210927457295, 0.7339412281717783, 0.8648285191861468, 0.21497471569591672, 0.24575575611539796, 0.3708798639391765, 0.6865452591812167, 0.17177109378575944, 0.327433134848955, 0.12178763442798199, 0.2772831873612671, 0.7437663278938813, 0.21452683059549096, 0.977834218268624, 0.31970763795987933, 0.24543121933651255, 0.3299832793963955], BATTLES: 277-198-216-434-288-300-297-215-280-
9, 5, -2751.0, [0.33394383545913464, 0.6935060949951913, 0.041304117910947014, 0.38825173998208434, 0.46836441842450743, 0.6640963031385301, 0.41070405713063735, 0.05556521832977421, 0.02516209384320576, 0.46177675499998844, 0.9117792680298062, 0.6844811554438253, 0.724461034404323, 0.24768297234819114, 0.4780047433854864, 0.24479779848353878, 0.5252714299878907, 0.8077089991212336, 0.4253318521456575, 0.21441903153045594, 0.13611688136817418], BATTLES: 303-189-236-408-262-281-407-285-274-
9, 6, -2469.0, [0.09864307837242986, 0.7277008049966187, 0.21050591587314935, 0.1606015290057749, 0.7486741883746518, 0.7828299045740541, 0.8460989552288126, 0.0335613111154906, 0.20160554205267897, 0.5185349460560706, 0.7608213807097003, 0.5197917176058244, 0.29706398444843296, 0.23436967777121395, 0.08829701486867644, 0.21493219179250123, 0.680304528593633, 0.7743575395498411, 0.32939536457765733, 0.5636272071068197, 0.060140497963119724], BATTLES: 215-107-212-204-158-253-222-188-207-
9, 7, -2835.0, [0.2804142096813009, 0.5327268135935045, 0.11220310970357318, 0.4940092386580632, 0.7148342508261114, 0.7560491977865271, 0.9724487255571619, 0.0918325411560715, 0.10347034803191082, 0.8158377478846824, 0.1300981342833743, 0.10095554915221026, 0.31444607630404087, 0.40525071225615833, 0.21189700413447124, 0.5541486306292551, 0.051058217401154266, 0.8745486659485258, 0.0574397204003716, 0.019427352079255222, 0.2826167549785064], BATTLES: 325-206-239-392-330-341-389-329-284-
9, 8, -2647.0, [0.2083109360672645, 0.7776508741281075, 0.13922683180304107, 0.19141057484088786, 0.6012398727878693, 0.8572228488763698, 0.6799576762177968, 0.026341793551515745, 0.09087700526337429, 0.7720831124335303, 0.9039474509684883, 0.9180209474349044, 0.36032527844618534, 0.1555757260203842, 0.2566262822511489, 0.32376008791991884, 0.024769798145780612, 0.5751977226412031, 0.6374069257610799, 0.5519365233690806, 0.2890500387847519], BATTLES: 246-164-211-288-227-283-243-221-251-
9, 9, -2807.0, [0.22966852362269563, 0.6214972206920393, 0.05309082960621888, 0.6683906129186048, 0.6817464208328844, 0.9651235450348499, 0.9756230039804228, 0.024298376683219332, 0.1212358995159089, 0.6077786724842993, 0.47167007321643606, 0.31191099194516014, 0.4384066019392622, 0.2393128982075482, 0.05773543978434645, 0.6888379000966541, 0.5618916379671189, 0.9077237719682243, 0.07259099957016306, 0.066623620888249, 0.122835421587626], BATTLES: 332-215-268-396-299-358-332-245-325-
9, 10, -2838.0, [0.43056307166011115, 0.5798472475457115, 0.09087420721848041, 0.3367905441967403, 0.7653381827043508, 0.9255385334741724, 0.9003002525260928, 0.2793246086342325, 0.34066583201855627, 0.5671866807101265, 0.49588062483097173, 0.36543507563731314, 0.21594831842783535, 0.15528028778262543, 0.48364185186490927, 0.11329165551956533, 0.10506577517070716, 0.9922918440948524, 0.26196941999307377, 0.3139411943040845, 0.36130239163487166], BATTLES: 306-211-294-422-328-363-350-239-325-
9, 11, -2800.0, [0.4356437622096797, 0.5801648176618017, 0.08159148813529471, 0.17566611372870508, 0.7738464234962436, 0.8043105093434539, 0.7992969712745203, 0.05444478185585731, 0.21799387923433783, 0.9769150956098807, 0.40354486544461965, 0.1344507286185707, 0.12065801484193647, 0.1954192021675747, 0.529432250791305, 0.3971122159296855, 0.09167243432502735, 0.8126924823268347, 0.36822813558468254, 0.06328915061065593, 0.07643767970899029], BATTLES: 323-229-262-409-304-312-342-291-328-
9, 12, -2789.0, [0.5226381953441008, 0.5588145562658495, 0.03057680085920999, 0.581528988833055, 0.670031808511928, 0.7871554722207734, 0.7702477889459074, 0.05287548838739742, 0.168850006763282, 0.44378604564901736, 0.5077173081351279, 0.4169301404884328, 0.4471235424212676, 0.3627244879525368, 0.365507767508804, 0.5229449732771989, 0.4183121469059492, 0.6525482516729999, 0.37375490935072075, 0.8022343789637588, 0.05820192188557877], BATTLES: 299-189-242-436-307-305-354-248-268-
9, 13, -2475.0, [0.8241966240580689, 0.61405336303758, 0.11466591519347279, 0.14435295043499952, 0.8224475740268855, 0.614709074894037, 0.7701379836889184, 0.08383735251267771, 0.2743734990296878, 0.9852076706241778, 0.742395790161482, 0.2054554475417636, 0.27629232423881644, 0.24318087848666606, 0.28545300852085453, 0.4177317991932662, 0.3155909402134481, 0.17442539759310155, 0.11032110461500849, 0.3069842125508657, 0.08688209839840319], BATTLES: 239-161-125-376-279-249-387-315-204-
9, 14, -2780.0, [0.46776699366317775, 0.624102987937329, 0.1053145503617248, 0.4203762857810033, 0.7199260380126336, 0.9220510918468592, 0.8909849377953243, 0.021152564575132038, 0.4591839823359494, 0.629646314351093, 0.43575819015320943, 0.9191437987847109, 0.6050647500659947, 0.039639090832928894, 0.03383667530046905, 0.8688129854593857, 0.3961339030187703, 0.9218755203857342, 0.6493538104833736, 0.21363594479720868, 0.454543985362439], BATTLES: 339-214-269-413-330-336-315-246-318-
10, 0, -2547.0, [0.6648335724079836, 0.6631199541495713, 0.012705214809524096, 0.22620383015310547, 0.7701799800223459, 0.8690207882339434, 0.8952493859297659, 0.28657832588881205, 0.2416694498997009, 0.6680307561753458, 0.9219466897612363, 0.2654316336628325, 0.19154836739820505, 0.11171793367738697, 0.32611206211675026, 0.045061185157490274, 0.2966657582044424, 0.5910348135041438, 0.02991780085426929, 0.21361080420367545, 0.01761010060651827], BATTLES: 265-182-228-423-287-315-347-249-242-
10, 1, -2542.0, [0.1545543961071302, 0.6790266108975025, 0.21723007580817755, 0.7544511196112622, 0.5803148511426182, 0.9734631674933442, 0.9659990275489506, 0.05673898080882624, 0.20114799737693934, 0.6256731167440865, 0.6422622145993149, 0.45545228658259596, 0.26073646258041266, 0.3380945370978378, 0.0020609777841963627, 0.6460182836778006, 0.36979750551351254, 0.9585569906111139, 0.005491041600389157, 0.07783229529679449, 0.24697384982377213], BATTLES: 283-177-265-340-300-309-296-268-304-
10, 2, -2626.0, [0.4811139903389507, 0.7192427049228007, 0.0013440305885030687, 0.3630715017070707, 0.7582412362489206, 0.8047145030989405, 0.982784382863918, 0.018366250064053874, 0.0375911894092861, 0.573697998480519, 0.983168142034719, 0.6517243377142342, 0.2785479477430159, 0.3027869447489474, 0.4417908292964284, 0.4472658790263644, 0.34566234788867717, 0.8966260540038586, 0.30408998932133374, 0.56049541410034, 0.0014153300192089116], BATTLES: 283-191-219-416-271-320-363-259-261-
10, 3, -2697.0, [0.058826168916120955, 0.7052985951325188, 0.02457877928245326, 0.16414173246418923, 0.7707581180180534, 0.9981550909480245, 0.862717421233709, 0.036872318563638706, 0.45057738851017987, 0.49574186162416667, 0.9868703027894715, 0.6058271286525795, 0.3499984938331674, 0.17357595438892243, 0.1445033782133443, 0.6040887365266348, 0.7324422947613471, 0.962733290492332, 0.07062629646406686, 0.18720285298681638, 0.19866659412686186], BATTLES: 240-185-268-412-322-368-328-239-335-
10, 4, -2628.0, [0.45648186196733515, 0.7359742562566547, 0.01562918179595256, 0.2652604899276668, 0.8983210927457295, 0.7339412281717783, 0.8648285191861468, 0.21497471569591672, 0.24575575611539796, 0.3708798639391765, 0.6865452591812167, 0.17177109378575944, 0.327433134848955, 0.12178763442798199, 0.2772831873612671, 0.7437663278938813, 0.21452683059549096, 0.977834218268624, 0.31970763795987933, 0.24543121933651255, 0.3299832793963955], BATTLES: 263-174-209-408-280-298-419-295-282-
10, 5, -2659.0, [0.33394383545913464, 0.7354222867650401, 0.041304117910947014, 0.44341629813240796, 0.5529978677150037, 0.6640963031385301, 0.41070405713063735, 0.05556521832977421, 0.01258104692160288, 0.46177675499998844, 0.9117792680298062, 0.6844811554438253, 0.724461034404323, 0.36186230577634615, 0.5613465448529485, 0.43809710541638586, 0.5252714299878907, 0.7861033372994467, 0.4253318521456575, 0.21441903153045594, 0.054088368955323124], BATTLES: 298-196-206-391-238-293-395-299-274-
10, 6, -2411.0, [0.09864307837242986, 0.7277008049966187, 0.21050591587314935, 0.1606015290057749, 0.7486741883746518, 0.7828299045740541, 0.8460989552288126, 0.0335613111154906, 0.20160554205267897, 0.5185349460560706, 0.7608213807097003, 0.5197917176058244, 0.29706398444843296, 0.23436967777121395, 0.08829701486867644, 0.21493219179250123, 0.680304528593633, 0.7743575395498411, 0.32939536457765733, 0.5636272071068197, 0.060140497963119724], BATTLES: 261-164-254-314-296-322-269-228-303-
10, 7, -2783.0, [0.2804142096813009, 0.6227165397248231, 0.11220310970357318, 0.5621469303860527, 0.6592837545343935, 0.7560491977865271, 0.932951078747079, 0.0918325411560715, 0.10347034803191082, 0.8158377478846824, 0.1300981342833743, 0.25813619978050256, 0.31444607630404087, 0.40525071225615833, 0.21189700413447124, 0.40750214527757744, 0.051058217401154266, 0.7980109642592287, 0.0574397204003716, 0.019427352079255222, 0.2826167549785064], BATTLES: 319-212-224-390-298-331-362-315-298-
10, 8, -2550.0, [0.2083109360672645, 0.7776508741281075, 0.13922683180304107, 0.19141057484088786, 0.6012398727878693, 0.8572228488763698, 0.6799576762177968, 0.026341793551515745, 0.09087700526337429, 0.7720831124335303, 0.9039474509684883, 0.9180209474349044, 0.36032527844618534, 0.1555757260203842, 0.2566262822511489, 0.32376008791991884, 0.024769798145780612, 0.5751977226412031, 0.6374069257610799, 0.5519365233690806, 0.2890500387847519], BATTLES: 305-190-246-342-293-328-290-233-323-
10, 9, -2744.0, [0.22966852362269563, 0.6214972206920393, 0.05309082960621888, 0.6683906129186048, 0.6817464208328844, 0.9651235450348499, 0.9756230039804228, 0.024298376683219332, 0.1212358995159089, 0.6077786724842993, 0.47167007321643606, 0.31191099194516014, 0.4384066019392622, 0.2393128982075482, 0.05773543978434645, 0.6888379000966541, 0.5618916379671189, 0.9077237719682243, 0.07259099957016306, 0.066623620888249, 0.122835421587626], BATTLES: 332-211-281-391-288-315-344-260-322-
10, 10, -2748.0, [0.43056307166011115, 0.5798472475457115, 0.09087420721848041, 0.3367905441967403, 0.7653381827043508, 0.9255385334741724, 0.9003002525260928, 0.2793246086342325, 0.34066583201855627, 0.5671866807101265, 0.49588062483097173, 0.36543507563731314, 0.21594831842783535, 0.15528028778262543, 0.48364185186490927, 0.11329165551956533, 0.10506577517070716, 0.9922918440948524, 0.26196941999307377, 0.3139411943040845, 0.36130239163487166], BATTLES: 287-204-262-412-317-349-345-253-319-
10, 11, -2740.0, [0.4356437622096797, 0.5801648176618017, 0.08159148813529471, 0.17566611372870508, 0.7738464234962436, 0.8043105093434539, 0.7992969712745203, 0.05444478185585731, 0.21799387923433783, 0.9769150956098807, 0.40354486544461965, 0.1344507286185707, 0.12065801484193647, 0.1954192021675747, 0.529432250791305, 0.3971122159296855, 0.09167243432502735, 0.8126924823268347, 0.36822813558468254, 0.06328915061065593, 0.07643767970899029], BATTLES: 323-209-248-394-295-313-364-277-317-
10, 12, -2644.0, [0.22269342360969763, 0.5588145562658495, 0.050381415291478396, 0.5021161862632503, 0.670031808511928, 0.88785952744862, 0.9772661266949094, 0.02643774419369871, 0.168850006763282, 0.5327037414980262, 0.2852084423691953, 0.4169301404884328, 0.30074444830290603, 0.25269927670767384, 0.4511850992512477, 0.39759950133294925, 0.4183121469059492, 0.6525482516729999, 0.37375490935072075, 0.8022343789637588, 0.1756391475233715], BATTLES: 304-201-218-415-312-286-340-263-275-
10, 13, -2641.0, [0.8241966240580689, 0.9328015501902869, 0.11466591519347279, 0.14435295043499952, 0.6886748121142741, 0.8349806533942306, 0.7701379836889184, 0.08383735251267771, 0.2743734990296878, 0.9852076706241778, 0.3077579344145077, 0.32416777959293297, 0.27629232423881644, 0.25633703156468046, 0.3823344403877312, 0.4177317991932662, 0.3155909402134481, 0.17442539759310155, 0.11032110461500849, 0.3069842125508657, 0.08688209839840319], BATTLES: 260-141-156-390-294-242-404-344-224-
10, 14, -2693.0, [0.46776699366317775, 0.624102987937329, 0.1053145503617248, 0.4203762857810033, 0.7199260380126336, 0.9220510918468592, 0.8909849377953243, 0.021152564575132038, 0.4591839823359494, 0.629646314351093, 0.43575819015320943, 0.9191437987847109, 0.6050647500659947, 0.039639090832928894, 0.03383667530046905, 0.8688129854593857, 0.3961339030187703, 0.9218755203857342, 0.6493538104833736, 0.21363594479720868, 0.454543985362439], BATTLES: 322-202-239-411-298-335-323-249-314-
11, 0, -2493.0, [0.6648335724079836, 0.6631199541495713, 0.012705214809524096, 0.22620383015310547, 0.7701799800223459, 0.8690207882339434, 0.8952493859297659, 0.28657832588881205, 0.2416694498997009, 0.6680307561753458, 0.9219466897612363, 0.2654316336628325, 0.19154836739820505, 0.11171793367738697, 0.32611206211675026, 0.045061185157490274, 0.2966657582044424, 0.5910348135041438, 0.02991780085426929, 0.21361080420367545, 0.01761010060651827], BATTLES: 285-181-202-397-281-241-381-319-206-
11, 1, -2540.0, [0.1545543961071302, 0.6790266108975025, 0.2009614196139538, 0.542936193200023, 0.5803148511426182, 0.9867315837466721, 0.9659990275489506, 0.05673898080882624, 0.4650920445742919, 0.6256731167440865, 0.6422622145993149, 0.45545228658259596, 0.26073646258041266, 0.1520705816015724, 0.0020609777841963627, 0.5943536905968321, 0.36979750551351254, 0.9585569906111139, 0.005491041600389157, 0.07783229529679449, 0.24697384982377213], BATTLES: 279-181-258-334-299-295-292-258-292-
11, 2, -2582.0, [0.4483934241967145, 0.7192427049228007, 0.0013440305885030687, 0.3630715017070707, 0.7582412362489206, 0.8647710911142119, 0.9485390116649944, 0.018366250064053874, 0.0375911894092861, 0.573697998480519, 0.6229614050346061, 0.6517243377142342, 0.2785479477430159, 0.17361252440482552, 0.4417908292964284, 0.4472658790263644, 0.08042443912356939, 0.8966260540038586, 0.30408998932133374, 0.3024318183971957, 0.31710998294770715], BATTLES: 279-184-233-406-242-319-346-280-279-
11, 3, -2771.0, [0.058826168916120955, 0.7052985951325188, 0.01228938964122663, 0.16654267996171424, 0.7707581180180534, 0.9477611788743934, 0.9313587106168545, 0.018436159281819353, 0.45057738851017987, 0.3739613063108317, 0.7486209420838328, 0.6058271286525795, 0.3499984938331674, 0.17357595438892243, 0.1445033782133443, 0.6040887365266348, 0.4230504505952521, 0.962733290492332, 0.06651237287280924, 0.18720285298681638, 0.09933329706343093], BATTLES: 247-184-276-385-307-357-295-230-313-
11, 4, -2662.0, [0.45648186196733515, 0.7359742562566547, 0.01562918179595256, 0.3186387142816536, 0.8983210927457295, 0.9897308534521394, 0.8648285191861468, 0.21497471569591672, 0.24575575611539796, 0.6643092233998086, 0.7811304690720484, 0.17177109378575944, 0.327433134848955, 0.12178763442798199, 0.2772831873612671, 0.3084476541768587, 0.21452683059549096, 0.977834218268624, 0.31970763795987933, 0.24543121933651255, 0.3299832793963955], BATTLES: 277-179-210-397-277-297-384-273-265-
11, 5, -2639.0, [0.33394383545913464, 0.7354222867650401, 0.041304117910947014, 0.44341629813240796, 0.5529978677150037, 0.6640963031385301, 0.41070405713063735, 0.05556521832977421, 0.01258104692160288, 0.46177675499998844, 0.9117792680298062, 0.6844811554438253, 0.724461034404323, 0.36186230577634615, 0.5613465448529485, 0.43809710541638586, 0.5252714299878907, 0.7861033372994467, 0.4253318521456575, 0.21441903153045594, 0.054088368955323124], BATTLES: 304-202-236-394-260-299-392-278-274-
11, 6, -2363.0, [0.09864307837242986, 0.6302804893510653, 0.21050591587314935, 0.1606015290057749, 0.823364099497423, 0.891414952287027, 0.8460989552288126, 0.0335613111154906, 0.20160554205267897, 0.5185349460560706, 0.7608213807097003, 0.5197917176058244, 0.45826637760493427, 0.23436967777121395, 0.37369912505725283, 0.3549045972762608, 0.680304528593633, 0.8871787697749205, 0.32939536457765733, 0.5636272071068197, 0.12315559408167173], BATTLES: 245-181-242-296-287-315-239-208-288-
11, 7, -2740.0, [0.2804142096813009, 0.6227165397248231, 0.11220310970357318, 0.5621469303860527, 0.6592837545343935, 0.7560491977865271, 0.932951078747079, 0.0918325411560715, 0.10347034803191082, 0.8158377478846824, 0.1300981342833743, 0.25813619978050256, 0.31444607630404087, 0.40525071225615833, 0.21189700413447124, 0.40750214527757744, 0.051058217401154266, 0.7980109642592287, 0.0574397204003716, 0.019427352079255222, 0.2826167549785064], BATTLES: 304-215-249-405-272-322-372-292-309-
11, 8, -2656.0, [0.2083109360672645, 0.6931438100699473, 0.13922683180304107, 0.09570528742044393, 0.886896470076905, 0.9286114244381849, 0.9059724117808454, 0.09589763069477068, 0.08346797375135889, 0.7720831124335303, 0.8282895392765477, 0.3843704870797866, 0.36032527844618534, 0.044230367274269405, 0.2566262822511489, 0.07155048017189525, 0.024769798145780612, 0.5751977226412031, 0.3568949381870588, 0.30526539983690265, 0.054948215915147314], BATTLES: 298-204-236-322-262-322-266-230-313-
11, 9, -2748.0, [0.22966852362269563, 0.6214972206920393, 0.05309082960621888, 0.6683906129186048, 0.6817464208328844, 0.9651235450348499, 0.9756230039804228, 0.024298376683219332, 0.1212358995159089, 0.6077786724842993, 0.47167007321643606, 0.31191099194516014, 0.4384066019392622, 0.2393128982075482, 0.05773543978434645, 0.6888379000966541, 0.5618916379671189, 0.9077237719682243, 0.07259099957016306, 0.066623620888249, 0.122835421587626], BATTLES: 331-208-265-405-305-308-345-248-333-
11, 10, -2793.0, [0.43056307166011115, 0.5798472475457115, 0.09087420721848041, 0.3355160252429902, 0.6762794563037886, 0.9325736795306607, 0.9501501262630464, 0.08943363199479429, 0.18680938957646234, 0.4281123021440696, 0.49588062483097173, 0.30695911328754466, 0.18160572509866355, 0.21343290393483388, 0.35419018377035205, 0.10343099350969873, 0.10506577517070716, 0.9116047310869431, 0.26196941999307377, 0.3139411943040845, 0.18065119581743583], BATTLES: 289-204-268-391-321-338-310-263-291-
11, 11, -2714.0, [0.4356437622096797, 0.5801648176618017, 0.08159148813529471, 0.17566611372870508, 0.7738464234962436, 0.8043105093434539, 0.7992969712745203, 0.05444478185585731, 0.21799387923433783, 0.9769150956098807, 0.40354486544461965, 0.1344507286185707, 0.12065801484193647, 0.1954192021675747, 0.529432250791305, 0.3971122159296855, 0.09167243432502735, 0.8126924823268347, 0.36822813558468254, 0.06328915061065593, 0.07643767970899029], BATTLES: 310-224-236-412-297-330-349-267-289-
11, 12, -2781.0, [0.22269342360969763, 0.6808813001437295, 0.050381415291478396, 0.9072419134581227, 0.670031808511928, 0.88785952744862, 0.9886330633474547, 0.02643774419369871, 0.168850006763282, 0.5327037414980262, 0.14260422118459765, 0.4169301404884328, 0.30074444830290603, 0.431118902237383, 0.012445417926914948, 0.7098833338902337, 0.4183121469059492, 0.6525482516729999, 0.19947781204327825, 0.04069409164170329, 0.1756391475233715], BATTLES: 283-231-254-412-342-361-272-208-304-
11, 13, -2746.0, [0.33640436953198083, 0.9328015501902869, 0.1617287440741622, 0.21046133949720855, 0.6082937283188913, 0.9174903266971153, 0.7701379836889184, 0.08383735251267771, 0.2743734990296878, 0.9834889088496971, 0.19697911533473397, 0.32416777959293297, 0.27629232423881644, 0.27750642132407394, 0.3823344403877312, 0.4177317991932662, 0.3155909402134481, 0.17442539759310155, 0.11032110461500849, 0.17928532394989818, 0.2947231011749586], BATTLES: 296-187-202-376-264-271-410-365-222-
11, 14, -2767.0, [0.6013619487034568, 0.6774658734921845, 0.03971730176548978, 0.11093127109305945, 0.7199260380126336, 0.9610255459234296, 0.9356952191779164, 0.08627473336078259, 0.4591839823359494, 0.8334626455496666, 0.43575819015320943, 0.2419311801774039, 0.6050647500659947, 0.18184073219627428, 0.03383667530046905, 0.8688129854593857, 0.3961339030187703, 0.9218755203857342, 0.21546416373177119, 0.21363594479720868, 0.21587210116127015], BATTLES: 325-223-251-416-309-317-283-218-292-
12, 0, -2685.0, [0.4521853765538155, 0.6106219974231566, 0.06760819231327816, 0.22620383015310547, 0.6915803154852762, 0.9323364218164855, 0.9214691727061551, 0.20497328478232746, 0.27464357693488556, 0.5467872729202843, 0.9219466897612363, 0.2654316336628325, 0.19154836739820505, 0.21100746291007852, 0.32611206211675026, 0.1836010672880607, 0.2966657582044424, 0.6240492344651031, 0.02991780085426929, 0.21361080420367545, 0.1631755064926418], BATTLES: 268-190-171-407-274-244-385-319-194-
12, 1, -2671.0, [0.1545543961071302, 0.6790266108975025, 0.06758943419872758, 0.542936193200023, 0.6495837134822009, 0.9867315837466721, 0.9707321220941413, 0.05589611818485812, 0.33083117282711594, 0.6256731167440865, 0.4816748518798593, 0.26382545813805763, 0.26575823324804626, 0.24009122034776162, 0.06706830593589637, 0.6355897331227026, 0.4140513365971101, 0.9596091129031388, 0.0027455208001945786, 0.07783229529679449, 0.24697384982377213], BATTLES: 300-161-267-309-307-316-296-258-304-
12, 2, -2549.0, [0.4483934241967145, 0.7192427049228007, 0.0013440305885030687, 0.3630715017070707, 0.7582412362489206, 0.8647710911142119, 0.9485390116649944, 0.018366250064053874, 0.0375911894092861, 0.573697998480519, 0.6229614050346061, 0.6517243377142342, 0.2785479477430159, 0.17361252440482552, 0.4417908292964284, 0.4472658790263644, 0.08042443912356939, 0.8966260540038586, 0.30408998932133374, 0.3024318183971957, 0.31710998294770715], BATTLES: 264-146-204-421-258-306-375-297-278-
12, 3, -2670.0, [0.058826168916120955, 0.7052985951325188, 0.01228938964122663, 0.16654267996171424, 0.7707581180180534, 0.9477611788743934, 0.9313587106168545, 0.018436159281819353, 0.45057738851017987, 0.3739613063108317, 0.7486209420838328, 0.6058271286525795, 0.3499984938331674, 0.17357595438892243, 0.1445033782133443, 0.6040887365266348, 0.4230504505952521, 0.962733290492332, 0.06651237287280924, 0.18720285298681638, 0.09933329706343093], BATTLES: 278-164-257-397-339-352-334-246-303-
12, 4, -2680.0, [0.5604735892770085, 0.7359742562566547, 0.01562918179595256, 0.3186387142816536, 0.7981741997001618, 0.9948654267260697, 0.9324142595930733, 0.21497471569591672, 0.26627155302851613, 0.6643092233998086, 0.40752305715436477, 0.17177109378575944, 0.327433134848955, 0.1404012129938001, 0.2772831873612671, 0.3084476541768587, 0.06461927016386043, 0.977834218268624, 0.31970763795987933, 0.24543121933651255, 0.3299832793963955], BATTLES: 261-188-272-432-320-331-309-249-279-
12, 5, -2549.0, [0.33394383545913464, 0.7354222867650401, 0.041304117910947014, 0.44341629813240796, 0.5529978677150037, 0.6640963031385301, 0.41070405713063735, 0.05556521832977421, 0.01258104692160288, 0.46177675499998844, 0.9117792680298062, 0.6844811554438253, 0.724461034404323, 0.36186230577634615, 0.5613465448529485, 0.43809710541638586, 0.5252714299878907, 0.7861033372994467, 0.4253318521456575, 0.21441903153045594, 0.054088368955323124], BATTLES: 314-196-189-391-251-261-395-292-260-
12, 6, -2334.0, [0.09864307837242986, 0.7241579137898292, 0.21050591587314935, 0.6944968519226608, 0.710408909665334, 0.8050328300999335, 0.9952251528161283, 0.12068328320081659, 0.20160554205267897, 0.5185349460560706, 0.7608213807097003, 0.22715891027075846, 0.22048981537671755, 0.34240229693801033, 0.37369912505725283, 0.3549045972762608, 0.680304528593633, 0.5114909248255499, 0.32939536457765733, 0.1338522758324845, 0.12315559408167173], BATTLES: 265-139-217-326-286-288-229-219-300-
12, 7, -2780.0, [0.2804142096813009, 0.6227165397248231, 0.11220310970357318, 0.5621469303860527, 0.6592837545343935, 0.7560491977865271, 0.932951078747079, 0.0918325411560715, 0.10347034803191082, 0.8158377478846824, 0.1300981342833743, 0.25813619978050256, 0.31444607630404087, 0.40525071225615833, 0.21189700413447124, 0.40750214527757744, 0.051058217401154266, 0.7980109642592287, 0.0574397204003716, 0.019427352079255222, 0.2826167549785064], BATTLES: 326-222-236-406-297-316-372-305-300-
12, 8, -2725.0, [0.2083109360672645, 0.9109326980051335, 0.06961341590152054, 0.436445516000071, 0.5777959845478778, 0.9286114244381849, 0.9059724117808454, 0.04794881534738534, 0.08346797375135889, 0.42108678166034463, 0.8282895392765477, 0.792793394888642, 0.21714211717402035, 0.4434315510550144, 0.2566262822511489, 0.07155048017189525, 0.3558718842208471, 0.5751977226412031, 0.1793189297493989, 0.15263269991845133, 0.027474107957573657], BATTLES: 302-191-236-338-290-337-278-254-305-
12, 9, -2646.0, [0.22966852362269563, 0.6214972206920393, 0.05309082960621888, 0.6683906129186048, 0.6817464208328844, 0.9651235450348499, 0.9756230039804228, 0.024298376683219332, 0.1212358995159089, 0.6077786724842993, 0.47167007321643606, 0.31191099194516014, 0.4384066019392622, 0.2393128982075482, 0.05773543978434645, 0.6888379000966541, 0.5618916379671189, 0.9077237719682243, 0.07259099957016306, 0.066623620888249, 0.122835421587626], BATTLES: 287-213-245-384-293-309-339-254-322-
12, 10, -2720.0, [0.43056307166011115, 0.5798472475457115, 0.09087420721848041, 0.3355160252429902, 0.6762794563037886, 0.9325736795306607, 0.9501501262630464, 0.08943363199479429, 0.18680938957646234, 0.4281123021440696, 0.49588062483097173, 0.30695911328754466, 0.18160572509866355, 0.21343290393483388, 0.35419018377035205, 0.10343099350969873, 0.10506577517070716, 0.9116047310869431, 0.26196941999307377, 0.3139411943040845, 0.18065119581743583], BATTLES: 314-222-232-390-308-307-358-285-304-
12, 11, -2615.0, [0.4356437622096797, 0.5801648176618017, 0.08159148813529471, 0.17566611372870508, 0.7738464234962436, 0.8043105093434539, 0.7992969712745203, 0.05444478185585731, 0.21799387923433783, 0.9769150956098807, 0.40354486544461965, 0.1344507286185707, 0.12065801484193647, 0.1954192021675747, 0.529432250791305, 0.3971122159296855, 0.09167243432502735, 0.8126924823268347, 0.36822813558468254, 0.06328915061065593, 0.07643767970899029], BATTLES: 294-194-227-397-299-306-337-272-289-
12, 12, -2683.0, [0.2860532083349154, 0.6808813001437295, 0.050381415291478396, 0.9072419134581227, 0.670031808511928, 0.94392976372431, 0.9886330633474547, 0.02643774419369871, 0.168850006763282, 0.5327037414980262, 0.04424362690556277, 0.4169301404884328, 0.30074444830290603, 0.38639703446652596, 0.33489905143611826, 0.03690558468071972, 0.4183121469059492, 0.6525482516729999, 0.19947781204327825, 0.04069409164170329, 0.1756391475233715], BATTLES: 292-225-275-419-269-288-319-241-325-
12, 13, -2658.0, [0.33640436953198083, 0.9328015501902869, 0.1617287440741622, 0.21046133949720855, 0.6082937283188913, 0.9174903266971153, 0.7701379836889184, 0.08383735251267771, 0.2743734990296878, 0.9834889088496971, 0.19697911533473397, 0.32416777959293297, 0.27629232423881644, 0.27750642132407394, 0.3823344403877312, 0.4177317991932662, 0.3155909402134481, 0.17442539759310155, 0.11032110461500849, 0.17928532394989818, 0.2947231011749586], BATTLES: 305-189-256-347-296-310-345-294-316-
12, 14, -2779.0, [0.6013619487034568, 0.6940735257050911, 0.06779776222329784, 0.42601562963531914, 0.7199260380126336, 0.8559338230905484, 0.9356952191779164, 0.06492984831120674, 0.4591839823359494, 0.8334626455496666, 0.43575819015320943, 0.2419311801774039, 0.28022586116608766, 0.18184073219627428, 0.07196373701424745, 0.8688129854593857, 0.19196472449245708, 0.9218755203857342, 0.20103765133783877, 0.10681797239860434, 0.12236860658659271], BATTLES: 328-202-259-416-311-320-366-279-280-
13, 0, -2720.0, [0.4521853765538155, 0.6230235254512434, 0.06760819231327816, 0.22620383015310547, 0.6755401234942223, 0.9323364218164855, 0.9214691727061551, 0.20497328478232746, 0.27464357693488556, 0.5467872729202843, 0.08959825657379067, 0.2654316336628325, 0.19154836739820505, 0.21100746291007852, 0.00502447178199994, 0.4927379463168622, 0.1483328791022212, 0.9831672750417024, 0.02991780085426929, 0.21361080420367545, 0.1631755064926418], BATTLES: 289-202-227-411-291-304-396-316-253-
13, 1, -2657.0, [0.1545543961071302, 0.6790266108975025, 0.06758943419872758, 0.542936193200023, 0.6495837134822009, 0.9867315837466721, 0.9707321220941413, 0.05589611818485812, 0.33083117282711594, 0.6256731167440865, 0.4816748518798593, 0.26382545813805763, 0.26575823324804626, 0.24009122034776162, 0.06706830593589637, 0.6355897331227026, 0.4140513365971101, 0.9596091129031388, 0.0027455208001945786, 0.07783229529679449, 0.24697384982377213], BATTLES: 287-204-281-373-312-338-297-240-325-
13, 2, -2595.0, [0.36643046318851386, 0.6417100313592853, 0.0013440305885030687, 0.3630715017070707, 0.6212157271161036, 0.9814098524130351, 0.9485390116649944, 0.009418941645783104, 0.03269700873162773, 0.7129425306720322, 0.8223809808275426, 0.16038376677281452, 0.20869519067750472, 0.2609200310789526, 0.4417908292964284, 0.4472658790263644, 0.08042443912356939, 0.8966260540038586, 0.30408998932133374, 0.3024318183971957, 0.15855499147385357], BATTLES: 258-160-211-406-272-307-391-277-261-
13, 3, -2646.0, [0.2508761905932576, 0.664812320475878, 0.01228938964122663, 0.3894686422647788, 0.7020007631413522, 0.9477611788743934, 0.9313587106168545, 0.018436159281819353, 0.45057738851017987, 0.8302629094220898, 0.09054102400028591, 0.15734142100297782, 0.18075641776149937, 0.32813260667404476, 0.1445033782133443, 0.6040887365266348, 0.21152522529762605, 0.962733290492332, 0.18582653479113898, 0.09360142649340819, 0.09933329706343093], BATTLES: 265-164-292-406-317-334-310-229-325-
13, 4, -2611.0, [0.5604735892770085, 0.7311176053681089, 0.01562918179595256, 0.3186387142816536, 0.7981741997001618, 0.9916641864741454, 0.9324142595930733, 0.21497471569591672, 0.26627155302851613, 0.6643092233998086, 0.33546958007982136, 0.22792290644682509, 0.4376820046891038, 0.1404012129938001, 0.2772831873612671, 0.3084476541768587, 0.28851244050994546, 0.977834218268624, 0.15985381897993967, 0.24543121933651255, 0.16118517436009627], BATTLES: 270-170-231-400-304-310-357-246-289-
13, 5, -2605.0, [0.34622019637584867, 0.6385996678819258, 0.020652058955473507, 0.4619976977613805, 0.6711388605347139, 0.7116520317487219, 0.41070405713063735, 0.057741695714669874, 0.01882442055059351, 0.6529742136761478, 0.37016609766911474, 0.36035371552543916, 0.5923130290133921, 0.33035695431272205, 0.39425957946899537, 0.44504997810254404, 0.36481390860108326, 0.7861033372994467, 0.2542538568757421, 0.21441903153045594, 0.11346100648227507], BATTLES: 303-175-191-368-267-285-378-305-240-
13, 6, -2463.0, [0.09864307837242986, 0.6677452972135981, 0.15583868996138125, 0.6208956665448443, 0.6262849303606576, 0.8050328300999335, 0.9952251528161283, 0.12068328320081659, 0.20160554205267897, 0.6838681655750513, 0.7608213807097003, 0.22715891027075846, 0.27273988169810665, 0.34240229693801033, 0.28371926138753745, 0.3841546477176788, 0.24700885393479047, 0.6708277366043499, 0.17815796640436574, 0.07021937052188737, 0.21183362522416405], BATTLES: 240-175-249-321-291-318-239-216-245-
13, 7, -2636.0, [0.2804142096813009, 0.6227165397248231, 0.11220310970357318, 0.5621469303860527, 0.6592837545343935, 0.7560491977865271, 0.932951078747079, 0.0918325411560715, 0.10347034803191082, 0.8158377478846824, 0.1300981342833743, 0.25813619978050256, 0.31444607630404087, 0.40525071225615833, 0.21189700413447124, 0.40750214527757744, 0.051058217401154266, 0.7980109642592287, 0.0574397204003716, 0.019427352079255222, 0.2826167549785064], BATTLES: 295-193-205-396-287-291-375-315-279-
13, 8, -2596.0, [0.2083109360672645, 0.9109326980051335, 0.05373096290521547, 0.436445516000071, 0.530718878132168, 0.7935526745177441, 0.9371991105949381, 0.04794881534738534, 0.08346797375135889, 0.42108678166034463, 0.8282895392765477, 0.792793394888642, 0.21714211717402035, 0.4434315510550144, 0.2566262822511489, 0.07155048017189525, 0.3558718842208471, 0.5751977226412031, 0.026363578696361578, 0.15263269991845133, 0.027474107957573657], BATTLES: 284-203-228-379-284-293-354-249-322-
13, 9, -2719.0, [0.22966852362269563, 0.622111362083703, 0.05309082960621888, 0.6148782496308345, 0.6704325212134081, 0.890066917870545, 0.9368816293247063, 0.024298376683219332, 0.1122878225822238, 0.7125729770748956, 0.11820119338313118, 0.31191099194516014, 0.4384066019392622, 0.25782972699878615, 0.05773543978434645, 0.6888379000966541, 0.5618916379671189, 0.8524640945596759, 0.07259099957016306, 0.0333118104441245, 0.122835421587626], BATTLES: 296-197-253-404-290-311-348-252-315-
13, 10, -2676.0, [0.43056307166011115, 0.5798472475457115, 0.09087420721848041, 0.10810629866304644, 0.7833027029539273, 0.9325736795306607, 0.9501501262630464, 0.08943363199479429, 0.4253723038118069, 0.4281123021440696, 0.49588062483097173, 0.30695911328754466, 0.2675033394372481, 0.12377327208445749, 0.35419018377035205, 0.10343099350969873, 0.10506577517070716, 0.9182097778159644, 0.26196941999307377, 0.3139411943040845, 0.08650545071324584], BATTLES: 299-192-225-394-286-333-338-273-280-
13, 11, -2704.0, [0.36826344500125724, 0.7724547074250515, 0.08159148813529471, 0.37936057220176445, 0.6263780528109723, 0.8043105093434539, 0.8367900579891544, 0.07965627804915532, 0.3986231160010683, 0.7906248736369437, 0.32636098767598865, 0.2908439248559407, 0.12065801484193647, 0.1954192021675747, 0.12507241559373833, 0.45750846852513666, 0.09167243432502735, 0.8126924823268347, 0.18451906591509898, 0.06328915061065593, 0.12173529502006074], BATTLES: 275-190-228-349-289-323-354-272-286-
13, 12, -2690.0, [0.157385623449913, 0.7652536514815486, 0.07699963727382142, 0.9072419134581227, 0.685625287722818, 0.971964881862155, 0.9886330633474547, 0.02643774419369871, 0.24073655293872886, 0.5327037414980262, 0.04424362690556277, 0.07564791195811232, 0.2118957493381489, 0.38639703446652596, 0.33489905143611826, 0.03690558468071972, 0.4183121469059492, 0.6525482516729999, 0.05510392576134303, 0.020347045820851645, 0.1756391475233715], BATTLES: 300-207-241-408-287-309-339-258-305-
13, 13, -2652.0, [0.33640436953198083, 0.9328015501902869, 0.1617287440741622, 0.21046133949720855, 0.6082937283188913, 0.9174903266971153, 0.7701379836889184, 0.08383735251267771, 0.2743734990296878, 0.9834889088496971, 0.19697911533473397, 0.32416777959293297, 0.27629232423881644, 0.27750642132407394, 0.3823344403877312, 0.4177317991932662, 0.3155909402134481, 0.17442539759310155, 0.11032110461500849, 0.17928532394989818, 0.2947231011749586], BATTLES: 312-211-253-341-307-328-320-279-301-
13, 14, -2692.0, [0.6013619487034568, 0.6940735257050911, 0.06779776222329784, 0.42601562963531914, 0.7199260380126336, 0.8559338230905484, 0.9356952191779164, 0.06492984831120674, 0.4591839823359494, 0.8334626455496666, 0.43575819015320943, 0.2419311801774039, 0.28022586116608766, 0.18184073219627428, 0.07196373701424745, 0.8688129854593857, 0.19196472449245708, 0.9218755203857342, 0.20103765133783877, 0.10681797239860434, 0.12236860658659271], BATTLES: 312-201-235-402-313-296-376-290-267-
14, 0, -2685.0, [0.4521853765538155, 0.6230235254512434, 0.06760819231327816, 0.22620383015310547, 0.6755401234942223, 0.9323364218164855, 0.9214691727061551, 0.20497328478232746, 0.27464357693488556, 0.5467872729202843, 0.08959825657379067, 0.2654316336628325, 0.19154836739820505, 0.21100746291007852, 0.00502447178199994, 0.4927379463168622, 0.1483328791022212, 0.9831672750417024, 0.02991780085426929, 0.21361080420367545, 0.1631755064926418], BATTLES: 312-200-201-406-290-302-386-316-272-
14, 1, -2615.0, [0.1545543961071302, 0.6790266108975025, 0.06758943419872758, 0.542936193200023, 0.6495837134822009, 0.9867315837466721, 0.9707321220941413, 0.05589611818485812, 0.33083117282711594, 0.6256731167440865, 0.4816748518798593, 0.26382545813805763, 0.26575823324804626, 0.24009122034776162, 0.06706830593589637, 0.6355897331227026, 0.4140513365971101, 0.9596091129031388, 0.0027455208001945786, 0.07783229529679449, 0.24697384982377213], BATTLES: 286-193-287-387-324-325-299-208-306-
14, 2, -2521.0, [0.36643046318851386, 0.6417100313592853, 0.0013440305885030687, 0.3630715017070707, 0.6212157271161036, 0.9814098524130351, 0.9485390116649944, 0.009418941645783104, 0.03269700873162773, 0.7129425306720322, 0.8223809808275426, 0.16038376677281452, 0.20869519067750472, 0.2609200310789526, 0.4417908292964284, 0.4472658790263644, 0.08042443912356939, 0.8966260540038586, 0.30408998932133374, 0.3024318183971957, 0.15855499147385357], BATTLES: 242-181-213-420-295-317-330-251-272-
14, 3, -2672.0, [0.2508761905932576, 0.664812320475878, 0.01228938964122663, 0.3894686422647788, 0.7020007631413522, 0.9477611788743934, 0.9313587106168545, 0.018436159281819353, 0.45057738851017987, 0.8302629094220898, 0.09054102400028591, 0.15734142100297782, 0.18075641776149937, 0.32813260667404476, 0.1445033782133443, 0.6040887365266348, 0.21152522529762605, 0.962733290492332, 0.18582653479113898, 0.09360142649340819, 0.09933329706343093], BATTLES: 278-196-266-422-315-340-312-219-324-
14, 4, -2643.0, [0.5604735892770085, 0.7311176053681089, 0.01562918179595256, 0.3186387142816536, 0.7981741997001618, 0.9916641864741454, 0.9324142595930733, 0.21497471569591672, 0.26627155302851613, 0.6643092233998086, 0.33546958007982136, 0.22792290644682509, 0.4376820046891038, 0.1404012129938001, 0.2772831873612671, 0.3084476541768587, 0.28851244050994546, 0.977834218268624, 0.15985381897993967, 0.24543121933651255, 0.16118517436009627], BATTLES: 267-176-243-423-276-336-358-290-274-
14, 5, -2573.0, [0.34622019637584867, 0.6385996678819258, 0.020652058955473507, 0.4619976977613805, 0.6711388605347139, 0.7116520317487219, 0.41070405713063735, 0.057741695714669874, 0.01882442055059351, 0.6529742136761478, 0.37016609766911474, 0.36035371552543916, 0.5923130290133921, 0.33035695431272205, 0.39425957946899537, 0.44504997810254404, 0.36481390860108326, 0.7861033372994467, 0.2542538568757421, 0.21441903153045594, 0.11346100648227507], BATTLES: 269-188-223-385-271-304-374-303-256-
14, 6, -2483.0, [0.11816865792655712, 0.6551756056399233, 0.1271477612724786, 0.6208956665448443, 0.6417908672114637, 0.8231358964933778, 0.9952251528161283, 0.12068328320081659, 0.20160554205267897, 0.6838681655750513, 0.6393426211383411, 0.22715891027075846, 0.28204522882631733, 0.34240229693801033, 0.1988973069511796, 0.5617652489425669, 0.26902939632754236, 0.7710181941711487, 0.17815796640436574, 0.07021937052188737, 0.17815902520434965], BATTLES: 285-182-244-350-307-325-248-216-274-
14, 7, -2726.0, [0.24330094013522885, 0.7774516115608424, 0.08210610527793098, 0.4974454232200693, 0.5848520871216782, 0.7753531290933234, 0.932951078747079, 0.0918325411560715, 0.10347034803191082, 0.8158377478846824, 0.06104432161564065, 0.5333369722587771, 0.2643614146502124, 0.4249032979268486, 0.06964880903102155, 0.40750214527757744, 0.13160259995481477, 0.8681702856133693, 0.041444091274202025, 0.08799131223725808, 0.1512887672608611], BATTLES: 310-190-224-384-282-304-354-300-300-
14, 8, -2572.0, [0.2083109360672645, 0.9109326980051335, 0.05373096290521547, 0.436445516000071, 0.530718878132168, 0.7935526745177441, 0.9371991105949381, 0.04794881534738534, 0.08346797375135889, 0.42108678166034463, 0.8282895392765477, 0.792793394888642, 0.21714211717402035, 0.4434315510550144, 0.2566262822511489, 0.07155048017189525, 0.3558718842208471, 0.5751977226412031, 0.026363578696361578, 0.15263269991845133, 0.027474107957573657], BATTLES: 299-215-206-382-270-293-364-272-271-
14, 9, -2717.0, [0.22966852362269563, 0.6280730962882493, 0.05309082960621888, 0.6148782496308345, 0.6704325212134081, 0.9969361639610864, 0.9368816293247063, 0.024298376683219332, 0.1122878225822238, 0.677524253558255, 0.11820119338313118, 0.31191099194516014, 0.4384066019392622, 0.25782972699878615, 0.05773543978434645, 0.5326884360381169, 0.5618916379671189, 0.95126387618264, 0.03629549978508153, 0.0333118104441245, 0.122835421587626], BATTLES: 301-202-264-392-277-322-323-270-322-
14, 10, -2759.0, [0.3362664775530051, 0.6812253984597972, 0.10344401874434758, 0.10810629866304644, 0.6385796362578063, 0.9325736795306607, 0.9501501262630464, 0.15207447890182058, 0.4253723038118069, 0.4281123021440696, 0.49588062483097173, 0.3499254405878177, 0.20821264555469737, 0.12377327208445749, 0.35419018377035205, 0.10929767927082434, 0.24263636593307808, 0.9182097778159644, 0.26196941999307377, 0.20597478873146935, 0.04325272535662292], BATTLES: 298-200-215-391-313-338-333-273-296-
14, 11, -2672.0, [0.36826344500125724, 0.7724547074250515, 0.08159148813529471, 0.37936057220176445, 0.6263780528109723, 0.8043105093434539, 0.8367900579891544, 0.07965627804915532, 0.3986231160010683, 0.7906248736369437, 0.32636098767598865, 0.2908439248559407, 0.12065801484193647, 0.1954192021675747, 0.12507241559373833, 0.45750846852513666, 0.09167243432502735, 0.8126924823268347, 0.18451906591509898, 0.06328915061065593, 0.12173529502006074], BATTLES: 321-178-253-389-303-329-341-267-291-
14, 12, -2687.0, [0.157385623449913, 0.7652536514815486, 0.07699963727382142, 0.9072419134581227, 0.685625287722818, 0.971964881862155, 0.9886330633474547, 0.02643774419369871, 0.24073655293872886, 0.5327037414980262, 0.04424362690556277, 0.07564791195811232, 0.2118957493381489, 0.38639703446652596, 0.33489905143611826, 0.03690558468071972, 0.4183121469059492, 0.6525482516729999, 0.05510392576134303, 0.020347045820851645, 0.1756391475233715], BATTLES: 314-195-272-397-328-322-333-215-311-
14, 13, -2735.0, [0.3430432705727422, 0.874191961482139, 0.09766580637626615, 0.21046133949720855, 0.6400193607579124, 0.9761706809773271, 0.8801605955798439, 0.12089215932317408, 0.23261596315837457, 0.7693876849153511, 0.14309689326451847, 0.32416777959293297, 0.45209396320959483, 0.27750642132407394, 0.1707185837598248, 0.48467181165184714, 0.47818463669653444, 0.4837985203288066, 0.020022408780504444, 0.19255600533262412, 0.2947231011749586], BATTLES: 295-165-234-335-300-321-308-277-331-
14, 14, -2715.0, [0.6013619487034568, 0.6940735257050911, 0.06779776222329784, 0.42601562963531914, 0.7199260380126336, 0.8559338230905484, 0.9356952191779164, 0.06492984831120674, 0.4591839823359494, 0.8334626455496666, 0.43575819015320943, 0.2419311801774039, 0.28022586116608766, 0.18184073219627428, 0.07196373701424745, 0.8688129854593857, 0.19196472449245708, 0.9218755203857342, 0.20103765133783877, 0.10681797239860434, 0.12236860658659271], BATTLES: 290-211-245-420-291-340-348-284-286-
15, 0, -2751.0, [0.4521853765538155, 0.6230235254512434, 0.06760819231327816, 0.22620383015310547, 0.6755401234942223, 0.9323364218164855, 0.9214691727061551, 0.20497328478232746, 0.27464357693488556, 0.5467872729202843, 0.08959825657379067, 0.2654316336628325, 0.19154836739820505, 0.21100746291007852, 0.00502447178199994, 0.4927379463168622, 0.1483328791022212, 0.9831672750417024, 0.02991780085426929, 0.21361080420367545, 0.1631755064926418], BATTLES: 290-209-240-398-306-304-379-335-290-
15, 1, -2677.0, [0.1545543961071302, 0.8395133054487512, 0.03379471709936379, 0.48985069814452026, 0.6495837134822009, 0.9867315837466721, 0.9853660610470707, 0.05589611818485812, 0.33083117282711594, 0.5434774383409949, 0.4816748518798593, 0.330195597244769, 0.13287911662402313, 0.24009122034776162, 0.06706830593589637, 0.044154316614281375, 0.4140513365971101, 0.5449357174758412, 0.0013727604000972893, 0.07783229529679449, 0.12348692491188606], BATTLES: 291-183-300-406-325-329-304-202-309-
15, 2, -2531.0, [0.36643046318851386, 0.6417100313592853, 0.0013440305885030687, 0.3630715017070707, 0.6212157271161036, 0.9814098524130351, 0.9485390116649944, 0.009418941645783104, 0.03269700873162773, 0.7129425306720322, 0.8223809808275426, 0.16038376677281452, 0.20869519067750472, 0.2609200310789526, 0.4417908292964284, 0.4472658790263644, 0.08042443912356939, 0.8966260540038586, 0.30408998932133374, 0.3024318183971957, 0.15855499147385357], BATTLES: 278-166-216-410-264-320-322-257-298-
15, 3, -2639.0, [0.2508761905932576, 0.664812320475878, 0.01228938964122663, 0.3894686422647788, 0.7020007631413522, 0.9477611788743934, 0.9313587106168545, 0.018436159281819353, 0.45057738851017987, 0.8302629094220898, 0.09054102400028591, 0.15734142100297782, 0.18075641776149937, 0.32813260667404476, 0.1445033782133443, 0.6040887365266348, 0.21152522529762605, 0.962733290492332, 0.18582653479113898, 0.09360142649340819, 0.09933329706343093], BATTLES: 308-184-264-419-287-329-323-216-309-
15, 4, -2653.0, [0.5604735892770085, 0.7311176053681089, 0.01562918179595256, 0.3186387142816536, 0.7981741997001618, 0.9916641864741454, 0.9324142595930733, 0.21497471569591672, 0.26627155302851613, 0.6643092233998086, 0.33546958007982136, 0.22792290644682509, 0.4376820046891038, 0.1404012129938001, 0.2772831873612671, 0.3084476541768587, 0.28851244050994546, 0.977834218268624, 0.15985381897993967, 0.24543121933651255, 0.16118517436009627], BATTLES: 277-180-257-411-294-319-356-266-293-
15, 5, -2612.0, [0.34622019637584867, 0.6385996678819258, 0.020652058955473507, 0.4619976977613805, 0.6711388605347139, 0.7116520317487219, 0.41070405713063735, 0.057741695714669874, 0.01882442055059351, 0.6529742136761478, 0.37016609766911474, 0.36035371552543916, 0.5923130290133921, 0.33035695431272205, 0.39425957946899537, 0.44504997810254404, 0.36481390860108326, 0.7861033372994467, 0.2542538568757421, 0.21441903153045594, 0.11346100648227507], BATTLES: 294-178-219-402-267-306-363-298-285-
15, 6, -2484.0, [0.11816865792655712, 0.6551756056399233, 0.1271477612724786, 0.42994747881933437, 0.6417908672114637, 0.8231358964933778, 0.9952251528161283, 0.12068328320081659, 0.20160554205267897, 0.6838681655750513, 0.6393426211383411, 0.22715891027075846, 0.28204522882631733, 0.34240229693801033, 0.1988973069511796, 0.5617652489425669, 0.26902939632754236, 0.7710181941711487, 0.17815796640436574, 0.07021937052188737, 0.17815902520434965], BATTLES: 287-203-261-359-297-322-261-205-263-
15, 7, -2631.0, [0.24330094013522885, 0.6808782370960773, 0.04105305263896549, 0.25393158996329235, 0.5848520871216782, 0.7753531290933234, 0.9664755393735396, 0.05820898083317963, 0.12668179258333664, 0.8158377478846824, 0.42123929993465126, 0.10139569541052673, 0.15396508327032693, 0.3057507989141978, 0.34925278183957764, 0.40750214527757744, 0.13160259995481477, 0.8681702856133693, 0.020722045637101012, 0.03426634640227197, 0.07564438363043055], BATTLES: 303-178-247-377-293-311-336-291-264-
15, 8, -2510.0, [0.2083109360672645, 0.9109326980051335, 0.05373096290521547, 0.436445516000071, 0.530718878132168, 0.7935526745177441, 0.9371991105949381, 0.04794881534738534, 0.08346797375135889, 0.42108678166034463, 0.8282895392765477, 0.792793394888642, 0.21714211717402035, 0.4434315510550144, 0.2566262822511489, 0.07155048017189525, 0.3558718842208471, 0.5751977226412031, 0.026363578696361578, 0.15263269991845133, 0.027474107957573657], BATTLES: 315-191-222-377-266-252-357-275-255-
15, 9, -2666.0, [0.22966852362269563, 0.6280730962882493, 0.05309082960621888, 0.6148782496308345, 0.6704325212134081, 0.9969361639610864, 0.9368816293247063, 0.024298376683219332, 0.1122878225822238, 0.677524253558255, 0.11820119338313118, 0.31191099194516014, 0.4384066019392622, 0.25782972699878615, 0.05773543978434645, 0.5326884360381169, 0.5618916379671189, 0.95126387618264, 0.03629549978508153, 0.0333118104441245, 0.122835421587626], BATTLES: 309-195-264-407-281-331-333-250-296-
15, 10, -2735.0, [0.3362664775530051, 0.6812253984597972, 0.10344401874434758, 0.10810629866304644, 0.6385796362578063, 0.9325736795306607, 0.9501501262630464, 0.15207447890182058, 0.4253723038118069, 0.4281123021440696, 0.49588062483097173, 0.3499254405878177, 0.20821264555469737, 0.12377327208445749, 0.35419018377035205, 0.10929767927082434, 0.24263636593307808, 0.9182097778159644, 0.26196941999307377, 0.20597478873146935, 0.04325272535662292], BATTLES: 319-199-245-403-308-342-329-297-293-
15, 11, -2727.0, [0.36826344500125724, 0.7724547074250515, 0.08159148813529471, 0.37936057220176445, 0.6263780528109723, 0.8043105093434539, 0.8367900579891544, 0.07965627804915532, 0.3986231160010683, 0.7906248736369437, 0.32636098767598865, 0.2908439248559407, 0.12065801484193647, 0.1954192021675747, 0.12507241559373833, 0.45750846852513666, 0.09167243432502735, 0.8126924823268347, 0.18451906591509898, 0.06328915061065593, 0.12173529502006074], BATTLES: 320-207-245-389-311-320-343-293-299-
15, 12, -2750.0, [0.157385623449913, 0.7652536514815486, 0.07699963727382142, 0.9072419134581227, 0.685625287722818, 0.971964881862155, 0.9886330633474547, 0.02643774419369871, 0.24073655293872886, 0.5327037414980262, 0.04424362690556277, 0.07564791195811232, 0.2118957493381489, 0.38639703446652596, 0.33489905143611826, 0.03690558468071972, 0.4183121469059492, 0.6525482516729999, 0.05510392576134303, 0.020347045820851645, 0.1756391475233715], BATTLES: 338-204-283-416-327-337-306-241-298-
15, 13, -2645.0, [0.3430432705727422, 0.874191961482139, 0.09766580637626615, 0.21046133949720855, 0.6400193607579124, 0.9761706809773271, 0.8801605955798439, 0.12089215932317408, 0.23261596315837457, 0.7693876849153511, 0.14309689326451847, 0.32416777959293297, 0.45209396320959483, 0.27750642132407394, 0.1707185837598248, 0.48467181165184714, 0.47818463669653444, 0.4837985203288066, 0.020022408780504444, 0.19255600533262412, 0.2947231011749586], BATTLES: 312-163-233-379-296-306-357-295-304-
15, 14, -2682.0, [0.6013619487034568, 0.6940735257050911, 0.06779776222329784, 0.42601562963531914, 0.7199260380126336, 0.8559338230905484, 0.9356952191779164, 0.06492984831120674, 0.4591839823359494, 0.8334626455496666, 0.43575819015320943, 0.2419311801774039, 0.28022586116608766, 0.18184073219627428, 0.07196373701424745, 0.8688129854593857, 0.19196472449245708, 0.9218755203857342, 0.20103765133783877, 0.10681797239860434, 0.12236860658659271], BATTLES: 309-192-230-410-290-308-358-292-293-
16, 0, -2677.0, [0.5203713926986278, 0.6230235254512434, 0.09723905792257383, 0.20979548597368614, 0.6755401234942223, 0.9323364218164855, 0.9214691727061551, 0.23053227024256465, 0.27464357693488556, 0.6893733506173607, 0.08959825657379067, 0.04049417716313092, 0.06683773011797227, 0.17063010970669265, 0.00502447178199994, 0.4927379463168622, 0.0741664395511106, 0.9831672750417024, 0.017346278633016503, 0.21361080420367545, 0.22879046652117063], BATTLES: 295-207-199-397-272-313-365-341-283-
16, 1, -2676.0, [0.1545543961071302, 0.8395133054487512, 0.03379471709936379, 0.48985069814452026, 0.6495837134822009, 0.9867315837466721, 0.9853660610470707, 0.05589611818485812, 0.33083117282711594, 0.5434774383409949, 0.4816748518798593, 0.330195597244769, 0.13287911662402313, 0.24009122034776162, 0.06706830593589637, 0.044154316614281375, 0.4140513365971101, 0.5449357174758412, 0.0013727604000972893, 0.07783229529679449, 0.12348692491188606], BATTLES: 263-208-266-386-289-354-352-244-314-
16, 2, -2553.0, [0.36643046318851386, 0.6417100313592853, 0.0013440305885030687, 0.3630715017070707, 0.6212157271161036, 0.9814098524130351, 0.9485390116649944, 0.009418941645783104, 0.03269700873162773, 0.7129425306720322, 0.8223809808275426, 0.16038376677281452, 0.20869519067750472, 0.2609200310789526, 0.4417908292964284, 0.4472658790263644, 0.08042443912356939, 0.8966260540038586, 0.30408998932133374, 0.3024318183971957, 0.15855499147385357], BATTLES: 270-177-235-407-280-313-362-241-268-
16, 3, -2705.0, [0.22252225656295482, 0.6822133596783458, 0.01228938964122663, 0.40674995772040673, 0.6244507743992945, 0.9738805894371967, 0.9625389912549093, 0.018436159281819353, 0.45057738851017987, 0.7990177990770672, 0.09054102400028591, 0.23244448067042556, 0.12897280970122266, 0.32813260667404476, 0.04596070185687064, 0.6040887365266348, 0.21152522529762605, 0.8465020083130838, 0.05218608607665268, 0.08019083292628422, 0.05913378041415686], BATTLES: 289-164-276-406-313-337-325-206-325-
16, 4, -2625.0, [0.5604735892770085, 0.7311176053681089, 0.01562918179595256, 0.3186387142816536, 0.7981741997001618, 0.9916641864741454, 0.9324142595930733, 0.21497471569591672, 0.26627155302851613, 0.6643092233998086, 0.33546958007982136, 0.22792290644682509, 0.4376820046891038, 0.1404012129938001, 0.2772831873612671, 0.3084476541768587, 0.28851244050994546, 0.977834218268624, 0.15985381897993967, 0.24543121933651255, 0.16118517436009627], BATTLES: 281-180-243-406-299-330-359-264-263-
16, 5, -2551.0, [0.34622019637584867, 0.6385996678819258, 0.0583007814200785, 0.4619976977613805, 0.6711388605347139, 0.8558260158743609, 0.9688365027881429, 0.057741695714669874, 0.19679391971151783, 0.24235261373799827, 0.18508304883455737, 0.36035371552543916, 0.5923130290133921, 0.5100454503824374, 0.20956940221465906, 0.22252498905127202, 0.36481390860108326, 0.5724573392619516, 0.2542538568757421, 0.21441903153045594, 0.11346100648227507], BATTLES: 298-166-200-389-272-283-353-289-274-
16, 6, -2516.0, [0.11816865792655712, 0.6551756056399233, 0.1271477612724786, 0.42994747881933437, 0.6417908672114637, 0.8231358964933778, 0.9952251528161283, 0.12068328320081659, 0.20160554205267897, 0.6838681655750513, 0.6393426211383411, 0.22715891027075846, 0.28204522882631733, 0.34240229693801033, 0.1988973069511796, 0.5617652489425669, 0.26902939632754236, 0.7710181941711487, 0.17815796640436574, 0.07021937052188737, 0.17815902520434965], BATTLES: 284-188-248-379-289-326-278-221-303-
16, 7, -2748.0, [0.24330094013522885, 0.6808782370960773, 0.0770684798189344, 0.25393158996329235, 0.5848520871216782, 0.7753531290933234, 0.9664755393735396, 0.05820898083317963, 0.3741947130633002, 0.8839573310499743, 0.42123929993465126, 0.10139569541052673, 0.08093908799576972, 0.3057507989141978, 0.17462639091978882, 0.40750214527757744, 0.013228305570979926, 0.8681702856133693, 0.020722045637101012, 0.03426634640227197, 0.07564438363043055], BATTLES: 319-188-238-383-272-342-353-275-283-
16, 8, -2586.0, [0.2083109360672645, 0.9109326980051335, 0.05373096290521547, 0.436445516000071, 0.530718878132168, 0.7935526745177441, 0.9371991105949381, 0.04794881534738534, 0.08346797375135889, 0.42108678166034463, 0.8282895392765477, 0.792793394888642, 0.21714211717402035, 0.4434315510550144, 0.2566262822511489, 0.07155048017189525, 0.3558718842208471, 0.5751977226412031, 0.026363578696361578, 0.15263269991845133, 0.027474107957573657], BATTLES: 325-210-210-403-259-277-343-285-274-
16, 9, -2688.0, [0.22966852362269563, 0.6280730962882493, 0.05309082960621888, 0.6148782496308345, 0.6704325212134081, 0.9969361639610864, 0.9368816293247063, 0.024298376683219332, 0.1122878225822238, 0.677524253558255, 0.11820119338313118, 0.31191099194516014, 0.4384066019392622, 0.25782972699878615, 0.05773543978434645, 0.5326884360381169, 0.5618916379671189, 0.95126387618264, 0.03629549978508153, 0.0333118104441245, 0.122835421587626], BATTLES: 302-193-256-389-289-334-351-240-334-
16, 10, -2685.0, [0.3362664775530051, 0.6812253984597972, 0.10344401874434758, 0.10810629866304644, 0.6385796362578063, 0.9325736795306607, 0.9501501262630464, 0.15207447890182058, 0.4253723038118069, 0.4281123021440696, 0.49588062483097173, 0.3499254405878177, 0.20821264555469737, 0.12377327208445749, 0.35419018377035205, 0.10929767927082434, 0.24263636593307808, 0.9182097778159644, 0.26196941999307377, 0.20597478873146935, 0.04325272535662292], BATTLES: 301-197-234-396-295-340-327-284-311-
16, 11, -2709.0, [0.36826344500125724, 0.7724547074250515, 0.08159148813529471, 0.37936057220176445, 0.6263780528109723, 0.8043105093434539, 0.8367900579891544, 0.07965627804915532, 0.3986231160010683, 0.7906248736369437, 0.32636098767598865, 0.2908439248559407, 0.12065801484193647, 0.1954192021675747, 0.12507241559373833, 0.45750846852513666, 0.09167243432502735, 0.8126924823268347, 0.18451906591509898, 0.06328915061065593, 0.12173529502006074], BATTLES: 293-186-227-401-313-331-352-287-319-
16, 12, -2605.0, [0.157385623449913, 0.7652536514815486, 0.07699963727382142, 0.9072419134581227, 0.685625287722818, 0.971964881862155, 0.9886330633474547, 0.02643774419369871, 0.24073655293872886, 0.5327037414980262, 0.04424362690556277, 0.07564791195811232, 0.2118957493381489, 0.38639703446652596, 0.33489905143611826, 0.03690558468071972, 0.4183121469059492, 0.6525482516729999, 0.05510392576134303, 0.020347045820851645, 0.1756391475233715], BATTLES: 294-191-259-386-299-305-326-217-328-
16, 13, -2737.0, [0.3430432705727422, 0.874191961482139, 0.09766580637626615, 0.21046133949720855, 0.6400193607579124, 0.9761706809773271, 0.8801605955798439, 0.12089215932317408, 0.23261596315837457, 0.7693876849153511, 0.14309689326451847, 0.32416777959293297, 0.45209396320959483, 0.27750642132407394, 0.1707185837598248, 0.48467181165184714, 0.47818463669653444, 0.4837985203288066, 0.020022408780504444, 0.19255600533262412, 0.2947231011749586], BATTLES: 310-206-249-373-296-329-374-301-299-
16, 14, -2679.0, [0.6013619487034568, 0.6940735257050911, 0.06779776222329784, 0.42601562963531914, 0.7199260380126336, 0.8559338230905484, 0.9356952191779164, 0.06492984831120674, 0.4591839823359494, 0.8334626455496666, 0.43575819015320943, 0.2419311801774039, 0.28022586116608766, 0.18184073219627428, 0.07196373701424745, 0.8688129854593857, 0.19196472449245708, 0.9218755203857342, 0.20103765133783877, 0.10681797239860434, 0.12236860658659271], BATTLES: 315-186-219-400-297-346-340-291-285-
17, 0, -2654.0, [0.5203713926986278, 0.6230235254512434, 0.09723905792257383, 0.20979548597368614, 0.6755401234942223, 0.9323364218164855, 0.9214691727061551, 0.23053227024256465, 0.27464357693488556, 0.6893733506173607, 0.08959825657379067, 0.04049417716313092, 0.06683773011797227, 0.17063010970669265, 0.00502447178199994, 0.4927379463168622, 0.0741664395511106, 0.9831672750417024, 0.017346278633016503, 0.21361080420367545, 0.22879046652117063], BATTLES: 300-176-203-396-293-310-370-342-264-
17, 1, -2633.0, [0.1545543961071302, 0.8395133054487512, 0.03379471709936379, 0.2547394025626534, 0.6495837134822009, 0.9867315837466721, 0.9853660610470707, 0.05589611818485812, 0.5414977112442285, 0.5143795309484119, 0.4904239983973054, 0.34234694520511166, 0.13430029589535064, 0.1684525439120195, 0.06706830593589637, 0.08427524677997067, 0.4140513365971101, 0.5449357174758412, 0.0013727604000972893, 0.07783229529679449, 0.12348692491188606], BATTLES: 286-193-281-402-277-328-316-224-321-
17, 2, -2593.0, [0.36643046318851386, 0.7673553495877724, 0.058282434540445335, 0.21028038779711844, 0.6212157271161036, 0.8923418758239369, 0.9025646598769366, 0.08355383550888695, 0.07579782819667864, 0.7129425306720322, 0.1839480055958069, 0.16038376677281452, 0.5815675567785346, 0.2609200310789526, 0.4417908292964284, 0.4472658790263644, 0.08042443912356939, 0.8966260540038586, 0.30408998932133374, 0.3199065140159163, 0.15855499147385357], BATTLES: 260-160-219-394-279-316-332-255-282-
17, 3, -2571.0, [0.22252225656295482, 0.6822133596783458, 0.01228938964122663, 0.40674995772040673, 0.6244507743992945, 0.9738805894371967, 0.9625389912549093, 0.018436159281819353, 0.45057738851017987, 0.7990177990770672, 0.09054102400028591, 0.23244448067042556, 0.12897280970122266, 0.32813260667404476, 0.04596070185687064, 0.6040887365266348, 0.21152522529762605, 0.8465020083130838, 0.05218608607665268, 0.08019083292628422, 0.05913378041415686], BATTLES: 284-168-258-391-285-327-335-214-309-
17, 4, -2613.0, [0.5604735892770085, 0.7311176053681089, 0.01562918179595256, 0.3186387142816536, 0.7981741997001618, 0.9916641864741454, 0.9324142595930733, 0.21497471569591672, 0.26627155302851613, 0.6643092233998086, 0.33546958007982136, 0.22792290644682509, 0.4376820046891038, 0.1404012129938001, 0.2772831873612671, 0.3084476541768587, 0.28851244050994546, 0.977834218268624, 0.15985381897993967, 0.24543121933651255, 0.16118517436009627], BATTLES: 267-199-210-411-280-301-372-293-280-
17, 5, -2711.0, [0.34622019637584867, 0.6385996678819258, 0.07800459418439402, 0.24394220461408772, 0.6711388605347139, 0.8558260158743609, 0.9688365027881429, 0.08414975524517859, 0.22873757010984735, 0.5591522575589628, 0.14376589152012936, 0.28023167630411333, 0.461191851430946, 0.44272588819398395, 0.23728607486828412, 0.23626456432822657, 0.24885497461422842, 0.499805525877151, 0.1670161130317048, 0.18802482934035708, 0.11746785214233195], BATTLES: 285-190-174-399-270-284-363-267-259-
17, 6, -2486.0, [0.11816865792655712, 0.6551756056399233, 0.1271477612724786, 0.42994747881933437, 0.6417908672114637, 0.8231358964933778, 0.9952251528161283, 0.12068328320081659, 0.20160554205267897, 0.6838681655750513, 0.6393426211383411, 0.22715891027075846, 0.28204522882631733, 0.34240229693801033, 0.1988973069511796, 0.5617652489425669, 0.26902939632754236, 0.7710181941711487, 0.17815796640436574, 0.07021937052188737, 0.17815902520434965], BATTLES: 291-188-263-353-304-350-268-208-261-
17, 7, -2721.0, [0.24330094013522885, 0.6808782370960773, 0.0770684798189344, 0.25393158996329235, 0.5848520871216782, 0.7753531290933234, 0.9664755393735396, 0.05820898083317963, 0.3741947130633002, 0.8839573310499743, 0.42123929993465126, 0.10139569541052673, 0.08093908799576972, 0.3057507989141978, 0.17462639091978882, 0.40750214527757744, 0.013228305570979926, 0.8681702856133693, 0.020722045637101012, 0.03426634640227197, 0.07564438363043055], BATTLES: 305-216-272-384-304-349-322-263-306-
17, 8, -2571.0, [0.2083109360672645, 0.9109326980051335, 0.05373096290521547, 0.436445516000071, 0.530718878132168, 0.7935526745177441, 0.9371991105949381, 0.04794881534738534, 0.08346797375135889, 0.42108678166034463, 0.8282895392765477, 0.792793394888642, 0.21714211717402035, 0.4434315510550144, 0.2566262822511489, 0.07155048017189525, 0.3558718842208471, 0.5751977226412031, 0.026363578696361578, 0.15263269991845133, 0.027474107957573657], BATTLES: 326-191-171-393-273-307-354-293-263-
17, 9, -2674.0, [0.27641886407141286, 0.772974618897453, 0.07760124379692399, 0.4020042458489902, 0.6110668928740774, 0.9998801247215457, 0.9228375516212032, 0.024298376683219332, 0.1122878225822238, 0.677524253558255, 0.13189057607890242, 0.3599474957526425, 0.4384066019392622, 0.25782972699878615, 0.05773543978434645, 0.5326884360381169, 0.5618916379671189, 0.6303069762224263, 0.018147749892540765, 0.11350124026141539, 0.1952467081773207], BATTLES: 303-186-242-387-272-308-331-246-289-
17, 10, -2734.0, [0.3362664775530051, 0.6812253984597972, 0.10344401874434758, 0.10810629866304644, 0.6385796362578063, 0.9325736795306607, 0.9501501262630464, 0.15207447890182058, 0.4253723038118069, 0.4281123021440696, 0.49588062483097173, 0.3499254405878177, 0.20821264555469737, 0.12377327208445749, 0.35419018377035205, 0.10929767927082434, 0.24263636593307808, 0.9182097778159644, 0.26196941999307377, 0.20597478873146935, 0.04325272535662292], BATTLES: 300-219-243-395-325-346-329-289-288-
17, 11, -2717.0, [0.36826344500125724, 0.7724547074250515, 0.07361825472515249, 0.4895956780556304, 0.6001331589353788, 0.8043105093434539, 0.8975504142660764, 0.03982813902457766, 0.3986231160010683, 0.7906248736369437, 0.02951994876857028, 0.2908439248559407, 0.2073984489771329, 0.2612280255462727, 0.033439535233328904, 0.582749882224884, 0.1698880581547883, 0.9729465122804735, 0.1185990798589724, 0.031644575305327965, 0.12173529502006074], BATTLES: 296-204-232-400-313-304-337-284-290-
17, 12, -2656.0, [0.157385623449913, 0.7652536514815486, 0.07699963727382142, 0.9072419134581227, 0.685625287722818, 0.971964881862155, 0.9886330633474547, 0.02643774419369871, 0.24073655293872886, 0.5327037414980262, 0.04424362690556277, 0.07564791195811232, 0.2118957493381489, 0.38639703446652596, 0.33489905143611826, 0.03690558468071972, 0.4183121469059492, 0.6525482516729999, 0.05510392576134303, 0.020347045820851645, 0.1756391475233715], BATTLES: 316-188-249-393-279-351-327-240-313-
17, 13, -2728.0, [0.3430432705727422, 0.874191961482139, 0.09766580637626615, 0.21046133949720855, 0.6400193607579124, 0.9761706809773271, 0.8801605955798439, 0.12089215932317408, 0.23261596315837457, 0.7693876849153511, 0.14309689326451847, 0.32416777959293297, 0.45209396320959483, 0.27750642132407394, 0.1707185837598248, 0.48467181165184714, 0.47818463669653444, 0.4837985203288066, 0.020022408780504444, 0.19255600533262412, 0.2947231011749586], BATTLES: 303-214-236-384-315-330-365-290-291-
17, 14, -2653.0, [0.6013619487034568, 0.6940735257050911, 0.06779776222329784, 0.42601562963531914, 0.7199260380126336, 0.8559338230905484, 0.9356952191779164, 0.06492984831120674, 0.4591839823359494, 0.8334626455496666, 0.43575819015320943, 0.2419311801774039, 0.28022586116608766, 0.18184073219627428, 0.07196373701424745, 0.8688129854593857, 0.19196472449245708, 0.9218755203857342, 0.20103765133783877, 0.10681797239860434, 0.12236860658659271], BATTLES: 305-211-212-392-281-323-354-278-297-
18, 0, -2566.0, [0.5203713926986278, 0.6230235254512434, 0.09723905792257383, 0.20979548597368614, 0.6755401234942223, 0.9323364218164855, 0.9214691727061551, 0.23053227024256465, 0.27464357693488556, 0.6893733506173607, 0.08959825657379067, 0.04049417716313092, 0.06683773011797227, 0.17063010970669265, 0.00502447178199994, 0.4927379463168622, 0.0741664395511106, 0.9831672750417024, 0.017346278633016503, 0.21361080420367545, 0.22879046652117063], BATTLES: 276-201-197-379-299-286-353-307-268-
18, 1, -2667.0, [0.1545543961071302, 0.8395133054487512, 0.03379471709936379, 0.2547394025626534, 0.6495837134822009, 0.9867315837466721, 0.9853660610470707, 0.05589611818485812, 0.5414977112442285, 0.5143795309484119, 0.4904239983973054, 0.34234694520511166, 0.13430029589535064, 0.1684525439120195, 0.06706830593589637, 0.08427524677997067, 0.4140513365971101, 0.5449357174758412, 0.0013727604000972893, 0.07783229529679449, 0.12348692491188606], BATTLES: 290-168-271-384-339-357-300-227-331-
18, 2, -2630.0, [0.36643046318851386, 0.7673553495877724, 0.058282434540445335, 0.21028038779711844, 0.6212157271161036, 0.8923418758239369, 0.9025646598769366, 0.08355383550888695, 0.07579782819667864, 0.7129425306720322, 0.1839480055958069, 0.16038376677281452, 0.5815675567785346, 0.2609200310789526, 0.4417908292964284, 0.4472658790263644, 0.08042443912356939, 0.8966260540038586, 0.30408998932133374, 0.3199065140159163, 0.15855499147385357], BATTLES: 305-215-236-372-273-321-354-264-290-
18, 3, -2623.0, [0.22252225656295482, 0.6822133596783458, 0.01228938964122663, 0.40674995772040673, 0.6244507743992945, 0.8590919618445484, 0.9625389912549093, 0.018436159281819353, 0.3948495879097821, 0.6369787365818312, 0.09054102400028591, 0.23244448067042556, 0.12897280970122266, 0.28744757521064485, 0.2730399614025896, 0.6040887365266348, 0.03361473682814689, 0.8465020083130838, 0.05218608607665268, 0.053091350079176244, 0.05913378041415686], BATTLES: 296-181-262-382-300-326-313-218-316-
18, 4, -2573.0, [0.5604735892770085, 0.7311176053681089, 0.01562918179595256, 0.3186387142816536, 0.7981741997001618, 0.9916641864741454, 0.9324142595930733, 0.21497471569591672, 0.26627155302851613, 0.6643092233998086, 0.33546958007982136, 0.22792290644682509, 0.4376820046891038, 0.1404012129938001, 0.2772831873612671, 0.3084476541768587, 0.28851244050994546, 0.977834218268624, 0.15985381897993967, 0.24543121933651255, 0.16118517436009627], BATTLES: 288-184-236-413-266-311-339-261-275-
18, 5, -2694.0, [0.34622019637584867, 0.6385996678819258, 0.07800459418439402, 0.24394220461408772, 0.6711388605347139, 0.8558260158743609, 0.9688365027881429, 0.08414975524517859, 0.22873757010984735, 0.5591522575589628, 0.14376589152012936, 0.28023167630411333, 0.461191851430946, 0.44272588819398395, 0.23728607486828412, 0.23626456432822657, 0.24885497461422842, 0.499805525877151, 0.1670161130317048, 0.18802482934035708, 0.11746785214233195], BATTLES: 312-193-245-392-298-340-354-276-284-
18, 6, -2540.0, [0.2318921215131867, 0.6551756056399233, 0.15325580747031614, 0.42994747881933437, 0.6417908672114637, 0.8231358964933778, 0.9976125764080641, 0.12068328320081659, 0.20160554205267897, 0.6838681655750513, 0.035453274216530106, 0.15269618560459766, 0.2641315718024537, 0.34240229693801033, 0.1988973069511796, 0.4315565996862367, 0.26902939632754236, 0.681522423333548, 0.15439207326871057, 0.014326760864962956, 0.09449494338813294], BATTLES: 299-199-239-334-294-329-282-197-252-
18, 7, -2640.0, [0.24330094013522885, 0.6808782370960773, 0.0770684798189344, 0.25393158996329235, 0.5848520871216782, 0.7753531290933234, 0.9664755393735396, 0.05820898083317963, 0.3741947130633002, 0.8839573310499743, 0.42123929993465126, 0.10139569541052673, 0.08093908799576972, 0.3057507989141978, 0.17462639091978882, 0.40750214527757744, 0.013228305570979926, 0.8681702856133693, 0.020722045637101012, 0.03426634640227197, 0.07564438363043055], BATTLES: 304-191-251-358-318-328-334-264-292-
18, 8, -2504.0, [0.2083109360672645, 0.9109326980051335, 0.05373096290521547, 0.436445516000071, 0.530718878132168, 0.7935526745177441, 0.9371991105949381, 0.04794881534738534, 0.08346797375135889, 0.42108678166034463, 0.8282895392765477, 0.792793394888642, 0.21714211717402035, 0.4434315510550144, 0.2566262822511489, 0.07155048017189525, 0.3558718842208471, 0.5751977226412031, 0.026363578696361578, 0.15263269991845133, 0.027474107957573657], BATTLES: 303-187-215-383-257-268-358-262-271-
18, 9, -2645.0, [0.27641886407141286, 0.772974618897453, 0.07760124379692399, 0.4020042458489902, 0.6110668928740774, 0.9998801247215457, 0.9228375516212032, 0.024298376683219332, 0.1122878225822238, 0.677524253558255, 0.13189057607890242, 0.3599474957526425, 0.4384066019392622, 0.25782972699878615, 0.05773543978434645, 0.5326884360381169, 0.5618916379671189, 0.6303069762224263, 0.018147749892540765, 0.11350124026141539, 0.1952467081773207], BATTLES: 312-209-240-393-258-316-351-269-297-
18, 10, -2693.0, [0.3362664775530051, 0.6812253984597972, 0.10344401874434758, 0.10810629866304644, 0.6385796362578063, 0.9325736795306607, 0.9501501262630464, 0.15207447890182058, 0.4253723038118069, 0.4281123021440696, 0.49588062483097173, 0.3499254405878177, 0.20821264555469737, 0.12377327208445749, 0.35419018377035205, 0.10929767927082434, 0.24263636593307808, 0.9182097778159644, 0.26196941999307377, 0.20597478873146935, 0.04325272535662292], BATTLES: 307-218-250-401-304-334-315-267-297-
18, 11, -2668.0, [0.2458403113841973, 0.7724547074250515, 0.07361825472515249, 0.29118865084597423, 0.6001331589353788, 0.7659356950752696, 0.9241191523314294, 0.03982813902457766, 0.3986231160010683, 0.7906248736369437, 0.02951994876857028, 0.2908439248559407, 0.21336203309491003, 0.2612280255462727, 0.033439535233328904, 0.035939049136018586, 0.1698880581547883, 0.7307197332726478, 0.032082172384887114, 0.04744106640578895, 0.12173529502006074], BATTLES: 279-204-225-401-295-321-357-282-297-
18, 12, -2758.0, [0.34182859665834725, 0.729867841558004, 0.07699963727382142, 0.19977612186686505, 0.685625287722818, 0.9190769495881354, 0.9886330633474547, 0.02643774419369871, 0.45746280199400907, 0.5906416475835476, 0.18592712848517676, 0.07564791195811232, 0.08765132485058194, 0.38639703446652596, 0.3318778460955154, 0.03690558468071972, 0.15653767867757917, 0.8726651293834911, 0.08509255587389668, 0.020347045820851645, 0.1756391475233715], BATTLES: 307-220-246-415-289-307-299-223-321-
18, 13, -2696.0, [0.3430432705727422, 0.874191961482139, 0.09766580637626615, 0.21046133949720855, 0.6400193607579124, 0.9761706809773271, 0.8801605955798439, 0.12089215932317408, 0.23261596315837457, 0.7693876849153511, 0.14309689326451847, 0.32416777959293297, 0.45209396320959483, 0.27750642132407394, 0.1707185837598248, 0.48467181165184714, 0.47818463669653444, 0.4837985203288066, 0.020022408780504444, 0.19255600533262412, 0.2947231011749586], BATTLES: 300-203-247-379-303-319-347-296-302-
18, 14, -2702.0, [0.4305597171901036, 0.7187422905332699, 0.06779776222329784, 0.42601562963531914, 0.658488049435942, 0.8559338230905484, 0.9589859460093026, 0.0722001981258203, 0.4591839823359494, 0.8334626455496666, 0.44663354638838915, 0.2419311801774039, 0.14406184225335883, 0.11035189221685056, 0.07196373701424745, 0.8688129854593857, 0.30361907929321363, 0.9218755203857342, 0.20103765133783877, 0.19138703475278607, 0.061184303293296355], BATTLES: 301-213-200-392-302-318-343-278-267-
19, 0, -2691.0, [0.5203713926986278, 0.6230235254512434, 0.09723905792257383, 0.20979548597368614, 0.7127961398794591, 0.9323364218164855, 0.9214691727061551, 0.14979316448493407, 0.4395079343604853, 0.6064815165336251, 0.08959825657379067, 0.04049417716313092, 0.06683773011797227, 0.17063010970669265, 0.00502447178199994, 0.2765396855196523, 0.0741664395511106, 0.9831672750417024, 0.05562669871335606, 0.21361080420367545, 0.32352706305756657], BATTLES: 275-208-190-365-287-300-367-311-268-
19, 1, -2624.0, [0.1545543961071302, 0.8395133054487512, 0.03379471709936379, 0.2547394025626534, 0.6495837134822009, 0.9867315837466721, 0.9853660610470707, 0.05589611818485812, 0.5414977112442285, 0.5143795309484119, 0.4904239983973054, 0.34234694520511166, 0.13430029589535064, 0.1684525439120195, 0.06706830593589637, 0.08427524677997067, 0.4140513365971101, 0.5449357174758412, 0.0013727604000972893, 0.07783229529679449, 0.12348692491188606], BATTLES: 276-173-270-392-293-321-334-235-330-
19, 2, -2608.0, [0.36643046318851386, 0.7673553495877724, 0.058282434540445335, 0.21028038779711844, 0.6212157271161036, 0.8923418758239369, 0.9025646598769366, 0.08355383550888695, 0.07579782819667864, 0.7129425306720322, 0.1839480055958069, 0.16038376677281452, 0.5815675567785346, 0.2609200310789526, 0.4417908292964284, 0.4472658790263644, 0.08042443912356939, 0.8966260540038586, 0.30408998932133374, 0.3199065140159163, 0.15855499147385357], BATTLES: 313-192-230-387-284-306-342-264-290-
19, 3, -2571.0, [0.22252225656295482, 0.7245914245755407, 0.01228938964122663, 0.5157525817292696, 0.685786980811322, 0.9031958259632478, 0.9562485371200586, 0.018436159281819353, 0.6209080889624355, 0.7589461101034778, 0.09054102400028591, 0.31790482241732987, 0.13192690291729442, 0.28744757521064485, 0.2730399614025896, 0.6040887365266348, 0.03361473682814689, 0.8465020083130838, 0.05218608607665268, 0.22137568961516788, 0.05913378041415686], BATTLES: 283-170-250-400-288-321-323-221-304-
19, 4, -2567.0, [0.5604735892770085, 0.7311176053681089, 0.01562918179595256, 0.3186387142816536, 0.7981741997001618, 0.9916641864741454, 0.9324142595930733, 0.21497471569591672, 0.26627155302851613, 0.6643092233998086, 0.33546958007982136, 0.22792290644682509, 0.4376820046891038, 0.1404012129938001, 0.2772831873612671, 0.3084476541768587, 0.28851244050994546, 0.977834218268624, 0.15985381897993967, 0.24543121933651255, 0.16118517436009627], BATTLES: 262-202-224-422-273-307-338-271-268-
19, 5, -2682.0, [0.34622019637584867, 0.6385996678819258, 0.07800459418439402, 0.24394220461408772, 0.6711388605347139, 0.8558260158743609, 0.9688365027881429, 0.08414975524517859, 0.22873757010984735, 0.5591522575589628, 0.14376589152012936, 0.28023167630411333, 0.461191851430946, 0.44272588819398395, 0.23728607486828412, 0.23626456432822657, 0.24885497461422842, 0.499805525877151, 0.1670161130317048, 0.18802482934035708, 0.11746785214233195], BATTLES: 282-197-258-396-292-326-372-288-271-
19, 6, -2603.0, [0.2318921215131867, 0.7196830358570274, 0.07467933819851667, 0.42994747881933437, 0.6514982790927656, 0.9255195244572698, 0.9976125764080641, 0.12068328320081659, 0.5480858191558623, 0.6074514372030935, 0.2281613390596577, 0.15269618560459766, 0.12455746408931258, 0.34240229693801033, 0.1988973069511796, 0.42060733668353223, 0.26902939632754236, 0.681522423333548, 0.15439207326871057, 0.23949669549866504, 0.04724747169406647], BATTLES: 278-198-265-329-289-299-294-269-283-
19, 7, -2646.0, [0.24330094013522885, 0.6808782370960773, 0.0770684798189344, 0.25393158996329235, 0.5848520871216782, 0.7753531290933234, 0.9664755393735396, 0.05820898083317963, 0.3741947130633002, 0.8839573310499743, 0.42123929993465126, 0.10139569541052673, 0.08093908799576972, 0.3057507989141978, 0.17462639091978882, 0.40750214527757744, 0.013228305570979926, 0.8681702856133693, 0.020722045637101012, 0.03426634640227197, 0.07564438363043055], BATTLES: 309-193-247-387-307-296-331-271-305-
19, 8, -2566.0, [0.2083109360672645, 0.9109326980051335, 0.06251659043426025, 0.436445516000071, 0.569262808341679, 0.7935526745177441, 0.9168959733709555, 0.0714140166878095, 0.08346797375135889, 0.7385272192673235, 0.5189410593797013, 0.792793394888642, 0.3002910146247825, 0.3301252603285201, 0.10156694322236141, 0.5679400401552761, 0.3558718842208471, 0.5410261624619942, 0.013181789348180789, 0.15263269991845133, 0.08972042536553601], BATTLES: 300-189-206-393-249-270-355-280-275-
19, 9, -2629.0, [0.27641886407141286, 0.772974618897453, 0.07760124379692399, 0.2544952207011605, 0.620637165794695, 0.9998801247215457, 0.9878187418976143, 0.031162002781356852, 0.1122878225822238, 0.6141504346389592, 0.13189057607890242, 0.15257399285068388, 0.4384066019392622, 0.2994638426219811, 0.05773543978434645, 0.1710550309079522, 0.5618916379671189, 0.8070876049769955, 0.018147749892540765, 0.10723908225939832, 0.13631559189110293], BATTLES: 298-181-242-387-248-315-345-291-289-
19, 10, -2698.0, [0.3362664775530051, 0.6812253984597972, 0.10344401874434758, 0.10810629866304644, 0.6385796362578063, 0.9325736795306607, 0.9501501262630464, 0.15207447890182058, 0.4253723038118069, 0.4281123021440696, 0.49588062483097173, 0.3499254405878177, 0.20821264555469737, 0.12377327208445749, 0.35419018377035205, 0.10929767927082434, 0.24263636593307808, 0.9182097778159644, 0.26196941999307377, 0.20597478873146935, 0.04325272535662292], BATTLES: 287-212-247-399-305-327-335-282-304-
19, 11, -2625.0, [0.3325530866246365, 0.7724547074250515, 0.07361825472515249, 0.29118865084597423, 0.6483558569022322, 0.8728358245641633, 0.9241191523314294, 0.0445589475223353, 0.40177148036627874, 0.7906248736369437, 0.01475997438428514, 0.2290268401172054, 0.21336203309491003, 0.2612280255462727, 0.033439535233328904, 0.05205747745404493, 0.1698880581547883, 0.7307197332726478, 0.032082172384887114, 0.04744106640578895, 0.1758776837206642], BATTLES: 300-191-247-380-290-315-348-241-304-
19, 12, -2726.0, [0.34182859665834725, 0.729867841558004, 0.07699963727382142, 0.19977612186686505, 0.685625287722818, 0.9190769495881354, 0.9886330633474547, 0.02643774419369871, 0.45746280199400907, 0.5906416475835476, 0.18592712848517676, 0.07564791195811232, 0.08765132485058194, 0.38639703446652596, 0.3318778460955154, 0.03690558468071972, 0.15653767867757917, 0.8726651293834911, 0.08509255587389668, 0.020347045820851645, 0.1756391475233715], BATTLES: 274-197-267-389-317-316-373-301-292-
19, 13, -2742.0, [0.3430432705727422, 0.874191961482139, 0.09766580637626615, 0.21046133949720855, 0.6400193607579124, 0.814183841076848, 0.8801605955798439, 0.09292365074176892, 0.23261596315837457, 0.7693876849153511, 0.14309689326451847, 0.32416777959293297, 0.08757399401383625, 0.1850170253600022, 0.0853592918799124, 0.48467181165184714, 0.47818463669653444, 0.6694534333455336, 0.020022408780504444, 0.19255600533262412, 0.13982775943293102], BATTLES: 289-203-231-396-293-329-358-292-316-
19, 14, -2625.0, [0.4305597171901036, 0.7187422905332699, 0.06779776222329784, 0.42601562963531914, 0.658488049435942, 0.8559338230905484, 0.9589859460093026, 0.0722001981258203, 0.4591839823359494, 0.8334626455496666, 0.44663354638838915, 0.2419311801774039, 0.14406184225335883, 0.11035189221685056, 0.07196373701424745, 0.8688129854593857, 0.30361907929321363, 0.9218755203857342, 0.20103765133783877, 0.19138703475278607, 0.061184303293296355], BATTLES: 309-200-231-381-310-310-337-262-285-
20, 0, -2660.0, [0.5203713926986278, 0.6230235254512434, 0.09723905792257383, 0.20979548597368614, 0.7127961398794591, 0.9323364218164855, 0.9214691727061551, 0.14979316448493407, 0.4395079343604853, 0.6064815165336251, 0.08959825657379067, 0.04049417716313092, 0.06683773011797227, 0.17063010970669265, 0.00502447178199994, 0.2765396855196523, 0.0741664395511106, 0.9831672750417024, 0.05562669871335606, 0.21361080420367545, 0.32352706305756657], BATTLES: 304-188-212-400-302-307-365-280-302-
20, 1, -2590.0, [0.1545543961071302, 0.8395133054487512, 0.03379471709936379, 0.2547394025626534, 0.6495837134822009, 0.9867315837466721, 0.9853660610470707, 0.05589611818485812, 0.5414977112442285, 0.5143795309484119, 0.4904239983973054, 0.34234694520511166, 0.13430029589535064, 0.1684525439120195, 0.06706830593589637, 0.08427524677997067, 0.4140513365971101, 0.5449357174758412, 0.0013727604000972893, 0.07783229529679449, 0.12348692491188606], BATTLES: 272-179-271-399-297-335-311-226-300-
20, 2, -2567.0, [0.36643046318851386, 0.7673553495877724, 0.058282434540445335, 0.21028038779711844, 0.6212157271161036, 0.8923418758239369, 0.9025646598769366, 0.08355383550888695, 0.07579782819667864, 0.7129425306720322, 0.1839480055958069, 0.16038376677281452, 0.5815675567785346, 0.2609200310789526, 0.4417908292964284, 0.4472658790263644, 0.08042443912356939, 0.8966260540038586, 0.30408998932133374, 0.3199065140159163, 0.15855499147385357], BATTLES: 296-194-225-387-267-307-328-267-296-
20, 3, -2652.0, [0.22252225656295482, 0.7245914245755407, 0.01228938964122663, 0.5157525817292696, 0.685786980811322, 0.9031958259632478, 0.9562485371200586, 0.018436159281819353, 0.6209080889624355, 0.5867338657512764, 0.2115466986458558, 0.31790482241732987, 0.06596345145864721, 0.28744757521064485, 0.2730399614025896, 0.6040887365266348, 0.13022016613185405, 0.8465020083130838, 0.05218608607665268, 0.22137568961516788, 0.05913378041415686], BATTLES: 265-192-261-409-295-330-298-212-310-
20, 4, -2546.0, [0.5604735892770085, 0.7311176053681089, 0.01562918179595256, 0.3186387142816536, 0.7981741997001618, 0.9024844646472436, 0.9324142595930733, 0.21497471569591672, 0.26627155302851613, 0.6643092233998086, 0.33546958007982136, 0.21199484517055311, 0.39995775134650824, 0.3358593142673764, 0.2772831873612671, 0.3084476541768587, 0.237209907272491, 0.6698960931197807, 0.1091330853111032, 0.24543121933651255, 0.16118517436009627], BATTLES: 255-192-217-426-269-303-338-262-262-
20, 5, -2689.0, [0.34622019637584867, 0.6385996678819258, 0.07800459418439402, 0.24394220461408772, 0.6711388605347139, 0.8558260158743609, 0.9688365027881429, 0.08414975524517859, 0.22873757010984735, 0.5591522575589628, 0.14376589152012936, 0.28023167630411333, 0.461191851430946, 0.44272588819398395, 0.23728607486828412, 0.23626456432822657, 0.24885497461422842, 0.499805525877151, 0.1670161130317048, 0.18802482934035708, 0.11746785214233195], BATTLES: 298-194-238-396-281-346-377-277-282-
20, 6, -2530.0, [0.2318921215131867, 0.7196830358570274, 0.07467933819851667, 0.42994747881933437, 0.6514982790927656, 0.9255195244572698, 0.9976125764080641, 0.12068328320081659, 0.5480858191558623, 0.6074514372030935, 0.2281613390596577, 0.15269618560459766, 0.12455746408931258, 0.34240229693801033, 0.1988973069511796, 0.42060733668353223, 0.26902939632754236, 0.681522423333548, 0.15439207326871057, 0.23949669549866504, 0.04724747169406647], BATTLES: 283-166-262-380-321-327-272-216-303-
20, 7, -2631.0, [0.24330094013522885, 0.6808782370960773, 0.0770684798189344, 0.25393158996329235, 0.5848520871216782, 0.7753531290933234, 0.9664755393735396, 0.05820898083317963, 0.3741947130633002, 0.8839573310499743, 0.42123929993465126, 0.10139569541052673, 0.08093908799576972, 0.3057507989141978, 0.17462639091978882, 0.40750214527757744, 0.013228305570979926, 0.8681702856133693, 0.020722045637101012, 0.03426634640227197, 0.07564438363043055], BATTLES: 302-179-247-384-310-346-320-238-305-
20, 8, -2584.0, [0.2083109360672645, 0.8988219130709877, 0.08085654833176016, 0.436445516000071, 0.569262808341679, 0.864069797449976, 0.9168959733709555, 0.0714140166878095, 0.3203923822920302, 0.5181096770297373, 0.5530180485856372, 0.48333758844387, 0.19464308916293052, 0.3301252603285201, 0.10156694322236141, 0.5679400401552761, 0.3574985044370744, 0.5563514341368987, 0.023933210729928087, 0.08401696343113636, 0.1663001476070611], BATTLES: 288-191-249-374-264-288-359-256-299-
20, 9, -2599.0, [0.27641886407141286, 0.772974618897453, 0.07760124379692399, 0.2544952207011605, 0.620637165794695, 0.9998801247215457, 0.9878187418976143, 0.031162002781356852, 0.1122878225822238, 0.6141504346389592, 0.13189057607890242, 0.15257399285068388, 0.4384066019392622, 0.2994638426219811, 0.05773543978434645, 0.1710550309079522, 0.5618916379671189, 0.8070876049769955, 0.018147749892540765, 0.10723908225939832, 0.13631559189110293], BATTLES: 311-181-212-388-281-315-366-285-260-
20, 10, -2729.0, [0.3362664775530051, 0.6812253984597972, 0.10344401874434758, 0.10810629866304644, 0.6385796362578063, 0.9325736795306607, 0.9501501262630464, 0.15207447890182058, 0.4253723038118069, 0.4281123021440696, 0.49588062483097173, 0.3499254405878177, 0.20821264555469737, 0.12377327208445749, 0.35419018377035205, 0.10929767927082434, 0.24263636593307808, 0.9182097778159644, 0.26196941999307377, 0.20597478873146935, 0.04325272535662292], BATTLES: 322-210-247-405-306-331-325-278-305-
20, 11, -2667.0, [0.3325530866246365, 0.7724547074250515, 0.07361825472515249, 0.29118865084597423, 0.6483558569022322, 0.8728358245641633, 0.9241191523314294, 0.0445589475223353, 0.40177148036627874, 0.7906248736369437, 0.01475997438428514, 0.2290268401172054, 0.21336203309491003, 0.2612280255462727, 0.033439535233328904, 0.05205747745404493, 0.1698880581547883, 0.7307197332726478, 0.032082172384887114, 0.04744106640578895, 0.1758776837206642], BATTLES: 307-195-252-372-295-329-352-267-298-
20, 12, -2651.0, [0.34182859665834725, 0.729867841558004, 0.07699963727382142, 0.19977612186686505, 0.685625287722818, 0.9190769495881354, 0.9886330633474547, 0.02643774419369871, 0.45746280199400907, 0.5906416475835476, 0.18592712848517676, 0.07564791195811232, 0.08765132485058194, 0.38639703446652596, 0.3318778460955154, 0.03690558468071972, 0.15653767867757917, 0.8726651293834911, 0.08509255587389668, 0.020347045820851645, 0.1756391475233715], BATTLES: 278-202-259-389-289-312-368-268-286-
20, 13, -2729.0, [0.39263222348236065, 0.874191961482139, 0.09766580637626615, 0.21046133949720855, 0.6400193607579124, 0.9370802672985791, 0.8801605955798439, 0.09292365074176892, 0.24239901911241563, 0.7693876849153511, 0.07154844663225923, 0.32416777959293297, 0.08757399401383625, 0.19389299939042853, 0.0853592918799124, 0.48467181165184714, 0.47818463669653444, 0.6694534333455336, 0.020022408780504444, 0.19255600533262412, 0.05933557511761922], BATTLES: 278-205-243-388-287-304-361-287-274-
20, 14, -2653.0, [0.4305597171901036, 0.7187422905332699, 0.06779776222329784, 0.42601562963531914, 0.658488049435942, 0.8559338230905484, 0.9589859460093026, 0.0722001981258203, 0.4591839823359494, 0.8334626455496666, 0.44663354638838915, 0.2419311801774039, 0.14406184225335883, 0.11035189221685056, 0.07196373701424745, 0.8688129854593857, 0.30361907929321363, 0.9218755203857342, 0.20103765133783877, 0.19138703475278607, 0.061184303293296355], BATTLES: 294-186-251-398-310-333-341-249-291-
21, 0, -2670.0, [0.5203713926986278, 0.6230235254512434, 0.09723905792257383, 0.20979548597368614, 0.7127961398794591, 0.9323364218164855, 0.9214691727061551, 0.14979316448493407, 0.4395079343604853, 0.6064815165336251, 0.08959825657379067, 0.04049417716313092, 0.06683773011797227, 0.17063010970669265, 0.00502447178199994, 0.2765396855196523, 0.0741664395511106, 0.9831672750417024, 0.05562669871335606, 0.21361080420367545, 0.32352706305756657], BATTLES: 288-194-212-412-313-316-360-304-271-
21, 1, -2565.0, [0.1545543961071302, 0.8395133054487512, 0.03379471709936379, 0.2547394025626534, 0.6495837134822009, 0.9867315837466721, 0.9853660610470707, 0.05589611818485812, 0.5414977112442285, 0.5143795309484119, 0.4904239983973054, 0.34234694520511166, 0.13430029589535064, 0.1684525439120195, 0.06706830593589637, 0.08427524677997067, 0.4140513365971101, 0.5449357174758412, 0.0013727604000972893, 0.07783229529679449, 0.12348692491188606], BATTLES: 274-177-276-399-273-332-318-206-310-
21, 2, -2587.0, [0.36643046318851386, 0.7673553495877724, 0.058282434540445335, 0.21028038779711844, 0.6212157271161036, 0.8923418758239369, 0.9025646598769366, 0.08355383550888695, 0.07579782819667864, 0.7129425306720322, 0.1839480055958069, 0.16038376677281452, 0.5815675567785346, 0.2609200310789526, 0.4417908292964284, 0.4472658790263644, 0.08042443912356939, 0.8966260540038586, 0.30408998932133374, 0.3199065140159163, 0.15855499147385357], BATTLES: 285-201-217-400-278-306-344-260-296-
21, 3, -2502.0, [0.3265124863062985, 0.8262593437408393, 0.006144694820613315, 0.5157525817292696, 0.5503327242333103, 0.9031958259632478, 0.9781242685600293, 0.1140397652715415, 0.7093912216333272, 0.5867338657512764, 0.2200890923103723, 0.31790482241732987, 0.06596345145864721, 0.14671968351505135, 0.1348318060112458, 0.6040887365266348, 0.03592590210921853, 0.6806776183572675, 0.05218608607665268, 0.11068784480758394, 0.049602589113246505], BATTLES: 260-170-230-396-288-333-304-191-305-
21, 4, -2556.0, [0.3293112157805935, 0.7311176053681089, 0.01562918179595256, 0.3186387142816536, 0.7981741997001618, 0.9024844646472436, 0.9324142595930733, 0.21497471569591672, 0.26627155302851613, 0.44413803591687373, 0.33546958007982136, 0.21199484517055311, 0.39995775134650824, 0.3358593142673764, 0.2772831873612671, 0.3084476541768587, 0.237209907272491, 0.6698960931197807, 0.11115536682717791, 0.17945386879564168, 0.16118517436009627], BATTLES: 277-180-225-405-263-292-356-259-280-
21, 5, -2671.0, [0.2926861995532277, 0.6385996678819258, 0.07800459418439402, 0.24394220461408772, 0.6559501646298386, 0.9279130079371805, 0.9498660143219185, 0.08414975524517859, 0.5577781738995425, 0.37484442846402777, 0.6387343354336192, 0.43928218853043444, 0.2264222781183865, 0.44272588819398395, 0.22813295414694887, 0.23626456432822657, 0.24885497461422842, 0.6726382673873428, 0.13140545951118993, 0.18802482934035708, 0.11746785214233195], BATTLES: 303-172-234-381-299-333-346-295-288-
21, 6, -2690.0, [0.3155013770695272, 0.7196830358570274, 0.09592348042523019, 0.2047325304098895, 0.6643291698582731, 0.9255195244572698, 0.9976125764080641, 0.13212689410962827, 0.33945171077645275, 0.6710018381945091, 0.17640630761793746, 0.15269618560459766, 0.12455746408931258, 0.2449105765137557, 0.1710658128433112, 0.40524420877531114, 0.5027500112443525, 0.5389905815316423, 0.04917578297550269, 0.2909745537830735, 0.04724747169406647], BATTLES: 257-180-281-376-307-311-289-240-307-
21, 7, -2706.0, [0.24330094013522885, 0.6808782370960773, 0.0770684798189344, 0.04505304768448856, 0.599472094449068, 0.7753531290933234, 0.9664755393735396, 0.05820898083317963, 0.3741947130633002, 0.8839573310499743, 0.2700220017946542, 0.10139569541052673, 0.0007734130241454362, 0.3057507989141978, 0.19868142642966513, 0.40750214527757744, 0.006614152785489963, 0.8681702856133693, 0.18991925801322915, 0.03426634640227197, 0.024102842127673385], BATTLES: 294-203-271-396-293-310-336-252-280-
21, 8, -2640.0, [0.2083109360672645, 0.8988219130709877, 0.08085654833176016, 0.436445516000071, 0.569262808341679, 0.864069797449976, 0.9168959733709555, 0.0714140166878095, 0.3203923822920302, 0.5181096770297373, 0.5530180485856372, 0.48333758844387, 0.19464308916293052, 0.3301252603285201, 0.10156694322236141, 0.5679400401552761, 0.3574985044370744, 0.5563514341368987, 0.023933210729928087, 0.08401696343113636, 0.1663001476070611], BATTLES: 306-182-262-393-270-327-359-226-315-
21, 9, -2596.0, [0.27641886407141286, 0.772974618897453, 0.07760124379692399, 0.2544952207011605, 0.620637165794695, 0.9998801247215457, 0.9878187418976143, 0.031162002781356852, 0.1122878225822238, 0.6141504346389592, 0.13189057607890242, 0.15257399285068388, 0.4384066019392622, 0.2994638426219811, 0.05773543978434645, 0.1710550309079522, 0.5618916379671189, 0.8070876049769955, 0.018147749892540765, 0.10723908225939832, 0.13631559189110293], BATTLES: 308-188-235-378-264-318-344-276-285-
21, 10, -2699.0, [0.42205101674527645, 0.7071061997377603, 0.10597253426882851, 0.08772893254902481, 0.6385796362578063, 0.9723718510794468, 0.920337572858384, 0.11122368326437608, 0.4896510034237288, 0.6149553216256478, 0.05485847703759483, 0.3499254405878177, 0.10962286016559689, 0.12377327208445749, 0.19414284893914263, 0.10929767927082434, 0.24263636593307808, 0.8901563376265774, 0.26196941999307377, 0.1496376066033081, 0.09181439255014051], BATTLES: 310-213-237-409-297-324-302-280-297-
21, 11, -2689.0, [0.3325530866246365, 0.7724547074250515, 0.07361825472515249, 0.29118865084597423, 0.6483558569022322, 0.8728358245641633, 0.9241191523314294, 0.0445589475223353, 0.40177148036627874, 0.7906248736369437, 0.01475997438428514, 0.2290268401172054, 0.21336203309491003, 0.2612280255462727, 0.033439535233328904, 0.05205747745404493, 0.1698880581547883, 0.7307197332726478, 0.032082172384887114, 0.04744106640578895, 0.1758776837206642], BATTLES: 299-208-239-409-311-299-346-284-294-
21, 12, -2696.0, [0.3373565821835151, 0.729867841558004, 0.07699963727382142, 0.19977612186686505, 0.685625287722818, 0.9190769495881354, 0.9907712038031998, 0.10593530064889528, 0.45746280199400907, 0.5906416475835476, 0.18592712848517676, 0.12247359923923987, 0.08765132485058194, 0.38639703446652596, 0.42212923532861657, 0.28196840057020656, 0.15653767867757917, 0.8726651293834911, 0.17645762735830764, 0.11554093989970764, 0.1756391475233715], BATTLES: 296-191-251-365-296-326-352-256-276-
21, 13, -2637.0, [0.39263222348236065, 0.874191961482139, 0.09766580637626615, 0.1799408112478732, 0.6400193607579124, 0.9347242851003884, 0.8801605955798439, 0.09292365074176892, 0.24239901911241563, 0.7693876849153511, 0.14556005292960633, 0.32416777959293297, 0.08757399401383625, 0.19389299939042853, 0.0426796459399562, 0.3775992922675133, 0.5381463690117105, 0.6694534333455336, 0.020022408780504444, 0.11250494440403762, 0.05933557511761922], BATTLES: 291-194-228-384-280-308-338-301-279-
21, 14, -2745.0, [0.5564338118124641, 0.7187422905332699, 0.12340134899767491, 0.17345961728700937, 0.6626240035179571, 0.9093433090672361, 0.9589859460093026, 0.0722001981258203, 0.4591839823359494, 0.8334626455496666, 0.2645318680046268, 0.2419311801774039, 0.08518487722959586, 0.09423691449495306, 0.035981868507123725, 0.8688129854593857, 0.40779543838015225, 0.9218755203857342, 0.20103765133783877, 0.18819278436299447, 0.1883286141054295], BATTLES: 276-187-226-392-316-328-344-244-299-
22, 0, -2595.0, [0.5203713926986278, 0.6230235254512434, 0.09723905792257383, 0.20979548597368614, 0.7127961398794591, 0.9323364218164855, 0.9214691727061551, 0.14979316448493407, 0.4395079343604853, 0.6064815165336251, 0.08959825657379067, 0.04049417716313092, 0.06683773011797227, 0.17063010970669265, 0.00502447178199994, 0.2765396855196523, 0.0741664395511106, 0.9831672750417024, 0.05562669871335606, 0.21361080420367545, 0.32352706305756657], BATTLES: 288-193-218-386-298-291-346-306-269-
22, 1, -2607.0, [0.23000661559550215, 0.6608835006687502, 0.03379471709936379, 0.11352450548251097, 0.6032122205974094, 0.9867315837466721, 0.9877302432918547, 0.05589611818485812, 0.323404034794591, 0.7250793063363246, 0.3696083265500344, 0.07000986999931715, 0.13430029589535064, 0.3119107822673323, 0.3954623624518679, 0.2765976191258926, 0.4140513365971101, 0.9152920906777562, 0.0013727604000972893, 0.13420900389606547, 0.12348692491188606], BATTLES: 271-185-277-402-297-315-309-214-319-
22, 2, -2597.0, [0.36643046318851386, 0.7673553495877724, 0.058282434540445335, 0.21028038779711844, 0.6212157271161036, 0.8923418758239369, 0.9025646598769366, 0.08355383550888695, 0.07579782819667864, 0.7129425306720322, 0.1839480055958069, 0.16038376677281452, 0.5815675567785346, 0.2609200310789526, 0.4417908292964284, 0.4472658790263644, 0.08042443912356939, 0.8966260540038586, 0.30408998932133374, 0.3199065140159163, 0.15855499147385357], BATTLES: 299-227-230-393-261-310-336-250-291-
22, 3, -2515.0, [0.3184255094793889, 0.9084170365747966, 0.006144694820613315, 0.5157525817292696, 0.5503327242333103, 0.8792245847590865, 0.9781242685600293, 0.1140397652715415, 0.4447261158804941, 0.5867338657512764, 0.1734043069795903, 0.3632149817658602, 0.032981725729323605, 0.23147061874723893, 0.1348318060112458, 0.6040887365266348, 0.03592590210921853, 0.6806776183572675, 0.05218608607665268, 0.05534392240379197, 0.049602589113246505], BATTLES: 215-170-253-389-274-302-330-214-295-
22, 4, -2608.0, [0.3293112157805935, 0.7311176053681089, 0.01562918179595256, 0.3186387142816536, 0.7981741997001618, 0.9024844646472436, 0.9725213952351877, 0.04253454180241528, 0.26627155302851613, 0.44413803591687373, 0.16773479003991068, 0.2160224778252698, 0.39995775134650824, 0.3358593142673764, 0.13864159368063356, 0.3084476541768587, 0.237209907272491, 0.6698960931197807, 0.2744928549948027, 0.17945386879564168, 0.16118517436009627], BATTLES: 225-166-238-406-270-291-333-225-270-
22, 5, -2654.0, [0.2926861995532277, 0.6385996678819258, 0.07800459418439402, 0.24394220461408772, 0.6559501646298386, 0.9195499052826055, 0.9498660143219185, 0.08414975524517859, 0.5577781738995425, 0.37484442846402777, 0.6387343354336192, 0.43928218853043444, 0.022508193975875238, 0.3052607640596629, 0.22813295414694887, 0.23626456432822657, 0.24885497461422842, 0.7521655249670073, 0.1743792391734872, 0.18802482934035708, 0.11746785214233195], BATTLES: 293-191-247-386-307-329-293-248-307-
22, 6, -2733.0, [0.3155013770695272, 0.7196830358570274, 0.09592348042523019, 0.2047325304098895, 0.6643291698582731, 0.9255195244572698, 0.9976125764080641, 0.13212689410962827, 0.33945171077645275, 0.6710018381945091, 0.17640630761793746, 0.15269618560459766, 0.12455746408931258, 0.2449105765137557, 0.1710658128433112, 0.40524420877531114, 0.5027500112443525, 0.5389905815316423, 0.04917578297550269, 0.2909745537830735, 0.04724747169406647], BATTLES: 318-183-260-406-336-349-314-271-296-
22, 7, -2648.0, [0.24330094013522885, 0.6808782370960773, 0.0770684798189344, 0.04505304768448856, 0.599472094449068, 0.7753531290933234, 0.9664755393735396, 0.05820898083317963, 0.3741947130633002, 0.8839573310499743, 0.2700220017946542, 0.10139569541052673, 0.0007734130241454362, 0.3057507989141978, 0.19868142642966513, 0.40750214527757744, 0.006614152785489963, 0.8681702856133693, 0.18991925801322915, 0.03426634640227197, 0.024102842127673385], BATTLES: 295-212-265-402-284-321-313-259-297-
22, 8, -2613.0, [0.2083109360672645, 0.8988219130709877, 0.08085654833176016, 0.436445516000071, 0.569262808341679, 0.864069797449976, 0.9168959733709555, 0.0714140166878095, 0.3203923822920302, 0.5181096770297373, 0.5530180485856372, 0.48333758844387, 0.19464308916293052, 0.3301252603285201, 0.10156694322236141, 0.5679400401552761, 0.3574985044370744, 0.5563514341368987, 0.023933210729928087, 0.08401696343113636, 0.1663001476070611], BATTLES: 304-188-259-397-303-304-325-234-299-
22, 9, -2703.0, [0.27641886407141286, 0.772974618897453, 0.11623119725237674, 0.11655379182944496, 0.6423435757918704, 0.9998801247215457, 0.9602489560328576, 0.031162002781356852, 0.21772673051688973, 0.6141504346389592, 0.13189057607890242, 0.15257399285068388, 0.2779584377993972, 0.2994638426219811, 0.05773543978434645, 0.6393953784539018, 0.5618916379671189, 0.952229095265904, 0.11195590046362866, 0.10723908225939832, 0.13631559189110293], BATTLES: 298-205-221-372-258-299-339-280-300-
22, 10, -2661.0, [0.42205101674527645, 0.7071061997377603, 0.10597253426882851, 0.08772893254902481, 0.6385796362578063, 0.9723718510794468, 0.920337572858384, 0.11122368326437608, 0.4896510034237288, 0.6149553216256478, 0.05485847703759483, 0.3499254405878177, 0.10962286016559689, 0.12377327208445749, 0.19414284893914263, 0.10929767927082434, 0.24263636593307808, 0.8901563376265774, 0.26196941999307377, 0.1496376066033081, 0.09181439255014051], BATTLES: 316-200-248-387-308-327-331-275-269-
22, 11, -2647.0, [0.3325530866246365, 0.7724547074250515, 0.07361825472515249, 0.29118865084597423, 0.6483558569022322, 0.8728358245641633, 0.9241191523314294, 0.0445589475223353, 0.40177148036627874, 0.7906248736369437, 0.01475997438428514, 0.2290268401172054, 0.21336203309491003, 0.2612280255462727, 0.033439535233328904, 0.05205747745404493, 0.1698880581547883, 0.7307197332726478, 0.032082172384887114, 0.04744106640578895, 0.1758776837206642], BATTLES: 281-200-253-405-311-308-333-261-295-
22, 12, -2709.0, [0.3373565821835151, 0.729867841558004, 0.07699963727382142, 0.19977612186686505, 0.685625287722818, 0.9190769495881354, 0.9907712038031998, 0.10593530064889528, 0.45746280199400907, 0.5906416475835476, 0.18592712848517676, 0.12247359923923987, 0.08765132485058194, 0.38639703446652596, 0.42212923532861657, 0.28196840057020656, 0.15653767867757917, 0.8726651293834911, 0.17645762735830764, 0.11554093989970764, 0.1756391475233715], BATTLES: 287-190-273-400-307-333-347-259-313-
22, 13, -2669.0, [0.3283471277557346, 0.874191961482139, 0.09766580637626615, 0.1799408112478732, 0.5513043283962838, 0.9347242851003884, 0.9647390949571076, 0.04646182537088446, 0.24239901911241563, 0.7783405454737614, 0.07278002646480317, 0.32416777959293297, 0.08757399401383625, 0.12259199404801437, 0.0213398229699781, 0.3775992922675133, 0.38807341968955567, 0.6694534333455336, 0.020022408780504444, 0.11250494440403762, 0.22472427965593111], BATTLES: 295-192-216-358-312-300-411-299-270-
22, 14, -2708.0, [0.5564338118124641, 0.7187422905332699, 0.12340134899767491, 0.08279126439207858, 0.6626240035179571, 0.9093433090672361, 0.9589859460093026, 0.0722001981258203, 0.5164715615199085, 0.8334626455496666, 0.2645318680046268, 0.07592213623783133, 0.04259243861479793, 0.09423691449495306, 0.18748204145442227, 0.6562793629746777, 0.40779543838015225, 0.960937760192867, 0.20103765133783877, 0.040627981701096064, 0.09945925886693764], BATTLES: 314-212-212-380-293-315-329-285-290-
23, 0, -2657.0, [0.5203713926986278, 0.6230235254512434, 0.09723905792257383, 0.20979548597368614, 0.7127961398794591, 0.9323364218164855, 0.9214691727061551, 0.14979316448493407, 0.4395079343604853, 0.6064815165336251, 0.08959825657379067, 0.04049417716313092, 0.06683773011797227, 0.17063010970669265, 0.00502447178199994, 0.2765396855196523, 0.0741664395511106, 0.9831672750417024, 0.05562669871335606, 0.21361080420367545, 0.32352706305756657], BATTLES: 300-197-213-395-292-306-365-287-302-
23, 1, -2602.0, [0.23000661559550215, 0.6608835006687502, 0.04514227922019092, 0.11352450548251097, 0.560106199304076, 0.9867315837466721, 0.9877302432918547, 0.05589611818485812, 0.3240357886665228, 0.6055457970189868, 0.18858085108434455, 0.1510629201636293, 0.06715014794767532, 0.30500821549397433, 0.3464254665875154, 0.22252347583529494, 0.3061597525533799, 0.9152920906777562, 0.0006863802000486446, 0.13360241870437845, 0.12348692491188606], BATTLES: 288-182-261-376-283-341-293-222-302-
23, 2, -2616.0, [0.36643046318851386, 0.7673553495877724, 0.058282434540445335, 0.21028038779711844, 0.6212157271161036, 0.8923418758239369, 0.9025646598769366, 0.08355383550888695, 0.07579782819667864, 0.7129425306720322, 0.1839480055958069, 0.16038376677281452, 0.5815675567785346, 0.2609200310789526, 0.4417908292964284, 0.4472658790263644, 0.08042443912356939, 0.8966260540038586, 0.30408998932133374, 0.3199065140159163, 0.15855499147385357], BATTLES: 310-227-241-364-276-306-347-247-298-
23, 3, -2584.0, [0.3184255094793889, 0.7507787690238023, 0.006144694820613315, 0.23358211201966672, 0.5503327242333103, 0.9045374781678849, 0.9781242685600293, 0.08437630787116254, 0.4447261158804941, 0.5543439812949149, 0.145998614073722, 0.3632149817658602, 0.032981725729323605, 0.23147061874723893, 0.1348318060112458, 0.3294972721240238, 0.03592590210921853, 0.6806776183572675, 0.05218608607665268, 0.05534392240379197, 0.049602589113246505], BATTLES: 250-175-261-398-266-284-319-238-284-
23, 4, -2603.0, [0.3293112157805935, 0.7311176053681089, 0.07119848816192874, 0.3186387142816536, 0.7981741997001618, 0.9024844646472436, 0.9725213952351877, 0.02126727090120764, 0.26627155302851613, 0.44413803591687373, 0.08386739501995534, 0.20280232089025924, 0.39995775134650824, 0.3358593142673764, 0.13864159368063356, 0.42467369465043836, 0.237209907272491, 0.7766772808719018, 0.2744928549948027, 0.11678788088419775, 0.24532581833086287], BATTLES: 275-174-221-414-278-305-323-252-278-
23, 5, -2682.0, [0.2926861995532277, 0.6385996678819258, 0.07800459418439402, 0.24394220461408772, 0.6559501646298386, 0.9195499052826055, 0.9498660143219185, 0.08414975524517859, 0.5577781738995425, 0.37484442846402777, 0.6387343354336192, 0.43928218853043444, 0.022508193975875238, 0.3052607640596629, 0.22813295414694887, 0.23626456432822657, 0.24885497461422842, 0.7521655249670073, 0.1743792391734872, 0.18802482934035708, 0.11746785214233195], BATTLES: 302-187-269-400-332-334-310-237-311-
23, 6, -2749.0, [0.3155013770695272, 0.7196830358570274, 0.09592348042523019, 0.2047325304098895, 0.6643291698582731, 0.9255195244572698, 0.9976125764080641, 0.13212689410962827, 0.33945171077645275, 0.6710018381945091, 0.17640630761793746, 0.15269618560459766, 0.12455746408931258, 0.2449105765137557, 0.1710658128433112, 0.40524420877531114, 0.5027500112443525, 0.5389905815316423, 0.04917578297550269, 0.2909745537830735, 0.04724747169406647], BATTLES: 325-212-255-408-295-359-318-265-312-
23, 7, -2732.0, [0.24330094013522885, 0.6808782370960773, 0.0770684798189344, 0.054803402582257105, 0.599472094449068, 0.7753531290933234, 0.9364274174357688, 0.05820898083317963, 0.3741947130633002, 0.8839573310499743, 0.2700220017946542, 0.10139569541052673, 0.0007734130241454362, 0.30542829469034816, 0.19868142642966513, 0.40750214527757744, 0.006614152785489963, 0.8681702856133693, 0.1069951662531894, 0.03426634640227197, 0.024102842127673385], BATTLES: 301-196-280-386-299-343-307-284-310-
23, 8, -2636.0, [0.34871034250258526, 0.8988219130709877, 0.08085654833176016, 0.436445516000071, 0.569262808341679, 0.864069797449976, 0.9786756945067234, 0.1231730847146785, 0.6148149895648731, 0.5181096770297373, 0.5530180485856372, 0.48333758844387, 0.19464308916293052, 0.3301252603285201, 0.10156694322236141, 0.3089764448532707, 0.2467241086251396, 0.5563514341368987, 0.21792366749553976, 0.15500199628446854, 0.1663001476070611], BATTLES: 299-200-284-383-287-314-330-229-277-
23, 9, -2721.0, [0.27641886407141286, 0.772974618897453, 0.11623119725237674, 0.11655379182944496, 0.6423435757918704, 0.9998801247215457, 0.9602489560328576, 0.031162002781356852, 0.21772673051688973, 0.6141504346389592, 0.13189057607890242, 0.15257399285068388, 0.2779584377993972, 0.2994638426219811, 0.05773543978434645, 0.6393953784539018, 0.5618916379671189, 0.952229095265904, 0.11195590046362866, 0.10723908225939832, 0.13631559189110293], BATTLES: 305-211-245-388-282-335-338-301-316-
23, 10, -2662.0, [0.42205101674527645, 0.7071061997377603, 0.10597253426882851, 0.08772893254902481, 0.6385796362578063, 0.9723718510794468, 0.920337572858384, 0.11122368326437608, 0.4896510034237288, 0.6149553216256478, 0.05485847703759483, 0.3499254405878177, 0.10962286016559689, 0.12377327208445749, 0.19414284893914263, 0.10929767927082434, 0.24263636593307808, 0.8901563376265774, 0.26196941999307377, 0.1496376066033081, 0.09181439255014051], BATTLES: 311-184-245-383-316-319-314-285-305-
23, 11, -2685.0, [0.38452322153640633, 0.7460319172852421, 0.06488261807381718, 0.29118865084597423, 0.6483558569022322, 0.839237589933877, 0.9139229906278172, 0.0445589475223353, 0.40177148036627874, 0.7906248736369437, 0.13711403378680656, 0.2290268401172054, 0.21336203309491003, 0.2612280255462727, 0.033439535233328904, 0.05205747745404493, 0.08494402907739415, 0.7307197332726478, 0.032082172384887114, 0.20133549410787774, 0.1758776837206642], BATTLES: 289-190-258-378-267-316-350-272-272-
23, 12, -2727.0, [0.3373565821835151, 0.729867841558004, 0.07699963727382142, 0.19977612186686505, 0.685625287722818, 0.9190769495881354, 0.9907712038031998, 0.10593530064889528, 0.45746280199400907, 0.5906416475835476, 0.18592712848517676, 0.12247359923923987, 0.08765132485058194, 0.38639703446652596, 0.42212923532861657, 0.28196840057020656, 0.15653767867757917, 0.8726651293834911, 0.17645762735830764, 0.11554093989970764, 0.1756391475233715], BATTLES: 307-211-272-403-302-332-346-257-297-
23, 13, -2645.0, [0.3283471277557346, 0.874191961482139, 0.09766580637626615, 0.1799408112478732, 0.5513043283962838, 0.9347242851003884, 0.9647390949571076, 0.04646182537088446, 0.24239901911241563, 0.7783405454737614, 0.07278002646480317, 0.32416777959293297, 0.08757399401383625, 0.12259199404801437, 0.0213398229699781, 0.3775992922675133, 0.38807341968955567, 0.6694534333455336, 0.020022408780504444, 0.11250494440403762, 0.22472427965593111], BATTLES: 309-187-253-378-272-312-354-284-296-
23, 14, -2632.0, [0.5564338118124641, 0.7187422905332699, 0.12340134899767491, 0.08279126439207858, 0.6626240035179571, 0.9093433090672361, 0.9589859460093026, 0.0722001981258203, 0.5164715615199085, 0.8334626455496666, 0.2645318680046268, 0.07592213623783133, 0.04259243861479793, 0.09423691449495306, 0.18748204145442227, 0.6562793629746777, 0.40779543838015225, 0.960937760192867, 0.20103765133783877, 0.040627981701096064, 0.09945925886693764], BATTLES: 299-165-209-384-294-321-379-318-263-
24, 0, -2627.0, [0.5203713926986278, 0.6230235254512434, 0.09723905792257383, 0.20979548597368614, 0.7127961398794591, 0.9323364218164855, 0.9214691727061551, 0.14979316448493407, 0.4395079343604853, 0.6064815165336251, 0.08959825657379067, 0.04049417716313092, 0.06683773011797227, 0.17063010970669265, 0.00502447178199994, 0.2765396855196523, 0.0741664395511106, 0.9831672750417024, 0.05562669871335606, 0.21361080420367545, 0.32352706305756657], BATTLES: 302-207-226-370-322-304-337-291-268-
24, 1, -2610.0, [0.23000661559550215, 0.6608835006687502, 0.04514227922019092, 0.11352450548251097, 0.560106199304076, 0.9867315837466721, 0.9877302432918547, 0.05589611818485812, 0.3240357886665228, 0.6055457970189868, 0.18858085108434455, 0.1510629201636293, 0.06715014794767532, 0.30500821549397433, 0.3464254665875154, 0.22252347583529494, 0.3061597525533799, 0.9152920906777562, 0.0006863802000486446, 0.13360241870437845, 0.12348692491188606], BATTLES: 285-182-271-389-287-331-336-240-289-
24, 2, -2681.0, [0.3910228227101182, 0.7673553495877724, 0.08132158009225911, 0.10657147493846628, 0.6816153998933858, 0.8923418758239369, 0.9793929599655467, 0.08355383550888695, 0.07579782819667864, 0.7129425306720322, 0.016030977973382238, 0.16038376677281452, 0.3511691346215346, 0.21667402227825452, 0.3538330160103712, 0.4472658790263644, 0.3285176393349627, 0.7327116857004585, 0.20369838998239204, 0.39772316647713024, 0.05786241548279816], BATTLES: 281-186-219-344-270-294-334-254-294-
24, 3, -2632.0, [0.3184255094793889, 0.7638575438455184, 0.06304844760986777, 0.23358211201966672, 0.5503327242333103, 0.9049881910731356, 0.966482408743481, 0.11390228084757494, 0.40541623392268683, 0.6623800426933791, 0.1767665352940424, 0.3632149817658602, 0.10331202730520078, 0.23147061874723893, 0.1348318060112458, 0.1391342606590287, 0.03592590210921853, 0.5777713683310726, 0.04294771372379992, 0.05534392240379197, 0.049602589113246505], BATTLES: 242-190-264-405-226-310-337-230-313-
24, 4, -2597.0, [0.4118834857590995, 0.7311176053681089, 0.11016345541469877, 0.08654600598746026, 0.724274204008658, 0.9024844646472436, 0.9614108127565262, 0.05148002167236968, 0.26743289906183804, 0.44413803591687373, 0.16352133706101216, 0.0884243919205642, 0.2592107790312611, 0.3358593142673764, 0.13014189416755823, 0.4363380341458514, 0.2528580936402268, 0.8452691207979418, 0.26828210552010473, 0.11678788088419775, 0.18507152256226128], BATTLES: 288-195-222-381-313-298-332-250-286-
24, 5, -2651.0, [0.2926861995532277, 0.6665898344258622, 0.07800459418439402, 0.06221309491981533, 0.6146982393312012, 0.8281126919426182, 0.9498660143219185, 0.08414975524517859, 0.5577781738995425, 0.6880489483991765, 0.6387343354336192, 0.251815386895511, 0.022508193975875238, 0.3052607640596629, 0.22813295414694887, 0.23626456432822657, 0.24885497461422842, 0.7521655249670073, 0.1743792391734872, 0.18802482934035708, 0.12773760654696797], BATTLES: 296-186-256-404-315-295-304-230-301-
24, 6, -2672.0, [0.3155013770695272, 0.7196830358570274, 0.09592348042523019, 0.2047325304098895, 0.6643291698582731, 0.9255195244572698, 0.9976125764080641, 0.13212689410962827, 0.33945171077645275, 0.6710018381945091, 0.17640630761793746, 0.15269618560459766, 0.12455746408931258, 0.2449105765137557, 0.1710658128433112, 0.40524420877531114, 0.5027500112443525, 0.5389905815316423, 0.04917578297550269, 0.2909745537830735, 0.04724747169406647], BATTLES: 302-205-252-402-316-305-335-250-305-
24, 7, -2711.0, [0.24330094013522885, 0.6808782370960773, 0.0770684798189344, 0.054803402582257105, 0.599472094449068, 0.7753531290933234, 0.9364274174357688, 0.05820898083317963, 0.3741947130633002, 0.8839573310499743, 0.2700220017946542, 0.10139569541052673, 0.0007734130241454362, 0.30542829469034816, 0.19868142642966513, 0.40750214527757744, 0.006614152785489963, 0.8681702856133693, 0.1069951662531894, 0.03426634640227197, 0.024102842127673385], BATTLES: 303-227-271-390-292-344-340-277-267-
24, 8, -2569.0, [0.34871034250258526, 0.8988219130709877, 0.08085654833176016, 0.436445516000071, 0.569262808341679, 0.864069797449976, 0.9786756945067234, 0.1231730847146785, 0.6148149895648731, 0.5181096770297373, 0.5530180485856372, 0.48333758844387, 0.19464308916293052, 0.3301252603285201, 0.10156694322236141, 0.3089764448532707, 0.2467241086251396, 0.5563514341368987, 0.21792366749553976, 0.15500199628446854, 0.1663001476070611], BATTLES: 285-204-254-391-264-328-298-242-303-
24, 9, -2650.0, [0.27641886407141286, 0.772974618897453, 0.11623119725237674, 0.11655379182944496, 0.6423435757918704, 0.9998801247215457, 0.9602489560328576, 0.031162002781356852, 0.21772673051688973, 0.6141504346389592, 0.13189057607890242, 0.15257399285068388, 0.2779584377993972, 0.2994638426219811, 0.05773543978434645, 0.6393953784539018, 0.5618916379671189, 0.952229095265904, 0.11195590046362866, 0.10723908225939832, 0.13631559189110293], BATTLES: 266-222-246-373-296-321-333-289-304-
24, 10, -2666.0, [0.3211008725746435, 0.8103376170705792, 0.10597253426882851, 0.08772893254902481, 0.6385796362578063, 0.9516264063333856, 0.920337572858384, 0.11122368326437608, 0.4896510034237288, 0.6149553216256478, 0.05485847703759483, 0.3499254405878177, 0.10962286016559689, 0.12377327208445749, 0.19414284893914263, 0.05464883963541217, 0.35152735229375753, 0.5061312770138505, 0.15699592723479364, 0.20587415513946367, 0.09181439255014051], BATTLES: 276-194-241-372-318-316-310-275-291-
24, 11, -2658.0, [0.43374358956678905, 0.6872019679990726, 0.06488261807381718, 0.23001187046473487, 0.6708570364088374, 0.839237589933877, 0.9524645810826758, 0.10408657276673858, 0.3384597425601261, 0.7906248736369437, 0.0223888744332231, 0.10089161298228873, 0.21336203309491003, 0.34845009790257925, 0.2465716572633475, 0.05205747745404493, 0.08494402907739415, 0.7307197332726478, 0.1152168796521186, 0.25642498306287664, 0.14279398286349382], BATTLES: 291-211-221-371-305-317-339-264-283-
24, 12, -2656.0, [0.3373565821835151, 0.729867841558004, 0.07699963727382142, 0.19977612186686505, 0.685625287722818, 0.9190769495881354, 0.9907712038031998, 0.10593530064889528, 0.45746280199400907, 0.5906416475835476, 0.18592712848517676, 0.12247359923923987, 0.08765132485058194, 0.38639703446652596, 0.42212923532861657, 0.28196840057020656, 0.15653767867757917, 0.8726651293834911, 0.17645762735830764, 0.11554093989970764, 0.1756391475233715], BATTLES: 299-203-256-396-297-310-333-267-295-
24, 13, -2704.0, [0.3283471277557346, 0.874191961482139, 0.09766580637626615, 0.1799408112478732, 0.5513043283962838, 0.8266882944187821, 0.9647390949571076, 0.0952452770492433, 0.24239901911241563, 0.7783405454737614, 0.07278002646480317, 0.08280886937853157, 0.08757399401383625, 0.22179575866377027, 0.0213398229699781, 0.3775992922675133, 0.11437078229100775, 0.6694534333455336, 0.020022408780504444, 0.125383719055906, 0.16049599411541615], BATTLES: 294-164-236-369-271-316-360-280-287-
24, 14, -2635.0, [0.5564338118124641, 0.7187422905332699, 0.12340134899767491, 0.08279126439207858, 0.6626240035179571, 0.9093433090672361, 0.9589859460093026, 0.0722001981258203, 0.5164715615199085, 0.8334626455496666, 0.2645318680046268, 0.07592213623783133, 0.04259243861479793, 0.09423691449495306, 0.18748204145442227, 0.6562793629746777, 0.40779543838015225, 0.960937760192867, 0.20103765133783877, 0.040627981701096064, 0.09945925886693764], BATTLES: 292-184-215-406-294-311-378-302-253-
25, 0, -2599.0, [0.4343626153082602, 0.6230235254512434, 0.06116199516901498, 0.016935749309387252, 0.6157418760982867, 0.8592728829870171, 0.9214691727061551, 0.09406739087281406, 0.4395079343604853, 0.6064815165336251, 0.19329068402097005, 0.036215154998828665, 0.033418865058986134, 0.17738814844311684, 0.012691013137465249, 0.31320941194874313, 0.0370832197755553, 0.9226586653954632, 0.0161016657392382, 0.21361080420367545, 0.21237133472608305], BATTLES: 274-203-202-378-315-285-348-288-285-
25, 1, -2704.0, [0.33657418766524067, 0.6566859946188395, 0.0971846171244759, 0.11352450548251097, 0.5909674192474652, 0.9054427451702755, 0.9877302432918547, 0.07313182235567932, 0.4188962515911337, 0.6055457970189868, 0.3087590599125477, 0.034387225354154005, 0.06715014794767532, 0.20916264649496097, 0.3500496265445613, 0.6766323049780962, 0.3061597525533799, 0.9576460453388781, 0.0006863802000486446, 0.13360241870437845, 0.12348692491188606], BATTLES: 280-171-257-376-268-330-337-229-305-
25, 2, -2627.0, [0.3910228227101182, 0.7673553495877724, 0.08132158009225911, 0.10657147493846628, 0.6816153998933858, 0.8923418758239369, 0.9793929599655467, 0.08355383550888695, 0.07579782819667864, 0.7129425306720322, 0.016030977973382238, 0.16038376677281452, 0.3511691346215346, 0.21667402227825452, 0.3538330160103712, 0.4472658790263644, 0.3285176393349627, 0.7327116857004585, 0.20369838998239204, 0.39772316647713024, 0.05786241548279816], BATTLES: 290-196-251-373-273-298-350-306-290-
25, 3, -2661.0, [0.3184255094793889, 0.8304315088904316, 0.10827257431647563, 0.173369487990342, 0.5574798112808417, 0.9049881910731356, 0.9437590883986605, 0.11940798397047804, 0.40541623392268683, 0.6623800426933791, 0.27150903887236943, 0.3066466424644225, 0.030146465537233075, 0.23147061874723893, 0.0674159030056229, 0.1391342606590287, 0.03592590210921853, 0.5777713683310726, 0.12905107569327362, 0.12640137211027025, 0.11566212687776048], BATTLES: 279-202-275-376-288-292-354-240-308-
25, 4, -2569.0, [0.4118834857590995, 0.7311176053681089, 0.11016345541469877, 0.08654600598746026, 0.724274204008658, 0.9024844646472436, 0.9614108127565262, 0.05148002167236968, 0.26743289906183804, 0.44413803591687373, 0.16352133706101216, 0.0884243919205642, 0.2592107790312611, 0.3358593142673764, 0.13014189416755823, 0.4363380341458514, 0.2528580936402268, 0.8452691207979418, 0.26828210552010473, 0.11678788088419775, 0.18507152256226128], BATTLES: 314-180-197-384-283-287-360-307-257-
25, 5, -2654.0, [0.2926861995532277, 0.6665898344258622, 0.07800459418439402, 0.020593835627027546, 0.5065395747880403, 0.8754619706143847, 0.9498660143219185, 0.042074877622589296, 0.3782292406196957, 0.7078492456363668, 0.2590701910356904, 0.13911632570543717, 0.011254096987937619, 0.3052607640596629, 0.22813295414694887, 0.23626456432822657, 0.34269260900292, 0.7521655249670073, 0.1743792391734872, 0.18802482934035708, 0.12773760654696797], BATTLES: 296-203-270-376-319-306-298-242-290-
25, 6, -2638.0, [0.3155013770695272, 0.7196830358570274, 0.09592348042523019, 0.2047325304098895, 0.6643291698582731, 0.9255195244572698, 0.9976125764080641, 0.13212689410962827, 0.33945171077645275, 0.6710018381945091, 0.17640630761793746, 0.15269618560459766, 0.12455746408931258, 0.2449105765137557, 0.1710658128433112, 0.40524420877531114, 0.5027500112443525, 0.5389905815316423, 0.04917578297550269, 0.2909745537830735, 0.04724747169406647], BATTLES: 319-206-260-411-304-324-301-236-277-
25, 7, -2623.0, [0.24330094013522885, 0.6808782370960773, 0.0770684798189344, 0.054803402582257105, 0.599472094449068, 0.7753531290933234, 0.9364274174357688, 0.05820898083317963, 0.3741947130633002, 0.8839573310499743, 0.2700220017946542, 0.10139569541052673, 0.0007734130241454362, 0.30542829469034816, 0.19868142642966513, 0.40750214527757744, 0.006614152785489963, 0.8681702856133693, 0.1069951662531894, 0.03426634640227197, 0.024102842127673385], BATTLES: 278-209-263-388-285-331-316-267-286-
25, 8, -2522.0, [0.34871034250258526, 0.8988219130709877, 0.08085654833176016, 0.436445516000071, 0.569262808341679, 0.864069797449976, 0.9786756945067234, 0.1231730847146785, 0.6148149895648731, 0.5181096770297373, 0.5530180485856372, 0.48333758844387, 0.19464308916293052, 0.3301252603285201, 0.10156694322236141, 0.3089764448532707, 0.2467241086251396, 0.5563514341368987, 0.21792366749553976, 0.15500199628446854, 0.1663001476070611], BATTLES: 292-193-254-381-279-303-290-251-279-
25, 9, -2634.0, [0.27641886407141286, 0.772974618897453, 0.11623119725237674, 0.11655379182944496, 0.6423435757918704, 0.9998801247215457, 0.9602489560328576, 0.031162002781356852, 0.21772673051688973, 0.6141504346389592, 0.13189057607890242, 0.15257399285068388, 0.2779584377993972, 0.2994638426219811, 0.05773543978434645, 0.6393953784539018, 0.5618916379671189, 0.952229095265904, 0.11195590046362866, 0.10723908225939832, 0.13631559189110293], BATTLES: 287-200-222-394-286-312-340-282-311-
25, 10, -2646.0, [0.3211008725746435, 0.7323208375142702, 0.10597253426882851, 0.05171269086921468, 0.6385796362578063, 0.9516264063333856, 0.9216547219891282, 0.11122368326437608, 0.39385863656182746, 0.6149553216256478, 0.05485847703759483, 0.1921415869526951, 0.10962286016559689, 0.12377327208445749, 0.19414284893914263, 0.05464883963541217, 0.17843379716741642, 0.5061312770138505, 0.15699592723479364, 0.237902351914547, 0.09145834925645821], BATTLES: 294-207-274-367-282-317-301-242-301-
25, 11, -2629.0, [0.1871281984302988, 0.6872019679990726, 0.06488261807381718, 0.23001187046473487, 0.6708570364088374, 0.733759680425264, 0.9524645810826758, 0.08444756224176098, 0.3384597425601261, 0.7906248736369437, 0.01119443721661155, 0.10089161298228873, 0.21336203309491003, 0.34845009790257925, 0.2465716572633475, 0.05205747745404493, 0.08494402907739415, 0.6695409805032285, 0.006843298218004307, 0.0912488857143686, 0.14279398286349382], BATTLES: 276-226-241-386-285-311-335-272-271-
25, 12, -2725.0, [0.40038706979188926, 0.7075173722410129, 0.07699963727382142, 0.03828648603913959, 0.685625287722818, 0.8992146952334628, 0.9907712038031998, 0.10593530064889528, 0.33163134760446883, 0.5906416475835476, 0.18592712848517676, 0.12247359923923987, 0.042607926150161, 0.2260195286334497, 0.20944646265186861, 0.23891387446379642, 0.22271620760086824, 0.8726651293834911, 0.09223422772196152, 0.2547230104873452, 0.08948775658483282], BATTLES: 293-192-269-395-308-313-337-228-297-
25, 13, -2600.0, [0.3283471277557346, 0.7607050235350195, 0.08557228392222478, 0.1799408112478732, 0.6065256194896358, 0.8034181814162125, 0.9647390949571076, 0.07750468646817524, 0.3082450316045912, 0.9064785293197517, 0.07278002646480317, 0.04140443468926579, 0.04378699700691813, 0.28067417258100735, 0.01066991148498905, 0.46655348294621224, 0.057185391145503875, 0.788426550119185, 0.010011204390252222, 0.08771590163094636, 0.2254169587153697], BATTLES: 282-178-238-375-269-280-378-284-280-
25, 14, -2693.0, [0.5564338118124641, 0.7187422905332699, 0.12340134899767491, 0.08279126439207858, 0.6626240035179571, 0.9093433090672361, 0.9589859460093026, 0.0722001981258203, 0.5164715615199085, 0.8334626455496666, 0.2645318680046268, 0.07592213623783133, 0.04259243861479793, 0.09423691449495306, 0.18748204145442227, 0.6562793629746777, 0.40779543838015225, 0.960937760192867, 0.20103765133783877, 0.040627981701096064, 0.09945925886693764], BATTLES: 290-181-235-393-308-306-382-316-282-
26, 0, -2633.0, [0.4343626153082602, 0.6230235254512434, 0.06116199516901498, 0.016935749309387252, 0.6157418760982867, 0.8592728829870171, 0.9214691727061551, 0.09406739087281406, 0.4395079343604853, 0.6064815165336251, 0.19329068402097005, 0.036215154998828665, 0.033418865058986134, 0.17738814844311684, 0.012691013137465249, 0.31320941194874313, 0.0370832197755553, 0.9226586653954632, 0.0161016657392382, 0.21361080420367545, 0.21237133472608305], BATTLES: 292-204-233-388-290-293-374-306-253-
26, 1, -2688.0, [0.33657418766524067, 0.6566859946188395, 0.0971846171244759, 0.11352450548251097, 0.5909674192474652, 0.9054427451702755, 0.9877302432918547, 0.07313182235567932, 0.4188962515911337, 0.6055457970189868, 0.3087590599125477, 0.034387225354154005, 0.06715014794767532, 0.20916264649496097, 0.3500496265445613, 0.6766323049780962, 0.3061597525533799, 0.9576460453388781, 0.0006863802000486446, 0.13360241870437845, 0.12348692491188606], BATTLES: 305-208-249-374-283-322-364-298-285-
26, 2, -2672.0, [0.3910228227101182, 0.7673553495877724, 0.08132158009225911, 0.10657147493846628, 0.6816153998933858, 0.8923418758239369, 0.9793929599655467, 0.08355383550888695, 0.07579782819667864, 0.7129425306720322, 0.016030977973382238, 0.16038376677281452, 0.3511691346215346, 0.21667402227825452, 0.3538330160103712, 0.4472658790263644, 0.3285176393349627, 0.7327116857004585, 0.20369838998239204, 0.39772316647713024, 0.05786241548279816], BATTLES: 286-226-239-385-294-310-360-284-288-
26, 3, -2655.0, [0.3184255094793889, 0.8304315088904316, 0.10827257431647563, 0.173369487990342, 0.5574798112808417, 0.9049881910731356, 0.9437590883986605, 0.11940798397047804, 0.40541623392268683, 0.6623800426933791, 0.27150903887236943, 0.3066466424644225, 0.030146465537233075, 0.23147061874723893, 0.0674159030056229, 0.1391342606590287, 0.03592590210921853, 0.5777713683310726, 0.12905107569327362, 0.12640137211027025, 0.11566212687776048], BATTLES: 305-216-260-383-278-305-330-266-312-
26, 4, -2540.0, [0.3600794948695669, 0.6673773293492218, 0.09871444558829465, 0.08654600598746026, 0.7305480576003602, 0.8230002536337169, 0.9614108127565262, 0.050739618751110896, 0.28715486891852715, 0.44413803591687373, 0.16352133706101216, 0.0442121959602821, 0.068347080149159, 0.31439988989303463, 0.13014189416755823, 0.47876618324931364, 0.2173016338097627, 0.8452691207979418, 0.2012998495530315, 0.11678788088419775, 0.11265709342756332], BATTLES: 298-194-211-364-250-275-361-277-274-
26, 5, -2663.0, [0.2926861995532277, 0.6665898344258622, 0.07800459418439402, 0.020593835627027546, 0.5065395747880403, 0.8754619706143847, 0.9498660143219185, 0.042074877622589296, 0.3782292406196957, 0.7078492456363668, 0.2590701910356904, 0.13911632570543717, 0.011254096987937619, 0.3052607640596629, 0.22813295414694887, 0.23626456432822657, 0.34269260900292, 0.7521655249670073, 0.1743792391734872, 0.18802482934035708, 0.12773760654696797], BATTLES: 299-206-273-373-292-319-373-245-283-
26, 6, -2643.0, [0.3155013770695272, 0.7196830358570274, 0.09592348042523019, 0.2047325304098895, 0.6643291698582731, 0.9255195244572698, 0.9976125764080641, 0.13212689410962827, 0.33945171077645275, 0.6710018381945091, 0.17640630761793746, 0.15269618560459766, 0.12455746408931258, 0.2449105765137557, 0.1710658128433112, 0.40524420877531114, 0.5027500112443525, 0.5389905815316423, 0.04917578297550269, 0.2909745537830735, 0.04724747169406647], BATTLES: 296-199-269-384-327-310-310-245-303-
26, 7, -2681.0, [0.24330094013522885, 0.6808782370960773, 0.0770684798189344, 0.054803402582257105, 0.599472094449068, 0.7753531290933234, 0.9682137087178844, 0.05820898083317963, 0.29442155490715927, 0.8839573310499743, 0.2700220017946542, 0.10139569541052673, 0.2167124915874509, 0.25733873477880115, 0.4734329582619805, 0.5591463300882368, 0.006614152785489963, 0.8681702856133693, 0.15762554438633042, 0.2335383223673439, 0.024102842127673385], BATTLES: 280-216-253-370-294-322-343-270-313-
26, 8, -2623.0, [0.34871034250258526, 0.8988219130709877, 0.08085654833176016, 0.17371838491159508, 0.658596179548106, 0.864069797449976, 0.9915017042790091, 0.1231730847146785, 0.6148149895648731, 0.5986907576429922, 0.3165308938293982, 0.10274488059613872, 0.19464308916293052, 0.2508518239477302, 0.3745433003598611, 0.7035868404485011, 0.45228231820824016, 0.5563514341368987, 0.18493962349277243, 0.34243061431026844, 0.14612349469890695], BATTLES: 308-217-226-380-305-327-294-266-294-
26, 9, -2695.0, [0.27641886407141286, 0.772974618897453, 0.11623119725237674, 0.11655379182944496, 0.6423435757918704, 0.9998801247215457, 0.9602489560328576, 0.031162002781356852, 0.21772673051688973, 0.6141504346389592, 0.13189057607890242, 0.15257399285068388, 0.2779584377993972, 0.2994638426219811, 0.05773543978434645, 0.6393953784539018, 0.5618916379671189, 0.952229095265904, 0.11195590046362866, 0.10723908225939832, 0.13631559189110293], BATTLES: 271-218-244-400-290-312-356-285-319-
26, 10, -2666.0, [0.3211008725746435, 0.7323208375142702, 0.10597253426882851, 0.05171269086921468, 0.6385796362578063, 0.9516264063333856, 0.9216547219891282, 0.11122368326437608, 0.39385863656182746, 0.6149553216256478, 0.05485847703759483, 0.1921415869526951, 0.10962286016559689, 0.12377327208445749, 0.19414284893914263, 0.05464883963541217, 0.17843379716741642, 0.5061312770138505, 0.15699592723479364, 0.237902351914547, 0.09145834925645821], BATTLES: 298-230-249-378-297-297-331-261-325-
26, 11, -2634.0, [0.1871281984302988, 0.6872019679990726, 0.06488261807381718, 0.23001187046473487, 0.6708570364088374, 0.733759680425264, 0.9524645810826758, 0.08444756224176098, 0.3384597425601261, 0.7906248736369437, 0.01119443721661155, 0.10089161298228873, 0.21336203309491003, 0.34845009790257925, 0.2465716572633475, 0.05205747745404493, 0.08494402907739415, 0.6695409805032285, 0.006843298218004307, 0.0912488857143686, 0.14279398286349382], BATTLES: 304-193-264-404-319-315-319-224-292-
26, 12, -2692.0, [0.40038706979188926, 0.7075173722410129, 0.07699963727382142, 0.03828648603913959, 0.685625287722818, 0.8992146952334628, 0.9907712038031998, 0.10593530064889528, 0.33163134760446883, 0.5906416475835476, 0.18592712848517676, 0.12247359923923987, 0.042607926150161, 0.2260195286334497, 0.20944646265186861, 0.23891387446379642, 0.22271620760086824, 0.8726651293834911, 0.09223422772196152, 0.2547230104873452, 0.08948775658483282], BATTLES: 306-218-223-387-304-315-337-312-290-
26, 13, -2616.0, [0.3876596713935072, 0.6927570199609951, 0.08557228392222478, 0.0899704056239366, 0.6065256194896358, 0.8034181814162125, 0.9647390949571076, 0.07750468646817524, 0.3082450316045912, 0.9064785293197517, 0.07278002646480317, 0.020702217344632894, 0.04378699700691813, 0.23396093673649554, 0.01066991148498905, 0.46655348294621224, 0.057185391145503875, 0.788426550119185, 0.005005602195126111, 0.07675510381970935, 0.1744367420817229], BATTLES: 266-193-207-379-279-304-332-278-280-
26, 14, -2586.0, [0.5564338118124641, 0.7286568309072425, 0.1502471732997198, 0.04139563219603929, 0.6440542812597249, 0.9169761752624641, 0.9589859460093026, 0.07691741423134547, 0.5164715615199085, 0.6908891922489692, 0.2645318680046268, 0.033989362651349025, 0.10253337660978895, 0.12402960860778699, 0.18748204145442227, 0.6755038847489101, 0.40779543838015225, 0.9963183883308346, 0.15248157014749109, 0.0820831738518201, 0.09945925886693764], BATTLES: 283-185-231-400-299-289-363-277-256-
27, 0, -2687.0, [0.4343626153082602, 0.6230235254512434, 0.06116199516901498, 0.016935749309387252, 0.6157418760982867, 0.8592728829870171, 0.9214691727061551, 0.09406739087281406, 0.4395079343604853, 0.6064815165336251, 0.19329068402097005, 0.036215154998828665, 0.033418865058986134, 0.17738814844311684, 0.012691013137465249, 0.31320941194874313, 0.0370832197755553, 0.9226586653954632, 0.0161016657392382, 0.21361080420367545, 0.21237133472608305], BATTLES: 316-199-231-381-272-323-379-303-283-
27, 1, -2709.0, [0.33657418766524067, 0.6566859946188395, 0.0971846171244759, 0.11352450548251097, 0.5909674192474652, 0.9054427451702755, 0.9877302432918547, 0.07313182235567932, 0.4188962515911337, 0.6055457970189868, 0.3087590599125477, 0.034387225354154005, 0.06715014794767532, 0.20916264649496097, 0.3500496265445613, 0.6766323049780962, 0.3061597525533799, 0.9576460453388781, 0.0006863802000486446, 0.13360241870437845, 0.12348692491188606], BATTLES: 315-188-257-400-289-320-361-295-284-
27, 2, -2602.0, [0.24068543633826534, 0.7673553495877724, 0.08132158009225911, 0.10657147493846628, 0.6816153998933858, 0.8923418758239369, 0.9793929599655467, 0.08355383550888695, 0.18924639448352587, 0.7129425306720322, 0.008015488986691119, 0.09839736536488627, 0.3511691346215346, 0.21667402227825452, 0.3538330160103712, 0.5143621985207091, 0.3285176393349627, 0.7952942250898997, 0.11647993641824766, 0.39772316647713024, 0.06155982466417023], BATTLES: 296-203-217-384-281-270-354-273-293-
27, 3, -2625.0, [0.3184255094793889, 0.8304315088904316, 0.10827257431647563, 0.173369487990342, 0.5574798112808417, 0.9049881910731356, 0.9437590883986605, 0.11940798397047804, 0.40541623392268683, 0.6623800426933791, 0.27150903887236943, 0.3066466424644225, 0.030146465537233075, 0.23147061874723893, 0.0674159030056229, 0.1391342606590287, 0.03592590210921853, 0.5777713683310726, 0.12905107569327362, 0.12640137211027025, 0.11566212687776048], BATTLES: 309-198-250-397-269-302-334-267-299-
27, 4, -2616.0, [0.3600794948695669, 0.6673773293492218, 0.11127339797290944, 0.04327300299373013, 0.7305480576003602, 0.8230002536337169, 0.9614108127565262, 0.0613382672788567, 0.37049596723559064, 0.7225038059912473, 0.2422741483583784, 0.0442121959602821, 0.068347080149159, 0.31439988989303463, 0.13014189416755823, 0.6171093032016476, 0.06150700588589836, 0.8452691207979418, 0.23837174273433137, 0.19848937036617526, 0.11265709342756332], BATTLES: 292-203-207-375-283-263-394-289-265-
27, 5, -2676.0, [0.2926861995532277, 0.6665898344258622, 0.07800459418439402, 0.020593835627027546, 0.5065395747880403, 0.8754619706143847, 0.9498660143219185, 0.042074877622589296, 0.3782292406196957, 0.7078492456363668, 0.2590701910356904, 0.13911632570543717, 0.011254096987937619, 0.3052607640596629, 0.22813295414694887, 0.23626456432822657, 0.34269260900292, 0.7521655249670073, 0.1743792391734872, 0.18802482934035708, 0.12773760654696797], BATTLES: 293-219-274-374-285-320-336-261-314-
27, 6, -2641.0, [0.3155013770695272, 0.7479512710179258, 0.08114754717568466, 0.2047325304098895, 0.6643291698582731, 0.9255195244572698, 0.9658602695148323, 0.05835930646584603, 0.32383756746955683, 0.6710018381945091, 0.21246918284592592, 0.15269618560459766, 0.12455746408931258, 0.2449105765137557, 0.1710658128433112, 0.40524420877531114, 0.5027500112443525, 0.5389905815316423, 0.04917578297550269, 0.255894900687275, 0.09353022402163777], BATTLES: 297-205-252-395-298-311-298-251-303-
27, 7, -2676.0, [0.409276759827381, 0.6194079049080146, 0.11047265257551935, 0.027401701291128552, 0.6916096168256134, 0.8231336656366195, 0.9682137087178844, 0.05820898083317963, 0.3138698406143532, 0.7373407224937699, 0.24764890433958864, 0.050697847705263366, 0.2167124915874509, 0.20542149327890513, 0.4734329582619805, 0.5591463300882368, 0.13869009998217524, 0.8681702856133693, 0.09593658740878855, 0.2335383223673439, 0.16280162605549392], BATTLES: 292-213-269-377-299-305-305-245-284-
27, 8, -2613.0, [0.34871034250258526, 0.8988219130709877, 0.08085654833176016, 0.17371838491159508, 0.658596179548106, 0.864069797449976, 0.9915017042790091, 0.1231730847146785, 0.6148149895648731, 0.5986907576429922, 0.3165308938293982, 0.10274488059613872, 0.19464308916293052, 0.2508518239477302, 0.3745433003598611, 0.7035868404485011, 0.45228231820824016, 0.5563514341368987, 0.18493962349277243, 0.34243061431026844, 0.14612349469890695], BATTLES: 291-206-257-387-321-304-306-242-299-
27, 9, -2651.0, [0.27641886407141286, 0.772974618897453, 0.11623119725237674, 0.11655379182944496, 0.6423435757918704, 0.9998801247215457, 0.9602489560328576, 0.031162002781356852, 0.21772673051688973, 0.6141504346389592, 0.13189057607890242, 0.15257399285068388, 0.2779584377993972, 0.2994638426219811, 0.05773543978434645, 0.6393953784539018, 0.5618916379671189, 0.952229095265904, 0.11195590046362866, 0.10723908225939832, 0.13631559189110293], BATTLES: 312-187-239-384-289-301-337-297-305-
27, 10, -2668.0, [0.3542604027410572, 0.7323208375142702, 0.09442769972020511, 0.08296928747183654, 0.6238399404066454, 0.9516264063333856, 0.9617080192802773, 0.11122368326437608, 0.39385863656182746, 0.6249584950645837, 0.20536206930912432, 0.1432547370041259, 0.0462168982418939, 0.12377327208445749, 0.14591539666869194, 0.17097231986108644, 0.17843379716741642, 0.5061312770138505, 0.1168696747074303, 0.21078458150111418, 0.09145834925645821], BATTLES: 290-214-222-366-306-311-335-281-311-
27, 11, -2648.0, [0.19728922737439789, 0.6872019679990726, 0.06488261807381718, 0.03187847813980993, 0.6708570364088374, 0.8966617030767905, 0.9884682615858071, 0.08444756224176098, 0.3384597425601261, 0.6719533701901331, 0.01119443721661155, 0.10089161298228873, 0.21336203309491003, 0.34845009790257925, 0.2465716572633475, 0.2980286638868741, 0.08494402907739415, 0.759885646677853, 0.0034216491090021534, 0.015502950106400681, 0.11841770221263206], BATTLES: 288-208-267-378-316-309-316-244-307-
27, 12, -2643.0, [0.40038706979188926, 0.7075173722410129, 0.07699963727382142, 0.03828648603913959, 0.685625287722818, 0.8992146952334628, 0.9907712038031998, 0.10593530064889528, 0.33163134760446883, 0.5906416475835476, 0.18592712848517676, 0.12247359923923987, 0.042607926150161, 0.2260195286334497, 0.20944646265186861, 0.23891387446379642, 0.22271620760086824, 0.8726651293834911, 0.09223422772196152, 0.2547230104873452, 0.08948775658483282], BATTLES: 284-214-239-394-289-284-359-304-276-
27, 13, -2614.0, [0.3876596713935072, 0.6927570199609951, 0.08557228392222478, 0.0899704056239366, 0.6065256194896358, 0.8034181814162125, 0.9647390949571076, 0.07750468646817524, 0.3082450316045912, 0.9064785293197517, 0.07278002646480317, 0.020702217344632894, 0.04378699700691813, 0.23396093673649554, 0.01066991148498905, 0.46655348294621224, 0.057185391145503875, 0.788426550119185, 0.005005602195126111, 0.07675510381970935, 0.1744367420817229], BATTLES: 287-188-220-384-260-300-372-327-276-
27, 14, -2590.0, [0.5564338118124641, 0.7286568309072425, 0.1502471732997198, 0.04139563219603929, 0.6440542812597249, 0.9169761752624641, 0.9589859460093026, 0.07691741423134547, 0.5164715615199085, 0.6908891922489692, 0.2645318680046268, 0.033989362651349025, 0.10253337660978895, 0.12402960860778699, 0.18748204145442227, 0.6755038847489101, 0.40779543838015225, 0.9963183883308346, 0.15248157014749109, 0.0820831738518201, 0.09945925886693764], BATTLES: 272-185-216-364-285-292-349-348-279-
28, 0, -2637.0, [0.4343626153082602, 0.6230235254512434, 0.04671901932511259, 0.010242792368647863, 0.6391941117441357, 0.8592728829870171, 0.9559237071432252, 0.09406739087281406, 0.4084876593980766, 0.594361161191628, 0.19329068402097005, 0.036215154998828665, 1.1951234232920882e-05, 0.17738814844311684, 0.02031985754385667, 0.4050654471723114, 0.05915798103641, 0.9613293326977316, 0.0080508328696191, 0.2219958947759893, 0.21237133472608305], BATTLES: 304-203-224-378-288-284-367-304-261-
28, 1, -2654.0, [0.33657418766524067, 0.6566859946188395, 0.0971846171244759, 0.11352450548251097, 0.5909674192474652, 0.9054427451702755, 0.9877302432918547, 0.07313182235567932, 0.4188962515911337, 0.6055457970189868, 0.3087590599125477, 0.034387225354154005, 0.06715014794767532, 0.20916264649496097, 0.3500496265445613, 0.6766323049780962, 0.3061597525533799, 0.9576460453388781, 0.0006863802000486446, 0.13360241870437845, 0.12348692491188606], BATTLES: 286-193-223-406-291-292-360-296-307-
28, 2, -2634.0, [0.24068543633826534, 0.7673553495877724, 0.08132158009225911, 0.10657147493846628, 0.6816153998933858, 0.8923418758239369, 0.9793929599655467, 0.08355383550888695, 0.18924639448352587, 0.7129425306720322, 0.008015488986691119, 0.09839736536488627, 0.3511691346215346, 0.21667402227825452, 0.3538330160103712, 0.5143621985207091, 0.3285176393349627, 0.7952942250898997, 0.11647993641824766, 0.39772316647713024, 0.06155982466417023], BATTLES: 311-205-258-379-288-312-316-247-318-
28, 3, -2584.0, [0.3184255094793889, 0.8304315088904316, 0.10827257431647563, 0.173369487990342, 0.5574798112808417, 0.9049881910731356, 0.9437590883986605, 0.11940798397047804, 0.40541623392268683, 0.6623800426933791, 0.27150903887236943, 0.3066466424644225, 0.030146465537233075, 0.23147061874723893, 0.0674159030056229, 0.1391342606590287, 0.03592590210921853, 0.5777713683310726, 0.12905107569327362, 0.12640137211027025, 0.11566212687776048], BATTLES: 298-200-234-390-283-298-299-274-308-
28, 4, -2584.0, [0.3600794948695669, 0.6673773293492218, 0.11127339797290944, 0.04327300299373013, 0.7305480576003602, 0.8230002536337169, 0.9614108127565262, 0.0613382672788567, 0.37049596723559064, 0.7225038059912473, 0.2422741483583784, 0.0442121959602821, 0.068347080149159, 0.31439988989303463, 0.13014189416755823, 0.6171093032016476, 0.06150700588589836, 0.8452691207979418, 0.23837174273433137, 0.19848937036617526, 0.11265709342756332], BATTLES: 301-193-218-388-299-296-308-283-298-
28, 5, -2744.0, [0.2545106289595445, 0.6665898344258622, 0.09967328407131801, 0.010296917813513773, 0.5333065695965769, 0.8754619706143847, 0.9749330071609592, 0.050173160904110364, 0.31629600578071815, 0.6039864776065098, 0.1295350955178452, 0.13911632570543717, 0.011254096987937619, 0.2838904629042259, 0.2152069521419844, 0.5658988971649515, 0.34269260900292, 0.969861055237917, 0.08437170826040412, 0.09401241467017854, 0.12527395899426544], BATTLES: 297-213-256-380-296-322-349-261-295-
28, 6, -2624.0, [0.3224985681614481, 0.649686725289481, 0.06574427637401087, 0.08106185022095404, 0.6643291698582731, 0.9255195244572698, 0.9658602695148323, 0.0695263300928506, 0.35449200100859246, 0.6710018381945091, 0.21246918284592592, 0.007586803299551248, 0.12455746408931258, 0.22970418180253968, 0.21774607426182205, 0.3788111317037795, 0.5027500112443525, 0.7550145584482116, 0.0760493803571348, 0.255894900687275, 0.09353022402163777], BATTLES: 278-207-250-372-290-288-312-277-310-
28, 7, -2649.0, [0.409276759827381, 0.6194079049080146, 0.11047265257551935, 0.027401701291128552, 0.6916096168256134, 0.8231336656366195, 0.9682137087178844, 0.05820898083317963, 0.3138698406143532, 0.7373407224937699, 0.24764890433958864, 0.050697847705263366, 0.2167124915874509, 0.20542149327890513, 0.4734329582619805, 0.5591463300882368, 0.13869009998217524, 0.8681702856133693, 0.09593658740878855, 0.2335383223673439, 0.16280162605549392], BATTLES: 284-188-221-387-297-303-373-324-272-
28, 8, -2599.0, [0.34871034250258526, 0.8988219130709877, 0.08085654833176016, 0.17371838491159508, 0.658596179548106, 0.9186818818168243, 0.9915017042790091, 0.1231730847146785, 0.6148149895648731, 0.5986907576429922, 0.34409061453303874, 0.10274488059613872, 0.22761365225378544, 0.2843414752651521, 0.3745433003598611, 0.7035868404485011, 0.41956126338716, 0.5563514341368987, 0.13654144455637818, 0.18822647230498957, 0.14612349469890695], BATTLES: 276-198-240-396-313-324-299-227-318-
28, 9, -2679.0, [0.27641886407141286, 0.772974618897453, 0.11623119725237674, 0.11655379182944496, 0.6423435757918704, 0.9998801247215457, 0.9602489560328576, 0.031162002781356852, 0.21772673051688973, 0.6141504346389592, 0.13189057607890242, 0.15257399285068388, 0.2779584377993972, 0.2994638426219811, 0.05773543978434645, 0.6393953784539018, 0.5618916379671189, 0.952229095265904, 0.11195590046362866, 0.10723908225939832, 0.13631559189110293], BATTLES: 311-211-247-381-280-299-361-287-302-
28, 10, -2652.0, [0.43454919369548656, 0.7323208375142702, 0.09442769972020511, 0.04148464373591827, 0.6238399404066454, 0.899379002685796, 0.9808540096401386, 0.08238081635076429, 0.4388533459994336, 0.6249584950645837, 0.08120230136984563, 0.1432547370041259, 0.02310844912094695, 0.12377327208445749, 0.14591539666869194, 0.17097231986108644, 0.17843379716741642, 0.9495037967806605, 0.17570511869152788, 0.2331140585452154, 0.07851555381019057], BATTLES: 281-222-259-379-292-299-360-253-284-
28, 11, -2635.0, [0.19728922737439789, 0.7140863511597239, 0.08764017173519605, 0.03187847813980993, 0.6708570364088374, 0.8966617030767905, 0.9712788476428013, 0.08444756224176098, 0.3384597425601261, 0.6651813354424438, 0.01119443721661155, 0.050445806491144364, 0.20750146206788958, 0.34845009790257925, 0.2465716572633475, 0.42281647272297657, 0.08494402907739415, 0.759885646677853, 0.0034216491090021534, 0.015502950106400681, 0.11841770221263206], BATTLES: 292-186-263-403-288-301-333-254-307-
28, 12, -2680.0, [0.3952256688649435, 0.7075173722410129, 0.13757118558237014, 0.03828648603913959, 0.685625287722818, 0.8992146952334628, 0.9347443546463314, 0.10593530064889528, 0.25507389825730387, 0.6392577777872134, 0.18592712848517676, 0.06123679961961993, 0.19414316002229579, 0.23846293480307668, 0.20944646265186861, 0.4858261848666736, 0.44144014141740134, 0.9363325646917455, 0.08171827078605658, 0.2547230104873452, 0.08948775658483282], BATTLES: 277-220-242-390-293-299-358-304-288-
28, 13, -2580.0, [0.423734510707796, 0.6686560314726273, 0.07463692521829166, 0.0899704056239366, 0.5933248065941232, 0.8380154527768633, 0.9647390949571076, 0.07567249054353445, 0.3082450316045912, 0.9064785293197517, 0.13587214899992242, 0.023265088210725256, 0.006341662734389089, 0.15894671613600406, 0.01066991148498905, 0.30293469979436094, 0.028592695572751937, 0.8312176053295153, 0.005005602195126111, 0.07675510381970935, 0.20911163493114895], BATTLES: 302-183-225-360-280-280-368-299-280-
28, 14, -2571.0, [0.5564338118124641, 0.7286568309072425, 0.1502471732997198, 0.04139563219603929, 0.6440542812597249, 0.9169761752624641, 0.9589859460093026, 0.07691741423134547, 0.5164715615199085, 0.6908891922489692, 0.2645318680046268, 0.033989362651349025, 0.10253337660978895, 0.12402960860778699, 0.18748204145442227, 0.6755038847489101, 0.40779543838015225, 0.9963183883308346, 0.15248157014749109, 0.0820831738518201, 0.09945925886693764], BATTLES: 272-179-193-386-303-277-356-328-277-
29, 0, -2601.0, [0.4343626153082602, 0.6230235254512434, 0.04671901932511259, 0.010242792368647863, 0.6391941117441357, 0.8592728829870171, 0.9559237071432252, 0.09406739087281406, 0.4084876593980766, 0.594361161191628, 0.19329068402097005, 0.036215154998828665, 1.1951234232920882e-05, 0.17738814844311684, 0.02031985754385667, 0.4050654471723114, 0.05915798103641, 0.9613293326977316, 0.0080508328696191, 0.2219958947759893, 0.21237133472608305], BATTLES: 308-196-229-397-270-285-363-295-258-
29, 1, -2719.0, [0.33657418766524067, 0.6566859946188395, 0.0971846171244759, 0.11352450548251097, 0.5909674192474652, 0.9054427451702755, 0.9877302432918547, 0.07313182235567932, 0.4188962515911337, 0.6055457970189868, 0.3087590599125477, 0.034387225354154005, 0.06715014794767532, 0.20916264649496097, 0.3500496265445613, 0.6766323049780962, 0.3061597525533799, 0.9576460453388781, 0.0006863802000486446, 0.13360241870437845, 0.12348692491188606], BATTLES: 305-193-254-409-285-307-359-288-319-
29, 2, -2619.0, [0.24068543633826534, 0.7673553495877724, 0.08132158009225911, 0.10657147493846628, 0.6816153998933858, 0.8923418758239369, 0.9793929599655467, 0.08355383550888695, 0.18924639448352587, 0.7129425306720322, 0.008015488986691119, 0.09839736536488627, 0.3511691346215346, 0.21667402227825452, 0.3538330160103712, 0.5143621985207091, 0.3285176393349627, 0.7952942250898997, 0.11647993641824766, 0.39772316647713024, 0.06155982466417023], BATTLES: 299-208-240-386-275-329-311-268-303-
29, 3, -2600.0, [0.3184255094793889, 0.8304315088904316, 0.10827257431647563, 0.173369487990342, 0.5574798112808417, 0.9049881910731356, 0.9437590883986605, 0.11940798397047804, 0.40541623392268683, 0.6623800426933791, 0.27150903887236943, 0.3066466424644225, 0.030146465537233075, 0.23147061874723893, 0.0674159030056229, 0.1391342606590287, 0.03592590210921853, 0.5777713683310726, 0.12905107569327362, 0.12640137211027025, 0.11566212687776048], BATTLES: 300-203-241-380-286-303-332-269-286-
29, 4, -2627.0, [0.3600794948695669, 0.6812363262085323, 0.11453896991228102, 0.021636501496865065, 0.7305480576003602, 0.8942431131741495, 0.9614108127565262, 0.0613382672788567, 0.37049596723559064, 0.5900954051071216, 0.2422741483583784, 0.020102391030984795, 0.12281825876030605, 0.2637421660711067, 0.40377189757985665, 0.8945426979226243, 0.06150700588589836, 0.8452691207979418, 0.23837174273433137, 0.26051674755342824, 0.04402259560359785], BATTLES: 266-223-237-387-277-305-333-273-305-
29, 5, -2667.0, [0.3769941232358818, 0.6665898344258622, 0.144803124553924, 0.0051484589067568864, 0.6885995367450021, 0.8754619706143847, 0.9749330071609592, 0.050173160904110364, 0.23549141295006534, 0.6622920197228066, 0.19685496955223214, 0.06955816285271858, 0.16797197066251937, 0.24608396577206693, 0.3912579972555146, 0.7457046895274188, 0.44927919738876904, 0.969861055237917, 0.11099587754798337, 0.2732710972077241, 0.16622030945416885], BATTLES: 293-204-239-371-277-285-355-310-294-
29, 6, -2651.0, [0.3224985681614481, 0.649686725289481, 0.06574427637401087, 0.08106185022095404, 0.6643291698582731, 0.9255195244572698, 0.9658602695148323, 0.0695263300928506, 0.35449200100859246, 0.6710018381945091, 0.21246918284592592, 0.007586803299551248, 0.12455746408931258, 0.22970418180253968, 0.21774607426182205, 0.3788111317037795, 0.5027500112443525, 0.7550145584482116, 0.0760493803571348, 0.255894900687275, 0.09353022402163777], BATTLES: 291-202-261-377-294-326-328-248-324-
29, 7, -2691.0, [0.409276759827381, 0.6194079049080146, 0.11047265257551935, 0.027401701291128552, 0.6916096168256134, 0.8231336656366195, 0.9682137087178844, 0.05820898083317963, 0.3138698406143532, 0.7373407224937699, 0.24764890433958864, 0.050697847705263366, 0.2167124915874509, 0.20542149327890513, 0.4734329582619805, 0.5591463300882368, 0.13869009998217524, 0.8681702856133693, 0.09593658740878855, 0.2335383223673439, 0.16280162605549392], BATTLES: 303-197-214-396-303-306-375-327-270-
29, 8, -2632.0, [0.3088715272769951, 0.828762008108291, 0.08085654833176016, 0.07913935808157427, 0.608631503826381, 0.9004033755273791, 0.9748843774882143, 0.1231730847146785, 0.6148149895648731, 0.5986907576429922, 0.2934194563725717, 0.10274488059613872, 0.10516808201956812, 0.2843414752651521, 0.27864554548662473, 0.7035868404485011, 0.41956126338716, 0.7312323628514035, 0.15089260755140374, 0.17843311105355888, 0.14612349469890695], BATTLES: 259-224-256-390-310-290-313-262-287-
29, 9, -2746.0, [0.27641886407141286, 0.772974618897453, 0.11623119725237674, 0.11655379182944496, 0.6423435757918704, 0.9998801247215457, 0.9602489560328576, 0.031162002781356852, 0.21772673051688973, 0.6141504346389592, 0.13189057607890242, 0.15257399285068388, 0.2779584377993972, 0.2994638426219811, 0.05773543978434645, 0.6393953784539018, 0.5618916379671189, 0.952229095265904, 0.11195590046362866, 0.10723908225939832, 0.13631559189110293], BATTLES: 305-221-246-389-301-302-360-300-322-
29, 10, -2688.0, [0.44510353847756856, 0.5582522007972193, 0.11200966211149684, 0.020742321867959136, 0.6238399404066454, 0.899379002685796, 0.9904270048200693, 0.05947761622683344, 0.37375387088942486, 0.6249584950645837, 0.040601150684922815, 0.07162736850206294, 0.028260254363017726, 0.1416334937194273, 0.3684065072838145, 0.17097231986108644, 0.1509225398373405, 0.9495037967806605, 0.16595631018129742, 0.23836908335088208, 0.10033301813090294], BATTLES: 293-189-259-394-288-272-360-268-278-
29, 11, -2639.0, [0.19728922737439789, 0.7140863511597239, 0.08764017173519605, 0.03187847813980993, 0.6708570364088374, 0.8966617030767905, 0.9712788476428013, 0.08444756224176098, 0.3384597425601261, 0.6651813354424438, 0.01119443721661155, 0.050445806491144364, 0.20750146206788958, 0.34845009790257925, 0.2465716572633475, 0.42281647272297657, 0.08494402907739415, 0.759885646677853, 0.0034216491090021534, 0.015502950106400681, 0.11841770221263206], BATTLES: 288-196-248-374-302-301-344-267-319-
29, 12, -2619.0, [0.3952256688649435, 0.7075173722410129, 0.13757118558237014, 0.03828648603913959, 0.685625287722818, 0.8992146952334628, 0.9347443546463314, 0.10593530064889528, 0.25507389825730387, 0.6392577777872134, 0.18592712848517676, 0.06123679961961993, 0.19414316002229579, 0.23846293480307668, 0.20944646265186861, 0.4858261848666736, 0.44144014141740134, 0.9363325646917455, 0.08171827078605658, 0.2547230104873452, 0.08948775658483282], BATTLES: 284-212-231-365-291-281-361-331-263-
29, 13, -2562.0, [0.423734510707796, 0.7595393443533047, 0.06569813202926479, 0.0957158566747438, 0.5606266087945941, 0.8619012019233242, 0.9865441713662253, 0.07567249054353445, 0.36256383210598114, 0.632182775562326, 0.13587214899992242, 0.023265088210725256, 0.10331074863551434, 0.15894671613600406, 0.01066991148498905, 0.46134139089154336, 0.19496080956078363, 0.6954426234445961, 0.005005602195126111, 0.07675510381970935, 0.19013303610587248], BATTLES: 285-193-209-361-284-271-358-323-268-
29, 14, -2516.0, [0.5564338118124641, 0.7286568309072425, 0.1502471732997198, 0.04139563219603929, 0.6440542812597249, 0.9169761752624641, 0.9589859460093026, 0.07691741423134547, 0.5164715615199085, 0.6908891922489692, 0.2645318680046268, 0.033989362651349025, 0.10253337660978895, 0.12402960860778699, 0.18748204145442227, 0.6755038847489101, 0.40779543838015225, 0.9963183883308346, 0.15248157014749109, 0.0820831738518201, 0.09945925886693764], BATTLES: 256-179-214-374-282-257-380-313-261-
30, 0, -2557.0, [0.4343626153082602, 0.6230235254512434, 0.04671901932511259, 0.010242792368647863, 0.6391941117441357, 0.8592728829870171, 0.9559237071432252, 0.09406739087281406, 0.4084876593980766, 0.594361161191628, 0.19329068402097005, 0.036215154998828665, 1.1951234232920882e-05, 0.17738814844311684, 0.02031985754385667, 0.4050654471723114, 0.05915798103641, 0.9613293326977316, 0.0080508328696191, 0.2219958947759893, 0.21237133472608305], BATTLES: 270-194-207-391-290-291-355-300-259-
30, 1, -2688.0, [0.33657418766524067, 0.6566859946188395, 0.0971846171244759, 0.11352450548251097, 0.5909674192474652, 0.9054427451702755, 0.9877302432918547, 0.07313182235567932, 0.4188962515911337, 0.6055457970189868, 0.3087590599125477, 0.034387225354154005, 0.06715014794767532, 0.20916264649496097, 0.3500496265445613, 0.6766323049780962, 0.3061597525533799, 0.9576460453388781, 0.0006863802000486446, 0.13360241870437845, 0.12348692491188606], BATTLES: 309-206-233-398-292-305-367-293-285-
30, 2, -2628.0, [0.24068543633826534, 0.7673553495877724, 0.08132158009225911, 0.10657147493846628, 0.6816153998933858, 0.8923418758239369, 0.9793929599655467, 0.08355383550888695, 0.18924639448352587, 0.7129425306720322, 0.008015488986691119, 0.09839736536488627, 0.3511691346215346, 0.21667402227825452, 0.3538330160103712, 0.5143621985207091, 0.3285176393349627, 0.7952942250898997, 0.11647993641824766, 0.39772316647713024, 0.06155982466417023], BATTLES: 312-203-261-371-296-293-339-242-311-
30, 3, -2601.0, [0.3184255094793889, 0.8304315088904316, 0.10827257431647563, 0.14623171020840736, 0.5574798112808417, 0.9049881910731356, 0.9437590883986605, 0.0982437190778769, 0.40541623392268683, 0.6623800426933791, 0.23530794369992525, 0.3066466424644225, 0.14303550229564677, 0.23147061874723893, 0.0674159030056229, 0.3011061529873123, 0.03592590210921853, 0.5777713683310726, 0.0844737594397215, 0.17832988526046623, 0.11566212687776048], BATTLES: 296-191-241-399-300-281-324-264-296-
30, 4, -2609.0, [0.3600794948695669, 0.6812363262085323, 0.11453896991228102, 0.021636501496865065, 0.7305480576003602, 0.8942431131741495, 0.9614108127565262, 0.0613382672788567, 0.37049596723559064, 0.5900954051071216, 0.2422741483583784, 0.020102391030984795, 0.12281825876030605, 0.2637421660711067, 0.40377189757985665, 0.8945426979226243, 0.06150700588589836, 0.8452691207979418, 0.23837174273433137, 0.26051674755342824, 0.04402259560359785], BATTLES: 287-207-237-396-300-294-329-267-292-
30, 5, -2629.0, [0.3769941232358818, 0.6665898344258622, 0.144803124553924, 0.0051484589067568864, 0.6885995367450021, 0.8754619706143847, 0.9749330071609592, 0.050173160904110364, 0.23549141295006534, 0.6622920197228066, 0.19685496955223214, 0.06955816285271858, 0.16797197066251937, 0.24608396577206693, 0.3912579972555146, 0.7457046895274188, 0.44927919738876904, 0.969861055237917, 0.11099587754798337, 0.2732710972077241, 0.16622030945416885], BATTLES: 279-206-229-373-271-302-345-342-282-
30, 6, -2637.0, [0.3224985681614481, 0.649686725289481, 0.06574427637401087, 0.08106185022095404, 0.6643291698582731, 0.9255195244572698, 0.9658602695148323, 0.0695263300928506, 0.35449200100859246, 0.6710018381945091, 0.21246918284592592, 0.007586803299551248, 0.12455746408931258, 0.22970418180253968, 0.21774607426182205, 0.3788111317037795, 0.5027500112443525, 0.7550145584482116, 0.0760493803571348, 0.255894900687275, 0.09353022402163777], BATTLES: 287-194-263-379-305-290-345-260-314-
30, 7, -2690.0, [0.409276759827381, 0.6194079049080146, 0.11047265257551935, 0.027401701291128552, 0.6916096168256134, 0.8231336656366195, 0.9682137087178844, 0.05820898083317963, 0.3138698406143532, 0.7373407224937699, 0.24764890433958864, 0.050697847705263366, 0.2167124915874509, 0.20542149327890513, 0.4734329582619805, 0.5591463300882368, 0.13869009998217524, 0.8681702856133693, 0.09593658740878855, 0.2335383223673439, 0.16280162605549392], BATTLES: 309-191-229-387-306-292-356-339-281-
30, 8, -2624.0, [0.3088715272769951, 0.828762008108291, 0.08085654833176016, 0.07913935808157427, 0.608631503826381, 0.9004033755273791, 0.9748843774882143, 0.1231730847146785, 0.6148149895648731, 0.5986907576429922, 0.2934194563725717, 0.10274488059613872, 0.10516808201956812, 0.2843414752651521, 0.27864554548662473, 0.7035868404485011, 0.41956126338716, 0.7312323628514035, 0.15089260755140374, 0.17843311105355888, 0.14612349469890695], BATTLES: 276-183-270-375-290-334-307-267-322-
30, 9, -2672.0, [0.27641886407141286, 0.772974618897453, 0.11623119725237674, 0.11655379182944496, 0.6423435757918704, 0.9998801247215457, 0.9602489560328576, 0.031162002781356852, 0.21772673051688973, 0.6141504346389592, 0.13189057607890242, 0.15257399285068388, 0.2779584377993972, 0.2994638426219811, 0.05773543978434645, 0.6393953784539018, 0.5618916379671189, 0.952229095265904, 0.11195590046362866, 0.10723908225939832, 0.13631559189110293], BATTLES: 296-215-242-382-288-300-349-287-313-
30, 10, -2663.0, [0.44510353847756856, 0.5582522007972193, 0.11200966211149684, 0.020742321867959136, 0.6238399404066454, 0.899379002685796, 0.9904270048200693, 0.05947761622683344, 0.37375387088942486, 0.6249584950645837, 0.040601150684922815, 0.07162736850206294, 0.028260254363017726, 0.1416334937194273, 0.3684065072838145, 0.17097231986108644, 0.1509225398373405, 0.9495037967806605, 0.16595631018129742, 0.23836908335088208, 0.10033301813090294], BATTLES: 315-199-231-373-308-290-339-317-291-
30, 11, -2653.0, [0.19728922737439789, 0.7140863511597239, 0.08764017173519605, 0.03187847813980993, 0.6708570364088374, 0.8966617030767905, 0.9712788476428013, 0.08444756224176098, 0.3384597425601261, 0.6651813354424438, 0.01119443721661155, 0.050445806491144364, 0.20750146206788958, 0.34845009790257925, 0.2465716572633475, 0.42281647272297657, 0.08494402907739415, 0.759885646677853, 0.0034216491090021534, 0.015502950106400681, 0.11841770221263206], BATTLES: 283-196-266-387-296-325-334-254-312-
30, 12, -2668.0, [0.3248867548626435, 0.6079196800224576, 0.13757118558237014, 0.019143243019569794, 0.7043955075078877, 0.9491199232498069, 0.9347443546463314, 0.10593530064889528, 0.0706683991310767, 0.6171927851163057, 0.18592712848517676, 0.06692918026661926, 0.19414316002229579, 0.2649136669909587, 0.12925780802443793, 0.7113850777772381, 0.44144014141740134, 0.9681662823458728, 0.08171827078605658, 0.20549408774947794, 0.05330074772256427], BATTLES: 284-198-228-380-297-265-368-325-269-
30, 13, -2592.0, [0.423734510707796, 0.7672034822054803, 0.06569813202926479, 0.0478579283373719, 0.5606266087945941, 0.9748637690822026, 0.9679923206542491, 0.07567249054353445, 0.3997180500070108, 0.5827720702418788, 0.2739816340991178, 0.028905860869457144, 0.09185800709876096, 0.1626786066287098, 0.11231604507197346, 0.46134139089154336, 0.4021634282304291, 0.6954426234445961, 0.005005602195126111, 0.07675510381970935, 0.19013303610587248], BATTLES: 278-174-197-393-265-241-395-316-280-
30, 14, -2634.0, [0.5564338118124641, 0.7286568309072425, 0.1502471732997198, 0.04139563219603929, 0.6440542812597249, 0.9169761752624641, 0.9589859460093026, 0.07691741423134547, 0.5164715615199085, 0.6908891922489692, 0.2645318680046268, 0.033989362651349025, 0.10253337660978895, 0.12402960860778699, 0.18748204145442227, 0.6755038847489101, 0.40779543838015225, 0.9963183883308346, 0.15248157014749109, 0.0820831738518201, 0.09945925886693764], BATTLES: 297-200-229-368-269-268-363-354-286-
31, 0, -2658.0, [0.39338004247664277, 0.6230235254512434, 0.09052350899443656, 0.010242792368647863, 0.6391941117441357, 0.8592728829870171, 0.9559237071432252, 0.09406739087281406, 0.4084876593980766, 0.594361161191628, 0.19329068402097005, 0.036215154998828665, 1.1951234232920882e-05, 0.17738814844311684, 0.29118485916655634, 0.4050654471723114, 0.42901839173994577, 0.9613293326977316, 0.05129232832603444, 0.2219958947759893, 0.19470822713581645], BATTLES: 272-198-202-384-283-283-393-283-271-
31, 1, -2669.0, [0.33657418766524067, 0.6566859946188395, 0.0971846171244759, 0.11352450548251097, 0.5909674192474652, 0.9054427451702755, 0.9877302432918547, 0.07313182235567932, 0.4188962515911337, 0.6055457970189868, 0.3087590599125477, 0.034387225354154005, 0.06715014794767532, 0.20916264649496097, 0.3500496265445613, 0.6766323049780962, 0.3061597525533799, 0.9576460453388781, 0.0006863802000486446, 0.13360241870437845, 0.12348692491188606], BATTLES: 293-190-239-381-331-315-359-267-294-
31, 2, -2676.0, [0.24068543633826534, 0.7673553495877724, 0.08132158009225911, 0.10657147493846628, 0.6816153998933858, 0.8923418758239369, 0.9793929599655467, 0.08355383550888695, 0.18924639448352587, 0.7129425306720322, 0.008015488986691119, 0.09839736536488627, 0.3511691346215346, 0.21667402227825452, 0.3538330160103712, 0.5143621985207091, 0.3285176393349627, 0.7952942250898997, 0.11647993641824766, 0.39772316647713024, 0.06155982466417023], BATTLES: 286-208-267-395-310-338-295-259-318-
31, 3, -2646.0, [0.3532322319962672, 0.6579883501251632, 0.10827257431647563, 0.10566439787366312, 0.5488365520018577, 0.8786199895013083, 0.9498515463367719, 0.07354990549003912, 0.4657396561139117, 0.6269118935435315, 0.2892731379042422, 0.0672410296601473, 0.06391783956211838, 0.23147061874723893, 0.0674159030056229, 0.3011061529873123, 0.10716013018919224, 0.5777713683310726, 0.04223687971986075, 0.12660844058159473, 0.20294458131120746], BATTLES: 298-193-236-381-292-294-329-273-309-
31, 4, -2565.0, [0.3600794948695669, 0.6812363262085323, 0.11453896991228102, 0.021636501496865065, 0.7305480576003602, 0.8942431131741495, 0.9614108127565262, 0.0613382672788567, 0.37049596723559064, 0.5900954051071216, 0.2422741483583784, 0.020102391030984795, 0.12281825876030605, 0.2637421660711067, 0.40377189757985665, 0.8945426979226243, 0.06150700588589836, 0.8452691207979418, 0.23837174273433137, 0.26051674755342824, 0.04402259560359785], BATTLES: 299-197-221-376-287-294-314-289-288-
31, 5, -2679.0, [0.3769941232358818, 0.6665898344258622, 0.144803124553924, 0.022416284143719697, 0.6885995367450021, 0.8754619706143847, 0.9749330071609592, 0.050173160904110364, 0.23549141295006534, 0.6622920197228066, 0.24521164257926806, 0.0006746483002236375, 0.16797197066251937, 0.25416994201469545, 0.31046200838863913, 0.7457046895274188, 0.44927919738876904, 0.9849305276189585, 0.11099587754798337, 0.211049295206289, 0.16622030945416885], BATTLES: 300-204-232-354-295-296-347-339-276-
31, 6, -2630.0, [0.3224985681614481, 0.649686725289481, 0.06574427637401087, 0.08106185022095404, 0.6643291698582731, 0.9255195244572698, 0.9658602695148323, 0.0695263300928506, 0.35449200100859246, 0.6710018381945091, 0.21246918284592592, 0.007586803299551248, 0.12455746408931258, 0.22970418180253968, 0.21774607426182205, 0.3788111317037795, 0.5027500112443525, 0.7550145584482116, 0.0760493803571348, 0.255894900687275, 0.09353022402163777], BATTLES: 263-199-265-391-299-318-327-256-312-
31, 7, -2682.0, [0.409276759827381, 0.6194079049080146, 0.11047265257551935, 0.027401701291128552, 0.6916096168256134, 0.8231336656366195, 0.9682137087178844, 0.05820898083317963, 0.3138698406143532, 0.7373407224937699, 0.24764890433958864, 0.050697847705263366, 0.2167124915874509, 0.20542149327890513, 0.4734329582619805, 0.5591463300882368, 0.13869009998217524, 0.8681702856133693, 0.09593658740878855, 0.2335383223673439, 0.16280162605549392], BATTLES: 297-214-217-385-290-321-367-312-279-
31, 8, -2562.0, [0.3088715272769951, 0.828762008108291, 0.08085654833176016, 0.07913935808157427, 0.608631503826381, 0.9004033755273791, 0.9748843774882143, 0.1231730847146785, 0.6148149895648731, 0.5986907576429922, 0.2934194563725717, 0.10274488059613872, 0.10516808201956812, 0.2843414752651521, 0.27864554548662473, 0.7035868404485011, 0.41956126338716, 0.7312323628514035, 0.15089260755140374, 0.17843311105355888, 0.14612349469890695], BATTLES: 263-220-260-376-277-308-324-225-309-
31, 9, -2668.0, [0.27641886407141286, 0.772974618897453, 0.11623119725237674, 0.11655379182944496, 0.6423435757918704, 0.9998801247215457, 0.9602489560328576, 0.031162002781356852, 0.21772673051688973, 0.6141504346389592, 0.13189057607890242, 0.15257399285068388, 0.2779584377993972, 0.2994638426219811, 0.05773543978434645, 0.6393953784539018, 0.5618916379671189, 0.952229095265904, 0.11195590046362866, 0.10723908225939832, 0.13631559189110293], BATTLES: 304-202-259-376-286-301-356-281-303-
31, 10, -2687.0, [0.44510353847756856, 0.5582522007972193, 0.11200966211149684, 0.020742321867959136, 0.6238399404066454, 0.899379002685796, 0.9904270048200693, 0.05947761622683344, 0.37375387088942486, 0.6249584950645837, 0.040601150684922815, 0.07162736850206294, 0.028260254363017726, 0.1416334937194273, 0.3684065072838145, 0.17097231986108644, 0.1509225398373405, 0.9495037967806605, 0.16595631018129742, 0.23836908335088208, 0.10033301813090294], BATTLES: 289-210-205-411-306-306-367-305-288-
31, 11, -2674.0, [0.19728922737439789, 0.7140863511597239, 0.08764017173519605, 0.03187847813980993, 0.6708570364088374, 0.8966617030767905, 0.9712788476428013, 0.08444756224176098, 0.3384597425601261, 0.6651813354424438, 0.01119443721661155, 0.050445806491144364, 0.20750146206788958, 0.34845009790257925, 0.2465716572633475, 0.42281647272297657, 0.08494402907739415, 0.759885646677853, 0.0034216491090021534, 0.015502950106400681, 0.11841770221263206], BATTLES: 306-205-252-396-310-308-328-261-308-
31, 12, -2630.0, [0.3248867548626435, 0.6079196800224576, 0.13757118558237014, 0.019143243019569794, 0.7043955075078877, 0.9491199232498069, 0.9347443546463314, 0.10593530064889528, 0.0706683991310767, 0.6171927851163057, 0.18592712848517676, 0.06692918026661926, 0.19414316002229579, 0.2649136669909587, 0.12925780802443793, 0.7113850777772381, 0.44144014141740134, 0.9681662823458728, 0.08171827078605658, 0.20549408774947794, 0.05330074772256427], BATTLES: 294-222-223-348-278-288-361-331-285-
31, 13, -2551.0, [0.423734510707796, 0.7672034822054803, 0.08702638858084633, 0.02392896416868595, 0.6208033720208512, 0.9900061275781589, 0.9846952702938717, 0.07847067762450609, 0.43111380022288676, 0.4438714094663763, 0.25694148887041957, 0.0381369869047618, 0.09185800709876096, 0.23530597647314525, 0.4133741455807477, 0.570386661504541, 0.4021634282304291, 0.8439661602631875, 0.0025028010975630555, 0.06698820275943793, 0.079758362695531], BATTLES: 286-181-200-397-247-276-407-284-266-
31, 14, -2566.0, [0.5564338118124641, 0.7286568309072425, 0.1502471732997198, 0.04139563219603929, 0.6440542812597249, 0.9169761752624641, 0.9589859460093026, 0.07691741423134547, 0.5164715615199085, 0.6908891922489692, 0.2645318680046268, 0.033989362651349025, 0.10253337660978895, 0.12402960860778699, 0.18748204145442227, 0.6755038847489101, 0.40779543838015225, 0.9963183883308346, 0.15248157014749109, 0.0820831738518201, 0.09945925886693764], BATTLES: 266-196-231-368-290-264-340-329-282-
32, 0, -2612.0, [0.39338004247664277, 0.5350591532174532, 0.06674837508863583, 0.016007386388959873, 0.6302226250936644, 0.8962672439687268, 0.9831212044071481, 0.06957401037281856, 0.27918803755256655, 0.5076873419443462, 0.058707115822388634, 0.014574799048740733, 0.07245513712750459, 0.24292921703128384, 0.3618351631068075, 0.4050654471723114, 0.3086396871835757, 0.8182031565776733, 0.04450617636230712, 0.374252863919754, 0.19470822713581645], BATTLES: 297-183-219-388-292-287-359-312-273-
32, 1, -2685.0, [0.33657418766524067, 0.6566859946188395, 0.0971846171244759, 0.11352450548251097, 0.5909674192474652, 0.9054427451702755, 0.9877302432918547, 0.07313182235567932, 0.4188962515911337, 0.6055457970189868, 0.3087590599125477, 0.034387225354154005, 0.06715014794767532, 0.20916264649496097, 0.3500496265445613, 0.6766323049780962, 0.3061597525533799, 0.9576460453388781, 0.0006863802000486446, 0.13360241870437845, 0.12348692491188606], BATTLES: 273-196-251-388-309-294-382-290-302-
32, 2, -2633.0, [0.24068543633826534, 0.7673553495877724, 0.08132158009225911, 0.10657147493846628, 0.6816153998933858, 0.8923418758239369, 0.9793929599655467, 0.08355383550888695, 0.18924639448352587, 0.7129425306720322, 0.008015488986691119, 0.09839736536488627, 0.3511691346215346, 0.21667402227825452, 0.3538330160103712, 0.5143621985207091, 0.3285176393349627, 0.7952942250898997, 0.11647993641824766, 0.39772316647713024, 0.06155982466417023], BATTLES: 323-199-234-389-284-301-316-242-345-
32, 3, -2636.0, [0.3532322319962672, 0.6579883501251632, 0.10827257431647563, 0.10566439787366312, 0.5488365520018577, 0.8786199895013083, 0.9498515463367719, 0.07354990549003912, 0.4657396561139117, 0.6269118935435315, 0.2892731379042422, 0.0672410296601473, 0.06391783956211838, 0.23147061874723893, 0.0674159030056229, 0.3011061529873123, 0.10716013018919224, 0.5777713683310726, 0.04223687971986075, 0.12660844058159473, 0.20294458131120746], BATTLES: 310-206-235-379-275-298-347-286-300-
32, 4, -2612.0, [0.3600794948695669, 0.6812363262085323, 0.11453896991228102, 0.021636501496865065, 0.7305480576003602, 0.8942431131741495, 0.9614108127565262, 0.0613382672788567, 0.37049596723559064, 0.5900954051071216, 0.2422741483583784, 0.020102391030984795, 0.12281825876030605, 0.2637421660711067, 0.40377189757985665, 0.8945426979226243, 0.06150700588589836, 0.8452691207979418, 0.23837174273433137, 0.26051674755342824, 0.04402259560359785], BATTLES: 284-208-218-372-299-289-342-290-310-
32, 5, -2671.0, [0.3769941232358818, 0.6665898344258622, 0.144803124553924, 0.022416284143719697, 0.6885995367450021, 0.8754619706143847, 0.9749330071609592, 0.050173160904110364, 0.23549141295006534, 0.6622920197228066, 0.24521164257926806, 0.0006746483002236375, 0.16797197066251937, 0.25416994201469545, 0.31046200838863913, 0.7457046895274188, 0.44927919738876904, 0.9849305276189585, 0.11099587754798337, 0.211049295206289, 0.16622030945416885], BATTLES: 315-207-211-366-295-307-366-334-270-
32, 6, -2697.0, [0.3224985681614481, 0.649686725289481, 0.06574427637401087, 0.08106185022095404, 0.6643291698582731, 0.9255195244572698, 0.9658602695148323, 0.0695263300928506, 0.35449200100859246, 0.6710018381945091, 0.21246918284592592, 0.007586803299551248, 0.12455746408931258, 0.22970418180253968, 0.21774607426182205, 0.3788111317037795, 0.5027500112443525, 0.7550145584482116, 0.0760493803571348, 0.255894900687275, 0.09353022402163777], BATTLES: 279-216-261-389-312-300-366-272-302-
32, 7, -2625.0, [0.409276759827381, 0.6194079049080146, 0.11047265257551935, 0.027401701291128552, 0.6916096168256134, 0.8231336656366195, 0.9682137087178844, 0.05820898083317963, 0.3138698406143532, 0.7373407224937699, 0.24764890433958864, 0.050697847705263366, 0.2167124915874509, 0.20542149327890513, 0.4734329582619805, 0.5591463300882368, 0.13869009998217524, 0.8681702856133693, 0.09593658740878855, 0.2335383223673439, 0.16280162605549392], BATTLES: 299-205-202-387-300-298-350-327-257-
32, 8, -2627.0, [0.3088715272769951, 0.828762008108291, 0.08085654833176016, 0.07913935808157427, 0.608631503826381, 0.9004033755273791, 0.9748843774882143, 0.1231730847146785, 0.6148149895648731, 0.5986907576429922, 0.2934194563725717, 0.10274488059613872, 0.10516808201956812, 0.2843414752651521, 0.27864554548662473, 0.7035868404485011, 0.41956126338716, 0.7312323628514035, 0.15089260755140374, 0.17843311105355888, 0.14612349469890695], BATTLES: 295-202-265-370-304-310-330-240-311-
32, 9, -2644.0, [0.27641886407141286, 0.772974618897453, 0.11623119725237674, 0.11655379182944496, 0.6423435757918704, 0.9998801247215457, 0.9602489560328576, 0.031162002781356852, 0.21772673051688973, 0.6141504346389592, 0.13189057607890242, 0.15257399285068388, 0.2779584377993972, 0.2994638426219811, 0.05773543978434645, 0.6393953784539018, 0.5618916379671189, 0.952229095265904, 0.11195590046362866, 0.10723908225939832, 0.13631559189110293], BATTLES: 300-206-235-371-271-292-372-286-311-
32, 10, -2660.0, [0.39252436940668406, 0.5582522007972193, 0.11200966211149684, 0.020742321867959136, 0.6761534841023042, 0.8957648929201762, 0.9925088977710759, 0.05947761622683344, 0.3446914247042761, 0.6249584950645837, 0.040601150684922815, 0.03581368425103147, 0.073483649126275, 0.1924084036427956, 0.4169071581940646, 0.2941045039707577, 0.1509225398373405, 0.9747518983903303, 0.16595631018129742, 0.23836908335088208, 0.13020219855653825], BATTLES: 295-217-220-389-302-281-353-312-275-
32, 11, -2709.0, [0.19728922737439789, 0.7140863511597239, 0.09358526616672637, 0.06035502075514025, 0.6708570364088374, 0.8943815880455186, 0.9712788476428013, 0.08444756224176098, 0.3384597425601261, 0.6903909127658338, 0.01119443721661155, 0.03794911015325077, 0.28605217912350916, 0.2883224039514539, 0.42062342322111984, 0.42281647272297657, 0.19898725112441762, 0.7785751977056047, 0.0034216491090021534, 0.015502950106400681, 0.11841770221263206], BATTLES: 285-205-274-407-295-329-323-265-294-
32, 12, -2660.0, [0.3248867548626435, 0.6079196800224576, 0.13757118558237014, 0.019143243019569794, 0.7043955075078877, 0.9491199232498069, 0.9347443546463314, 0.10593530064889528, 0.0706683991310767, 0.6171927851163057, 0.18592712848517676, 0.06692918026661926, 0.19414316002229579, 0.2649136669909587, 0.12925780802443793, 0.7113850777772381, 0.44144014141740134, 0.9681662823458728, 0.08171827078605658, 0.20549408774947794, 0.05330074772256427], BATTLES: 290-203-200-387-280-283-375-357-285-
32, 13, -2581.0, [0.423734510707796, 0.4238576889388733, 0.08702638858084633, 0.02392896416868595, 0.6208033720208512, 0.9900061275781589, 0.9923476351469358, 0.044168810112158924, 0.4859153002379817, 0.4678503561153743, 0.25694148887041957, 0.0381369869047618, 0.011458189859062558, 0.1456538349610519, 0.5691086022717786, 0.570386661504541, 0.02374857552794346, 0.9219830801315938, 0.0025028010975630555, 0.06698820275943793, 0.06738220960925648], BATTLES: 275-198-214-401-271-251-386-299-273-
32, 14, -2518.0, [0.5564338118124641, 0.7286568309072425, 0.1502471732997198, 0.04139563219603929, 0.6440542812597249, 0.9169761752624641, 0.9589859460093026, 0.07691741423134547, 0.5164715615199085, 0.6908891922489692, 0.2645318680046268, 0.033989362651349025, 0.10253337660978895, 0.12402960860778699, 0.18748204145442227, 0.6755038847489101, 0.40779543838015225, 0.9963183883308346, 0.15248157014749109, 0.0820831738518201, 0.09945925886693764], BATTLES: 280-184-208-366-277-263-359-325-256-
33, 0, -2615.0, [0.39338004247664277, 0.6498927278946844, 0.06674837508863583, 0.008003693194479937, 0.6302226250936644, 0.8962672439687268, 0.9831212044071481, 0.06957401037281856, 0.27918803755256655, 0.5076873419443462, 0.02288453508663738, 0.0072873995243703665, 0.07245513712750459, 0.24348327702840175, 0.6121849330608602, 0.4050654471723114, 0.3086396871835757, 0.8182031565776733, 0.04450617636230712, 0.374252863919754, 0.06886154219668358], BATTLES: 304-192-226-380-294-284-334-292-282-
33, 1, -2644.0, [0.33657418766524067, 0.6566859946188395, 0.0971846171244759, 0.11352450548251097, 0.5909674192474652, 0.9054427451702755, 0.9877302432918547, 0.07313182235567932, 0.4188962515911337, 0.6055457970189868, 0.3087590599125477, 0.034387225354154005, 0.06715014794767532, 0.20916264649496097, 0.3500496265445613, 0.6766323049780962, 0.3061597525533799, 0.9576460453388781, 0.0006863802000486446, 0.13360241870437845, 0.12348692491188606], BATTLES: 280-188-241-391-299-304-343-301-297-
33, 2, -2641.0, [0.24068543633826534, 0.7673553495877724, 0.08132158009225911, 0.10657147493846628, 0.6816153998933858, 0.8923418758239369, 0.9793929599655467, 0.08355383550888695, 0.18924639448352587, 0.7129425306720322, 0.008015488986691119, 0.09839736536488627, 0.3511691346215346, 0.21667402227825452, 0.3538330160103712, 0.5143621985207091, 0.3285176393349627, 0.7952942250898997, 0.11647993641824766, 0.39772316647713024, 0.06155982466417023], BATTLES: 316-223-265-353-305-304-316-241-318-
33, 3, -2642.0, [0.3532322319962672, 0.6579883501251632, 0.10827257431647563, 0.10566439787366312, 0.5488365520018577, 0.8786199895013083, 0.9498515463367719, 0.07354990549003912, 0.4657396561139117, 0.6269118935435315, 0.2892731379042422, 0.0672410296601473, 0.06391783956211838, 0.23147061874723893, 0.0674159030056229, 0.3011061529873123, 0.10716013018919224, 0.5777713683310726, 0.04223687971986075, 0.12660844058159473, 0.20294458131120746], BATTLES: 296-197-236-381-294-281-358-289-310-
33, 4, -2634.0, [0.2258761011003948, 0.6812363262085323, 0.08029893425281531, 0.047029042009270314, 0.7305480576003602, 0.8942431131741495, 0.9614108127565262, 0.0613382672788567, 0.37049596723559064, 0.5900954051071216, 0.08777629205492699, 0.010051195515492398, 0.2894580203037126, 0.2637421660711067, 0.40377189757985665, 0.8945426979226243, 0.06150700588589836, 0.8452691207979418, 0.23837174273433137, 0.26051674755342824, 0.04402259560359785], BATTLES: 304-198-220-365-298-304-336-284-278-
33, 5, -2638.0, [0.2973426816395462, 0.6925891207177964, 0.144803124553924, 0.10464153959443635, 0.705012914859233, 0.8902197109059952, 0.972480722362874, 0.050173160904110364, 0.23549141295006534, 0.626972285090337, 0.10897251574289395, 0.0006746483002236375, 0.2821053339193256, 0.25416994201469545, 0.31046200838863913, 0.5732140720340859, 0.12453108625337739, 0.9849305276189585, 0.05549793877399169, 0.211049295206289, 0.18453868977938098], BATTLES: 297-212-222-362-291-286-360-329-267-
33, 6, -2697.0, [0.3224985681614481, 0.649686725289481, 0.06574427637401087, 0.08106185022095404, 0.6643291698582731, 0.9255195244572698, 0.9658602695148323, 0.0695263300928506, 0.35449200100859246, 0.6710018381945091, 0.21246918284592592, 0.007586803299551248, 0.12455746408931258, 0.22970418180253968, 0.21774607426182205, 0.3788111317037795, 0.5027500112443525, 0.7550145584482116, 0.0760493803571348, 0.255894900687275, 0.09353022402163777], BATTLES: 280-201-278-409-306-319-355-247-302-
33, 7, -2637.0, [0.36043010496009364, 0.6300210442581151, 0.11047265257551935, 0.046210315066848126, 0.7003840585176951, 0.8577545102853711, 0.9681185280544157, 0.06217586604381241, 0.31792167804404087, 0.7373407224937699, 0.23531793233321194, 0.050697847705263366, 0.20026231447130688, 0.20542149327890513, 0.4008113588897819, 0.5390958937074423, 0.26629806229155795, 0.8681702856133693, 0.0889658502048816, 0.2413746078669633, 0.14899061019149548], BATTLES: 290-196-201-391-287-287-365-327-266-
33, 8, -2654.0, [0.3088715272769951, 0.828762008108291, 0.08085654833176016, 0.07913935808157427, 0.608631503826381, 0.9004033755273791, 0.9748843774882143, 0.1231730847146785, 0.6148149895648731, 0.5986907576429922, 0.2934194563725717, 0.10274488059613872, 0.10516808201956812, 0.2843414752651521, 0.27864554548662473, 0.7035868404485011, 0.41956126338716, 0.7312323628514035, 0.15089260755140374, 0.17843311105355888, 0.14612349469890695], BATTLES: 283-216-269-399-291-312-325-248-311-
33, 9, -2664.0, [0.27641886407141286, 0.772974618897453, 0.11623119725237674, 0.11655379182944496, 0.6423435757918704, 0.9998801247215457, 0.9602489560328576, 0.031162002781356852, 0.21772673051688973, 0.6141504346389592, 0.13189057607890242, 0.15257399285068388, 0.2779584377993972, 0.2994638426219811, 0.05773543978434645, 0.6393953784539018, 0.5618916379671189, 0.952229095265904, 0.11195590046362866, 0.10723908225939832, 0.13631559189110293], BATTLES: 292-189-252-390-295-298-353-292-303-
33, 10, -2632.0, [0.39252436940668406, 0.5582522007972193, 0.11200966211149684, 0.020742321867959136, 0.6761534841023042, 0.9724925758396502, 0.9925088977710759, 0.05947761622683344, 0.3446914247042761, 0.6249584950645837, 0.020300575342461408, 0.03581368425103147, 0.073483649126275, 0.1924084036427956, 0.4169071581940646, 0.43126845692426397, 0.41419206151200694, 0.9296762762569751, 0.16595631018129742, 0.10558866839267836, 0.08644212920813513], BATTLES: 286-195-237-373-275-286-328-285-286-
33, 11, -2605.0, [0.19728922737439789, 0.7140863511597239, 0.09358526616672637, 0.06035502075514025, 0.6708570364088374, 0.8943815880455186, 0.9712788476428013, 0.08444756224176098, 0.3384597425601261, 0.6903909127658338, 0.01119443721661155, 0.03794911015325077, 0.28605217912350916, 0.2883224039514539, 0.42062342322111984, 0.42281647272297657, 0.19898725112441762, 0.7785751977056047, 0.0034216491090021534, 0.015502950106400681, 0.11841770221263206], BATTLES: 282-203-256-379-297-303-328-258-299-
33, 12, -2633.0, [0.3248867548626435, 0.6079196800224576, 0.13757118558237014, 0.019143243019569794, 0.7043955075078877, 0.9491199232498069, 0.9347443546463314, 0.10593530064889528, 0.0706683991310767, 0.6171927851163057, 0.18592712848517676, 0.06692918026661926, 0.19414316002229579, 0.2649136669909587, 0.12925780802443793, 0.7113850777772381, 0.44144014141740134, 0.9681662823458728, 0.08171827078605658, 0.20549408774947794, 0.05330074772256427], BATTLES: 307-199-193-400-284-300-357-326-267-
33, 13, -2645.0, [0.4962556947531324, 0.4238576889388733, 0.11975355270856328, 0.02392896416868595, 0.6439970780682416, 0.9779751688631458, 0.9923476351469358, 0.07829689614185711, 0.47602668084641964, 0.529001235537969, 0.3783373514240924, 0.0190684934523809, 0.011458189859062558, 0.1456538349610519, 0.5691086022717786, 0.570386661504541, 0.4476644981205904, 0.9803041428041053, 0.11718515114578107, 0.19917502480326704, 0.06738220960925648], BATTLES: 291-183-220-393-273-268-368-277-291-
33, 14, -2604.0, [0.3954978440932939, 0.7286568309072425, 0.13750368248562644, 0.03196155523362035, 0.6440542812597249, 0.9809182751521821, 0.9626314213125442, 0.0839954952711156, 0.4487830525194796, 0.6908891922489692, 0.07788552864942783, 0.016994681325674513, 0.1620459117268394, 0.12402960860778699, 0.2960362959798939, 0.6755038847489101, 0.40779543838015225, 0.9963183883308346, 0.15248157014749109, 0.055786775043962775, 0.12527517141999686], BATTLES: 265-200-221-366-259-260-338-327-259-
34, 0, -2649.0, [0.20739811000873531, 0.6498927278946844, 0.06674837508863583, 0.008003693194479937, 0.6375507361934681, 0.9597577961341764, 0.9831212044071481, 0.06957401037281856, 0.16076002938087197, 0.5076873419443462, 0.02288453508663738, 0.0072873995243703665, 0.07245513712750459, 0.24348327702840175, 0.6121849330608602, 0.38220130866563334, 0.4931959211469956, 0.8182031565776733, 0.04450617636230712, 0.374252863919754, 0.06886154219668358], BATTLES: 285-192-249-382-260-322-360-311-272-
34, 1, -2703.0, [0.33657418766524067, 0.6566859946188395, 0.0971846171244759, 0.11352450548251097, 0.5909674192474652, 0.9054427451702755, 0.9877302432918547, 0.07313182235567932, 0.4188962515911337, 0.6055457970189868, 0.3087590599125477, 0.034387225354154005, 0.06715014794767532, 0.20916264649496097, 0.3500496265445613, 0.6766323049780962, 0.3061597525533799, 0.9576460453388781, 0.0006863802000486446, 0.13360241870437845, 0.12348692491188606], BATTLES: 303-192-276-398-298-304-359-267-306-
34, 2, -2602.0, [0.24068543633826534, 0.7673553495877724, 0.08132158009225911, 0.10657147493846628, 0.6816153998933858, 0.8923418758239369, 0.9793929599655467, 0.08355383550888695, 0.18924639448352587, 0.7129425306720322, 0.008015488986691119, 0.09839736536488627, 0.3511691346215346, 0.21667402227825452, 0.3538330160103712, 0.5143621985207091, 0.3285176393349627, 0.7952942250898997, 0.11647993641824766, 0.39772316647713024, 0.06155982466417023], BATTLES: 279-206-277-393-293-318-301-243-292-
34, 3, -2685.0, [0.3532322319962672, 0.6579883501251632, 0.10827257431647563, 0.10566439787366312, 0.5488365520018577, 0.8786199895013083, 0.9498515463367719, 0.07354990549003912, 0.4657396561139117, 0.5265041870978493, 0.2892731379042422, 0.0672410296601473, 0.14993847349818856, 0.2794431931285228, 0.0674159030056229, 0.3011061529873123, 0.10716013018919224, 0.5777713683310726, 0.04223687971986075, 0.12660844058159473, 0.20294458131120746], BATTLES: 288-207-262-388-290-302-325-264-295-
34, 4, -2586.0, [0.2258761011003948, 0.6812363262085323, 0.08029893425281531, 0.09195502515589707, 0.7426084887981281, 0.8942431131741495, 0.9614108127565262, 0.018704834114734954, 0.37049596723559064, 0.5900954051071216, 0.11060285832238455, 0.010051195515492398, 0.3467095564699547, 0.2637421660711067, 0.40377189757985665, 0.8945426979226243, 0.06150700588589836, 0.922634560398971, 0.23837174273433137, 0.2570027312363639, 0.04402259560359785], BATTLES: 288-207-260-387-277-351-279-217-280-
34, 5, -2529.0, [0.2973426816395462, 0.6925891207177964, 0.144803124553924, 0.10464153959443635, 0.705012914859233, 0.8902197109059952, 0.972480722362874, 0.050173160904110364, 0.23549141295006534, 0.626972285090337, 0.10897251574289395, 0.0006746483002236375, 0.2821053339193256, 0.25416994201469545, 0.31046200838863913, 0.5732140720340859, 0.12453108625337739, 0.9849305276189585, 0.05549793877399169, 0.211049295206289, 0.18453868977938098], BATTLES: 281-214-243-341-271-312-312-272-283-
34, 6, -2598.0, [0.3224985681614481, 0.649686725289481, 0.06574427637401087, 0.08106185022095404, 0.6643291698582731, 0.9255195244572698, 0.9658602695148323, 0.0695263300928506, 0.35449200100859246, 0.6710018381945091, 0.21246918284592592, 0.007586803299551248, 0.12455746408931258, 0.22970418180253968, 0.21774607426182205, 0.3788111317037795, 0.5027500112443525, 0.7550145584482116, 0.0760493803571348, 0.255894900687275, 0.09353022402163777], BATTLES: 275-192-260-389-288-325-330-249-290-
34, 7, -2688.0, [0.36043010496009364, 0.6325096108663856, 0.11047265257551935, 0.046210315066848126, 0.6916287640260063, 0.8577545102853711, 0.9867551405191443, 0.06217586604381241, 0.31792167804404087, 0.6960394221045896, 0.1828913338560486, 0.025348923852631683, 0.2067010732863588, 0.20542149327890513, 0.3577107195935835, 0.5390958937074423, 0.26629806229155795, 0.8342581617261907, 0.06840733042210062, 0.2413746078669633, 0.14899061019149548], BATTLES: 307-191-249-389-315-309-317-286-257-
34, 8, -2633.0, [0.3088715272769951, 0.828762008108291, 0.06421739769842982, 0.07913935808157427, 0.635078930329013, 0.9867659330549313, 0.9690888644153011, 0.05246815754003737, 0.6148149895648731, 0.4889193080056767, 0.2934194563725717, 0.10274488059613872, 0.10516808201956812, 0.2843414752651521, 0.27864554548662473, 0.7035868404485011, 0.41956126338716, 0.7312323628514035, 0.15089260755140374, 0.28601793010340015, 0.14612349469890695], BATTLES: 272-200-272-364-294-336-300-242-303-
34, 9, -2663.0, [0.27641886407141286, 0.772974618897453, 0.11623119725237674, 0.11655379182944496, 0.6423435757918704, 0.9998801247215457, 0.9602489560328576, 0.031162002781356852, 0.21772673051688973, 0.6141504346389592, 0.13189057607890242, 0.15257399285068388, 0.2779584377993972, 0.2994638426219811, 0.05773543978434645, 0.6393953784539018, 0.5618916379671189, 0.952229095265904, 0.11195590046362866, 0.10723908225939832, 0.13631559189110293], BATTLES: 306-221-245-380-273-324-347-264-303-
34, 10, -2664.0, [0.39252436940668406, 0.5582522007972193, 0.11200966211149684, 0.020742321867959136, 0.6761534841023042, 0.9724925758396502, 0.9925088977710759, 0.05947761622683344, 0.3446914247042761, 0.6249584950645837, 0.020300575342461408, 0.03581368425103147, 0.073483649126275, 0.1924084036427956, 0.4169071581940646, 0.43126845692426397, 0.41419206151200694, 0.9296762762569751, 0.16595631018129742, 0.10558866839267836, 0.08644212920813513], BATTLES: 301-209-244-393-289-314-341-315-258-
34, 11, -2616.0, [0.19728922737439789, 0.7140863511597239, 0.09358526616672637, 0.06035502075514025, 0.6708570364088374, 0.8943815880455186, 0.9712788476428013, 0.08444756224176098, 0.3384597425601261, 0.6903909127658338, 0.01119443721661155, 0.03794911015325077, 0.28605217912350916, 0.2883224039514539, 0.42062342322111984, 0.42281647272297657, 0.19898725112441762, 0.7785751977056047, 0.0034216491090021534, 0.015502950106400681, 0.11841770221263206], BATTLES: 280-202-283-365-290-319-329-252-296-
34, 12, -2643.0, [0.3248867548626435, 0.6079196800224576, 0.13757118558237014, 0.019143243019569794, 0.7043955075078877, 0.9491199232498069, 0.9347443546463314, 0.10593530064889528, 0.0706683991310767, 0.6171927851163057, 0.18592712848517676, 0.06692918026661926, 0.19414316002229579, 0.2649136669909587, 0.12925780802443793, 0.7113850777772381, 0.44144014141740134, 0.9681662823458728, 0.08171827078605658, 0.20549408774947794, 0.05330074772256427], BATTLES: 301-215-218-382-293-315-362-292-265-
34, 13, -2542.0, [0.4962556947531324, 0.4238576889388733, 0.11975355270856328, 0.02392896416868595, 0.6439970780682416, 0.9779751688631458, 0.9923476351469358, 0.07829689614185711, 0.47602668084641964, 0.529001235537969, 0.3783373514240924, 0.0190684934523809, 0.011458189859062558, 0.1456538349610519, 0.5691086022717786, 0.570386661504541, 0.4476644981205904, 0.9803041428041053, 0.11718515114578107, 0.19917502480326704, 0.06738220960925648], BATTLES: 284-193-234-383-285-288-323-288-264-
34, 14, -2671.0, [0.3954978440932939, 0.7286568309072425, 0.13750368248562644, 0.03196155523362035, 0.6440542812597249, 0.9809182751521821, 0.9626314213125442, 0.0839954952711156, 0.4487830525194796, 0.6908891922489692, 0.07788552864942783, 0.016994681325674513, 0.1620459117268394, 0.12402960860778699, 0.2960362959798939, 0.6755038847489101, 0.40779543838015225, 0.9963183883308346, 0.15248157014749109, 0.055786775043962775, 0.12527517141999686], BATTLES: 296-199-277-369-281-334-331-301-283-
35, 0, -2627.0, [0.30054197142384464, 0.5797703731090512, 0.09871101806491867, 0.008003693194479937, 0.6597999394143772, 0.959770086335556, 0.9984999574205077, 0.06277502981363488, 0.16076002938087197, 0.5076873419443462, 0.02288453508663738, 0.0072873995243703665, 0.1634907628741295, 0.24348327702840175, 0.6612266831847002, 0.38220130866563334, 0.5059473954505552, 0.9252184333380379, 0.04450617636230712, 0.374252863919754, 0.05626921899504694], BATTLES: 295-181-255-403-300-311-314-255-272-
35, 1, -2714.0, [0.33657418766524067, 0.6566859946188395, 0.0971846171244759, 0.11352450548251097, 0.5909674192474652, 0.9054427451702755, 0.9877302432918547, 0.07313182235567932, 0.4188962515911337, 0.6055457970189868, 0.3087590599125477, 0.034387225354154005, 0.06715014794767532, 0.20916264649496097, 0.3500496265445613, 0.6766323049780962, 0.3061597525533799, 0.9576460453388781, 0.0006863802000486446, 0.13360241870437845, 0.12348692491188606], BATTLES: 281-210-252-398-309-325-355-287-297-
35, 2, -2591.0, [0.20852740874841913, 0.7117861413801868, 0.0541877163083726, 0.10657147493846628, 0.619793960842893, 0.934835458137535, 0.9793929599655467, 0.08355383550888695, 0.18924639448352587, 0.5986329172067482, 0.06332583310803437, 0.09839736536488627, 0.3511691346215346, 0.21667402227825452, 0.3538330160103712, 0.42656535159595976, 0.3285176393349627, 0.7999599176774218, 0.11647993641824766, 0.39772316647713024, 0.04610120503999227], BATTLES: 302-200-252-372-293-332-303-209-309-
35, 3, -2634.0, [0.3532322319962672, 0.6579883501251632, 0.10827257431647563, 0.10566439787366312, 0.5488365520018577, 0.8786199895013083, 0.9498515463367719, 0.07354990549003912, 0.4657396561139117, 0.5265041870978493, 0.2892731379042422, 0.0672410296601473, 0.14993847349818856, 0.2794431931285228, 0.0674159030056229, 0.3011061529873123, 0.10716013018919224, 0.5777713683310726, 0.04223687971986075, 0.12660844058159473, 0.20294458131120746], BATTLES: 272-203-236-377-273-314-368-305-286-
35, 4, -2537.0, [0.2258761011003948, 0.6812363262085323, 0.08029893425281531, 0.09195502515589707, 0.7232338496569554, 0.9218017169272548, 0.9614108127565262, 0.018704834114734954, 0.37049596723559064, 0.5900954051071216, 0.11060285832238455, 0.010051195515492398, 0.3467095564699547, 0.2637421660711067, 0.48028513741735834, 0.8786621949643427, 0.40608939313776976, 0.922634560398971, 0.23837174273433137, 0.2570027312363639, 0.05654216174615361], BATTLES: 275-185-261-362-274-298-298-220-292-
35, 5, -2620.0, [0.2973426816395462, 0.6925891207177964, 0.15563790676059525, 0.07440380241049982, 0.7182906978119312, 0.8902197109059952, 0.972480722362874, 0.07394779886674127, 0.18702742788571844, 0.626972285090337, 0.2205795720523716, 0.0006746483002236375, 0.22665827576130543, 0.2814013148708808, 0.3811208136870357, 0.5732140720340859, 0.3157718086034352, 0.9849305276189585, 0.05549793877399169, 0.23396206422157784, 0.09614162771048657], BATTLES: 283-205-250-352-263-297-319-315-276-
35, 6, -2574.0, [0.3224985681614481, 0.649686725289481, 0.06574427637401087, 0.08106185022095404, 0.6643291698582731, 0.9255195244572698, 0.9658602695148323, 0.0695263300928506, 0.35449200100859246, 0.6710018381945091, 0.21246918284592592, 0.007586803299551248, 0.12455746408931258, 0.22970418180253968, 0.21774607426182205, 0.3788111317037795, 0.5027500112443525, 0.7550145584482116, 0.0760493803571348, 0.255894900687275, 0.09353022402163777], BATTLES: 272-190-246-383-254-317-338-256-318-
35, 7, -2693.0, [0.36043010496009364, 0.6325096108663856, 0.11047265257551935, 0.046210315066848126, 0.6916287640260063, 0.8577545102853711, 0.9867551405191443, 0.06217586604381241, 0.31792167804404087, 0.6960394221045896, 0.1828913338560486, 0.025348923852631683, 0.2067010732863588, 0.20542149327890513, 0.3577107195935835, 0.5390958937074423, 0.26629806229155795, 0.8342581617261907, 0.06840733042210062, 0.2413746078669633, 0.14899061019149548], BATTLES: 291-211-223-408-330-306-320-306-298-
35, 8, -2552.0, [0.22363216887260168, 0.828762008108291, 0.10047990841112656, 0.039569679040787134, 0.6271139430009817, 0.9660541879663268, 0.9690888644153011, 0.09625557131789136, 0.3150306689576938, 0.4889193080056767, 0.2934194563725717, 0.05137244029806936, 0.17841004583950237, 0.2843414752651521, 0.5662120577703714, 0.8517934202242505, 0.5151032990563825, 0.9448081033657603, 0.10259136191200569, 0.28601793010340015, 0.045603452512095036], BATTLES: 265-182-254-369-286-323-327-237-299-
35, 9, -2738.0, [0.27641886407141286, 0.772974618897453, 0.11623119725237674, 0.11655379182944496, 0.6423435757918704, 0.9998801247215457, 0.9602489560328576, 0.031162002781356852, 0.21772673051688973, 0.6141504346389592, 0.13189057607890242, 0.15257399285068388, 0.2779584377993972, 0.2994638426219811, 0.05773543978434645, 0.6393953784539018, 0.5618916379671189, 0.952229095265904, 0.11195590046362866, 0.10723908225939832, 0.13631559189110293], BATTLES: 286-214-283-393-273-329-348-280-332-
35, 10, -2693.0, [0.39252436940668406, 0.5582522007972193, 0.11200966211149684, 0.020742321867959136, 0.6761534841023042, 0.9724925758396502, 0.9925088977710759, 0.05947761622683344, 0.3446914247042761, 0.6249584950645837, 0.020300575342461408, 0.03581368425103147, 0.073483649126275, 0.1924084036427956, 0.4169071581940646, 0.43126845692426397, 0.41419206151200694, 0.9296762762569751, 0.16595631018129742, 0.10558866839267836, 0.08644212920813513], BATTLES: 289-207-245-395-326-309-377-277-268-
35, 11, -2674.0, [0.19728922737439789, 0.7140863511597239, 0.09358526616672637, 0.06035502075514025, 0.6708570364088374, 0.8943815880455186, 0.9712788476428013, 0.08444756224176098, 0.3384597425601261, 0.6903909127658338, 0.01119443721661155, 0.03794911015325077, 0.28605217912350916, 0.2883224039514539, 0.42062342322111984, 0.42281647272297657, 0.19898725112441762, 0.7785751977056047, 0.0034216491090021534, 0.015502950106400681, 0.11841770221263206], BATTLES: 297-192-284-405-302-328-319-261-286-
35, 12, -2638.0, [0.43223119462310305, 0.5509633870551741, 0.13757118558237014, 0.015079915485229665, 0.7415281669025381, 0.9491199232498069, 0.9790760367635665, 0.08124930973697797, 0.24352120212487258, 0.5125292902011925, 0.03908210371904661, 0.06692918026661926, 0.11822692802673312, 0.1926275984556553, 0.22914275231350556, 0.5369962363233763, 0.576478994148202, 0.9261026272543459, 0.08171827078605658, 0.15200444190033344, 0.05330074772256427], BATTLES: 298-208-210-391-270-283-361-351-262-
35, 13, -2573.0, [0.4962556947531324, 0.4238576889388733, 0.11975355270856328, 0.02392896416868595, 0.6439970780682416, 0.9779751688631458, 0.9923476351469358, 0.07829689614185711, 0.47602668084641964, 0.529001235537969, 0.3783373514240924, 0.0190684934523809, 0.011458189859062558, 0.1456538349610519, 0.5691086022717786, 0.570386661504541, 0.4476644981205904, 0.9803041428041053, 0.11718515114578107, 0.19917502480326704, 0.06738220960925648], BATTLES: 284-210-226-400-291-284-342-271-265-
35, 14, -2661.0, [0.32848948462940974, 0.7286568309072425, 0.11318605467268895, 0.03196155523362035, 0.6440542812597249, 0.9809182751521821, 0.9626314213125442, 0.08380432909433873, 0.33644628360075274, 0.6825579843498345, 0.024951159831455613, 0.016994681325674513, 0.1620459117268394, 0.16412943176520975, 0.30239728651568537, 0.6755038847489101, 0.40779543838015225, 0.9963183883308346, 0.15248157014749109, 0.055786775043962775, 0.0976968854111884], BATTLES: 296-197-259-382-273-317-310-288-284-
36, 0, -2648.0, [0.30054197142384464, 0.5797703731090512, 0.09871101806491867, 0.008003693194479937, 0.6597999394143772, 0.959770086335556, 0.9984999574205077, 0.06277502981363488, 0.16076002938087197, 0.5076873419443462, 0.02288453508663738, 0.0072873995243703665, 0.1634907628741295, 0.24348327702840175, 0.6612266831847002, 0.38220130866563334, 0.5059473954505552, 0.9252184333380379, 0.04450617636230712, 0.374252863919754, 0.05626921899504694], BATTLES: 278-202-245-375-303-297-346-311-291-
36, 1, -2744.0, [0.33657418766524067, 0.6566859946188395, 0.0971846171244759, 0.11352450548251097, 0.5909674192474652, 0.9054427451702755, 0.9877302432918547, 0.07313182235567932, 0.4188962515911337, 0.6055457970189868, 0.3087590599125477, 0.034387225354154005, 0.06715014794767532, 0.20916264649496097, 0.3500496265445613, 0.6766323049780962, 0.3061597525533799, 0.9576460453388781, 0.0006863802000486446, 0.13360241870437845, 0.12348692491188606], BATTLES: 282-213-253-390-302-328-371-300-305-
36, 2, -2605.0, [0.20852740874841913, 0.7117861413801868, 0.0541877163083726, 0.10657147493846628, 0.619793960842893, 0.934835458137535, 0.9793929599655467, 0.08355383550888695, 0.18924639448352587, 0.5986329172067482, 0.06332583310803437, 0.09839736536488627, 0.3511691346215346, 0.21667402227825452, 0.3538330160103712, 0.42656535159595976, 0.3285176393349627, 0.7999599176774218, 0.11647993641824766, 0.39772316647713024, 0.04610120503999227], BATTLES: 291-210-266-387-273-314-335-224-305-
36, 3, -2661.0, [0.3532322319962672, 0.6579883501251632, 0.10827257431647563, 0.10566439787366312, 0.5488365520018577, 0.8786199895013083, 0.9498515463367719, 0.07354990549003912, 0.4657396561139117, 0.5265041870978493, 0.2892731379042422, 0.0672410296601473, 0.14993847349818856, 0.2794431931285228, 0.0674159030056229, 0.3011061529873123, 0.10716013018919224, 0.5777713683310726, 0.04223687971986075, 0.12660844058159473, 0.20294458131120746], BATTLES: 310-188-239-381-289-305-346-303-300-
36, 4, -2564.0, [0.3159685190518893, 0.6812363262085323, 0.13398697678200644, 0.18089626338528192, 0.7232338496569554, 0.9218017169272548, 0.9614108127565262, 0.018704834114734954, 0.37049596723559064, 0.5900954051071216, 0.11060285832238455, 0.010051195515492398, 0.40342505392872013, 0.2637421660711067, 0.007258928861158781, 0.7372042696146509, 0.40608939313776976, 0.8052028428705944, 0.23837174273433137, 0.2570027312363639, 0.1822304398603262], BATTLES: 273-206-246-377-305-305-275-238-303-
36, 5, -2621.0, [0.2973426816395462, 0.6925891207177964, 0.15563790676059525, 0.07440380241049982, 0.7182906978119312, 0.8902197109059952, 0.972480722362874, 0.07394779886674127, 0.18702742788571844, 0.626972285090337, 0.2205795720523716, 0.0006746483002236375, 0.22665827576130543, 0.2814013148708808, 0.3811208136870357, 0.5732140720340859, 0.3157718086034352, 0.9849305276189585, 0.05549793877399169, 0.23396206422157784, 0.09614162771048657], BATTLES: 291-197-249-358-287-309-323-321-286-
36, 6, -2618.0, [0.3224985681614481, 0.649686725289481, 0.06574427637401087, 0.08106185022095404, 0.6643291698582731, 0.9255195244572698, 0.9658602695148323, 0.0695263300928506, 0.35449200100859246, 0.6710018381945091, 0.21246918284592592, 0.007586803299551248, 0.12455746408931258, 0.22970418180253968, 0.21774607426182205, 0.3788111317037795, 0.5027500112443525, 0.7550145584482116, 0.0760493803571348, 0.255894900687275, 0.09353022402163777], BATTLES: 276-214-253-397-305-298-340-244-291-
36, 7, -2658.0, [0.3292150417957288, 0.6325096108663856, 0.09308548356382378, 0.046210315066848126, 0.6916287640260063, 0.8577545102853711, 0.9867551405191443, 0.07651154905587303, 0.31792167804404087, 0.5506090229986492, 0.1828913338560486, 0.020591069609056566, 0.2067010732863588, 0.20542149327890513, 0.319488081528951, 0.5390958937074423, 0.26629806229155795, 0.973522395209097, 0.03420366521105031, 0.2413746078669633, 0.14899061019149548], BATTLES: 299-217-213-389-311-293-346-289-290-
36, 8, -2605.0, [0.22363216887260168, 0.828762008108291, 0.10047990841112656, 0.039569679040787134, 0.6276404154837567, 0.9660541879663268, 0.9845444322076505, 0.09625557131789136, 0.3150306689576938, 0.5842744468531412, 0.2934194563725717, 0.040111288429249506, 0.17841004583950237, 0.24537747458087997, 0.6830711240424786, 0.7553150069254206, 0.6097244200010452, 0.9448081033657603, 0.10259136191200569, 0.28601793010340015, 0.045603452512095036], BATTLES: 309-217-256-376-290-287-310-252-306-
36, 9, -2644.0, [0.27641886407141286, 0.772974618897453, 0.11623119725237674, 0.11655379182944496, 0.6423435757918704, 0.9998801247215457, 0.9602489560328576, 0.031162002781356852, 0.21772673051688973, 0.6141504346389592, 0.13189057607890242, 0.15257399285068388, 0.2779584377993972, 0.2994638426219811, 0.05773543978434645, 0.6393953784539018, 0.5618916379671189, 0.952229095265904, 0.11195590046362866, 0.10723908225939832, 0.13631559189110293], BATTLES: 299-202-254-388-264-304-372-271-290-
36, 10, -2604.0, [0.39252436940668406, 0.5582522007972193, 0.11200966211149684, 0.020742321867959136, 0.6761534841023042, 0.9724925758396502, 0.9925088977710759, 0.05947761622683344, 0.3446914247042761, 0.6249584950645837, 0.020300575342461408, 0.03581368425103147, 0.073483649126275, 0.1924084036427956, 0.4169071581940646, 0.43126845692426397, 0.41419206151200694, 0.9296762762569751, 0.16595631018129742, 0.10558866839267836, 0.08644212920813513], BATTLES: 301-190-224-391-270-290-343-306-289-
36, 11, -2598.0, [0.19728922737439789, 0.7140863511597239, 0.09358526616672637, 0.06035502075514025, 0.6708570364088374, 0.8943815880455186, 0.9712788476428013, 0.08444756224176098, 0.3384597425601261, 0.6903909127658338, 0.01119443721661155, 0.03794911015325077, 0.28605217912350916, 0.2883224039514539, 0.42062342322111984, 0.42281647272297657, 0.19898725112441762, 0.7785751977056047, 0.0034216491090021534, 0.015502950106400681, 0.11841770221263206], BATTLES: 282-206-267-368-282-326-305-258-304-
36, 12, -2595.0, [0.43223119462310305, 0.5509633870551741, 0.13757118558237014, 0.015079915485229665, 0.7415281669025381, 0.9491199232498069, 0.9790760367635665, 0.08124930973697797, 0.24352120212487258, 0.5125292902011925, 0.03908210371904661, 0.06692918026661926, 0.11822692802673312, 0.1926275984556553, 0.22914275231350556, 0.5369962363233763, 0.576478994148202, 0.9261026272543459, 0.08171827078605658, 0.15200444190033344, 0.05330074772256427], BATTLES: 277-203-210-376-280-272-390-321-266-
36, 13, -2586.0, [0.39930837207673575, 0.4238576889388733, 0.06326135988449877, 0.02392896416868595, 0.6439970780682416, 0.9318482131111752, 0.9923476351469358, 0.07829689614185711, 0.47602668084641964, 0.529001235537969, 0.3783373514240924, 0.05853262038186195, 0.005729094929531279, 0.1456538349610519, 0.42465640251919595, 0.7391400969664624, 0.4799592814831534, 0.9803041428041053, 0.058592575572890535, 0.19917502480326704, 0.06340044783066195], BATTLES: 264-192-225-390-297-304-342-276-263-
36, 14, -2701.0, [0.32848948462940974, 0.7286568309072425, 0.11318605467268895, 0.03196155523362035, 0.6440542812597249, 0.9809182751521821, 0.9626314213125442, 0.08380432909433873, 0.33644628360075274, 0.6825579843498345, 0.024951159831455613, 0.016994681325674513, 0.1620459117268394, 0.16412943176520975, 0.30239728651568537, 0.6755038847489101, 0.40779543838015225, 0.9963183883308346, 0.15248157014749109, 0.055786775043962775, 0.0976968854111884], BATTLES: 293-214-262-393-281-312-345-297-304-
37, 0, -2707.0, [0.30054197142384464, 0.5797703731090512, 0.09871101806491867, 0.008003693194479937, 0.6597999394143772, 0.959770086335556, 0.9984999574205077, 0.06277502981363488, 0.16076002938087197, 0.5076873419443462, 0.02288453508663738, 0.0072873995243703665, 0.1634907628741295, 0.24348327702840175, 0.6612266831847002, 0.38220130866563334, 0.5059473954505552, 0.9252184333380379, 0.04450617636230712, 0.374252863919754, 0.05626921899504694], BATTLES: 305-190-256-392-307-303-350-307-297-
37, 1, -2617.0, [0.33657418766524067, 0.6566859946188395, 0.0971846171244759, 0.11352450548251097, 0.5909674192474652, 0.9054427451702755, 0.9877302432918547, 0.07313182235567932, 0.4188962515911337, 0.6055457970189868, 0.3087590599125477, 0.034387225354154005, 0.06715014794767532, 0.20916264649496097, 0.3500496265445613, 0.6766323049780962, 0.3061597525533799, 0.9576460453388781, 0.0006863802000486446, 0.13360241870437845, 0.12348692491188606], BATTLES: 266-195-257-384-294-315-317-298-291-
37, 2, -2565.0, [0.20852740874841913, 0.7117861413801868, 0.0541877163083726, 0.10657147493846628, 0.619793960842893, 0.934835458137535, 0.9793929599655467, 0.08355383550888695, 0.18924639448352587, 0.5986329172067482, 0.06332583310803437, 0.09839736536488627, 0.3511691346215346, 0.21667402227825452, 0.3538330160103712, 0.42656535159595976, 0.3285176393349627, 0.7999599176774218, 0.11647993641824766, 0.39772316647713024, 0.04610120503999227], BATTLES: 293-199-253-369-264-330-316-221-320-
37, 3, -2592.0, [0.3532322319962672, 0.6579883501251632, 0.10827257431647563, 0.10566439787366312, 0.5488365520018577, 0.8786199895013083, 0.9498515463367719, 0.07354990549003912, 0.4657396561139117, 0.5265041870978493, 0.2892731379042422, 0.0672410296601473, 0.14993847349818856, 0.2794431931285228, 0.0674159030056229, 0.3011061529873123, 0.10716013018919224, 0.5777713683310726, 0.04223687971986075, 0.12660844058159473, 0.20294458131120746], BATTLES: 281-175-259-363-287-295-343-308-281-
37, 4, -2568.0, [0.3159685190518893, 0.6812363262085323, 0.13398697678200644, 0.11393869819801217, 0.7232338496569554, 0.9573428535789004, 0.9614108127565262, 0.018704834114734954, 0.37049596723559064, 0.5900954051071216, 0.16516977227972085, 0.010051195515492398, 0.40342505392872013, 0.19460054085512202, 0.16728861491118208, 0.7372042696146509, 0.40608939313776976, 0.8052028428705944, 0.23837174273433137, 0.2570027312363639, 0.1822304398603262], BATTLES: 290-210-213-359-286-291-263-244-294-
37, 5, -2673.0, [0.3976562333771866, 0.6925891207177964, 0.1254834338856472, 0.07440380241049982, 0.7023655472759567, 0.9451098554529975, 0.972480722362874, 0.07394779886674127, 0.18702742788571844, 0.626972285090337, 0.17378029217043972, 0.0006746483002236375, 0.22665827576130543, 0.2814013148708808, 0.3811208136870357, 0.7245163841435478, 0.3157718086034352, 0.9849305276189585, 0.05549793877399169, 0.23396206422157784, 0.09614162771048657], BATTLES: 288-200-227-359-293-310-317-298-293-
37, 6, -2668.0, [0.27539011295316335, 0.6812554610809052, 0.06574427637401087, 0.12290022892528983, 0.6643291698582731, 0.9248491948862239, 0.9658602695148323, 0.0695263300928506, 0.35449200100859246, 0.6229705653813288, 0.1246573566735642, 0.007586803299551248, 0.12455746408931258, 0.22970418180253968, 0.21774607426182205, 0.6594024754445533, 0.5027500112443525, 0.8876952733443972, 0.0760493803571348, 0.0851125824732496, 0.09353022402163777], BATTLES: 289-182-281-380-296-291-344-262-303-
37, 7, -2685.0, [0.3292150417957288, 0.6325096108663856, 0.09308548356382378, 0.046210315066848126, 0.6916287640260063, 0.8577545102853711, 0.9867551405191443, 0.07651154905587303, 0.31792167804404087, 0.5506090229986492, 0.1828913338560486, 0.020591069609056566, 0.2067010732863588, 0.20542149327890513, 0.319488081528951, 0.5390958937074423, 0.26629806229155795, 0.973522395209097, 0.03420366521105031, 0.2413746078669633, 0.14899061019149548], BATTLES: 286-217-221-397-306-326-349-295-288-
37, 8, -2615.0, [0.22363216887260168, 0.7339127103906486, 0.09841769799416678, 0.039569679040787134, 0.6327958357003036, 0.9660541879663268, 0.9845444322076505, 0.09625557131789136, 0.3150306689576938, 0.6274869416887323, 0.20429293453408914, 0.020055644214624753, 0.24249103343795375, 0.24537747458087997, 0.6830711240424786, 0.8416173498044415, 0.4686737955330761, 0.9448081033657603, 0.10259136191200569, 0.11272833315814414, 0.09785631488121421], BATTLES: 292-208-242-393-301-320-298-234-309-
37, 9, -2699.0, [0.2620361956757038, 0.772974618897453, 0.11623119725237674, 0.11655379182944496, 0.6423435757918704, 0.9998801247215457, 0.9602489560328576, 0.031162002781356852, 0.21772673051688973, 0.6756639895612423, 0.13189057607890242, 0.15257399285068388, 0.3781105484168342, 0.2410850983831292, 0.028867719892173224, 0.947262056103366, 0.5618916379671189, 0.945908526105715, 0.11195590046362866, 0.031486908278268264, 0.22011369416914195], BATTLES: 278-203-240-376-278-315-345-293-285-
37, 10, -2702.0, [0.30880027958229983, 0.5582522007972193, 0.11200966211149684, 0.020742321867959136, 0.6761534841023042, 0.9576361886571307, 0.9925088977710759, 0.05947761622683344, 0.3446914247042761, 0.6249584950645837, 0.020300575342461408, 0.03581368425103147, 0.073483649126275, 0.1924084036427956, 0.4169071581940646, 0.43126845692426397, 0.41419206151200694, 0.9361688260174765, 0.126066064058078, 0.10558866839267836, 0.04436627276222252], BATTLES: 287-211-229-377-302-297-349-280-265-
37, 11, -2609.0, [0.19728922737439789, 0.7140863511597239, 0.09358526616672637, 0.06035502075514025, 0.6708570364088374, 0.8943815880455186, 0.9712788476428013, 0.08444756224176098, 0.3384597425601261, 0.6903909127658338, 0.01119443721661155, 0.03794911015325077, 0.28605217912350916, 0.2883224039514539, 0.42062342322111984, 0.42281647272297657, 0.19898725112441762, 0.7785751977056047, 0.0034216491090021534, 0.015502950106400681, 0.11841770221263206], BATTLES: 276-194-249-387-284-325-318-261-315-
37, 12, -2606.0, [0.43223119462310305, 0.5509633870551741, 0.13757118558237014, 0.015079915485229665, 0.6868842468215789, 0.9491199232498069, 0.9698571752547454, 0.08124930973697797, 0.29561505979965386, 0.5263191094905023, 0.03908210371904661, 0.036268613523583626, 0.11822692802673312, 0.1926275984556553, 0.22914275231350556, 0.6146437089900669, 0.4819148893156689, 0.963051313627173, 0.08171827078605658, 0.09806475884160716, 0.05330074772256427], BATTLES: 277-180-217-402-271-268-380-346-263-
37, 13, -2512.0, [0.39930837207673575, 0.4238576889388733, 0.06326135988449877, 0.02392896416868595, 0.6439970780682416, 0.9318482131111752, 0.9923476351469358, 0.07829689614185711, 0.47602668084641964, 0.529001235537969, 0.3783373514240924, 0.05853262038186195, 0.005729094929531279, 0.1456538349610519, 0.42465640251919595, 0.7391400969664624, 0.4799592814831534, 0.9803041428041053, 0.058592575572890535, 0.19917502480326704, 0.06340044783066195], BATTLES: 282-198-234-391-283-288-321-240-275-
37, 14, -2730.0, [0.32848948462940974, 0.7286568309072425, 0.11318605467268895, 0.03196155523362035, 0.6440542812597249, 0.990459137576091, 0.9587348056058921, 0.07057206895243384, 0.33644628360075274, 0.550559687366341, 0.012475579915727807, 0.04203276669145552, 0.1620459117268394, 0.16412943176520975, 0.30239728651568537, 0.6755038847489101, 0.6794552194021903, 0.9981591941654173, 0.13013849700211141, 0.027893387521981387, 0.15259500723696878], BATTLES: 279-198-252-377-297-307-315-296-309-
38, 0, -2696.0, [0.30054197142384464, 0.5797703731090512, 0.09871101806491867, 0.07969189405728672, 0.6214208581815047, 0.959770086335556, 0.9984999574205077, 0.051553355999606934, 0.3654379781007063, 0.5546510828519664, 0.026494581099566386, 0.028535769978969353, 0.1634907628741295, 0.1588679897041409, 0.15467797496651364, 0.38220130866563334, 0.41072438334882755, 0.9880225598666936, 0.03259191056476597, 0.00906749249050677, 0.18381906634179743], BATTLES: 283-188-241-398-313-311-348-274-289-
38, 1, -2654.0, [0.33657418766524067, 0.6566859946188395, 0.0971846171244759, 0.11352450548251097, 0.5909674192474652, 0.9054427451702755, 0.9877302432918547, 0.07313182235567932, 0.4188962515911337, 0.6055457970189868, 0.3087590599125477, 0.034387225354154005, 0.06715014794767532, 0.20916264649496097, 0.3500496265445613, 0.6766323049780962, 0.3061597525533799, 0.9576460453388781, 0.0006863802000486446, 0.13360241870437845, 0.12348692491188606], BATTLES: 283-204-230-384-296-311-354-290-302-
38, 2, -2623.0, [0.20852740874841913, 0.7117861413801868, 0.0541877163083726, 0.10657147493846628, 0.619793960842893, 0.934835458137535, 0.9793929599655467, 0.08355383550888695, 0.18924639448352587, 0.5986329172067482, 0.06332583310803437, 0.09839736536488627, 0.3511691346215346, 0.21667402227825452, 0.3538330160103712, 0.42656535159595976, 0.3285176393349627, 0.7999599176774218, 0.11647993641824766, 0.39772316647713024, 0.04610120503999227], BATTLES: 273-201-268-393-287-334-326-238-303-
38, 3, -2629.0, [0.3532322319962672, 0.6579883501251632, 0.10827257431647563, 0.05283219893683156, 0.5989046921054763, 0.8786199895013083, 0.9498515463367719, 0.07354990549003912, 0.4657396561139117, 0.5265041870978493, 0.1446365689521211, 0.0672410296601473, 0.14993847349818856, 0.19834882687738847, 0.0674159030056229, 0.3011061529873123, 0.4491891111773428, 0.5777713683310726, 0.040090426529057845, 0.17194601388733002, 0.20294458131120746], BATTLES: 289-202-232-395-288-282-337-286-276-
38, 4, -2506.0, [0.3159685190518893, 0.6188327923770031, 0.13398697678200644, 0.11393869819801217, 0.7232338496569554, 0.9573428535789004, 0.9807054063782631, 0.056900167694271156, 0.17633014034780062, 0.4639196424693184, 0.0658139819642024, 0.005025597757746199, 0.40342505392872013, 0.19460054085512202, 0.16728861491118208, 0.7372042696146509, 0.40608939313776976, 0.8922272234210472, 0.23837174273433137, 0.4012209762032004, 0.1822304398603262], BATTLES: 314-172-221-367-287-289-290-238-308-
38, 5, -2633.0, [0.3976562333771866, 0.6925891207177964, 0.1254834338856472, 0.07440380241049982, 0.7023655472759567, 0.9451098554529975, 0.972480722362874, 0.07394779886674127, 0.18702742788571844, 0.626972285090337, 0.17378029217043972, 0.0006746483002236375, 0.22665827576130543, 0.2814013148708808, 0.3811208136870357, 0.7245163841435478, 0.3157718086034352, 0.9849305276189585, 0.05549793877399169, 0.23396206422157784, 0.09614162771048657], BATTLES: 281-198-222-390-274-300-350-339-279-
38, 6, -2657.0, [0.27539011295316335, 0.6812554610809052, 0.06574427637401087, 0.12290022892528983, 0.6643291698582731, 0.9248491948862239, 0.9658602695148323, 0.0695263300928506, 0.35449200100859246, 0.6229705653813288, 0.1246573566735642, 0.007586803299551248, 0.12455746408931258, 0.22970418180253968, 0.21774607426182205, 0.6594024754445533, 0.5027500112443525, 0.8876952733443972, 0.0760493803571348, 0.0851125824732496, 0.09353022402163777], BATTLES: 282-204-291-392-293-325-350-239-281-
38, 7, -2617.0, [0.3292150417957288, 0.6325096108663856, 0.12418746887994789, 0.046210315066848126, 0.7095454843364205, 0.8577545102853711, 0.9867551405191443, 0.07651154905587303, 0.23949563476426103, 0.5506090229986492, 0.12797435534955776, 0.010295534804528283, 0.2067010732863588, 0.19353267646039346, 0.319488081528951, 0.5390958937074423, 0.26629806229155795, 0.9844179476209013, 0.12434756143686014, 0.2413746078669633, 0.14899061019149548], BATTLES: 276-196-192-399-278-299-353-322-276-
38, 8, -2614.0, [0.1939012736864924, 0.782263632593704, 0.09841769799416678, 0.07290759598006885, 0.5889808625362604, 0.9660541879663268, 0.9753587407395728, 0.09353463790968061, 0.3150306689576938, 0.491213766858137, 0.20429293453408914, 0.020055644214624753, 0.287020152996, 0.2011429660138304, 0.41281117441861, 0.665524911158576, 0.4686737955330761, 0.9448081033657603, 0.13738796433215575, 0.15792222278456267, 0.06742689160042596], BATTLES: 277-170-259-395-276-311-298-264-309-
38, 9, -2687.0, [0.28286390589575133, 0.6515847302940633, 0.11623119725237674, 0.11655379182944496, 0.6423435757918704, 0.9999400623607728, 0.9602489560328576, 0.031162002781356852, 0.2022248576347766, 0.6756639895612423, 0.04064813996349061, 0.15257399285068388, 0.32618109780954985, 0.2410850983831292, 0.028867719892173224, 0.7553520572989019, 0.867087889113696, 0.945908526105715, 0.14034415773779413, 0.18396682410157017, 0.0925727389212837], BATTLES: 306-195-257-385-279-319-345-287-302-
38, 10, -2609.0, [0.30880027958229983, 0.49409794841370763, 0.11200966211149684, 0.010371160933979568, 0.6761534841023042, 0.9576361886571307, 0.9962544488855379, 0.06086337681424359, 0.3446914247042761, 0.34041808909629767, 0.08807398779718374, 0.0061414848611996645, 0.073483649126275, 0.1778681975251788, 0.4169071581940646, 0.43126845692426397, 0.41419206151200694, 0.9680844130087383, 0.09156606790125968, 0.10558866839267836, 0.005562769584059157], BATTLES: 278-202-234-386-307-305-339-278-269-
38, 11, -2633.0, [0.19728922737439789, 0.7140863511597239, 0.09358526616672637, 0.06035502075514025, 0.6708570364088374, 0.8943815880455186, 0.9712788476428013, 0.08444756224176098, 0.3384597425601261, 0.6903909127658338, 0.01119443721661155, 0.03794911015325077, 0.28605217912350916, 0.2883224039514539, 0.42062342322111984, 0.42281647272297657, 0.19898725112441762, 0.7785751977056047, 0.0034216491090021534, 0.015502950106400681, 0.11841770221263206], BATTLES: 299-205-261-377-282-324-321-252-312-
38, 12, -2593.0, [0.43223119462310305, 0.5509633870551741, 0.13757118558237014, 0.015079915485229665, 0.6868842468215789, 0.9491199232498069, 0.9698571752547454, 0.08124930973697797, 0.29561505979965386, 0.5263191094905023, 0.03908210371904661, 0.036268613523583626, 0.11822692802673312, 0.1926275984556553, 0.22914275231350556, 0.6146437089900669, 0.4819148893156689, 0.963051313627173, 0.08171827078605658, 0.09806475884160716, 0.05330074772256427], BATTLES: 295-188-216-393-276-255-373-330-267-
38, 13, -2626.0, [0.26758586937192597, 0.4238576889388733, 0.06326135988449877, 0.06844020684469758, 0.5895781799962037, 0.9318482131111752, 0.9774563533880906, 0.07829689614185711, 0.3893267590303736, 0.529001235537969, 0.3783373514240924, 0.05853262038186195, 0.005729094929531279, 0.1456538349610519, 0.42574371051827703, 0.6612902207938269, 0.45828357843479584, 0.9803041428041053, 0.058592575572890535, 0.19917502480326704, 0.1000719498591815], BATTLES: 303-189-234-407-300-314-309-264-299-
38, 14, -2645.0, [0.32848948462940974, 0.7286568309072425, 0.11318605467268895, 0.03196155523362035, 0.6440542812597249, 0.990459137576091, 0.9587348056058921, 0.07057206895243384, 0.33644628360075274, 0.550559687366341, 0.012475579915727807, 0.04203276669145552, 0.1620459117268394, 0.16412943176520975, 0.30239728651568537, 0.6755038847489101, 0.6794552194021903, 0.9981591941654173, 0.13013849700211141, 0.027893387521981387, 0.15259500723696878], BATTLES: 300-188-242-395-307-289-361-281-282-
39, 0, -2734.0, [0.30054197142384464, 0.5797703731090512, 0.09871101806491867, 0.07969189405728672, 0.6214208581815047, 0.959770086335556, 0.9984999574205077, 0.051553355999606934, 0.3654379781007063, 0.5546510828519664, 0.026494581099566386, 0.028535769978969353, 0.1634907628741295, 0.1588679897041409, 0.15467797496651364, 0.38220130866563334, 0.41072438334882755, 0.9880225598666936, 0.03259191056476597, 0.00906749249050677, 0.18381906634179743], BATTLES: 290-194-225-384-302-331-389-309-310-
39, 1, -2669.0, [0.33657418766524067, 0.6566859946188395, 0.0971846171244759, 0.11352450548251097, 0.5909674192474652, 0.9054427451702755, 0.9877302432918547, 0.07313182235567932, 0.4188962515911337, 0.6055457970189868, 0.3087590599125477, 0.034387225354154005, 0.06715014794767532, 0.20916264649496097, 0.3500496265445613, 0.6766323049780962, 0.3061597525533799, 0.9576460453388781, 0.0006863802000486446, 0.13360241870437845, 0.12348692491188606], BATTLES: 288-209-233-392-309-300-358-280-300-
39, 2, -2626.0, [0.20852740874841913, 0.5779030778227185, 0.0724330550402742, 0.049600930856998994, 0.6117202307993944, 0.934835458137535, 0.9874577265116884, 0.0831015933532793, 0.30486703973140616, 0.5278681461703848, 0.01111071505165094, 0.08163143156246169, 0.1791648952345266, 0.1582811026575176, 0.21660690855935938, 0.4251296510213379, 0.5435936739918195, 0.7999599176774218, 0.11647993641824766, 0.15228843639841708, 0.04610120503999227], BATTLES: 260-194-252-386-289-292-312-221-302-
39, 3, -2787.0, [0.3532322319962672, 0.6579883501251632, 0.10827257431647563, 0.05283219893683156, 0.5989046921054763, 0.8786199895013083, 0.9498515463367719, 0.07354990549003912, 0.4657396561139117, 0.5265041870978493, 0.1446365689521211, 0.0672410296601473, 0.14993847349818856, 0.19834882687738847, 0.0674159030056229, 0.3011061529873123, 0.4491891111773428, 0.5777713683310726, 0.040090426529057845, 0.17194601388733002, 0.20294458131120746], BATTLES: 315-221-248-400-319-315-372-303-294-
39, 4, -2541.0, [0.3159685190518893, 0.46327751538440143, 0.13398697678200644, 0.08641559701419836, 0.6195481382407879, 0.9624846947045975, 0.9979648092706422, 0.058910738611708584, 0.3078385441761833, 0.4338122585974199, 0.0658139819642024, 0.005025597757746199, 0.19274470240914804, 0.19460054085512202, 0.28202798338593815, 0.7372042696146509, 0.40608939313776976, 0.8922272234210472, 0.23837174273433137, 0.13762387518076796, 0.1822304398603262], BATTLES: 277-209-223-359-301-304-293-259-277-
39, 5, -2648.0, [0.3976562333771866, 0.6925891207177964, 0.1422616670158679, 0.07440380241049982, 0.7023655472759567, 0.9725549277264988, 0.972480722362874, 0.07394779886674127, 0.18702742788571844, 0.6273798918536642, 0.17378029217043972, 0.06697194575592422, 0.22665827576130543, 0.16468990991778992, 0.07256320447114234, 0.7245163841435478, 0.3157718086034352, 0.9849305276189585, 0.11252979357653779, 0.23396206422157784, 0.09614162771048657], BATTLES: 293-184-218-385-295-290-365-307-289-
39, 6, -2664.0, [0.27539011295316335, 0.615610350432664, 0.06574427637401087, 0.12290022892528983, 0.6643291698582731, 0.9248491948862239, 0.9940109574866668, 0.06793315263289972, 0.35449200100859246, 0.44186235862719825, 0.09361748827552192, 0.007586803299551248, 0.179564113183874, 0.1422533298326898, 0.21774607426182205, 0.6594024754445533, 0.5027500112443525, 0.8876952733443972, 0.0380246901785674, 0.09727817435841606, 0.09353022402163777], BATTLES: 286-206-251-394-295-312-344-243-311-
39, 7, -2655.0, [0.3292150417957288, 0.6325096108663856, 0.12418746887994789, 0.046210315066848126, 0.7095454843364205, 0.8577545102853711, 0.9867551405191443, 0.07651154905587303, 0.23949563476426103, 0.5506090229986492, 0.12797435534955776, 0.010295534804528283, 0.2067010732863588, 0.19353267646039346, 0.319488081528951, 0.5390958937074423, 0.26629806229155795, 0.9844179476209013, 0.12434756143686014, 0.2413746078669633, 0.14899061019149548], BATTLES: 288-206-230-380-304-285-354-326-282-
39, 8, -2588.0, [0.1939012736864924, 0.782263632593704, 0.09841769799416678, 0.07290759598006885, 0.5889808625362604, 0.9660541879663268, 0.9753587407395728, 0.09353463790968061, 0.3150306689576938, 0.491213766858137, 0.20429293453408914, 0.020055644214624753, 0.287020152996, 0.2011429660138304, 0.41281117441861, 0.665524911158576, 0.4686737955330761, 0.9448081033657603, 0.13738796433215575, 0.15792222278456267, 0.06742689160042596], BATTLES: 281-185-271-374-269-329-328-226-325-
39, 9, -2597.0, [0.28286390589575133, 0.6515847302940633, 0.11623119725237674, 0.11655379182944496, 0.6423435757918704, 0.9999400623607728, 0.9602489560328576, 0.031162002781356852, 0.2022248576347766, 0.6756639895612423, 0.04064813996349061, 0.15257399285068388, 0.32618109780954985, 0.2410850983831292, 0.028867719892173224, 0.7553520572989019, 0.867087889113696, 0.945908526105715, 0.14034415773779413, 0.18396682410157017, 0.0925727389212837], BATTLES: 290-204-242-358-287-310-319-274-313-
39, 10, -2663.0, [0.30880027958229983, 0.49409794841370763, 0.11200966211149684, 0.010371160933979568, 0.6720741523385519, 0.9561221985849316, 0.9923791365606873, 0.05703373429048964, 0.3446914247042761, 0.4882819439726416, 0.08807398779718374, 0.0030707424305998323, 0.073483649126275, 0.25482238671297863, 0.4235049346899201, 0.5384801046740425, 0.4232256014813091, 0.8882531954189932, 0.09156606790125968, 0.10558866839267836, 0.005562769584059157], BATTLES: 281-196-215-378-282-288-345-307-257-
39, 11, -2652.0, [0.19728922737439789, 0.7140863511597239, 0.09358526616672637, 0.06035502075514025, 0.6708570364088374, 0.8943815880455186, 0.9712788476428013, 0.08444756224176098, 0.3384597425601261, 0.6903909127658338, 0.01119443721661155, 0.03794911015325077, 0.28605217912350916, 0.2883224039514539, 0.42062342322111984, 0.42281647272297657, 0.19898725112441762, 0.7785751977056047, 0.0034216491090021534, 0.015502950106400681, 0.11841770221263206], BATTLES: 296-207-269-379-301-315-319-253-313-
39, 12, -2551.0, [0.43223119462310305, 0.6212550805206547, 0.13757118558237014, 0.015079915485229665, 0.6868842468215789, 0.9491199232498069, 0.9698571752547454, 0.0546155286479403, 0.24595508901056418, 0.5801923280971528, 0.03908210371904661, 0.09811366371204933, 0.11822692802673312, 0.1926275984556553, 0.22914275231350556, 0.838668605774201, 0.4819148893156689, 0.9815256568135865, 0.08171827078605658, 0.09806475884160716, 0.05330074772256427], BATTLES: 282-180-208-362-273-264-378-330-264-
39, 13, -2628.0, [0.24773407248578683, 0.4238576889388733, 0.06326135988449877, 0.06844020684469758, 0.5895781799962037, 0.9738972457576389, 0.9667245511890215, 0.04890009999794327, 0.27263621278477035, 0.529001235537969, 0.3783373514240924, 0.05853262038186195, 0.005729094929531279, 0.20517180978956592, 0.42574371051827703, 0.8949515782115947, 0.7132440997595715, 0.9901520714020526, 0.058592575572890535, 0.08317761864708582, 0.09539488878055534], BATTLES: 267-217-272-378-296-319-341-215-297-
39, 14, -2710.0, [0.32848948462940974, 0.7286568309072425, 0.11318605467268895, 0.03196155523362035, 0.6440542812597249, 0.990459137576091, 0.9587348056058921, 0.07057206895243384, 0.33644628360075274, 0.550559687366341, 0.012475579915727807, 0.04203276669145552, 0.1620459117268394, 0.16412943176520975, 0.30239728651568537, 0.6755038847489101, 0.6794552194021903, 0.9981591941654173, 0.13013849700211141, 0.027893387521981387, 0.15259500723696878], BATTLES: 315-211-247-391-288-298-383-277-300-
40, 0, -2700.0, [0.30054197142384464, 0.5797703731090512, 0.09871101806491867, 0.07969189405728672, 0.6214208581815047, 0.959770086335556, 0.9984999574205077, 0.051553355999606934, 0.3654379781007063, 0.5546510828519664, 0.026494581099566386, 0.028535769978969353, 0.1634907628741295, 0.1588679897041409, 0.15467797496651364, 0.38220130866563334, 0.41072438334882755, 0.9880225598666936, 0.03259191056476597, 0.00906749249050677, 0.18381906634179743], BATTLES: 308-188-249-393-280-319-357-307-299-
40, 1, -2627.0, [0.33657418766524067, 0.6566859946188395, 0.12122418008266415, 0.11352450548251097, 0.5909674192474652, 0.9098616981962278, 0.984871445227737, 0.07313182235567932, 0.4188962515911337, 0.6055457970189868, 0.16563645692715312, 0.034387225354154005, 0.06715014794767532, 0.20916264649496097, 0.3500496265445613, 0.6766323049780962, 0.33399123085283716, 0.9576460453388781, 0.0006863802000486446, 0.13360241870437845, 0.12348692491188606], BATTLES: 277-198-247-376-279-284-339-286-293-
40, 2, -2643.0, [0.20852740874841913, 0.5779030778227185, 0.0724330550402742, 0.049600930856998994, 0.6117202307993944, 0.934835458137535, 0.9874577265116884, 0.0831015933532793, 0.30486703973140616, 0.5278681461703848, 0.01111071505165094, 0.08163143156246169, 0.1791648952345266, 0.1582811026575176, 0.21660690855935938, 0.4251296510213379, 0.5435936739918195, 0.7999599176774218, 0.11647993641824766, 0.15228843639841708, 0.04610120503999227], BATTLES: 301-198-252-396-302-308-318-238-330-
40, 3, -2620.0, [0.3532322319962672, 0.6579883501251632, 0.10827257431647563, 0.05283219893683156, 0.5989046921054763, 0.8786199895013083, 0.9498515463367719, 0.07354990549003912, 0.4657396561139117, 0.5265041870978493, 0.1446365689521211, 0.0672410296601473, 0.14993847349818856, 0.19834882687738847, 0.0674159030056229, 0.3011061529873123, 0.4491891111773428, 0.5777713683310726, 0.040090426529057845, 0.17194601388733002, 0.20294458131120746], BATTLES: 276-197-246-383-280-290-333-314-301-
40, 4, -2554.0, [0.3159685190518893, 0.46327751538440143, 0.13398697678200644, 0.08641559701419836, 0.6195481382407879, 0.9624846947045975, 0.9979648092706422, 0.058910738611708584, 0.3078385441761833, 0.4338122585974199, 0.0658139819642024, 0.005025597757746199, 0.19274470240914804, 0.19460054085512202, 0.28202798338593815, 0.7372042696146509, 0.40608939313776976, 0.8922272234210472, 0.23837174273433137, 0.13762387518076796, 0.1822304398603262], BATTLES: 300-192-230-394-293-306-294-254-291-
40, 5, -2635.0, [0.394585439277485, 0.7210194794327434, 0.1422616670158679, 0.07440380241049982, 0.7023655472759567, 0.9725549277264988, 0.972480722362874, 0.07394779886674127, 0.32229330211719776, 0.6273798918536642, 0.14690736983303912, 0.11315244394308642, 0.22665827576130543, 0.16468990991778992, 0.03628160223557117, 0.7245163841435478, 0.3157718086034352, 0.8505697827996326, 0.11252979357653779, 0.23396206422157784, 0.07707357666201695], BATTLES: 286-177-214-398-265-306-359-326-283-
40, 6, -2638.0, [0.27539011295316335, 0.615610350432664, 0.06574427637401087, 0.12290022892528983, 0.6643291698582731, 0.9248491948862239, 0.9940109574866668, 0.06793315263289972, 0.35449200100859246, 0.44186235862719825, 0.09361748827552192, 0.007586803299551248, 0.179564113183874, 0.1422533298326898, 0.21774607426182205, 0.6594024754445533, 0.5027500112443525, 0.8876952733443972, 0.0380246901785674, 0.09727817435841606, 0.09353022402163777], BATTLES: 292-198-259-378-279-318-331-290-293-
40, 7, -2670.0, [0.3292150417957288, 0.6325096108663856, 0.12418746887994789, 0.046210315066848126, 0.7095454843364205, 0.8577545102853711, 0.9867551405191443, 0.07651154905587303, 0.23949563476426103, 0.5506090229986492, 0.12797435534955776, 0.010295534804528283, 0.2067010732863588, 0.19353267646039346, 0.319488081528951, 0.5390958937074423, 0.26629806229155795, 0.9844179476209013, 0.12434756143686014, 0.2413746078669633, 0.14899061019149548], BATTLES: 295-203-231-378-293-310-356-333-271-
40, 8, -2643.0, [0.1939012736864924, 0.6560554930688076, 0.09841769799416678, 0.036453797990034426, 0.5912379203267695, 0.9660541879663268, 0.9753587407395728, 0.09353463790968061, 0.2868501754767228, 0.4452419879153362, 0.20429293453408914, 0.00316761293842123, 0.27302003915603956, 0.18790772561543592, 0.41281117441861, 0.8610644324937224, 0.9087465319647666, 0.8571881787951852, 0.1437147149837826, 0.1559921469931057, 0.0975549045614788], BATTLES: 295-193-272-389-293-296-310-244-313-
40, 9, -2670.0, [0.28286390589575133, 0.6515847302940633, 0.11623119725237674, 0.05827689591472248, 0.48873186075736763, 0.9748834501560144, 0.9801244780164289, 0.015581001390678426, 0.2022248576347766, 0.6756639895612423, 0.013132183821981221, 0.07628699642534194, 0.32618109780954985, 0.1004123499331952, 0.028867719892173224, 0.7520081197043145, 0.867087889113696, 0.9729542630528575, 0.07017207886889706, 0.09198341205078508, 0.1286295056435469], BATTLES: 296-198-247-381-304-307-318-251-298-
40, 10, -2644.0, [0.30880027958229983, 0.49409794841370763, 0.11200966211149684, 0.010371160933979568, 0.6720741523385519, 0.9561221985849316, 0.9923791365606873, 0.05703373429048964, 0.3446914247042761, 0.4882819439726416, 0.08807398779718374, 0.0030707424305998323, 0.073483649126275, 0.25482238671297863, 0.4235049346899201, 0.5384801046740425, 0.4232256014813091, 0.8882531954189932, 0.09156606790125968, 0.10558866839267836, 0.005562769584059157], BATTLES: 297-198-238-386-307-303-328-292-295-
40, 11, -2662.0, [0.19728922737439789, 0.7140863511597239, 0.09358526616672637, 0.06035502075514025, 0.6708570364088374, 0.8943815880455186, 0.9712788476428013, 0.08444756224176098, 0.3384597425601261, 0.6903909127658338, 0.01119443721661155, 0.03794911015325077, 0.28605217912350916, 0.2883224039514539, 0.42062342322111984, 0.42281647272297657, 0.19898725112441762, 0.7785751977056047, 0.0034216491090021534, 0.015502950106400681, 0.11841770221263206], BATTLES: 310-224-291-361-283-329-304-249-311-
40, 12, -2560.0, [0.43223119462310305, 0.6212550805206547, 0.13757118558237014, 0.015079915485229665, 0.6868842468215789, 0.9491199232498069, 0.9698571752547454, 0.0546155286479403, 0.24595508901056418, 0.5801923280971528, 0.03908210371904661, 0.09811366371204933, 0.11822692802673312, 0.1926275984556553, 0.22914275231350556, 0.838668605774201, 0.4819148893156689, 0.9815256568135865, 0.08171827078605658, 0.09806475884160716, 0.05330074772256427], BATTLES: 280-199-199-359-254-277-388-332-272-
40, 13, -2653.0, [0.24773407248578683, 0.4238576889388733, 0.10482638900347128, 0.06844020684469758, 0.5895781799962037, 0.9738972457576389, 0.9627840334781491, 0.05719959052680536, 0.27263621278477035, 0.529001235537969, 0.3783373514240924, 0.09145712049528512, 0.005729094929531279, 0.20165834857087522, 0.42574371051827703, 0.5892832507528964, 0.7132440997595715, 0.9901520714020526, 0.058592575572890535, 0.08317761864708582, 0.09539488878055534], BATTLES: 285-201-269-359-295-325-343-238-283-
40, 14, -2698.0, [0.32848948462940974, 0.7286568309072425, 0.11318605467268895, 0.03196155523362035, 0.6440542812597249, 0.990459137576091, 0.9587348056058921, 0.07057206895243384, 0.33644628360075274, 0.550559687366341, 0.012475579915727807, 0.04203276669145552, 0.1620459117268394, 0.16412943176520975, 0.30239728651568537, 0.6755038847489101, 0.6794552194021903, 0.9981591941654173, 0.13013849700211141, 0.027893387521981387, 0.15259500723696878], BATTLES: 304-188-241-395-320-296-369-295-290-
41, 0, -2670.0, [0.30054197142384464, 0.5797703731090512, 0.09871101806491867, 0.07969189405728672, 0.6214208581815047, 0.959770086335556, 0.9984999574205077, 0.051553355999606934, 0.3654379781007063, 0.5546510828519664, 0.026494581099566386, 0.028535769978969353, 0.1634907628741295, 0.1588679897041409, 0.15467797496651364, 0.38220130866563334, 0.41072438334882755, 0.9880225598666936, 0.03259191056476597, 0.00906749249050677, 0.18381906634179743], BATTLES: 303-197-241-381-298-290-380-303-277-
41, 1, -2603.0, [0.33657418766524067, 0.6566859946188395, 0.12122418008266415, 0.11352450548251097, 0.5909674192474652, 0.9098616981962278, 0.984871445227737, 0.07313182235567932, 0.4188962515911337, 0.6055457970189868, 0.16563645692715312, 0.034387225354154005, 0.06715014794767532, 0.20916264649496097, 0.3500496265445613, 0.6766323049780962, 0.33399123085283716, 0.9576460453388781, 0.0006863802000486446, 0.13360241870437845, 0.12348692491188606], BATTLES: 280-203-216-382-268-286-350-306-312-
41, 2, -2627.0, [0.3205354728407943, 0.7411784164816315, 0.1310385097354878, 0.049600930856998994, 0.6117202307993944, 0.9368864305150181, 0.9874577265116884, 0.05756051680574809, 0.367576819234599, 0.5997520340055863, 0.00555535752582547, 0.027895615362067902, 0.21099056189484297, 0.20287182719273714, 0.12086397725632014, 0.4251296510213379, 0.5435936739918195, 0.9150301744029397, 0.01783514122274992, 0.007032890717984595, 0.15819967777034238], BATTLES: 276-198-265-394-289-285-314-228-296-
41, 3, -2623.0, [0.31872412921370563, 0.7388165348255836, 0.10827257431647563, 0.05283219893683156, 0.5989046921054763, 0.8786199895013083, 0.9498515463367719, 0.07738216041748752, 0.36567959852370924, 0.5265041870978493, 0.1446365689521211, 0.0672410296601473, 0.21475286904025362, 0.08533474611183063, 0.0674159030056229, 0.3011061529873123, 0.9687849598392804, 0.92894772661686, 0.040090426529057845, 0.17194601388733002, 0.19656664673427068], BATTLES: 284-179-209-377-304-298-340-330-293-
41, 4, -2543.0, [0.4066595301354777, 0.4583728987339334, 0.11796617759802142, 0.06952634766020156, 0.6269825247011137, 0.9056713809150573, 0.9822270003127659, 0.041679271934312416, 0.43911805976254414, 0.4338122585974199, 0.003437767855879535, 0.049579142527790436, 0.08791716169765892, 0.17032036431766823, 0.14101399169296908, 0.7372042696146509, 0.39673086291703036, 0.8922272234210472, 0.04736722112750859, 0.06544348485161851, 0.2686371759882564], BATTLES: 302-184-207-359-294-266-306-281-313-
41, 5, -2635.0, [0.394585439277485, 0.7210194794327434, 0.1422616670158679, 0.07440380241049982, 0.7023655472759567, 0.9725549277264988, 0.972480722362874, 0.07394779886674127, 0.32229330211719776, 0.6273798918536642, 0.14690736983303912, 0.11315244394308642, 0.22665827576130543, 0.16468990991778992, 0.03628160223557117, 0.7245163841435478, 0.3157718086034352, 0.8505697827996326, 0.11252979357653779, 0.23396206422157784, 0.07707357666201695], BATTLES: 307-192-229-375-300-292-329-314-297-
41, 6, -2629.0, [0.27539011295316335, 0.615610350432664, 0.06574427637401087, 0.12290022892528983, 0.6643291698582731, 0.9248491948862239, 0.9940109574866668, 0.06793315263289972, 0.35449200100859246, 0.44186235862719825, 0.09361748827552192, 0.007586803299551248, 0.179564113183874, 0.1422533298326898, 0.21774607426182205, 0.6594024754445533, 0.5027500112443525, 0.8876952733443972, 0.0380246901785674, 0.09727817435841606, 0.09353022402163777], BATTLES: 304-205-237-404-262-280-353-282-302-
41, 7, -2665.0, [0.3292150417957288, 0.6325096108663856, 0.12753948815981153, 0.046210315066848126, 0.6388131510586449, 0.8577545102853711, 0.9933775702595722, 0.06900169484609893, 0.28677311914806786, 0.5506090229986492, 0.12797435534955776, 0.06331445674395927, 0.2766998233112564, 0.19353267646039346, 0.16217734902152714, 0.5090000050196279, 0.5087625773279573, 0.9898337015038539, 0.12434756143686014, 0.2413746078669633, 0.14853141911604598], BATTLES: 330-212-205-392-300-275-359-311-277-
41, 8, -2658.0, [0.2220476549924727, 0.6560554930688076, 0.09841769799416678, 0.036453797990034426, 0.5506888045899174, 0.9660541879663268, 0.9753587407395728, 0.09353463790968061, 0.17026083841339418, 0.4452419879153362, 0.044390159116927494, 0.00316761293842123, 0.27302003915603956, 0.18790772561543592, 0.23551597465052587, 0.7108112010050177, 0.8911201892067017, 0.8571881787951852, 0.1437147149837826, 0.1559921469931057, 0.0975549045614788], BATTLES: 310-193-240-407-289-291-306-236-281-
41, 9, -2598.0, [0.31223812560871717, 0.6515847302940633, 0.11623119725237674, 0.05827689591472248, 0.48873186075736763, 0.8935819532475675, 0.9839991447822675, 0.03338933895751427, 0.2022248576347766, 0.4838096218135165, 0.013132183821981221, 0.07628699642534194, 0.32618109780954985, 0.1004123499331952, 0.028867719892173224, 0.7520081197043145, 0.57974273431832, 0.6935661076745098, 0.07017207886889706, 0.09198341205078508, 0.2397240110018823], BATTLES: 284-183-239-369-285-276-363-295-295-
41, 10, -2662.0, [0.30880027958229983, 0.49409794841370763, 0.11200966211149684, 0.010371160933979568, 0.6720741523385519, 0.9561221985849316, 0.9923791365606873, 0.05703373429048964, 0.3446914247042761, 0.4882819439726416, 0.08807398779718374, 0.0030707424305998323, 0.073483649126275, 0.25482238671297863, 0.4235049346899201, 0.5384801046740425, 0.4232256014813091, 0.8882531954189932, 0.09156606790125968, 0.10558866839267836, 0.005562769584059157], BATTLES: 293-198-237-388-313-297-357-289-290-
41, 11, -2643.0, [0.2148155824974982, 0.7721052579523655, 0.11746225047723889, 0.05285707906781034, 0.6708570364088374, 0.8943815880455186, 0.986170660521969, 0.07398179134580081, 0.3384597425601261, 0.5602840580944821, 0.01119443721661155, 0.018974555076625384, 0.28605217912350916, 0.23663477966754604, 0.2553200525252347, 0.5171571110239136, 0.5915026606995442, 0.7785751977056047, 0.07116783263054846, 0.007751475053200341, 0.11841770221263206], BATTLES: 303-203-250-385-301-305-310-267-307-
41, 12, -2656.0, [0.318046011444623, 0.6444408573036648, 0.12125763729982227, 0.015079915485229665, 0.6868842468215789, 0.9491199232498069, 0.9698571752547454, 0.0546155286479403, 0.24595508901056418, 0.5801923280971528, 0.009707380697479232, 0.09811366371204933, 0.11822692802673312, 0.12213281252159147, 0.22914275231350556, 0.7724202085478938, 0.4819148893156689, 0.9815256568135865, 0.0558113137011383, 0.09806475884160716, 0.05330074772256427], BATTLES: 271-177-195-408-281-237-384-344-262-
41, 13, -2619.0, [0.24773407248578683, 0.4238576889388733, 0.10482638900347128, 0.06844020684469758, 0.5895781799962037, 0.9738972457576389, 0.9627840334781491, 0.05719959052680536, 0.27263621278477035, 0.529001235537969, 0.3783373514240924, 0.09145712049528512, 0.005729094929531279, 0.20165834857087522, 0.42574371051827703, 0.5892832507528964, 0.7132440997595715, 0.9901520714020526, 0.058592575572890535, 0.08317761864708582, 0.09539488878055534], BATTLES: 284-199-248-388-304-308-321-265-302-
41, 14, -2683.0, [0.28225759955365465, 0.7377170790154847, 0.11318605467268895, 0.04526712715085164, 0.6440542812597249, 0.990459137576091, 0.9587348056058921, 0.08146415757480407, 0.33644628360075274, 0.5057951382443973, 0.0082384960335793, 0.06315753165047679, 0.1620459117268394, 0.16412943176520975, 0.21004670310516388, 0.6726735222924823, 0.7391172239606826, 0.9353586126691135, 0.12571870979864772, 0.027893387521981387, 0.1533949164149253], BATTLES: 293-207-210-379-295-283-390-309-277-
42, 0, -2660.0, [0.2749715533388011, 0.5797703731090512, 0.09907815671435465, 0.07969189405728672, 0.5922628026957973, 0.979885043167778, 0.9992499787102538, 0.04940689748699514, 0.35257052415620643, 0.5546510828519664, 0.013247290549783193, 0.028535769978969353, 0.16605211673907708, 0.1588679897041409, 0.30096366898178484, 0.34299280149992417, 0.5910956247318075, 0.9940112799333468, 0.016295955282382986, 0.004533746245253385, 0.18381906634179743], BATTLES: 261-188-232-401-301-298-371-308-278-
42, 1, -2611.0, [0.33657418766524067, 0.6566859946188395, 0.12122418008266415, 0.11352450548251097, 0.5909674192474652, 0.9098616981962278, 0.984871445227737, 0.07313182235567932, 0.4188962515911337, 0.6055457970189868, 0.16563645692715312, 0.034387225354154005, 0.06715014794767532, 0.20916264649496097, 0.3500496265445613, 0.6766323049780962, 0.33399123085283716, 0.9576460453388781, 0.0006863802000486446, 0.13360241870437845, 0.12348692491188606], BATTLES: 311-180-220-397-291-281-337-304-290-
42, 2, -2632.0, [0.2785509045629873, 0.7411784164816315, 0.116538866798941, 0.048901316071118, 0.6150560462692389, 0.9368864305150181, 0.9835163998360625, 0.04842862329112027, 0.31769858176826293, 0.49142252565303074, 0.002777678762912735, 0.07730234236725511, 0.1194704038344764, 0.11719488775094844, 0.05708780074117817, 0.5532797138005404, 0.5992886650343126, 0.9575150872014698, 0.019289481776411294, 0.007032890717984595, 0.11103725352500068], BATTLES: 276-192-221-386-282-282-367-311-294-
42, 3, -2617.0, [0.27813270500051596, 0.7388165348255836, 0.11652641528942934, 0.05283219893683156, 0.5229922425868908, 0.89419842634443, 0.997680860352581, 0.007489720589781278, 0.23631212350035138, 0.5265041870978493, 0.07231828447606055, 0.03362051483007365, 0.3689498763488095, 0.11916225376979363, 0.04733365952837812, 0.3011061529873123, 0.9687849598392804, 0.92894772661686, 0.040090426529057845, 0.08597300694366501, 0.19656664673427068], BATTLES: 310-190-219-385-283-275-359-299-297-
42, 4, -2584.0, [0.273331546247345, 0.6889004045940141, 0.11796617759802142, 0.0601075908514115, 0.48343347261605707, 0.9988460554922428, 0.9822270003127659, 0.05017545220322786, 0.2704293456788993, 0.4338122585974199, 0.0017188839279397676, 0.049579142527790436, 0.23747902969236684, 0.08441882854825208, 0.14101399169296908, 0.7372042696146509, 0.9033572522513497, 0.8168620685897656, 0.10925663759517057, 0.032721742425809254, 0.2686371759882564], BATTLES: 289-188-189-385-292-249-384-335-262-
42, 5, -2574.0, [0.2951050603785539, 0.7210194794327434, 0.1422616670158679, 0.04811472749320515, 0.7023655472759567, 0.9725549277264988, 0.986240361181437, 0.019970720309519407, 0.32229330211719776, 0.504518635462349, 0.14690736983303912, 0.11315244394308642, 0.3664245390403922, 0.16468990991778992, 0.14876789785480934, 0.7245163841435478, 0.3157718086034352, 0.8505697827996326, 0.05200062423395592, 0.23396206422157784, 0.07707357666201695], BATTLES: 278-183-196-369-303-296-334-301-310-
42, 6, -2674.0, [0.27539011295316335, 0.44345759216166947, 0.08697171617264217, 0.12290022892528983, 0.6305985991068014, 0.8968059152657908, 0.9940109574866668, 0.04247352132222864, 0.35449200100859246, 0.43963612968749927, 0.05078751818304128, 0.007586803299551248, 0.12883778997474524, 0.1422533298326898, 0.09152291626449954, 0.5382128105246269, 0.2920044880372026, 0.8845434063450063, 0.0190123450892837, 0.06878853636111959, 0.09353022402163777], BATTLES: 284-208-230-404-291-289-340-256-299-
42, 7, -2610.0, [0.3292150417957288, 0.6325096108663856, 0.12753948815981153, 0.046210315066848126, 0.6388131510586449, 0.8577545102853711, 0.9933775702595722, 0.06900169484609893, 0.28677311914806786, 0.5506090229986492, 0.12797435534955776, 0.06331445674395927, 0.2766998233112564, 0.19353267646039346, 0.16217734902152714, 0.5090000050196279, 0.5087625773279573, 0.9898337015038539, 0.12434756143686014, 0.2413746078669633, 0.14853141911604598], BATTLES: 313-170-224-376-320-271-345-300-291-
42, 8, -2683.0, [0.2220476549924727, 0.6560554930688076, 0.09841769799416678, 0.036453797990034426, 0.5506888045899174, 0.9660541879663268, 0.9753587407395728, 0.09353463790968061, 0.17026083841339418, 0.4452419879153362, 0.044390159116927494, 0.00316761293842123, 0.27302003915603956, 0.18790772561543592, 0.23551597465052587, 0.7108112010050177, 0.8911201892067017, 0.8571881787951852, 0.1437147149837826, 0.1559921469931057, 0.0975549045614788], BATTLES: 321-207-292-382-275-296-344-272-294-
42, 9, -2598.0, [0.31223812560871717, 0.6515847302940633, 0.11623119725237674, 0.05827689591472248, 0.48873186075736763, 0.8935819532475675, 0.9839991447822675, 0.03338933895751427, 0.2022248576347766, 0.4838096218135165, 0.013132183821981221, 0.07628699642534194, 0.32618109780954985, 0.1004123499331952, 0.028867719892173224, 0.7520081197043145, 0.57974273431832, 0.6935661076745098, 0.07017207886889706, 0.09198341205078508, 0.2397240110018823], BATTLES: 284-199-194-376-265-259-402-345-274-
42, 10, -2697.0, [0.30880027958229983, 0.49409794841370763, 0.11200966211149684, 0.010371160933979568, 0.6720741523385519, 0.9561221985849316, 0.9923791365606873, 0.05703373429048964, 0.3446914247042761, 0.4882819439726416, 0.08807398779718374, 0.0030707424305998323, 0.073483649126275, 0.25482238671297863, 0.4235049346899201, 0.5384801046740425, 0.4232256014813091, 0.8882531954189932, 0.09156606790125968, 0.10558866839267836, 0.005562769584059157], BATTLES: 293-213-244-396-317-291-359-301-283-
42, 11, -2594.0, [0.1925429105095371, 0.6228749348674958, 0.1039145388206657, 0.014007010623939421, 0.6708570364088374, 0.9918239960773041, 0.986170660521969, 0.07241527259502434, 0.3384597425601261, 0.5602840580944821, 0.01119443721661155, 0.018974555076625384, 0.3504790220211001, 0.16005606170314873, 0.08891329830662117, 0.5171571110239136, 0.9040780678501181, 0.7785751977056047, 0.07116783263054846, 0.026084380035716725, 0.11841770221263206], BATTLES: 300-212-217-372-276-309-321-280-304-
42, 12, -2642.0, [0.318046011444623, 0.579403929001379, 0.12125763729982227, 0.007539957742614832, 0.6868842468215789, 0.9745599616249034, 0.9752819459446089, 0.07545232951732854, 0.24595508901056418, 0.4484757004142558, 0.004853690348739616, 0.09811366371204933, 0.11822692802673312, 0.12213281252159147, 0.22914275231350556, 0.7724202085478938, 0.4819148893156689, 0.9815256568135865, 0.12131837897126499, 0.04903237942080358, 0.004541262611579111], BATTLES: 299-205-213-384-272-265-378-314-288-
42, 13, -2670.0, [0.24773407248578683, 0.4238576889388733, 0.1036164595594873, 0.048168620997885436, 0.5895781799962037, 0.9738972457576389, 0.9674014167534258, 0.05719959052680536, 0.27263621278477035, 0.529001235537969, 0.3783373514240924, 0.09145712049528512, 0.005729094929531279, 0.20193426503999964, 0.42574371051827703, 0.5892832507528964, 0.7132440997595715, 0.9901520714020526, 0.058592575572890535, 0.04158880932354291, 0.14612379702114672], BATTLES: 278-195-257-393-309-283-338-272-294-
42, 14, -2603.0, [0.28225759955365465, 0.7377170790154847, 0.11318605467268895, 0.04526712715085164, 0.6440542812597249, 0.990459137576091, 0.9587348056058921, 0.08146415757480407, 0.33644628360075274, 0.5057951382443973, 0.0082384960335793, 0.06315753165047679, 0.1620459117268394, 0.16412943176520975, 0.21004670310516388, 0.6726735222924823, 0.7391172239606826, 0.9353586126691135, 0.12571870979864772, 0.027893387521981387, 0.1533949164149253], BATTLES: 287-198-277-372-291-272-325-301-280-
43, 0, -2716.0, [0.2749715533388011, 0.5797703731090512, 0.09907815671435465, 0.07969189405728672, 0.5922628026957973, 0.979885043167778, 0.9992499787102538, 0.04940689748699514, 0.35257052415620643, 0.5546510828519664, 0.013247290549783193, 0.028535769978969353, 0.16605211673907708, 0.1588679897041409, 0.30096366898178484, 0.34299280149992417, 0.5910956247318075, 0.9940112799333468, 0.016295955282382986, 0.004533746245253385, 0.18381906634179743], BATTLES: 295-183-253-403-316-309-344-298-315-
43, 1, -2614.0, [0.33657418766524067, 0.6566859946188395, 0.12122418008266415, 0.11352450548251097, 0.5909674192474652, 0.9098616981962278, 0.984871445227737, 0.07313182235567932, 0.4188962515911337, 0.6055457970189868, 0.16563645692715312, 0.034387225354154005, 0.06715014794767532, 0.20916264649496097, 0.3500496265445613, 0.6766323049780962, 0.33399123085283716, 0.9576460453388781, 0.0006863802000486446, 0.13360241870437845, 0.12348692491188606], BATTLES: 291-201-244-373-304-293-327-288-293-
43, 2, -2699.0, [0.2785509045629873, 0.7411784164816315, 0.116538866798941, 0.048901316071118, 0.6150560462692389, 0.9368864305150181, 0.9835163998360625, 0.04842862329112027, 0.31769858176826293, 0.49142252565303074, 0.002777678762912735, 0.07730234236725511, 0.1194704038344764, 0.11719488775094844, 0.05708780074117817, 0.5532797138005404, 0.5992886650343126, 0.9575150872014698, 0.019289481776411294, 0.007032890717984595, 0.11103725352500068], BATTLES: 303-203-262-372-295-301-381-294-288-
43, 3, -2651.0, [0.27813270500051596, 0.6109781936176839, 0.11045976120807376, 0.05283219893683156, 0.5229922425868908, 0.89419842634443, 0.9988404301762905, 0.04159898038429484, 0.23631212350035138, 0.5265041870978493, 0.11543023816802309, 0.03362051483007365, 0.1353459867676142, 0.19363386340712502, 0.04733365952837812, 0.3061798571826186, 0.9687849598392804, 0.9604378288183092, 0.005481525892074554, 0.08597300694366501, 0.19656664673427068], BATTLES: 291-207-210-391-275-272-372-306-273-
43, 4, -2589.0, [0.24915447122179335, 0.6533894036152021, 0.10210679199472335, 0.0601075908514115, 0.4986186954606297, 0.9988460554922428, 0.9761875858530485, 0.05017545220322786, 0.2554220717275024, 0.4318399150657093, 0.0008594419639698838, 0.07251319475928208, 0.11481248683677217, 0.08441882854825208, 0.2178380174306801, 0.7415392992589104, 0.934600796875031, 0.8805517997668245, 0.06867426453781983, 0.016360871212904627, 0.2686371759882564], BATTLES: 277-183-233-387-252-263-352-277-271-
43, 5, -2620.0, [0.2951050603785539, 0.7210194794327434, 0.1422616670158679, 0.04811472749320515, 0.7023655472759567, 0.9725549277264988, 0.986240361181437, 0.019970720309519407, 0.32229330211719776, 0.504518635462349, 0.14690736983303912, 0.11315244394308642, 0.3664245390403922, 0.16468990991778992, 0.14876789785480934, 0.7245163841435478, 0.3157718086034352, 0.8505697827996326, 0.05200062423395592, 0.23396206422157784, 0.07707357666201695], BATTLES: 302-197-207-371-316-299-301-316-311-
43, 6, -2672.0, [0.27539011295316335, 0.44345759216166947, 0.08697171617264217, 0.12290022892528983, 0.6305985991068014, 0.8968059152657908, 0.9940109574866668, 0.04247352132222864, 0.35449200100859246, 0.43963612968749927, 0.05078751818304128, 0.007586803299551248, 0.12883778997474524, 0.1422533298326898, 0.09152291626449954, 0.5382128105246269, 0.2920044880372026, 0.8845434063450063, 0.0190123450892837, 0.06878853636111959, 0.09353022402163777], BATTLES: 297-193-256-396-283-300-357-290-300-
43, 7, -2632.0, [0.3292150417957288, 0.6325096108663856, 0.12753948815981153, 0.046210315066848126, 0.6388131510586449, 0.8916777728872531, 0.9966887851297861, 0.06900169484609893, 0.37698832309785135, 0.5506090229986492, 0.12797435534955776, 0.03165722837197964, 0.11930698690978392, 0.19353267646039346, 0.3932442613623145, 0.5090000050196279, 0.5087625773279573, 0.9666683586049708, 0.12434756143686014, 0.2413746078669633, 0.14853141911604598], BATTLES: 271-204-228-388-297-281-341-318-286-
43, 8, -2665.0, [0.2220476549924727, 0.6560554930688076, 0.09841769799416678, 0.036453797990034426, 0.5506888045899174, 0.9660541879663268, 0.9753587407395728, 0.09353463790968061, 0.17026083841339418, 0.4452419879153362, 0.044390159116927494, 0.00316761293842123, 0.27302003915603956, 0.18790772561543592, 0.23551597465052587, 0.7108112010050177, 0.8911201892067017, 0.8571881787951852, 0.1437147149837826, 0.1559921469931057, 0.0975549045614788], BATTLES: 312-205-242-418-289-304-332-281-282-
43, 9, -2613.0, [0.31223812560871717, 0.6515847302940633, 0.11623119725237674, 0.05827689591472248, 0.48873186075736763, 0.8935819532475675, 0.9839991447822675, 0.03338933895751427, 0.2022248576347766, 0.4838096218135165, 0.013132183821981221, 0.07628699642534194, 0.32618109780954985, 0.1004123499331952, 0.028867719892173224, 0.7520081197043145, 0.57974273431832, 0.6935661076745098, 0.07017207886889706, 0.09198341205078508, 0.2397240110018823], BATTLES: 284-190-213-380-286-279-387-338-256-
43, 10, -2686.0, [0.30880027958229983, 0.6038103524624205, 0.11200966211149684, 0.020789568407358565, 0.6720741523385519, 0.9780610992924659, 0.9961895682803437, 0.048705762512563686, 0.3446914247042761, 0.45657321549393975, 0.08807398779718374, 0.0030707424305998323, 0.073483649126275, 0.25482238671297863, 0.4235049346899201, 0.5384801046740425, 0.4232256014813091, 0.9441265977094966, 0.12280341749058654, 0.10558866839267836, 0.0027813847920295787], BATTLES: 295-192-258-414-295-283-350-274-289-
43, 11, -2633.0, [0.1925429105095371, 0.48864378405094017, 0.1039145388206657, 0.014007010623939421, 0.5086856241222418, 0.9918239960773041, 0.9930853302609846, 0.03620763629751217, 0.3384597425601261, 0.3686104586521691, 0.01119443721661155, 0.018974555076625384, 0.3504790220211001, 0.12503275563069577, 0.2817426407497688, 0.5171571110239136, 0.9040780678501181, 0.9741345202065927, 0.07116783263054846, 0.026084380035716725, 0.11841770221263206], BATTLES: 312-218-260-388-294-313-303-239-297-
43, 12, -2609.0, [0.318046011444623, 0.5304059055505165, 0.12125763729982227, 0.008346092380185419, 0.6727461343177976, 0.9856854415910441, 0.9752819459446089, 0.075168602095433, 0.3336341721987599, 0.45759841038125315, 0.04368983716309883, 0.018255675362370903, 0.11822692802673312, 0.12213281252159147, 0.2539612183374308, 0.5481331016833244, 0.4819148893156689, 0.8457150537009013, 0.11471827790689754, 0.041960830266984155, 0.004541262611579111], BATTLES: 304-205-222-396-264-286-351-320-260-
43, 13, -2684.0, [0.24773407248578683, 0.4238576889388733, 0.1036164595594873, 0.048168620997885436, 0.5895781799962037, 0.9738972457576389, 0.9674014167534258, 0.05719959052680536, 0.27263621278477035, 0.529001235537969, 0.3783373514240924, 0.09145712049528512, 0.005729094929531279, 0.20193426503999964, 0.42574371051827703, 0.5892832507528964, 0.7132440997595715, 0.9901520714020526, 0.058592575572890535, 0.04158880932354291, 0.14612379702114672], BATTLES: 315-191-256-382-327-289-328-291-305-
43, 14, -2689.0, [0.28225759955365465, 0.7377170790154847, 0.11318605467268895, 0.04526712715085164, 0.6440542812597249, 0.990459137576091, 0.9587348056058921, 0.08146415757480407, 0.33644628360075274, 0.5057951382443973, 0.0082384960335793, 0.06315753165047679, 0.1620459117268394, 0.16412943176520975, 0.21004670310516388, 0.6726735222924823, 0.7391172239606826, 0.9353586126691135, 0.12571870979864772, 0.027893387521981387, 0.1533949164149253], BATTLES: 292-217-252-394-285-290-372-275-312-
